network,product,method,reference,lead_min,n_forecasts,CRPS,ROC_area,rel_prob,rel_freq,rank_hist,ensmean_CSI_1,ensmean_MAE,ensmean_RMSE,ensmean_corr
openrainer,radar,steps,own,15,143,0.3289,0.9531,"[0.0012140220493677047, 0.16666666666666666, 0.25, 0.33333333333333326, 0.4166666666666669, 0.5428565724325186, 0.6666666666666667, 0.75, 0.8333333333333335, 0.985346126826105]","[0.010268240160455458, 0.23396573229173506, 0.28267863189976294, 0.3409690799396682, 0.39255714006641923, 0.48001916626736946, 0.5873443285089196, 0.659538188277087, 0.7420332197154141, 0.9284389016650355]","[0.13257620628086642, 0.07828575982287277, 0.06632364058505402, 0.06555043194148598, 0.06494952605971582, 0.06363356371648442, 0.06411170388047358, 0.06253513361002286, 0.0613290142774376, 0.06166069709389854, 0.06135701347622976, 0.06422585446016468, 0.15346145479529355]",0.7354,0.4383,1.8799,0.8165
openrainer,radar,steps,radar,15,143,0.3289,0.9531,"[0.0012140220493677047, 0.16666666666666666, 0.25, 0.33333333333333326, 0.4166666666666669, 0.5428565724325186, 0.6666666666666667, 0.75, 0.8333333333333335, 0.985346126826105]","[0.010268240160455458, 0.23396573229173506, 0.28267863189976294, 0.3409690799396682, 0.39255714006641923, 0.48001916626736946, 0.5873443285089196, 0.659538188277087, 0.7420332197154141, 0.9284389016650355]","[0.13356479337668184, 0.07871220915832254, 0.06701500541676808, 0.06535874511898583, 0.06505506150131704, 0.06433785125533331, 0.06378002106401263, 0.06176407875097728, 0.06090687251103276, 0.06123424775844876, 0.060997331460976655, 0.06381232783184973, 0.15346145479529355]",0.7354,0.4383,1.8799,0.8165
openrainer,radar (LINDA-P subset),steps,own,15,26,0.2776,0.9459,"[0.0009470243684056466, 0.16666666666666669, 0.25, 0.33333333333333337, 0.4166666666666666, 0.54345555207354, 0.6666666666666667, 0.75, 0.8333333333333334, 0.9850536871295457]","[0.010401062287869073, 0.24694055944055945, 0.28291316526610644, 0.3481806775407779, 0.4104615384615385, 0.4857411469758696, 0.6072786529060293, 0.6653526062198861, 0.7697841726618705, 0.927413949453929]","[0.13016375395624055, 0.07638640429338103, 0.06334113114077336, 0.06240539424797028, 0.060699050502270535, 0.05896518508325306, 0.06090546305215357, 0.05752029723407183, 0.05919911930645383, 0.06021742121921013, 0.06072657217558827, 0.06580432090271089, 0.18366588688592267]",0.7241,0.3643,1.7414,0.8177
openrainer,radar (LINDA-P subset),steps,radar,15,26,0.2776,0.9459,"[0.0009470243684056466, 0.16666666666666669, 0.25, 0.33333333333333337, 0.4166666666666666, 0.54345555207354, 0.6666666666666667, 0.75, 0.8333333333333334, 0.9850536871295457]","[0.010401062287869073, 0.24694055944055945, 0.28291316526610644, 0.3481806775407779, 0.4104615384615385, 0.4857411469758696, 0.6072786529060293, 0.6653526062198861, 0.7697841726618705, 0.927413949453929]","[0.13012247144626393, 0.07561579744048438, 0.06462088895004817, 0.062254025044722716, 0.06031374707582221, 0.059144075959818354, 0.0604513554424109, 0.058084491537085454, 0.058910141736617586, 0.0604513554424109, 0.0606715288289528, 0.06569423420943993, 0.18366588688592267]",0.7241,0.3643,1.7414,0.8177
openrainer,radar,steps,own,30,143,0.4774,0.9126,"[0.002612634515310524, 0.1666666666666667, 0.25, 0.3333333333333332, 0.4166666666666669, 0.5420214496460585, 0.666666666666667, 0.75, 0.8333333333333334, 0.9778122357287015]","[0.018369129678852427, 0.21942641673615895, 0.2831712789827973, 0.3364341085271318, 0.38559488050150187, 0.46545283209369637, 0.562614650849945, 0.6259662407319766, 0.7003286147623863, 0.8527525720244673]","[0.13507288261249314, 0.08269587378961288, 0.07191864161222715, 0.0667894110345426, 0.06491051671480233, 0.0630486003557826, 0.060509452008021145, 0.05935683711910417, 0.0582230866309878, 0.05838909335803312, 0.05865130852916153, 0.06299955291370103, 0.1574347433215305]",0.5955,0.6379,2.5621,0.6387
openrainer,radar,steps,radar,30,143,0.4774,0.9126,"[0.002612634515310524, 0.1666666666666667, 0.25, 0.3333333333333332, 0.4166666666666669, 0.5420214496460585, 0.666666666666667, 0.75, 0.8333333333333334, 0.9778122357287015]","[0.018369129678852427, 0.21942641673615895, 0.2831712789827973, 0.3364341085271318, 0.38559488050150187, 0.46545283209369637, 0.562614650849945, 0.6259662407319766, 0.7003286147623863, 0.8527525720244673]","[0.13427491845862755, 0.08303166012386366, 0.0725090973572861, 0.06723083801327677, 0.06417669152365879, 0.0631825376014669, 0.06003218266776583, 0.05941154388142592, 0.05870601529148329, 0.05827402051314943, 0.058594715326759715, 0.06314103591970556, 0.1574347433215305]",0.5955,0.6379,2.5621,0.6387
openrainer,radar (LINDA-P subset),steps,own,30,26,0.4308,0.8991,"[0.002202442562912389, 0.16666666666666669, 0.25, 0.33333333333333326, 0.41666666666666663, 0.5423393964166495, 0.6666666666666666, 0.75, 0.8333333333333335, 0.9779982593559616]","[0.019743228734723266, 0.22995391705069124, 0.31855233126834037, 0.33151382823871905, 0.38563937071399756, 0.5076640098099325, 0.6049162807267545, 0.6596923076923077, 0.7257383966244726, 0.8564490861618799]","[0.12929278658802199, 0.07601926088133837, 0.06477589799738635, 0.062279989168697536, 0.05737058359528603, 0.05762959300203675, 0.05616972180035084, 0.056982069485159936, 0.05717043996279683, 0.05815938497039051, 0.05998422397249791, 0.07028573446826546, 0.19388031410777146]",0.5785,0.5611,2.4714,0.6288
openrainer,radar (LINDA-P subset),steps,radar,30,26,0.4308,0.8991,"[0.002202442562912389, 0.16666666666666669, 0.25, 0.33333333333333326, 0.41666666666666663, 0.5423393964166495, 0.6666666666666666, 0.75, 0.8333333333333335, 0.9779982593559616]","[0.019743228734723266, 0.22995391705069124, 0.31855233126834037, 0.33151382823871905, 0.38563937071399756, 0.5076640098099325, 0.6049162807267545, 0.6596923076923077, 0.7257383966244726, 0.8564490861618799]","[0.12895136509730512, 0.07676096963703363, 0.0654705141336724, 0.06067884010878395, 0.05823002389950435, 0.05712334734338761, 0.05646405067165849, 0.057311717821024497, 0.056051990251827784, 0.05855967223536891, 0.06007840921131636, 0.07043878548134544, 0.19388031410777146]",0.5785,0.5611,2.4714,0.6288
openrainer,radar,steps,own,45,143,0.5775,0.8696,"[0.0043630637636247575, 0.16666666666666666, 0.25, 0.33333333333333337, 0.41666666666666674, 0.5412752445288858, 0.6666666666666665, 0.75, 0.8333333333333333, 0.9724469740985415]","[0.027952637648682704, 0.20514663599769983, 0.2714930567520072, 0.33107771504483563, 0.39424304941546323, 0.4657747519527127, 0.5632386837330194, 0.6243246804585585, 0.6912314511466564, 0.7868778377913107]","[0.12405732610454162, 0.08218878406726371, 0.07247502454725367, 0.06884932310630021, 0.06673800491453825, 0.06401279340115554, 0.06265442723922676, 0.0606855594314873, 0.05847757847913865, 0.058631899728496355, 0.05867429567612209, 0.06403483929392093, 0.1585201440105549]",0.4946,0.7770,2.9038,0.5097
openrainer,radar,steps,radar,45,143,0.5775,0.8696,"[0.0043630637636247575, 0.16666666666666666, 0.25, 0.33333333333333337, 0.41666666666666674, 0.5412752445288858, 0.6666666666666665, 0.75, 0.8333333333333333, 0.9724469740985415]","[0.027952637648682704, 0.20514663599769983, 0.2714930567520072, 0.33107771504483563, 0.39424304941546323, 0.4657747519527127, 0.5632386837330194, 0.6243246804585585, 0.6912314511466564, 0.7868778377913107]","[0.12411159291750257, 0.08203955033162111, 0.07239192848990722, 0.06904943197909372, 0.06636661641333674, 0.06426038573528987, 0.06237970149861196, 0.060621117591096174, 0.0590287257982733, 0.05844366172103806, 0.05874552086813334, 0.06404162264554104, 0.1585201440105549]",0.4946,0.7770,2.9038,0.5097
openrainer,radar (LINDA-P subset),steps,own,45,26,0.5282,0.8622,"[0.0037441737378566186, 0.16666666666666669, 0.25, 0.3333333333333333, 0.4166666666666666, 0.5424184505606523, 0.6666666666666669, 0.75, 0.8333333333333333, 0.9730505287322636]","[0.02789435044646668, 0.2198071109831582, 0.2753221010901883, 0.3418782942022041, 0.4362190272254512, 0.5412844036697247, 0.6252459938150127, 0.6624553694040098, 0.6872717788210746, 0.8001318777932449]","[0.11549886786181682, 0.07748395272024762, 0.06758553355906853, 0.0610627557697501, 0.06084463740418372, 0.05988907123122624, 0.05790523276345583, 0.05693928000166185, 0.060003323708427675, 0.06034608114003199, 0.06201832194270757, 0.07348511601819731, 0.18693782587922475]",0.4934,0.6914,2.8338,0.4763
openrainer,radar (LINDA-P subset),steps,radar,45,26,0.5282,0.8622,"[0.0037441737378566186, 0.16666666666666669, 0.25, 0.3333333333333333, 0.4166666666666666, 0.5424184505606523, 0.6666666666666669, 0.75, 0.8333333333333333, 0.9730505287322636]","[0.02789435044646668, 0.2198071109831582, 0.2753221010901883, 0.3418782942022041, 0.4362190272254512, 0.5412844036697247, 0.6252459938150127, 0.6624553694040098, 0.6872717788210746, 0.8001318777932449]","[0.11671409875568665, 0.0775358856644301, 0.06692079187353289, 0.06182097675481418, 0.0601487359521386, 0.058943891647105257, 0.05739628991046761, 0.05729242402210266, 0.06039801408421446, 0.060408400673050956, 0.06186252311016016, 0.07362014167307172, 0.18693782587922475]",0.4934,0.6914,2.8338,0.4763
openrainer,radar,steps,own,60,143,0.6223,0.8586,"[0.006162601570377264, 0.16666666666666663, 0.25, 0.3333333333333335, 0.4166666666666667, 0.5408103807624213, 0.6666666666666669, 0.75, 0.8333333333333327, 0.9677134842832774]","[0.02747567101463161, 0.1831926102330952, 0.26092384519350814, 0.3254665396691008, 0.3792472024415056, 0.474686806660541, 0.5583411960282159, 0.5984192194337769, 0.6472250337381916, 0.715667563112692]","[0.12139126896208713, 0.08415501031873424, 0.0748471567769377, 0.07104262816061699, 0.06957798153285685, 0.06689091208567617, 0.06484815796867885, 0.06388572203687615, 0.06102586627307989, 0.06006988964283292, 0.059669412946378106, 0.06394708540165552, 0.13864890789358947]",0.4390,0.8534,3.0959,0.4201
openrainer,radar,steps,radar,60,143,0.6223,0.8586,"[0.006162601570377264, 0.16666666666666663, 0.25, 0.3333333333333335, 0.4166666666666667, 0.5408103807624213, 0.6666666666666669, 0.75, 0.8333333333333327, 0.9677134842832774]","[0.02747567101463161, 0.1831926102330952, 0.26092384519350814, 0.3254665396691008, 0.3792472024415056, 0.474686806660541, 0.5583411960282159, 0.5984192194337769, 0.6472250337381916, 0.715667563112692]","[0.12063876033084543, 0.08459585764991231, 0.07497634280805217, 0.07161266152290953, 0.06887714731406093, 0.06686668970484222, 0.06497572917440438, 0.06290713785118415, 0.06190756093543605, 0.06030888380039466, 0.059856732691494066, 0.06382758832287465, 0.13864890789358947]",0.4390,0.8534,3.0959,0.4201
openrainer,radar (LINDA-P subset),steps,own,60,26,0.5911,0.8469,"[0.005429781635838858, 0.16666666666666666, 0.25, 0.3333333333333333, 0.4166666666666665, 0.5416777541245343, 0.6666666666666667, 0.75, 0.8333333333333334, 0.9698529904226108]","[0.029756485085482332, 0.21112999150382328, 0.2674714104193138, 0.3287981859410431, 0.39886039886039887, 0.5190260777009047, 0.6289043133366385, 0.6494156928213689, 0.6979603241128807, 0.7282499497689371]","[0.10980852653746494, 0.07916112690818396, 0.07148471997127413, 0.06779693914191164, 0.06442941296352009, 0.06373067554321982, 0.06205176479722058, 0.06170239608707045, 0.05950913696223906, 0.05793697776656347, 0.06118804770823831, 0.07330920101316926, 0.1678910745999243]",0.4381,0.7859,3.0804,0.3681
openrainer,radar (LINDA-P subset),steps,radar,60,26,0.5911,0.8469,"[0.005429781635838858, 0.16666666666666666, 0.25, 0.3333333333333333, 0.4166666666666665, 0.5416777541245343, 0.6666666666666667, 0.75, 0.8333333333333334, 0.9698529904226108]","[0.029756485085482332, 0.21112999150382328, 0.2674714104193138, 0.3287981859410431, 0.39886039886039887, 0.5190260777009047, 0.6289043133366385, 0.6494156928213689, 0.6979603241128807, 0.7282499497689371]","[0.10976000310549965, 0.07931640189047291, 0.07263957765204818, 0.06726318139029337, 0.06503110351988975, 0.06413827237172831, 0.06114922896266607, 0.06163446328231903, 0.05851925895014703, 0.05699562318643673, 0.062420542880156825, 0.07324126820841785, 0.1678910745999243]",0.4381,0.7859,3.0804,0.3681
openrainer,radar,steps,own,75,143,0.6394,0.8338,"[0.007958220705562204, 0.1666666666666667, 0.25, 0.3333333333333332, 0.4166666666666666, 0.5403769040175026, 0.666666666666667, 0.75, 0.8333333333333336, 0.9652452619843916]","[0.03128353821583058, 0.17220895432147285, 0.239718388400948, 0.30708186234573487, 0.3785316780821918, 0.4730314512288548, 0.5378132221668404, 0.5600498418479823, 0.5954615831236695, 0.6491442061774543]","[0.11510271848315491, 0.08495221283726442, 0.07789446397215168, 0.07284417712573409, 0.07021333720115665, 0.06761798661280517, 0.06588826722544369, 0.06488685073802389, 0.06244888764076151, 0.06059109804006283, 0.06071762523878151, 0.06635888668409244, 0.1304834882005672]",0.3840,0.8995,3.1259,0.3546
openrainer,radar,steps,radar,75,143,0.6394,0.8338,"[0.007958220705562204, 0.1666666666666667, 0.25, 0.3333333333333332, 0.4166666666666666, 0.5403769040175026, 0.666666666666667, 0.75, 0.8333333333333336, 0.9652452619843916]","[0.03128353821583058, 0.17220895432147285, 0.239718388400948, 0.30708186234573487, 0.3785316780821918, 0.4730314512288548, 0.5378132221668404, 0.5600498418479823, 0.5954615831236695, 0.6491442061774543]","[0.11460432476137279, 0.08455257205106761, 0.07788829191367759, 0.07339966238840147, 0.0698862181020303, 0.06766736308059783, 0.0652864915242207, 0.06506584043377227, 0.06238716705602069, 0.060824093247459424, 0.061405809758641655, 0.06654867748217047, 0.1304834882005672]",0.3840,0.8995,3.1259,0.3546
openrainer,radar (LINDA-P subset),steps,own,75,26,0.6185,0.8231,"[0.006958212230285063, 0.16666666666666666, 0.25, 0.3333333333333333, 0.41666666666666674, 0.541106434389493, 0.6666666666666666, 0.75, 0.8333333333333333, 0.9660391165513572]","[0.03321848593921429, 0.19548674888480713, 0.25298546209761164, 0.2909505436688881, 0.3635576714996754, 0.5290541330527301, 0.6028368794326241, 0.6192052980132451, 0.6026490066225165, 0.6447578499201703]","[0.10790133470982965, 0.08094904505567437, 0.07465341788953617, 0.07077280436545977, 0.06825639702086866, 0.06560172553646486, 0.06219121008775164, 0.06086387434554974, 0.06058734606592434, 0.0578865865349163, 0.06131553720227122, 0.0702842710714549, 0.15873645011429835]",0.3790,0.8426,3.1183,0.2986
openrainer,radar (LINDA-P subset),steps,radar,75,26,0.6185,0.8231,"[0.006958212230285063, 0.16666666666666666, 0.25, 0.3333333333333333, 0.41666666666666674, 0.541106434389493, 0.6666666666666666, 0.75, 0.8333333333333333, 0.9660391165513572]","[0.03321848593921429, 0.19548674888480713, 0.25298546209761164, 0.2909505436688881, 0.3635576714996754, 0.5290541330527301, 0.6028368794326241, 0.6192052980132451, 0.6026490066225165, 0.6447578499201703]","[0.10773541774205442, 0.0808384337438242, 0.07406349089300199, 0.07174065334414866, 0.06762038197773025, 0.06467074699505936, 0.0628364427402109, 0.062209645306393335, 0.06105744414128752, 0.05747179411547821, 0.060891527173512275, 0.07012757171300052, 0.15873645011429835]",0.3790,0.8426,3.1183,0.2986
openrainer,radar,steps,own,90,143,0.6546,0.8072,"[0.009637070546597053, 0.16666666666666669, 0.25, 0.33333333333333326, 0.4166666666666666, 0.5387674293825603, 0.6666666666666667, 0.75, 0.8333333333333331, 0.9652787330233755]","[0.03520732818584655, 0.17310906811533638, 0.23827274925445313, 0.31789410773953436, 0.38175294039471064, 0.4577517879337395, 0.4835854981444476, 0.5076906528987846, 0.5336282656782447, 0.5642521114748686]","[0.10887813734817707, 0.08440761064793313, 0.07793564406287998, 0.07480787758273702, 0.07167560206874472, 0.06886346795805397, 0.06644061376968757, 0.06464451528637626, 0.06367056397492377, 0.06286795594974531, 0.06340152495524784, 0.06837649230232772, 0.12402999409316566]",0.3331,0.9364,3.1522,0.2939
openrainer,radar,steps,radar,90,143,0.6546,0.8072,"[0.009637070546597053, 0.16666666666666669, 0.25, 0.33333333333333326, 0.4166666666666666, 0.5387674293825603, 0.6666666666666667, 0.75, 0.8333333333333331, 0.9652787330233755]","[0.03520732818584655, 0.17310906811533638, 0.23827274925445313, 0.31789410773953436, 0.38175294039471064, 0.4577517879337395, 0.4835854981444476, 0.5076906528987846, 0.5336282656782447, 0.5642521114748686]","[0.10791320410442322, 0.0841596137862207, 0.07883143878761098, 0.0740954502345449, 0.07139153293623775, 0.06914603407927783, 0.06717258026456005, 0.06475724113260918, 0.06399521441207459, 0.0625493175577269, 0.06345713637272275, 0.06850124223882549, 0.12402999409316566]",0.3331,0.9364,3.1522,0.2939
openrainer,radar (LINDA-P subset),steps,own,90,26,0.6322,0.8017,"[0.008147521583713903, 0.16666666666666666, 0.25, 0.33333333333333326, 0.41666666666666663, 0.5394565305956164, 0.6666666666666666, 0.75, 0.8333333333333333, 0.9675436971156813]","[0.035383870875914485, 0.21199748743718594, 0.2554070209759809, 0.33845391476709613, 0.39114903750744195, 0.48472256172085065, 0.5416078984485191, 0.5272108843537415, 0.5391104294478528, 0.5178803038725218]","[0.10393853444871289, 0.07831292858937997, 0.07595232111442214, 0.0713926686532869, 0.06787419667540301, 0.06652784260223316, 0.06250673177036585, 0.06254263454565037, 0.06200409291638244, 0.06162711377589487, 0.0630183463181704, 0.07595232111442214, 0.14835026747567587]",0.3328,0.8752,3.1689,0.2435
openrainer,radar (LINDA-P subset),steps,radar,90,26,0.6322,0.8017,"[0.008147521583713903, 0.16666666666666666, 0.25, 0.33333333333333326, 0.41666666666666663, 0.5394565305956164, 0.6666666666666666, 0.75, 0.8333333333333333, 0.9675436971156813]","[0.035383870875914485, 0.21199748743718594, 0.2554070209759809, 0.33845391476709613, 0.39114903750744195, 0.48472256172085065, 0.5416078984485191, 0.5272108843537415, 0.5391104294478528, 0.5178803038725218]","[0.10522205866513482, 0.07839370983377016, 0.07439952608336624, 0.07152730406060388, 0.06796395361361433, 0.06679711341686713, 0.062174631098983954, 0.06197716583491904, 0.06114242630955373, 0.06229131511865867, 0.06274907550353642, 0.07701145298531577, 0.14835026747567587]",0.3328,0.8752,3.1689,0.2435
openrainer,radar,linda_p,own,15,26,0.2879,0.9606,"[0.001554232185928239, 0.16666666666666666, 0.25, 0.3333333333333334, 0.41666666666666663, 0.5434123289603611, 0.6666666666666666, 0.75, 0.8333333333333334, 0.9760266207871533]","[0.006796552175457622, 0.15140947399011914, 0.19633699633699633, 0.25379426644182124, 0.28065515714918104, 0.3914515446466356, 0.5159074475777295, 0.6085697741748697, 0.7111872146118722, 0.9087744568479175]","[0.19878779993277604, 0.10342733847271465, 0.07665701677346605, 0.07070444220364527, 0.06380856346702231, 0.059623328887876914, 0.0567717312342105, 0.055904325103817674, 0.05575252903099893, 0.05502607639679494, 0.05369243947131597, 0.054104457383252556, 0.09573995164210823]",0.6867,0.4042,1.7948,0.8228
openrainer,radar,linda_p,radar,15,26,0.2879,0.9606,"[0.001554232185928239, 0.16666666666666666, 0.25, 0.3333333333333334, 0.41666666666666663, 0.5434123289603611, 0.6666666666666666, 0.75, 0.8333333333333334, 0.9760266207871533]","[0.006796552175457622, 0.15140947399011914, 0.19633699633699633, 0.25379426644182124, 0.28065515714918104, 0.3914515446466356, 0.5159074475777295, 0.6085697741748697, 0.7111872146118722, 0.9087744568479175]","[0.20103221329516746, 0.10260330264884147, 0.07690639603595398, 0.07059601643734617, 0.06334233267193616, 0.05946069023842826, 0.05537303884895207, 0.05682594411736005, 0.0555139923451409, 0.055676630994589554, 0.05324789382948964, 0.05368159689468605, 0.09573995164210823]",0.6867,0.4042,1.7948,0.8228
openrainer,radar (LINDA-P subset),linda_p,own,15,26,0.2879,0.9606,"[0.001554232185928239, 0.16666666666666666, 0.25, 0.3333333333333334, 0.41666666666666663, 0.5434123289603611, 0.6666666666666666, 0.75, 0.8333333333333334, 0.9760266207871533]","[0.006796552175457622, 0.15140947399011914, 0.19633699633699633, 0.25379426644182124, 0.28065515714918104, 0.3914515446466356, 0.5159074475777295, 0.6085697741748697, 0.7111872146118722, 0.9087744568479175]","[0.19874442962625638, 0.10279846902817985, 0.07751358032722896, 0.06975029546021316, 0.06402541499962051, 0.05922215355257023, 0.05683678669398996, 0.05563326068806991, 0.05616454694293552, 0.055503149768510986, 0.05376833750772533, 0.05429962376259094, 0.09573995164210823]",0.6867,0.4042,1.7948,0.8228
openrainer,radar (LINDA-P subset),linda_p,radar,15,26,0.2879,0.9606,"[0.001554232185928239, 0.16666666666666666, 0.25, 0.3333333333333334, 0.41666666666666663, 0.5434123289603611, 0.6666666666666666, 0.75, 0.8333333333333334, 0.9760266207871533]","[0.006796552175457622, 0.15140947399011914, 0.19633699633699633, 0.25379426644182124, 0.28065515714918104, 0.3914515446466356, 0.5159074475777295, 0.6085697741748697, 0.7111872146118722, 0.9087744568479175]","[0.19932992876427155, 0.10353576423901376, 0.07732925652452048, 0.0693708052781663, 0.06358086935779418, 0.059991976493293867, 0.05629465786249444, 0.055730843877739106, 0.05673920350432077, 0.05514534473972395, 0.053378004749048566, 0.0538333929675048, 0.09573995164210823]",0.6867,0.4042,1.7948,0.8228
openrainer,radar,linda_p,own,30,26,0.4248,0.9216,"[0.002826373714224804, 0.16666666666666666, 0.25, 0.3333333333333333, 0.41666666666666674, 0.5422813350073238, 0.6666666666666666, 0.75, 0.8333333333333331, 0.9692946530147893]","[0.013946996748920748, 0.15627466456195738, 0.20493827160493827, 0.2451823302697895, 0.28133245382585753, 0.3686440677966102, 0.4778761061946903, 0.5449865711727843, 0.6043191800878477, 0.8265301478953356]","[0.20547711432061508, 0.11286556010634476, 0.08248006035783574, 0.07117194797729395, 0.06071710857224977, 0.05504059782999209, 0.05249874254508874, 0.051941869655816625, 0.049911978156211824, 0.048654523244952216, 0.04818746856362722, 0.05458252496946181, 0.10647050370051017]",0.5545,0.6107,2.4655,0.6741
openrainer,radar,linda_p,radar,30,26,0.4248,0.9216,"[0.002826373714224804, 0.16666666666666666, 0.25, 0.3333333333333333, 0.41666666666666674, 0.5422813350073238, 0.6666666666666666, 0.75, 0.8333333333333331, 0.9692946530147893]","[0.013946996748920748, 0.15627466456195738, 0.20493827160493827, 0.2451823302697895, 0.28133245382585753, 0.3686440677966102, 0.4778761061946903, 0.5449865711727843, 0.6043191800878477, 0.8265301478953356]","[0.20412984120140834, 0.11362901487389523, 0.08203995113889488, 0.07163900265861896, 0.060914708629733416, 0.056360925486814685, 0.0525436516490623, 0.05228317884601567, 0.04948085075806567, 0.04807070489329597, 0.04826830495077962, 0.05416936121290508, 0.10647050370051017]",0.5545,0.6107,2.4655,0.6741
openrainer,radar (LINDA-P subset),linda_p,own,30,26,0.4248,0.9216,"[0.002826373714224804, 0.16666666666666666, 0.25, 0.3333333333333333, 0.41666666666666674, 0.5422813350073238, 0.6666666666666666, 0.75, 0.8333333333333331, 0.9692946530147893]","[0.013946996748920748, 0.15627466456195738, 0.20493827160493827, 0.2451823302697895, 0.28133245382585753, 0.3686440677966102, 0.4778761061946903, 0.5449865711727843, 0.6043191800878477, 0.8265301478953356]","[0.2033124955090896, 0.114383487820651, 0.08250700582021987, 0.06980671121649781, 0.06081590860099159, 0.056576489185887764, 0.052157433354889704, 0.05213946971330028, 0.05022634188402673, 0.04910361428468779, 0.04859165049938924, 0.05390888840985845, 0.10647050370051017]",0.5545,0.6107,2.4655,0.6741
openrainer,radar (LINDA-P subset),linda_p,radar,30,26,0.4248,0.9216,"[0.002826373714224804, 0.16666666666666666, 0.25, 0.3333333333333333, 0.41666666666666674, 0.5422813350073238, 0.6666666666666666, 0.75, 0.8333333333333331, 0.9692946530147893]","[0.013946996748920748, 0.15627466456195738, 0.20493827160493827, 0.2451823302697895, 0.28133245382585753, 0.3686440677966102, 0.4778761061946903, 0.5449865711727843, 0.6043191800878477, 0.8265301478953356]","[0.20500107781849536, 0.11299130559747073, 0.08300100596392901, 0.07026478407702809, 0.060753035855428614, 0.056630380110656034, 0.05260652439462528, 0.05084608751886183, 0.04966946899475461, 0.04923834159660846, 0.048358123158726736, 0.05416936121290508, 0.10647050370051017]",0.5545,0.6107,2.4655,0.6741
openrainer,radar,linda_p,own,45,26,0.5285,0.8909,"[0.004381651463321931, 0.16666666666666666, 0.25, 0.3333333333333333, 0.41666666666666663, 0.5420241399613089, 0.6666666666666665, 0.75, 0.8333333333333333, 0.9622566600645931]","[0.020221636259977194, 0.1420017108639863, 0.21050649595179816, 0.25927758535378526, 0.29974811083123426, 0.359071410547565, 0.4411764705882353, 0.5165832870113026, 0.6, 0.7719072854772229]","[0.19226520202772054, 0.11867806410668255, 0.08586471938635598, 0.07583580791500498, 0.0644357562034302, 0.058191191795096804, 0.05297302379515948, 0.049650946870274465, 0.04806825927870188, 0.04731609091835056, 0.047229904960393636, 0.05388189389725067, 0.10560913884557827]",0.4788,0.7751,2.9635,0.5323
openrainer,radar,linda_p,radar,45,26,0.5285,0.8909,"[0.004381651463321931, 0.16666666666666666, 0.25, 0.3333333333333333, 0.41666666666666663, 0.5420241399613089, 0.6666666666666665, 0.75, 0.8333333333333333, 0.9622566600645931]","[0.020221636259977194, 0.1420017108639863, 0.21050649595179816, 0.25927758535378526, 0.29974811083123426, 0.359071410547565, 0.4411764705882353, 0.5165832870113026, 0.6, 0.7719072854772229]","[0.19058849339110404, 0.11929703598655499, 0.08646802109205444, 0.0736811589660819, 0.06503122282204167, 0.05725098134465765, 0.05316106588524731, 0.05074785906245348, 0.04842083819761657, 0.04785671192735307, 0.04824846628170272, 0.053639006197553886, 0.10560913884557827]",0.4788,0.7751,2.9635,0.5323
openrainer,radar (LINDA-P subset),linda_p,own,45,26,0.5285,0.8909,"[0.004381651463321931, 0.16666666666666666, 0.25, 0.3333333333333333, 0.41666666666666663, 0.5420241399613089, 0.6666666666666665, 0.75, 0.8333333333333333, 0.9622566600645931]","[0.020221636259977194, 0.1420017108639863, 0.21050649595179816, 0.25927758535378526, 0.29974811083123426, 0.359071410547565, 0.4411764705882353, 0.5165832870113026, 0.6, 0.7719072854772229]","[0.19190478802171887, 0.11934404650907694, 0.08601358604100885, 0.0736968291402559, 0.06418503341664643, 0.05729015678009261, 0.0533961184978571, 0.050583322233626625, 0.04778619614357014, 0.04809176453996286, 0.048201455759180764, 0.05389756407142465, 0.10560913884557827]",0.4788,0.7751,2.9635,0.5323
openrainer,radar (LINDA-P subset),linda_p,radar,45,26,0.5285,0.8909,"[0.004381651463321931, 0.16666666666666666, 0.25, 0.3333333333333333, 0.41666666666666663, 0.5420241399613089, 0.6666666666666665, 0.75, 0.8333333333333333, 0.9622566600645931]","[0.020221636259977194, 0.1420017108639863, 0.21050649595179816, 0.25927758535378526, 0.29974811083123426, 0.359071410547565, 0.4411764705882353, 0.5165832870113026, 0.6, 0.7719072854772229]","[0.19289200899467998, 0.11982198682138352, 0.08599791586683486, 0.0740180677108226, 0.06386379484607971, 0.05653798841974129, 0.05316106588524731, 0.05040311523062579, 0.04835032241383363, 0.04815444523665881, 0.04712021374117573, 0.0540699359873385, 0.10560913884557827]",0.4788,0.7751,2.9635,0.5323
openrainer,radar,linda_p,own,60,26,0.5861,0.8846,"[0.006099903019166474, 0.16666666666666669, 0.25, 0.33333333333333326, 0.4166666666666667, 0.5422625595892923, 0.6666666666666667, 0.75, 0.8333333333333334, 0.9581341515934539]","[0.020025266059260395, 0.12920122217372326, 0.18951849677040516, 0.23162327718223583, 0.27514600908500975, 0.33223322332233224, 0.4382538770821367, 0.5114617940199335, 0.589899312769698, 0.7359819121447029]","[0.1827776774426585, 0.12155318764674011, 0.09336463789055445, 0.08210944554813075, 0.06909156582987178, 0.06214195412678346, 0.05530070435253748, 0.05207151887303594, 0.04914574679429294, 0.04848835109264945, 0.04661730178797183, 0.04840888567816507, 0.08892902293660827]",0.4350,0.8908,3.1640,0.4548
openrainer,radar,linda_p,radar,60,26,0.5861,0.8846,"[0.006099903019166474, 0.16666666666666669, 0.25, 0.33333333333333326, 0.4166666666666667, 0.5422625595892923, 0.6666666666666667, 0.75, 0.8333333333333334, 0.9581341515934539]","[0.020025266059260395, 0.12920122217372326, 0.18951849677040516, 0.23162327718223583, 0.27514600908500975, 0.33223322332233224, 0.4382538770821367, 0.5114617940199335, 0.589899312769698, 0.7359819121447029]","[0.1823153332129312, 0.1225356691349106, 0.093328517247607, 0.08140870507495034, 0.06795015351273252, 0.06271266028535308, 0.056138703268918184, 0.050850641141412314, 0.04933357413761965, 0.048835109264944915, 0.04710131840346758, 0.04856059237854434, 0.08892902293660827]",0.4350,0.8908,3.1640,0.4548
openrainer,radar (LINDA-P subset),linda_p,own,60,26,0.5861,0.8846,"[0.006099903019166474, 0.16666666666666669, 0.25, 0.33333333333333326, 0.4166666666666667, 0.5422625595892923, 0.6666666666666667, 0.75, 0.8333333333333334, 0.9581341515934539]","[0.020025266059260395, 0.12920122217372326, 0.18951849677040516, 0.23162327718223583, 0.27514600908500975, 0.33223322332233224, 0.4382538770821367, 0.5114617940199335, 0.589899312769698, 0.7359819121447029]","[0.1826909878995846, 0.1216904460899404, 0.09330684486183854, 0.0804551201011378, 0.06980675456023117, 0.062026368069351634, 0.05590030702546505, 0.05098067545602312, 0.049283005237493224, 0.049080729636987536, 0.04684124977424598, 0.04900848835109265, 0.08892902293660827]",0.4350,0.8908,3.1640,0.4548
openrainer,radar (LINDA-P subset),linda_p,radar,60,26,0.5861,0.8846,"[0.006099903019166474, 0.16666666666666669, 0.25, 0.33333333333333326, 0.4166666666666667, 0.5422625595892923, 0.6666666666666667, 0.75, 0.8333333333333334, 0.9581341515934539]","[0.020025266059260395, 0.12920122217372326, 0.18951849677040516, 0.23162327718223583, 0.27514600908500975, 0.33223322332233224, 0.4382538770821367, 0.5114617940199335, 0.589899312769698, 0.7359819121447029]","[0.18316778038649087, 0.12258623803503703, 0.09314791403286979, 0.08142315333212931, 0.06883872132923965, 0.06175907531154055, 0.05602311721148637, 0.05154415748600325, 0.049478056709409426, 0.04809824814881705, 0.04650171573054, 0.04850279934982843, 0.08892902293660827]",0.4350,0.8908,3.1640,0.4548
openrainer,radar,linda_p,own,75,26,0.6217,0.8750,"[0.007585800710867408, 0.16666666666666663, 0.25, 0.33333333333333337, 0.4166666666666668, 0.5418209275136401, 0.6666666666666667, 0.75, 0.8333333333333333, 0.9518003251512487]","[0.020221961370184612, 0.12147524841106436, 0.18210551908582542, 0.2232604705489738, 0.2720119895091795, 0.323655494933749, 0.4128340301763316, 0.49106002554278416, 0.5805237572526266, 0.693211801391221]","[0.16849293638323776, 0.12328170805531183, 0.0965712381224451, 0.08662708048510077, 0.07352010937213051, 0.06569809755069003, 0.05902558137953082, 0.054658858258344045, 0.050999517075791895, 0.049605158446752506, 0.04555131579842336, 0.04823800681535291, 0.07773039225688848]",0.3946,0.9822,3.3273,0.3708
openrainer,radar,linda_p,radar,75,26,0.6217,0.8750,"[0.007585800710867408, 0.16666666666666663, 0.25, 0.33333333333333337, 0.4166666666666668, 0.5418209275136401, 0.6666666666666667, 0.75, 0.8333333333333333, 0.9518003251512487]","[0.020221961370184612, 0.12147524841106436, 0.18210551908582542, 0.2232604705489738, 0.2720119895091795, 0.323655494933749, 0.4128340301763316, 0.49106002554278416, 0.5805237572526266, 0.693211801391221]","[0.16982607926758764, 0.1228123873460254, 0.09652362587657545, 0.08615775977581434, 0.07426830180722482, 0.0650723366049748, 0.05945409159235755, 0.05441399527958591, 0.05074105059821386, 0.049176648233925764, 0.04557852279606315, 0.048244808564762855, 0.07773039225688848]",0.3946,0.9822,3.3273,0.3708
openrainer,radar (LINDA-P subset),linda_p,own,75,26,0.6217,0.8750,"[0.007585800710867408, 0.16666666666666663, 0.25, 0.33333333333333337, 0.4166666666666668, 0.5418209275136401, 0.6666666666666667, 0.75, 0.8333333333333333, 0.9518003251512487]","[0.020221961370184612, 0.12147524841106436, 0.18210551908582542, 0.2232604705489738, 0.2720119895091795, 0.323655494933749, 0.4128340301763316, 0.49106002554278416, 0.5805237572526266, 0.693211801391221]","[0.17125444664367676, 0.12232946313791908, 0.09588426143204032, 0.08641622625339238, 0.07464239802477197, 0.06448738615571925, 0.05905278837717061, 0.05386985532679005, 0.050673033104114376, 0.04891818175634773, 0.04600023125947994, 0.04874133627168908, 0.07773039225688848]",0.3946,0.9822,3.3273,0.3708
openrainer,radar (LINDA-P subset),linda_p,radar,75,26,0.6217,0.8750,"[0.007585800710867408, 0.16666666666666663, 0.25, 0.33333333333333337, 0.4166666666666668, 0.5418209275136401, 0.6666666666666667, 0.75, 0.8333333333333333, 0.9518003251512487]","[0.020221961370184612, 0.12147524841106436, 0.18210551908582542, 0.2232604705489738, 0.2720119895091795, 0.323655494933749, 0.4128340301763316, 0.49106002554278416, 0.5805237572526266, 0.693211801391221]","[0.1714448956271553, 0.12397548649512655, 0.09645560838247598, 0.08597411254174574, 0.07380578284734834, 0.06496350861441563, 0.059488100339407296, 0.05378143258446072, 0.04993164241843002, 0.049108630739826284, 0.04504798634208718, 0.048292420810632494, 0.07773039225688848]",0.3946,0.9822,3.3273,0.3708
openrainer,radar,linda_p,own,90,26,0.6476,0.8533,"[0.00936271944675306, 0.16666666666666666, 0.25, 0.3333333333333333, 0.4166666666666666, 0.5420235467255335, 0.6666666666666669, 0.75, 0.8333333333333334, 0.9461682374951462]","[0.02263322911582215, 0.11949355708720408, 0.1890019484736956, 0.22840323767476087, 0.2481989708404803, 0.3005739514348786, 0.3998959958398336, 0.4772351615326822, 0.5640670932042192, 0.6116700201207244]","[0.15526834927022368, 0.12520562848585343, 0.10049744070362628, 0.09109259999606767, 0.07798480806915671, 0.06637130442191361, 0.06133135842601634, 0.05531488193156422, 0.05171023915166371, 0.04908212687031806, 0.045234989939769696, 0.047869656117078795, 0.07303661661674783]",0.3431,1.0555,3.4123,0.3343
openrainer,radar,linda_p,radar,90,26,0.6476,0.8533,"[0.00936271944675306, 0.16666666666666666, 0.25, 0.3333333333333333, 0.4166666666666666, 0.5420235467255335, 0.6666666666666669, 0.75, 0.8333333333333334, 0.9461682374951462]","[0.02263322911582215, 0.11949355708720408, 0.1890019484736956, 0.22840323767476087, 0.2481989708404803, 0.3005739514348786, 0.3998959958398336, 0.4772351615326822, 0.5640670932042192, 0.6116700201207244]","[0.1542066181241439, 0.12563163172347802, 0.10001900629829402, 0.09145306427405771, 0.07784717625392415, 0.06721675700119936, 0.060885693500501374, 0.05564913062570045, 0.05143497552119858, 0.04969819309088287, 0.04492040293352383, 0.04800073403634791, 0.07303661661674783]",0.3431,1.0555,3.4123,0.3343
openrainer,radar (LINDA-P subset),linda_p,own,90,26,0.6476,0.8533,"[0.00936271944675306, 0.16666666666666666, 0.25, 0.3333333333333333, 0.4166666666666666, 0.5420235467255335, 0.6666666666666669, 0.75, 0.8333333333333334, 0.9461682374951462]","[0.02263322911582215, 0.11949355708720408, 0.1890019484736956, 0.22840323767476087, 0.2481989708404803, 0.3005739514348786, 0.3998959958398336, 0.4772351615326822, 0.5640670932042192, 0.6116700201207244]","[0.1565725745669513, 0.12531049082126872, 0.09869511931367601, 0.0901881623531108, 0.07711969380198058, 0.06776728426212962, 0.06127237336234525, 0.05465949233521867, 0.05049121450246099, 0.04968508529895596, 0.04663096977998571, 0.04857092298516853, 0.07303661661674783]",0.3431,1.0555,3.4123,0.3343
openrainer,radar (LINDA-P subset),linda_p,radar,90,26,0.6476,0.8533,"[0.00936271944675306, 0.16666666666666666, 0.25, 0.3333333333333333, 0.4166666666666666, 0.5420235467255335, 0.6666666666666669, 0.75, 0.8333333333333334, 0.9461682374951462]","[0.02263322911582215, 0.11949355708720408, 0.1890019484736956, 0.22840323767476087, 0.2481989708404803, 0.3005739514348786, 0.3998959958398336, 0.4772351615326822, 0.5640670932042192, 0.6116700201207244]","[0.1547374836971838, 0.12626080573596976, 0.09965198812434052, 0.09052241104724704, 0.07712624769794404, 0.06723641868908974, 0.062360320092278855, 0.054816785838341604, 0.05106795734724507, 0.04922631258151408, 0.04522843604380624, 0.04872821648829147, 0.07303661661674783]",0.3431,1.0555,3.4123,0.3343
openrainer,cml_idw10,steps,own,15,143,0.0483,0.8523,"[4.3355184979485384e-05, 0.16666666666666663, 0.25, 0.3333333333333333, 0.41666666666666674, 0.5449451597520267, 0.6666666666666666, 0.75, 0.8333333333333335, 0.992016254823085]","[0.0019590530847847037, 0.322, 0.3465909090909091, 0.3300653594771242, 0.3333333333333333, 0.3776824034334764, 0.3390804597701149, 0.39054726368159204, 0.4556213017751479, 0.6832772350381742]","[0.3438432717342986, 0.04915221947037531, 0.03238712135644885, 0.031148790245761098, 0.026100209563726422, 0.024766622213755002, 0.024607861814948877, 0.023369530704261128, 0.022162951673334604, 0.02295675366736521, 0.021781926716199912, 0.03000571537435702, 0.347717025465168]",0.4800,0.0551,1.1995,0.5218
openrainer,cml_idw10,steps,radar,15,143,0.7783,0.5234,"[4.3355184979485384e-05, 0.16666666666666663, 0.25, 0.3333333333333333, 0.41666666666666674, 0.5449451597520267, 0.6666666666666666, 0.75, 0.8333333333333335, 0.992016254823085]","[0.10654552531768749, 0.538, 0.5454545454545454, 0.5620915032679739, 0.5341880341880342, 0.5665236051502146, 0.6206896551724138, 0.5771144278606966, 0.6469428007889546, 0.7548641326656268]","[0.022150510942865416, 0.002708479858783942, 0.0017321032090797512, 0.0014728393529436102, 0.0011804779832581744, 0.0013045936590680293, 0.0012439148842276558, 0.001117041082288693, 0.0013183842897135686, 0.0013045936590680293, 0.0016079875332698965, 0.002523685408133714, 0.9603353881372996]",0.0448,0.7854,3.3278,0.1454
openrainer,cml_idw10,steps,own,30,143,0.0599,0.7445,"[8.857054286599994e-05, 0.16666666666666666, 0.25, 0.3333333333333333, 0.41666666666666663, 0.5425595238095239, 0.6666666666666664, 0.75, 0.8333333333333336, 0.9879677899832432]","[0.00334901412890633, 0.2541062801932367, 0.25948406676783003, 0.2803921568627451, 0.2819548872180451, 0.2875, 0.285140562248996, 0.3282674772036474, 0.3726190476190476, 0.4573636194377211]","[0.32181981891851336, 0.0571006953128908, 0.03996798559351708, 0.033640138062127956, 0.029913461057475863, 0.026411885348406782, 0.028913010854884697, 0.024511029963483567, 0.024260917412835776, 0.025186333850232605, 0.025836626481916862, 0.02593667150217598, 0.3365014256415387]",0.2736,0.0699,1.0531,0.3737
openrainer,cml_idw10,steps,radar,30,143,0.7775,0.5197,"[8.857054286599994e-05, 0.16666666666666666, 0.25, 0.3333333333333333, 0.41666666666666663, 0.5425595238095239, 0.6666666666666664, 0.75, 0.8333333333333336, 0.9879677899832432]","[0.1066032196820889, 0.5497584541062802, 0.5220030349013657, 0.515686274509804, 0.4849624060150376, 0.48125, 0.5261044176706827, 0.5379939209726444, 0.5654761904761905, 0.6146900018618506]","[0.02452989392478303, 0.003923029718593846, 0.002542298588585956, 0.002408060839835189, 0.0021669808012623826, 0.002082054878583326, 0.002054659419654598, 0.0019012448496537214, 0.0018848075742964846, 0.0020108266853686332, 0.0023560094678706056, 0.003703866047164022, 0.9484362672043483]",0.0366,0.7869,3.3482,0.1072
openrainer,cml_idw10,steps,own,45,143,0.0680,0.6797,"[0.00022777246653919698, 0.16666666666666669, 0.25, 0.3333333333333333, 0.4166666666666667, 0.5405912502288119, 0.6666666666666666, 0.75, 0.8333333333333336, 0.9859968664316489]","[0.004566443594646271, 0.17705510388437218, 0.206973293768546, 0.22266401590457258, 0.21542227662178703, 0.23613399231191654, 0.2694541231126597, 0.24426605504587157, 0.2863595302619693, 0.35746180963572266]","[0.259395740465577, 0.06819217434373452, 0.05180782565626548, 0.04394254581475978, 0.04217929668152551, 0.03885091629519564, 0.03649331352154532, 0.03316493313521545, 0.03013372956909361, 0.03225359088657751, 0.028053491827637445, 0.030153541357107478, 0.3053789004457652]",0.1811,0.0813,1.1688,0.2079
openrainer,cml_idw10,steps,radar,45,143,0.7928,0.5178,"[0.00022777246653919698, 0.16666666666666669, 0.25, 0.3333333333333333, 0.4166666666666667, 0.5405912502288119, 0.6666666666666666, 0.75, 0.8333333333333336, 0.9859968664316489]","[0.10989435946462715, 0.5257452574525745, 0.5074183976261127, 0.5407554671968191, 0.5116279069767442, 0.47995606809445357, 0.454123112659698, 0.41284403669724773, 0.45799457994579945, 0.5215041128084607]","[0.02553027195289689, 0.0060997026562529325, 0.004356930468752095, 0.0034533701192324294, 0.0032067008250015417, 0.003131627561539967, 0.0028822770793283086, 0.0028501028235590627, 0.002927857275001408, 0.003289817652405428, 0.0039011285120211063, 0.00706493032933032, 0.9313052827446785]",0.0313,0.8050,3.3699,0.0677
openrainer,cml_idw10,steps,own,60,143,0.0734,0.6480,"[0.0003612115209560265, 0.16666666666666663, 0.25, 0.33333333333333337, 0.41666666666666663, 0.5410146390711762, 0.6666666666666665, 0.75, 0.8333333333333335, 0.9831880448318806]","[0.004827830106062548, 0.14206642066420663, 0.17583547557840618, 0.20906432748538012, 0.20517560073937152, 0.24734982332155478, 0.2010752688172043, 0.2118380062305296, 0.19288389513108614, 0.24214750242147504]","[0.22439879503718707, 0.07883316030430416, 0.055823135966778424, 0.050274860867641304, 0.04784110829347993, 0.04499889374882993, 0.044811682012355976, 0.04207158296032813, 0.03625099988086526, 0.03667648110012424, 0.03378320880916316, 0.03368109331654101, 0.27055499770240143]",0.1298,0.0900,1.3500,0.0931
openrainer,cml_idw10,steps,radar,60,143,0.7809,0.5177,"[0.0003612115209560265, 0.16666666666666663, 0.25, 0.33333333333333337, 0.41666666666666663, 0.5410146390711762, 0.6666666666666665, 0.75, 0.8333333333333335, 0.9831880448318806]","[0.10487538382472976, 0.4602003162888772, 0.4503856041131105, 0.45614035087719296, 0.4297597042513863, 0.42402826855123676, 0.3913978494623656, 0.3790238836967809, 0.4091760299625468, 0.47848346478483467]","[0.026101739748598887, 0.00832125557276139, 0.005924072675972512, 0.005221450102775772, 0.004706193549098164, 0.004551892121258879, 0.004397590693419595, 0.004199203143340516, 0.00427359847462017, 0.004863250359577434, 0.0067589536158886385, 0.010420857144431648, 0.9102599427982564]",0.0298,0.7953,3.3825,0.0502
openrainer,cml_idw10,steps,own,75,143,0.0744,0.6166,"[0.0005013200410436708, 0.1666666666666667, 0.25, 0.33333333333333337, 0.4166666666666667, 0.5385510818953713, 0.6666666666666667, 0.75, 0.8333333333333333, 0.9816699768288644]","[0.004904615870947596, 0.09247842170160296, 0.11312384473197781, 0.13011777902411667, 0.14831130690161526, 0.14626129827444537, 0.1710114702815433, 0.20239390642002175, 0.20278969957081544, 0.1772591857000993]","[0.19344379331885653, 0.07844245471041437, 0.0686854865098016, 0.05754528958562632, 0.05494243983698724, 0.0524585775054288, 0.051015855073326, 0.04621173810869501, 0.0427908498676265, 0.04021774697325758, 0.03841806228991284, 0.03617217479251569, 0.23965553142755153]",0.0955,0.0934,1.4195,0.0629
openrainer,cml_idw10,steps,radar,75,143,0.7577,0.5148,"[0.0005013200410436708, 0.1666666666666667, 0.25, 0.33333333333333337, 0.4166666666666667, 0.5385510818953713, 0.6666666666666667, 0.75, 0.8333333333333333, 0.9816699768288644]","[0.10366578835266974, 0.4005343197698315, 0.38040665434380777, 0.3679192372406057, 0.34140969162995594, 0.32621199671322926, 0.3409801876955162, 0.3590859630032644, 0.33476394849785407, 0.36031115524660706]","[0.027130148017486002, 0.009685230024213076, 0.00808015513897867, 0.00728583480328246, 0.006428516647858622, 0.0064175605052972946, 0.005982053838484547, 0.005776626165459665, 0.00580127748622265, 0.006420299540937626, 0.007735036648296867, 0.01363491941757146, 0.889622341765911]",0.0254,0.7740,3.2924,0.0355
openrainer,cml_idw10,steps,own,90,143,0.0694,0.5929,"[0.0006506086187843877, 0.16666666666666666, 0.25, 0.3333333333333334, 0.41666666666666674, 0.5373113274086614, 0.6666666666666666, 0.75, 0.833333333333333, 0.9824734147302085]","[0.005066354097177442, 0.06219017575484453, 0.08888888888888889, 0.11057692307692307, 0.12201772324471712, 0.10664409648751587, 0.16496018202502843, 0.19135135135135134, 0.18860103626943006, 0.12032296179598267]","[0.17418617932609937, 0.08130901943075718, 0.06982056764905104, 0.06425564129467547, 0.06065636911797909, 0.0585446190216886, 0.053630483577490604, 0.05248827912289323, 0.04742804776008394, 0.04425378189207496, 0.03835681935903736, 0.03338955812625344, 0.2216806343219157]",0.0667,0.0916,1.2020,0.0494
openrainer,cml_idw10,steps,radar,90,143,0.7409,0.5125,"[0.0006506086187843877, 0.16666666666666666, 0.25, 0.3333333333333334, 0.41666666666666674, 0.5373113274086614, 0.6666666666666666, 0.75, 0.833333333333333, 0.9824734147302085]","[0.102783181039558, 0.3394922637824846, 0.35285285285285284, 0.3144230769230769, 0.29720518064076346, 0.24798984341938213, 0.26621160409556316, 0.25405405405405407, 0.24559585492227978, 0.27806222922410395]","[0.02756288758192265, 0.011255636630847115, 0.009764285113871467, 0.008785416209092905, 0.008316318368298747, 0.007676392990105561, 0.00733202636709482, 0.007144929540419694, 0.007098833220804082, 0.007871624461418735, 0.009400937653371945, 0.01643740526528432, 0.8713533065974679]",0.0226,0.7595,3.2490,0.0266
openrainer,cml_idw20,steps,own,15,143,0.0964,0.8680,"[0.00012850844504701253, 0.16666666666666669, 0.25, 0.33333333333333326, 0.4166666666666667, 0.5424968206867318, 0.6666666666666669, 0.75, 0.8333333333333331, 0.9913502390539898]","[0.004546863896437038, 0.2930591259640103, 0.33828382838283827, 0.3449675324675325, 0.355045871559633, 0.39126748622297586, 0.43333333333333335, 0.43288590604026844, 0.48383838383838385, 0.7349662218376651]","[0.3039472551262654, 0.056890168148886186, 0.04012448183819821, 0.035966886846993125, 0.03146487570267045, 0.029263072438097348, 0.03019791628227364, 0.028611141862553355, 0.026347835713494965, 0.026446240328671416, 0.027983812440803474, 0.03606529146216957, 0.32669102180892284]",0.5212,0.1131,1.3872,0.6114
openrainer,cml_idw20,steps,radar,15,143,0.7676,0.5552,"[0.00012850844504701253, 0.16666666666666669, 0.25, 0.33333333333333326, 0.4166666666666667, 0.5424968206867318, 0.6666666666666669, 0.75, 0.8333333333333331, 0.9913502390539898]","[0.1003198789043618, 0.42287917737789205, 0.43564356435643564, 0.424512987012987, 0.48256880733944957, 0.4976685036032217, 0.5761904761904761, 0.5973154362416108, 0.6383838383838384, 0.7053479317115379]","[0.06074234165514538, 0.008618452068799297, 0.00602020330435796, 0.0049660717974796195, 0.004436357472415126, 0.004004640297487565, 0.00399934315423692, 0.003697405988950159, 0.003570274550934681, 0.00398874886773563, 0.004428411757539159, 0.0070743348112363, 0.8844534142736822]",0.1037,0.7866,3.2791,0.2255
openrainer,cml_idw20,steps,own,30,143,0.1240,0.7613,"[0.00026967449566067377, 0.1666666666666667, 0.25, 0.33333333333333337, 0.41666666666666674, 0.5424113280175971, 0.6666666666666667, 0.75, 0.8333333333333333, 0.9865992997889257]","[0.00793165028685651, 0.24912157413914265, 0.233201581027668, 0.2230769230769231, 0.23420289855072463, 0.25872972229859775, 0.30966364121729845, 0.37947810703228657, 0.3753644314868805, 0.5021423425473022]","[0.30348866309625105, 0.06526853195855649, 0.04341558636568397, 0.03555733520196206, 0.03315481255318084, 0.030211722308423845, 0.028630061564642876, 0.026547875269032486, 0.024836077881775866, 0.02576705540817859, 0.02554682416537364, 0.028489914410130636, 0.32908553981680766]",0.2994,0.1496,1.2823,0.4627
openrainer,cml_idw20,steps,radar,30,143,0.7702,0.5499,"[0.00026967449566067377, 0.1666666666666667, 0.25, 0.33333333333333337, 0.41666666666666674, 0.5424113280175971, 0.6666666666666667, 0.75, 0.8333333333333333, 0.9865992997889257]","[0.10074890661377608, 0.4697821503865074, 0.4382411067193676, 0.44835164835164837, 0.44173913043478263, 0.45779488589496836, 0.48958889482114254, 0.5276426360017691, 0.5236880466472303, 0.6247298373336366]","[0.060662282027496066, 0.011897937273949616, 0.008059640820921192, 0.006801054814938348, 0.0062538435079892854, 0.005904670578793216, 0.0057352956504518405, 0.005365276576229141, 0.005276680459865959, 0.005829103303071679, 0.0064857568714105545, 0.009479784450860425, 0.8622486736640227]",0.0905,0.7948,3.3134,0.1851
openrainer,cml_idw20,steps,own,45,143,0.1468,0.7062,"[0.0004938738343211622, 0.16666666666666666, 0.25, 0.3333333333333335, 0.41666666666666663, 0.5419998730642295, 0.6666666666666667, 0.75, 0.8333333333333335, 0.9829294385785383]","[0.010756359911217346, 0.18886083938150836, 0.19130434782608696, 0.2268206608918832, 0.2519913106444605, 0.2795125666412795, 0.2384437596302003, 0.2712765957446808, 0.36126126126126124, 0.41848458067817107]","[0.2449607050080563, 0.07526059649468943, 0.05421557988885601, 0.04669363059419289, 0.04233665450001644, 0.03912235704185985, 0.03610535661438295, 0.03511887146098451, 0.030005590082535925, 0.02885469073690441, 0.028090164743020618, 0.02988227943836112, 0.30935352339613953]",0.2196,0.1816,1.5106,0.2801
openrainer,cml_idw20,steps,radar,45,143,0.7881,0.5471,"[0.0004938738343211622, 0.16666666666666666, 0.25, 0.3333333333333335, 0.41666666666666663, 0.5419998730642295, 0.6666666666666667, 0.75, 0.8333333333333335, 0.9829294385785383]","[0.10400497573111539, 0.42521300094667086, 0.4337595907928389, 0.45011228745588705, 0.44243301955104997, 0.44763899466869767, 0.4295069337442219, 0.45851063829787236, 0.5162162162162162, 0.5629099027861761]","[0.05690311893439136, 0.01707370493355051, 0.01185743884355985, 0.010492952250521752, 0.009327348389679245, 0.008504124928565854, 0.00802328186718158, 0.007816846626168435, 0.007693488982148387, 0.008171814540593476, 0.00917881571626735, 0.01320682041896284, 0.8317502435684093]",0.0801,0.8193,3.3457,0.1412
openrainer,cml_idw20,steps,own,60,143,0.1591,0.6653,"[0.0008114992417756298, 0.16666666666666666, 0.25, 0.3333333333333333, 0.41666666666666674, 0.5399518652226233, 0.6666666666666665, 0.75, 0.8333333333333333, 0.9791131105398455]","[0.011663754580204664, 0.16704444663447324, 0.16814752724224644, 0.18646169104884702, 0.1904911838790932, 0.20379061371841156, 0.20737864077669904, 0.2549965541006203, 0.3018867924528302, 0.2828299057412168]","[0.22202176444374164, 0.07984129494127626, 0.06026910857783592, 0.05121256990066558, 0.04699337291376163, 0.044067967166453434, 0.0415450742492417, 0.03948219599499734, 0.035909894627891265, 0.033854204102755775, 0.032711355174446184, 0.0322729036988054, 0.27981829420812787]",0.1526,0.2006,1.7161,0.1718
openrainer,cml_idw20,steps,radar,60,143,0.7807,0.5463,"[0.0008114992417756298, 0.16666666666666666, 0.25, 0.3333333333333333, 0.41666666666666674, 0.5399518652226233, 0.6666666666666665, 0.75, 0.8333333333333333, 0.9791131105398455]","[0.09929534556294901, 0.39657041490095596, 0.42263202011735124, 0.4225142573766427, 0.422544080604534, 0.39422382671480144, 0.4, 0.42143349414197107, 0.4522405660377358, 0.48821765209940016]","[0.05897242362556514, 0.02005901054413211, 0.015558249404684756, 0.013441290607869597, 0.011997794093354578, 0.0111489774809461, 0.010828765225965657, 0.010744900111566015, 0.010404356919761416, 0.011080360569164576, 0.01309312331475594, 0.01926102127378402, 0.7934097268284501]",0.0752,0.8178,3.3751,0.1092
openrainer,cml_idw20,steps,own,75,143,0.1637,0.6307,"[0.0010681455053743855, 0.1666666666666667, 0.25, 0.3333333333333332, 0.41666666666666685, 0.5405814259405421, 0.6666666666666669, 0.75, 0.8333333333333331, 0.9780451762719018]","[0.01230743187726325, 0.10092950563461381, 0.11677943166441136, 0.1228430566967954, 0.13918067226890757, 0.14775059194948698, 0.19799238490827276, 0.22587064676616916, 0.2435479086324533, 0.22906903103229892]","[0.19781743369560356, 0.07998696593893159, 0.06551532460562381, 0.05807824270188419, 0.05351632132794081, 0.04975944490234038, 0.047075961741197214, 0.04317213266629609, 0.0396580475743229, 0.037357919150485905, 0.03481499939302166, 0.032086791512526115, 0.26116041478982577]",0.1159,0.2115,1.8707,0.1200
openrainer,cml_idw20,steps,radar,75,143,0.7600,0.5409,"[0.0010681455053743855, 0.1666666666666667, 0.25, 0.3333333333333332, 0.41666666666666685, 0.5405814259405421, 0.6666666666666669, 0.75, 0.8333333333333331, 0.9780451762719018]","[0.09861982533494627, 0.35584436949905407, 0.37929634641407306, 0.4052999178307313, 0.3631827731092437, 0.32786108918705603, 0.34510211145725167, 0.37346600331674956, 0.3808958765944824, 0.4118429385687144]","[0.05876213156898304, 0.022559237928216982, 0.018531158452739192, 0.016471033699356305, 0.015641503417764404, 0.014169273999083283, 0.013240100440423284, 0.013339743717491382, 0.01322515394886307, 0.01404222882082146, 0.015766057514099523, 0.024136092787819606, 0.7601162837043385]",0.0672,0.8007,3.2908,0.0935
openrainer,cml_idw20,steps,own,90,143,0.1506,0.6074,"[0.0013873018816754005, 0.1666666666666666, 0.25, 0.3333333333333333, 0.41666666666666663, 0.5386196451752489, 0.6666666666666664, 0.75, 0.8333333333333333, 0.9770564763658687]","[0.012321324591000821, 0.07928531546621999, 0.08162811387900355, 0.08832054560954816, 0.10160427807486631, 0.10832251550555315, 0.16306620209059233, 0.1944353518821604, 0.2106042654028436, 0.1794045426642112]","[0.17766032662239067, 0.0822409216824878, 0.07096329265041668, 0.06370179769811189, 0.059395899254726055, 0.05524067828042236, 0.050639220186144626, 0.04915562664441276, 0.04456575912467981, 0.03976726126314081, 0.03525852776522132, 0.03166544965633947, 0.23974523917150573]",0.0843,0.2071,1.5129,0.1003
openrainer,cml_idw20,steps,radar,90,143,0.7436,0.5383,"[0.0013873018816754005, 0.1666666666666666, 0.25, 0.3333333333333333, 0.41666666666666663, 0.5386196451752489, 0.6666666666666664, 0.75, 0.8333333333333333, 0.9770564763658687]","[0.09774851037354328, 0.3206154227929772, 0.3515346975088968, 0.3734015345268542, 0.3589572192513369, 0.28789845665657005, 0.2763066202090592, 0.3011456628477905, 0.3347156398104265, 0.3612645794966237]","[0.057926301757772046, 0.025078652561600003, 0.021311127844834517, 0.01890098428410938, 0.017728811328893212, 0.016559075323687885, 0.015650092969642915, 0.015862107620586378, 0.01587916627066229, 0.017684946228698012, 0.020207189489921992, 0.029857511532865925, 0.7273540327867254]",0.0623,0.7894,3.2518,0.0782
openrainer,cml_idw40,steps,own,15,143,0.1830,0.8745,"[0.00038790519407794194, 0.1666666666666667, 0.25, 0.3333333333333333, 0.41666666666666663, 0.5428132353647409, 0.6666666666666666, 0.75, 0.8333333333333331, 0.9876168836843484]","[0.008947137478813802, 0.1994244117149145, 0.25387339530765823, 0.29346387933315693, 0.32921928817451207, 0.3933150842818038, 0.4723785166240409, 0.49531152323400707, 0.5808453539080846, 0.7415013545398934]","[0.26707174158145836, 0.06311059767063411, 0.0510638770556904, 0.04408799826713839, 0.038478414209465205, 0.03510710973123983, 0.035218190603669, 0.034551705369093966, 0.03215235852462385, 0.03135813028675527, 0.03005848407933396, 0.038583941038272916, 0.29915745158262474]",0.5230,0.2227,1.9410,0.6243
openrainer,cml_idw40,steps,radar,15,143,0.7690,0.6000,"[0.00038790519407794194, 0.1666666666666667, 0.25, 0.3333333333333333, 0.41666666666666663, 0.5428132353647409, 0.6666666666666666, 0.75, 0.8333333333333331, 0.9876168836843484]","[0.0906403199931467, 0.3467072964279668, 0.3472775564409031, 0.36279439005027786, 0.3860505166475316, 0.4369687364933007, 0.49872122762148335, 0.5546988956032507, 0.5947668567594767, 0.6033907192169885]","[0.13232625071233256, 0.022184071525373408, 0.015022435483021344, 0.012747760043290665, 0.010918442110707256, 0.00987448580363086, 0.009196871962111091, 0.008911938933344826, 0.009050813854928383, 0.009455466643680473, 0.010252800245186069, 0.013664813404782086, 0.736393849277611]",0.1744,0.8150,3.3129,0.2635
openrainer,cml_idw40,steps,own,30,143,0.2299,0.7756,"[0.0007366690050304365, 0.16666666666666669, 0.25, 0.33333333333333326, 0.4166666666666667, 0.540254447868005, 0.6666666666666665, 0.75, 0.833333333333333, 0.9831864516915081]","[0.015536021354241852, 0.21136827773995914, 0.21102291448255203, 0.23551106427818758, 0.27206586253111237, 0.33068283470827947, 0.3387443770780364, 0.37139986604152714, 0.39565641097034665, 0.5217682654428786]","[0.2717369776193306, 0.07116306705909989, 0.050933410714532466, 0.0419056041491062, 0.03633231540208284, 0.03443002759008231, 0.03143611214746646, 0.029220614719930725, 0.027060389577489442, 0.027166328123920464, 0.026305001681198672, 0.031155144698236353, 0.3211550065175236]",0.3156,0.2872,1.6431,0.5179
openrainer,cml_idw40,steps,radar,30,143,0.7737,0.5984,"[0.0007366690050304365, 0.16666666666666669, 0.25, 0.33333333333333326, 0.4166666666666667, 0.540254447868005, 0.6666666666666665, 0.75, 0.833333333333333, 0.9831864516915081]","[0.0903913509242446, 0.3571590651236669, 0.37861314961809195, 0.3863716192483316, 0.40168485544706106, 0.45253950899512974, 0.48640719734011345, 0.4691895512391159, 0.49951273841013505, 0.5697112455833976]","[0.1219435655922943, 0.02751932629054657, 0.019683425876269586, 0.017238512537206475, 0.015524262954644983, 0.014182370863377586, 0.013578168141655094, 0.012756171415590772, 0.012156652435897137, 0.012409574505455389, 0.013226887489490854, 0.019821596266120855, 0.6999594856314504]",0.1651,0.8301,3.3654,0.2259
openrainer,cml_idw40,steps,own,45,143,0.2783,0.7224,"[0.0011288487291098478, 0.16666666666666666, 0.25, 0.33333333333333337, 0.4166666666666668, 0.5403365202830444, 0.6666666666666667, 0.75, 0.8333333333333329, 0.977795661932144]","[0.021241449777197514, 0.20681011071652391, 0.2317295688082205, 0.24025036109773712, 0.2549366743837668, 0.2741046831955923, 0.33533712428919576, 0.36422098801520025, 0.41934306569343066, 0.4253206860962304]","[0.2249899526395007, 0.07518577766570264, 0.05797918029298891, 0.05117061600170214, 0.044696963727058524, 0.04087108645458199, 0.037053089464849996, 0.034507758138362, 0.029606222271255093, 0.028688169331515613, 0.027104232499862095, 0.029547120150671007, 0.31859983136194925]",0.2388,0.3551,2.0098,0.2968
openrainer,cml_idw40,steps,radar,45,143,0.7940,0.5956,"[0.0011288487291098478, 0.16666666666666666, 0.25, 0.33333333333333337, 0.4166666666666668, 0.5403365202830444, 0.6666666666666667, 0.75, 0.8333333333333329, 0.977795661932144]","[0.09384435562734317, 0.3565211336257921, 0.39104964947661575, 0.4144198363023592, 0.4213536701620591, 0.45138551288283907, 0.47164906580016247, 0.4786612101724642, 0.4846715328467153, 0.5182336462377746]","[0.10818978813578266, 0.03471014525149655, 0.025621308917610348, 0.02275785605393395, 0.020909241285580804, 0.018600149319790236, 0.017457897631001293, 0.01623070354656855, 0.015457280680969774, 0.015765755696728823, 0.018005552550283663, 0.025424600211908923, 0.6608697207183444]",0.1519,0.8619,3.3868,0.1960
openrainer,cml_idw40,steps,own,60,143,0.3165,0.6700,"[0.0015334919761716976, 0.16666666666666669, 0.25, 0.3333333333333333, 0.4166666666666666, 0.5419200058603765, 0.6666666666666667, 0.75, 0.8333333333333334, 0.9763422032130588]","[0.024088561164800626, 0.1830554136281295, 0.16978364503116977, 0.18551448551448552, 0.203674022931821, 0.24957878543696432, 0.2817080045095829, 0.2925835370823146, 0.2944317315026697, 0.26474725148548955]","[0.2157768639370642, 0.08005006257822278, 0.062109780082245665, 0.05277310924369748, 0.04743071696763812, 0.043264795279814056, 0.03904881101376721, 0.03648846772751654, 0.03262649740747363, 0.03122474521723583, 0.03261934561058466, 0.0339889147148221, 0.2925978902199178]",0.1617,0.4083,2.4191,0.1744
openrainer,cml_idw40,steps,radar,60,143,0.7870,0.5971,"[0.0015334919761716976, 0.16666666666666669, 0.25, 0.3333333333333333, 0.4166666666666666, 0.5419200058603765, 0.6666666666666667, 0.75, 0.8333333333333334, 0.9763422032130588]","[0.0892720626598929, 0.33406103395420134, 0.36068940227356067, 0.3988011988011988, 0.4363210454937739, 0.4529338509999267, 0.42080045095828633, 0.3903830480847596, 0.42372234935164, 0.4772799035508224]","[0.10834744136200351, 0.038696307209627925, 0.030136080534470554, 0.026639212405894088, 0.023694831691033064, 0.02243232029181986, 0.021063305294781988, 0.02048419198161038, 0.019964986942215143, 0.020896893423180952, 0.023978841285232165, 0.0313941542837744, 0.612271433294356]",0.1482,0.8645,3.4064,0.1796
openrainer,cml_idw40,steps,own,75,143,0.3287,0.6402,"[0.002044830114277376, 0.1666666666666667, 0.25, 0.33333333333333326, 0.4166666666666667, 0.5402183094015983, 0.6666666666666664, 0.75, 0.8333333333333334, 0.9758098383728321]","[0.02493994298587459, 0.11674734572672171, 0.13867138166203588, 0.15466571961289177, 0.18447032723239046, 0.20232603469560131, 0.20032463140808873, 0.20490006447453257, 0.21938898243925908, 0.23028466357940616]","[0.19480286855080864, 0.08409921381906765, 0.0678284601405616, 0.05838061057664124, 0.05298742240778495, 0.04751607209155393, 0.043995518703550514, 0.04108397871384187, 0.037980290111837005, 0.03444670969927114, 0.031492831879734506, 0.032307020914887935, 0.273079002390459]",0.1300,0.4334,2.7349,0.1175
openrainer,cml_idw40,steps,radar,75,143,0.7685,0.5888,"[0.002044830114277376, 0.1666666666666667, 0.25, 0.33333333333333326, 0.4166666666666667, 0.5402183094015983, 0.6666666666666664, 0.75, 0.8333333333333334, 0.9758098383728321]","[0.08951377841364068, 0.3087906276695277, 0.3335438241980298, 0.37343514161413477, 0.39345535219079314, 0.3804171268923397, 0.3592587582848641, 0.3583494519664732, 0.38729853259562186, 0.43254562789430673]","[0.10212109890015504, 0.04345053274411534, 0.03507822599001078, 0.031722002482274074, 0.028739408462922642, 0.026484747757149422, 0.024470584193325345, 0.024195730316812037, 0.02328957144268223, 0.02388651970573457, 0.02696359474513745, 0.03572241476308884, 0.5738755684965923]",0.1359,0.8554,3.3250,0.1644
openrainer,cml_idw40,steps,own,90,143,0.2834,0.6233,"[0.002433941941054437, 0.16666666666666666, 0.25, 0.33333333333333337, 0.4166666666666668, 0.5385875147779913, 0.6666666666666667, 0.75, 0.833333333333333, 0.9742567783759722]","[0.024467269044887174, 0.09056444818871104, 0.10945829314108747, 0.1302909555672506, 0.14857548593236886, 0.15506715506715507, 0.14058144165671047, 0.17326343381389253, 0.20267531414673692, 0.20395642919744586]","[0.1781139295833626, 0.08598055427350558, 0.0750106214868859, 0.06529387132565326, 0.05805597752829594, 0.052596991750390475, 0.04898721448067806, 0.04437183456766728, 0.04095461950624604, 0.036210864787707804, 0.033246018088621404, 0.03126843477490089, 0.24990906784608471]",0.1062,0.4041,1.9859,0.1222
openrainer,cml_idw40,steps,radar,90,143,0.7539,0.5850,"[0.002433941941054437, 0.16666666666666666, 0.25, 0.33333333333333337, 0.4166666666666668, 0.5385875147779913, 0.6666666666666667, 0.75, 0.833333333333333, 0.9742567783759722]","[0.0886052293035708, 0.2927548441449031, 0.3334010255368838, 0.3374182392301331, 0.3417946214609035, 0.3220536077678935, 0.2842161157573344, 0.3053735255570118, 0.35968112417240916, 0.40636868244230206]","[0.09724547855280367, 0.04666608352285507, 0.03873949299810895, 0.034976132756854024, 0.03243320920700772, 0.030823315755712725, 0.02849698847874441, 0.027334866168495238, 0.026543456709902616, 0.027151592399136948, 0.030179774906488724, 0.0400536492306667, 0.5393559593132232]",0.1267,0.8525,3.3031,0.1309
openrainer,merged,steps,own,15,143,0.5106,0.8764,"[0.0019305325674682868, 0.1666666666666667, 0.25, 0.3333333333333335, 0.4166666666666666, 0.5423291594756358, 0.6666666666666662, 0.75, 0.8333333333333331, 0.9781954723484746]","[0.02495988170353629, 0.2391164658634538, 0.28198764615045224, 0.33160757585687134, 0.3817421295956557, 0.5001652407006205, 0.6119828815977175, 0.6728405647973476, 0.7265247548433389, 0.840334487489384]","[0.1405229095701499, 0.07648228977956988, 0.06272890462488045, 0.05763283956380823, 0.054526037029615844, 0.052245511765155475, 0.051297358598137985, 0.04989681862594222, 0.047560519645774936, 0.04904368734494391, 0.050417373305873384, 0.058258744595630234, 0.24938700555051757]",0.5466,0.6460,2.7221,0.6458
openrainer,merged,steps,radar,15,143,0.4623,0.8641,"[0.0019305325674682868, 0.1666666666666667, 0.25, 0.3333333333333335, 0.4166666666666666, 0.5423291594756358, 0.6666666666666662, 0.75, 0.8333333333333331, 0.9781954723484746]","[0.030867423383155637, 0.34718875502008034, 0.3978049856607103, 0.45068484173274787, 0.4974682615395905, 0.5746337164469577, 0.6329918298534561, 0.6874749899959984, 0.73915331260464, 0.8489579930750637]","[0.11320526389196552, 0.06615143534585313, 0.05572784628385308, 0.050954982893991974, 0.04911311296528752, 0.04815320747905847, 0.04783323898364879, 0.04798091675076095, 0.04909055108420094, 0.052497395128274546, 0.05792455306964647, 0.07284821186836989, 0.2885192842550887]",0.5406,0.5857,2.3420,0.6977
openrainer,merged,steps,own,30,143,0.5030,0.8264,"[0.00381088569130396, 0.16666666666666669, 0.25, 0.3333333333333335, 0.4166666666666667, 0.5413832964502256, 0.6666666666666663, 0.75, 0.8333333333333336, 0.9717215597719827]","[0.03186582059761075, 0.22042761940022215, 0.28222574017312807, 0.3237533881168524, 0.37006856802146476, 0.41841636530469045, 0.5042112925028596, 0.5538155605269699, 0.5916005599626691, 0.7080797510533418]","[0.14281829080575453, 0.08993694867088982, 0.07273659049197798, 0.06446850393700787, 0.06123268308566692, 0.05751028654312948, 0.05534382215380972, 0.05379714048901782, 0.052028447102006985, 0.05428371618021432, 0.0549941536913149, 0.06116052927594577, 0.17968888757326387]",0.4024,0.6880,2.6383,0.5273
openrainer,merged,steps,radar,30,143,0.5643,0.8388,"[0.00381088569130396, 0.16666666666666669, 0.25, 0.3333333333333335, 0.4166666666666667, 0.5413832964502256, 0.6666666666666663, 0.75, 0.8333333333333336, 0.9717215597719827]","[0.035035004617630414, 0.2888282117734173, 0.3675772171511334, 0.42133115346555955, 0.4809202027228461, 0.5389971393101959, 0.6152646355412291, 0.656972408650261, 0.6905739617358843, 0.7684851155233663]","[0.11082735815080379, 0.07142935096967118, 0.061214244398607426, 0.05705799110179819, 0.05522996722289523, 0.05402219821235635, 0.052965400328134835, 0.05350380338102566, 0.054262296871077934, 0.057727357059446247, 0.06281308319418524, 0.07869597325446456, 0.23025097585553336]",0.4532,0.7278,2.8071,0.5343
openrainer,merged,steps,own,45,143,0.5642,0.7949,"[0.005533196741304453, 0.1666666666666667, 0.25, 0.3333333333333333, 0.4166666666666668, 0.5405752030794486, 0.6666666666666669, 0.75, 0.8333333333333335, 0.9678392557254748]","[0.03632881349461373, 0.20071857482659392, 0.2526948348025347, 0.30614775167074904, 0.3646584563038574, 0.4277829667996943, 0.4783762019800104, 0.516331464430842, 0.5415520088057237, 0.5996923625663204]","[0.12524797462889894, 0.08721148015447076, 0.075881496263373, 0.07061880693337902, 0.06618591924047953, 0.06300613280521666, 0.059571022789309334, 0.05788118382793878, 0.05629381025090581, 0.05627869240731502, 0.055737809558844525, 0.0621242585957539, 0.1639614125441147]",0.3329,0.7946,2.8719,0.3969
openrainer,merged,steps,radar,45,143,0.6285,0.8088,"[0.005533196741304453, 0.1666666666666667, 0.25, 0.3333333333333333, 0.4166666666666668, 0.5405752030794486, 0.6666666666666669, 0.75, 0.8333333333333335, 0.9678392557254748]","[0.04187224403311296, 0.2661887256940402, 0.3304650782145112, 0.3957180440896308, 0.4629978919338733, 0.5361085166001528, 0.5848136042821278, 0.6234247209505683, 0.6439185470555862, 0.6937224129475233]","[0.09731123376538446, 0.07165465555802608, 0.06448722811514969, 0.06245013537020809, 0.06091168892318558, 0.059703493466916044, 0.05904789620309455, 0.05845442536327609, 0.05861137632917849, 0.06148227108047661, 0.06488451024759015, 0.07823515178466328, 0.20276593379285088]",0.3888,0.8257,3.0122,0.4271
openrainer,merged,steps,own,60,143,0.5897,0.7913,"[0.007287919043798706, 0.16666666666666674, 0.25, 0.3333333333333331, 0.41666666666666663, 0.5386971161791441, 0.6666666666666665, 0.75, 0.8333333333333333, 0.9650433455042381]","[0.033181733082175716, 0.18647910479422997, 0.24942813755454318, 0.29577714242339903, 0.3368373532826003, 0.39152619401751776, 0.44699481865284973, 0.47764576188143065, 0.4970454391088773, 0.5318365255268721]","[0.11425290175833733, 0.0888869066865878, 0.08043369878418437, 0.07569499640814324, 0.0712509696420408, 0.06803343054973726, 0.06488756930849988, 0.062276902688556554, 0.05900998552107409, 0.05802879538203498, 0.05773252693096149, 0.06299208835808343, 0.13651922798175878]",0.3014,0.8514,3.0896,0.3108
openrainer,merged,steps,radar,60,143,0.6505,0.7999,"[0.007287919043798706, 0.16666666666666674, 0.25, 0.3333333333333331, 0.41666666666666663, 0.5386971161791441, 0.6666666666666665, 0.75, 0.8333333333333333, 0.9650433455042381]","[0.04055965703062217, 0.23283039881204923, 0.31480306787382506, 0.38375123345899853, 0.42970463046562624, 0.4845893240786647, 0.5421761658031088, 0.57624938755512, 0.6113563811723154, 0.649990391390686]","[0.09381931361087134, 0.07518687847007056, 0.07062437466538257, 0.06614928112859143, 0.06481003095260023, 0.06328815575261021, 0.06201446327754165, 0.061856812615799096, 0.06186149530872214, 0.06280115568861341, 0.06798177495914351, 0.07858026994163804, 0.17102599362841583]",0.3519,0.8781,3.1329,0.3547
openrainer,merged,steps,own,75,143,0.6774,0.7505,"[0.008816327241677366, 0.16666666666666666, 0.25, 0.3333333333333335, 0.41666666666666646, 0.5368955153433425, 0.6666666666666666, 0.75, 0.8333333333333331, 0.9635152136433532]","[0.04382885133887086, 0.19048056602039878, 0.23765701618862095, 0.2878060153882024, 0.3279908068223055, 0.38602336380484353, 0.4287541422010348, 0.46366586708057006, 0.5005199306759098, 0.45883230045198264]","[0.10331777281443746, 0.08360215334138925, 0.07838418936053866, 0.07424349207247934, 0.07032033411657426, 0.06659534555228916, 0.0636406846230982, 0.06203893954045561, 0.059403137632367466, 0.05764941301630204, 0.05786397235760486, 0.06622135670043493, 0.15671920887202875]",0.2645,0.9593,3.3914,0.2638
openrainer,merged,steps,radar,75,143,0.6526,0.7790,"[0.008816327241677366, 0.16666666666666666, 0.25, 0.3333333333333335, 0.41666666666666646, 0.5368955153433425, 0.6666666666666666, 0.75, 0.8333333333333331, 0.9635152136433532]","[0.04349880510376052, 0.2260980428190756, 0.29023644790757036, 0.3504546514339007, 0.40183863553888954, 0.46423588697082646, 0.5090983082378931, 0.5401439254973895, 0.5691507798960138, 0.5633008713480266]","[0.08962243622355186, 0.07589093435741824, 0.07233124884632873, 0.06954442928726752, 0.06682364099401067, 0.06530342116992396, 0.06325194979822946, 0.06345754714857485, 0.06382822266343113, 0.06447352821561009, 0.06931632127812519, 0.07941010068267325, 0.15674621933485505]",0.3123,0.9032,3.1117,0.3035
openrainer,merged,steps,own,90,143,0.6052,0.7275,"[0.010231696625283343, 0.16666666666666657, 0.25, 0.3333333333333332, 0.4166666666666666, 0.5350648385538588, 0.6666666666666667, 0.75, 0.8333333333333333, 0.9645943822431741]","[0.046776931335183694, 0.18581571728255608, 0.24433595816392847, 0.2835412026726058, 0.3188141668185408, 0.3480102552669713, 0.36002819880155096, 0.38310185185185186, 0.4015520037062775, 0.3754337720159759]","[0.10053614574698859, 0.08549378905721827, 0.08149768081691681, 0.07811737594281112, 0.07405366160502755, 0.06982681081462408, 0.06685949101426783, 0.064045019782132, 0.06165676090368777, 0.0598666690181831, 0.06064413913922741, 0.06586156622752097, 0.1315408899313945]",0.2348,0.8989,3.0103,0.2219
openrainer,merged,steps,radar,90,143,0.6600,0.7549,"[0.010231696625283343, 0.16666666666666657, 0.25, 0.3333333333333332, 0.4166666666666666, 0.5350648385538588, 0.6666666666666667, 0.75, 0.8333333333333333, 0.9645943822431741]","[0.04700481972589796, 0.2191584637727933, 0.2879555038314466, 0.333184855233853, 0.3803231881416682, 0.42728792776725005, 0.45096933380331333, 0.46768162393162394, 0.48054204308547604, 0.4669678517645518]","[0.08786014273546947, 0.07591999765044495, 0.07345737026050692, 0.07062321947781139, 0.06817968222267907, 0.06640576815765514, 0.06464360186789626, 0.06369937443096714, 0.06365825721753943, 0.06549384710270492, 0.07058503920819995, 0.0812299920702517, 0.14824370759787364]",0.2739,0.9266,3.1198,0.2517
openrainer,radar,steps,gauges,15,143,0.5755,0.9558,"[0.0014067465523776208, 0.16666666666666666, 0.25, NaN, 0.41666666666666674, 0.5428921568627452, 0.6666666666666666, 0.75, 0.8333333333333333, 0.9860855061013075]","[0.002682293944429867, 0.04411764705882353, 0.02666666666666667, NaN, 0.0, 0.06372549019607843, 0.10714285714285714, 0.15492957746478872, 0.2631578947368421, 0.5559652357124045]","[0.36702677313292625, 0.08539220291216533, 0.05627054955378112, 0.04387036167214655, 0.038327853452325034, 0.03579145138562705, 0.03147017379051198, 0.03597933302019728, 0.03673085955847816, 0.04358853922029122, 0.05993424142790042, 0.10530765617660874, 0.06031000469704086]",0.4086,0.8072,3.3062,0.5505
openrainer,radar (LINDA-P subset),steps,gauges,15,26,0.4477,0.9269,"[0.0009976160862354892, NaN, 0.25, NaN, NaN, 0.5416666666666667, 0.6666666666666665, 0.75, 0.8333333333333335, 0.9855263157894735]","[0.004508706467661692, NaN, 0.0, NaN, NaN, 0.05, 0.1111111111111111, 0.14285714285714285, 0.23076923076923078, 0.4368421052631579]","[0.3985419198055893, 0.08748481166464156, 0.056500607533414335, 0.041312272174969626, 0.040097205346294046, 0.028554070473876064, 0.027946537059538274, 0.03219927095990279, 0.027946537059538274, 0.03948967193195626, 0.0583232077764277, 0.09416767922235723, 0.06743620899149454]",0.3230,0.6292,2.6431,0.5930
openrainer,radar,steps,gauges,30,143,0.6065,0.9306,"[0.0029077886840635204, 0.16666666666666666, 0.25, 0.33333333333333337, 0.41666666666666674, 0.5437636761487966, 0.6666666666666666, 0.75, 0.8333333333333333, 0.9788467820973541]","[0.005027531721331099, 0.05945945945945946, 0.046948356807511735, 0.1322314049586777, 0.06329113924050633, 0.16849015317286653, 0.22448979591836735, 0.41040462427745666, 0.42657342657342656, 0.5227049983665468]","[0.22186572551536055, 0.08157535894762172, 0.06168284270474052, 0.050693831715729526, 0.04435710275126333, 0.04050693831715729, 0.043795620437956206, 0.047645784872062245, 0.051094890510948905, 0.0653725836207588, 0.0866286997673859, 0.14758963664073152, 0.057190984198283466]",0.3544,0.8991,3.4259,0.4351
openrainer,radar (LINDA-P subset),steps,gauges,30,26,0.4875,0.9074,"[0.0024288505200908183, 0.16666666666666666, 0.25, 0.33333333333333326, 0.4166666666666667, 0.5367231638418078, 0.6666666666666666, 0.75, 0.8333333333333336, 0.9758184523809523]","[0.006177728496752732, 0.058823529411764705, 0.03225806451612903, 0.0, 0.2, 0.1864406779661017, 0.11764705882352941, 0.14285714285714285, 0.325, 0.41964285714285715]","[0.24038954382368016, 0.07790876473603281, 0.05433111225012814, 0.05176832393644285, 0.04561763198359815, 0.03434136340338288, 0.03587903639159405, 0.041517170681701694, 0.04561763198359815, 0.06817016914402871, 0.08867247565351102, 0.1435161455663762, 0.07227063044592516]",0.2952,0.7253,2.8401,0.4649
openrainer,radar,steps,gauges,45,143,0.6406,0.9040,"[0.00527603292078695, 0.16666666666666669, 0.25, 0.33333333333333337, 0.41666666666666663, 0.5403877221324718, 0.6666666666666667, 0.75, 0.8333333333333334, 0.9725365393682225]","[0.007649729460787362, 0.07536231884057971, 0.10485933503836317, 0.09467455621301775, 0.1564245810055866, 0.23909531502423265, 0.38857142857142857, 0.4095940959409594, 0.4861878453038674, 0.4912776991984913]","[0.13798272539082018, 0.06695695624241559, 0.05539296166749946, 0.05346562923834678, 0.0455421514740524, 0.04975372974516382, 0.048897137554429294, 0.05146691412663288, 0.06395888357484475, 0.0818045542151474, 0.10907273895352987, 0.17867085445071026, 0.05703476336640731]",0.3096,0.9790,3.7348,0.3260
openrainer,radar (LINDA-P subset),steps,gauges,45,26,0.5662,0.8598,"[0.004846081832700039, 0.16666666666666669, 0.25, 0.3333333333333333, 0.41666666666666674, 0.5457317073170732, 0.6666666666666665, 0.75, 0.8333333333333334, 0.9724061810154526]","[0.01106889145878077, 0.009615384615384616, 0.0625, 0.03571428571428571, 0.1724137931034483, 0.15853658536585366, 0.36363636363636365, 0.2, 0.26785714285714285, 0.40066225165562913]","[0.13832100913440626, 0.06524575902566333, 0.05915615484993476, 0.04915180513266638, 0.042627229230100046, 0.04784688995215311, 0.0430622009569378, 0.048281861678990866, 0.07220530665506741, 0.07525010874293171, 0.10439321444106132, 0.1809482383645063, 0.07351022183558069]",0.2560,0.8622,3.6480,0.2832
openrainer,radar,steps,gauges,60,143,0.6911,0.8705,"[0.007143784907130797, 0.1666666666666666, 0.25, 0.33333333333333326, 0.41666666666666674, 0.5393462469733656, 0.6666666666666667, 0.75, 0.8333333333333334, 0.9695900537634412]","[0.010715677360696195, 0.09339622641509433, 0.14731369150779897, 0.19174041297935104, 0.290519877675841, 0.3075060532687651, 0.32515337423312884, 0.37333333333333335, 0.34513274336283184, 0.4321236559139785]","[0.09713440064576886, 0.05623570563702408, 0.04802905959908516, 0.04332032826584152, 0.04762545405623571, 0.047759989237185524, 0.04883627068478407, 0.05805193057984663, 0.07123637831292882, 0.08724606484595722, 0.12397416924525763, 0.2058388268532221, 0.06471142203686264]",0.2705,1.0615,4.0888,0.2343
openrainer,radar (LINDA-P subset),steps,gauges,60,26,0.5941,0.8544,"[0.006787460454414724, 0.16666666666666663, 0.25, 0.33333333333333326, 0.4166666666666667, 0.5397196261682243, 0.6666666666666669, 0.75, 0.8333333333333335, 0.9693732193732194]","[0.011734253666954271, 0.10967741935483871, 0.15053763440860216, 0.32432432432432434, 0.29411764705882354, 0.22429906542056074, 0.33962264150943394, 0.20588235294117646, 0.16666666666666666, 0.43162393162393164]","[0.09699129057798891, 0.04790182106096595, 0.04671417260490895, 0.04077593032462391, 0.04592240696753761, 0.048693586698337295, 0.0447347585114806, 0.0625494853523357, 0.0791765637371338, 0.08273950910530482, 0.1187648456057007, 0.21179730799683294, 0.07323832145684878]",0.2543,0.9110,3.8367,0.1999
openrainer,radar,steps,gauges,75,143,0.6546,0.8470,"[0.009029178202367523, 0.16666666666666663, 0.25, 0.33333333333333337, 0.41666666666666674, 0.5382341723874906, 0.6666666666666667, 0.75, 0.8333333333333335, 0.9686907020872866]","[0.012714905834501146, 0.08803611738148984, 0.1419753086419753, 0.21444201312910285, 0.27320954907161804, 0.28718535469107553, 0.3790322580645161, 0.2537313432835821, 0.33170731707317075, 0.38140417457305503]","[0.06840052015604682, 0.047074122236671, 0.04375812743823147, 0.04369310793237972, 0.044083224967490245, 0.04525357607282185, 0.050455136540962287, 0.06449934980494149, 0.07360208062418726, 0.0994148244473342, 0.13634590377113134, 0.2248374512353706, 0.05858257477243173]",0.2357,1.0419,4.0048,0.1874
openrainer,radar (LINDA-P subset),steps,gauges,75,26,0.5683,0.8238,"[0.008842297174111212, 0.1666666666666667, 0.25, 0.33333333333333326, 0.4166666666666667, 0.5307443365695793, 0.6666666666666665, 0.75, NaN, 0.9676767676767678]","[0.014767547857793984, 0.09917355371900827, 0.13761467889908258, 0.3148148148148148, 0.125, 0.27184466019417475, 0.45, 0.12121212121212122, NaN, 0.4]","[0.07213740458015268, 0.04770992366412214, 0.0416030534351145, 0.03969465648854962, 0.03969465648854962, 0.042366412213740455, 0.052290076335877865, 0.06641221374045801, 0.08473282442748091, 0.09656488549618321, 0.1385496183206107, 0.2099236641221374, 0.0683206106870229]",0.2059,0.9131,4.1701,0.1221
openrainer,radar,steps,gauges,90,143,0.5936,0.8126,"[0.01062159583589966, 0.16666666666666663, 0.25, 0.3333333333333333, 0.41666666666666663, 0.5400307929176291, 0.6666666666666666, 0.75, 0.8333333333333335, 0.972528735632184]","[0.015180609398210209, 0.06948051948051948, 0.13653136531365315, 0.24703557312252963, 0.2967914438502674, 0.2863741339491917, 0.19047619047619047, 0.29559748427672955, 0.3333333333333333, 0.2924137931034483]","[0.05447645999485464, 0.035310007718034477, 0.0383972215075894, 0.038204270645742215, 0.04238487265243118, 0.0466297916130692, 0.05061744275791098, 0.06637509647543093, 0.07975302289683561, 0.1077952148186262, 0.14754309235914587, 0.2392590686905068, 0.05325443786982249]",0.1997,0.9997,3.5326,0.1584
openrainer,radar (LINDA-P subset),steps,gauges,90,26,0.5130,0.7917,"[0.009927855455532146, 0.16666666666666669, 0.25, 0.33333333333333326, 0.41666666666666674, 0.5411522633744856, 0.6666666666666667, 0.75, NaN, 0.9766355140186918]","[0.016663474430185787, 0.08571428571428572, 0.11731843575418995, 0.20634920634920634, 0.08888888888888889, 0.345679012345679, 0.2608695652173913, 0.23809523809523808, NaN, 0.2897196261682243]","[0.05249441548771407, 0.033879374534623974, 0.036857781087118395, 0.03090096798212956, 0.04169769173492182, 0.04281459419210722, 0.0573343261355175, 0.07557706626954579, 0.08190618019359643, 0.11504095309009679, 0.14072970960536113, 0.23566641846612063, 0.055100521221146684]",0.1883,0.8781,3.3160,0.0945
openrainer,radar,linda_p,gauges,15,26,0.4379,0.9447,"[0.002129245182582775, NaN, NaN, NaN, NaN, 0.5384615384615384, 0.6666666666666666, 0.75, 0.8333333333333333, 0.9755366161616162]","[0.0025550942190993293, NaN, NaN, NaN, NaN, 0.10256410256410256, 0.0, 0.14814814814814814, 0.24, 0.44696969696969696]","[0.3527239150507849, 0.10895660203139428, 0.07063711911357341, 0.05817174515235457, 0.041089566020313946, 0.03185595567867036, 0.027700831024930747, 0.04155124653739612, 0.03508771929824561, 0.039242843951985226, 0.04478301015697138, 0.11034164358264081, 0.03785780240073869]",0.2961,0.6725,2.6274,0.6373
openrainer,radar (LINDA-P subset),linda_p,gauges,15,26,0.4379,0.9447,"[0.002129245182582775, NaN, NaN, NaN, NaN, 0.5384615384615384, 0.6666666666666666, 0.75, 0.8333333333333333, 0.9755366161616162]","[0.0025550942190993293, NaN, NaN, NaN, NaN, 0.10256410256410256, 0.0, 0.14814814814814814, 0.24, 0.44696969696969696]","[0.3527239150507849, 0.10895660203139428, 0.07063711911357341, 0.05817174515235457, 0.041089566020313946, 0.03185595567867036, 0.027700831024930747, 0.04155124653739612, 0.03508771929824561, 0.039242843951985226, 0.04478301015697138, 0.11034164358264081, 0.03785780240073869]",0.2961,0.6725,2.6274,0.6373
openrainer,radar,linda_p,gauges,30,26,0.4836,0.9248,"[0.00351213282247765, 0.16666666666666663, 0.25, 0.33333333333333337, NaN, 0.5370370370370371, 0.6666666666666665, 0.75, 0.8333333333333335, 0.9655448717948717]","[0.004331167749458604, 0.02, 0.0, 0.09090909090909091, NaN, 0.022222222222222223, 0.13333333333333333, 0.1836734693877551, 0.17045454545454544, 0.4423076923076923]","[0.262343404568902, 0.11201179071481208, 0.07221812822402358, 0.0578481945467944, 0.040899042004421515, 0.03868828297715549, 0.039425202652910836, 0.04126750184229919, 0.04900515843773029, 0.05305821665438467, 0.0681650700073692, 0.12638172439204126, 0.03868828297715549]",0.2517,0.7852,2.8193,0.5345
openrainer,radar (LINDA-P subset),linda_p,gauges,30,26,0.4836,0.9248,"[0.00351213282247765, 0.16666666666666663, 0.25, 0.33333333333333337, NaN, 0.5370370370370371, 0.6666666666666665, 0.75, 0.8333333333333335, 0.9655448717948717]","[0.004331167749458604, 0.02, 0.0, 0.09090909090909091, NaN, 0.022222222222222223, 0.13333333333333333, 0.1836734693877551, 0.17045454545454544, 0.4423076923076923]","[0.262343404568902, 0.11201179071481208, 0.07221812822402358, 0.0578481945467944, 0.040899042004421515, 0.03868828297715549, 0.039425202652910836, 0.04126750184229919, 0.04900515843773029, 0.05305821665438467, 0.0681650700073692, 0.12638172439204126, 0.03868828297715549]",0.2517,0.7852,2.8193,0.5345
openrainer,radar,linda_p,gauges,45,26,0.5742,0.8687,"[0.004779024903542616, 0.16666666666666666, 0.25, 0.33333333333333337, 0.4166666666666668, 0.5403439153439155, 0.6666666666666665, 0.75, 0.8333333333333336, 0.9627705627705627]","[0.009470361276745002, 0.03773584905660377, 0.016666666666666666, 0.0, 0.0, 0.1111111111111111, 0.0851063829787234, 0.2077922077922078, 0.25, 0.37402597402597404]","[0.2064191315292637, 0.1157960981749528, 0.06891126494650723, 0.06670862177470108, 0.048458149779735685, 0.045311516677155446, 0.040591567023285084, 0.04185022026431718, 0.0446821900566394, 0.06387665198237885, 0.0723725613593455, 0.14380113278791692, 0.04122089364380113]",0.2080,0.9500,3.4348,0.4188
openrainer,radar (LINDA-P subset),linda_p,gauges,45,26,0.5742,0.8687,"[0.004779024903542616, 0.16666666666666666, 0.25, 0.33333333333333337, 0.4166666666666668, 0.5403439153439155, 0.6666666666666665, 0.75, 0.8333333333333336, 0.9627705627705627]","[0.009470361276745002, 0.03773584905660377, 0.016666666666666666, 0.0, 0.0, 0.1111111111111111, 0.0851063829787234, 0.2077922077922078, 0.25, 0.37402597402597404]","[0.2064191315292637, 0.1157960981749528, 0.06891126494650723, 0.06670862177470108, 0.048458149779735685, 0.045311516677155446, 0.040591567023285084, 0.04185022026431718, 0.0446821900566394, 0.06387665198237885, 0.0723725613593455, 0.14380113278791692, 0.04122089364380113]",0.2080,0.9500,3.4348,0.4188
openrainer,radar,linda_p,gauges,60,26,0.6224,0.8819,"[0.007712600869025451, 0.16666666666666666, 0.25, 0.3333333333333333, 0.4166666666666667, 0.5426136363636364, 0.6666666666666666, 0.75, 0.8333333333333334, 0.9591642924976259]","[0.0074487895716946, 0.05747126436781609, 0.009615384615384616, 0.1, 0.1935483870967742, 0.1534090909090909, 0.2318840579710145, 0.18823529411764706, 0.29069767441860467, 0.3903133903133903]","[0.1502320185614849, 0.12267981438515081, 0.07047563805104408, 0.06960556844547564, 0.05423433874709977, 0.046113689095127613, 0.043793503480278426, 0.04495359628770302, 0.05307424593967518, 0.060904872389791184, 0.09193735498839907, 0.15342227378190254, 0.03857308584686775]",0.2194,1.0954,3.7550,0.3419
openrainer,radar (LINDA-P subset),linda_p,gauges,60,26,0.6224,0.8819,"[0.007712600869025451, 0.16666666666666666, 0.25, 0.3333333333333333, 0.4166666666666667, 0.5426136363636364, 0.6666666666666666, 0.75, 0.8333333333333334, 0.9591642924976259]","[0.0074487895716946, 0.05747126436781609, 0.009615384615384616, 0.1, 0.1935483870967742, 0.1534090909090909, 0.2318840579710145, 0.18823529411764706, 0.29069767441860467, 0.3903133903133903]","[0.1502320185614849, 0.12267981438515081, 0.07047563805104408, 0.06960556844547564, 0.05423433874709977, 0.046113689095127613, 0.043793503480278426, 0.04495359628770302, 0.05307424593967518, 0.060904872389791184, 0.09193735498839907, 0.15342227378190254, 0.03857308584686775]",0.2194,1.0954,3.7550,0.3419
openrainer,radar,linda_p,gauges,75,26,0.6257,0.8594,"[0.009173697602785589, 0.16666666666666663, 0.25, 0.3333333333333333, 0.41666666666666674, 0.5427756653992395, 0.6666666666666666, 0.75, 0.8333333333333333, 0.9470551378446114]","[0.009642426677380474, 0.03431372549019608, 0.07142857142857142, 0.1232876712328767, 0.09230769230769231, 0.1444866920152091, 0.12121212121212122, 0.11842105263157894, 0.3, 0.41729323308270677]","[0.11447624340094471, 0.1125312586829675, 0.07224228952486803, 0.07641011392053348, 0.06251736593498194, 0.05029174770769658, 0.04723534315087524, 0.04723534315087524, 0.05029174770769658, 0.08057793831619894, 0.09252570158377327, 0.16504584606835232, 0.02861906085023618]",0.1893,1.1827,4.2099,0.2521
openrainer,radar (LINDA-P subset),linda_p,gauges,75,26,0.6257,0.8594,"[0.009173697602785589, 0.16666666666666663, 0.25, 0.3333333333333333, 0.41666666666666674, 0.5427756653992395, 0.6666666666666666, 0.75, 0.8333333333333333, 0.9470551378446114]","[0.009642426677380474, 0.03431372549019608, 0.07142857142857142, 0.1232876712328767, 0.09230769230769231, 0.1444866920152091, 0.12121212121212122, 0.11842105263157894, 0.3, 0.41729323308270677]","[0.11447624340094471, 0.1125312586829675, 0.07224228952486803, 0.07641011392053348, 0.06251736593498194, 0.05029174770769658, 0.04723534315087524, 0.04723534315087524, 0.05029174770769658, 0.08057793831619894, 0.09252570158377327, 0.16504584606835232, 0.02861906085023618]",0.1893,1.1827,4.2099,0.2521
openrainer,radar,linda_p,gauges,90,26,0.6129,0.8371,"[0.010734646748935555, 0.16666666666666669, 0.25, 0.3333333333333333, 0.4166666666666667, 0.5388127853881279, 0.6666666666666665, 0.75, 0.8333333333333335, 0.9382911392405063]","[0.009742368478025547, 0.03488372093023256, 0.1337579617834395, 0.09210526315789473, 0.07142857142857142, 0.13356164383561644, 0.07272727272727272, 0.1870967741935484, 0.26732673267326734, 0.3291139240506329]","[0.07675733907891193, 0.10880689469431726, 0.07325612712092648, 0.07891193105305683, 0.06544573121465122, 0.05548074333423108, 0.05063291139240506, 0.04793967142472394, 0.055211419337462965, 0.07891193105305683, 0.10665230272017237, 0.17398330191220038, 0.02800969566388365]",0.1627,1.2543,3.7897,0.1905
openrainer,radar (LINDA-P subset),linda_p,gauges,90,26,0.6129,0.8371,"[0.010734646748935555, 0.16666666666666669, 0.25, 0.3333333333333333, 0.4166666666666667, 0.5388127853881279, 0.6666666666666665, 0.75, 0.8333333333333335, 0.9382911392405063]","[0.009742368478025547, 0.03488372093023256, 0.1337579617834395, 0.09210526315789473, 0.07142857142857142, 0.13356164383561644, 0.07272727272727272, 0.1870967741935484, 0.26732673267326734, 0.3291139240506329]","[0.07675733907891193, 0.10880689469431726, 0.07325612712092648, 0.07891193105305683, 0.06544573121465122, 0.05548074333423108, 0.05063291139240506, 0.04793967142472394, 0.055211419337462965, 0.07891193105305683, 0.10665230272017237, 0.17398330191220038, 0.02800969566388365]",0.1627,1.2543,3.7897,0.1905
openrainer,cml_idw10,steps,gauges,15,143,0.5481,0.5956,"[0.00013335333633378342, NaN, NaN, NaN, NaN, NaN, NaN, NaN, NaN, 0.9928104575163398]","[0.05033254988248237, NaN, NaN, NaN, NaN, NaN, NaN, NaN, NaN, 0.6352941176470588]","[0.12615318601158548, 0.015018236429950654, 0.00815275691911607, 0.004076378459558035, 0.005792748337266681, 0.005363655867839519, 0.006007294571980262, 0.0064363870414074235, 0.007509118214975327, 0.007509118214975327, 0.010512765500965459, 0.017592791246513622, 0.7798755631838661]",0.1643,0.5699,3.6703,0.2689
openrainer,cml_idw10,steps,gauges,30,143,0.5482,0.5768,"[0.00028588122365510635, NaN, NaN, NaN, NaN, NaN, NaN, NaN, NaN, 0.9887596899224808]","[0.051183172655565295, NaN, NaN, NaN, NaN, NaN, NaN, NaN, NaN, 0.4930232558139535]","[0.1313152400835073, 0.015448851774530271, 0.009812108559498956, 0.008977035490605427, 0.00918580375782881, 0.0077244258872651355, 0.005427974947807933, 0.006889352818371607, 0.005845511482254697, 0.011691022964509395, 0.018580375782881003, 0.03277661795407098, 0.7363256784968685]",0.1191,0.5793,3.5257,0.1659
openrainer,cml_idw10,steps,gauges,45,143,0.5694,0.5710,"[0.0005464137671146839, 0.16666666666666669, 0.25, NaN, NaN, 0.5555555555555556, NaN, NaN, NaN, 0.9859234234234235]","[0.051928149729933426, 0.6764705882352942, 0.8181818181818182, NaN, NaN, 0.38095238095238093, NaN, NaN, NaN, 0.4831081081081081]","[0.11037441497659907, 0.018525741029641187, 0.010335413416536661, 0.012285491419656786, 0.010725429017160686, 0.010335413416536661, 0.009945397815912636, 0.010530421216848674, 0.014625585023400936, 0.01638065522620905, 0.02925117004680187, 0.06630265210608424, 0.6803822152886115]",0.0969,0.6085,3.7582,0.0844
openrainer,cml_idw10,steps,gauges,60,143,0.6036,0.5572,"[0.0008181246066708621, 0.16666666666666669, NaN, 0.3333333333333333, NaN, NaN, NaN, NaN, NaN, 0.9848790322580645]","[0.05364380113278792, 0.3541666666666667, NaN, 0.2857142857142857, NaN, NaN, NaN, NaN, NaN, 0.3548387096774194]","[0.0912274235164025, 0.018982676004423146, 0.016218208625138224, 0.01124216734242536, 0.009583486914854404, 0.009952082565425728, 0.013269443420567637, 0.012347954294139329, 0.01713969775156653, 0.02727607814227792, 0.04072981938813122, 0.08274972355326207, 0.649281238481386]",0.0828,0.6493,3.9994,0.0492
openrainer,cml_idw10,steps,gauges,75,143,0.5869,0.5441,"[0.0010280020181634715, 0.16666666666666669, 0.25, 0.33333333333333337, 0.4166666666666667, 0.5470085470085471, NaN, 0.75, NaN, 0.9766260162601625]","[0.05401109989909183, 0.3125, 0.125, 0.1, 0.3, 0.20512820512820512, NaN, 0.13636363636363635, NaN, 0.1951219512195122]","[0.0764364786505008, 0.017220172201722016, 0.015287295730100159, 0.014232999472851872, 0.013881567387102443, 0.012300123001230012, 0.014057283429977157, 0.017571604287471447, 0.02161307327358988, 0.03145317167457389, 0.05201194869091548, 0.09558952732384467, 0.6183447548761202]",0.0637,0.6383,3.9214,0.0296
openrainer,cml_idw10,steps,gauges,90,143,0.5408,0.5349,"[0.0012480216856921571, 0.16666666666666666, 0.25, 0.3333333333333333, NaN, 0.5376984126984127, NaN, NaN, 0.8333333333333335, 0.9785478547854785]","[0.05298515001515305, 0.29545454545454547, 0.23529411764705882, 0.19047619047619047, NaN, 0.11904761904761904, NaN, NaN, 0.75, 0.09900990099009901]","[0.06591889559965487, 0.016048317515099223, 0.013805004314063849, 0.014667817083692839, 0.01449525452976704, 0.014667817083692839, 0.014150129421915444, 0.017601380500431408, 0.023986194995685935, 0.03710094909404659, 0.060396893874029335, 0.1183779119930975, 0.5887834339948231]",0.0540,0.5967,3.5479,0.0189
openrainer,cml_idw20,steps,gauges,15,143,0.5399,0.6789,"[0.00031746031746031757, NaN, 0.25, NaN, NaN, 0.5454545454545454, NaN, 0.75, 0.8333333333333335, 0.9916857070322418]","[0.04, NaN, 0.09090909090909091, NaN, NaN, 0.045454545454545456, NaN, 0.0, 0.5454545454545454, 0.5681645087585682]","[0.23951141795007966, 0.03469640644361834, 0.01858736059479554, 0.017702248185519562, 0.012391573729863693, 0.013099663657284474, 0.012568596211718889, 0.011860506284298106, 0.016640113294388387, 0.016640113294388387, 0.0242520800141618, 0.033988316516197555, 0.5480616038236856]",0.2654,0.5931,3.5172,0.3809
openrainer,cml_idw20,steps,gauges,30,143,0.5609,0.6530,"[0.0005662343478185982, 0.16666666666666666, 0.25, NaN, 0.41666666666666674, 0.5369047619047619, 0.6666666666666667, 0.75, 0.8333333333333336, 0.9866694584031267]","[0.04198315506639797, 0.25, 0.2, NaN, 0.3333333333333333, 0.1, 0.4, 0.07692307692307693, 0.391304347826087, 0.47906197654941374]","[0.2226713828532929, 0.04177193868957386, 0.021222839818089943, 0.0180225703217113, 0.01684352366515075, 0.016506653191847735, 0.014653865588681153, 0.01549604177193869, 0.019201616978271854, 0.01886474650496884, 0.02745494357419572, 0.057941721408118575, 0.5093481556341587]",0.2112,0.6348,3.4432,0.2807
openrainer,cml_idw20,steps,gauges,45,143,0.5892,0.6415,"[0.0010392849719393059, 0.16666666666666666, 0.25, 0.3333333333333333, 0.4166666666666667, 0.5413580246913581, 0.6666666666666666, 0.75, 0.8333333333333336, 0.9832829301075269]","[0.04333818332986905, 0.2246376811594203, 0.3488372093023256, 0.32432432432432434, 0.047619047619047616, 0.2740740740740741, 0.07142857142857142, 0.3103448275862069, 0.375, 0.4344758064516129]","[0.17050763002180006, 0.03970725630644659, 0.029741513547181565, 0.02273435066957334, 0.020242914979757085, 0.02164434755527873, 0.020554344440984116, 0.022111491747119277, 0.026938648396138274, 0.03550295857988166, 0.05091871691061974, 0.07209592027405792, 0.4672999065711616]",0.1805,0.6798,3.7267,0.1715
openrainer,cml_idw20,steps,gauges,60,143,0.6362,0.6169,"[0.0014416250729523265, 0.16666666666666666, 0.25, 0.3333333333333333, 0.4166666666666667, 0.5385674931129476, 0.6666666666666666, 0.75, 0.8333333333333334, 0.977704678362573]","[0.046306216844801004, 0.28, 0.20909090909090908, 0.12280701754385964, 0.09803921568627451, 0.24793388429752067, 0.17391304347826086, 0.3076923076923077, 0.48214285714285715, 0.33223684210526316]","[0.1471949103528051, 0.03976286871023713, 0.024146905725853093, 0.024580682475419318, 0.020242914979757085, 0.020242914979757085, 0.02515905147484095, 0.022267206477732792, 0.029207634470792367, 0.043522267206477734, 0.062174667437825334, 0.09904569115095431, 0.4424522845575477]",0.1428,0.7418,4.0152,0.1056
openrainer,cml_idw20,steps,gauges,75,143,0.6220,0.5970,"[0.0017233696791780254, 0.16666666666666669, 0.25, 0.3333333333333333, 0.4166666666666667, 0.5406602254428343, 0.6666666666666666, 0.75, 0.8333333333333335, 0.9776255707762558]","[0.04765149926609352, 0.22727272727272727, 0.1956521739130435, 0.275, 0.15555555555555556, 0.1932367149758454, 0.3541666666666667, 0.4117647058823529, 0.3103448275862069, 0.2821917808219178]","[0.12518874399450927, 0.03225806451612903, 0.0242964996568291, 0.02663006177076184, 0.0242964996568291, 0.020315717227179134, 0.024159231297185998, 0.03335621139327385, 0.03514070006863418, 0.04680851063829787, 0.07041866849691146, 0.11352093342484558, 0.4236101578586136]",0.1196,0.7345,3.9557,0.0783
openrainer,cml_idw20,steps,gauges,90,143,0.5758,0.5849,"[0.002158462753356146, 0.16666666666666669, 0.25, 0.33333333333333326, 0.4166666666666667, 0.5437710437710438, 0.6666666666666666, 0.75, 0.8333333333333335, 0.9767054908485857]","[0.04724927612529613, 0.17814726840855108, 0.1963470319634703, 0.20512820512820512, 0.25, 0.15151515151515152, 0.34615384615384615, 0.2926829268292683, 0.3176470588235294, 0.2129783693843594]","[0.10592938041305797, 0.030912724850099934, 0.023051299133910727, 0.023984010659560292, 0.024383744170552963, 0.02491672218520986, 0.023984010659560292, 0.03424383744170553, 0.04277148567621586, 0.05862758161225849, 0.07741505662891406, 0.12751499000666222, 0.4022651565622918]",0.1024,0.6959,3.5773,0.0658
openrainer,cml_idw40,steps,gauges,15,143,0.5629,0.7368,"[0.0005802725066000462, 0.16666666666666666, 0.25, 0.3333333333333333, 0.41666666666666674, 0.5437853107344632, 0.6666666666666666, 0.75, 0.8333333333333335, 0.9886975242195912]","[0.03237123265826822, 0.1724137931034483, 0.2558139534883721, 0.11764705882352941, 0.18181818181818182, 0.22033898305084745, 0.08333333333333333, 0.3611111111111111, 0.6022727272727273, 0.49784714747039827]","[0.28613011206520156, 0.048464561199243195, 0.03405617814000873, 0.024887207102314075, 0.023868432542570223, 0.023577354096929123, 0.023431814874108572, 0.021394265754620872, 0.02226750109154417, 0.026488138553340125, 0.027070295444622326, 0.04206083539513899, 0.39630330374035805]",0.3003,0.6577,3.5921,0.3845
openrainer,cml_idw40,steps,gauges,30,143,0.5761,0.7193,"[0.0010499039449582278, 0.16666666666666666, 0.25, 0.33333333333333337, 0.41666666666666674, 0.5363475177304965, 0.6666666666666666, 0.75, 0.8333333333333334, 0.9844365642237984]","[0.03361479694410937, 0.18518518518518517, 0.14754098360655737, 0.1702127659574468, 0.15625, 0.26063829787234044, 0.14814814814814814, 0.3058823529411765, 0.4700854700854701, 0.4515366430260047]","[0.25340112683798266, 0.04974577435756493, 0.035866428473271955, 0.03380513948055518, 0.0251477257111447, 0.026659337639137005, 0.023773533049333516, 0.024598048646420227, 0.028170949567129313, 0.03435481654527965, 0.04218771471760341, 0.0651367321698502, 0.35715267280472723]",0.2590,0.6909,3.4886,0.3206
openrainer,cml_idw40,steps,gauges,45,143,0.6127,0.7052,"[0.0014394350896252042, 0.16666666666666666, 0.25, 0.33333333333333337, 0.41666666666666663, 0.5421768707482995, 0.6666666666666667, 0.75, 0.8333333333333333, 0.9806694955209806]","[0.03530689842476915, 0.20512820512820512, 0.22395833333333334, 0.2, 0.25, 0.2693877551020408, 0.2831858407079646, 0.3111111111111111, 0.47093023255813954, 0.41230551626591233]","[0.19474891664542443, 0.04766760132551619, 0.03836349732347693, 0.034794799898037215, 0.034030079021157275, 0.03186336986999745, 0.034284985980117255, 0.035049706856997195, 0.036834055569717056, 0.04537343869487637, 0.055442263573795565, 0.08042314555187356, 0.3311241396890135]",0.2235,0.7532,3.7403,0.2390
openrainer,cml_idw40,steps,gauges,60,143,0.6541,0.6732,"[0.001897732780933044, 0.1666666666666666, 0.25, 0.3333333333333333, 0.41666666666666674, 0.5416666666666667, 0.6666666666666666, 0.75, 0.8333333333333333, 0.9794676297485285]","[0.03934480204132027, 0.20305676855895197, 0.22813688212927757, 0.1987179487179487, 0.1134020618556701, 0.24436090225563908, 0.2898550724637681, 0.38461538461538464, 0.38926174496644295, 0.3394863563402889]","[0.17257429287504475, 0.04368063014679556, 0.03449098937820742, 0.03031387993794009, 0.027926960257787327, 0.028046306241794963, 0.033655567490153956, 0.04081632653061224, 0.04714166368301707, 0.053228308867406614, 0.07244301229263635, 0.09380594343000358, 0.32187611886860007]",0.1824,0.8086,3.9804,0.1968
openrainer,cml_idw40,steps,gauges,75,143,0.6386,0.6497,"[0.0024490134764922375, 0.16666666666666669, 0.25, 0.3333333333333333, 0.41666666666666663, 0.5423925667828108, 0.6666666666666667, 0.75, 0.8333333333333334, 0.9762450351359606]","[0.041342668179428284, 0.17100371747211895, 0.17142857142857143, 0.20555555555555555, 0.2246376811594203, 0.24390243902439024, 0.3235294117647059, 0.25210084033613445, 0.3072916666666667, 0.2859761686526123]","[0.13641475483580748, 0.04475933423301844, 0.03486279802069276, 0.0318263607737292, 0.02822762033288349, 0.03227620332883491, 0.03609986504723347, 0.04104813315339631, 0.051731893837157, 0.06320287899235268, 0.07816014394961764, 0.11302294197031039, 0.3083670715249663]",0.1589,0.8006,3.9449,0.1497
openrainer,cml_idw40,steps,gauges,90,143,0.5959,0.6257,"[0.0029704402691830235, 0.16666666666666666, 0.25, 0.3333333333333334, 0.4166666666666667, 0.5396174863387979, 0.6666666666666665, 0.75, 0.8333333333333335, 0.9750379650721336]","[0.04236552515890572, 0.10289855072463767, 0.1693548387096774, 0.20532319391634982, 0.2242152466367713, 0.1885245901639344, 0.22549019607843138, 0.24183006535947713, 0.23863636363636365, 0.23462414578587698]","[0.11206989537266746, 0.0372128141516557, 0.03839930967533168, 0.030525293927300183, 0.027181533815122425, 0.03203537913925143, 0.044116060834861394, 0.04314529177003559, 0.058138280660122964, 0.07194477402653436, 0.09103656563477511, 0.12760220040988027, 0.28659260058246144]",0.1350,0.7723,3.6166,0.1123
openrainer,merged,steps,gauges,15,143,0.4788,0.9154,"[0.002325033012639125, 0.16666666666666663, 0.25, 0.33333333333333337, 0.41666666666666674, 0.5455586080586081, 0.6666666666666665, 0.75, 0.8333333333333333, 0.9774439544285193]","[0.008319185059422751, 0.11585365853658537, 0.11304347826086956, 0.16363636363636364, 0.22950819672131148, 0.29120879120879123, 0.4962962962962963, 0.5104166666666666, 0.5565217391304348, 0.6157662624035282]","[0.16705978873961644, 0.06501897241308584, 0.05835298943698082, 0.05527638190954774, 0.050148702697159264, 0.050148702697159264, 0.05384063173007897, 0.05219977438211466, 0.058045328684237514, 0.06676238334529792, 0.08224797456671111, 0.12665367654599527, 0.11424469285201518]",0.4255,0.6713,3.2302,0.5254
openrainer,merged,steps,gauges,30,143,0.4893,0.8945,"[0.004296859818895494, 0.16666666666666669, 0.25, 0.3333333333333333, 0.4166666666666666, 0.5404316172646907, 0.6666666666666666, 0.75, 0.8333333333333334, 0.9713653241930876]","[0.009793634137810424, 0.13374233128834356, 0.1680327868852459, 0.25572519083969464, 0.16901408450704225, 0.31981279251170047, 0.5079365079365079, 0.48523206751054854, 0.5891472868217055, 0.5586975149957155]","[0.09055151774262506, 0.0466866182129115, 0.04574604531851219, 0.050277896536981614, 0.04976485677640017, 0.05566481402308679, 0.05857203933304831, 0.06472851646002566, 0.07191107310816588, 0.09166310389055152, 0.11722958529286019, 0.16904660111158615, 0.08815733219324498]",0.3508,0.7290,3.1968,0.4265
openrainer,merged,steps,gauges,45,143,0.5320,0.8701,"[0.006194241686942418, 0.16666666666666666, 0.25, 0.33333333333333337, 0.41666666666666663, 0.5400717703349284, 0.6666666666666666, 0.75, 0.8333333333333334, 0.9665943077665219]","[0.011952554744525548, 0.11146496815286625, 0.17418546365914786, 0.18914473684210525, 0.2348993288590604, 0.36483253588516745, 0.4046692607003891, 0.48066298342541436, 0.7067307692307693, 0.4963820549927641]","[0.050590595052373524, 0.030606938563256816, 0.03543570314241141, 0.044944654929054306, 0.049179110021543716, 0.060099546839016416, 0.06700839462149914, 0.07763167669563925, 0.0900378872297749, 0.10028972587474927, 0.13111953049550554, 0.18951043756035957, 0.07354579897481614]",0.2946,0.8227,3.5269,0.3089
openrainer,merged,steps,gauges,60,143,0.5826,0.8237,"[0.007978048471006216, 0.16666666666666663, 0.25, 0.3333333333333333, 0.4166666666666667, 0.5385391444713479, 0.6666666666666666, 0.75, 0.8333333333333333, 0.9674479166666666]","[0.016844309097830225, 0.12214682294879704, 0.17206290471785385, 0.21842496285289748, 0.2678227360308285, 0.2990314769975787, 0.35911602209944754, 0.4230769230769231, 0.4552238805970149, 0.4174107142857143]","[0.03401453847208888, 0.024550816074612535, 0.029556988067480455, 0.036757646413386365, 0.04773007817857633, 0.05321629406117131, 0.06439445892195858, 0.0747496914003566, 0.09072829515841449, 0.10945000685776986, 0.14154436977095047, 0.21252228775202303, 0.08078452887121108]",0.2346,0.9090,3.8595,0.2231
openrainer,merged,steps,gauges,75,143,0.5562,0.7962,"[0.009464244349581383, 0.16666666666666657, 0.25, 0.33333333333333337, 0.4166666666666667, 0.5367902665121668, 0.6666666666666667, 0.75, 0.8333333333333334, 0.9689092762487257]","[0.0195572322049042, 0.1179164281625644, 0.15055603079555174, 0.20917678812415655, 0.24906367041198502, 0.33371958285052145, 0.3032258064516129, 0.37962962962962965, 0.32075471698113206, 0.3149847094801223]","[0.026958998476518514, 0.020732595879976154, 0.02139497913492747, 0.031926872888653375, 0.03914685036762271, 0.05053984235278532, 0.06875538186394647, 0.08134066370802145, 0.09929124991720209, 0.11730807445187785, 0.1438696429754256, 0.22474663840498113, 0.07398820957806186]",0.2077,0.8876,3.7719,0.1802
openrainer,merged,steps,gauges,90,143,0.5008,0.7754,"[0.01071648162971728, 0.16666666666666666, 0.25, 0.33333333333333326, 0.41666666666666663, 0.5315315315315317, 0.6666666666666667, 0.75, 0.8333333333333336, 0.9788011695906432]","[0.02029025858768663, 0.12034383954154727, 0.17417417417417416, 0.19774718397997496, 0.25157232704402516, 0.24453024453024452, 0.20689655172413793, 0.2631578947368421, 0.375, 0.2149122807017544]","[0.019964996434822066, 0.012186426395281, 0.021520710442730278, 0.023011603033642317, 0.03331820833603422, 0.048227134245154596, 0.06741427367602255, 0.08277694950411615, 0.10559408828676994, 0.12491087055163026, 0.15894211447462242, 0.23322745835223957, 0.06890516626693459]",0.1870,0.8398,3.2806,0.1523
openmrg,radar,steps,own,5,128,0.3326,0.9403,"[0.004252589332587565, 0.1666666666666667, 0.25, 0.3333333333333333, 0.4166666666666665, 0.5405587868716244, 0.6666666666666666, 0.75, 0.8333333333333334, 0.9715797244094491]","[0.017788015719984104, 0.184106614017769, 0.2691588785046729, 0.3082505729564553, 0.4056525353283458, 0.5317823016202742, 0.6799667497921862, 0.7809996184662342, 0.8427615571776156, 0.9441788526434196]","[0.0750859521427668, 0.0662550162705394, 0.06681844837697057, 0.07424655329032852, 0.07589085515195419, 0.07709820966573527, 0.07958191037979924, 0.07645428725838536, 0.07471799648142399, 0.07044051191831384, 0.06788781951774811, 0.07163636781767797, 0.12388607172835674]",0.6680,0.4380,1.7144,0.7213
openmrg,radar,steps,radar,5,128,0.3326,0.9403,"[0.004252589332587565, 0.1666666666666667, 0.25, 0.3333333333333333, 0.4166666666666665, 0.5405587868716244, 0.6666666666666666, 0.75, 0.8333333333333334, 0.9715797244094491]","[0.017788015719984104, 0.184106614017769, 0.2691588785046729, 0.3082505729564553, 0.4056525353283458, 0.5317823016202742, 0.6799667497921862, 0.7809996184662342, 0.8427615571776156, 0.9441788526434196]","[0.0788230018282797, 0.06833626548000966, 0.06863522945485069, 0.07205031793668863, 0.07561488840594709, 0.07543091057527568, 0.07633930111421573, 0.07522393551577035, 0.07401658100198925, 0.07019904101555763, 0.06915266710361402, 0.07229178883944484, 0.12388607172835674]",0.6680,0.4380,1.7144,0.7213
openmrg,radar (LINDA-P subset),steps,own,5,24,0.3597,0.9353,"[0.004567837670138751, 0.1666666666666667, 0.25, 0.3333333333333333, 0.4166666666666667, 0.5405, 0.6666666666666667, 0.75, 0.8333333333333329, 0.9658726981585268]","[0.019485920234464733, 0.20072992700729927, 0.2661654135338346, 0.30237154150197626, 0.40869565217391307, 0.551, 0.6833976833976834, 0.7859531772575251, 0.8629579375848032, 0.9275420336269016]","[0.07861278238165513, 0.06147122261323646, 0.06674991485980247, 0.06692019525485299, 0.07412873197865819, 0.07702349869451697, 0.07895334317175616, 0.07776138040640254, 0.07668293790441594, 0.07480985355886026, 0.0700987626291293, 0.07997502554205926, 0.11681235100465433]",0.6582,0.4623,1.8156,0.6471
openmrg,radar (LINDA-P subset),steps,radar,5,24,0.3597,0.9353,"[0.004567837670138751, 0.1666666666666667, 0.25, 0.3333333333333333, 0.4166666666666667, 0.5405, 0.6666666666666667, 0.75, 0.8333333333333329, 0.9658726981585268]","[0.019485920234464733, 0.20072992700729927, 0.2661654135338346, 0.30237154150197626, 0.40869565217391307, 0.551, 0.6833976833976834, 0.7859531772575251, 0.8629579375848032, 0.9275420336269016]","[0.0783289817232376, 0.06453626972414576, 0.06368486774889318, 0.06782835736178908, 0.07458281303212623, 0.07656941764104892, 0.07895334317175616, 0.07685321829946645, 0.07645589737768192, 0.07588829606084686, 0.06941764104892724, 0.08008854580542626, 0.11681235100465433]",0.6582,0.4623,1.8156,0.6471
openmrg,radar,steps,own,10,128,0.3823,0.9228,"[0.006001298016468581, 0.16666666666666666, 0.25, 0.3333333333333333, 0.4166666666666667, 0.5411102632582981, 0.6666666666666666, 0.75, 0.8333333333333335, 0.96449756316532]","[0.022041942157141118, 0.1762174848425582, 0.2541780992766276, 0.34121621621621623, 0.427023366068405, 0.5387256772224341, 0.651386748844376, 0.7476038338658147, 0.831995242343146, 0.9248749519045787]","[0.07972767177282093, 0.07363611932276269, 0.07129579862044254, 0.07440876108572965, 0.07583086983785721, 0.07598763773179253, 0.0721244289169578, 0.07288587297321508, 0.07132939174057153, 0.07051195915076593, 0.0720908357968288, 0.07407282988443967, 0.11609782316581564]",0.6062,0.5158,1.8612,0.6610
openmrg,radar,steps,radar,10,128,0.3823,0.9228,"[0.006001298016468581, 0.16666666666666666, 0.25, 0.3333333333333333, 0.4166666666666667, 0.5411102632582981, 0.6666666666666666, 0.75, 0.8333333333333335, 0.96449756316532]","[0.022041942157141118, 0.1762174848425582, 0.2541780992766276, 0.34121621621621623, 0.427023366068405, 0.5387256772224341, 0.651386748844376, 0.7476038338658147, 0.831995242343146, 0.9248749519045787]","[0.08202320164830243, 0.07381528263011736, 0.07162053211502284, 0.07430798172534266, 0.07549493863656723, 0.07670429096121115, 0.07206844038340948, 0.07144136880766819, 0.07204604496999015, 0.06971692197437965, 0.0716317298217325, 0.07303144316044075, 0.11609782316581564]",0.6062,0.5158,1.8612,0.6610
openmrg,radar (LINDA-P subset),steps,own,10,24,0.4243,0.9127,"[0.006746446943935827, 0.16666666666666663, 0.25, 0.3333333333333333, 0.4166666666666667, 0.5418743768693919, 0.6666666666666669, 0.75, 0.8333333333333336, 0.9563492063492062]","[0.026244659516958757, 0.2073778664007976, 0.3, 0.3542600896860987, 0.4448669201520912, 0.559322033898305, 0.692, 0.7412140575079872, 0.8248275862068966, 0.907563025210084]","[0.07673914252349441, 0.06828671523105155, 0.06517266307067786, 0.07190124006005671, 0.07290218539731969, 0.07746204748929544, 0.07623866985486293, 0.07623866985486293, 0.07707279096924874, 0.07318022576878162, 0.07434799532892176, 0.0763498860034477, 0.11410776844797865]",0.5964,0.5513,2.0591,0.5658
openmrg,radar (LINDA-P subset),steps,radar,10,24,0.4243,0.9127,"[0.006746446943935827, 0.16666666666666663, 0.25, 0.3333333333333333, 0.4166666666666667, 0.5418743768693919, 0.6666666666666669, 0.75, 0.8333333333333336, 0.9563492063492062]","[0.026244659516958757, 0.2073778664007976, 0.3, 0.3542600896860987, 0.4448669201520912, 0.559322033898305, 0.692, 0.7412140575079872, 0.8248275862068966, 0.907563025210084]","[0.07835177667797365, 0.06756381026525052, 0.06589556803647889, 0.068064282933882, 0.0759050214091086, 0.07846299282655841, 0.07457042762609131, 0.07523772451759995, 0.07640549407774008, 0.07312461769448925, 0.07584941333481622, 0.07646110215203247, 0.11410776844797865]",0.5964,0.5513,2.0591,0.5658
openmrg,radar,steps,own,15,128,0.4295,0.9042,"[0.00791938752533213, 0.16666666666666669, 0.25, 0.33333333333333337, 0.41666666666666663, 0.5406667860553962, 0.6666666666666664, 0.75, 0.8333333333333331, 0.9604405767856392]","[0.026822787660436838, 0.178417742469381, 0.2707805664287359, 0.35612216307088823, 0.44518052335210334, 0.5363538681948424, 0.6610302791977979, 0.7356859920777817, 0.7928812519177661, 0.8872493378736285]","[0.08104802513464991, 0.07508976660682226, 0.07180206463195692, 0.07309245960502693, 0.07634649910233393, 0.0763016157989228, 0.07356373429084381, 0.07173473967684021, 0.06925493716337522, 0.07292414721723518, 0.07129712746858169, 0.07394524236983842, 0.11359964093357271]",0.5529,0.5829,1.9756,0.6024
openmrg,radar,steps,radar,15,128,0.4295,0.9042,"[0.00791938752533213, 0.16666666666666669, 0.25, 0.33333333333333337, 0.41666666666666663, 0.5406667860553962, 0.6666666666666664, 0.75, 0.8333333333333331, 0.9604405767856392]","[0.026822787660436838, 0.178417742469381, 0.2707805664287359, 0.35612216307088823, 0.44518052335210334, 0.5363538681948424, 0.6610302791977979, 0.7356859920777817, 0.7928812519177661, 0.8872493378736285]","[0.08052064631956912, 0.0729129263913824, 0.07088195691202873, 0.07411355475763017, 0.07663824057450629, 0.07733393177737881, 0.07484290843806105, 0.07229578096947935, 0.06931104129263914, 0.07259874326750448, 0.07117369838420108, 0.07377692998204669, 0.11359964093357271]",0.5529,0.5829,1.9756,0.6024
openmrg,radar (LINDA-P subset),steps,own,15,24,0.4492,0.9029,"[0.00913839164307082, 0.16666666666666669, 0.25, 0.3333333333333333, 0.4166666666666667, 0.5404901006166828, 0.6666666666666667, 0.75, 0.8333333333333334, 0.9545131485429992]","[0.02759514325478716, 0.2016597510373444, 0.2878228782287823, 0.37372262773722625, 0.46955128205128205, 0.5462512171372931, 0.6647286821705426, 0.7465618860510805, 0.7889060092449923, 0.8941009239516702]","[0.07505890272635476, 0.07360035902614159, 0.06956131493324358, 0.07337596768764726, 0.07264669583754067, 0.07539548973409627, 0.07735891394592169, 0.07483451138786043, 0.07242230449904634, 0.07786379445753394, 0.07634915292269719, 0.07786379445753394, 0.10366879838438237]",0.5565,0.5892,1.9424,0.5610
openmrg,radar (LINDA-P subset),steps,radar,15,24,0.4492,0.9029,"[0.00913839164307082, 0.16666666666666669, 0.25, 0.3333333333333333, 0.4166666666666667, 0.5404901006166828, 0.6666666666666667, 0.75, 0.8333333333333334, 0.9545131485429992]","[0.02759514325478716, 0.2016597510373444, 0.2878228782287823, 0.37372262773722625, 0.46955128205128205, 0.5462512171372931, 0.6647286821705426, 0.7465618860510805, 0.7889060092449923, 0.8941009239516702]","[0.07578817457646135, 0.06843935824077191, 0.0718613261528105, 0.07432963087624818, 0.07556378323796702, 0.07533939189947268, 0.07685403343430944, 0.07438572871087176, 0.0739369460338831, 0.0759564680803321, 0.0759564680803321, 0.07791989229215752, 0.10366879838438237]",0.5565,0.5892,1.9424,0.5610
openmrg,radar,steps,own,20,128,0.4540,0.8888,"[0.008952733322974927, 0.16666666666666669, 0.25, 0.3333333333333333, 0.41666666666666663, 0.5399359472049687, 0.6666666666666667, 0.75, 0.8333333333333336, 0.9557094186174303]","[0.032706650093225605, 0.18389858412907475, 0.2644646924829157, 0.3552304719845432, 0.4456371191135734, 0.5512422360248447, 0.6962616822429907, 0.7391969407265775, 0.8181527644614893, 0.8847675568743818]","[0.07658135603101499, 0.07103130647700111, 0.06960881478458579, 0.07485571037136361, 0.07496064828309916, 0.0765930157989856, 0.0737130531102431, 0.07304844633591792, 0.07040167900658777, 0.0708913892613537, 0.07025010202296975, 0.07326998192735965, 0.12479449658951787]",0.5334,0.6111,2.0177,0.5757
openmrg,radar,steps,radar,20,128,0.4540,0.8888,"[0.008952733322974927, 0.16666666666666669, 0.25, 0.3333333333333333, 0.41666666666666663, 0.5399359472049687, 0.6666666666666667, 0.75, 0.8333333333333336, 0.9557094186174303]","[0.032706650093225605, 0.18389858412907475, 0.2644646924829157, 0.3552304719845432, 0.4456371191135734, 0.5512422360248447, 0.6962616822429907, 0.7391969407265775, 0.8181527644614893, 0.8847675568743818]","[0.07606832624030782, 0.07295516819215297, 0.0696787733924095, 0.07493732874715793, 0.0739812277735673, 0.07581181134495424, 0.0726403544569463, 0.0727686119046231, 0.07093802833323617, 0.0706232145980295, 0.07154433626770827, 0.07325832215938903, 0.12479449658951787]",0.5334,0.6111,2.0177,0.5757
openmrg,radar (LINDA-P subset),steps,own,20,24,0.4464,0.8886,"[0.010157621257146828, 0.16666666666666669, 0.25, 0.33333333333333326, 0.4166666666666667, 0.539460020768432, 0.6666666666666666, 0.75, 0.8333333333333333, 0.9489779874213837]","[0.03341848704447109, 0.17981072555205047, 0.296028880866426, 0.3522727272727273, 0.43824701195219123, 0.5316718587746625, 0.7379310344827587, 0.73125, 0.8448844884488449, 0.9047169811320754]","[0.07012879593524755, 0.06463429044074205, 0.07018787663948954, 0.07231478199220134, 0.0750324943873331, 0.07981803143093466, 0.07349639607704124, 0.07780928748670685, 0.07840009452912679, 0.07733664185277088, 0.0771593997400449, 0.07591870495096302, 0.10776320453739809]",0.5337,0.5856,1.8222,0.5574
openmrg,radar (LINDA-P subset),steps,radar,20,24,0.4464,0.8886,"[0.010157621257146828, 0.16666666666666669, 0.25, 0.33333333333333326, 0.4166666666666667, 0.539460020768432, 0.6666666666666666, 0.75, 0.8333333333333333, 0.9489779874213837]","[0.03341848704447109, 0.17981072555205047, 0.296028880866426, 0.3522727272727273, 0.43824701195219123, 0.5316718587746625, 0.7379310344827587, 0.73125, 0.8448844884488449, 0.9047169811320754]","[0.07012879593524755, 0.06723384142738982, 0.06622946945527591, 0.0738508803024932, 0.07491433297884911, 0.07851825593761078, 0.07420536452794517, 0.07863641734609476, 0.07645043128914096, 0.07840009452912679, 0.0771003190358029, 0.07656859269762496, 0.10776320453739809]",0.5337,0.5856,1.8222,0.5574
openmrg,radar,steps,own,25,128,0.4867,0.8743,"[0.010090213348155115, 0.16666666666666663, 0.25, 0.33333333333333326, 0.4166666666666667, 0.5385835095137422, 0.6666666666666669, 0.75, 0.8333333333333334, 0.9549519864432303]","[0.03635255889520715, 0.18947031525044006, 0.2682870901169457, 0.33946772366930916, 0.43214890016920476, 0.5120507399577167, 0.6776978417266187, 0.7392979452054794, 0.7862595419847328, 0.8670683487102241]","[0.07724031274164447, 0.07422090753992121, 0.07321443913934678, 0.07479778576951873, 0.07554650006750703, 0.07423318154480625, 0.07287076700256527, 0.07052643206951996, 0.06960588170314091, 0.06938494961520995, 0.06791206902900347, 0.07532556797957606, 0.1251212057982399]",0.4964,0.6610,2.1618,0.5289
openmrg,radar,steps,radar,25,128,0.4867,0.8743,"[0.010090213348155115, 0.16666666666666663, 0.25, 0.33333333333333326, 0.4166666666666667, 0.5385835095137422, 0.6666666666666669, 0.75, 0.8333333333333334, 0.9549519864432303]","[0.03635255889520715, 0.18947031525044006, 0.2682870901169457, 0.33946772366930916, 0.43214890016920476, 0.5120507399577167, 0.6776978417266187, 0.7392979452054794, 0.7862595419847328, 0.8670683487102241]","[0.07677390055601242, 0.07446638763762228, 0.07429455156923152, 0.0763811323996907, 0.0732880831686571, 0.07402452346176033, 0.07251482086089871, 0.07141016042124385, 0.06956905968848576, 0.06796116504854369, 0.06879579738072736, 0.07539921200888638, 0.1251212057982399]",0.4964,0.6610,2.1618,0.5289
openmrg,radar (LINDA-P subset),steps,own,25,24,0.4630,0.8750,"[0.012191730909369846, 0.16666666666666666, 0.25, 0.3333333333333333, 0.41666666666666674, 0.5385115070527097, 0.6666666666666665, 0.75, 0.8333333333333333, 0.950070323488045]","[0.03727994477045219, 0.19894894894894896, 0.2631578947368421, 0.3438985736925515, 0.4597902097902098, 0.5211581291759465, 0.675392670157068, 0.7857142857142857, 0.8194726166328601, 0.8913502109704642]","[0.06910443136039665, 0.06972420204524327, 0.07325689494886892, 0.07300898667493028, 0.07127362875735978, 0.0754880694143167, 0.0754880694143167, 0.07790517508521846, 0.0766036566470406, 0.07759528974279517, 0.07362875735977688, 0.08267740935853735, 0.10424542919119925]",0.5124,0.6167,1.9225,0.5070
openmrg,radar (LINDA-P subset),steps,radar,25,24,0.4630,0.8750,"[0.012191730909369846, 0.16666666666666666, 0.25, 0.3333333333333333, 0.41666666666666674, 0.5385115070527097, 0.6666666666666665, 0.75, 0.8333333333333333, 0.950070323488045]","[0.03727994477045219, 0.19894894894894896, 0.2631578947368421, 0.3438985736925515, 0.4597902097902098, 0.5211581291759465, 0.675392670157068, 0.7857142857142857, 0.8194726166328601, 0.8913502109704642]","[0.07145955996281377, 0.07052990393554386, 0.07009606445615123, 0.0742485280446235, 0.07400061977068485, 0.07654167957855594, 0.07468236752401611, 0.07759528974279517, 0.07585993182522467, 0.07387666563371552, 0.07437248218159281, 0.08249147815308336, 0.10424542919119925]",0.5124,0.6167,1.9225,0.5070
openmrg,radar,steps,own,30,128,0.4975,0.8551,"[0.011311753804058192, 0.1666666666666667, 0.25, 0.3333333333333333, 0.4166666666666666, 0.540170349907919, 0.6666666666666667, 0.75, 0.8333333333333331, 0.9552673674588663]","[0.04214093110936121, 0.18411967779056387, 0.23533602469722156, 0.31790123456790126, 0.40687789799072643, 0.507366482504604, 0.6469344608879493, 0.7251908396946565, 0.7775768535262206, 0.8414076782449725]","[0.08176258139350961, 0.07506656473255477, 0.0757124403553634, 0.07299712651253526, 0.07417024754171829, 0.07411752300108085, 0.07401207391980598, 0.07087496375187831, 0.06757967996203833, 0.0668678986634329, 0.0669997100150265, 0.07555426673345109, 0.12428492341760472]",0.4660,0.6827,2.1810,0.4886
openmrg,radar,steps,radar,30,128,0.4975,0.8551,"[0.011311753804058192, 0.1666666666666667, 0.25, 0.3333333333333333, 0.4166666666666666, 0.540170349907919, 0.6666666666666667, 0.75, 0.8333333333333331, 0.9552673674588663]","[0.04214093110936121, 0.18411967779056387, 0.23533602469722156, 0.31790123456790126, 0.40687789799072643, 0.507366482504604, 0.6469344608879493, 0.7251908396946565, 0.7775768535262206, 0.8414076782449725]","[0.07770279176442675, 0.07369572667598133, 0.0774259879260802, 0.07332665489151925, 0.074855666570005, 0.07444705138006485, 0.07559381013892917, 0.07154720164500566, 0.06746104974560409, 0.06740832520496665, 0.06677563071731737, 0.07547517992249493, 0.12428492341760472]",0.4660,0.6827,2.1810,0.4886
openmrg,radar (LINDA-P subset),steps,own,30,24,0.4605,0.8606,"[0.012675401612938097, 0.16666666666666666, 0.25, 0.3333333333333333, 0.4166666666666666, 0.541927409261577, 0.6666666666666666, 0.75, 0.8333333333333334, 0.9511310285958173]","[0.043069339041318024, 0.20566194837635304, 0.2558139534883721, 0.33687943262411346, 0.42761692650334077, 0.5206508135168961, 0.711764705882353, 0.746268656716418, 0.8415300546448088, 0.9206145966709347]","[0.07476699561403509, 0.0717516447368421, 0.07038103070175439, 0.07161458333333333, 0.07730263157894737, 0.07319078947368421, 0.07819353070175439, 0.07702850877192982, 0.07120339912280702, 0.07421875, 0.07476699561403509, 0.0786047149122807, 0.10697642543859649]",0.4834,0.6060,1.9412,0.5019
openmrg,radar (LINDA-P subset),steps,radar,30,24,0.4605,0.8606,"[0.012675401612938097, 0.16666666666666666, 0.25, 0.3333333333333333, 0.4166666666666666, 0.541927409261577, 0.6666666666666666, 0.75, 0.8333333333333334, 0.9511310285958173]","[0.043069339041318024, 0.20566194837635304, 0.2558139534883721, 0.33687943262411346, 0.42761692650334077, 0.5206508135168961, 0.711764705882353, 0.746268656716418, 0.8415300546448088, 0.9206145966709347]","[0.07606907894736842, 0.0693530701754386, 0.07086074561403509, 0.07216282894736842, 0.07257401315789473, 0.07442434210526316, 0.0790844298245614, 0.07709703947368421, 0.07271107456140351, 0.07284813596491228, 0.07634320175438597, 0.07949561403508772, 0.10697642543859649]",0.4834,0.6060,1.9412,0.5019
openmrg,radar,steps,own,35,128,0.4959,0.8434,"[0.011819419820653152, 0.16666666666666663, 0.25, 0.3333333333333333, 0.41666666666666663, 0.5387546548887158, 0.6666666666666666, 0.75, 0.8333333333333331, 0.9543361140076466]","[0.044284282741077624, 0.19711941048400602, 0.2547555983626294, 0.2995073891625616, 0.3801546391752577, 0.5003897116134061, 0.6226628895184136, 0.7267920094007051, 0.7684545937334042, 0.8183003128258602]","[0.08204629179120039, 0.07674984360881351, 0.07440050045179676, 0.07437269757419893, 0.07331618822548133, 0.07192604434558977, 0.07228748175436157, 0.07125877528324182, 0.06518384652811567, 0.06888162924862723, 0.06774171126711614, 0.07449781052338918, 0.1273371793980677]",0.4399,0.6769,2.1191,0.4761
openmrg,radar,steps,radar,35,128,0.4959,0.8434,"[0.011819419820653152, 0.16666666666666663, 0.25, 0.3333333333333333, 0.41666666666666663, 0.5387546548887158, 0.6666666666666666, 0.75, 0.8333333333333331, 0.9543361140076466]","[0.044284282741077624, 0.19711941048400602, 0.2547555983626294, 0.2995073891625616, 0.3801546391752577, 0.5003897116134061, 0.6226628895184136, 0.7267920094007051, 0.7684545937334042, 0.8183003128258602]","[0.08164315006603183, 0.07844581914228123, 0.07395565441023146, 0.07367762563425315, 0.0740807673594217, 0.07220407312156808, 0.0702717731285188, 0.07157850837561687, 0.06622645443803434, 0.06970181413776326, 0.06676861055119204, 0.07410857023701953, 0.1273371793980677]",0.4399,0.6769,2.1191,0.4761
openmrg,radar (LINDA-P subset),steps,own,35,24,0.4867,0.8506,"[0.012444734611595999, 0.16666666666666663, 0.25, 0.33333333333333326, 0.4166666666666666, 0.5371202396234488, 0.6666666666666666, 0.75, 0.8333333333333333, 0.9568429237947121]","[0.0451515359769088, 0.2286212914485166, 0.2942708333333333, 0.36446886446886445, 0.4701492537313433, 0.5057766367137355, 0.6242424242424243, 0.7624521072796935, 0.8648648648648649, 0.9393468118195957]","[0.07300932185298513, 0.06994947698000427, 0.06809933821959724, 0.0717996157404113, 0.07293816266989255, 0.0711591830925781, 0.07315164021917028, 0.0776346687540027, 0.07372091368391091, 0.07521525652885505, 0.07969828506368747, 0.08226001565502028, 0.11136412153988472]",0.4580,0.6207,2.0935,0.4705
openmrg,radar (LINDA-P subset),steps,radar,35,24,0.4867,0.8506,"[0.012444734611595999, 0.16666666666666663, 0.25, 0.33333333333333326, 0.4166666666666666, 0.5371202396234488, 0.6666666666666666, 0.75, 0.8333333333333333, 0.9568429237947121]","[0.0451515359769088, 0.2286212914485166, 0.2942708333333333, 0.36446886446886445, 0.4701492537313433, 0.5057766367137355, 0.6242424242424243, 0.7624521072796935, 0.8648648648648649, 0.9393468118195957]","[0.07108802390948551, 0.07172845655731873, 0.06845513413506013, 0.07393439123318864, 0.07009179534618942, 0.07364975450081833, 0.07443250551483668, 0.07628264427524371, 0.0708033871771152, 0.07542873407813279, 0.08040987689461325, 0.08233117483811286, 0.11136412153988472]",0.4580,0.6207,2.0935,0.4705
openmrg,radar,steps,own,40,128,0.5056,0.8340,"[0.012837837837837842, 0.16666666666666669, 0.25, 0.3333333333333335, 0.4166666666666666, 0.539132882882883, 0.6666666666666667, 0.75, 0.8333333333333333, 0.9511180447217886]","[0.04629786036036036, 0.19193630357445365, 0.262855651265988, 0.30848787446504994, 0.3999064546304958, 0.48254504504504503, 0.622629582806574, 0.7558139534883721, 0.8082360172095882, 0.8225429017160687]","[0.07789779187361619, 0.07360421279396805, 0.07390341691101669, 0.07382861588175453, 0.07314044641254264, 0.0730806055891329, 0.0731703668242475, 0.07176410747411885, 0.0697145592723356, 0.07156962479803722, 0.07088145532882532, 0.0756986416133086, 0.12174615522709592]",0.4241,0.6819,2.2653,0.4337
openmrg,radar,steps,radar,40,128,0.5056,0.8340,"[0.012837837837837842, 0.16666666666666669, 0.25, 0.3333333333333335, 0.4166666666666666, 0.539132882882883, 0.6666666666666667, 0.75, 0.8333333333333333, 0.9511180447217886]","[0.04629786036036036, 0.19193630357445365, 0.262855651265988, 0.30848787446504994, 0.3999064546304958, 0.48254504504504503, 0.622629582806574, 0.7558139534883721, 0.8082360172095882, 0.8225429017160687]","[0.07786787146191132, 0.07544431811381724, 0.0744120639099994, 0.07369397402908263, 0.07306564538328048, 0.0733050086769194, 0.07290108311890371, 0.07056729100592424, 0.06996888277182695, 0.07061217162348155, 0.07127042068098857, 0.0751451139967686, 0.12174615522709592]",0.4241,0.6819,2.2653,0.4337
openmrg,radar (LINDA-P subset),steps,own,40,24,0.5014,0.8446,"[0.013531689167106621, 0.16666666666666669, 0.25, 0.3333333333333334, 0.41666666666666663, 0.5378451676528601, 0.6666666666666666, 0.75, 0.8333333333333333, 0.9488396624472575]","[0.04713779319707369, 0.23550087873462214, 0.30027173913043476, 0.3780487804878049, 0.5050709939148073, 0.5, 0.6547085201793722, 0.8720379146919431, 0.9201520912547528, 0.9388185654008439]","[0.07476347973232829, 0.06991769863856627, 0.07060995308053226, 0.0723790477655565, 0.06737943235135758, 0.0722252134451196, 0.0737635566494885, 0.0730713022075225, 0.07722482885931851, 0.07684024305822629, 0.08076301822936698, 0.0840704561187601, 0.10699176986385663]",0.4448,0.6388,2.3816,0.4115
openmrg,radar (LINDA-P subset),steps,radar,40,24,0.5014,0.8446,"[0.013531689167106621, 0.16666666666666669, 0.25, 0.3333333333333334, 0.41666666666666663, 0.5378451676528601, 0.6666666666666666, 0.75, 0.8333333333333333, 0.9488396624472575]","[0.04713779319707369, 0.23550087873462214, 0.30027173913043476, 0.3780487804878049, 0.5050709939148073, 0.5, 0.6547085201793722, 0.8720379146919431, 0.9201520912547528, 0.9388185654008439]","[0.07176371048380893, 0.07060995308053226, 0.06461041458349358, 0.06761018383201292, 0.07014845011922159, 0.07384047380970694, 0.07522498269363895, 0.07876317206368741, 0.07591723713560496, 0.07814783478193985, 0.08145527267133297, 0.08491654488116299, 0.10699176986385663]",0.4448,0.6388,2.3816,0.4115
openmrg,radar,steps,own,45,125,0.5121,0.8148,"[0.013363337905947995, 0.16666666666666666, 0.25, 0.33333333333333337, 0.41666666666666663, 0.5406754993475861, 0.6666666666666666, 0.75, 0.8333333333333333, 0.9529081005095767]","[0.05112594213844233, 0.186307519640853, 0.23920454545454545, 0.3013964313421257, 0.37902028698664025, 0.5019572417946402, 0.630418809698751, 0.7320028510334996, 0.78027950310559, 0.7970479704797048]","[0.07897904737116085, 0.07496095783446122, 0.07149596564289433, 0.07294377928162415, 0.07369208745445081, 0.07165864133263924, 0.07330166579906298, 0.07143089536699636, 0.07138209266007288, 0.0706663196251952, 0.06824245184799584, 0.07595327954190526, 0.12529281624154087]",0.4008,0.6860,2.4332,0.3938
openmrg,radar,steps,radar,45,125,0.5121,0.8148,"[0.013363337905947995, 0.16666666666666666, 0.25, 0.33333333333333337, 0.41666666666666663, 0.5406754993475861, 0.6666666666666666, 0.75, 0.8333333333333333, 0.9529081005095767]","[0.05112594213844233, 0.186307519640853, 0.23920454545454545, 0.3013964313421257, 0.37902028698664025, 0.5019572417946402, 0.630418809698751, 0.7320028510334996, 0.78027950310559, 0.7970479704797048]","[0.07733602290473712, 0.07442412805830297, 0.07408250910983863, 0.0715610359187923, 0.07333420093701197, 0.07214666840187402, 0.0715773034877668, 0.07211413326392505, 0.0713495575221239, 0.0713495575221239, 0.06881181676210307, 0.07662024986985945, 0.12529281624154087]",0.4008,0.6860,2.4332,0.3938
openmrg,radar (LINDA-P subset),steps,own,45,24,0.4833,0.8252,"[0.013753714457075867, 0.16666666666666663, 0.25, 0.33333333333333337, 0.4166666666666666, 0.5353081986834233, 0.6666666666666667, 0.75, 0.8333333333333333, 0.9459523809523811]","[0.052179602519015295, 0.21656686626746507, 0.3158682634730539, 0.3687374749498998, 0.5053763440860215, 0.4757630161579892, 0.6235955056179775, 0.7959183673469388, 0.9191489361702128, 0.96]","[0.07498949138293401, 0.06893652795292139, 0.06817990752416982, 0.06523749474569147, 0.06565783942833123, 0.06969314838167297, 0.07112232030264817, 0.0764186633039092, 0.07574611181168558, 0.0848255569567045, 0.0773434216057167, 0.09012189995796553, 0.11172761664564944]",0.4141,0.6168,2.0985,0.4058
openmrg,radar (LINDA-P subset),steps,radar,45,24,0.4833,0.8252,"[0.013753714457075867, 0.16666666666666663, 0.25, 0.33333333333333337, 0.4166666666666666, 0.5353081986834233, 0.6666666666666667, 0.75, 0.8333333333333333, 0.9459523809523811]","[0.052179602519015295, 0.21656686626746507, 0.3158682634730539, 0.3687374749498998, 0.5053763440860215, 0.4757630161579892, 0.6235955056179775, 0.7959183673469388, 0.9191489361702128, 0.96]","[0.07364438839848676, 0.06902059688944935, 0.07044976881042454, 0.0673392181588903, 0.0673392181588903, 0.06792770071458597, 0.06843211433375368, 0.07776376628835645, 0.07532576712904582, 0.08196721311475409, 0.07810004203446827, 0.09096258932324507, 0.11172761664564944]",0.4141,0.6168,2.0985,0.4058
openmrg,radar,steps,own,50,120,0.5090,0.8070,"[0.013461789087777155, 0.1666666666666666, 0.25, 0.3333333333333334, 0.41666666666666674, 0.5389447236180904, 0.6666666666666666, 0.75, 0.8333333333333333, 0.9553254437869823]","[0.05206792799224846, 0.16861167002012073, 0.2426310890474713, 0.31276778063410454, 0.3742871954380508, 0.4817420435510888, 0.6231404958677685, 0.6825127334465195, 0.7799607072691552, 0.8023668639053254]","[0.08250784143467244, 0.07701440697488969, 0.07607520688983006, 0.07433857277028584, 0.07148553100246319, 0.07189310839786642, 0.0704222856231504, 0.06983750066452836, 0.07098934982545055, 0.06785277595647782, 0.0684021194024561, 0.0755967464691393, 0.12358455458878985]",0.3845,0.6789,2.2470,0.4073
openmrg,radar,steps,radar,50,120,0.5090,0.8070,"[0.013461789087777155, 0.1666666666666666, 0.25, 0.3333333333333334, 0.41666666666666674, 0.5389447236180904, 0.6666666666666666, 0.75, 0.8333333333333333, 0.9553254437869823]","[0.05206792799224846, 0.16861167002012073, 0.2426310890474713, 0.31276778063410454, 0.3742871954380508, 0.4817420435510888, 0.6231404958677685, 0.6825127334465195, 0.7799607072691552, 0.8023668639053254]","[0.08101929790363453, 0.0791054562208715, 0.07540181814959862, 0.07219436125533837, 0.07254877638177597, 0.07106023285073806, 0.06973117612659709, 0.07017419503464407, 0.07210575747372898, 0.06802998351969662, 0.06925271570590633, 0.07579167478867999, 0.12358455458878985]",0.3845,0.6789,2.2470,0.4073
openmrg,radar (LINDA-P subset),steps,own,50,23,0.4768,0.8255,"[0.013614494061043451, 0.16666666666666666, 0.25, 0.3333333333333333, 0.41666666666666674, 0.5345135908440629, 0.6666666666666666, 0.75, 0.8333333333333333, 0.9472693032015067]","[0.05151105096977898, 0.18545454545454546, 0.34262295081967215, 0.36026200873362446, 0.44063324538258575, 0.5, 0.5588235294117647, 0.7928994082840237, 0.848780487804878, 0.9717514124293786]","[0.0750481077613855, 0.07303216347475489, 0.06927517639512508, 0.07037478236965088, 0.06533492165307432, 0.066984330614863, 0.07477320626775405, 0.08118757445248787, 0.07743058737285806, 0.07770548886648951, 0.07303216347475489, 0.0820122789333822, 0.11380921836341977]",0.4155,0.6130,1.9128,0.4294
openmrg,radar (LINDA-P subset),steps,radar,50,23,0.4768,0.8255,"[0.013614494061043451, 0.16666666666666666, 0.25, 0.3333333333333333, 0.41666666666666674, 0.5345135908440629, 0.6666666666666666, 0.75, 0.8333333333333333, 0.9472693032015067]","[0.05151105096977898, 0.18545454545454546, 0.34262295081967215, 0.36026200873362446, 0.44063324538258575, 0.5, 0.5588235294117647, 0.7928994082840237, 0.848780487804878, 0.9717514124293786]","[0.07523137542380647, 0.06936681022633556, 0.07202419133143957, 0.07138275451296619, 0.06405204801612756, 0.07138275451296619, 0.0755979107486484, 0.07843855951617337, 0.07724731971043709, 0.07779712269769999, 0.07193255750022909, 0.08173737743975075, 0.11380921836341977]",0.4155,0.6130,1.9128,0.4294
openmrg,radar,steps,own,55,114,0.5061,0.7965,"[0.014528385533742944, 0.16666666666666663, 0.25, 0.3333333333333332, 0.4166666666666666, 0.5380902777777778, 0.6666666666666667, 0.75, 0.8333333333333334, 0.9522538552787664]","[0.05333058594335381, 0.1854206399660945, 0.25474254742547425, 0.3007125890736342, 0.35651629072681706, 0.47125, 0.5983263598326359, 0.7030947775628626, 0.7680311890838206, 0.7644128113879004]","[0.0821577721752853, 0.07626874001655087, 0.07496006620349878, 0.07411327726564154, 0.07397856084370971, 0.07166913646773541, 0.07130347760820616, 0.07132272281133928, 0.0694366929042936, 0.0686283943727026, 0.0683204711225727, 0.0747868593753007, 0.12305382883316333]",0.3699,0.6787,2.1931,0.4032
openmrg,radar,steps,radar,55,114,0.5061,0.7965,"[0.014528385533742944, 0.16666666666666663, 0.25, 0.3333333333333332, 0.4166666666666666, 0.5380902777777778, 0.6666666666666667, 0.75, 0.8333333333333334, 0.9522538552787664]","[0.05333058594335381, 0.1854206399660945, 0.25474254742547425, 0.3007125890736342, 0.35651629072681706, 0.47125, 0.5983263598326359, 0.7030947775628626, 0.7680311890838206, 0.7644128113879004]","[0.08315852273820751, 0.0757876099382229, 0.07513327303169685, 0.07211177613979716, 0.07126498720193991, 0.07061065029541387, 0.07151517484267046, 0.07278535824945633, 0.0707453667173457, 0.0692249956698293, 0.06945593810742673, 0.07515251823482996, 0.12305382883316333]",0.3699,0.6787,2.1931,0.4032
openmrg,radar (LINDA-P subset),steps,own,55,22,0.4836,0.8154,"[0.015822573649617987, 0.16666666666666666, 0.25, 0.3333333333333333, 0.41666666666666674, 0.536036036036036, 0.6666666666666667, 0.75, 0.8333333333333335, 0.9418079096045197]","[0.05314783304974477, 0.20786516853932585, 0.37222222222222223, 0.37170263788968827, 0.47619047619047616, 0.5225225225225225, 0.5826086956521739, 0.7404580152671756, 0.8275862068965517, 0.9491525423728814]","[0.0719310413157634, 0.06796789854354503, 0.07173288417715248, 0.07411076984048351, 0.07331814128603983, 0.06717526998910135, 0.07014762706826513, 0.07767759833548003, 0.07965916972158922, 0.07856930545922917, 0.07500247696423264, 0.08649559100366591, 0.1062122262954523]",0.3994,0.6175,1.9748,0.4271
openmrg,radar (LINDA-P subset),steps,radar,55,22,0.4836,0.8154,"[0.015822573649617987, 0.16666666666666666, 0.25, 0.3333333333333333, 0.41666666666666674, 0.536036036036036, 0.6666666666666667, 0.75, 0.8333333333333335, 0.9418079096045197]","[0.05314783304974477, 0.20786516853932585, 0.37222222222222223, 0.37170263788968827, 0.47619047619047616, 0.5225225225225225, 0.5826086956521739, 0.7404580152671756, 0.8275862068965517, 0.9491525423728814]","[0.07371445556326167, 0.06955315565243238, 0.07044486277618152, 0.06885960566729417, 0.07163380560784702, 0.07123749133062518, 0.06846329139007233, 0.07520063410284356, 0.08203705538492025, 0.07866838402853463, 0.07797483404339642, 0.08600019815713861, 0.1062122262954523]",0.3994,0.6175,1.9748,0.4271
openmrg,radar,steps,own,60,111,0.5190,0.7775,"[0.014825669530065692, 0.16666666666666669, 0.25, 0.3333333333333333, 0.4166666666666667, 0.5388327205882353, 0.6666666666666666, 0.75, 0.8333333333333333, 0.9540588760035681]","[0.05984840828701364, 0.1971928209848136, 0.25851103628881406, 0.32411273486430064, 0.3500784929356358, 0.45909926470588236, 0.6137387387387387, 0.7153558052434457, 0.7753530166880617, 0.760035682426405]","[0.08332636508069237, 0.07628146166067397, 0.07080441508487331, 0.07226774813947655, 0.07224684338155364, 0.07038631992641525, 0.06992641525211138, 0.06973827243080526, 0.06898570114558074, 0.0674805585751317, 0.06925746299857848, 0.07816288987373526, 0.1311355464503721]",0.3446,0.6845,2.2588,0.3734
openmrg,radar,steps,radar,60,111,0.5190,0.7775,"[0.014825669530065692, 0.16666666666666669, 0.25, 0.3333333333333333, 0.4166666666666667, 0.5388327205882353, 0.6666666666666666, 0.75, 0.8333333333333333, 0.9540588760035681]","[0.05984840828701364, 0.1971928209848136, 0.25851103628881406, 0.32411273486430064, 0.3500784929356358, 0.45909926470588236, 0.6137387387387387, 0.7153558052434457, 0.7753530166880617, 0.760035682426405]","[0.08180031775232043, 0.0745672715109959, 0.07161970064386654, 0.07084622460071913, 0.07274855757170332, 0.0712852245171001, 0.07180784346517267, 0.0707417008111046, 0.06810770131281879, 0.06904841541934945, 0.06827493937620202, 0.07801655656827494, 0.1311355464503721]",0.3446,0.6845,2.2588,0.3734
openmrg,radar (LINDA-P subset),steps,own,60,22,0.5236,0.8086,"[0.016524869109947642, 0.16666666666666669, 0.25, 0.3333333333333333, 0.4166666666666667, 0.5390554041780201, 0.6666666666666669, 0.75, 0.833333333333333, 0.9456181533646322]","[0.058355148342059335, 0.2394904458598726, 0.35913978494623655, 0.47126436781609193, 0.4863636363636364, 0.5258855585831063, 0.6372549019607843, 0.8125, 0.8968253968253969, 1.0]","[0.07157486256332866, 0.0672631238546944, 0.0722216233696238, 0.062412417807480865, 0.06834105853185297, 0.07135927562789694, 0.07319176457906651, 0.07556322086881535, 0.07620998167511049, 0.08149186159318746, 0.07620998167511049, 0.08407890481836801, 0.12008192303546406]",0.3936,0.6550,2.1678,0.3974
openmrg,radar (LINDA-P subset),steps,radar,60,22,0.5236,0.8086,"[0.016524869109947642, 0.16666666666666669, 0.25, 0.3333333333333333, 0.4166666666666667, 0.5390554041780201, 0.6666666666666669, 0.75, 0.833333333333333, 0.9456181533646322]","[0.058355148342059335, 0.2394904458598726, 0.35913978494623655, 0.47126436781609193, 0.4863636363636364, 0.5258855585831063, 0.6372549019607843, 0.8125, 0.8968253968253969, 1.0]","[0.07545542740109949, 0.07017354748302253, 0.06424490675865042, 0.064568287161798, 0.07189824296647623, 0.07157486256332866, 0.06888002587043225, 0.07437749272394092, 0.07523984046566778, 0.07912040530343861, 0.07901261183572275, 0.08537242643095828, 0.12008192303546406]",0.3936,0.6550,2.1678,0.3974
openmrg,radar,steps,own,65,103,0.5073,0.7619,"[0.01577687641599065, 0.16666666666666666, 0.25, 0.33333333333333326, 0.41666666666666674, 0.5389755011135858, 0.6666666666666665, 0.75, 0.8333333333333334, 0.9571090047393366]","[0.06174084630563473, 0.17950563954883608, 0.27019150707743544, 0.2995310668229777, 0.34596375617792424, 0.4298440979955457, 0.5612998522895125, 0.6924265842349304, 0.7982142857142858, 0.7630331753554502]","[0.08393100317748525, 0.07753064003631412, 0.07330912392192465, 0.0726963231956423, 0.07058556513844758, 0.07280980481162051, 0.06799818429414435, 0.07019972764412165, 0.06808896958692692, 0.06729459827507944, 0.06731729459827508, 0.07737176577394463, 0.13086699954607353]",0.3252,0.6806,2.1434,0.3455
openmrg,radar,steps,radar,65,103,0.5073,0.7619,"[0.01577687641599065, 0.16666666666666666, 0.25, 0.33333333333333326, 0.41666666666666674, 0.5389755011135858, 0.6666666666666665, 0.75, 0.8333333333333334, 0.9571090047393366]","[0.06174084630563473, 0.17950563954883608, 0.27019150707743544, 0.2995310668229777, 0.34596375617792424, 0.4298440979955457, 0.5612998522895125, 0.6924265842349304, 0.7982142857142858, 0.7630331753554502]","[0.08107126645483431, 0.07521561507035861, 0.07328642759872901, 0.0751021334543804, 0.07260553790285974, 0.07106218792555606, 0.07308216068996823, 0.06870177031320926, 0.06756695415342714, 0.06645483431684067, 0.06659101225601452, 0.07839310031774853, 0.13086699954607353]",0.3252,0.6806,2.1434,0.3455
openmrg,radar (LINDA-P subset),steps,own,65,20,0.5124,0.7806,"[0.017685997400909682, 0.16666666666666663, 0.25, 0.33333333333333326, 0.4166666666666667, 0.5325953259532596, 0.6666666666666667, 0.75, 0.8333333333333333, 0.9525462962962962]","[0.06786062378167641, 0.21080368906455862, 0.4, 0.4520123839009288, 0.5019762845849802, 0.45018450184501846, 0.5063291139240507, 0.6774193548387096, 0.8918918918918919, 0.9398148148148148]","[0.07264351523742027, 0.06461138672336404, 0.06874557051736357, 0.06555634301913536, 0.07500590597684857, 0.07217103708953461, 0.06839121190644933, 0.06803685329553508, 0.07559650366170564, 0.07547838412473423, 0.07795889440113395, 0.0901252067091897, 0.12567918733758562]",0.3579,0.6530,1.8907,0.4142
openmrg,radar (LINDA-P subset),steps,radar,65,20,0.5124,0.7806,"[0.017685997400909682, 0.16666666666666663, 0.25, 0.33333333333333326, 0.4166666666666667, 0.5325953259532596, 0.6666666666666667, 0.75, 0.8333333333333333, 0.9525462962962962]","[0.06786062378167641, 0.21080368906455862, 0.4, 0.4520123839009288, 0.5019762845849802, 0.45018450184501846, 0.5063291139240507, 0.6774193548387096, 0.8918918918918919, 0.9398148148148148]","[0.07429718875502007, 0.06862745098039216, 0.0681549728325065, 0.07512402551381998, 0.06756437514764942, 0.0696905268131349, 0.07016300496102056, 0.07299787384833452, 0.07299787384833452, 0.06980864635010631, 0.07382471060713441, 0.09107016300496103, 0.12567918733758562]",0.3579,0.6530,1.8907,0.4142
openmrg,radar,steps,own,70,100,0.5060,0.7489,"[0.015568599265293085, 0.16666666666666669, 0.25, 0.3333333333333333, 0.4166666666666667, 0.5360373092142453, 0.6666666666666667, 0.75, 0.8333333333333334, 0.9519498607242339]","[0.06420699568758984, 0.18316299085529855, 0.2398573339277753, 0.3133514986376022, 0.3377862595419847, 0.4364047484454494, 0.5518796992481203, 0.6506024096385542, 0.7471698113207547, 0.7506963788300836]","[0.08307791180541824, 0.07558829345461736, 0.07311647221672929, 0.07205358908443742, 0.07286929009294048, 0.06940874035989718, 0.06965592248368598, 0.07106486058928219, 0.07106486058928219, 0.06560213565354954, 0.06619537275064268, 0.07786236899347439, 0.13244018192604312]",0.3042,0.6780,2.1124,0.3239
openmrg,radar,steps,radar,70,100,0.5060,0.7489,"[0.015568599265293085, 0.16666666666666669, 0.25, 0.3333333333333333, 0.4166666666666667, 0.5360373092142453, 0.6666666666666667, 0.75, 0.8333333333333334, 0.9519498607242339]","[0.06420699568758984, 0.18316299085529855, 0.2398573339277753, 0.3133514986376022, 0.3377862595419847, 0.4364047484454494, 0.5518796992481203, 0.6506024096385542, 0.7471698113207547, 0.7506963788300836]","[0.08213861973502076, 0.07632983982598378, 0.07467371959659877, 0.0716828158987542, 0.07331421791576033, 0.06960648605892822, 0.06953233142179158, 0.06804923867905872, 0.07044690527981017, 0.06745600158196559, 0.06557741744117065, 0.0787522246391141, 0.13244018192604312]",0.3042,0.6780,2.1124,0.3239
openmrg,radar (LINDA-P subset),steps,own,70,19,0.5099,0.7730,"[0.01812916892013701, 0.16666666666666666, 0.25, 0.33333333333333326, 0.4166666666666667, 0.534037558685446, 0.6666666666666667, 0.75, 0.8333333333333335, 0.9448924731182796]","[0.07057869118442402, 0.23170731707317074, 0.33636363636363636, 0.5257352941176471, 0.4723618090452261, 0.4612676056338028, 0.5783132530120482, 0.8026315789473685, 0.8415841584158416, 1.0]","[0.07269434743241496, 0.06583883068167119, 0.06958996248868193, 0.07204760056913724, 0.06700297503557108, 0.06661492691760446, 0.0646746863277713, 0.0779976717112922, 0.07916181606519208, 0.07592808174880351, 0.07942051481050316, 0.08782822403311344, 0.12120036217824344]",0.3448,0.6468,1.8199,0.4384
openmrg,radar (LINDA-P subset),steps,radar,70,19,0.5099,0.7730,"[0.01812916892013701, 0.16666666666666666, 0.25, 0.33333333333333326, 0.4166666666666667, 0.534037558685446, 0.6666666666666667, 0.75, 0.8333333333333335, 0.9448924731182796]","[0.07057869118442402, 0.23170731707317074, 0.33636363636363636, 0.5257352941176471, 0.4723618090452261, 0.4612676056338028, 0.5783132530120482, 0.8026315789473685, 0.8415841584158416, 1.0]","[0.06933126374337084, 0.06545078256370457, 0.0710128055878929, 0.06868451688009314, 0.07269434743241496, 0.0673910231535377, 0.0640279394644936, 0.07605743112145906, 0.07683352735739232, 0.0773509248480145, 0.0831716466175139, 0.0867934290518691, 0.12120036217824344]",0.3448,0.6468,1.8199,0.4384
openmrg,radar,steps,own,75,98,0.5043,0.7285,"[0.014762923537187781, 0.16666666666666666, 0.25, 0.33333333333333337, 0.4166666666666667, 0.535988819007687, 0.6666666666666667, 0.75, 0.8333333333333335, 0.9541139240506329]","[0.06585264036735546, 0.18437862950058073, 0.23330058939096268, 0.2895306859205776, 0.31282586027111575, 0.41020265548567436, 0.5370741482965932, 0.5959367945823928, 0.6730310262529833, 0.6835443037974683]","[0.08750987926852533, 0.07679938952933803, 0.0745101245469163, 0.07249339111002098, 0.07047665767312566, 0.06875970893630938, 0.06837816477257243, 0.06693374758128254, 0.06756057013599324, 0.06404491319870274, 0.06715177281770365, 0.07429209931049519, 0.1410895811190145]",0.2736,0.6743,2.0780,0.2751
openmrg,radar,steps,radar,75,98,0.5043,0.7285,"[0.014762923537187781, 0.16666666666666666, 0.25, 0.33333333333333337, 0.4166666666666667, 0.535988819007687, 0.6666666666666667, 0.75, 0.8333333333333335, 0.9541139240506329]","[0.06585264036735546, 0.18437862950058073, 0.23330058939096268, 0.2895306859205776, 0.31282586027111575, 0.41020265548567436, 0.5370741482965932, 0.5959367945823928, 0.6730310262529833, 0.6835443037974683]","[0.08527512059520889, 0.0791976671299703, 0.07298394789196849, 0.07344725151936336, 0.07183931540075764, 0.0703676450549151, 0.06851443054533563, 0.0669064944267299, 0.06478074837162402, 0.06437195105333442, 0.06589812770828224, 0.07532771918349548, 0.1410895811190145]",0.2736,0.6743,2.0780,0.2751
openmrg,radar (LINDA-P subset),steps,own,75,19,0.5154,0.7565,"[0.016208202521552795, 0.16666666666666666, 0.25, 0.3333333333333333, 0.41666666666666674, 0.5352983988355168, 0.6666666666666669, 0.75, 0.8333333333333336, 0.955043859649123]","[0.07146060696666168, 0.2571428571428571, 0.2985781990521327, 0.3814814814814815, 0.47540983606557374, 0.4978165938864629, 0.5, 0.5797101449275363, 0.8625, 1.0]","[0.07121277514026758, 0.07078118256365991, 0.06732844195079844, 0.06847935548841894, 0.06732844195079844, 0.06905481225722918, 0.06445115810674723, 0.07121277514026758, 0.07322687383110343, 0.07236368867788807, 0.08099554021004172, 0.09394331750827219, 0.12962163717450725]",0.3048,0.6599,1.9420,0.3479
openmrg,radar (LINDA-P subset),steps,radar,75,19,0.5154,0.7565,"[0.016208202521552795, 0.16666666666666666, 0.25, 0.3333333333333333, 0.41666666666666674, 0.5352983988355168, 0.6666666666666669, 0.75, 0.8333333333333336, 0.955043859649123]","[0.07146060696666168, 0.2571428571428571, 0.2985781990521327, 0.3814814814814815, 0.47540983606557374, 0.4978165938864629, 0.5, 0.5797101449275363, 0.8625, 1.0]","[0.07394619479211624, 0.06919867644943174, 0.06732844195079844, 0.06847935548841894, 0.06761617033520356, 0.06229319522370882, 0.06632139260538052, 0.07063731837145734, 0.07610415767515466, 0.07466551575312905, 0.08056394763343404, 0.0932239965472594, 0.12962163717450725]",0.3048,0.6599,1.9420,0.3479
openmrg,radar,steps,own,80,98,0.5016,0.7122,"[0.014931728503704545, 0.16666666666666666, 0.25, 0.3333333333333333, 0.41666666666666663, 0.535111281657713, 0.6666666666666666, 0.75, 0.8333333333333333, 0.9546153846153846]","[0.06866891872711273, 0.17862788491938034, 0.2412349555206698, 0.28236184708554124, 0.32978723404255317, 0.38679969301611666, 0.4483695652173913, 0.5271966527196653, 0.6310344827586207, 0.6507692307692308]","[0.08790521834906082, 0.07686125085583306, 0.07188997707855803, 0.07114577441728932, 0.0747477152978299, 0.07013365879796386, 0.06584705146905605, 0.06691870330128301, 0.06340606674009466, 0.06438841425296937, 0.06486470395618135, 0.07567052659780311, 0.14622093888607746]",0.2510,0.6703,2.0186,0.2710
openmrg,radar,steps,radar,80,98,0.5016,0.7122,"[0.014931728503704545, 0.16666666666666666, 0.25, 0.3333333333333333, 0.41666666666666663, 0.535111281657713, 0.6666666666666666, 0.75, 0.8333333333333333, 0.9546153846153846]","[0.06866891872711273, 0.17862788491938034, 0.2412349555206698, 0.28236184708554124, 0.32978723404255317, 0.38679969301611666, 0.4483695652173913, 0.5271966527196653, 0.6310344827586207, 0.6507692307692308]","[0.08784568213615931, 0.07528354121394339, 0.07308070133658798, 0.0726639478462775, 0.07221742624951627, 0.06980620962700562, 0.06632334117226803, 0.06813919566576371, 0.06418003750781413, 0.06507308070133659, 0.06420980561426487, 0.07495609204298515, 0.14622093888607746]",0.2510,0.6703,2.0186,0.2710
openmrg,radar (LINDA-P subset),steps,own,80,19,0.5440,0.7350,"[0.01710075204600752, 0.16666666666666666, 0.25, 0.3333333333333333, 0.41666666666666663, 0.536046511627907, 0.6666666666666667, 0.75, 0.8333333333333333, 0.9351851851851853]","[0.07929661579296615, 0.25821596244131456, 0.32020997375328086, 0.4166666666666667, 0.49295774647887325, 0.46511627906976744, 0.3389830508474576, 0.5535714285714286, 0.84375, 1.0]","[0.06983464440520147, 0.06662385615668646, 0.07320597206614224, 0.06903194734307272, 0.06758709263124096, 0.06774763204366673, 0.06855032910579548, 0.06967410499277572, 0.06662385615668646, 0.07176111735431048, 0.0794670091507465, 0.0921496227323808, 0.13774281586129394]",0.2666,0.6922,1.9860,0.3306
openmrg,radar (LINDA-P subset),steps,radar,80,19,0.5440,0.7350,"[0.01710075204600752, 0.16666666666666666, 0.25, 0.3333333333333333, 0.41666666666666663, 0.536046511627907, 0.6666666666666667, 0.75, 0.8333333333333333, 0.9351851851851853]","[0.07929661579296615, 0.25821596244131456, 0.32020997375328086, 0.4166666666666667, 0.49295774647887325, 0.46511627906976744, 0.3389830508474576, 0.5535714285714286, 0.84375, 1.0]","[0.06919248675549848, 0.06566061968213197, 0.06999518381762723, 0.07481136619039974, 0.07047680205490447, 0.07047680205490447, 0.06325252849574571, 0.07031626264247873, 0.06405522555787446, 0.07481136619039974, 0.07834323326376626, 0.0908653074329748, 0.13774281586129394]",0.2666,0.6922,1.9860,0.3306
openmrg,radar,steps,own,85,90,0.5087,0.7042,"[0.014979657577944422, 0.16666666666666666, 0.25, 0.3333333333333333, 0.4166666666666667, 0.5354184518708941, 0.6666666666666666, 0.75, 0.8333333333333333, 0.9563230994152047]","[0.06799284616108688, 0.17637215528781794, 0.23545405111473627, 0.2814569536423841, 0.34185303514376997, 0.37275064267352187, 0.46794871794871795, 0.5258964143426295, 0.5240174672489083, 0.6008771929824561]","[0.08741790417030638, 0.07522080947296904, 0.07185609369439322, 0.06955902811478858, 0.07612669449027791, 0.06939726293312627, 0.06658254877220227, 0.06803843540716296, 0.0645443074832573, 0.064382542301595, 0.06629137144521013, 0.07567375198162347, 0.14490924973308744]",0.2314,0.6866,2.0829,0.2440
openmrg,radar,steps,radar,85,90,0.5087,0.7042,"[0.014979657577944422, 0.16666666666666666, 0.25, 0.3333333333333333, 0.4166666666666667, 0.5354184518708941, 0.6666666666666666, 0.75, 0.8333333333333333, 0.9563230994152047]","[0.06799284616108688, 0.17637215528781794, 0.23545405111473627, 0.2814569536423841, 0.34185303514376997, 0.37275064267352187, 0.46794871794871795, 0.5258964143426295, 0.5240174672489083, 0.6008771929824561]","[0.08664143129832735, 0.07544728072729626, 0.07217962405771781, 0.07302080300236177, 0.0737972758743408, 0.06820020058882525, 0.06955902811478858, 0.06480313177391699, 0.06648548966320489, 0.06451195444692484, 0.0648678378465819, 0.0755766928726261, 0.14490924973308744]",0.2314,0.6866,2.0829,0.2440
openmrg,radar (LINDA-P subset),steps,own,85,16,0.5437,0.7389,"[0.017470365543350085, 0.16666666666666669, 0.25, 0.3333333333333333, 0.4166666666666666, 0.5399807321772641, 0.6666666666666669, 0.75, 0.8333333333333334, 0.9431818181818183]","[0.07186743623161422, 0.26885245901639343, 0.29770992366412213, 0.41312741312741313, 0.5333333333333333, 0.5549132947976878, 0.625, 0.4482758620689655, 0.4, 1.0]","[0.0727881565033486, 0.0676771237222418, 0.06556221360592175, 0.06714839619316179, 0.06609094113500176, 0.07102573140641523, 0.07102573140641523, 0.07067324638702856, 0.06432851603806838, 0.07578427916813535, 0.0838914346140289, 0.09287980260838914, 0.1311244272118435]",0.2514,0.6955,1.9143,0.3121
openmrg,radar (LINDA-P subset),steps,radar,85,16,0.5437,0.7389,"[0.017470365543350085, 0.16666666666666669, 0.25, 0.3333333333333333, 0.4166666666666666, 0.5399807321772641, 0.6666666666666669, 0.75, 0.8333333333333334, 0.9431818181818183]","[0.07186743623161422, 0.26885245901639343, 0.29770992366412213, 0.41312741312741313, 0.5333333333333333, 0.5549132947976878, 0.625, 0.4482758620689655, 0.4, 1.0]","[0.06873457878040183, 0.07032076136764187, 0.06661966866408178, 0.06943954881917519, 0.06362354599929503, 0.07014451885794853, 0.07190694395488191, 0.07490306661966867, 0.0662671836446951, 0.0722594289742686, 0.08160028198801551, 0.09305604511808248, 0.1311244272118435]",0.2514,0.6955,1.9143,0.3121
openmrg,radar,steps,own,90,83,0.5004,0.6946,"[0.015976855713094252, 0.1666666666666667, 0.25, 0.33333333333333337, 0.41666666666666663, 0.5351119288561791, 0.6666666666666666, 0.75, 0.8333333333333334, 0.9647435897435896]","[0.06912010008340283, 0.17457442955450925, 0.24316109422492402, 0.29591836734693877, 0.343409915356711, 0.38362465501379944, 0.5270758122743683, 0.3522727272727273, 0.36283185840707965, 0.4835164835164835]","[0.08771554795496651, 0.0748182984181274, 0.07456890409006699, 0.07146928886988742, 0.07057859484110018, 0.06861906797776827, 0.06840530141085935, 0.06961664529000998, 0.06473564201225596, 0.06430810887843807, 0.06298988171583297, 0.07827419124982186, 0.14390052729086505]",0.2166,0.6735,2.0947,0.2085
openmrg,radar,steps,radar,90,83,0.5004,0.6946,"[0.015976855713094252, 0.1666666666666667, 0.25, 0.33333333333333337, 0.41666666666666663, 0.5351119288561791, 0.6666666666666666, 0.75, 0.8333333333333334, 0.9647435897435896]","[0.06912010008340283, 0.17457442955450925, 0.24316109422492402, 0.29591836734693877, 0.343409915356711, 0.38362465501379944, 0.5270758122743683, 0.3522727272727273, 0.36283185840707965, 0.4835164835164835]","[0.08860624198375375, 0.07830981901097335, 0.07360695453897677, 0.06758586290437509, 0.0715049166310389, 0.06901097335043466, 0.06690893544249679, 0.07025794499073679, 0.06498503634031637, 0.06331053156619638, 0.06373806470001425, 0.07827419124982186, 0.14390052729086505]",0.2166,0.6735,2.0947,0.2085
openmrg,radar (LINDA-P subset),steps,own,90,15,0.5872,0.7484,"[0.019220006995452954, 0.16666666666666666, 0.25, 0.33333333333333337, 0.41666666666666663, 0.5311488673139159, 0.6666666666666669, 0.75, NaN, NaN]","[0.07240293809024134, 0.25925925925925924, 0.38186813186813184, 0.45121951219512196, 0.5060975609756098, 0.5242718446601942, 0.6296296296296297, 0.5909090909090909, NaN, NaN]","[0.06853522749088117, 0.06488769437511999, 0.06565559608370129, 0.06603954693799194, 0.06411979266653868, 0.07199078517949703, 0.06853522749088117, 0.07314263774236898, 0.07602226914954886, 0.07602226914954886, 0.07832597427529277, 0.09560376271837205, 0.13111921674025726]",0.2671,0.7459,2.1618,0.2769
openmrg,radar (LINDA-P subset),steps,radar,90,15,0.5872,0.7484,"[0.019220006995452954, 0.16666666666666666, 0.25, 0.33333333333333337, 0.41666666666666663, 0.5311488673139159, 0.6666666666666669, 0.75, NaN, NaN]","[0.07240293809024134, 0.25925925925925924, 0.38186813186813184, 0.45121951219512196, 0.5060975609756098, 0.5242718446601942, 0.6296296296296297, 0.5909090909090909, NaN, NaN]","[0.06239201382223075, 0.06603954693799194, 0.06968708005375313, 0.06258398924937608, 0.07352658859665963, 0.06584757151084661, 0.06930312919946247, 0.06987905548089844, 0.07986177769245537, 0.07583029372240353, 0.08101363025532732, 0.09291610673833749, 0.13111921674025726]",0.2671,0.7459,2.1618,0.2769
openmrg,radar,linda_p,own,5,24,0.3359,0.9489,"[0.0030265538527032777, 0.16666666666666666, 0.25, 0.3333333333333333, 0.41666666666666663, 0.543247344461305, 0.6666666666666665, 0.75, 0.8333333333333333, 0.981810587073745]","[0.012811302681992338, 0.19745222929936307, 0.18232044198895028, 0.28773584905660377, 0.3225806451612903, 0.3960546282245827, 0.5273224043715847, 0.5711111111111111, 0.642504118616145, 0.8566871724766462]","[0.25707661616433924, 0.09823691162991319, 0.07704750094354883, 0.06847468593303499, 0.05720601714563002, 0.051922143742923386, 0.04857928505957837, 0.045829514207149404, 0.045452094678384646, 0.04658435326467893, 0.04507467514961989, 0.051329055912007336, 0.10718714616919178]",0.6725,0.4489,1.5569,0.7584
openmrg,radar,linda_p,radar,5,24,0.3359,0.9489,"[0.0030265538527032777, 0.16666666666666666, 0.25, 0.3333333333333333, 0.41666666666666663, 0.543247344461305, 0.6666666666666665, 0.75, 0.8333333333333333, 0.981810587073745]","[0.012811302681992338, 0.19745222929936307, 0.18232044198895028, 0.28773584905660377, 0.3225806451612903, 0.3960546282245827, 0.5273224043715847, 0.5711111111111111, 0.642504118616145, 0.8566871724766462]","[0.25497385021836416, 0.09834474578098884, 0.07516040329972502, 0.06966086159486709, 0.05634334393702486, 0.05154472421415862, 0.04938804119264571, 0.04685393864236804, 0.04669218741575457, 0.04631476788698981, 0.04512859222515771, 0.05240739742276379, 0.10718714616919178]",0.6725,0.4489,1.5569,0.7584
openmrg,radar (LINDA-P subset),linda_p,own,5,24,0.3359,0.9489,"[0.0030265538527032777, 0.16666666666666666, 0.25, 0.3333333333333333, 0.41666666666666663, 0.543247344461305, 0.6666666666666665, 0.75, 0.8333333333333333, 0.981810587073745]","[0.012811302681992338, 0.19745222929936307, 0.18232044198895028, 0.28773584905660377, 0.3225806451612903, 0.3960546282245827, 0.5273224043715847, 0.5711111111111111, 0.642504118616145, 0.8566871724766462]","[0.25238583059254865, 0.09780557502561062, 0.07634657896155712, 0.06879818838626194, 0.058230441580848655, 0.05262306572491508, 0.04938804119264571, 0.04852536798404054, 0.045452094678384646, 0.046045182509300696, 0.045506011753922465, 0.051706475440772094, 0.10718714616919178]",0.6725,0.4489,1.5569,0.7584
openmrg,radar (LINDA-P subset),linda_p,radar,5,24,0.3359,0.9489,"[0.0030265538527032777, 0.16666666666666666, 0.25, 0.3333333333333333, 0.41666666666666663, 0.543247344461305, 0.6666666666666665, 0.75, 0.8333333333333333, 0.981810587073745]","[0.012811302681992338, 0.19745222929936307, 0.18232044198895028, 0.28773584905660377, 0.3225806451612903, 0.3960546282245827, 0.5273224043715847, 0.5711111111111111, 0.642504118616145, 0.8566871724766462]","[0.2514692403084057, 0.09899175068744272, 0.07742492047231359, 0.06879818838626194, 0.059416617242680755, 0.051760392516309914, 0.04884887043726748, 0.047015689868981504, 0.046045182509300696, 0.04674610449129239, 0.04388849948778778, 0.05240739742276379, 0.10718714616919178]",0.6725,0.4489,1.5569,0.7584
openmrg,radar,linda_p,own,10,24,0.4157,0.9339,"[0.003626093023946317, 0.16666666666666669, 0.25, 0.3333333333333333, 0.41666666666666663, 0.5433519293351929, 0.6666666666666669, 0.75, 0.8333333333333335, 0.9797119341563786]","[0.01670155435799225, 0.13432835820895522, 0.22088353413654618, 0.2777777777777778, 0.3159509202453988, 0.34309623430962344, 0.5078125, 0.5351239669421488, 0.5927750410509032, 0.817037037037037]","[0.28671140939597317, 0.11366442953020134, 0.0745234899328859, 0.06389261744966443, 0.05358389261744966, 0.046496644295302016, 0.04193288590604027, 0.039087248322147654, 0.03978523489932886, 0.03978523489932886, 0.03940939597315436, 0.04842953020134228, 0.1126979865771812]",0.6206,0.5574,1.8308,0.6912
openmrg,radar,linda_p,radar,10,24,0.4157,0.9339,"[0.003626093023946317, 0.16666666666666669, 0.25, 0.3333333333333333, 0.41666666666666663, 0.5433519293351929, 0.6666666666666669, 0.75, 0.8333333333333335, 0.9797119341563786]","[0.01670155435799225, 0.13432835820895522, 0.22088353413654618, 0.2777777777777778, 0.3159509202453988, 0.34309623430962344, 0.5078125, 0.5351239669421488, 0.5927750410509032, 0.817037037037037]","[0.28714093959731546, 0.1134496644295302, 0.07377181208053692, 0.06534228187919464, 0.051973154362416105, 0.0465503355704698, 0.041825503355704695, 0.038120805369127514, 0.039946308724832215, 0.04, 0.04048322147651007, 0.04869798657718121, 0.1126979865771812]",0.6206,0.5574,1.8308,0.6912
openmrg,radar (LINDA-P subset),linda_p,own,10,24,0.4157,0.9339,"[0.003626093023946317, 0.16666666666666669, 0.25, 0.3333333333333333, 0.41666666666666663, 0.5433519293351929, 0.6666666666666669, 0.75, 0.8333333333333335, 0.9797119341563786]","[0.01670155435799225, 0.13432835820895522, 0.22088353413654618, 0.2777777777777778, 0.3159509202453988, 0.34309623430962344, 0.5078125, 0.5351239669421488, 0.5927750410509032, 0.817037037037037]","[0.28923489932885904, 0.11194630872483222, 0.07269798657718121, 0.06491275167785235, 0.052348993288590606, 0.04719463087248322, 0.04284563758389262, 0.03887248322147651, 0.03930201342281879, 0.0385503355704698, 0.041664429530201344, 0.04773154362416107, 0.1126979865771812]",0.6206,0.5574,1.8308,0.6912
openmrg,radar (LINDA-P subset),linda_p,radar,10,24,0.4157,0.9339,"[0.003626093023946317, 0.16666666666666669, 0.25, 0.3333333333333333, 0.41666666666666663, 0.5433519293351929, 0.6666666666666669, 0.75, 0.8333333333333335, 0.9797119341563786]","[0.01670155435799225, 0.13432835820895522, 0.22088353413654618, 0.2777777777777778, 0.3159509202453988, 0.34309623430962344, 0.5078125, 0.5351239669421488, 0.5927750410509032, 0.817037037037037]","[0.2890738255033557, 0.11017449664429531, 0.07387919463087249, 0.06512751677852349, 0.05562416107382551, 0.04697986577181208, 0.04193288590604027, 0.03795973154362416, 0.038389261744966444, 0.03935570469798658, 0.04069798657718121, 0.04810738255033557, 0.1126979865771812]",0.6206,0.5574,1.8308,0.6912
openmrg,radar,linda_p,own,15,24,0.4524,0.9200,"[0.004649657523022974, 0.16666666666666666, 0.25, 0.3333333333333333, 0.41666666666666674, 0.5422332097239391, 0.6666666666666666, 0.75, 0.8333333333333334, 0.9763115757747007]","[0.019909546750565332, 0.16666666666666666, 0.21595330739299612, 0.2386634844868735, 0.2644628099173554, 0.3127317676143387, 0.413716814159292, 0.5374771480804388, 0.5427286356821589, 0.7920316473580108]","[0.29311009528005727, 0.11631877512804979, 0.07782122597345377, 0.0706063777055681, 0.05623175634741422, 0.045381946356777, 0.04240788676543482, 0.041031007324998627, 0.03783664702318665, 0.038607699509830916, 0.03568871509610619, 0.043509390317783773, 0.10144847717133888]",0.5654,0.6096,1.7879,0.6710
openmrg,radar,linda_p,radar,15,24,0.4524,0.9200,"[0.004649657523022974, 0.16666666666666666, 0.25, 0.3333333333333333, 0.41666666666666674, 0.5422332097239391, 0.6666666666666666, 0.75, 0.8333333333333334, 0.9763115757747007]","[0.019909546750565332, 0.16666666666666666, 0.21595330739299612, 0.2386634844868735, 0.2644628099173554, 0.3127317676143387, 0.413716814159292, 0.5374771480804388, 0.5427286356821589, 0.7920316473580108]","[0.29266949385911767, 0.11626369995043234, 0.07479209120449413, 0.07253400892217877, 0.055350553505535055, 0.04741972792862257, 0.041802059811642894, 0.04163683427879055, 0.037285895247012174, 0.040039654127884565, 0.03486258743184447, 0.04389491656110591, 0.10144847717133888]",0.5654,0.6096,1.7879,0.6710
openmrg,radar (LINDA-P subset),linda_p,own,15,24,0.4524,0.9200,"[0.004649657523022974, 0.16666666666666666, 0.25, 0.3333333333333333, 0.41666666666666674, 0.5422332097239391, 0.6666666666666666, 0.75, 0.8333333333333334, 0.9763115757747007]","[0.019909546750565332, 0.16666666666666666, 0.21595330739299612, 0.2386634844868735, 0.2644628099173554, 0.3127317676143387, 0.413716814159292, 0.5374771480804388, 0.5427286356821589, 0.7920316473580108]","[0.29283471939197003, 0.11389546731288208, 0.0769400231315746, 0.07115712948174258, 0.05683758330120615, 0.04747480310624002, 0.0429586385416093, 0.04025995483835435, 0.038222173266508785, 0.038222173266508785, 0.03568871509610619, 0.044060142093958254, 0.10144847717133888]",0.5654,0.6096,1.7879,0.6710
openmrg,radar (LINDA-P subset),linda_p,radar,15,24,0.4524,0.9200,"[0.004649657523022974, 0.16666666666666666, 0.25, 0.3333333333333333, 0.41666666666666674, 0.5422332097239391, 0.6666666666666666, 0.75, 0.8333333333333334, 0.9763115757747007]","[0.019909546750565332, 0.16666666666666666, 0.21595330739299612, 0.2386634844868735, 0.2644628099173554, 0.3127317676143387, 0.413716814159292, 0.5374771480804388, 0.5427286356821589, 0.7920316473580108]","[0.29366084705623174, 0.11279396376053313, 0.07710524866442695, 0.07203833232362174, 0.05645205705788401, 0.04824585559288429, 0.042187586054965025, 0.04025995483835435, 0.0378917222008041, 0.03970920306217988, 0.03530318885278405, 0.04290356336399185, 0.10144847717133888]",0.5654,0.6096,1.7879,0.6710
openmrg,radar,linda_p,own,20,24,0.4867,0.9044,"[0.005446623093681918, 0.16666666666666666, 0.25, 0.33333333333333337, 0.41666666666666663, 0.5424063116370809, 0.6666666666666666, 0.75, 0.8333333333333334, 0.9738740226847263]","[0.023529411764705882, 0.1568627450980392, 0.21082089552238806, 0.2851485148514851, 0.2371638141809291, 0.285207100591716, 0.4136460554371002, 0.5, 0.5397301349325337, 0.7700693756194251]","[0.28361042397744923, 0.12333889432203878, 0.08473796237703503, 0.07047114997411263, 0.0537881838577921, 0.04786285451302997, 0.04211010757636772, 0.04038428349536904, 0.03957889892423632, 0.043030547086233675, 0.035551976068572744, 0.03986653627106944, 0.09566818155669332]",0.5264,0.6569,1.8374,0.6091
openmrg,radar,linda_p,radar,20,24,0.4867,0.9044,"[0.005446623093681918, 0.16666666666666666, 0.25, 0.33333333333333337, 0.41666666666666663, 0.5424063116370809, 0.6666666666666666, 0.75, 0.8333333333333334, 0.9738740226847263]","[0.023529411764705882, 0.1568627450980392, 0.21082089552238806, 0.2851485148514851, 0.2371638141809291, 0.285207100591716, 0.4136460554371002, 0.5, 0.5397301349325337, 0.7700693756194251]","[0.2828625668756831, 0.12615774032100327, 0.08145889662313754, 0.06989587528044641, 0.054593568428924814, 0.0484381292066962, 0.04222516251510096, 0.040786975780935396, 0.040096646148535926, 0.04113214059713513, 0.036990162802738306, 0.03969395386296957, 0.09566818155669332]",0.5264,0.6569,1.8374,0.6091
openmrg,radar (LINDA-P subset),linda_p,own,20,24,0.4867,0.9044,"[0.005446623093681918, 0.16666666666666666, 0.25, 0.33333333333333337, 0.41666666666666663, 0.5424063116370809, 0.6666666666666666, 0.75, 0.8333333333333334, 0.9738740226847263]","[0.023529411764705882, 0.1568627450980392, 0.21082089552238806, 0.2851485148514851, 0.2371638141809291, 0.285207100591716, 0.4136460554371002, 0.5, 0.5397301349325337, 0.7700693756194251]","[0.2824598745901168, 0.12351147673013864, 0.08502559972386815, 0.07127653454524535, 0.053730656388425474, 0.04728757981936375, 0.042340217453834206, 0.04176494276016798, 0.03940631651613646, 0.041879997698901224, 0.03566703100730599, 0.03998159120980268, 0.09566818155669332]",0.5264,0.6569,1.8374,0.6091
openmrg,radar (LINDA-P subset),linda_p,radar,20,24,0.4867,0.9044,"[0.005446623093681918, 0.16666666666666666, 0.25, 0.33333333333333337, 0.41666666666666663, 0.5424063116370809, 0.6666666666666666, 0.75, 0.8333333333333334, 0.9738740226847263]","[0.023529411764705882, 0.1568627450980392, 0.21082089552238806, 0.2851485148514851, 0.2371638141809291, 0.285207100591716, 0.4136460554371002, 0.5, 0.5397301349325337, 0.7700693756194251]","[0.28084910544785135, 0.12759592705516884, 0.08111373180693782, 0.07029856756601277, 0.05453604095955819, 0.04694241500316401, 0.042167635045734335, 0.04101708565840189, 0.039809008801702815, 0.043203129494333546, 0.03676005292527182, 0.0400391186791693, 0.09566818155669332]",0.5264,0.6569,1.8374,0.6091
openmrg,radar,linda_p,own,25,24,0.5187,0.8918,"[0.006988922457200403, 0.1666666666666666, 0.25, 0.3333333333333333, 0.4166666666666667, 0.5386551600143834, 0.6666666666666666, 0.75, 0.8333333333333333, 0.9704585537918872]","[0.026344410876132932, 0.16485225505443235, 0.23714759535655058, 0.21084337349397592, 0.2777777777777778, 0.3333333333333333, 0.3761467889908257, 0.46808510638297873, 0.48066298342541436, 0.7551020408163265]","[0.2748878380016976, 0.13398811689099066, 0.08348490360130957, 0.07463319995149752, 0.057899842366921306, 0.048563113859585304, 0.04316721231963138, 0.037346914029344, 0.03868073238753486, 0.037468170243724994, 0.03383048381229538, 0.04365223717715533, 0.09239723535831211]",0.4980,0.7032,1.9814,0.5646
openmrg,radar,linda_p,radar,25,24,0.5187,0.8918,"[0.006988922457200403, 0.1666666666666666, 0.25, 0.3333333333333333, 0.4166666666666667, 0.5386551600143834, 0.6666666666666666, 0.75, 0.8333333333333333, 0.9704585537918872]","[0.026344410876132932, 0.16485225505443235, 0.23714759535655058, 0.21084337349397592, 0.2777777777777778, 0.3333333333333333, 0.3761467889908257, 0.46808510638297873, 0.48066298342541436, 0.7551020408163265]","[0.27700982175336486, 0.13556444767794348, 0.08251485388626167, 0.07117739784163939, 0.05741481750939736, 0.04759306414453741, 0.04353098096277434, 0.037468170243724994, 0.03886261670910634, 0.03795319510124894, 0.03522493027767673, 0.043288468534012366, 0.09239723535831211]",0.4980,0.7032,1.9814,0.5646
openmrg,radar (LINDA-P subset),linda_p,own,25,24,0.5187,0.8918,"[0.006988922457200403, 0.1666666666666666, 0.25, 0.3333333333333333, 0.4166666666666667, 0.5386551600143834, 0.6666666666666666, 0.75, 0.8333333333333333, 0.9704585537918872]","[0.026344410876132932, 0.16485225505443235, 0.23714759535655058, 0.21084337349397592, 0.2777777777777778, 0.3333333333333333, 0.3761467889908257, 0.46808510638297873, 0.48066298342541436, 0.7551020408163265]","[0.27622165635988843, 0.13229052988965684, 0.08184794470716625, 0.07481508427306899, 0.058081726688492784, 0.04874499818115678, 0.0448041712137747, 0.03849884806596338, 0.03898387292348733, 0.037346914029344, 0.03395174002667637, 0.042015278283012006, 0.09239723535831211]",0.4980,0.7032,1.9814,0.5646
openmrg,radar (LINDA-P subset),linda_p,radar,25,24,0.5187,0.8918,"[0.006988922457200403, 0.1666666666666666, 0.25, 0.3333333333333333, 0.4166666666666667, 0.5386551600143834, 0.6666666666666666, 0.75, 0.8333333333333333, 0.9704585537918872]","[0.026344410876132932, 0.16485225505443235, 0.23714759535655058, 0.21084337349397592, 0.2777777777777778, 0.3333333333333333, 0.3761467889908257, 0.46808510638297873, 0.48066298342541436, 0.7551020408163265]","[0.27640354068145995, 0.13035043045956105, 0.0821510852431187, 0.07451194373711653, 0.056323511579968476, 0.04977567600339517, 0.04286407178367891, 0.03849884806596338, 0.040317691281678184, 0.03807445131562993, 0.034558021098581304, 0.043773493391536314, 0.09239723535831211]",0.4980,0.7032,1.9814,0.5646
openmrg,radar,linda_p,own,30,24,0.5531,0.8890,"[0.0077484572165423225, 0.16666666666666669, 0.25, 0.33333333333333326, 0.4166666666666667, 0.5467980295566504, 0.6666666666666664, 0.75, 0.8333333333333334, 0.9679516250944823]","[0.02576678640508428, 0.162754303599374, 0.21291448516579406, 0.27901234567901234, 0.31733333333333336, 0.31157635467980294, 0.38917525773195877, 0.4761092150170648, 0.5979381443298969, 0.7224489795918367]","[0.2739827042971107, 0.13977341288462827, 0.08721592813568411, 0.07588657236709795, 0.05322786082992559, 0.047395588925387144, 0.04102701615606355, 0.0395521887779044, 0.03901588791311926, 0.04095997854796541, 0.03552993229201582, 0.04290406918281156, 0.08352885969028626]",0.4910,0.7571,2.1177,0.5174
openmrg,radar,linda_p,radar,30,24,0.5531,0.8890,"[0.0077484572165423225, 0.16666666666666669, 0.25, 0.33333333333333326, 0.4166666666666667, 0.5467980295566504, 0.6666666666666664, 0.75, 0.8333333333333334, 0.9679516250944823]","[0.02576678640508428, 0.162754303599374, 0.21291448516579406, 0.27901234567901234, 0.31733333333333336, 0.31157635467980294, 0.38917525773195877, 0.4761092150170648, 0.5979381443298969, 0.7224489795918367]","[0.2706978615003017, 0.1423208419923577, 0.08768519139237112, 0.07635583562378494, 0.05765234296440303, 0.04699336327679828, 0.03914996312931555, 0.03834551183213783, 0.03787624857545083, 0.040624790507474695, 0.03593215794060468, 0.04283703157471341, 0.08352885969028626]",0.4910,0.7571,2.1177,0.5174
openmrg,radar (LINDA-P subset),linda_p,own,30,24,0.5531,0.8890,"[0.0077484572165423225, 0.16666666666666669, 0.25, 0.33333333333333326, 0.4166666666666667, 0.5467980295566504, 0.6666666666666664, 0.75, 0.8333333333333334, 0.9679516250944823]","[0.02576678640508428, 0.162754303599374, 0.21291448516579406, 0.27901234567901234, 0.31733333333333336, 0.31157635467980294, 0.38917525773195877, 0.4761092150170648, 0.5979381443298969, 0.7224489795918367]","[0.2727760273513441, 0.1384326607226654, 0.09016558289200241, 0.07729436213715894, 0.05376416169471073, 0.047395588925387144, 0.04028960246698398, 0.039351075953609975, 0.03888181269692297, 0.039954414426493265, 0.03566400750821211, 0.0425018435342227, 0.08352885969028626]",0.4910,0.7571,2.1177,0.5174
openmrg,radar (LINDA-P subset),linda_p,radar,30,24,0.5531,0.8890,"[0.0077484572165423225, 0.16666666666666669, 0.25, 0.33333333333333326, 0.4166666666666667, 0.5467980295566504, 0.6666666666666664, 0.75, 0.8333333333333334, 0.9679516250944823]","[0.02576678640508428, 0.162754303599374, 0.21291448516579406, 0.27901234567901234, 0.31733333333333336, 0.31157635467980294, 0.38917525773195877, 0.4761092150170648, 0.5979381443298969, 0.7224489795918367]","[0.27733458470201783, 0.13555004357444525, 0.0898303948515117, 0.07434470738084065, 0.05570825232955688, 0.046188911979620564, 0.04216665549373198, 0.0376751357511564, 0.03894885030502112, 0.04176442984514313, 0.03512770664342696, 0.04183146745324127, 0.08352885969028626]",0.4910,0.7571,2.1177,0.5174
openmrg,radar,linda_p,own,35,24,0.5879,0.8719,"[0.009249016715830874, 0.16666666666666666, 0.25, 0.3333333333333333, 0.4166666666666666, 0.5431527961250551, 0.6666666666666665, 0.75, 0.8333333333333334, 0.9664444444444444]","[0.029941002949852507, 0.17161290322580644, 0.27165354330708663, 0.31894484412470026, 0.38095238095238093, 0.3236459709379128, 0.39054726368159204, 0.484251968503937, 0.5087719298245614, 0.704]","[0.2560992708917555, 0.14652271452607965, 0.08307627593942793, 0.07536455412226585, 0.05973079080201907, 0.048163208076275936, 0.039540100953449245, 0.04206393718452047, 0.03925967470555244, 0.03855860908581043, 0.03414189568143578, 0.04234436343241727, 0.09513460459899047]",0.4532,0.7930,2.2134,0.4999
openmrg,radar,linda_p,radar,35,24,0.5879,0.8719,"[0.009249016715830874, 0.16666666666666666, 0.25, 0.3333333333333333, 0.4166666666666666, 0.5431527961250551, 0.6666666666666665, 0.75, 0.8333333333333334, 0.9664444444444444]","[0.029941002949852507, 0.17161290322580644, 0.27165354330708663, 0.31894484412470026, 0.38095238095238093, 0.3236459709379128, 0.39054726368159204, 0.484251968503937, 0.5087719298245614, 0.704]","[0.2570106561974201, 0.14638250140213124, 0.08335670218732473, 0.07690689848569826, 0.05685642176107684, 0.04893438025799215, 0.03897924845765564, 0.039680314077397645, 0.04101233875490746, 0.03771733034212002, 0.034632641615255186, 0.043395961862030284, 0.09513460459899047]",0.4532,0.7930,2.2134,0.4999
openmrg,radar (LINDA-P subset),linda_p,own,35,24,0.5879,0.8719,"[0.009249016715830874, 0.16666666666666666, 0.25, 0.3333333333333333, 0.4166666666666666, 0.5431527961250551, 0.6666666666666665, 0.75, 0.8333333333333334, 0.9664444444444444]","[0.029941002949852507, 0.17161290322580644, 0.27165354330708663, 0.31894484412470026, 0.38095238095238093, 0.3236459709379128, 0.39054726368159204, 0.484251968503937, 0.5087719298245614, 0.704]","[0.25392596747055524, 0.14932697700504768, 0.08454851374088615, 0.07620583286595625, 0.05945036455412227, 0.048443634324172744, 0.03911946158160404, 0.03989063376332025, 0.04031127313516545, 0.036946158160403815, 0.034632641615255186, 0.04206393718452047, 0.09513460459899047]",0.4532,0.7930,2.2134,0.4999
openmrg,radar (LINDA-P subset),linda_p,radar,35,24,0.5879,0.8719,"[0.009249016715830874, 0.16666666666666666, 0.25, 0.3333333333333333, 0.4166666666666666, 0.5431527961250551, 0.6666666666666665, 0.75, 0.8333333333333334, 0.9664444444444444]","[0.029941002949852507, 0.17161290322580644, 0.27165354330708663, 0.31894484412470026, 0.38095238095238093, 0.3236459709379128, 0.39054726368159204, 0.484251968503937, 0.5087719298245614, 0.704]","[0.25539820527201346, 0.15037857543466068, 0.0801318003365115, 0.07641615255187885, 0.058398766124509255, 0.050476724621424565, 0.03989063376332025, 0.03855860908581043, 0.04185361749859787, 0.03638530566461021, 0.034772854739203586, 0.04220415030846887, 0.09513460459899047]",0.4532,0.7930,2.2134,0.4999
openmrg,radar,linda_p,own,40,24,0.6113,0.8717,"[0.009649265463218952, 0.16666666666666666, 0.25, 0.3333333333333333, 0.4166666666666667, 0.5472035794183446, 0.6666666666666665, 0.75, 0.8333333333333334, 0.9624972424442974]","[0.02821597007643519, 0.1906721536351166, 0.2675521821631879, 0.3357142857142857, 0.3945578231292517, 0.3704697986577181, 0.4072164948453608, 0.50418410041841, 0.5259259259259259, 0.7015221707478491]","[0.23253349481492697, 0.14472787828324882, 0.09143895238816138, 0.08197714026190296, 0.06244796003330558, 0.048444478086443116, 0.0394368329422451, 0.04397850276284914, 0.04223752933161759, 0.0401180834153357, 0.03633335856483234, 0.04307016879872833, 0.093255620316403]",0.4519,0.8231,2.5093,0.4353
openmrg,radar,linda_p,radar,40,24,0.6113,0.8717,"[0.009649265463218952, 0.16666666666666666, 0.25, 0.3333333333333333, 0.4166666666666667, 0.5472035794183446, 0.6666666666666665, 0.75, 0.8333333333333334, 0.9624972424442974]","[0.02821597007643519, 0.1906721536351166, 0.2675521821631879, 0.3357142857142857, 0.3945578231292517, 0.3704697986577181, 0.4072164948453608, 0.50418410041841, 0.5259259259259259, 0.7015221707478491]","[0.23412307925213838, 0.1442737113011884, 0.09628340019680569, 0.07788963742335932, 0.061615320566194835, 0.04753614412232231, 0.04026947240935584, 0.044432669744909545, 0.04064794489440618, 0.0394368329422451, 0.036711831049882675, 0.04352433578078874, 0.093255620316403]",0.4519,0.8231,2.5093,0.4353
openmrg,radar (LINDA-P subset),linda_p,own,40,24,0.6113,0.8717,"[0.009649265463218952, 0.16666666666666666, 0.25, 0.3333333333333333, 0.4166666666666667, 0.5472035794183446, 0.6666666666666665, 0.75, 0.8333333333333334, 0.9624972424442974]","[0.02821597007643519, 0.1906721536351166, 0.2675521821631879, 0.3357142857142857, 0.3945578231292517, 0.3704697986577181, 0.4072164948453608, 0.50418410041841, 0.5259259259259259, 0.7015221707478491]","[0.2358640526833699, 0.1445007947922186, 0.09098478540610097, 0.07894936038150026, 0.06645976837483915, 0.048822950571493454, 0.04034516690636591, 0.0431458632957384, 0.04034516690636591, 0.040572250397396106, 0.03277571720535917, 0.04397850276284914, 0.093255620316403]",0.4519,0.8231,2.5093,0.4353
openmrg,radar (LINDA-P subset),linda_p,radar,40,24,0.6113,0.8717,"[0.009649265463218952, 0.16666666666666666, 0.25, 0.3333333333333333, 0.4166666666666667, 0.5472035794183446, 0.6666666666666665, 0.75, 0.8333333333333334, 0.9624972424442974]","[0.02821597007643519, 0.1906721536351166, 0.2675521821631879, 0.3357142857142857, 0.3945578231292517, 0.3704697986577181, 0.4072164948453608, 0.50418410041841, 0.5259259259259259, 0.7015221707478491]","[0.23321474528801756, 0.14669593520551055, 0.09106047990311104, 0.07985769434562108, 0.061085459087124365, 0.048822950571493454, 0.043902808265839074, 0.04465975323593975, 0.040420861403375974, 0.040723639391416246, 0.033911134660510184, 0.04238891832563772, 0.093255620316403]",0.4519,0.8231,2.5093,0.4353
openmrg,radar,linda_p,own,45,24,0.6107,0.8600,"[0.01099356979879693, 0.16666666666666666, 0.25, 0.33333333333333337, 0.4166666666666666, 0.5422722868217054, 0.6666666666666666, 0.75, 0.8333333333333333, 0.9601477449455676]","[0.031113876789047916, 0.21617852161785217, 0.2235294117647059, 0.2570621468926554, 0.37467018469656993, 0.4171511627906977, 0.3979933110367893, 0.5325, 0.6061452513966481, 0.6423017107309487]","[0.2153782894736842, 0.1453125, 0.09695723684210526, 0.08807565789473684, 0.06151315789473684, 0.052138157894736845, 0.04564144736842105, 0.046546052631578946, 0.03807565789473684, 0.04070723684210526, 0.03404605263157895, 0.042598684210526316, 0.09300986842105263]",0.4437,0.8375,2.3141,0.4359
openmrg,radar,linda_p,radar,45,24,0.6107,0.8600,"[0.01099356979879693, 0.16666666666666666, 0.25, 0.33333333333333337, 0.4166666666666666, 0.5422722868217054, 0.6666666666666666, 0.75, 0.8333333333333333, 0.9601477449455676]","[0.031113876789047916, 0.21617852161785217, 0.2235294117647059, 0.2570621468926554, 0.37467018469656993, 0.4171511627906977, 0.3979933110367893, 0.5325, 0.6061452513966481, 0.6423017107309487]","[0.21595394736842105, 0.14539473684210527, 0.09983552631578947, 0.08848684210526316, 0.05756578947368421, 0.0509046052631579, 0.04810855263157895, 0.045476973684210525, 0.03848684210526316, 0.040460526315789475, 0.034868421052631576, 0.04144736842105263, 0.09300986842105263]",0.4437,0.8375,2.3141,0.4359
openmrg,radar (LINDA-P subset),linda_p,own,45,24,0.6107,0.8600,"[0.01099356979879693, 0.16666666666666666, 0.25, 0.33333333333333337, 0.4166666666666666, 0.5422722868217054, 0.6666666666666666, 0.75, 0.8333333333333333, 0.9601477449455676]","[0.031113876789047916, 0.21617852161785217, 0.2235294117647059, 0.2570621468926554, 0.37467018469656993, 0.4171511627906977, 0.3979933110367893, 0.5325, 0.6061452513966481, 0.6423017107309487]","[0.21554276315789472, 0.1455592105263158, 0.09605263157894736, 0.08799342105263158, 0.062088815789473686, 0.049424342105263155, 0.04580592105263158, 0.04712171052631579, 0.037664473684210525, 0.041611842105263155, 0.03569078947368421, 0.04243421052631579, 0.09300986842105263]",0.4437,0.8375,2.3141,0.4359
openmrg,radar (LINDA-P subset),linda_p,radar,45,24,0.6107,0.8600,"[0.01099356979879693, 0.16666666666666666, 0.25, 0.33333333333333337, 0.4166666666666666, 0.5422722868217054, 0.6666666666666666, 0.75, 0.8333333333333333, 0.9601477449455676]","[0.031113876789047916, 0.21617852161785217, 0.2235294117647059, 0.2570621468926554, 0.37467018469656993, 0.4171511627906977, 0.3979933110367893, 0.5325, 0.6061452513966481, 0.6423017107309487]","[0.2136513157894737, 0.1455592105263158, 0.09646381578947369, 0.09103618421052631, 0.06085526315789474, 0.04860197368421053, 0.04424342105263158, 0.047779605263157894, 0.03972039473684211, 0.03980263157894737, 0.03626644736842105, 0.04300986842105263, 0.09300986842105263]",0.4437,0.8375,2.3141,0.4359
openmrg,radar,linda_p,own,50,23,0.6450,0.8479,"[0.011178252763350646, 0.16666666666666666, 0.25, 0.33333333333333326, 0.41666666666666663, 0.5422018348623853, 0.6666666666666666, 0.75, 0.8333333333333334, 0.9581866197183099]","[0.03385936875749101, 0.15405777166437415, 0.218436873747495, 0.3069544364508393, 0.3858695652173913, 0.3834862385321101, 0.3781818181818182, 0.6047745358090185, 0.5594855305466238, 0.6100352112676056]","[0.20095780247582903, 0.15189301527062438, 0.10138248847926268, 0.08837083220384928, 0.06334146561850547, 0.048341917412126144, 0.042558959067497966, 0.04915514592933948, 0.04084214330893648, 0.04400469865365501, 0.03659528327460016, 0.042197524170958706, 0.09035872413481522]",0.4406,0.9059,2.2769,0.4408
openmrg,radar,linda_p,radar,50,23,0.6450,0.8479,"[0.011178252763350646, 0.16666666666666666, 0.25, 0.33333333333333326, 0.41666666666666663, 0.5422018348623853, 0.6666666666666666, 0.75, 0.8333333333333334, 0.9581866197183099]","[0.03385936875749101, 0.15405777166437415, 0.218436873747495, 0.3069544364508393, 0.3858695652173913, 0.3834862385321101, 0.3781818181818182, 0.6047745358090185, 0.5594855305466238, 0.6100352112676056]","[0.20511430378603054, 0.15360983102918588, 0.09668383482425229, 0.08710581006596187, 0.06551007499774103, 0.04969729827414837, 0.041565013102015, 0.048251558687991324, 0.043281828860576486, 0.04048070841239722, 0.03551097858498238, 0.04283003523990241, 0.09035872413481522]",0.4406,0.9059,2.2769,0.4408
openmrg,radar (LINDA-P subset),linda_p,own,50,23,0.6450,0.8479,"[0.011178252763350646, 0.16666666666666666, 0.25, 0.33333333333333326, 0.41666666666666663, 0.5422018348623853, 0.6666666666666666, 0.75, 0.8333333333333334, 0.9581866197183099]","[0.03385936875749101, 0.15405777166437415, 0.218436873747495, 0.3069544364508393, 0.3858695652173913, 0.3834862385321101, 0.3781818181818182, 0.6047745358090185, 0.5594855305466238, 0.6100352112676056]","[0.20077708502755942, 0.14836902502936658, 0.10183428209993675, 0.08873226710038855, 0.06469684648052769, 0.05005873317068763, 0.04536007951567724, 0.048703352308665404, 0.04120357820547574, 0.03984819734345351, 0.0374085117918135, 0.04264931779163278, 0.09035872413481522]",0.4406,0.9059,2.2769,0.4408
openmrg,radar (LINDA-P subset),linda_p,radar,50,23,0.6450,0.8479,"[0.011178252763350646, 0.16666666666666666, 0.25, 0.33333333333333326, 0.41666666666666663, 0.5422018348623853, 0.6666666666666666, 0.75, 0.8333333333333334, 0.9581866197183099]","[0.03385936875749101, 0.15405777166437415, 0.218436873747495, 0.3069544364508393, 0.3858695652173913, 0.3834862385321101, 0.3781818181818182, 0.6047745358090185, 0.5594855305466238, 0.6100352112676056]","[0.2061082497515135, 0.1479172314086925, 0.099756031444836, 0.0884611909279841, 0.0629800307219662, 0.04888406975693503, 0.04346254630884612, 0.05060088551549652, 0.04174573055028463, 0.04228788289509352, 0.034245956447094966, 0.04319147013644167, 0.09035872413481522]",0.4406,0.9059,2.2769,0.4408
openmrg,radar,linda_p,own,55,22,0.6284,0.8406,"[0.010370534396220843, 0.16666666666666666, 0.25, 0.33333333333333326, 0.41666666666666674, 0.545216049382716, 0.6666666666666667, 0.75, 0.8333333333333334, 0.9528403001071811]","[0.03653675819309123, 0.14265129682997119, 0.2190082644628099, 0.20666666666666667, 0.4281842818428184, 0.37222222222222223, 0.46646341463414637, 0.6122448979591837, 0.6392156862745098, 0.5916398713826366]","[0.18007586344579757, 0.1461369534837293, 0.10191655020962267, 0.08794170493112398, 0.07107207027350769, 0.05550009982032342, 0.049610700738670396, 0.05090836494310241, 0.042124176482331806, 0.042124176482331806, 0.04082651227789978, 0.04292273906967459, 0.0888400878418846]",0.4400,0.8799,2.2674,0.4365
openmrg,radar,linda_p,radar,55,22,0.6284,0.8406,"[0.010370534396220843, 0.16666666666666666, 0.25, 0.33333333333333326, 0.41666666666666674, 0.545216049382716, 0.6666666666666667, 0.75, 0.8333333333333334, 0.9528403001071811]","[0.03653675819309123, 0.14265129682997119, 0.2190082644628099, 0.20666666666666667, 0.4281842818428184, 0.37222222222222223, 0.46646341463414637, 0.6122448979591837, 0.6392156862745098, 0.5916398713826366]","[0.17837891794769414, 0.14603713316031144, 0.09582751048113396, 0.09293272110201638, 0.06687961668995808, 0.05589938111399481, 0.05010980235575963, 0.052405669794370134, 0.044919145538031544, 0.042323817129167496, 0.04222399680574965, 0.04322220003992813, 0.0888400878418846]",0.4400,0.8799,2.2674,0.4365
openmrg,radar (LINDA-P subset),linda_p,own,55,22,0.6284,0.8406,"[0.010370534396220843, 0.16666666666666666, 0.25, 0.33333333333333326, 0.41666666666666674, 0.545216049382716, 0.6666666666666667, 0.75, 0.8333333333333334, 0.9528403001071811]","[0.03653675819309123, 0.14265129682997119, 0.2190082644628099, 0.20666666666666667, 0.4281842818428184, 0.37222222222222223, 0.46646341463414637, 0.6122448979591837, 0.6392156862745098, 0.5916398713826366]","[0.1826711918546616, 0.14453982830904372, 0.09532840886404471, 0.09642643242164105, 0.07336793771211819, 0.053803154322220006, 0.04841285685765622, 0.05160710720702735, 0.043322020363345974, 0.04102615292473548, 0.039029746456378515, 0.04162507486524256, 0.0888400878418846]",0.4400,0.8799,2.2674,0.4365
openmrg,radar (LINDA-P subset),linda_p,radar,55,22,0.6284,0.8406,"[0.010370534396220843, 0.16666666666666666, 0.25, 0.33333333333333326, 0.41666666666666674, 0.545216049382716, 0.6666666666666667, 0.75, 0.8333333333333334, 0.9528403001071811]","[0.03653675819309123, 0.14265129682997119, 0.2190082644628099, 0.20666666666666667, 0.4281842818428184, 0.37222222222222223, 0.46646341463414637, 0.6122448979591837, 0.6392156862745098, 0.5916398713826366]","[0.17758035536035136, 0.1507286883609503, 0.0986224795368337, 0.09393092433619485, 0.06987422639249351, 0.05490117787981633, 0.04861249750449191, 0.05160710720702735, 0.04182471551207826, 0.041425434218406866, 0.040027949690557, 0.04202435615891396, 0.0888400878418846]",0.4400,0.8799,2.2674,0.4365
openmrg,radar,linda_p,own,60,22,0.6497,0.8348,"[0.010703735178665373, 0.1666666666666666, 0.25, 0.3333333333333333, 0.4166666666666667, 0.5392927308447937, 0.6666666666666665, 0.75, 0.8333333333333334, 0.9459219858156027]","[0.039820322933106715, 0.14420062695924765, 0.2559241706161137, 0.3742857142857143, 0.4197080291970803, 0.40471512770137524, 0.45703125, 0.7023411371237458, 0.6681222707423581, 0.5545212765957447]","[0.15417256011315417, 0.13654662169513654, 0.1014035469481014, 0.09422260907409422, 0.07202698291807202, 0.05603307583505603, 0.05342182569905342, 0.04732890871504733, 0.0544010445000544, 0.04275922097704276, 0.036666303993036664, 0.05015776302905016, 0.10085953650310087]",0.4355,0.9039,2.4101,0.4046
openmrg,radar,linda_p,radar,60,22,0.6497,0.8348,"[0.010703735178665373, 0.1666666666666666, 0.25, 0.3333333333333333, 0.4166666666666667, 0.5392927308447937, 0.6666666666666665, 0.75, 0.8333333333333334, 0.9459219858156027]","[0.039820322933106715, 0.14420062695924765, 0.2559241706161137, 0.3742857142857143, 0.4197080291970803, 0.40471512770137524, 0.45703125, 0.7023411371237458, 0.6681222707423581, 0.5545212765957447]","[0.1583070394951583, 0.13611141333913612, 0.09509302578609509, 0.09683385921009684, 0.06952453487106952, 0.05766510717005766, 0.0544010445000544, 0.04852573169404852, 0.05091937765205092, 0.0433032314220433, 0.037319116527037316, 0.05113698183005114, 0.10085953650310087]",0.4355,0.9039,2.4101,0.4046
openmrg,radar (LINDA-P subset),linda_p,own,60,22,0.6497,0.8348,"[0.010703735178665373, 0.1666666666666666, 0.25, 0.3333333333333333, 0.4166666666666667, 0.5392927308447937, 0.6666666666666665, 0.75, 0.8333333333333334, 0.9459219858156027]","[0.039820322933106715, 0.14420062695924765, 0.2559241706161137, 0.3742857142857143, 0.4197080291970803, 0.40471512770137524, 0.45703125, 0.7023411371237458, 0.6681222707423581, 0.5545212765957447]","[0.15406375802415406, 0.1382874551191383, 0.10096833859210097, 0.09378740071809379, 0.06713088891306714, 0.05418344032205418, 0.05897073223805897, 0.05026656511805026, 0.049287346317049285, 0.04341203351104341, 0.037971929061037975, 0.05081057556305081, 0.10085953650310087]",0.4355,0.9039,2.4101,0.4046
openmrg,radar (LINDA-P subset),linda_p,radar,60,22,0.6497,0.8348,"[0.010703735178665373, 0.1666666666666666, 0.25, 0.3333333333333333, 0.4166666666666667, 0.5392927308447937, 0.6666666666666665, 0.75, 0.8333333333333334, 0.9459219858156027]","[0.039820322933106715, 0.14420062695924765, 0.2559241706161137, 0.3742857142857143, 0.4197080291970803, 0.40471512770137524, 0.45703125, 0.7023411371237458, 0.6681222707423581, 0.5545212765957447]","[0.15526058100315526, 0.13894026765313894, 0.09868349472309869, 0.09672505712109672, 0.06734849309106734, 0.05363942987705364, 0.055162659123055166, 0.04994015885104994, 0.05276901316505277, 0.04178000217604178, 0.03808073115003808, 0.05081057556305081, 0.10085953650310087]",0.4355,0.9039,2.4101,0.4046
openmrg,radar,linda_p,own,65,20,0.6517,0.8118,"[0.01066948459230979, 0.16666666666666666, 0.25, 0.3333333333333333, 0.4166666666666667, 0.5472508591065293, 0.6666666666666665, 0.75, 0.8333333333333334, 0.9476875352509869]","[0.04554131442596128, 0.16193656093489148, 0.24523809523809523, 0.37341772151898733, 0.4359861591695502, 0.45979381443298967, 0.483271375464684, 0.6756756756756757, 0.5867346938775511, 0.4433164128595601]","[0.1426022835394862, 0.12951950523311132, 0.09883444338725024, 0.09467174119885823, 0.07243101807802094, 0.05756422454804948, 0.05137963843958135, 0.05149857278782112, 0.04995242626070409, 0.04923882017126546, 0.04602759276879163, 0.05126070409134158, 0.10501902949571837]",0.4128,0.9095,2.2505,0.3767
openmrg,radar,linda_p,radar,65,20,0.6517,0.8118,"[0.01066948459230979, 0.16666666666666666, 0.25, 0.3333333333333333, 0.4166666666666667, 0.5472508591065293, 0.6666666666666665, 0.75, 0.8333333333333334, 0.9476875352509869]","[0.04554131442596128, 0.16193656093489148, 0.24523809523809523, 0.37341772151898733, 0.4359861591695502, 0.45979381443298967, 0.483271375464684, 0.6756756756756757, 0.5867346938775511, 0.4433164128595601]","[0.14700285442435776, 0.12773549000951476, 0.09300666032350142, 0.09681255946717413, 0.07576117982873454, 0.05708848715509039, 0.04543292102759277, 0.0549476688867745, 0.05090390104662226, 0.05090390104662226, 0.04555185537583254, 0.04983349191246432, 0.10501902949571837]",0.4128,0.9095,2.2505,0.3767
openmrg,radar (LINDA-P subset),linda_p,own,65,20,0.6517,0.8118,"[0.01066948459230979, 0.16666666666666666, 0.25, 0.3333333333333333, 0.4166666666666667, 0.5472508591065293, 0.6666666666666665, 0.75, 0.8333333333333334, 0.9476875352509869]","[0.04554131442596128, 0.16193656093489148, 0.24523809523809523, 0.37341772151898733, 0.4359861591695502, 0.45979381443298967, 0.483271375464684, 0.6756756756756757, 0.5867346938775511, 0.4433164128595601]","[0.15283063748810657, 0.12892483349191247, 0.09336346336822074, 0.09467174119885823, 0.06791151284490961, 0.060894386298763085, 0.048525214081826834, 0.05149857278782112, 0.051022835394862034, 0.04733587059942911, 0.046622264509990484, 0.05137963843958135, 0.10501902949571837]",0.4128,0.9095,2.2505,0.3767
openmrg,radar (LINDA-P subset),linda_p,radar,65,20,0.6517,0.8118,"[0.01066948459230979, 0.16666666666666666, 0.25, 0.3333333333333333, 0.4166666666666667, 0.5472508591065293, 0.6666666666666665, 0.75, 0.8333333333333334, 0.9476875352509869]","[0.04554131442596128, 0.16193656093489148, 0.24523809523809523, 0.37341772151898733, 0.4359861591695502, 0.45979381443298967, 0.483271375464684, 0.6756756756756757, 0.5867346938775511, 0.4433164128595601]","[0.14450523311132255, 0.1301141769743102, 0.094790675547098, 0.0939581351094196, 0.07480970504281637, 0.056374881065651763, 0.051141769743101806, 0.05233111322549953, 0.05149857278782112, 0.049476688867745006, 0.0461465271170314, 0.04983349191246432, 0.10501902949571837]",0.4128,0.9095,2.2505,0.3767
openmrg,radar,linda_p,own,70,19,0.6500,0.7987,"[0.010481386068596252, 0.16666666666666669, 0.25, 0.33333333333333337, 0.4166666666666667, 0.5407021604938272, 0.6666666666666665, 0.75, 0.8333333333333331, 0.950445434298441]","[0.048643733899075614, 0.1669724770642202, 0.20108695652173914, 0.44272445820433437, 0.5387453874538746, 0.4305555555555556, 0.47126436781609193, 0.7067137809187279, 0.42483660130718953, 0.3518930957683742]","[0.1406679764243615, 0.12141453831041257, 0.09063523248199083, 0.09155206286836935, 0.0719056974459725, 0.06823837590045842, 0.054616895874263265, 0.058284217419777344, 0.05068762278978389, 0.05068762278978389, 0.04649639816633923, 0.04977079240340537, 0.10504256712508186]",0.3938,0.9161,2.2344,0.3659
openmrg,radar,linda_p,radar,70,19,0.6500,0.7987,"[0.010481386068596252, 0.16666666666666669, 0.25, 0.33333333333333337, 0.4166666666666667, 0.5407021604938272, 0.6666666666666665, 0.75, 0.8333333333333331, 0.950445434298441]","[0.048643733899075614, 0.1669724770642202, 0.20108695652173914, 0.44272445820433437, 0.5387453874538746, 0.4305555555555556, 0.47126436781609193, 0.7067137809187279, 0.42483660130718953, 0.3518930957683742]","[0.13831041257367388, 0.1206286836935167, 0.0902423051735429, 0.09613621480026195, 0.07229862475442043, 0.06810740013097577, 0.05435494433529797, 0.059070072036673214, 0.051735428945645055, 0.04675834970530452, 0.046234446627373936, 0.05108055009823183, 0.10504256712508186]",0.3938,0.9161,2.2344,0.3659
openmrg,radar (LINDA-P subset),linda_p,own,70,19,0.6500,0.7987,"[0.010481386068596252, 0.16666666666666669, 0.25, 0.33333333333333337, 0.4166666666666667, 0.5407021604938272, 0.6666666666666665, 0.75, 0.8333333333333331, 0.950445434298441]","[0.048643733899075614, 0.1669724770642202, 0.20108695652173914, 0.44272445820433437, 0.5387453874538746, 0.4305555555555556, 0.47126436781609193, 0.7067137809187279, 0.42483660130718953, 0.3518930957683742]","[0.13739358218729536, 0.12049770792403405, 0.09194499017681729, 0.09535036018336608, 0.07269155206286837, 0.06889325474787164, 0.055402750491159135, 0.05474787164374591, 0.04963981663392272, 0.05121152586771447, 0.045317616240995416, 0.0518664047151277, 0.10504256712508186]",0.3938,0.9161,2.2344,0.3659
openmrg,radar (LINDA-P subset),linda_p,radar,70,19,0.6500,0.7987,"[0.010481386068596252, 0.16666666666666669, 0.25, 0.33333333333333337, 0.4166666666666667, 0.5407021604938272, 0.6666666666666665, 0.75, 0.8333333333333331, 0.950445434298441]","[0.048643733899075614, 0.1669724770642202, 0.20108695652173914, 0.44272445820433437, 0.5387453874538746, 0.4305555555555556, 0.47126436781609193, 0.7067137809187279, 0.42483660130718953, 0.3518930957683742]","[0.1367387033398821, 0.12246234446627374, 0.09115913555992142, 0.09561231172233137, 0.07256057629338572, 0.0702030124426981, 0.0518664047151277, 0.05710543549443353, 0.0504256712508186, 0.04885396201702685, 0.046234446627373936, 0.051735428945645055, 0.10504256712508186]",0.3938,0.9161,2.2344,0.3659
openmrg,radar,linda_p,own,75,19,0.6380,0.7947,"[0.011596947738252084, 0.16666666666666663, 0.25, 0.33333333333333337, 0.41666666666666663, 0.5373809523809523, 0.6666666666666665, 0.75, 0.8333333333333333, 0.9578877005347594]","[0.04792490118577075, 0.163003663003663, 0.26666666666666666, 0.45263157894736844, 0.4819277108433735, 0.54, 0.4340659340659341, 0.7545454545454545, 0.4112903225806452, 0.25935828877005346]","[0.12575021434695627, 0.110603029436982, 0.0891683338096599, 0.08873963989711346, 0.0788796799085453, 0.067590740211489, 0.05787367819376965, 0.060160045727350675, 0.05844527007716491, 0.04829951414689911, 0.050871677622177765, 0.05573020863103744, 0.10788796799085452]",0.3668,0.8942,2.2941,0.2930
openmrg,radar,linda_p,radar,75,19,0.6380,0.7947,"[0.011596947738252084, 0.16666666666666663, 0.25, 0.33333333333333337, 0.41666666666666663, 0.5373809523809523, 0.6666666666666665, 0.75, 0.8333333333333333, 0.9578877005347594]","[0.04792490118577075, 0.163003663003663, 0.26666666666666666, 0.45263157894736844, 0.4819277108433735, 0.54, 0.4340659340659341, 0.7545454545454545, 0.4112903225806452, 0.25935828877005346]","[0.12789368390968847, 0.1076021720491569, 0.08745355815947413, 0.08902543583881109, 0.0768791083166619, 0.0717347813661046, 0.05687339239782795, 0.058731066018862535, 0.05773078022292084, 0.053015147184909975, 0.05101457559302658, 0.05415833095170049, 0.10788796799085452]",0.3668,0.8942,2.2941,0.2930
openmrg,radar (LINDA-P subset),linda_p,own,75,19,0.6380,0.7947,"[0.011596947738252084, 0.16666666666666663, 0.25, 0.33333333333333337, 0.41666666666666663, 0.5373809523809523, 0.6666666666666665, 0.75, 0.8333333333333333, 0.9578877005347594]","[0.04792490118577075, 0.163003663003663, 0.26666666666666666, 0.45263157894736844, 0.4819277108433735, 0.54, 0.4340659340659341, 0.7545454545454545, 0.4112903225806452, 0.25935828877005346]","[0.12460703058016576, 0.11117462132037725, 0.08831094598456701, 0.092169191197485, 0.07302086310374392, 0.06930551586167476, 0.05601600457273507, 0.05987424978565305, 0.06173192340668762, 0.051586167476421835, 0.05187196341811946, 0.05244355530151472, 0.10788796799085452]",0.3668,0.8942,2.2941,0.2930
openmrg,radar (LINDA-P subset),linda_p,radar,75,19,0.6380,0.7947,"[0.011596947738252084, 0.16666666666666663, 0.25, 0.33333333333333337, 0.41666666666666663, 0.5373809523809523, 0.6666666666666665, 0.75, 0.8333333333333333, 0.9578877005347594]","[0.04792490118577075, 0.163003663003663, 0.26666666666666666, 0.45263157894736844, 0.4819277108433735, 0.54, 0.4340659340659341, 0.7545454545454545, 0.4112903225806452, 0.25935828877005346]","[0.125178622463561, 0.10888825378679623, 0.09145470134324092, 0.09274078308088025, 0.07444984281223206, 0.07087739354101172, 0.05487282080594456, 0.05930265790225779, 0.05758788225207202, 0.04987139182623607, 0.05201486138896828, 0.05487282080594456, 0.10788796799085452]",0.3668,0.8942,2.2941,0.2930
openmrg,radar,linda_p,own,80,19,0.6525,0.7901,"[0.011418047882136281, 0.16666666666666666, 0.25, 0.33333333333333337, 0.4166666666666667, 0.5451070336391437, 0.6666666666666666, 0.75, 0.8333333333333331, 0.9532032032032033]","[0.04935543278084715, 0.1991869918699187, 0.2570694087403599, 0.43795620437956206, 0.6108786610878661, 0.5474006116207951, 0.5238095238095238, 0.5041322314049587, 0.3939393939393939, 0.2972972972972973]","[0.12125512456638285, 0.09823399558498896, 0.08719646799116998, 0.08451592557552823, 0.07568590350047304, 0.07757805108798486, 0.06322926521602018, 0.0619678334910123, 0.056291390728476824, 0.05140334279407127, 0.05566067486597288, 0.059602649006622516, 0.10737937559129612]",0.3468,0.9095,2.3325,0.2588
openmrg,radar,linda_p,radar,80,19,0.6525,0.7901,"[0.011418047882136281, 0.16666666666666666, 0.25, 0.33333333333333337, 0.4166666666666667, 0.5451070336391437, 0.6666666666666666, 0.75, 0.8333333333333331, 0.9532032032032033]","[0.04935543278084715, 0.1991869918699187, 0.2570694087403599, 0.43795620437956206, 0.6108786610878661, 0.5474006116207951, 0.5238095238095238, 0.5041322314049587, 0.3939393939393939, 0.2972972972972973]","[0.1217281614632608, 0.09728792179123305, 0.08372753074739829, 0.08625039419741407, 0.0772626931567329, 0.07537054556922107, 0.06795963418479975, 0.06149479659413434, 0.05802585935036266, 0.052980132450331126, 0.051718700725323245, 0.05881425417849259, 0.10737937559129612]",0.3468,0.9095,2.3325,0.2588
openmrg,radar (LINDA-P subset),linda_p,own,80,19,0.6525,0.7901,"[0.011418047882136281, 0.16666666666666666, 0.25, 0.33333333333333337, 0.4166666666666667, 0.5451070336391437, 0.6666666666666666, 0.75, 0.8333333333333331, 0.9532032032032033]","[0.04935543278084715, 0.1991869918699187, 0.2570694087403599, 0.43795620437956206, 0.6108786610878661, 0.5474006116207951, 0.5238095238095238, 0.5041322314049587, 0.3939393939393939, 0.2972972972972973]","[0.1174708293913592, 0.10469883317565437, 0.08625039419741407, 0.0846736045411542, 0.07947019867549669, 0.07300536108483129, 0.06433301797540208, 0.06338694418164617, 0.053768527278461056, 0.05345316934720908, 0.052191737622201195, 0.05991800693787449, 0.10737937559129612]",0.3468,0.9095,2.3325,0.2588
openmrg,radar (LINDA-P subset),linda_p,radar,80,19,0.6525,0.7901,"[0.011418047882136281, 0.16666666666666666, 0.25, 0.33333333333333337, 0.4166666666666667, 0.5451070336391437, 0.6666666666666666, 0.75, 0.8333333333333331, 0.9532032032032033]","[0.04935543278084715, 0.1991869918699187, 0.2570694087403599, 0.43795620437956206, 0.6108786610878661, 0.5474006116207951, 0.5238095238095238, 0.5041322314049587, 0.3939393939393939, 0.2972972972972973]","[0.12251655629139073, 0.10012614317250079, 0.08688111005991801, 0.08530432040365815, 0.07363607694733522, 0.07237464522232734, 0.06228319142226427, 0.06464837590665405, 0.05534531693472091, 0.05566067486597288, 0.05518763796909492, 0.0586565752128666, 0.10737937559129612]",0.3468,0.9095,2.3325,0.2588
openmrg,radar,linda_p,own,85,16,0.6471,0.7949,"[0.012005082932049223, 0.16666666666666669, 0.25, 0.33333333333333337, 0.41666666666666663, 0.5426509186351707, 0.6666666666666669, 0.75, 0.8333333333333334, 0.9487179487179487]","[0.04554574638844302, 0.22807017543859648, 0.30538922155688625, 0.4166666666666667, 0.4260355029585799, 0.5748031496062992, 0.5724137931034483, 0.5084745762711864, 0.3157894736842105, 0.31868131868131866]","[0.11155172413793103, 0.10413793103448275, 0.08586206896551724, 0.08879310344827586, 0.07706896551724138, 0.06896551724137931, 0.07379310344827586, 0.05706896551724138, 0.053275862068965514, 0.05396551724137931, 0.05706896551724138, 0.056896551724137934, 0.11155172413793103]",0.3174,0.9273,2.3114,0.2594
openmrg,radar,linda_p,radar,85,16,0.6471,0.7949,"[0.012005082932049223, 0.16666666666666669, 0.25, 0.33333333333333337, 0.41666666666666663, 0.5426509186351707, 0.6666666666666669, 0.75, 0.8333333333333334, 0.9487179487179487]","[0.04554574638844302, 0.22807017543859648, 0.30538922155688625, 0.4166666666666667, 0.4260355029585799, 0.5748031496062992, 0.5724137931034483, 0.5084745762711864, 0.3157894736842105, 0.31868131868131866]","[0.10879310344827586, 0.10189655172413793, 0.0910344827586207, 0.08706896551724137, 0.07775862068965517, 0.06620689655172414, 0.07344827586206897, 0.05982758620689655, 0.05120689655172414, 0.055689655172413796, 0.059482758620689656, 0.05603448275862069, 0.11155172413793103]",0.3174,0.9273,2.3114,0.2594
openmrg,radar (LINDA-P subset),linda_p,own,85,16,0.6471,0.7949,"[0.012005082932049223, 0.16666666666666669, 0.25, 0.33333333333333337, 0.41666666666666663, 0.5426509186351707, 0.6666666666666669, 0.75, 0.8333333333333334, 0.9487179487179487]","[0.04554574638844302, 0.22807017543859648, 0.30538922155688625, 0.4166666666666667, 0.4260355029585799, 0.5748031496062992, 0.5724137931034483, 0.5084745762711864, 0.3157894736842105, 0.31868131868131866]","[0.11017241379310345, 0.09948275862068966, 0.09120689655172413, 0.09189655172413794, 0.07775862068965517, 0.06741379310344828, 0.07224137931034483, 0.05706896551724138, 0.05379310344827586, 0.05603448275862069, 0.055344827586206895, 0.05603448275862069, 0.11155172413793103]",0.3174,0.9273,2.3114,0.2594
openmrg,radar (LINDA-P subset),linda_p,radar,85,16,0.6471,0.7949,"[0.012005082932049223, 0.16666666666666669, 0.25, 0.33333333333333337, 0.41666666666666663, 0.5426509186351707, 0.6666666666666669, 0.75, 0.8333333333333334, 0.9487179487179487]","[0.04554574638844302, 0.22807017543859648, 0.30538922155688625, 0.4166666666666667, 0.4260355029585799, 0.5748031496062992, 0.5724137931034483, 0.5084745762711864, 0.3157894736842105, 0.31868131868131866]","[0.10620689655172413, 0.10758620689655173, 0.0910344827586207, 0.08293103448275863, 0.08137931034482758, 0.07137931034482758, 0.06465517241379311, 0.055344827586206895, 0.055689655172413796, 0.05758620689655172, 0.05706896551724138, 0.05758620689655172, 0.11155172413793103]",0.3174,0.9273,2.3114,0.2594
openmrg,radar,linda_p,own,90,15,0.6876,0.7950,"[0.012481398809523807, 0.16666666666666669, 0.25, 0.33333333333333337, 0.41666666666666663, 0.5435323383084578, 0.6666666666666667, 0.75, 0.8333333333333331, 0.9399999999999997]","[0.048660714285714286, 0.2178477690288714, 0.3595166163141994, 0.3875598086124402, 0.4391891891891892, 0.5261194029850746, 0.5714285714285714, 0.5524475524475524, 0.31932773109243695, 0.35555555555555557]","[0.09896519285042334, 0.10761994355597367, 0.0916274694261524, 0.08485418626528693, 0.0722483537158984, 0.06434619002822202, 0.06265286923800564, 0.06171213546566322, 0.06095954844778927, 0.06622765757290687, 0.05437441204139229, 0.05794920037629351, 0.11646284101599247]",0.3027,0.9944,2.5327,0.2399
openmrg,radar,linda_p,radar,90,15,0.6876,0.7950,"[0.012481398809523807, 0.16666666666666669, 0.25, 0.33333333333333337, 0.41666666666666663, 0.5435323383084578, 0.6666666666666667, 0.75, 0.8333333333333331, 0.9399999999999997]","[0.048660714285714286, 0.2178477690288714, 0.3595166163141994, 0.3875598086124402, 0.4391891891891892, 0.5261194029850746, 0.5714285714285714, 0.5524475524475524, 0.31932773109243695, 0.35555555555555557]","[0.09143932267168392, 0.11063029162746943, 0.09031044214487301, 0.08410159924741298, 0.07770460959548448, 0.06754468485418627, 0.06378174976481656, 0.062088428974600186, 0.060583254938852305, 0.06114769520225776, 0.05625587958607714, 0.05794920037629351, 0.11646284101599247]",0.3027,0.9944,2.5327,0.2399
openmrg,radar (LINDA-P subset),linda_p,own,90,15,0.6876,0.7950,"[0.012481398809523807, 0.16666666666666669, 0.25, 0.33333333333333337, 0.41666666666666663, 0.5435323383084578, 0.6666666666666667, 0.75, 0.8333333333333331, 0.9399999999999997]","[0.048660714285714286, 0.2178477690288714, 0.3595166163141994, 0.3875598086124402, 0.4391891891891892, 0.5261194029850746, 0.5714285714285714, 0.5524475524475524, 0.31932773109243695, 0.35555555555555557]","[0.09821260583254939, 0.10856067732831609, 0.09275634995296331, 0.08278457196613359, 0.07714016933207903, 0.07074317968015052, 0.05794920037629351, 0.06359360301034807, 0.05738476011288805, 0.05907808090310442, 0.05587958607714017, 0.05945437441204139, 0.11646284101599247]",0.3027,0.9944,2.5327,0.2399
openmrg,radar (LINDA-P subset),linda_p,radar,90,15,0.6876,0.7950,"[0.012481398809523807, 0.16666666666666669, 0.25, 0.33333333333333337, 0.41666666666666663, 0.5435323383084578, 0.6666666666666667, 0.75, 0.8333333333333331, 0.9399999999999997]","[0.048660714285714286, 0.2178477690288714, 0.3595166163141994, 0.3875598086124402, 0.4391891891891892, 0.5261194029850746, 0.5714285714285714, 0.5524475524475524, 0.31932773109243695, 0.35555555555555557]","[0.09482596425211665, 0.10348071495766697, 0.08861712135465663, 0.09313264346190028, 0.07676387582314205, 0.06999059266227657, 0.06302916274694262, 0.06622765757290687, 0.053998118532455314, 0.06265286923800564, 0.05268109125117592, 0.058137347130762, 0.11646284101599247]",0.3027,0.9944,2.5327,0.2399
openmrg,cml_idw10,steps,own,5,64,0.3674,0.8620,"[0.000743552181826253, 0.16666666666666663, 0.25, 0.33333333333333326, 0.41666666666666663, 0.5417766051011433, 0.6666666666666667, 0.75, 0.8333333333333335, 0.993044913356124]","[0.02822068063778012, 0.3409090909090909, 0.41700404858299595, 0.5238095238095238, 0.47560975609756095, 0.44063324538258575, 0.4127906976744186, 0.5113636363636364, 0.47005988023952094, 0.7246257220322999]","[0.38623057622045165, 0.041950961834749306, 0.02724831623894, 0.022186028084694283, 0.01958885416208126, 0.01655148126953383, 0.017123739930448564, 0.0161993220935863, 0.017255799621428886, 0.018444336840251794, 0.02333054540652375, 0.03319100233305454, 0.36069903596425584]",0.5329,0.4274,1.5236,0.6372
openmrg,cml_idw10,steps,radar,5,64,0.7711,0.6882,"[0.000743552181826253, 0.16666666666666663, 0.25, 0.33333333333333326, 0.41666666666666663, 0.5417766051011433, 0.6666666666666667, 0.75, 0.8333333333333335, 0.993044913356124]","[0.10794319543820143, 0.3153409090909091, 0.41295546558704455, 0.42328042328042326, 0.4268292682926829, 0.37994722955145116, 0.36627906976744184, 0.42045454545454547, 0.49700598802395207, 0.6550748555935401]","[0.2291687992629747, 0.01911659330535367, 0.012462892824239943, 0.010390009212816052, 0.00834271675708875, 0.008086805200122837, 0.0072678882178319176, 0.007242297062135326, 0.00690961203807964, 0.008445081379875116, 0.01018527996724332, 0.015840925376189988, 0.6565410993960488]",0.3199,0.8341,2.6611,0.3755
openmrg,cml_idw10,steps,own,10,64,0.3557,0.8696,"[0.0010852576753696789, 0.16666666666666663, 0.25, 0.33333333333333337, 0.4166666666666666, 0.5402107598447033, 0.6666666666666666, 0.75, 0.8333333333333336, 0.9905303030303031]","[0.027164963356840266, 0.3, 0.35327635327635326, 0.4483985765124555, 0.4646017699115044, 0.389351081530782, 0.4263565891472868, 0.43103448275862066, 0.4673913043478261, 0.7516414141414142]","[0.33814379536813, 0.05923781541652264, 0.03754752851711027, 0.03288109229173868, 0.02700483926719668, 0.02415312824058071, 0.0229433114414103, 0.021776702385067404, 0.021776702385067404, 0.02683200829588662, 0.03132561354994815, 0.04424472865537504, 0.3121327341859661]",0.5342,0.4274,1.5016,0.6481
openmrg,cml_idw10,steps,radar,10,64,0.7723,0.6864,"[0.0010852576753696789, 0.16666666666666663, 0.25, 0.33333333333333337, 0.4166666666666666, 0.5402107598447033, 0.6666666666666666, 0.75, 0.8333333333333336, 0.9905303030303031]","[0.10247514173297632, 0.2816666666666667, 0.32193732193732194, 0.41637010676156583, 0.39823008849557523, 0.37104825291181365, 0.3333333333333333, 0.3936781609195402, 0.4282608695652174, 0.6170454545454546]","[0.23313674898636197, 0.027223421620767733, 0.017087041230056343, 0.01387499341793481, 0.011558106471486494, 0.010873571691854036, 0.010478647780527619, 0.009530830393344215, 0.009899426043915539, 0.011163182560160075, 0.012558580380180085, 0.020114791216892212, 0.6125006582065189]",0.3036,0.8497,2.6858,0.3486
openmrg,cml_idw10,steps,own,15,64,0.3483,0.8758,"[0.001439611898775736, 0.16666666666666666, 0.25, 0.3333333333333333, 0.41666666666666663, 0.5462194559704933, 0.6666666666666667, 0.75, 0.8333333333333335, 0.9884511784511785]","[0.026386044944402685, 0.27714285714285714, 0.30018083182640143, 0.4134366925064599, 0.3983957219251337, 0.43568464730290457, 0.4116022099447514, 0.46924829157175396, 0.5130718954248366, 0.7709090909090909]","[0.29025844930417494, 0.06838137839628894, 0.04473161033797217, 0.03723492379058979, 0.033880053015241884, 0.0325960901259112, 0.031312127236580514, 0.029489728296885353, 0.027791583830351227, 0.033341616964877405, 0.03972001325381047, 0.05347084161696488, 0.27779158383035124]",0.5415,0.4267,1.4867,0.6566
openmrg,cml_idw10,steps,radar,15,64,0.7868,0.6737,"[0.001439611898775736, 0.16666666666666666, 0.25, 0.3333333333333333, 0.41666666666666663, 0.5462194559704933, 0.6666666666666667, 0.75, 0.8333333333333335, 0.9884511784511785]","[0.10599777092351158, 0.2957142857142857, 0.2965641952983725, 0.35400516795865633, 0.3850267379679144, 0.37344398340248963, 0.3839779005524862, 0.3553530751708428, 0.4166666666666667, 0.5756228956228956]","[0.22149912542442637, 0.032410741845868916, 0.020423911925095174, 0.016411153410844738, 0.013787426689988683, 0.012527008951538224, 0.012527008951538224, 0.01134375964605412, 0.010160510340570018, 0.013427307336145694, 0.015819528758102684, 0.027034674349212882, 0.5926278423706143]",0.2781,0.8766,2.6390,0.3325
openmrg,cml_idw10,steps,own,20,64,0.4895,0.7803,"[0.0018506264337391923, 0.1666666666666667, 0.25, 0.33333333333333337, 0.4166666666666667, 0.5422749391727494, 0.6666666666666666, 0.75, 0.8333333333333335, 0.9863274736791958]","[0.04203282159872949, 0.21521739130434783, 0.23361344537815126, 0.2781316348195329, 0.305668016194332, 0.35036496350364965, 0.3547619047619048, 0.31950207468879666, 0.37988826815642457, 0.5470916106902959]","[0.3340787119856887, 0.06320810971973763, 0.04215116279069767, 0.03402653548002385, 0.029107036374478236, 0.025268336314847942, 0.02552921884317233, 0.022883124627310673, 0.020870602265951103, 0.02370304114490161, 0.026386404293381037, 0.03357930828861062, 0.3192084078711986]",0.3506,0.5899,1.8693,0.4640
openmrg,cml_idw10,steps,radar,20,64,0.7924,0.6639,"[0.0018506264337391923, 0.1666666666666667, 0.25, 0.33333333333333337, 0.4166666666666667, 0.5422749391727494, 0.6666666666666666, 0.75, 0.8333333333333335, 0.9863274736791958]","[0.10824510322922182, 0.29347826086956524, 0.3092436974789916, 0.27176220806794055, 0.3603238866396761, 0.3564476885644769, 0.36428571428571427, 0.34647302904564314, 0.3784916201117318, 0.5498070601686437]","[0.2153094213782043, 0.03413690400427666, 0.02235063513479113, 0.0179721508031464, 0.016292034722399002, 0.015070132118219077, 0.014561006033144109, 0.01356821016724792, 0.014051879948069139, 0.01563017081180154, 0.018863121452027596, 0.03036937097472189, 0.5718249624519512]",0.2593,0.8899,2.5618,0.3272
openmrg,cml_idw10,steps,own,25,63,0.4842,0.7860,"[0.0022303602801925755, 0.16666666666666666, 0.25, 0.33333333333333337, 0.4166666666666666, 0.5421052631578948, 0.6666666666666667, 0.75, 0.8333333333333335, 0.9857524039671756]","[0.04168663152850982, 0.2, 0.22706065318818042, 0.26607142857142857, 0.32084309133489464, 0.33263157894736844, 0.3354978354978355, 0.3859375, 0.37549407114624506, 0.5669838392991995]","[0.3107018711633755, 0.06652614451593818, 0.04755565416759115, 0.03738628799644997, 0.034058131794985576, 0.03128466829376526, 0.026847126691812735, 0.02766067598550403, 0.024591376377486873, 0.025700761777975003, 0.02799349160565047, 0.038125878263442055, 0.3015679313660232]",0.3591,0.5904,1.8609,0.4738
openmrg,cml_idw10,steps,radar,25,63,0.7971,0.6513,"[0.0022303602801925755, 0.16666666666666666, 0.25, 0.33333333333333337, 0.4166666666666666, 0.5421052631578948, 0.6666666666666667, 0.75, 0.8333333333333335, 0.9857524039671756]","[0.10917927305085906, 0.2633663366336634, 0.26283048211508553, 0.3107142857142857, 0.36065573770491804, 0.3294736842105263, 0.30735930735930733, 0.325, 0.3438735177865613, 0.5100438000302069]","[0.21773404090885673, 0.039054047091555466, 0.02653408212684837, 0.020608995826678345, 0.019861919727961256, 0.015843165541758977, 0.016126539234375806, 0.01656448039569272, 0.014993044463908495, 0.01707970529135968, 0.020042248441444692, 0.0305270750682673, 0.5450306558812922]",0.2391,0.9014,2.5485,0.3096
openmrg,cml_idw10,steps,own,30,63,0.4787,0.7930,"[0.0026559060548517225, 0.16666666666666669, 0.25, 0.3333333333333332, 0.4166666666666667, 0.5446206467661693, 0.6666666666666666, 0.75, 0.8333333333333331, 0.9838468121523317]","[0.04085536944137403, 0.18562874251497005, 0.26287262872628725, 0.28987993138936535, 0.3558648111332008, 0.3125, 0.3172690763052209, 0.3565640194489465, 0.43178973717146435, 0.5834403080872914]","[0.2867246205982025, 0.07624871077059084, 0.04983792544570503, 0.04309709739207308, 0.03709297185796375, 0.032820097244732574, 0.0329674377486371, 0.02817887137174009, 0.028694563135405922, 0.03083100044202151, 0.03130985707971121, 0.03985560630617357, 0.28234124060704285]",0.3648,0.5909,1.8543,0.4826
openmrg,cml_idw10,steps,radar,30,63,0.7798,0.6513,"[0.0026559060548517225, 0.16666666666666669, 0.25, 0.3333333333333332, 0.4166666666666667, 0.5446206467661693, 0.6666666666666666, 0.75, 0.8333333333333331, 0.9838468121523317]","[0.10680781112717172, 0.24208725406330198, 0.3021680216802168, 0.3259005145797599, 0.3121272365805169, 0.314365671641791, 0.3172690763052209, 0.3047001620745543, 0.39173967459324155, 0.48892811296534017]","[0.2121362003436247, 0.04256260738272505, 0.030067163013484666, 0.023559119071171968, 0.02001874316655386, 0.02001874316655386, 0.018170458686937053, 0.016790753371166763, 0.01830061956578331, 0.020409225803092623, 0.02358515124694122, 0.03405008590618004, 0.5203311292757848]",0.2322,0.8914,2.4869,0.2869
openmrg,cml_idw10,steps,own,35,63,0.5134,0.7554,"[0.0029704721210557, 0.16666666666666666, 0.25, 0.3333333333333333, 0.41666666666666674, 0.5427767910005921, 0.6666666666666667, 0.75, 0.8333333333333333, 0.9833333333333333]","[0.04251383671245448, 0.15074135090609556, 0.1865671641791045, 0.22844175491679275, 0.21832358674463936, 0.21847246891651864, 0.2756183745583039, 0.30402384500745155, 0.3403990024937656, 0.48134453781512604]","[0.31213050142325377, 0.07594336179840888, 0.05211298445368951, 0.043938398657032335, 0.040726954236917016, 0.033939128530764175, 0.032552368440259834, 0.030143785125173347, 0.02886650609444566, 0.028063644989416832, 0.028574556601707903, 0.035690825487190714, 0.25731698416174004]",0.2894,0.6358,2.1122,0.3570
openmrg,cml_idw10,steps,radar,35,63,0.7500,0.6560,"[0.0029704721210557, 0.16666666666666666, 0.25, 0.3333333333333333, 0.41666666666666674, 0.5427767910005921, 0.6666666666666667, 0.75, 0.8333333333333333, 0.9833333333333333]","[0.10087178457744257, 0.23146622734761121, 0.27238805970149255, 0.3101361573373676, 0.30214424951267055, 0.27353463587921845, 0.34275618374558303, 0.36661698956780925, 0.4002493765586035, 0.4815126050420168]","[0.21194314301596126, 0.046242621562243576, 0.033272452950051615, 0.026019746419968764, 0.02443156250827179, 0.02133460388046269, 0.0197199502369041, 0.019349373990841474, 0.01881997935360915, 0.020884618438815214, 0.02562270044204452, 0.03660763916461526, 0.4957516080362106]",0.2361,0.8632,2.4277,0.2872
openmrg,cml_idw10,steps,own,40,63,0.5013,0.7630,"[0.0033673583140670514, 0.16666666666666663, 0.25, 0.33333333333333337, 0.41666666666666663, 0.5430446194225722, 0.6666666666666666, 0.75, 0.8333333333333335, 0.9825950305402358]","[0.04110624809154755, 0.1656005685856432, 0.19560185185185186, 0.18340611353711792, 0.22296173044925124, 0.23622047244094488, 0.25742574257425743, 0.33438985736925514, 0.3728395061728395, 0.4967087706813734]","[0.29043378339557596, 0.07838983050847458, 0.056413386957770754, 0.04668198793450158, 0.04208560758402758, 0.03827923010629129, 0.036519678253375466, 0.0348319448434358, 0.02912237862683137, 0.029589198506176386, 0.0328569376615915, 0.03637604136742315, 0.24841999425452457]",0.2966,0.6284,2.0871,0.3682
openmrg,cml_idw10,steps,radar,40,63,0.7388,0.6566,"[0.0033673583140670514, 0.16666666666666663, 0.25, 0.33333333333333337, 0.41666666666666663, 0.5430446194225722, 0.6666666666666666, 0.75, 0.8333333333333335, 0.9825950305402358]","[0.10144969682869731, 0.2537313432835821, 0.2847222222222222, 0.27074235807860264, 0.28618968386023297, 0.2984251968503937, 0.31518151815181517, 0.393026941362916, 0.4345679012345679, 0.4835438534068671]","[0.19914413944264692, 0.04623734474480743, 0.03473019517795637, 0.029146226907420938, 0.02604112305604843, 0.022857739275649724, 0.021814006888633754, 0.021109487527397976, 0.020691994572591587, 0.02230977977246634, 0.025962843127022232, 0.04013151028076401, 0.4898236092265943]",0.2346,0.8562,2.3967,0.2868
openmrg,cml_idw10,steps,own,45,63,0.4979,0.7644,"[0.0034601605257167734, 0.16666666666666666, 0.25, 0.3333333333333333, 0.41666666666666674, 0.5398039215686274, 0.6666666666666667, 0.75, 0.8333333333333333, 0.9829740706029366]","[0.0413437843294439, 0.13097713097713098, 0.17121848739495799, 0.19452054794520549, 0.23176661264181522, 0.24313725490196078, 0.2922077922077922, 0.32865168539325845, 0.3344594594594595, 0.5139643861293346]","[0.27894358605821057, 0.07930291052820697, 0.057132590729428674, 0.04674811354653252, 0.04498742364355013, 0.041753503413582464, 0.03690262306863097, 0.03661516349263385, 0.033704635285662955, 0.030183255479698166, 0.03212360761767876, 0.03884297520661157, 0.2427596119295724]",0.3027,0.6276,2.0806,0.3746
openmrg,cml_idw10,steps,radar,45,63,0.7254,0.6562,"[0.0034601605257167734, 0.16666666666666666, 0.25, 0.3333333333333333, 0.41666666666666674, 0.5398039215686274, 0.6666666666666667, 0.75, 0.8333333333333333, 0.9829740706029366]","[0.09974466316320775, 0.24740124740124741, 0.2867647058823529, 0.27808219178082194, 0.25283630470016205, 0.27215686274509804, 0.3344155844155844, 0.39325842696629215, 0.3738738738738739, 0.48284910965323335]","[0.19524221680174156, 0.046607391087680645, 0.035932541243738035, 0.03016235213890419, 0.02798541715844415, 0.024942953812259028, 0.023920056652765757, 0.022398824979673198, 0.022897159493272486, 0.02378891599129226, 0.02822147034909644, 0.03897500458992315, 0.47892569570120913]",0.2312,0.8439,2.3666,0.2853
openmrg,cml_idw10,steps,own,50,63,0.4663,0.7345,"[0.0037584082988896994, 0.16666666666666669, 0.25, 0.33333333333333337, 0.41666666666666663, 0.54185927067283, 0.6666666666666666, 0.75, 0.8333333333333334, 0.9826536528797832]","[0.04560235837588135, 0.1523809523809524, 0.16600790513833993, 0.19158200290275762, 0.19476744186046513, 0.22650231124807396, 0.23613312202852615, 0.2703804347826087, 0.2938271604938272, 0.4574797062234248]","[0.2795247831911443, 0.08207008390326447, 0.06017767750123387, 0.04713389268842981, 0.04149333709370373, 0.038567298878939574, 0.035077205104702816, 0.033455545371219066, 0.03162236480293309, 0.03134033702319679, 0.03162236480293309, 0.04092928153423112, 0.24698582810406824]",0.2559,0.6033,1.7906,0.3742
openmrg,cml_idw10,steps,radar,50,63,0.7074,0.6584,"[0.0037584082988896994, 0.16666666666666669, 0.25, 0.33333333333333337, 0.41666666666666663, 0.54185927067283, 0.6666666666666666, 0.75, 0.8333333333333334, 0.9826536528797832]","[0.09688791636275225, 0.22925170068027212, 0.2994071146245059, 0.2597968069666183, 0.251453488372093, 0.25038520801232667, 0.329635499207607, 0.37771739130434784, 0.4283950617283951, 0.47680711248550445]","[0.19445105033690052, 0.05083894834192099, 0.036992997753996566, 0.03263310873298983, 0.028167525432685955, 0.02851103184040164, 0.02454749636675915, 0.022882811467829303, 0.023543400713436385, 0.0241511428193949, 0.02753335975690316, 0.0413528867750033, 0.4643942396617783]",0.2308,0.8302,2.3026,0.2905
openmrg,cml_idw10,steps,own,55,63,0.4624,0.7398,"[0.00398069498069498, 0.16666666666666663, 0.25, 0.3333333333333333, 0.4166666666666666, 0.5414086687306502, 0.6666666666666666, 0.75, 0.8333333333333333, 0.9833333333333334]","[0.044571428571428574, 0.14790419161676646, 0.15800636267232238, 0.21923076923076923, 0.2134502923976608, 0.1996904024767802, 0.2464, 0.26961483594864477, 0.30127462340672073, 0.4688128772635815]","[0.2709296988100703, 0.08135305956710569, 0.06235655520638395, 0.047914974753716325, 0.04738533243882631, 0.03944069771547615, 0.03707496204230076, 0.03372056071466403, 0.031142968115532643, 0.033155608912114685, 0.03290844249849935, 0.04191236185162953, 0.24070477737368032]",0.2594,0.6015,1.7848,0.3762
openmrg,cml_idw10,steps,radar,55,63,0.7104,0.6555,"[0.00398069498069498, 0.16666666666666663, 0.25, 0.3333333333333333, 0.4166666666666666, 0.5414086687306502, 0.6666666666666666, 0.75, 0.8333333333333333, 0.9833333333333334]","[0.09908880308880309, 0.24191616766467067, 0.24602332979851538, 0.28076923076923077, 0.2909356725146199, 0.25541795665634676, 0.3088, 0.3466476462196862, 0.35573580533024335, 0.4921529175050302]","[0.19049249407426916, 0.04874901237819331, 0.03813537002897024, 0.0330260732156966, 0.02841717145114564, 0.02599420595206742, 0.025836186462997103, 0.02388727943112984, 0.02254411377403213, 0.023966289175664998, 0.030550434553594942, 0.043903081380036874, 0.46449828812220173]",0.2273,0.8353,2.2964,0.2791
openmrg,cml_idw10,steps,own,60,63,0.4612,0.7402,"[0.004281019070945593, 0.1666666666666667, 0.25, 0.33333333333333337, 0.41666666666666674, 0.5407698675496689, 0.6666666666666666, 0.75, 0.8333333333333333, 0.9822939941769923]","[0.04469949130189035, 0.1595238095238095, 0.14734950584007186, 0.21580928481806774, 0.2085048010973937, 0.21026490066225165, 0.22719734660033167, 0.26483357452966716, 0.29155672823219, 0.47206987609181394]","[0.2665647661026589, 0.07976681359306129, 0.058438788568178586, 0.05339115597895635, 0.045819707095122994, 0.04326034409213707, 0.03860372529503768, 0.0348002274989336, 0.03305843878856818, 0.032383051329446896, 0.033520545997440636, 0.04326034409213707, 0.23713209156832077]",0.2600,0.6017,1.7862,0.3763
openmrg,cml_idw10,steps,radar,60,63,0.7342,0.6449,"[0.004281019070945593, 0.1666666666666667, 0.25, 0.33333333333333337, 0.41666666666666674, 0.5407698675496689, 0.6666666666666666, 0.75, 0.8333333333333333, 0.9822939941769923]","[0.10619858066947184, 0.24166666666666667, 0.2192273135669362, 0.2961104140526976, 0.2674897119341564, 0.2905629139072848, 0.33001658374792703, 0.3719247467438495, 0.3469656992084433, 0.4755230550477351]","[0.18476664918720503, 0.050340849501835344, 0.03628736234923964, 0.03277399056109072, 0.029470372312532776, 0.026953329837441007, 0.02414787624541164, 0.024462506554798112, 0.02364971158888306, 0.02556371263765076, 0.03138437336130047, 0.04368117461982171, 0.4665180912427897]",0.2188,0.8618,2.3854,0.2541
openmrg,cml_idw10,steps,own,65,62,0.4612,0.7220,"[0.004615127931884478, 0.16666666666666669, 0.25, 0.33333333333333326, 0.4166666666666667, 0.539612676056338, 0.6666666666666665, 0.75, 0.8333333333333334, 0.9829662889316513]","[0.047373009978364064, 0.11077481840193705, 0.11534883720930232, 0.1580246913580247, 0.16640746500777606, 0.21038732394366197, 0.2286212914485166, 0.24878836833602586, 0.3431952662721893, 0.4547787042976267]","[0.2694703489000108, 0.08292226262917221, 0.05980628668130918, 0.05098476938033342, 0.045583840420552336, 0.04075901054981457, 0.0384186080005761, 0.03802253987685882, 0.03384582148129478, 0.033737802902099163, 0.032405573758686496, 0.04011089907464084, 0.23393223634465127]",0.2497,0.6063,1.8427,0.3399
openmrg,cml_idw10,steps,radar,65,62,0.7109,0.6288,"[0.004615127931884478, 0.16666666666666669, 0.25, 0.33333333333333326, 0.4166666666666667, 0.539612676056338, 0.6666666666666665, 0.75, 0.8333333333333334, 0.9829662889316513]","[0.1087125004036555, 0.1906779661016949, 0.2111627906976744, 0.2308641975308642, 0.2410575427682737, 0.27992957746478875, 0.3298429319371728, 0.3150242326332795, 0.3254437869822485, 0.45563395338892454]","[0.18421052631578946, 0.05166684532104191, 0.0364722907063994, 0.030710687104727196, 0.029531568228105907, 0.027173330474863328, 0.02612820237967628, 0.02344838675099153, 0.0248418908779076, 0.027789688069460822, 0.03154142994961947, 0.04402937077929039, 0.4624557830421267]",0.2028,0.8400,2.3134,0.2346
openmrg,cml_idw10,steps,own,70,61,0.4729,0.7215,"[0.004638264056697102, 0.16666666666666669, 0.25, 0.33333333333333337, 0.41666666666666663, 0.5406298600311042, 0.6666666666666665, 0.75, 0.8333333333333335, 0.9819223036047682]","[0.05129660563403123, 0.1442199775533109, 0.11755102040816326, 0.16704545454545455, 0.22575516693163752, 0.2534992223950233, 0.23580034423407917, 0.35046728971962615, 0.3509933774834437, 0.46100818612666955]","[0.25535495179666956, 0.08017528483786153, 0.05973707274320771, 0.050341805433829975, 0.04574934268185802, 0.04508326029798423, 0.03943908851884312, 0.037020157756354075, 0.03631901840490798, 0.03460122699386503, 0.033654688869412794, 0.04259421560035057, 0.23992988606485538]",0.2543,0.6197,1.8502,0.3366
openmrg,cml_idw10,steps,radar,70,61,0.7263,0.6213,"[0.004638264056697102, 0.16666666666666669, 0.25, 0.33333333333333337, 0.41666666666666663, 0.5406298600311042, 0.6666666666666665, 0.75, 0.8333333333333335, 0.9819223036047682]","[0.11535654627722547, 0.21099887766554434, 0.18857142857142858, 0.20227272727272727, 0.2591414944356121, 0.27993779160186627, 0.25645438898450945, 0.3582554517133956, 0.33245033112582784, 0.45023696682464454]","[0.1805893272674981, 0.050513765785551806, 0.03835594948623421, 0.033100635343948547, 0.02928334248437786, 0.0264334457604518, 0.024995424477736818, 0.02572750803984626, 0.02491698695322509, 0.027662300311135514, 0.03121813475566711, 0.04332365937197689, 0.46387951996235]",0.1971,0.8571,2.3486,0.2144
openmrg,cml_idw10,steps,own,75,59,0.4723,0.7209,"[0.0046296296296296285, 0.1666666666666667, 0.25, 0.3333333333333333, 0.41666666666666663, 0.5415251839275608, 0.6666666666666665, 0.75, 0.8333333333333334, 0.9817346563763323]","[0.0515205196338943, 0.14827787507297138, 0.10947204968944099, 0.17865429234338748, 0.21815519765739386, 0.25721561969439727, 0.27712854757929883, 0.31546707503828486, 0.34908136482939633, 0.4652701212789416]","[0.25264573673592183, 0.08031005556932007, 0.06349768166212437, 0.05029554383605281, 0.044880189714366615, 0.04459703394329806, 0.03868615722224188, 0.03946483559268042, 0.035323682440802744, 0.03507592114111776, 0.0340848759423778, 0.041871659646763176, 0.23926662655293243]",0.2545,0.6206,1.8545,0.3357
openmrg,cml_idw10,steps,radar,75,59,0.7491,0.6027,"[0.0046296296296296285, 0.1666666666666667, 0.25, 0.3333333333333333, 0.41666666666666663, 0.5415251839275608, 0.6666666666666665, 0.75, 0.8333333333333334, 0.9817346563763323]","[0.12295377751533641, 0.18680677174547577, 0.15062111801242237, 0.17865429234338748, 0.2547584187408492, 0.28183361629881154, 0.2854757929883139, 0.31393568147013784, 0.3110236220472441, 0.42006615214994486]","[0.17930154431104978, 0.05216281674001927, 0.03578218182765176, 0.03179770306518399, 0.030183077684314694, 0.025938175473319617, 0.024844396989504934, 0.027214250371103414, 0.026250683611552385, 0.027735097268158024, 0.030886220995338422, 0.041355243626136094, 0.46654860803666764]",0.1800,0.8828,2.3635,0.1928
openmrg,cml_idw10,steps,own,80,58,0.5188,0.6837,"[0.004540820284362291, 0.16666666666666669, 0.25, 0.3333333333333333, 0.4166666666666667, 0.5419753086419753, 0.6666666666666667, 0.75, 0.833333333333333, 0.9822139583802874]","[0.0626849296851624, 0.12165178571428571, 0.14217252396166133, 0.14464692482915717, 0.21678321678321677, 0.2641975308641975, 0.2924187725631769, 0.3198707592891761, 0.3487450462351387, 0.4180752760874465]","[0.2343952520635787, 0.07367487550310389, 0.057098028514905516, 0.04942356231666553, 0.04608090592809878, 0.041646769902449005, 0.04028242035609523, 0.03796302612729381, 0.0319598881233372, 0.03199399686199604, 0.03035677740637151, 0.038611092161811855, 0.28651340473429293]",0.2216,0.6715,1.9031,0.2999
openmrg,cml_idw10,steps,radar,80,58,0.7907,0.5931,"[0.004540820284362291, 0.16666666666666669, 0.25, 0.3333333333333333, 0.4166666666666667, 0.5419753086419753, 0.6666666666666667, 0.75, 0.833333333333333, 0.9822139583802874]","[0.1293925994880149, 0.16238839285714285, 0.18370607028753994, 0.1845102505694761, 0.26153846153846155, 0.2625514403292181, 0.2833935018050541, 0.308562197092084, 0.31836195508586523, 0.41041244083840434]","[0.17591505569904256, 0.04881166679710939, 0.03561086326993817, 0.03114972215700086, 0.029114815684432964, 0.02621898724270173, 0.025071091283817275, 0.026401607054342437, 0.026114633064621324, 0.02835824789335003, 0.030784482533719442, 0.04200255667736297, 0.47444627064256084]",0.1727,0.9249,2.4631,0.1667
openmrg,cml_idw10,steps,own,85,58,0.5190,0.6823,"[0.004621839312557493, 0.16666666666666666, 0.25, 0.33333333333333326, 0.41666666666666663, 0.539646672144618, 0.6666666666666666, 0.75, 0.8333333333333331, 0.9820539339615413]","[0.06333714747257185, 0.11509635974304068, 0.11058823529411765, 0.19362745098039216, 0.19910846953937592, 0.25390304026294164, 0.2835314091680815, 0.3595166163141994, 0.3602391629297459, 0.41944380602160425]","[0.22791730736374508, 0.07476507773791218, 0.05744062873739962, 0.051358277806253204, 0.049410558687852386, 0.045241756364257646, 0.038681018281223306, 0.03799760806424056, 0.03246198530668033, 0.031881086622245, 0.03102682385101657, 0.03912523492226209, 0.28269263625491203]",0.2212,0.6730,1.9068,0.2971
openmrg,cml_idw10,steps,radar,85,58,0.8148,0.5876,"[0.004621839312557493, 0.16666666666666666, 0.25, 0.33333333333333326, 0.41666666666666663, 0.539646672144618, 0.6666666666666666, 0.75, 0.8333333333333331, 0.9820539339615413]","[0.13219357878441138, 0.16220556745182013, 0.15058823529411763, 0.23774509803921567, 0.237741456166419, 0.24732949876746096, 0.29541595925297115, 0.2945619335347432, 0.34080717488789236, 0.3976097448862331]","[0.17187905865239753, 0.0488337056470466, 0.03550833809548548, 0.03249519455556133, 0.02862486362927944, 0.02602732609486207, 0.025144163333160163, 0.026546833601745545, 0.025222089459192687, 0.029196321886851263, 0.03137825341576186, 0.042028157306873086, 0.47711569432178297]",0.1664,0.9509,2.5044,0.1441
openmrg,cml_idw10,steps,own,90,58,0.5122,0.6841,"[0.004743680360416272, 0.1666666666666667, 0.25, 0.33333333333333337, 0.41666666666666663, 0.5402645959160195, 0.6666666666666666, 0.75, 0.8333333333333334, 0.9825204228736182]","[0.06199251814436189, 0.123149792776791, 0.11978704525288376, 0.1958041958041958, 0.23575949367088608, 0.26660914581535805, 0.2874354561101549, 0.3276157804459691, 0.33494363929146537, 0.4221528111484863]","[0.22763849647723616, 0.07363828189263617, 0.05532706269446729, 0.05389649869461035, 0.04813847859518615, 0.0432030327956797, 0.038017238296198276, 0.037945710096205426, 0.03537069489646293, 0.03322484889667752, 0.03394013089660599, 0.037981474196201855, 0.2816780515718322]",0.2218,0.6644,1.8819,0.3070
openmrg,cml_idw10,steps,radar,90,58,0.8372,0.5825,"[0.004743680360416272, 0.1666666666666667, 0.25, 0.33333333333333337, 0.41666666666666663, 0.5402645959160195, 0.6666666666666666, 0.75, 0.8333333333333334, 0.9825204228736182]","[0.13712138190218423, 0.17584369449378331, 0.1730257320319432, 0.23776223776223776, 0.2990506329113924, 0.25194132873166525, 0.24784853700516352, 0.2915951972555746, 0.3027375201288245, 0.3938010571840461]","[0.16934223993966493, 0.046167106609922966, 0.03466573290955126, 0.031244949630986372, 0.028820772504444325, 0.025965630555405916, 0.0246458007865108, 0.025965630555405916, 0.029224802025534666, 0.030571567095835802, 0.03094866131552012, 0.040187469697785916, 0.48224963637343105]",0.1601,0.9728,2.5103,0.1242
openmrg,cml_idw40,steps,own,5,66,0.4151,0.8878,"[0.002227314470253872, 0.16666666666666669, 0.25, 0.3333333333333333, 0.41666666666666674, 0.5438212675682842, 0.6666666666666667, 0.75, 0.8333333333333334, 0.984935415099072]","[0.027563424602086516, 0.26700680272108845, 0.2769857433808554, 0.3158620689655172, 0.32137030995106036, 0.34844868735083534, 0.3956204379562044, 0.39634146341463417, 0.47450302506482284, 0.744920993227991]","[0.34816664774662276, 0.07390169145192417, 0.04756499035077762, 0.03941991145419457, 0.03090589170166875, 0.03073561130661823, 0.028067885117493474, 0.02750028380065842, 0.030366670450675447, 0.02999772959473266, 0.03411283914178681, 0.04640140765126575, 0.23285844023158134]",0.5342,0.5202,1.5948,0.6455
openmrg,cml_idw40,steps,radar,5,66,0.6507,0.7511,"[0.002227314470253872, 0.16666666666666669, 0.25, 0.3333333333333333, 0.41666666666666674, 0.5438212675682842, 0.6666666666666667, 0.75, 0.8333333333333334, 0.984935415099072]","[0.08172405238486949, 0.2763605442176871, 0.3004073319755601, 0.30896551724137933, 0.31484502446982054, 0.2975338106603023, 0.3678832116788321, 0.3975609756097561, 0.42005185825410546, 0.6224604966139955]","[0.3161084250366449, 0.048414972981250956, 0.026843728806143212, 0.022183815003609792, 0.01739263602354022, 0.017042595550110482, 0.01726137084600407, 0.015489290949266009, 0.015007985298300115, 0.015926841541053186, 0.01903345074274213, 0.027653197400949486, 0.4416416898203855]",0.3665,0.7655,2.1996,0.4450
openmrg,cml_idw40,steps,own,10,66,0.3902,0.8946,"[0.003021447894450138, 0.16666666666666666, 0.25, 0.33333333333333337, 0.41666666666666663, 0.5411338448422848, 0.6666666666666669, 0.75, 0.8333333333333334, 0.9806801711033337]","[0.026590588039775088, 0.2321187584345479, 0.250229990800368, 0.289210233592881, 0.31773399014778325, 0.33184143222506396, 0.3816793893129771, 0.4503239740820734, 0.5647249190938511, 0.7835401421147523]","[0.28222342332091144, 0.09049014308878332, 0.06079139760475635, 0.049241885472079194, 0.04198788154638296, 0.03740790259721788, 0.036554490370665375, 0.036981196483941624, 0.03700964355816004, 0.040309504167496374, 0.043751600147924785, 0.05248485193297869, 0.19076607970870196]",0.5501,0.5025,1.5365,0.6730
openmrg,cml_idw40,steps,radar,10,66,0.6327,0.7506,"[0.003021447894450138, 0.16666666666666666, 0.25, 0.33333333333333337, 0.41666666666666663, 0.5411338448422848, 0.6666666666666669, 0.75, 0.8333333333333334, 0.9806801711033337]","[0.07725119796138825, 0.22941970310391363, 0.24471021159153633, 0.2825361512791991, 0.2561576354679803, 0.29092071611253195, 0.3511450381679389, 0.3930885529157667, 0.4546925566343042, 0.6008060239686075]","[0.3053855980636052, 0.059055559290885046, 0.03718146977744907, 0.027768439454044242, 0.023734283601156456, 0.02214303323696183, 0.018736412738967704, 0.018534704946323314, 0.01831058517671844, 0.021336202066384275, 0.02380151953203792, 0.033730025325533965, 0.39028216678993255]",0.3574,0.7642,2.1604,0.4265
openmrg,cml_idw40,steps,own,15,65,0.3777,0.9013,"[0.003924307910221149, 0.16666666666666666, 0.25, 0.3333333333333333, 0.41666666666666663, 0.5408885116015846, 0.6666666666666666, 0.75, 0.8333333333333334, 0.9787960029246895]","[0.025292140227309107, 0.1861397479954181, 0.2430613961312027, 0.294478527607362, 0.28717366628830876, 0.3729485002829655, 0.4562162162162162, 0.5342831700801425, 0.5949535192563081, 0.8123324396782842]","[0.2381492401905194, 0.08831367657065094, 0.06656838285325471, 0.05270469494216375, 0.048537083238829666, 0.04556021773644817, 0.04618394193694715, 0.04649580403719664, 0.04329212973463371, 0.04592878203674303, 0.0468643683374915, 0.06086981174869585, 0.1705318666364255]",0.5627,0.4941,1.5065,0.6894
openmrg,cml_idw40,steps,radar,15,65,0.6467,0.7319,"[0.003924307910221149, 0.16666666666666666, 0.25, 0.3333333333333333, 0.41666666666666663, 0.5408885116015846, 0.6666666666666666, 0.75, 0.8333333333333334, 0.9787960029246895]","[0.08245412343379367, 0.20962199312714777, 0.2657695542472666, 0.22903885480572597, 0.2508513053348468, 0.3073005093378608, 0.36324324324324325, 0.40160284951024044, 0.4634794156706507, 0.5631245430173044]","[0.289838904011781, 0.06191708688473381, 0.03886831183899326, 0.03054576286313535, 0.02766745504038556, 0.0239858985229149, 0.022602525770895623, 0.02168771475746352, 0.0221116515685662, 0.023271899683163014, 0.026239457360881787, 0.03882368691150877, 0.37243964478557723]",0.3277,0.7892,2.1330,0.4041
openmrg,cml_idw40,steps,own,20,65,0.4823,0.8251,"[0.004188250441656437, 0.16666666666666666, 0.25, 0.33333333333333337, 0.41666666666666663, 0.5426916221033868, 0.6666666666666666, 0.75, 0.8333333333333335, 0.9767532179316466]","[0.03847650986615564, 0.1927846674182638, 0.2037953795379538, 0.24275724275724275, 0.2728184553660983, 0.3267379679144385, 0.3795620437956204, 0.4279359430604982, 0.461839530332681, 0.5920106524633821]","[0.3132048614912953, 0.0837074345779043, 0.055376108617102814, 0.04330450016423957, 0.03689915690353662, 0.03479141574510019, 0.03199934304171685, 0.032957407204642505, 0.033669112011387274, 0.03361436548779152, 0.03643381145297274, 0.04672615788897405, 0.21731632541333626]",0.3961,0.6283,1.7250,0.5134
openmrg,cml_idw40,steps,radar,20,65,0.6807,0.7218,"[0.004188250441656437, 0.16666666666666666, 0.25, 0.33333333333333337, 0.41666666666666663, 0.5426916221033868, 0.6666666666666666, 0.75, 0.8333333333333335, 0.9767532179316466]","[0.08596580531185435, 0.2040586245772266, 0.2376237623762376, 0.24875124875124874, 0.2657973921765296, 0.30962566844919787, 0.37643378519290926, 0.43683274021352314, 0.45335942596216566, 0.5487350199733688]","[0.2808509673175932, 0.06395863101313193, 0.04152774942732077, 0.03093601868862126, 0.027375201288244767, 0.024199950103195665, 0.023270055113288425, 0.02234016012338119, 0.021795831348801344, 0.023474178403755867, 0.026989635072917375, 0.03808033385498174, 0.3752012882447665]",0.3139,0.8288,2.1966,0.3816
openmrg,cml_idw40,steps,own,25,64,0.4670,0.8304,"[0.00434674421859691, 0.16666666666666663, 0.25, 0.3333333333333333, 0.41666666666666663, 0.5406776745786035, 0.6666666666666666, 0.75, 0.8333333333333333, 0.975278935018915]","[0.03782211785197742, 0.17704918032786884, 0.20265003897116135, 0.24777006937561943, 0.2545454545454545, 0.3090815273477812, 0.38046795523906407, 0.4388888888888889, 0.5085932527052832, 0.6125556672891825]","[0.2918207741607612, 0.08385329907676671, 0.05753973855840086, 0.048166238459583836, 0.043112453767751774, 0.039329173607385866, 0.03543295971088964, 0.03613879556170417, 0.03444478951974929, 0.03599762839154126, 0.036816397978486126, 0.05087664812671165, 0.20647110308026764]",0.4019,0.6147,1.6907,0.5345
openmrg,cml_idw40,steps,radar,25,64,0.6867,0.7118,"[0.00434674421859691, 0.16666666666666663, 0.25, 0.3333333333333333, 0.41666666666666663, 0.5406776745786035, 0.6666666666666666, 0.75, 0.8333333333333333, 0.975278935018915]","[0.08667050279155845, 0.1901639344262295, 0.2190179267342167, 0.23885034687809711, 0.24659090909090908, 0.3111455108359133, 0.3326551373346897, 0.4111111111111111, 0.42966263526416293, 0.525211894842695]","[0.27986276431872287, 0.06782430098492274, 0.04166083181627223, 0.03314195024039584, 0.027190402838071233, 0.027143724034915745, 0.024716426270830417, 0.022872613546188674, 0.02210241329412314, 0.024296317042431032, 0.02644354198758344, 0.03794986696541101, 0.3647948466601316]",0.2972,0.8422,2.2227,0.3602
openmrg,cml_idw40,steps,own,30,64,0.4579,0.8343,"[0.004568525151420985, 0.16666666666666669, 0.25, 0.33333333333333326, 0.41666666666666663, 0.5423565813681218, 0.6666666666666667, 0.75, 0.8333333333333333, 0.9744481765834931]","[0.03702795086927367, 0.20083901415836392, 0.19350180505415163, 0.2606761565836299, 0.25157232704402516, 0.30306071249372807, 0.3607142857142857, 0.4175, 0.5108254397834912, 0.6394753678822777]","[0.27762165360153823, 0.08628901050140511, 0.06155894098506138, 0.05144209436473894, 0.044904599911255734, 0.04218310900754326, 0.03641473154858749, 0.03771631415471084, 0.036355568702854606, 0.03810087265197456, 0.041946457624611744, 0.05451856234284869, 0.1909480846028694]",0.3993,0.6104,1.6608,0.5453
openmrg,cml_idw40,steps,radar,30,64,0.6894,0.7015,"[0.004568525151420985, 0.16666666666666669, 0.25, 0.33333333333333326, 0.41666666666666663, 0.5423565813681218, 0.6666666666666667, 0.75, 0.8333333333333333, 0.9744481765834931]","[0.08812128943623963, 0.1966439433665443, 0.20649819494584837, 0.22419928825622776, 0.2190775681341719, 0.28499749121926743, 0.3517857142857143, 0.405, 0.44925575101488496, 0.4992002559181062]","[0.27465713451998836, 0.06949713062931621, 0.042894660052524076, 0.031636027623772, 0.02879097364069643, 0.026967221087442855, 0.024170800505787376, 0.024243750607917516, 0.024924618227798852, 0.02543526894270985, 0.02764808870732419, 0.03849333722400545, 0.36064098823071683]",0.2811,0.8523,2.1961,0.3410
openmrg,cml_idw40,steps,own,35,62,0.5190,0.7473,"[0.004508057536617697, 0.16666666666666666, 0.25, 0.33333333333333326, 0.4166666666666667, 0.5432114882506528, 0.6666666666666666, 0.75, 0.8333333333333331, 0.9727922366811256]","[0.05396522825122424, 0.14067439409905164, 0.1774193548387097, 0.19745762711864406, 0.21875, 0.21984334203655354, 0.25541516245487367, 0.3164956590370955, 0.3563589412524209, 0.4844844844844845]","[0.32967895777596834, 0.09084564382924276, 0.05222752122833547, 0.04530650226823311, 0.03800744445736885, 0.036320809584738864, 0.03291845992788182, 0.03251134116552286, 0.03015586832616029, 0.03195882284517855, 0.03271490054670234, 0.04170059323019658, 0.20565313481447017]",0.2835,0.6853,1.8246,0.3846
openmrg,cml_idw40,steps,radar,35,62,0.6745,0.6949,"[0.004508057536617697, 0.16666666666666666, 0.25, 0.33333333333333326, 0.4166666666666667, 0.5432114882506528, 0.6666666666666666, 0.75, 0.8333333333333331, 0.9727922366811256]","[0.08306767016136983, 0.17386722866174922, 0.18583450210378682, 0.1923728813559322, 0.2252155172413793, 0.25221932114882506, 0.3510830324909747, 0.3622730860299921, 0.40219496449322145, 0.464964964964965]","[0.27521817561308565, 0.07254643849641655, 0.04270879040514846, 0.03749207742187119, 0.029862025254741357, 0.028960070206230804, 0.026400468041538686, 0.02484032957925016, 0.02427965481936522, 0.024182146165472186, 0.02718053727268295, 0.040953634635073864, 0.3453756520891229]",0.2647,0.8371,2.1425,0.3287
openmrg,cml_idw40,steps,own,40,61,0.5021,0.7537,"[0.004849438603540258, 0.16666666666666669, 0.25, 0.3333333333333333, 0.41666666666666674, 0.541392127048488, 0.6666666666666664, 0.75, 0.8333333333333333, 0.972981421936406]","[0.0525346547914016, 0.14106583072100312, 0.1841755319148936, 0.21771523178807947, 0.236, 0.21946274708565636, 0.27184466019417475, 0.31909547738693467, 0.3422459893048128, 0.5085744908896034]","[0.3118487863578997, 0.08799272108244548, 0.05743887763787385, 0.04743036600041091, 0.04255818731472513, 0.0384491209533034, 0.03475096122802383, 0.03322473657949576, 0.032490974729241874, 0.03381174605969887, 0.03560212497431833, 0.048017375480614015, 0.19638402160194887]",0.2868,0.6686,1.7880,0.3935
openmrg,cml_idw40,steps,radar,40,61,0.6840,0.6768,"[0.004849438603540258, 0.16666666666666669, 0.25, 0.3333333333333333, 0.41666666666666674, 0.541392127048488, 0.6666666666666664, 0.75, 0.8333333333333333, 0.972981421936406]","[0.08899752226612201, 0.18025078369905956, 0.1675531914893617, 0.16473509933774835, 0.2, 0.2341611758743031, 0.31650485436893205, 0.3525963149078727, 0.39572192513368987, 0.45748481600571633]","[0.26678111587982833, 0.06815450643776824, 0.04529736358062538, 0.0356591048436542, 0.03136725935009197, 0.029233599019006743, 0.027050889025137952, 0.025971796443899447, 0.02499080318822808, 0.024377682403433475, 0.028988350705088903, 0.04127529123237278, 0.3508522378908645]",0.2446,0.8502,2.2545,0.3014
openmrg,cml_idw40,steps,own,45,61,0.4944,0.7556,"[0.005034005481820146, 0.16666666666666663, 0.25, 0.33333333333333326, 0.41666666666666663, 0.5422582826233943, 0.6666666666666667, 0.75, 0.8333333333333334, 0.9731837200456446]","[0.05240711044389095, 0.1713979646491698, 0.18463611859838275, 0.1944922547332186, 0.1897018970189702, 0.24188640973630832, 0.2862903225806452, 0.3374083129584352, 0.3333333333333333, 0.5251046025104602]","[0.3059835721566041, 0.08417770849571317, 0.058966364889981415, 0.0508123988248696, 0.04205887643144073, 0.03927093950476647, 0.03780202650038971, 0.03612326878110198, 0.033155464955932606, 0.03432459979615085, 0.03507404520654715, 0.047574794651957554, 0.19467593980454465]",0.2876,0.6578,1.7732,0.3984
openmrg,cml_idw40,steps,radar,45,61,0.6698,0.6719,"[0.005034005481820146, 0.16666666666666663, 0.25, 0.33333333333333326, 0.41666666666666663, 0.5422582826233943, 0.6666666666666667, 0.75, 0.8333333333333334, 0.9731837200456446]","[0.08778873383602306, 0.18960899839314407, 0.17722371967654987, 0.19793459552495696, 0.16892502258355918, 0.2231237322515213, 0.28024193548387094, 0.3374083129584352, 0.3759018759018759, 0.4473183720045645]","[0.26642099497037003, 0.0672526268612121, 0.04573975399631493, 0.03615357800906329, 0.03224441013893731, 0.028758527961754893, 0.027090284348389025, 0.026666998655445445, 0.024002788705741747, 0.026368208754544098, 0.029928788406951845, 0.0432249389970619, 0.34614810019421344]",0.2323,0.8354,2.1660,0.3120
openmrg,cml_idw40,steps,own,50,60,0.5034,0.7014,"[0.005177145708582834, 0.16666666666666663, 0.25, 0.33333333333333326, 0.4166666666666667, 0.541451668386653, 0.6666666666666667, 0.75, 0.8333333333333331, 0.9738264099966225]","[0.061377245508982034, 0.10912799592044875, 0.1199442119944212, 0.10197086546700942, 0.1412535079513564, 0.16821465428276575, 0.22989690721649483, 0.2749371332774518, 0.3576437587657784, 0.4419452887537994]","[0.3088118081180812, 0.08206642066420664, 0.05845018450184502, 0.047350553505535055, 0.03991143911439114, 0.039232472324723246, 0.037608856088560884, 0.03583763837638376, 0.029638376383763838, 0.030878228782287822, 0.03554243542435424, 0.0428929889298893, 0.21177859778597785]",0.2294,0.6783,1.7587,0.3954
openmrg,cml_idw40,steps,radar,50,60,0.6512,0.6688,"[0.005177145708582834, 0.16666666666666663, 0.25, 0.33333333333333326, 0.4166666666666667, 0.541451668386653, 0.6666666666666667, 0.75, 0.8333333333333331, 0.9738264099966225]","[0.08729633755744326, 0.17899031106578275, 0.18758716875871687, 0.18851756640959727, 0.1842843779232928, 0.21259029927760578, 0.26288659793814434, 0.336127409891031, 0.391304347826087, 0.43546099290780144]","[0.2610337621793096, 0.06900979380145522, 0.047987109443843, 0.03572597497419371, 0.0326292202724137, 0.027417608701125407, 0.026158765326418087, 0.02565522797653516, 0.02545381303658199, 0.027971499785996626, 0.030841662680329313, 0.04249855233011909, 0.34761700949167906]",0.2276,0.8162,2.0884,0.3275
openmrg,cml_idw40,steps,own,55,60,0.4968,0.7053,"[0.005333309669175067, 0.16666666666666666, 0.25, 0.33333333333333326, 0.41666666666666663, 0.5408126573175116, 0.6666666666666666, 0.75, 0.8333333333333335, 0.972675310190994]","[0.060538832883714325, 0.14037698412698413, 0.10537334263782275, 0.10162916989914662, 0.13570741097208855, 0.16666666666666666, 0.24893162393162394, 0.31216931216931215, 0.36912225705329155, 0.4468841488916771]","[0.2991601679664067, 0.08455308938212358, 0.059268146370725854, 0.051559688062387525, 0.04328134373125375, 0.04016196760647871, 0.03689262147570486, 0.03419316136772645, 0.03053389322135573, 0.03332333533293341, 0.03635272945410918, 0.04403119376124775, 0.20668866226754648]",0.2341,0.6698,1.7424,0.4037
openmrg,cml_idw40,steps,radar,55,60,0.6457,0.6672,"[0.005333309669175067, 0.16666666666666666, 0.25, 0.33333333333333326, 0.41666666666666663, 0.5408126573175116, 0.6666666666666666, 0.75, 0.8333333333333335, 0.972675310190994]","[0.08579440579298594, 0.23115079365079366, 0.2044661549197488, 0.1613653995345229, 0.16073147256977863, 0.18770226537216828, 0.23076923076923078, 0.32451499118165783, 0.3871473354231975, 0.4337097448766207]","[0.2594262712728014, 0.06876082747375929, 0.04708040354631611, 0.037042698461224904, 0.0320238459186793, 0.02945072862529298, 0.026699276469988792, 0.0261642718842352, 0.025680220116172426, 0.02708142260266993, 0.031845511056761436, 0.04506776724752879, 0.3436767553245694]",0.2197,0.8111,2.0644,0.3178
openmrg,cml_idw40,steps,own,60,60,0.4967,0.7081,"[0.005341193611381486, 0.16666666666666669, 0.25, 0.33333333333333337, 0.41666666666666663, 0.5392547353513897, 0.6666666666666667, 0.75, 0.8333333333333331, 0.9720323292743716]","[0.0605498521606582, 0.1453404152583293, 0.10878378378378378, 0.1097872340425532, 0.13627254509018036, 0.1614445034519384, 0.27078384798099764, 0.31746031746031744, 0.3608964451313756, 0.4543900875881222]","[0.29359288779889636, 0.08212752912323727, 0.05956468424279583, 0.05125689760882894, 0.047148988350705086, 0.041385652973635806, 0.03798283261802575, 0.035683629675045986, 0.030349478847332925, 0.03482526057633354, 0.036756591048436545, 0.04592274678111588, 0.20340282035561005]",0.2376,0.6670,1.7403,0.4102
openmrg,cml_idw40,steps,radar,60,60,0.6875,0.6541,"[0.005341193611381486, 0.16666666666666669, 0.25, 0.33333333333333337, 0.41666666666666663, 0.5392547353513897, 0.6666666666666667, 0.75, 0.8333333333333331, 0.9720323292743716]","[0.09472736956162421, 0.2312892322549493, 0.20202702702702702, 0.17957446808510638, 0.1462925851703407, 0.17790759426447159, 0.2517814726840855, 0.2757936507936508, 0.38253477588871715, 0.4447767571031831]","[0.25521007753934927, 0.06723511682423555, 0.04559622865091836, 0.038202941858368325, 0.031659754244055746, 0.02740925835286844, 0.027486540096344575, 0.025657538834076097, 0.02625003220072645, 0.030268682861485353, 0.03287050155851516, 0.0416806203147943, 0.35047270666426233]",0.2129,0.8517,2.2194,0.2868
openmrg,cml_idw40,steps,own,65,59,0.4840,0.7382,"[0.005387732547430466, 0.16666666666666669, 0.25, 0.3333333333333333, 0.41666666666666674, 0.5411731528482798, 0.6666666666666664, 0.75, 0.833333333333333, 0.9731591710758377]","[0.05494566218456438, 0.16001969473165928, 0.17876344086021506, 0.1695501730103806, 0.1748971193415638, 0.20022560631697686, 0.29345372460496616, 0.34906588003933137, 0.46964285714285714, 0.484347442680776]","[0.2880291925657915, 0.08442341590128954, 0.05721000711259548, 0.04743791941120079, 0.04128397810557566, 0.03803692364783375, 0.03553205306614714, 0.03506818814361258, 0.0338930636731917, 0.03624331261403346, 0.036645328880230074, 0.04638649225345579, 0.2198101246250425]",0.2707,0.6459,1.7048,0.4388
openmrg,cml_idw40,steps,radar,65,59,0.7023,0.6409,"[0.005387732547430466, 0.16666666666666669, 0.25, 0.3333333333333333, 0.41666666666666674, 0.5411731528482798, 0.6666666666666664, 0.75, 0.833333333333333, 0.9731591710758377]","[0.09924479646343709, 0.224027572624323, 0.17069892473118278, 0.17214532871972318, 0.15329218106995884, 0.16864072194021432, 0.24266365688487584, 0.31170108161258603, 0.4392857142857143, 0.4146825396825397]","[0.2514132388569047, 0.06468335634459582, 0.04488498710500951, 0.035350509286998205, 0.03172949175502123, 0.029958058717795086, 0.028499231510667675, 0.026024435355719383, 0.024044598431760753, 0.0276135149920546, 0.03297991507541616, 0.044311876416495165, 0.35850678615156173]",0.2031,0.8647,2.2111,0.2796
openmrg,cml_idw40,steps,own,70,59,0.4775,0.7427,"[0.005264345341054373, 0.16666666666666663, 0.25, 0.33333333333333326, 0.4166666666666667, 0.5419632265717675, 0.6666666666666666, 0.75, 0.8333333333333334, 0.970488940628638]","[0.05409114837933368, 0.15598182735991922, 0.16124367317425886, 0.17212347988774557, 0.19593147751605997, 0.24851720047449585, 0.28604382929642447, 0.38777660695468913, 0.43496985357450474, 0.49336437718277065]","[0.2771581458319902, 0.08271549223131971, 0.05721745857778351, 0.05102830249500354, 0.0425182128811811, 0.04129327573979756, 0.03797305138288956, 0.037134936496679774, 0.03642576236219457, 0.035587647475984786, 0.03723164206047321, 0.04664431693636774, 0.21707175552833474]",0.2816,0.6366,1.6975,0.4462
openmrg,cml_idw40,steps,radar,70,59,0.7255,0.6334,"[0.005264345341054373, 0.16666666666666663, 0.25, 0.33333333333333326, 0.4166666666666667, 0.5419632265717675, 0.6666666666666666, 0.75, 0.8333333333333334, 0.970488940628638]","[0.10062420094758216, 0.2160524987380111, 0.19595083152566883, 0.1421889616463985, 0.14775160599571735, 0.1631079478054567, 0.2122260668973472, 0.3150684931506849, 0.3807062876830319, 0.41490104772991854]","[0.24998654973906495, 0.06641738849733685, 0.04519287674180879, 0.036100500349706785, 0.03324904503147361, 0.028191746919890247, 0.026900521870124282, 0.024721579598644215, 0.02450637542368322, 0.027304029698176146, 0.034136762253187715, 0.04255662559853661, 0.3607359982783666]",0.1945,0.8905,2.3327,0.2602
openmrg,cml_idw40,steps,own,75,59,0.4795,0.7472,"[0.00470256850950062, 0.16666666666666666, 0.25, 0.3333333333333333, 0.4166666666666667, 0.5414019483269802, 0.6666666666666667, 0.75, 0.8333333333333335, 0.9741385985288425]","[0.05291702473025876, 0.1783510936623668, 0.14713896457765668, 0.17324350336862368, 0.21555555555555556, 0.23951715374841168, 0.3072847682119205, 0.40021810250817885, 0.49318801089918257, 0.48548199767711964]","[0.272724245854698, 0.08044216554571486, 0.05810081907171872, 0.05010987547446227, 0.04498235333288939, 0.04042085636278884, 0.03842312046347473, 0.03749084371046148, 0.03595924618765399, 0.03372844110008657, 0.03885596324165945, 0.04221881867217154, 0.22654325098222014]",0.2867,0.6341,1.7097,0.4461
openmrg,cml_idw40,steps,radar,75,59,0.7708,0.6291,"[0.00470256850950062, 0.16666666666666666, 0.25, 0.3333333333333333, 0.4166666666666667, 0.5414019483269802, 0.6666666666666667, 0.75, 0.8333333333333335, 0.9741385985288425]","[0.10787739902606704, 0.22490185081323613, 0.20844686648501362, 0.16650625601539942, 0.19444444444444445, 0.19250317662007624, 0.27549668874172184, 0.35986913849509267, 0.4141689373297003, 0.3934959349593496]","[0.2389062585705666, 0.06151609895233394, 0.04470407547583786, 0.03562613131479348, 0.03164938840436619, 0.030360375185124237, 0.027562942241237454, 0.025889967637540454, 0.02621907739564478, 0.029043936152706926, 0.029894136361143107, 0.0382590093796281, 0.38036860292907687]",0.1997,0.9284,2.4947,0.2312
openmrg,cml_idw40,steps,own,80,59,0.5455,0.6951,"[0.004397029619711112, 0.16666666666666663, 0.25, 0.33333333333333337, 0.4166666666666667, 0.5419556840077071, 0.6666666666666666, 0.75, 0.8333333333333334, 0.9727062240012555]","[0.07424657002580971, 0.14511729405346427, 0.14830813534917206, 0.16784452296819788, 0.18461538461538463, 0.2277456647398844, 0.3188405797101449, 0.37470997679814383, 0.5028301886792453, 0.4563221097245114]","[0.24236354531797696, 0.07116925388082124, 0.05079494241362043, 0.04516149223835754, 0.042501251877816726, 0.03777541311967952, 0.03905858788182273, 0.03570981472208312, 0.034833500250375564, 0.03611667501251878, 0.039747120681021535, 0.043815723585378066, 0.2809526790185278]",0.2480,0.7072,1.7939,0.4274
openmrg,cml_idw40,steps,radar,80,59,0.8051,0.6249,"[0.004397029619711112, 0.16666666666666663, 0.25, 0.33333333333333337, 0.4166666666666667, 0.5419556840077071, 0.6666666666666666, 0.75, 0.8333333333333334, 0.9727062240012555]","[0.1116803477518387, 0.2214948172394981, 0.1900647948164147, 0.20318021201413428, 0.18974358974358974, 0.1971098265895954, 0.32004830917874394, 0.3468677494199536, 0.4179245283018868, 0.38450671061926067]","[0.2383192909508699, 0.06291716818032607, 0.04261954261954262, 0.03512419301892986, 0.03318196739249371, 0.02834008097165992, 0.026999671736513842, 0.02642521063573695, 0.02601488127803917, 0.028586278586278588, 0.031130320604004814, 0.036546668125615495, 0.38379472589998903]",0.1994,0.9647,2.5557,0.2153
openmrg,cml_idw40,steps,own,85,58,0.5377,0.6983,"[0.004641387592778532, 0.16666666666666666, 0.25, 0.3333333333333333, 0.4166666666666667, 0.5400660264105642, 0.6666666666666667, 0.75, 0.8333333333333335, 0.9712923640602882]","[0.07357313015573012, 0.14894795127353266, 0.14910394265232976, 0.18986254295532645, 0.20741482965931865, 0.21788715486194477, 0.3287671232876712, 0.40642939150401836, 0.5280898876404494, 0.4554084436672496]","[0.2386461695803637, 0.06845856371248682, 0.05484355524305667, 0.047332928505225476, 0.04212342995941065, 0.037137652210041866, 0.03601904822781169, 0.03688197129981783, 0.03790469494071399, 0.03886349835405414, 0.03694589152737384, 0.04189970916296462, 0.2829428872766787]",0.2516,0.6984,1.7794,0.4305
openmrg,cml_idw40,steps,radar,85,58,0.8198,0.6255,"[0.004641387592778532, 0.16666666666666666, 0.25, 0.3333333333333333, 0.4166666666666667, 0.5400660264105642, 0.6666666666666667, 0.75, 0.8333333333333335, 0.9712923640602882]","[0.1146220935955742, 0.2009966777408638, 0.2007168458781362, 0.18900343642611683, 0.18937875751503006, 0.20408163265306123, 0.3150684931506849, 0.35361653272101035, 0.4616104868913858, 0.40419685236072944]","[0.22878829699144357, 0.06478056858956666, 0.0446867237096329, 0.035633452939552855, 0.03130002760143528, 0.029561137179133314, 0.027684239580458184, 0.02580734198178305, 0.02641457355782501, 0.02895390560309136, 0.02945073143803478, 0.03684791609163676, 0.3900910847364063]",0.2021,0.9778,2.5539,0.2114
openmrg,cml_idw40,steps,own,90,57,0.5383,0.7010,"[0.004263589249126191, 0.16666666666666663, 0.25, 0.3333333333333333, 0.41666666666666674, 0.5405679513184585, 0.6666666666666667, 0.75, 0.8333333333333336, 0.9717398706162752]","[0.07291792214053272, 0.15352449223416964, 0.14963797264682221, 0.19726027397260273, 0.23042505592841164, 0.24678837052062205, 0.32611464968152865, 0.43080625752105894, 0.5225744476464937, 0.4527579162410623]","[0.2229344251292033, 0.07174978186455466, 0.05329216725954762, 0.046714544600308744, 0.04218403919726156, 0.04154641251090677, 0.03852607557554198, 0.03819048258272367, 0.03892878716692395, 0.03694878850929593, 0.03805624538559635, 0.04134505671521579, 0.28958319350291967]",0.2589,0.6964,1.8007,0.4270
openmrg,cml_idw40,steps,radar,90,57,0.8374,0.6246,"[0.004263589249126191, 0.16666666666666663, 0.25, 0.3333333333333333, 0.41666666666666674, 0.5405679513184585, 0.6666666666666667, 0.75, 0.8333333333333336, 0.9717398706162752]","[0.11763287935398337, 0.17443249701314217, 0.21399839098954143, 0.25388127853881276, 0.2505592841163311, 0.20622041920216364, 0.24585987261146497, 0.35980746089049337, 0.45821325648414984, 0.41470888661899896]","[0.22062603530016564, 0.06274633003941281, 0.042297366767578684, 0.035014565602330495, 0.03232992517278803, 0.028302964528474323, 0.027217684354829498, 0.029559604729536757, 0.02898840463814474, 0.03044496487119438, 0.02975952476152396, 0.03444336551093848, 0.3982692637230822]",0.2058,0.9918,2.5904,0.1988
openmrg,merged,steps,own,5,127,0.4981,0.8245,"[0.004979790049143623, 0.16666666666666663, 0.25, 0.3333333333333334, 0.41666666666666663, 0.5418084436042846, 0.6666666666666667, 0.75, 0.8333333333333335, 0.9676071499390951]","[0.04958707726307831, 0.25581887431231487, 0.30855986119144013, 0.3508468717594193, 0.38530326594090203, 0.43156899810964083, 0.5044078190877731, 0.5390410958904109, 0.5995952587453021, 0.7008583326251381]","[0.15455485046843223, 0.0813171669574688, 0.06363565641635456, 0.05851235260777275, 0.054000288949889425, 0.054133650437314544, 0.05312232582434069, 0.050777386337115614, 0.05128860537224525, 0.051277491914959825, 0.055578399884420045, 0.06832553539080473, 0.20347628943888155]",0.4307,0.6526,2.0715,0.5260
openmrg,merged,steps,radar,5,127,0.5553,0.8085,"[0.004979790049143623, 0.16666666666666663, 0.25, 0.3333333333333334, 0.41666666666666663, 0.5418084436042846, 0.6666666666666667, 0.75, 0.8333333333333335, 0.9676071499390951]","[0.05983017825467446, 0.3256453660600931, 0.3956043956043956, 0.4085724161769789, 0.46734059097978226, 0.4947069943289225, 0.5546186278267535, 0.5739726027397261, 0.6100028910089621, 0.6612560550692614]","[0.13781031528991136, 0.0633133639081903, 0.047713802313331985, 0.042521042382710664, 0.04019068495482937, 0.03978633069793673, 0.04179746108090277, 0.04311693286655245, 0.04450025006118519, 0.05131042701937708, 0.062036455728529324, 0.08728731498132522, 0.2986156187152176]",0.4152,0.6998,2.1628,0.5155
openmrg,merged,steps,own,10,127,0.5039,0.8231,"[0.007939169197995977, 0.16666666666666669, 0.25, 0.3333333333333335, 0.4166666666666667, 0.5402768782383419, 0.6666666666666669, 0.75, 0.8333333333333331, 0.9571156571023731]","[0.047986113850644996, 0.23996994740796393, 0.29157175398633256, 0.3232296137339056, 0.3753762793497893, 0.42908031088082904, 0.501462463438414, 0.5602011945928953, 0.6419540229885058, 0.7182518597236982]","[0.12779394464739025, 0.08599054754091594, 0.07268899758528884, 0.06379377953893464, 0.06455740614616226, 0.05954223680680247, 0.05823168844034425, 0.05484696510020019, 0.05538356758095474, 0.05827296555424845, 0.06369058675417415, 0.07554743772315439, 0.15965987658142944]",0.4092,0.6846,2.1006,0.4842
openmrg,merged,steps,radar,10,127,0.5807,0.7929,"[0.007939169197995977, 0.16666666666666669, 0.25, 0.3333333333333335, 0.4166666666666667, 0.5402768782383419, 0.6666666666666669, 0.75, 0.8333333333333331, 0.9571156571023731]","[0.06264546924928005, 0.29812171299774604, 0.366949679022572, 0.3953862660944206, 0.45334136062612884, 0.4807318652849741, 0.5303867403314917, 0.5513989311537253, 0.5956896551724138, 0.6135759829968119]","[0.11931042787187926, 0.06927831741189693, 0.056996066468652164, 0.05041342217227262, 0.04848679457333226, 0.04907883117925664, 0.048506863610821224, 0.04757365336758449, 0.05222967006502368, 0.05990607690455166, 0.07057277032993498, 0.09634141446576222, 0.23130569157903186]",0.3796,0.7477,2.2582,0.4475
openmrg,merged,steps,own,15,127,0.5505,0.8104,"[0.011151380585409678, 0.16666666666666666, 0.25, 0.33333333333333326, 0.4166666666666669, 0.5400599520383693, 0.6666666666666669, 0.75, 0.8333333333333334, 0.9503996720639477]","[0.0550938245153264, 0.23300498601483643, 0.29662491301322197, 0.3432126696832579, 0.39122137404580154, 0.46575539568345325, 0.5442111959287532, 0.6132989025177534, 0.6646903820816864, 0.7312973970075836]","[0.10872638478344686, 0.08364556661690706, 0.06992377883008907, 0.06621652348422687, 0.06691843049637677, 0.066078119284648, 0.06378456397734125, 0.060581495358516306, 0.06171838699791405, 0.06226211778197384, 0.06621652348422687, 0.07879153361739148, 0.14513657528694157]",0.3909,0.7494,2.2436,0.4505
openmrg,merged,steps,radar,15,127,0.6033,0.7804,"[0.011151380585409678, 0.16666666666666666, 0.25, 0.33333333333333326, 0.4166666666666669, 0.5400599520383693, 0.6666666666666669, 0.75, 0.8333333333333334, 0.9503996720639477]","[0.06663614058126274, 0.2855405569743403, 0.34585942936673625, 0.40158371040723984, 0.438113413304253, 0.47597122302158273, 0.5362595419847328, 0.5597159457714654, 0.5849802371541502, 0.5669194507071121]","[0.10056867171076214, 0.07111787101711828, 0.05781657188804821, 0.056508723830929156, 0.05436772812260833, 0.05582089263051839, 0.054648673260804276, 0.05567557617972738, 0.05707061410732104, 0.06535365180240837, 0.07535142361682959, 0.09999709367098418, 0.19570250816194065]",0.3530,0.7876,2.2937,0.4057
openmrg,merged,steps,own,20,127,0.6293,0.7556,"[0.012753414499816934, 0.1666666666666666, 0.25, 0.3333333333333334, 0.41666666666666674, 0.5401883643299953, 0.6666666666666664, 0.75, 0.8333333333333333, 0.9460967507526213]","[0.07135143118232921, 0.251959428307976, 0.3173713703515028, 0.3579136690647482, 0.3858350951374207, 0.423032904148784, 0.4691011235955056, 0.5074374577417173, 0.5421956684092606, 0.5696044845842416]","[0.11115710624876798, 0.08727577370392273, 0.07199881726788883, 0.0648728562980485, 0.06304947762665089, 0.06221170904790065, 0.05950128129312044, 0.05939286418292923, 0.056603587620737236, 0.05936329588014981, 0.0652079637295486, 0.07777449241080228, 0.1615907746895328]",0.3143,0.8553,2.4318,0.3427
openmrg,merged,steps,radar,20,127,0.6227,0.7650,"[0.012753414499816934, 0.1666666666666666, 0.25, 0.3333333333333334, 0.41666666666666674, 0.5401883643299953, 0.6666666666666664, 0.75, 0.8333333333333333, 0.9460967507526213]","[0.07303137432271523, 0.2776625172890733, 0.35472915605365934, 0.40422661870503596, 0.41807610993657507, 0.4565092989985694, 0.5168539325842697, 0.5632183908045977, 0.5750560119492159, 0.5621301775147929]","[0.09152852540079624, 0.07102878335101671, 0.06119747306123641, 0.05902679762101759, 0.055941128945908324, 0.05701186571014182, 0.05717734321006882, 0.058433025415397195, 0.05881265026817089, 0.06544148423583464, 0.0756913552607244, 0.09840070863305851, 0.19030885888662843]",0.3331,0.8147,2.3141,0.3747
openmrg,merged,steps,own,25,127,0.6199,0.7582,"[0.014815058420356733, 0.16666666666666666, 0.25, 0.33333333333333337, 0.4166666666666667, 0.5392918192918194, 0.6666666666666666, 0.75, 0.8333333333333333, 0.9446064139941693]","[0.06917348012628512, 0.23515910276473656, 0.2801266825019794, 0.3413984006561411, 0.37493619193466055, 0.42945054945054945, 0.47455247455247457, 0.5201052236001503, 0.5535117056856187, 0.6018325697625989]","[0.10280721510587383, 0.08513141225441895, 0.07581089505117738, 0.07051217599388687, 0.06548492831144805, 0.06631945142673289, 0.06352430171529691, 0.06193569144764624, 0.05910032375475075, 0.06172454704498381, 0.06596754408896217, 0.07841500935068069, 0.14326650445414144]",0.3110,0.8576,2.4219,0.3486
openmrg,merged,steps,radar,25,127,0.6411,0.7526,"[0.014815058420356733, 0.16666666666666666, 0.25, 0.33333333333333337, 0.4166666666666667, 0.5392918192918194, 0.6666666666666666, 0.75, 0.8333333333333333, 0.9446064139941693]","[0.07536630777948676, 0.26917057902973396, 0.31813143309580366, 0.36600369079352063, 0.39637570188871873, 0.44952380952380955, 0.4798174798174798, 0.5099586621570839, 0.5409698996655519, 0.5685131195335277]","[0.08924324110045191, 0.0732676603504321, 0.0656564655514152, 0.05934353444858479, 0.05808491239197653, 0.05958138428605407, 0.06015618805993816, 0.05993815904225799, 0.06194006184095774, 0.06589431538888449, 0.07596329184175057, 0.09597240941885356, 0.17495837627844288]",0.3120,0.8487,2.3967,0.3428
openmrg,merged,steps,own,30,126,0.6196,0.7611,"[0.016745466681499618, 0.16666666666666663, 0.25, 0.3333333333333333, 0.4166666666666666, 0.5391802956632779, 0.6666666666666667, 0.75, 0.8333333333333331, 0.9426133019423192]","[0.07048614973856936, 0.20407124681933841, 0.2771102895871842, 0.3372161895360316, 0.3793103448275862, 0.432149697951967, 0.5344827586206896, 0.5778977980889074, 0.6286701208981001, 0.6233078281341966]","[0.09415753239460055, 0.08293641714677925, 0.07657189209426153, 0.0708729382890659, 0.06783626947315875, 0.06769067576280705, 0.06584995528193183, 0.06612034360115643, 0.06303167703155224, 0.0646644064976393, 0.06693150855883026, 0.07876619730027663, 0.13457018656794026]",0.3225,0.8651,2.3447,0.3708
openmrg,merged,steps,radar,30,126,0.6381,0.7370,"[0.016745466681499618, 0.16666666666666663, 0.25, 0.3333333333333333, 0.4166666666666666, 0.5391802956632779, 0.6666666666666667, 0.75, 0.8333333333333331, 0.9426133019423192]","[0.0807653799087774, 0.2314503816793893, 0.29682686383240914, 0.345705824284304, 0.3931992337164751, 0.42493001326064533, 0.4791666666666667, 0.5197341088491899, 0.5411629245826137, 0.5420835785756327]","[0.08742491645995203, 0.07300272658316079, 0.0654379958588737, 0.061901637999959, 0.06171713237253736, 0.06115336517763792, 0.06150187580721212, 0.06336743270669755, 0.0644539658459583, 0.06901535496832653, 0.07515529223641321, 0.0932470940363681, 0.16262120994690338]",0.2986,0.8578,2.3419,0.3109
openmrg,merged,steps,own,35,125,0.6666,0.7061,"[0.01786570600847313, 0.1666666666666667, 0.25, 0.3333333333333333, 0.41666666666666663, 0.5393848749808255, 0.6666666666666667, 0.75, 0.8333333333333335, 0.9405235255135853]","[0.08327289588510148, 0.206558649461531, 0.2593471810089021, 0.3, 0.3211879211380085, 0.3635526921306949, 0.4223826714801444, 0.4429033749422099, 0.46641556811048335, 0.44068919814446655]","[0.10495806348869306, 0.09024312559719716, 0.07839473404820045, 0.07378702622359061, 0.06998619811020278, 0.06517677035778745, 0.06354177725873235, 0.061981102027816114, 0.0604841278267332, 0.06148211062745514, 0.06103620341862193, 0.07006051597834165, 0.1388682450366281]",0.2518,0.9429,2.5244,0.2733
openmrg,merged,steps,radar,35,125,0.6354,0.7227,"[0.01786570600847313, 0.1666666666666667, 0.25, 0.3333333333333333, 0.41666666666666663, 0.5393848749808255, 0.6666666666666667, 0.75, 0.8333333333333335, 0.9405235255135853]","[0.08406948126835416, 0.22285825167361986, 0.29154302670623145, 0.31431334622823986, 0.35887197404542054, 0.4066574628010431, 0.4789410348977136, 0.4882108183079057, 0.5260514752040176, 0.49039098740888004]","[0.08802372539121656, 0.07660272589601211, 0.0689256267878176, 0.06389870435806831, 0.06208985360928824, 0.06131162712434797, 0.06051236749116608, 0.06376198889449773, 0.0652027595490493, 0.06974591956924113, 0.0778331650681474, 0.08898073363621067, 0.1531108026249369]",0.2833,0.8653,2.2685,0.2961
openmrg,merged,steps,own,40,122,0.6659,0.7064,"[0.018728658238398366, 0.16666666666666666, 0.25, 0.3333333333333333, 0.4166666666666667, 0.5379013983308462, 0.6666666666666666, 0.75, 0.8333333333333335, 0.9387478849407783]","[0.08435072142064373, 0.20429382882449215, 0.24789088863892014, 0.31669829222011386, 0.32875030689909157, 0.3981097662079257, 0.46082337317397076, 0.4445658110322228, 0.45329000812347686, 0.4131979695431472]","[0.1005334744174768, 0.08677777042964531, 0.07868747657782775, 0.07300002204439741, 0.0691753190926526, 0.06768732226704582, 0.06505301677578644, 0.06478848400678967, 0.06300288781606155, 0.06433657385975354, 0.06388466371271741, 0.06991380640610188, 0.1331591825937438]",0.2519,0.9408,2.6238,0.2634
openmrg,merged,steps,radar,40,122,0.6365,0.7138,"[0.018728658238398366, 0.16666666666666666, 0.25, 0.3333333333333333, 0.4166666666666667, 0.5379013983308462, 0.6666666666666666, 0.75, 0.8333333333333335, 0.9387478849407783]","[0.08644290507354536, 0.21690574756907674, 0.2643419572553431, 0.3442125237191651, 0.35772158114411984, 0.4131984745481678, 0.4648074369189907, 0.4713271436373566, 0.4841592201462226, 0.48934010152284263]","[0.0837976036022285, 0.07484654550212057, 0.06983133633519041, 0.06454356145266624, 0.06292997241634958, 0.06342059070441884, 0.06359503276239901, 0.06436911939468606, 0.06701845815026003, 0.07303670915057621, 0.07930572060923889, 0.08630520818569357, 0.1470001417341721]",0.2739,0.8668,2.3823,0.2628
openmrg,merged,steps,own,45,122,0.6773,0.6916,"[0.019176181522558615, 0.16666666666666663, 0.25, 0.3333333333333333, 0.41666666666666674, 0.537516657975549, 0.6666666666666666, 0.75, 0.8333333333333334, 0.9395258829221094]","[0.09105648963130501, 0.1903660886319846, 0.24254838253990676, 0.29646522234891676, 0.3662704309063893, 0.3907526507908917, 0.46047430830039526, 0.4175824175824176, 0.41271551724137934, 0.386066763425254]","[0.09466116974241781, 0.08434869486328506, 0.07889387797287521, 0.07340460960736803, 0.07195764765328036, 0.06905223992007258, 0.06708850583952503, 0.06714592496468724, 0.06202413900021819, 0.06368929362992226, 0.0643898069569012, 0.07076332984990641, 0.13258075999954064]",0.2426,0.9542,2.7552,0.2444
openmrg,merged,steps,radar,45,122,0.6360,0.6988,"[0.019176181522558615, 0.16666666666666663, 0.25, 0.3333333333333333, 0.41666666666666674, 0.537516657975549, 0.6666666666666666, 0.75, 0.8333333333333334, 0.9395258829221094]","[0.08927160258331744, 0.19884393063583816, 0.2607712953807035, 0.3280121626757887, 0.3741951461119366, 0.38640709195202505, 0.4357707509881423, 0.4526098901098901, 0.40625, 0.444121915820029]","[0.08353794389123811, 0.0755922338926022, 0.06949938616832628, 0.06675987814304551, 0.06503205565407175, 0.06288364479607148, 0.06541854226344745, 0.06547537852953213, 0.06666894011731005, 0.0726367480561997, 0.07882053380621107, 0.08540217341881508, 0.1422725412631292]",0.2594,0.8716,2.4902,0.2328
openmrg,merged,steps,own,50,122,0.6147,0.6615,"[0.020339094194450912, 0.16666666666666666, 0.25, 0.33333333333333326, 0.41666666666666663, 0.5360888808051413, 0.6666666666666669, 0.75, 0.8333333333333333, 0.9399360093077369]","[0.08814700396362789, 0.18338823999201356, 0.22009639258069227, 0.2512984418697563, 0.2883289124668435, 0.308475809385231, 0.33188248095756256, 0.33789625360230546, 0.31885714285714284, 0.2879581151832461]","[0.10575063368691662, 0.08890837668032146, 0.08156842016746153, 0.07502132311425586, 0.07212618478430619, 0.06848623908316616, 0.06518265800127337, 0.06418557716564756, 0.062155376428048005, 0.062035246206888266, 0.06309239215309395, 0.06871448650336966, 0.12277308602525137]",0.2012,0.9086,2.4561,0.1933
openmrg,merged,steps,radar,50,122,0.6331,0.6885,"[0.020339094194450912, 0.16666666666666666, 0.25, 0.33333333333333326, 0.41666666666666663, 0.5360888808051413, 0.6666666666666669, 0.75, 0.8333333333333333, 0.9399360093077369]","[0.09085742597342038, 0.20774683038833983, 0.25631663502263763, 0.2990411506192569, 0.3427055702917772, 0.373590396507821, 0.3939064200217628, 0.39985590778097985, 0.3942857142857143, 0.462478184991274]","[0.08666968347345606, 0.07441589063281492, 0.0719389334794103, 0.06947388477385857, 0.06633005454069117, 0.0651749350989592, 0.0630909567247005, 0.06509157596398886, 0.06403172410508014, 0.07204610951008646, 0.07649986900707362, 0.08625288779860434, 0.13898349489127587]",0.2413,0.8773,2.3654,0.2173
openmrg,merged,steps,own,55,121,0.6167,0.6553,"[0.02122207724836117, 0.1666666666666667, 0.25, 0.33333333333333337, 0.4166666666666667, 0.5351022934584311, 0.6666666666666665, 0.75, 0.8333333333333335, 0.9383701883701884]","[0.09171081382736233, 0.19185755726718015, 0.21008778455586966, 0.24657249688408808, 0.2669808705295259, 0.3060985144644253, 0.33166144200626957, 0.35086277732128185, 0.35152284263959394, 0.3464373464373464]","[0.10065025428231662, 0.08975786251043696, 0.08253422058042152, 0.07687928547934114, 0.07213521240796499, 0.07074361764036131, 0.0661893074918402, 0.06570857475394075, 0.06166029906636642, 0.06214103180426587, 0.06282417832654404, 0.06704956607544973, 0.12172658958075044]",0.1938,0.9135,2.3990,0.1982
openmrg,merged,steps,radar,55,121,0.6227,0.6761,"[0.02122207724836117, 0.1666666666666667, 0.25, 0.33333333333333337, 0.4166666666666667, 0.5351022934584311, 0.6666666666666665, 0.75, 0.8333333333333335, 0.9383701883701884]","[0.09367582097998836, 0.20536160848254476, 0.2353816396369588, 0.29019526381387617, 0.31632935957859715, 0.3612197028928851, 0.3755485893416928, 0.3935907970419063, 0.39593908629441626, 0.4643734643734644]","[0.08584331681615756, 0.07875556670639151, 0.07161763783478643, 0.06831838424386878, 0.06677538731731794, 0.06473060277237659, 0.06455497710593991, 0.06552091827134165, 0.06641159129398481, 0.0701373643605344, 0.07568211754374961, 0.08638273850592737, 0.1352693972276234]",0.2252,0.8734,2.2950,0.2080
openmrg,merged,steps,own,60,120,0.6368,0.6424,"[0.02203122737852617, 0.1666666666666666, 0.25, 0.3333333333333333, 0.4166666666666666, 0.5351685232790631, 0.6666666666666666, 0.75, 0.8333333333333334, 0.9377156659765356]","[0.10038087601483411, 0.19277985851019558, 0.21512345679012346, 0.2417253897074525, 0.2630646589902569, 0.3082690659811482, 0.3940493468795356, 0.3436254980079681, 0.30130293159609123, 0.32712215320910976]","[0.10185774102931043, 0.08635448136958711, 0.0809747177611703, 0.07469391000159008, 0.07225579053373615, 0.06914188795250967, 0.06696878147029205, 0.06337785551492023, 0.061933534743202415, 0.0614697620183389, 0.06180102825038427, 0.07185827105528171, 0.1273122382996767]",0.1846,0.9260,2.4130,0.2055
openmrg,merged,steps,radar,60,120,0.6410,0.6542,"[0.02203122737852617, 0.1666666666666666, 0.25, 0.3333333333333333, 0.4166666666666666, 0.5351685232790631, 0.6666666666666666, 0.75, 0.8333333333333334, 0.9377156659765356]","[0.10440680231198424, 0.20942571785268416, 0.24027777777777778, 0.27930813581037794, 0.3043991733097136, 0.3346186803770351, 0.3991291727140784, 0.3615537848605578, 0.3257328990228013, 0.4575569358178054]","[0.0871932454825219, 0.07672479549698835, 0.07114863620821169, 0.06700597069886109, 0.06566453615297614, 0.06544096372866198, 0.06425734501170467, 0.06496751624187906, 0.06598016781083142, 0.06925484626107999, 0.073502722323049, 0.08891606828164865, 0.13994318630158606]",0.2068,0.8914,2.3395,0.1799
openmrg,merged,steps,own,65,118,0.5956,0.6404,"[0.022750732895660434, 0.16666666666666666, 0.25, 0.3333333333333333, 0.4166666666666666, 0.5360491244382458, 0.6666666666666666, 0.75, 0.8333333333333333, 0.9366319444444444]","[0.09895418591070765, 0.19808, 0.22646873025900188, 0.2408365190015741, 0.2671169788148603, 0.28451882845188287, 0.2854973424449506, 0.3673257023933403, 0.4202626641651032, 0.3194444444444444]","[0.10323557605479224, 0.08957919450966227, 0.08321640432892013, 0.07718703546769286, 0.07464469790639197, 0.06833747794556896, 0.06640641280337867, 0.06116891957599922, 0.06154401856045345, 0.06089106847640349, 0.06189133243494811, 0.07128269960128367, 0.12061516233450494]",0.1794,0.8880,2.2776,0.1602
openmrg,merged,steps,radar,65,118,0.6123,0.6473,"[0.022750732895660434, 0.16666666666666666, 0.25, 0.3333333333333333, 0.4166666666666666, 0.5360491244382458, 0.6666666666666666, 0.75, 0.8333333333333333, 0.9366319444444444]","[0.10353736440692962, 0.21397333333333332, 0.24084017687934303, 0.2516303125702721, 0.28891618053423396, 0.3335657833565783, 0.3325740318906606, 0.36524453694068676, 0.3621013133208255, 0.3645833333333333]","[0.08846981569363205, 0.07577805981679726, 0.07261891623441122, 0.06750082772320935, 0.06715594305264319, 0.06587297207813707, 0.06607990288047677, 0.06599713055954089, 0.06659033219291469, 0.06755600927049994, 0.07632987528970313, 0.085076150535261, 0.13497406467277343]",0.1913,0.8684,2.1859,0.1664
openmrg,merged,steps,own,70,116,0.5860,0.6414,"[0.02260176811814475, 0.16666666666666666, 0.25, 0.3333333333333333, 0.41666666666666663, 0.536059860598606, 0.6666666666666666, 0.75, 0.8333333333333333, 0.9400958466453674]","[0.09497302226612965, 0.18497989348983807, 0.21928982725527832, 0.24948168624740844, 0.25138391403451643, 0.2688806888068881, 0.3033135089209856, 0.3137254901960784, 0.4111969111969112, 0.4536741214057508]","[0.10460855728946178, 0.09135366334321125, 0.08380654861830869, 0.077222895347649, 0.07309168941506211, 0.06833277374713516, 0.06355926017838635, 0.06263959242660905, 0.06126738974935404, 0.06081485482387633, 0.0654131935827628, 0.0685079485569975, 0.11938163292118593]",0.1788,0.8832,2.1779,0.1581
openmrg,merged,steps,radar,70,116,0.6019,0.6386,"[0.02260176811814475, 0.16666666666666666, 0.25, 0.3333333333333333, 0.41666666666666663, 0.536059860598606, 0.6666666666666666, 0.75, 0.8333333333333333, 0.9400958466453674]","[0.10475720039516681, 0.19302249755461362, 0.23880358285348688, 0.2766643630499885, 0.29045913383262784, 0.2900369003690037, 0.3092608326253186, 0.29411764705882354, 0.3783783783783784, 0.4057507987220447]","[0.09079831140382691, 0.07694427922765584, 0.07328855555394369, 0.06911058564112979, 0.06761638112369983, 0.06506317728809133, 0.06352545225073622, 0.0636995343304368, 0.06750032640389944, 0.06915410616105494, 0.07608837566912799, 0.08284856309750047, 0.13436235184889675]",0.1814,0.8607,2.1014,0.1542
openmrg,merged,steps,own,75,114,0.6172,0.6245,"[0.021919474355669256, 0.16666666666666669, 0.25, 0.3333333333333333, 0.4166666666666667, 0.5347278452541612, 0.6666666666666665, 0.75, 0.8333333333333331, 0.9329710144927535]","[0.10662938505165884, 0.20372625426205554, 0.21976241900647947, 0.23811996883926254, 0.24472135687088958, 0.2690958164642375, 0.32670454545454547, 0.35157318741450067, 0.41134751773049644, 0.3641304347826087]","[0.10264076514878763, 0.09204326659674718, 0.07995867445173208, 0.0771723306670006, 0.07222578776826385, 0.06911071803140116, 0.06413286789912809, 0.061017798162265394, 0.058215800760765775, 0.06065776497659784, 0.061894400701282035, 0.07000297418718594, 0.1309268506488424]",0.1674,0.8979,2.2987,0.1537
openmrg,merged,steps,radar,75,114,0.6048,0.6252,"[0.021919474355669256, 0.16666666666666669, 0.25, 0.3333333333333333, 0.4166666666666667, 0.5347278452541612, 0.6666666666666665, 0.75, 0.8333333333333331, 0.9329710144927535]","[0.11067483689293434, 0.20640526059425232, 0.22858171346292297, 0.2565567385094781, 0.2717203184492904, 0.291497975708502, 0.32575757575757575, 0.2872777017783858, 0.3546099290780142, 0.40217391304347827]","[0.08977904844774542, 0.07936853227260014, 0.07424096460424501, 0.07013891046956089, 0.06477827154355324, 0.06631654184405979, 0.06157742627179216, 0.06417228627365673, 0.06552409956804127, 0.06644084651480779, 0.07133534292551043, 0.0816992448491252, 0.1446284844153019]",0.1681,0.8540,2.1048,0.1382
openmrg,merged,steps,own,80,112,0.6416,0.6244,"[0.021705712677641764, 0.16666666666666666, 0.25, 0.33333333333333326, 0.4166666666666666, 0.5345151953690305, 0.6666666666666667, 0.75, 0.8333333333333331, 0.9386331938633193]","[0.10354579991557619, 0.2135718043135192, 0.22494513533284566, 0.24144920192551306, 0.2698768197088466, 0.28075253256150506, 0.22918531781557744, 0.2543604651162791, 0.21558441558441557, 0.3054393305439331]","[0.10508869525262968, 0.0911567305009928, 0.08410049393655951, 0.0760924859285515, 0.0712187597433499, 0.06501583550763879, 0.060043650207584634, 0.05961699404322355, 0.05779550041845124, 0.057286794991713026, 0.061750274865028966, 0.07259718735128572, 0.1382365972529907]",0.1586,0.9352,2.3004,0.1320
openmrg,merged,steps,radar,80,112,0.6185,0.6138,"[0.021705712677641764, 0.16666666666666666, 0.25, 0.33333333333333326, 0.4166666666666666, 0.5345151953690305, 0.6666666666666667, 0.75, 0.8333333333333331, 0.9386331938633193]","[0.1146264246517518, 0.21817464492372435, 0.2298829553767374, 0.23536863440587788, 0.24934677118327733, 0.283068017366136, 0.26589077887197854, 0.28924418604651164, 0.2779220779220779, 0.33472803347280333]","[0.089717610145117, 0.08259249575107858, 0.07497712119231272, 0.0702379395999477, 0.06731272061707412, 0.06175643875016342, 0.06167472872270885, 0.06201791083801804, 0.062785985096091, 0.06392992548045497, 0.07022159759445679, 0.08318080794875148, 0.14959471826382534]",0.1610,0.8719,2.0848,0.1283
openmrg,merged,steps,own,85,107,0.6235,0.6213,"[0.022076523501837076, 0.16666666666666669, 0.25, 0.33333333333333326, 0.41666666666666674, 0.5352352682497801, 0.6666666666666666, 0.75, 0.8333333333333335, 0.9405637254901961]","[0.10090102175419768, 0.20520533612346326, 0.23311546840958605, 0.23249526899161935, 0.23480662983425415, 0.24241424802110817, 0.24970691676436108, 0.2946593001841621, 0.24, 0.39705882352941174]","[0.1004256199059156, 0.09022452742405183, 0.08679544397153344, 0.08016128754329434, 0.07218306825426912, 0.06563506970172144, 0.06196474419726707, 0.06070683921217238, 0.05888029224751434, 0.05888029224751434, 0.060379439284545, 0.06706529043819895, 0.13669808557200214]",0.1456,0.9104,2.2695,0.1275
openmrg,merged,steps,radar,85,107,0.6124,0.6019,"[0.022076523501837076, 0.16666666666666669, 0.25, 0.33333333333333326, 0.41666666666666674, 0.5352352682497801, 0.6666666666666666, 0.75, 0.8333333333333335, 0.9405637254901961]","[0.11637266080890737, 0.2032435260266806, 0.22440087145969498, 0.2338469856718032, 0.2292817679558011, 0.23944591029023746, 0.28839390386869873, 0.3351749539594843, 0.224, 0.40441176470588236]","[0.08725799807771523, 0.0817829191267335, 0.07649663600164767, 0.07184539338184814, 0.06842990525882191, 0.06268021419744611, 0.06209666346285871, 0.061307153645475766, 0.06345256075792942, 0.06683372236715639, 0.07134765893175889, 0.07884800219689689, 0.14762117259371138]",0.1475,0.8592,2.1051,0.1201
openmrg,merged,steps,own,90,106,0.6286,0.6116,"[0.021921904083006608, 0.16666666666666666, 0.25, 0.33333333333333337, 0.4166666666666667, 0.5362148121299988, 0.6666666666666665, 0.75, 0.8333333333333331, 0.9400871459694989]","[0.10452655340382559, 0.20766590389016018, 0.23218343317496384, 0.23661381992222555, 0.25585585585585585, 0.22399420079739035, 0.2226148409893993, 0.28824833702882485, 0.14, 0.1830065359477124]","[0.09989408551201294, 0.08874519203969006, 0.08259471914079194, 0.07767062452384935, 0.07432595648215248, 0.06626159020383894, 0.06252671089061078, 0.0627311072709367, 0.06066856197855696, 0.057937083077837855, 0.06035267666350781, 0.07124142928814316, 0.13505026292807107]",0.1369,0.9094,2.3018,0.0986
openmrg,merged,steps,radar,90,106,0.6135,0.5958,"[0.021921904083006608, 0.16666666666666666, 0.25, 0.33333333333333337, 0.4166666666666667, 0.5362148121299988, 0.6666666666666665, 0.75, 0.8333333333333331, 0.9400871459694989]","[0.11818937863846976, 0.20766590389016018, 0.21793017971493492, 0.22584504935686509, 0.24279279279279278, 0.22798115259151866, 0.22850412249705537, 0.3436807095343681, 0.264, 0.3464052287581699]","[0.08722229404051783, 0.08053703669504515, 0.07789617536796617, 0.0718757502446952, 0.0679790947201241, 0.06358381502890173, 0.05900385972040111, 0.06219874789931485, 0.06535670095477294, 0.06589226024487987, 0.07012133188055181, 0.08105412842342426, 0.14727880477940497]",0.1419,0.8569,2.1232,0.1055
openmrg,pws_idw,steps,own,5,126,0.3822,0.8516,"[0.004122490193793934, 0.1666666666666666, 0.25, 0.3333333333333334, 0.4166666666666667, 0.541535226077813, 0.6666666666666665, 0.75, 0.8333333333333331, 0.9755527906925983]","[0.050968969668725, 0.21822033898305085, 0.26135364781716963, 0.31736930860033724, 0.36408692337018683, 0.43316246056782337, 0.5344827586206896, 0.5878676470588236, 0.6542909312233719, 0.8150743238818676]","[0.13918843802112285, 0.07782101167315175, 0.06808720894324007, 0.060280402692854056, 0.05456117596195417, 0.05248594898400346, 0.04987956272002965, 0.04723611883144957, 0.04560558334877401, 0.04244333271570626, 0.04482737323204249, 0.0508554135013279, 0.26672842937434377]",0.4927,0.4878,1.4555,0.5791
openmrg,pws_idw,steps,radar,5,126,0.6795,0.7481,"[0.004122490193793934, 0.1666666666666666, 0.25, 0.3333333333333334, 0.4166666666666667, 0.541535226077813, 0.6666666666666665, 0.75, 0.8333333333333331, 0.9755527906925983]","[0.08646549380558469, 0.1838512241054614, 0.2206270143568708, 0.2478920741989882, 0.29965688143347313, 0.3239353312302839, 0.37209302325581395, 0.4209558823529412, 0.4720024345709069, 0.648745989129723]","[0.18634153752658766, 0.07035421278812345, 0.051807961106046796, 0.04305031037027391, 0.0371793202239875, 0.03326170942397014, 0.0327625124799236, 0.030559534661631287, 0.029680513955810218, 0.03007118982506403, 0.03096106263836437, 0.0386769110561271, 0.38529322394408994]",0.3485,0.7993,2.3996,0.3790
openmrg,pws_idw,steps,own,10,122,0.4408,0.8309,"[0.0061458943187427525, 0.16666666666666669, 0.25, 0.3333333333333334, 0.41666666666666663, 0.5412053004174986, 0.6666666666666667, 0.75, 0.8333333333333336, 0.9710805246301664]","[0.05872679684540414, 0.17422867513611615, 0.18963591690864418, 0.24049185015727767, 0.31712549159814085, 0.4253040479215829, 0.5107340720221607, 0.5757575757575758, 0.6517907902217169, 0.7934268720451426]","[0.13084877409694928, 0.08250280741156654, 0.0714252292719446, 0.06421953958450309, 0.061423825566161334, 0.0535747707280554, 0.051983904173685196, 0.04808862062511698, 0.045491764926071494, 0.04530460415496912, 0.04594796930563354, 0.05043982781209059, 0.24874836234325284]",0.4594,0.5791,1.6880,0.4853
openmrg,pws_idw,steps,radar,10,122,0.7005,0.7400,"[0.0061458943187427525, 0.16666666666666669, 0.25, 0.3333333333333334, 0.41666666666666663, 0.5412053004174986, 0.6666666666666667, 0.75, 0.8333333333333336, 0.9710805246301664]","[0.09170196645658987, 0.1753836000659957, 0.19253964708510163, 0.2321990277380612, 0.28816589202717197, 0.3361771646396805, 0.3798476454293629, 0.4128380579993483, 0.4747015349630472, 0.6509836815616898]","[0.16581421507247607, 0.07970245548504849, 0.05951951442093423, 0.0478363292939154, 0.04465290010399202, 0.04019609923809928, 0.03643965279398968, 0.03631231562639275, 0.03572868694157346, 0.03514505825675417, 0.03771302446995904, 0.04195759672319022, 0.3389821515736752]",0.3382,0.8434,2.4630,0.3605
openmrg,pws_idw,steps,own,15,122,0.5146,0.8102,"[0.009377807195877266, 0.16666666666666669, 0.25, 0.33333333333333337, 0.41666666666666674, 0.5410753575357534, 0.6666666666666667, 0.75, 0.8333333333333331, 0.9707852623743952]","[0.06784549193891541, 0.1921806167400881, 0.2425825323861262, 0.3177124702144559, 0.3748886910062333, 0.4739273927392739, 0.5196404793608522, 0.5833083158210748, 0.6158645276292335, 0.7451618905842947]","[0.12176673504704494, 0.07984459699508349, 0.06832689640945712, 0.06502630161477016, 0.06028169659740766, 0.058516795214137544, 0.05757704252953918, 0.05462025969263211, 0.05129674410075982, 0.049680827899194334, 0.049978798262603576, 0.054413972517964176, 0.2286693331194059]",0.4244,0.6748,1.8697,0.4632
openmrg,pws_idw,steps,radar,15,122,0.7317,0.7349,"[0.009377807195877266, 0.16666666666666669, 0.25, 0.33333333333333337, 0.41666666666666674, 0.5410753575357534, 0.6666666666666667, 0.75, 0.8333333333333331, 0.9707852623743952]","[0.09412320930452461, 0.1797907488986784, 0.21688257417467613, 0.2504633306857294, 0.3140397744137726, 0.3678217821782178, 0.40312916111850866, 0.4506154308015611, 0.4741532976827095, 0.6281168589505024]","[0.1384573107573932, 0.07772634071067706, 0.06203098907138478, 0.05553089394804152, 0.05118692793878284, 0.047329147906229524, 0.04517301879214493, 0.04302745893842349, 0.0405542520134441, 0.041135561333417885, 0.041568901008307436, 0.04989747817447735, 0.3063817194072759]",0.3284,0.8905,2.5451,0.3374
openmrg,pws_idw,steps,own,20,119,0.5242,0.7921,"[0.010258975550929392, 0.1666666666666666, 0.25, 0.3333333333333334, 0.4166666666666667, 0.5426855600539812, 0.6666666666666667, 0.75, 0.8333333333333333, 0.9657831926187165]","[0.0746609535743881, 0.1786105032822757, 0.2224118316268487, 0.30569556451612906, 0.3530405405405405, 0.4202429149797571, 0.48458015267175575, 0.5533312480450422, 0.5905300774270399, 0.7448968686544832]","[0.11590293466410403, 0.08236391633228805, 0.06993289948410156, 0.06468399815670274, 0.0631329309550303, 0.061076080970203776, 0.057906508862438325, 0.05560238729473649, 0.05362421463173393, 0.05160108349911769, 0.04872374144384125, 0.050477121758775334, 0.22497218194692653]",0.3970,0.6926,1.8593,0.4576
openmrg,pws_idw,steps,radar,20,119,0.7513,0.7308,"[0.010258975550929392, 0.1666666666666666, 0.25, 0.3333333333333334, 0.4166666666666667, 0.5426855600539812, 0.6666666666666667, 0.75, 0.8333333333333333, 0.9657831926187165]","[0.09801523940416759, 0.1809354485776805, 0.19169510807736065, 0.25075604838709675, 0.32207207207207206, 0.38607287449392713, 0.41770992366412213, 0.44854551141695337, 0.48421679571173315, 0.6395212140643368]","[0.12430043245993386, 0.07964470448571186, 0.062049520902230135, 0.05748113287543458, 0.0548312558297295, 0.05280674976681082, 0.05037946239294497, 0.04704061731535657, 0.04441193928601713, 0.040585516832019, 0.04227083863308743, 0.0495633002628678, 0.29463452895785636]",0.3235,0.9227,2.5147,0.3294
openmrg,pws_idw,steps,own,25,117,0.6031,0.7764,"[0.01133756254795496, 0.16666666666666666, 0.25, 0.33333333333333337, 0.41666666666666663, 0.5419072217157905, 0.6666666666666666, 0.75, 0.8333333333333335, 0.9672247446083996]","[0.07948500501117878, 0.19052369077306733, 0.23665893271461716, 0.2865999046256557, 0.3487654320987654, 0.41431175934366454, 0.45406415446901277, 0.48117839607201307, 0.5187310158623017, 0.7222474460839955]","[0.1232436585451032, 0.08700511041523579, 0.07665622853683807, 0.06807678427994365, 0.06311770252494092, 0.061464675273273345, 0.057634774105677335, 0.05666856803604065, 0.05229153813021664, 0.049579176513043784, 0.049125176070684375, 0.05172112731802149, 0.20341548025098075]",0.3676,0.7965,2.2899,0.3480
openmrg,pws_idw,steps,radar,25,117,0.7855,0.7269,"[0.01133756254795496, 0.16666666666666666, 0.25, 0.33333333333333337, 0.41666666666666663, 0.5419072217157905, 0.6666666666666666, 0.75, 0.8333333333333335, 0.9672247446083996]","[0.0975582893707942, 0.18915211970074813, 0.22755666607174727, 0.2749165474487363, 0.31341189674523007, 0.3772409601944698, 0.4026782933665525, 0.41636661211129294, 0.42963212959838004, 0.6204313280363224]","[0.12131867656287192, 0.08239023651353515, 0.06702659424837167, 0.058911994460433215, 0.054681583104321294, 0.05292882955012659, 0.05080821413887867, 0.04789777768160474, 0.04616666306017787, 0.04454374310259018, 0.04372146365741242, 0.04902300218553221, 0.28058122173414407]",0.3079,0.9716,2.6068,0.3002
openmrg,pws_idw,steps,own,30,114,0.6212,0.7553,"[0.012586319662626046, 0.16666666666666666, 0.25, 0.3333333333333333, 0.41666666666666674, 0.5420041180507893, 0.6666666666666667, 0.75, 0.8333333333333334, 0.9688656651426085]","[0.08721245169910802, 0.17649932820324904, 0.2341606792945787, 0.3027181060938185, 0.35687928307854505, 0.4127659574468085, 0.4457196029776675, 0.4636109167249825, 0.48965262379896524, 0.6646636185499674]","[0.12010329945048466, 0.08227400297162803, 0.07567038513242612, 0.06720360368859225, 0.06445602698049574, 0.06525789486097026, 0.061201386759746235, 0.059986792764321596, 0.05275818966533808, 0.05034079384920167, 0.049645055541142895, 0.05512841678262305, 0.1959741515530294]",0.3336,0.8347,2.1914,0.2986
openmrg,pws_idw,steps,radar,30,114,0.7795,0.7195,"[0.012586319662626046, 0.16666666666666666, 0.25, 0.3333333333333333, 0.41666666666666674, 0.5420041180507893, 0.6666666666666667, 0.75, 0.8333333333333334, 0.9688656651426085]","[0.09875651535396579, 0.16807133260046414, 0.23236446766819072, 0.28605874616396315, 0.3410648392198208, 0.36087851750171585, 0.36724565756823824, 0.37123862841147653, 0.4190687361419069, 0.6134552580013063]","[0.11625378581967849, 0.08169604721596645, 0.06854968437635207, 0.06140516313693296, 0.05953028101043943, 0.05474877688902695, 0.05468221302654789, 0.05132073797135535, 0.04909084857830684, 0.04650595191870334, 0.042434462330400824, 0.04992289685929509, 0.2638591508669943]",0.2958,0.9827,2.5537,0.2907
openmrg,pws_idw,steps,own,35,112,0.5723,0.7452,"[0.013563402215478132, 0.1666666666666667, 0.25, 0.3333333333333334, 0.4166666666666666, 0.5412048080071091, 0.6666666666666667, 0.75, 0.8333333333333333, 0.9638970622577181]","[0.09093198675246503, 0.19965075669383003, 0.24210352240780553, 0.3181222707423581, 0.38490191209336977, 0.4063420794163042, 0.39519012024699385, 0.39795221843003414, 0.4743213499633162, 0.6589603474849377]","[0.1149696640619467, 0.0888122949078118, 0.07651266554923393, 0.06755353053660379, 0.06374088151278359, 0.060719091574399774, 0.060801718643027455, 0.06130928492174036, 0.056693972945536956, 0.054994216105196066, 0.05460468849595127, 0.05455747302816403, 0.1847305177176043]",0.3182,0.7875,1.9496,0.2884
openmrg,pws_idw,steps,radar,35,112,0.8039,0.7115,"[0.013563402215478132, 0.1666666666666667, 0.25, 0.3333333333333334, 0.4166666666666666, 0.5412048080071091, 0.6666666666666667, 0.75, 0.8333333333333333, 0.9638970622577181]","[0.10174912795456549, 0.1889406286379511, 0.22755085166198113, 0.28034934497816594, 0.3305189967717904, 0.3563911884383331, 0.3392915177120572, 0.3532423208191126, 0.40719002201027144, 0.6102003642987249]","[0.11490440453855089, 0.08455061198963638, 0.07068033592423836, 0.0627624408112213, 0.05759179844545698, 0.05552577503797016, 0.054152148664343785, 0.05395113017064237, 0.04792057535959975, 0.04702715983203788, 0.04629009202179934, 0.05013177879031538, 0.25451174841418744]",0.2853,1.0125,2.5775,0.2720
openmrg,pws_idw,steps,own,40,111,0.6169,0.7370,"[0.014613251875556498, 0.16666666666666663, 0.25, 0.33333333333333326, 0.4166666666666667, 0.5411633403361344, 0.6666666666666666, 0.75, 0.8333333333333334, 0.9648667086481949]","[0.10348840284573273, 0.2069767441860465, 0.2538319016338218, 0.3174406604747162, 0.3927536231884058, 0.4216123949579832, 0.39821648216482164, 0.41702432045779686, 0.5020968356843309, 0.7150503778337531]","[0.10560681334279631, 0.08224509108114501, 0.0762597586941093, 0.06949373077832978, 0.0657440264963331, 0.061769576531819255, 0.06074047788029335, 0.06053938963804116, 0.05630470783061273, 0.05486160397444997, 0.053726046841731726, 0.05416370948663354, 0.19854506742370476]",0.3261,0.8385,2.0866,0.2916
openmrg,pws_idw,steps,radar,40,111,0.8098,0.7030,"[0.014613251875556498, 0.16666666666666663, 0.25, 0.33333333333333326, 0.4166666666666667, 0.5411633403361344, 0.6666666666666666, 0.75, 0.8333333333333334, 0.9648667086481949]","[0.10516780830975113, 0.17406976744186045, 0.21846050193700522, 0.2633642930856553, 0.2920289855072464, 0.32103466386554624, 0.32503075030750306, 0.3676680972818312, 0.44567289363324436, 0.625]","[0.11303789338471419, 0.08305445695162762, 0.07109939266921317, 0.064462698171247, 0.06124012664931436, 0.05858094175709022, 0.056687962681269646, 0.05116677371012631, 0.0510202931864021, 0.0489132271912923, 0.0466146097420816, 0.05015267777665101, 0.24396894612897047]",0.2825,1.0279,2.6749,0.2652
openmrg,pws_idw,steps,own,45,109,0.6157,0.7514,"[0.014843818823343952, 0.1666666666666667, 0.25, 0.33333333333333337, 0.41666666666666674, 0.539814448401706, 0.6666666666666665, 0.75, 0.8333333333333333, 0.9664686639118456]","[0.08874299305912954, 0.19330143540669856, 0.2618449690272895, 0.316447779862414, 0.3713641488162345, 0.39203271336235324, 0.41013964784456586, 0.45620307472291743, 0.5213604313562837, 0.6900826446280992]","[0.11341155101740262, 0.08423946393068407, 0.07475270611914288, 0.07082545838344666, 0.06714366363123143, 0.06427186372450357, 0.06059006897228836, 0.05932598610736114, 0.057534179327949735, 0.05330011536290224, 0.051213765003313615, 0.05565646400431997, 0.18773471441545372]",0.3226,0.8598,1.9930,0.2895
openmrg,pws_idw,steps,radar,45,109,0.8242,0.6997,"[0.014843818823343952, 0.1666666666666667, 0.25, 0.33333333333333337, 0.41666666666666674, 0.539814448401706, 0.6666666666666665, 0.75, 0.8333333333333333, 0.9664686639118456]","[0.10636640563058991, 0.16626794258373206, 0.22199899547965846, 0.2612049197415051, 0.285456595264938, 0.2934969001450996, 0.30327868852459017, 0.39363603861279944, 0.4852758191621734, 0.6363636363636364]","[0.11057881005702676, 0.08188072864959711, 0.07268025765936324, 0.06861681250432895, 0.06322582134693971, 0.06018978135894535, 0.055191282063121926, 0.05360977073857733, 0.05172811857871771, 0.049188465356821275, 0.04580610902038649, 0.04886523676494355, 0.23843880590123057]",0.2769,1.0499,2.8238,0.2498
openmrg,pws_idw,steps,own,50,107,0.6173,0.7388,"[0.015599887349657919, 0.16666666666666663, 0.25, 0.3333333333333333, 0.4166666666666667, 0.5399873167981961, 0.6666666666666669, 0.75, 0.8333333333333335, 0.9645218718209563]","[0.09555856603883524, 0.21269917914051184, 0.26777759445636035, 0.29659442724458207, 0.35184743742550656, 0.3664036076662909, 0.3842988287432732, 0.4062730627306273, 0.5072463768115942, 0.6912512716174974]","[0.11654899046203394, 0.0864362690449647, 0.07918989223337049, 0.07185680663941534, 0.06727362814319336, 0.06319831537222842, 0.0580948841818407, 0.05636070853462158, 0.053660349312523226, 0.04968413229282795, 0.048990462033940294, 0.053858540815062556, 0.19484702093397746]",0.3136,0.8660,1.9245,0.3422
openmrg,pws_idw,steps,radar,50,107,0.8297,0.6964,"[0.015599887349657919, 0.16666666666666663, 0.25, 0.3333333333333333, 0.4166666666666667, 0.5399873167981961, 0.6666666666666669, 0.75, 0.8333333333333335, 0.9645218718209563]","[0.10794039243106236, 0.16887976822790923, 0.2088764230325029, 0.23818369453044375, 0.2829558998808105, 0.2791713641488162, 0.3330167774612219, 0.3944649446494465, 0.4812337421033073, 0.60902000678196]","[0.11243903872142899, 0.08304835771784476, 0.07639696809448264, 0.06757153769316646, 0.0626711322639403, 0.056795346377578, 0.05418649744403314, 0.05292907926435161, 0.05062577119689759, 0.04774663611258006, 0.0457606204829896, 0.05115459192667019, 0.23867442270403666]",0.2744,1.0585,2.7013,0.2607
openmrg,pws_idw,steps,own,55,104,0.6097,0.7299,"[0.015046773184391642, 0.1666666666666666, 0.25, 0.33333333333333337, 0.4166666666666666, 0.5397270901788974, 0.6666666666666667, 0.75, 0.8333333333333334, 0.9644679300291543]","[0.09543866074562407, 0.19245426829268292, 0.22987882076324834, 0.2632608695652174, 0.29950372208436726, 0.3289978094194962, 0.3573830632833996, 0.4084009883515708, 0.49141295862607337, 0.6853134110787172]","[0.11720711297071129, 0.0924555439330544, 0.08408734309623431, 0.07530073221757322, 0.06821391213389122, 0.0653765690376569, 0.06236924686192469, 0.05728294979079498, 0.05197437238493724, 0.05168671548117155, 0.049816945606694564, 0.05134675732217573, 0.17288179916317992]",0.2993,0.8689,1.9888,0.2746
openmrg,pws_idw,steps,radar,55,104,0.8391,0.6932,"[0.015046773184391642, 0.1666666666666666, 0.25, 0.33333333333333337, 0.4166666666666666, 0.5397270901788974, 0.6666666666666667, 0.75, 0.8333333333333334, 0.9644679300291543]","[0.11132475697782661, 0.16336382113821138, 0.20600470247784408, 0.24369565217391304, 0.2794044665012407, 0.27505476451259586, 0.3148884133292571, 0.3981644899399929, 0.49102263856362216, 0.6268221574344023]","[0.11086184106811539, 0.08523822805379382, 0.07687083904296473, 0.06710888519699744, 0.06351939657785916, 0.05798964384026776, 0.05498223445666541, 0.05316323684561561, 0.04848234965984745, 0.045644713386609755, 0.04509901410329481, 0.04822768999430047, 0.2428119277736682]",0.2709,1.0766,2.6756,0.2531
openmrg,pws_idw,steps,own,60,100,0.5791,0.7264,"[0.0161403150249945, 0.16666666666666666, 0.25, 0.33333333333333337, 0.4166666666666668, 0.5399448008354468, 0.6666666666666665, 0.75, 0.8333333333333334, 0.9638963435088898]","[0.09559216524664382, 0.1805117862095046, 0.21060410123776094, 0.23332524860538442, 0.2706477245364797, 0.3440250634044458, 0.38786885245901637, 0.4444444444444444, 0.4659090909090909, 0.6217712177121771]","[0.11867243791764198, 0.09038720560735442, 0.08343031999058467, 0.07622497417321598, 0.07168730629911993, 0.06405042434386891, 0.06004890742896, 0.058283532319441354, 0.050947417975441674, 0.05071203462750585, 0.049979730878372194, 0.04822743262151665, 0.17734827581697638]",0.3089,0.8348,1.7513,0.3233
openmrg,pws_idw,steps,radar,60,100,0.9247,0.6816,"[0.0161403150249945, 0.16666666666666666, 0.25, 0.33333333333333337, 0.4166666666666668, 0.5399448008354468, 0.6666666666666665, 0.75, 0.8333333333333334, 0.9638963435088898]","[0.12250448014587983, 0.1777385604437161, 0.20949565859966746, 0.243269463982537, 0.2672766674692993, 0.28121736535879455, 0.3347540983606557, 0.4127504553734062, 0.47037337662337664, 0.6018114726601812]","[0.11519556513704958, 0.08712041884816754, 0.07533107483831229, 0.0660917770249461, 0.062137357560825376, 0.056889436402833386, 0.05281182630120111, 0.05125962426855559, 0.045050816137973515, 0.04543270711425931, 0.04657838004311672, 0.04895595934708962, 0.24714505697566985]",0.2679,1.1644,3.0369,0.2035
openmrg,pws_idw,steps,own,65,99,0.5495,0.7299,"[0.01567245499614291, 0.1666666666666666, 0.25, 0.3333333333333333, 0.4166666666666667, 0.5400940228341169, 0.6666666666666667, 0.75, 0.8333333333333331, 0.962525025025025]","[0.08858895308378242, 0.1835265893642543, 0.24082873978331115, 0.26080793763288446, 0.2769191791233849, 0.309469442578912, 0.3625247851949769, 0.39042207792207795, 0.46832077979618963, 0.6433933933933934]","[0.11903014488026312, 0.0903123216178749, 0.08092092745114028, 0.07231781238957297, 0.06644649215798201, 0.06417679197586235, 0.06027616950718965, 0.057231781238957294, 0.05477180679007312, 0.05100709451194651, 0.04737829242436598, 0.05051781782598059, 0.18561254722879122]",0.2844,0.8106,1.6544,0.3547
openmrg,pws_idw,steps,radar,65,99,0.8826,0.6759,"[0.01567245499614291, 0.1666666666666666, 0.25, 0.3333333333333333, 0.4166666666666667, 0.5400940228341169, 0.6666666666666667, 0.75, 0.8333333333333331, 0.962525025025025]","[0.11995274392710913, 0.18099426895908302, 0.22182094658810111, 0.22986061894637372, 0.2498099822650114, 0.25896574882471457, 0.30270984798413747, 0.36810064935064934, 0.4873726185201595, 0.6146771771771772]","[0.1156244839893813, 0.0855085165567961, 0.07631241346898855, 0.06961856495065351, 0.0645759504121734, 0.05859340268516049, 0.053030014353033825, 0.04820333041191937, 0.045878901040277406, 0.04318611947312934, 0.04421496526057742, 0.04819062861207433, 0.24706270878583494]",0.2575,1.1224,2.8637,0.2040
openmrg,pws_idw,steps,own,70,96,0.6026,0.7229,"[0.015526719757047775, 0.16666666666666663, 0.25, 0.33333333333333337, 0.4166666666666667, 0.539432682613876, 0.6666666666666665, 0.75, 0.8333333333333333, 0.9610217538670115]","[0.09152271858218756, 0.19361788070553387, 0.20635543350333463, 0.22659647516594186, 0.2535448209565008, 0.31990651635963707, 0.3667250437828371, 0.39593908629441626, 0.5042353990191708, 0.6043630985394712]","[0.11950383771929825, 0.09220120614035088, 0.08114035087719298, 0.07487664473684211, 0.06696820175438596, 0.06097861842105263, 0.05796326754385965, 0.05238486842105263, 0.051548793859649125, 0.04953399122807017, 0.05234375, 0.05693530701754386, 0.18362116228070174]",0.2964,0.8552,1.9610,0.3426
openmrg,pws_idw,steps,radar,70,96,0.8919,0.6718,"[0.015526719757047775, 0.16666666666666663, 0.25, 0.33333333333333337, 0.4166666666666667, 0.539432682613876, 0.6666666666666665, 0.75, 0.8333333333333333, 0.9610217538670115]","[0.12139852699130492, 0.1868856873569409, 0.20576696743821107, 0.2213321126115816, 0.22758952174957942, 0.2653285675006874, 0.32294220665499124, 0.37013536379018613, 0.47481052162282655, 0.5862451469772602]","[0.11809570514144126, 0.08798781746851125, 0.07692804047078257, 0.07095292174272146, 0.06355822837084452, 0.05822837084451786, 0.05248554614908115, 0.04724602519099732, 0.04533605203386331, 0.042122651249225686, 0.0436712781333884, 0.049168903572166016, 0.24421845963245922]",0.2596,1.1395,2.8769,0.1955
openmrg,pws_idw,steps,own,75,94,0.6578,0.7033,"[0.013999161268751023, 0.1666666666666667, 0.25, 0.33333333333333326, 0.41666666666666663, 0.5399091343854615, 0.6666666666666666, 0.75, 0.8333333333333334, 0.9631243262666186]","[0.11193661911967222, 0.1913030572870288, 0.21733282090699463, 0.23744911804613297, 0.2664694810432912, 0.312051649928264, 0.3557483731019523, 0.4227022448115205, 0.5314053321283326, 0.6227093065037729]","[0.12144838870313723, 0.0914562139859145, 0.08262075834104005, 0.07409831400725617, 0.06493561926442341, 0.06018353845059401, 0.055957885750871454, 0.05380948993384079, 0.05009603756135733, 0.049370420431101944, 0.05067937682293519, 0.047591947072632854, 0.19775200967489506]",0.2910,0.9130,2.0784,0.3791
openmrg,pws_idw,steps,radar,75,94,0.9084,0.6679,"[0.013999161268751023, 0.1666666666666667, 0.25, 0.33333333333333326, 0.41666666666666663, 0.5399091343854615, 0.6666666666666666, 0.75, 0.8333333333333334, 0.9631243262666186]","[0.12409255512674476, 0.17764915405164738, 0.20503458877786318, 0.2159656264133876, 0.2653939230976069, 0.2817790530846485, 0.3228488792480116, 0.373994070309191, 0.46588341617713513, 0.5425799496945742]","[0.11870417277696307, 0.0883482202373017, 0.07752299693374216, 0.06979069457405679, 0.06212504999333422, 0.057045727236368485, 0.05124650046660445, 0.04888681509132116, 0.04583388881482469, 0.04124783362218371, 0.04140781229169444, 0.04459405412611652, 0.2532462338354886]",0.2535,1.1513,2.9035,0.1918
openmrg,pws_idw,steps,own,80,94,0.7419,0.6846,"[0.014023638856587466, 0.16666666666666666, 0.25, 0.3333333333333333, 0.41666666666666663, 0.5425426513943261, 0.6666666666666666, 0.75, 0.8333333333333331, 0.9640508612662941]","[0.11913150632625788, 0.20133355017075946, 0.2178157413056742, 0.24086378737541528, 0.2707747379186909, 0.31462954907930984, 0.33827075439200827, 0.3717735220649459, 0.43616537937301225, 0.5740223463687151]","[0.12705942871840303, 0.09446579883686038, 0.07957646857093865, 0.06980266636183073, 0.062100795907577555, 0.05769972707657574, 0.05058371318748839, 0.048583227355214836, 0.04681136847520112, 0.046611319891973764, 0.047868768129402856, 0.055756397982367145, 0.2130803195061658]",0.2705,1.0083,2.3017,0.3022
openmrg,pws_idw,steps,radar,80,94,0.9412,0.6615,"[0.014023638856587466, 0.16666666666666666, 0.25, 0.3333333333333333, 0.41666666666666663, 0.5425426513943261, 0.6666666666666666, 0.75, 0.8333333333333331, 0.9640508612662941]","[0.1265945814603329, 0.18409497479264922, 0.20825706731747, 0.23849074513526342, 0.2700076706724623, 0.2934609250398724, 0.29555632104719254, 0.3601165695253955, 0.41435711040436163, 0.5136173184357542]","[0.12332168351167906, 0.09049077684969031, 0.07598472478983093, 0.06784784163439352, 0.06060156260542189, 0.05427287570674835, 0.05091286922962743, 0.048443466878972295, 0.04222273199562794, 0.041575019903652824, 0.04036055973119948, 0.047269488712267396, 0.2566963984508886]",0.2512,1.1844,2.8574,0.1857
openmrg,pws_idw,steps,own,85,93,0.7897,0.6905,"[0.013546761258114022, 0.16666666666666666, 0.25, 0.3333333333333332, 0.4166666666666666, 0.5392892892892892, 0.6666666666666666, 0.75, 0.833333333333333, 0.9581932773109244]","[0.11976208817786059, 0.24750402576489533, 0.25670656211308296, 0.24824191279887484, 0.29031499764927127, 0.3188903188903189, 0.3308484203052893, 0.39316239316239315, 0.4955793392275477, 0.6199579831932773]","[0.12028493994638864, 0.09589325118848392, 0.08336418701775691, 0.07307139789405091, 0.06397820002073368, 0.05824681960220962, 0.05396679649897072, 0.05140470654443671, 0.04533270144987634, 0.04186721561541993, 0.04567332612591265, 0.051863809368659565, 0.2150526487271004]",0.2704,1.0748,2.6622,0.2990
openmrg,pws_idw,steps,radar,85,93,0.9425,0.6582,"[0.013546761258114022, 0.16666666666666666, 0.25, 0.3333333333333332, 0.4166666666666666, 0.5392892892892892, 0.6666666666666666, 0.75, 0.833333333333333, 0.9581932773109244]","[0.1275372185098264, 0.18792270531400967, 0.22286421791167974, 0.23300515705578997, 0.24941231781852374, 0.280995280995281, 0.3031593894213703, 0.347008547008547, 0.46254071661237783, 0.5313025210084034]","[0.11457959409084634, 0.08920336876984675, 0.07764738368079525, 0.07093745685489439, 0.06450365870495652, 0.056440701366836946, 0.05144277233190667, 0.04763219660361728, 0.042730912605274056, 0.039942012978047774, 0.04090846334391827, 0.046154908187215245, 0.25787657048184454]",0.2462,1.1914,2.8471,0.1814
openmrg,pws_idw,steps,own,90,93,0.7292,0.6913,"[0.013284557334805816, 0.16666666666666669, 0.25, 0.33333333333333326, 0.4166666666666667, 0.5381588485036761, 0.6666666666666667, 0.75, 0.8333333333333334, 0.9643247377622376]","[0.10920301859009755, 0.18963141577678264, 0.2299696838458207, 0.2531706149796602, 0.2680208075303443, 0.2896862379621, 0.3244849445324881, 0.37080223880597013, 0.44665645737621235, 0.5950611888111889]","[0.1273820221237567, 0.09387103770954049, 0.08174015430855514, 0.07450500418306324, 0.06460508784432807, 0.05805162209896818, 0.054813621293341185, 0.05101787872215165, 0.04630805936851238, 0.04395314969169275, 0.04358132184798438, 0.0496080314814241, 0.21056300932668173]",0.2691,1.0049,2.2963,0.2494
openmrg,pws_idw,steps,radar,90,93,0.9386,0.6486,"[0.013284557334805816, 0.16666666666666669, 0.25, 0.33333333333333326, 0.4166666666666667, 0.5381588485036761, 0.6666666666666667, 0.75, 0.8333333333333334, 0.9643247377622376]","[0.13285477636664825, 0.17464691698243195, 0.2278042442615851, 0.23546302943287867, 0.25811245974733715, 0.2794346070208139, 0.3074484944532488, 0.3400186567164179, 0.4389994895354773, 0.5166083916083916]","[0.1184609360270337, 0.0871488448318371, 0.0760685124218648, 0.06569882960363156, 0.05915795274905367, 0.05389334454902757, 0.05150034082174298, 0.047294455482879146, 0.04514800365476933, 0.04139171295557715, 0.04163826485475192, 0.04684486084320749, 0.2657539412046236]",0.2410,1.1793,2.7781,0.1833
openmrg,cml_idw20,steps,own,5,70,0.3678,0.8784,"[0.0016356080437649667, 0.16666666666666666, 0.25, 0.3333333333333333, 0.4166666666666666, 0.542221352127382, 0.6666666666666664, 0.75, 0.8333333333333333, 0.9870886242084194]","[0.025508313510799796, 0.2297029702970297, 0.24508519003931847, 0.26099706744868034, 0.33636363636363636, 0.3163664839467502, 0.3179650238473768, 0.40789473684210525, 0.45084409136047665, 0.6968205532040556]","[0.36937959037439544, 0.07255030751776438, 0.046396369499014746, 0.03621544157162477, 0.0304233594076551, 0.02681077207858124, 0.027796023168328656, 0.026243506299635757, 0.024899982086343822, 0.02442228458828447, 0.026452498955036725, 0.03684241953782767, 0.25156744491550725]",0.5028,0.4543,1.4648,0.6436
openmrg,cml_idw20,steps,radar,5,70,0.6165,0.7308,"[0.0016356080437649667, 0.16666666666666666, 0.25, 0.3333333333333333, 0.4166666666666666, 0.542221352127382, 0.6666666666666664, 0.75, 0.8333333333333333, 0.9870886242084194]","[0.08953011630547819, 0.29207920792079206, 0.2817824377457405, 0.3387096774193548, 0.3690909090909091, 0.37196554424432265, 0.42289348171701113, 0.4868421052631579, 0.49652432969215493, 0.6172851658627818]","[0.2755533286859533, 0.039081561519693275, 0.023265946322760543, 0.02123997908678982, 0.017645521087486928, 0.015271000348553504, 0.014573893342628094, 0.015271000348553504, 0.014835308469850123, 0.01557598466364587, 0.018015859184384805, 0.02611972812826769, 0.5035508888114325]",0.3530,0.7063,2.0305,0.4554
openmrg,cml_idw20,steps,own,10,70,0.3542,0.8855,"[0.002241641337386018, 0.16666666666666666, 0.25, 0.3333333333333333, 0.41666666666666663, 0.5411771481225525, 0.6666666666666667, 0.75, 0.8333333333333333, 0.9836746966641908]","[0.02463272543059777, 0.20529270248596632, 0.23030907278165502, 0.2725090036014406, 0.3080872913992298, 0.32204561161022804, 0.38268156424581007, 0.4537712895377129, 0.4572025052192067, 0.7224875305104531]","[0.30610128307701423, 0.08951906836163215, 0.05953121758971168, 0.047945002518742404, 0.03914422022698314, 0.03609209707529558, 0.03324739976886834, 0.03200284469730643, 0.03141019942513409, 0.033158502978042494, 0.034017838622692385, 0.04501140842148932, 0.21281891723708773]",0.5120,0.4521,1.4367,0.6620
openmrg,cml_idw20,steps,radar,10,70,0.6056,0.7334,"[0.002241641337386018, 0.16666666666666666, 0.25, 0.3333333333333333, 0.41666666666666663, 0.5411771481225525, 0.6666666666666667, 0.75, 0.8333333333333333, 0.9836746966641908]","[0.08353596757852078, 0.23576583801122694, 0.24925224327018944, 0.3037214885954382, 0.28498074454428757, 0.36005528680027643, 0.44972067039106145, 0.4586374695863747, 0.46555323590814196, 0.5950334288443171]","[0.26858673811118555, 0.05088189327974994, 0.03210538066532708, 0.026456798392498326, 0.023621344050011164, 0.018955123911587407, 0.019245367269479795, 0.016633177048448314, 0.01803974101361911, 0.01993748604599241, 0.023956240232194687, 0.03297611073900424, 0.448604599240902]",0.3467,0.7110,1.9989,0.4291
openmrg,cml_idw20,steps,own,15,69,0.3456,0.8902,"[0.003037618719159548, 0.16666666666666666, 0.25, 0.33333333333333326, 0.41666666666666674, 0.5418163672654691, 0.6666666666666666, 0.75, 0.8333333333333331, 0.9808960320263749]","[0.024088714384252134, 0.18158403090792016, 0.24134705332086062, 0.2810615199034982, 0.302491103202847, 0.32335329341317365, 0.4318181818181818, 0.44950055493895674, 0.5460472697636511, 0.7443777228305664]","[0.25586572541667885, 0.09329505843756408, 0.07009578487946337, 0.0532235859281174, 0.04844898796098304, 0.04209262134215999, 0.04065731275081285, 0.03769881953191365, 0.03652713904918129, 0.03649784703711298, 0.041653241161135356, 0.04891766015407598, 0.19502621635080114]",0.5192,0.4519,1.4177,0.6741
openmrg,cml_idw20,steps,radar,15,69,0.6315,0.7164,"[0.003037618719159548, 0.16666666666666666, 0.25, 0.33333333333333326, 0.41666666666666674, 0.5418163672654691, 0.6666666666666666, 0.75, 0.8333333333333331, 0.9808960320263749]","[0.08924497267469624, 0.19768190598840954, 0.2273152478952292, 0.3027744270205066, 0.302491103202847, 0.3568862275449102, 0.42379679144385024, 0.4406215316315205, 0.4678076609616952, 0.5641116213352172]","[0.25608813723975005, 0.05444549930452829, 0.03653986267193606, 0.028017574459629522, 0.02410968582341642, 0.023381096416664828, 0.02062128805775727, 0.02172521140132029, 0.020466738789658444, 0.021703132934449032, 0.02547855076943457, 0.03638531340383724, 0.43103790872761794]",0.3233,0.7516,2.0684,0.3880
openmrg,cml_idw20,steps,own,20,69,0.4808,0.8092,"[0.0034593906545126053, 0.16666666666666663, 0.25, 0.33333333333333337, 0.4166666666666667, 0.5432855150428372, 0.6666666666666666, 0.75, 0.8333333333333336, 0.9787964121818941]","[0.03947332402616956, 0.1751412429378531, 0.22904062229904926, 0.23648648648648649, 0.2682648401826484, 0.2839210998206814, 0.3177441540577717, 0.3940594059405941, 0.4217898832684825, 0.5634543178973717]","[0.3068764020050403, 0.0826109834113379, 0.05422470852142125, 0.04347946495333573, 0.036002104738430865, 0.033260405992965744, 0.029909440859619486, 0.02891245949763217, 0.024730676562629814, 0.027306211747763716, 0.031571076462931676, 0.04065468442770501, 0.26046138081918635]",0.3694,0.6096,1.7563,0.4953
openmrg,cml_idw20,steps,radar,20,69,0.6579,0.7148,"[0.0034593906545126053, 0.16666666666666663, 0.25, 0.33333333333333337, 0.4166666666666667, 0.5432855150428372, 0.6666666666666666, 0.75, 0.8333333333333336, 0.9787964121818941]","[0.08936245928115846, 0.19836785938480853, 0.24200518582541056, 0.2747747747747748, 0.2979452054794521, 0.34309623430962344, 0.3782668500687758, 0.42376237623762375, 0.48715953307392995, 0.5629536921151439]","[0.24413061480271256, 0.06127884335623643, 0.03889796557820998, 0.030437993778115978, 0.025670866811396343, 0.021933260222465924, 0.02184373671135382, 0.019918981222443545, 0.02056802667800631, 0.02264944831136277, 0.027640384055862673, 0.03751035115597234, 0.42751952731586135]",0.3161,0.7866,2.1496,0.3674
openmrg,cml_idw20,steps,own,25,68,0.4761,0.8127,"[0.00388451855764792, 0.16666666666666663, 0.25, 0.33333333333333337, 0.4166666666666667, 0.5426390509529366, 0.6666666666666666, 0.75, 0.8333333333333334, 0.9780216115261473]","[0.03961852005196808, 0.19389485585076313, 0.2380151387720774, 0.2323439099283521, 0.23755656108597284, 0.26546091015169193, 0.34977578475336324, 0.39565217391304347, 0.4212538226299694, 0.584445037353255]","[0.28749717002490377, 0.08181458003169573, 0.05829748698211456, 0.047373783110708625, 0.039789449852841295, 0.037497170024903784, 0.03138442381707041, 0.03022413402762056, 0.02880914647951098, 0.030790129046864387, 0.03231831559882273, 0.04341181797600181, 0.25079239302694134]",0.3717,0.6087,1.7427,0.5097
openmrg,cml_idw20,steps,radar,25,68,0.6647,0.7084,"[0.00388451855764792, 0.16666666666666663, 0.25, 0.33333333333333337, 0.4166666666666667, 0.5426390509529366, 0.6666666666666666, 0.75, 0.8333333333333334, 0.9780216115261473]","[0.08867410019559413, 0.19954776710005653, 0.2270815811606392, 0.2538382804503582, 0.25678733031674206, 0.30105017502917153, 0.40582959641255606, 0.4043478260869565, 0.46636085626911317, 0.5404215581643543]","[0.2419014407635129, 0.06513260530421217, 0.04063044874736166, 0.032921905111498576, 0.027576397173534, 0.02574102964118565, 0.02376800954391117, 0.022391483894649903, 0.022253831329723778, 0.02397448839130036, 0.02658988712489676, 0.036386161328806094, 0.41073231164540697]",0.3010,0.7999,2.1666,0.3515
openmrg,cml_idw20,steps,own,30,68,0.4724,0.8165,"[0.004212686567164178, 0.16666666666666669, 0.25, 0.33333333333333326, 0.41666666666666663, 0.5426564856711916, 0.6666666666666666, 0.75, 0.8333333333333335, 0.9764755077658303]","[0.03940298507462687, 0.184846856528748, 0.22774480712166173, 0.25511197663096397, 0.268762677484787, 0.2850678733031674, 0.3531827515400411, 0.37463697967086157, 0.46419951729686243, 0.5972759856630825]","[0.26771268173312224, 0.08792284439326328, 0.06109111846840363, 0.05150424643731107, 0.04128400748524543, 0.03650496617244854, 0.03607312508996689, 0.03201381891463941, 0.03302144810709659, 0.033741183244566, 0.03316539513459047, 0.0451129984165827, 0.24085216640276377]",0.3750,0.6122,1.7393,0.5151
openmrg,cml_idw20,steps,radar,30,68,0.6553,0.7015,"[0.004212686567164178, 0.16666666666666669, 0.25, 0.33333333333333326, 0.41666666666666663, 0.5426564856711916, 0.6666666666666666, 0.75, 0.8333333333333335, 0.9764755077658303]","[0.08835820895522388, 0.184846856528748, 0.22700296735905046, 0.2103213242453749, 0.22210953346855983, 0.29468325791855204, 0.38193018480492813, 0.4133591481122943, 0.49477071600965405, 0.5113978494623656]","[0.24183774134448255, 0.06713017334523418, 0.04540329778738197, 0.03443416169493118, 0.029478085216329216, 0.02670644055057077, 0.024850847935359608, 0.023230140461314417, 0.023488514116596984, 0.024827359421243013, 0.02687086014938695, 0.03704138676187344, 0.3947009912152957]",0.2867,0.7997,2.0905,0.3407
openmrg,cml_idw20,steps,own,35,66,0.5295,0.7522,"[0.004591711057055763, 0.16666666666666666, 0.25, 0.3333333333333333, 0.4166666666666667, 0.5391014146244273, 0.6666666666666666, 0.75, 0.8333333333333335, 0.9749370594159112]","[0.05232934076423315, 0.15671641791044777, 0.18339350180505415, 0.19479267116682739, 0.1829652996845426, 0.23132098027495518, 0.2765273311897106, 0.3118856121537087, 0.3513909224011713, 0.49123867069486404]","[0.30260758834254625, 0.08792290105056001, 0.05605880820768095, 0.046681908951465866, 0.04138569733452956, 0.037073481318554105, 0.03331114519723324, 0.030648568865221545, 0.027059879026423175, 0.029201516510867363, 0.029722455358434867, 0.04126993314618123, 0.23705611669030185]",0.2884,0.6844,1.9641,0.3790
openmrg,cml_idw20,steps,radar,35,66,0.6515,0.7018,"[0.004591711057055763, 0.16666666666666666, 0.25, 0.3333333333333333, 0.4166666666666667, 0.5391014146244273, 0.6666666666666666, 0.75, 0.8333333333333335, 0.9749370594159112]","[0.08385934661452721, 0.19154228855721392, 0.20216606498194944, 0.19768563162970107, 0.24500525762355416, 0.30245068738792585, 0.36012861736334406, 0.40125111706881145, 0.43997071742313326, 0.48836858006042294]","[0.245536147501213, 0.07035419699175158, 0.044784085395439106, 0.035080058224163026, 0.03340611353711791, 0.027341096555070353, 0.026516254245511888, 0.02452692867540029, 0.02309558466763707, 0.0254973313925279, 0.028651140223192626, 0.041581756428918, 0.37362930616205725]",0.2798,0.7993,2.0663,0.3266
openmrg,cml_idw20,steps,own,40,65,0.5142,0.7561,"[0.004810886853962915, 0.16666666666666666, 0.25, 0.33333333333333337, 0.4166666666666666, 0.5423331494760066, 0.6666666666666665, 0.75, 0.8333333333333331, 0.9747778848212372]","[0.051438983367594844, 0.15363257751041184, 0.16955941255006676, 0.18928571428571428, 0.24791666666666667, 0.24269167126309985, 0.26898047722342733, 0.3014842300556586, 0.34669636228656275, 0.5097944765574823]","[0.2862374210662899, 0.08615668521668925, 0.05988869986447911, 0.05141143565641129, 0.041434791384331475, 0.03719615928029757, 0.03566794498428534, 0.03284219024826274, 0.02874772930422998, 0.030506617456244053, 0.03189066059225513, 0.04238632104033909, 0.23563334390588506]",0.2912,0.6709,1.9286,0.3943
openmrg,cml_idw20,steps,radar,40,65,0.6536,0.6920,"[0.004810886853962915, 0.16666666666666666, 0.25, 0.33333333333333337, 0.4166666666666666, 0.5423331494760066, 0.6666666666666665, 0.75, 0.8333333333333331, 0.9747778848212372]","[0.08570049211985299, 0.19851920407218882, 0.19826435246995994, 0.21607142857142858, 0.240625, 0.30170987313844455, 0.3676789587852495, 0.4332096474953618, 0.44394951744617667, 0.45407835581245987]","[0.2355298521789211, 0.06798329813783836, 0.044370320598963335, 0.03630735265885967, 0.03321174889614129, 0.028916298713764638, 0.02601267037819159, 0.025772701094259935, 0.02519677481282396, 0.026756575158379727, 0.028604338644653483, 0.040530812056056825, 0.38080725667114607]",0.2635,0.8038,2.1414,0.3120
openmrg,cml_idw20,steps,own,45,64,0.5086,0.7579,"[0.004906874131585367, 0.16666666666666669, 0.25, 0.33333333333333337, 0.41666666666666663, 0.5422632158590308, 0.6666666666666665, 0.75, 0.8333333333333333, 0.9747917020914807]","[0.05157985171985872, 0.1586335985025737, 0.1700064641241112, 0.20417028670721113, 0.21672167216721672, 0.25, 0.25077081192189105, 0.33809099018733274, 0.3760361718161266, 0.5187893215439551]","[0.2804578186288859, 0.08717288214975703, 0.058105497336221536, 0.050289795679409874, 0.043615713365728004, 0.037966161231778, 0.03720508166969147, 0.03366313447690416, 0.03129207891809613, 0.03240442597037644, 0.03477548152918447, 0.04171301446051168, 0.2313389145834553]",0.2938,0.6644,1.9166,0.4058
openmrg,cml_idw20,steps,radar,45,64,0.6431,0.6910,"[0.004906874131585367, 0.16666666666666669, 0.25, 0.33333333333333337, 0.41666666666666663, 0.5422632158590308, 0.6666666666666665, 0.75, 0.8333333333333333, 0.9747917020914807]","[0.08339962452668088, 0.19794103883949463, 0.20297349709114415, 0.23457862728062553, 0.2145214521452145, 0.28359030837004406, 0.3381294964028777, 0.423728813559322, 0.4272795779954785, 0.44550246556708045]","[0.2323770591527362, 0.06679319658369225, 0.04523444533664258, 0.03961359709954498, 0.03275178236854272, 0.02871255809426479, 0.02691194004428547, 0.0268876073679344, 0.025914300313891525, 0.027447258924009052, 0.031924471372606275, 0.04073290021169428, 0.3746988831301555]",0.2569,0.7935,2.1067,0.3240
openmrg,cml_idw20,steps,own,50,64,0.4763,0.7342,"[0.005036637497895176, 0.16666666666666666, 0.25, 0.33333333333333326, 0.4166666666666667, 0.5421311780007433, 0.6666666666666667, 0.75, 0.8333333333333334, 0.9739941540577715]","[0.05147717828800495, 0.17529137529137528, 0.18355995055624227, 0.2037193575655114, 0.22727272727272727, 0.2564102564102564, 0.27746319365798416, 0.30186823992133727, 0.2928802588996764, 0.4136863823933975]","[0.292754301767529, 0.08249443989230949, 0.05937609738967576, 0.047202387919934446, 0.04029614889383121, 0.03578953529205197, 0.03505794217488002, 0.03312653634554606, 0.03216083343087908, 0.03611143626360763, 0.03520426079831441, 0.04775839868898513, 0.2226676811424558]",0.2462,0.6372,1.6975,0.4184
openmrg,cml_idw20,steps,radar,50,64,0.6341,0.6914,"[0.005036637497895176, 0.16666666666666666, 0.25, 0.33333333333333326, 0.4166666666666667, 0.5421311780007433, 0.6666666666666667, 0.75, 0.8333333333333334, 0.9739941540577715]","[0.0826828751609171, 0.20186480186480185, 0.22249690976514216, 0.22992392223161454, 0.2509881422924901, 0.28818283166109254, 0.36579841449603623, 0.3942969518190757, 0.4255663430420712, 0.4358665749656121]","[0.23054522317932655, 0.06328308535630384, 0.04718089271730619, 0.038811667971808926, 0.03279169929522318, 0.03009984338292874, 0.027995301487862178, 0.026845144870790916, 0.02611100234925607, 0.0269185591229444, 0.03127447141738449, 0.04194400939702428, 0.37619909945184027]",0.2556,0.7858,2.0607,0.3343
openmrg,cml_idw20,steps,own,55,63,0.4788,0.7312,"[0.005480600016760245, 0.16666666666666669, 0.25, 0.33333333333333337, 0.4166666666666667, 0.541232638888889, 0.6666666666666666, 0.75, 0.8333333333333333, 0.9743382441010904]","[0.05316349618704433, 0.15518028297581013, 0.17933333333333334, 0.2072451558550969, 0.22028688524590165, 0.24421296296296297, 0.2829763246899662, 0.2964352720450281, 0.2942564909520063, 0.4268774703557312]","[0.287770640019034, 0.08401736854627646, 0.05948132286462051, 0.044551510825600764, 0.04330240304544373, 0.03845467523197716, 0.03524268379728765, 0.03482631453723531, 0.03402331667856293, 0.035718534380204614, 0.03720556745182013, 0.04663335712586248, 0.21877230549607424]",0.2472,0.6424,1.7036,0.4228
openmrg,cml_idw20,steps,radar,55,63,0.6323,0.6860,"[0.005480600016760245, 0.16666666666666669, 0.25, 0.33333333333333337, 0.4166666666666667, 0.541232638888889, 0.6666666666666666, 0.75, 0.8333333333333333, 0.9743382441010904]","[0.08239336294309897, 0.19808306709265175, 0.24333333333333335, 0.21061499578770007, 0.23155737704918034, 0.29282407407407407, 0.33483652762119503, 0.3517823639774859, 0.37844217151848936, 0.42669780812073305]","[0.2331584207896052, 0.06716641679160419, 0.04705147426286856, 0.038555722138930534, 0.034007996001999004, 0.02948525737131434, 0.027311344327836082, 0.026061969015492254, 0.026436781609195402, 0.027636181909045477, 0.032158920539730136, 0.04382808595702149, 0.3671414292853573]",0.2426,0.7895,2.0265,0.3252
openmrg,cml_idw20,steps,own,60,63,0.4807,0.7307,"[0.005170462340513101, 0.16666666666666666, 0.25, 0.33333333333333337, 0.41666666666666663, 0.5387413962635202, 0.6666666666666664, 0.75, 0.8333333333333335, 0.9738257715480142]","[0.05357387844697489, 0.14478848669864805, 0.1897307451471509, 0.20585625554569653, 0.21407035175879396, 0.25309734513274335, 0.2623138602520046, 0.313, 0.32646834477498093, 0.42032460346735523]","[0.2844679762943353, 0.08712132607322283, 0.05833157847236846, 0.04813332932222256, 0.04043199663066695, 0.03718299690141692, 0.0364309136307572, 0.035077163743569686, 0.03303149724737523, 0.03727324689389609, 0.03838633013447249, 0.046177912818507263, 0.21795373183718902]",0.2445,0.6453,1.7123,0.4199
openmrg,cml_idw20,steps,radar,60,63,0.6638,0.6722,"[0.005170462340513101, 0.16666666666666666, 0.25, 0.33333333333333337, 0.41666666666666663, 0.5387413962635202, 0.6666666666666664, 0.75, 0.8333333333333335, 0.9738257715480142]","[0.09042735629030045, 0.2307021369385085, 0.24107701941139636, 0.2191659272404614, 0.21206030150753769, 0.27551622418879057, 0.33906071019473083, 0.366, 0.37452326468344777, 0.41571375876060496]","[0.23062914733323356, 0.06628249264082223, 0.04557700942972609, 0.03667115701242329, 0.033577807713416154, 0.02973606745497181, 0.02933692560993863, 0.025669809908696304, 0.02469690166142793, 0.027465948211345608, 0.031207903008531657, 0.04393054931896423, 0.37521828069650254]",0.2322,0.8231,2.1456,0.2920
openmrg,cml_idw20,steps,own,65,62,0.4579,0.7409,"[0.005362051031733578, 0.1666666666666667, 0.25, 0.3333333333333333, 0.41666666666666663, 0.5396873120865904, 0.6666666666666667, 0.75, 0.8333333333333333, 0.9738218225878452]","[0.04945696703449959, 0.2090747330960854, 0.19788219722038386, 0.16055846422338568, 0.2092485549132948, 0.2423331328923632, 0.24489795918367346, 0.32873806998939553, 0.33213644524236985, 0.4270135833173905]","[0.28653816016298383, 0.0868515906597712, 0.05829807240244476, 0.046356370474847204, 0.04102805202946247, 0.0384579219558063, 0.033317661808493965, 0.033568406205923836, 0.031969910672308414, 0.03526093088857546, 0.04171759912239461, 0.051089170976335994, 0.21554615264065194]",0.2466,0.6250,1.6611,0.4342
openmrg,cml_idw20,steps,radar,65,62,0.6742,0.6580,"[0.005362051031733578, 0.1666666666666667, 0.25, 0.3333333333333333, 0.41666666666666663, 0.5396873120865904, 0.6666666666666667, 0.75, 0.8333333333333333, 0.9738218225878452]","[0.09079023063647298, 0.22197508896797152, 0.20383851753805426, 0.18673647469458987, 0.2069364161849711, 0.2549609140108238, 0.2845138055222089, 0.35949098621421, 0.3491921005385996, 0.3952554046298068]","[0.2327723740414801, 0.06803561319540939, 0.04570016983171221, 0.037105655910658224, 0.030492511965416087, 0.030492511965416087, 0.027070145643559262, 0.025268900211003035, 0.025088775667747414, 0.026606968246616233, 0.031496062992125984, 0.04322989038134939, 0.3766404199475066]",0.2118,0.8355,2.2318,0.2726
openmrg,cml_idw20,steps,own,70,62,0.4723,0.7389,"[0.005309240487733215, 0.1666666666666666, 0.25, 0.33333333333333326, 0.4166666666666667, 0.5422046165884196, 0.6666666666666666, 0.75, 0.8333333333333331, 0.9717129903410209]","[0.05419127368884971, 0.23788350377945755, 0.2210599721059972, 0.22241529105125976, 0.23143164693218515, 0.2875586854460094, 0.302540415704388, 0.34739941118743867, 0.38461538461538464, 0.4226296077271831]","[0.2702339254440831, 0.08928571428571429, 0.06023267450587941, 0.047566925193895424, 0.04212534400800601, 0.03699649737302977, 0.03346259694771078, 0.03268076057042782, 0.0314610958218664, 0.036933950462847136, 0.04006129597197899, 0.05732424318238679, 0.22163497623217412]",0.2566,0.6411,1.6765,0.4313
openmrg,cml_idw20,steps,radar,70,62,0.6985,0.6520,"[0.005309240487733215, 0.1666666666666666, 0.25, 0.33333333333333326, 0.4166666666666667, 0.5422046165884196, 0.6666666666666666, 0.75, 0.8333333333333331, 0.9717129903410209]","[0.09281621859850155, 0.24410849266340595, 0.2105997210599721, 0.20156385751520417, 0.20021528525296017, 0.23591549295774647, 0.26558891454965355, 0.31894013738959764, 0.3568596352101507, 0.38024837374334713]","[0.23214056688469925, 0.06907785045530332, 0.04501731435167372, 0.036090804155444405, 0.03311530075670129, 0.029601128639220212, 0.026830832371424907, 0.024701808387841476, 0.025291778889316403, 0.028292933179427986, 0.03221751955880467, 0.04337565730409132, 0.37424650506605106]",0.2062,0.8623,2.3009,0.2472
openmrg,cml_idw20,steps,own,75,62,0.4742,0.7394,"[0.005037284541805142, 0.16666666666666666, 0.25, 0.3333333333333333, 0.4166666666666667, 0.541006067723625, 0.6666666666666665, 0.75, 0.8333333333333333, 0.9711252232585832]","[0.05417574956223421, 0.2226397369657116, 0.24124761298535966, 0.25798101811906815, 0.24361702127659574, 0.2401644157369348, 0.3187919463087248, 0.34592445328031807, 0.38423236514522824, 0.4268704107957928]","[0.274591325711046, 0.08639642193454912, 0.05842703707203376, 0.04532426218148603, 0.04154461557844342, 0.03697754259976692, 0.033733345932155344, 0.03307190777662289, 0.03382783709723141, 0.03587514567387949, 0.040127248102302435, 0.05641122555041104, 0.22369208479007213]",0.2545,0.6414,1.6803,0.4349
openmrg,cml_idw20,steps,radar,75,62,0.7294,0.6433,"[0.005037284541805142, 0.16666666666666666, 0.25, 0.3333333333333333, 0.4166666666666667, 0.541006067723625, 0.6666666666666665, 0.75, 0.8333333333333333, 0.9711252232585832]","[0.10075760283028982, 0.22029121653358386, 0.24761298535964354, 0.23813632441760138, 0.23085106382978723, 0.2337052260716383, 0.32550335570469796, 0.3628230616302187, 0.35767634854771785, 0.3651518158364755]","[0.22894339719160037, 0.0618461774560708, 0.04194695245159475, 0.03749648310612067, 0.03212522699951403, 0.02951633117630509, 0.026753970892907385, 0.025449522981302913, 0.02529605852111415, 0.030027879376934293, 0.032304268869734254, 0.04174233317134307, 0.3865513978054582]",0.2054,0.8915,2.3850,0.2262
openmrg,cml_idw20,steps,own,80,61,0.5164,0.7158,"[0.004539911375134326, 0.16666666666666666, 0.25, 0.33333333333333337, 0.41666666666666674, 0.5420297748729123, 0.6666666666666665, 0.75, 0.8333333333333331, 0.9717990385266437]","[0.06250226391857137, 0.20149253731343283, 0.18854097268487674, 0.1945181255526083, 0.20278969957081544, 0.26525054466230935, 0.3504823151125402, 0.40986908358509566, 0.38791593695271454, 0.40463132236441196]","[0.2544637434713956, 0.07664277905988097, 0.05241102878659055, 0.04509291874164946, 0.042572573788412484, 0.03983966962225191, 0.03750151828009231, 0.033068140410542936, 0.034859710919470425, 0.03492044212316288, 0.032248269160694766, 0.04081136888133123, 0.27556783675452445]",0.2469,0.6892,1.7282,0.3689
openmrg,cml_idw20,steps,radar,80,61,0.7623,0.6386,"[0.004539911375134326, 0.16666666666666666, 0.25, 0.33333333333333337, 0.41666666666666674, 0.5420297748729123, 0.6666666666666665, 0.75, 0.8333333333333331, 0.9717990385266437]","[0.10683884522041512, 0.24676616915422886, 0.2351765489673551, 0.23076923076923078, 0.21888412017167383, 0.27124183006535946, 0.3161843515541265, 0.38368580060422963, 0.36952714535901926, 0.3666463538492789]","[0.22083129835745316, 0.05853019047374239, 0.043415674883685064, 0.03611546667352132, 0.03228542785903401, 0.0287638485463846, 0.028095519625735803, 0.026450402282600313, 0.0265018121995733, 0.027735650206924915, 0.030897360100763438, 0.04192478729146852, 0.3984525614991132]",0.2079,0.9250,2.4232,0.2123
openmrg,cml_idw20,steps,own,85,61,0.5149,0.7163,"[0.00472796763982581, 0.16666666666666663, 0.25, 0.3333333333333333, 0.4166666666666667, 0.5415242976461656, 0.6666666666666666, 0.75, 0.8333333333333331, 0.9710436611546273]","[0.0629053539239189, 0.1933233682112606, 0.21377978106889892, 0.1915673693858845, 0.2129032258064516, 0.2517084282460137, 0.3501611170784103, 0.41100917431192663, 0.43986543313709, 0.40013054830287204]","[0.24668049150391533, 0.0774397226778916, 0.054350181064099785, 0.04552910953604259, 0.040824538054412086, 0.04057692902906311, 0.03791513200656164, 0.03834844780092234, 0.034448605651676005, 0.034139094369989784, 0.03283914698690767, 0.042464947847349034, 0.274443653471169]",0.2490,0.6898,1.7202,0.3691
openmrg,cml_idw20,steps,radar,85,61,0.7853,0.6378,"[0.00472796763982581, 0.16666666666666663, 0.25, 0.3333333333333333, 0.4166666666666667, 0.5415242976461656, 0.6666666666666666, 0.75, 0.8333333333333331, 0.9710436611546273]","[0.10798907286614261, 0.23019431988041852, 0.24661944623309723, 0.24931255728689275, 0.27419354838709675, 0.255125284738041, 0.3104189044038668, 0.3605504587155963, 0.39108494533221194, 0.36640557006092256]","[0.21850752486590636, 0.06129250637921158, 0.04428995469457897, 0.03587981044628444, 0.03168775712128313, 0.02830286934333177, 0.027313440608238294, 0.02689683903556736, 0.02551684632609488, 0.028927771702338175, 0.03306774983075561, 0.04207675883976462, 0.3962401708066448]",0.2075,0.9507,2.4613,0.1911
openmrg,cml_idw20,steps,own,90,60,0.4980,0.7225,"[0.004554024021774414, 0.16666666666666666, 0.25, 0.33333333333333337, 0.41666666666666663, 0.5421586906981563, 0.6666666666666667, 0.75, 0.8333333333333331, 0.9715699815837937]","[0.06006067870252453, 0.19989852866565194, 0.22689655172413792, 0.21826923076923077, 0.21330275229357798, 0.2771908017402113, 0.37585421412300685, 0.4038257173219979, 0.41938250428816465, 0.4072283609576427]","[0.2413536028005575, 0.07740429807785809, 0.05299666137240284, 0.044731127029917994, 0.042008362775922986, 0.03935042624226119, 0.03614145408576708, 0.03691938672976565, 0.03643317882726654, 0.034942141259602606, 0.03779456095426404, 0.04379112508508638, 0.2761336747593271]",0.2554,0.6676,1.6971,0.3813
openmrg,cml_idw20,steps,radar,90,60,0.7865,0.6304,"[0.004554024021774414, 0.16666666666666666, 0.25, 0.33333333333333337, 0.41666666666666663, 0.5421586906981563, 0.6666666666666667, 0.75, 0.8333333333333331, 0.9715699815837937]","[0.11103828002097535, 0.228310502283105, 0.2496551724137931, 0.24711538461538463, 0.29243119266055045, 0.2865133623368552, 0.31548974943052394, 0.3687566418703507, 0.34562607204116635, 0.35911602209944754]","[0.20980444682560942, 0.06096972944012858, 0.04248593624430753, 0.036351459951781406, 0.031690329493704796, 0.027698901687650684, 0.027993570854540583, 0.027055987141709082, 0.025904098580230378, 0.02759174926332708, 0.0329493704795071, 0.04387891776051433, 0.405625502276989]",0.2012,0.9484,2.4422,0.1717
openmrg,radar,steps,gauges,5,128,0.7135,0.7969,"[0.0019345238095238094, NaN, NaN, NaN, NaN, NaN, NaN, NaN, NaN, 0.9958333333333332]","[0.039285714285714285, NaN, NaN, NaN, NaN, NaN, NaN, NaN, NaN, 1.0]","[0.21296296296296297, 0.0941358024691358, 0.05401234567901234, 0.041666666666666664, 0.044753086419753084, 0.043209876543209874, 0.046296296296296294, 0.040123456790123455, 0.030864197530864196, 0.05246913580246913, 0.05401234567901234, 0.10802469135802469, 0.17746913580246915]",0.4524,0.9044,3.4212,0.3021
openmrg,radar (LINDA-P subset),steps,gauges,5,24,1.1521,0.7357,"[0.0018518518518518517, NaN, NaN, NaN, NaN, NaN, NaN, NaN, NaN, NaN]","[0.05555555555555555, NaN, NaN, NaN, NaN, NaN, NaN, NaN, NaN, NaN]","[0.1897810218978102, 0.08759124087591241, 0.051094890510948905, 0.029197080291970802, 0.0364963503649635, 0.029197080291970802, 0.072992700729927, 0.058394160583941604, 0.0364963503649635, 0.072992700729927, 0.043795620437956206, 0.0948905109489051, 0.19708029197080293]",0.3881,1.3334,5.9985,0.3306
openmrg,radar,steps,gauges,10,128,0.5683,0.8201,"[0.001818181818181818, NaN, NaN, NaN, NaN, NaN, NaN, NaN, NaN, 0.975]","[0.03636363636363636, NaN, NaN, NaN, NaN, NaN, NaN, NaN, NaN, 1.0]","[0.12834978843441466, 0.05500705218617771, 0.06346967559943582, 0.06205923836389281, 0.05923836389280677, 0.05500705218617771, 0.04231311706629055, 0.047954866008462625, 0.06629055007052186, 0.07052186177715092, 0.09167842031029619, 0.12976022566995768, 0.12834978843441466]",0.4598,0.8474,2.2409,0.4556
openmrg,radar (LINDA-P subset),steps,gauges,10,24,0.6114,0.7468,"[0.0020833333333333333, NaN, NaN, NaN, NaN, NaN, NaN, NaN, NaN, NaN]","[0.05, NaN, NaN, NaN, NaN, NaN, NaN, NaN, NaN, NaN]","[0.1388888888888889, 0.04861111111111111, 0.0625, 0.0625, 0.08333333333333333, 0.04861111111111111, 0.034722222222222224, 0.041666666666666664, 0.06944444444444445, 0.09722222222222222, 0.1111111111111111, 0.0763888888888889, 0.125]",0.3538,0.8513,2.3104,0.3273
openmrg,radar,steps,gauges,15,128,0.6086,0.8236,"[0.0022012578616352196, NaN, NaN, NaN, NaN, NaN, NaN, NaN, NaN, 0.9958333333333332]","[0.018867924528301886, NaN, NaN, NaN, NaN, NaN, NaN, NaN, NaN, 1.0]","[0.11021505376344086, 0.04973118279569892, 0.04435483870967742, 0.04704301075268817, 0.051075268817204304, 0.04435483870967742, 0.04838709677419355, 0.04973118279569892, 0.053763440860215055, 0.09946236559139784, 0.11424731182795698, 0.1586021505376344, 0.12903225806451613]",0.4522,0.8735,3.0155,0.3435
openmrg,radar (LINDA-P subset),steps,gauges,15,24,0.7729,0.8343,"[0.0008333333333333333, NaN, NaN, NaN, NaN, NaN, NaN, NaN, NaN, 0.9916666666666666]","[0.02, NaN, NaN, NaN, NaN, NaN, NaN, NaN, NaN, 1.0]","[0.09271523178807947, 0.019867549668874173, 0.046357615894039736, 0.033112582781456956, 0.09271523178807947, 0.046357615894039736, 0.052980132450331126, 0.052980132450331126, 0.026490066225165563, 0.152317880794702, 0.1456953642384106, 0.1456953642384106, 0.09271523178807947]",0.4561,0.9656,5.5265,0.1886
openmrg,radar,steps,gauges,20,128,0.6298,0.8286,"[0.002631578947368421, NaN, NaN, NaN, NaN, NaN, NaN, NaN, NaN, NaN]","[0.02280701754385965, NaN, NaN, NaN, NaN, NaN, NaN, NaN, NaN, NaN]","[0.07133058984910837, 0.0644718792866941, 0.04526748971193416, 0.037037037037037035, 0.04938271604938271, 0.03566529492455418, 0.04252400548696845, 0.06721536351165981, 0.06310013717421124, 0.09602194787379972, 0.10425240054869685, 0.17969821673525377, 0.1440329218106996]",0.4604,0.8464,2.3081,0.4560
openmrg,radar (LINDA-P subset),steps,gauges,20,24,0.6019,0.7612,"[0.0030303030303030303, NaN, NaN, NaN, NaN, NaN, NaN, NaN, NaN, NaN]","[0.02727272727272727, NaN, NaN, NaN, NaN, NaN, NaN, NaN, NaN, NaN]","[0.06711409395973154, 0.06040268456375839, 0.026845637583892617, 0.03355704697986577, 0.03355704697986577, 0.04697986577181208, 0.0738255033557047, 0.087248322147651, 0.040268456375838924, 0.09395973154362416, 0.11409395973154363, 0.174496644295302, 0.1476510067114094]",0.3276,0.7735,2.4485,0.2898
openmrg,radar,steps,gauges,25,124,0.7518,0.8023,"[0.0043859649122807015, NaN, NaN, NaN, NaN, NaN, NaN, NaN, NaN, 0.9916666666666666]","[0.03684210526315789, NaN, NaN, NaN, NaN, NaN, NaN, NaN, NaN, 0.9]","[0.08714918759231906, 0.03988183161004431, 0.056129985228951254, 0.05760709010339734, 0.05465288035450517, 0.03545051698670606, 0.0413589364844904, 0.03545051698670606, 0.07976366322008863, 0.0827178729689808, 0.09896602658788774, 0.18168389955686853, 0.14918759231905465]",0.4295,1.0090,3.0326,0.3981
openmrg,radar (LINDA-P subset),steps,gauges,25,24,0.5737,0.7438,"[0.006666666666666666, NaN, NaN, NaN, NaN, NaN, NaN, NaN, NaN, 0.9916666666666666]","[0.05, NaN, NaN, NaN, NaN, NaN, NaN, NaN, NaN, 0.9]","[0.050359712230215826, 0.02877697841726619, 0.05755395683453238, 0.050359712230215826, 0.07913669064748201, 0.07913669064748201, 0.05755395683453238, 0.05755395683453238, 0.04316546762589928, 0.09352517985611511, 0.07194244604316546, 0.22302158273381295, 0.1079136690647482]",0.3077,0.8029,2.4156,0.2728
openmrg,radar,steps,gauges,30,113,0.6483,0.8444,"[0.0031249999999999997, NaN, NaN, NaN, NaN, NaN, NaN, NaN, NaN, 0.975]","[0.03958333333333333, NaN, NaN, NaN, NaN, NaN, NaN, NaN, NaN, 1.0]","[0.08588957055214724, 0.05828220858895705, 0.05061349693251534, 0.05214723926380368, 0.05521472392638037, 0.03374233128834356, 0.046012269938650305, 0.06288343558282208, 0.06134969325153374, 0.07208588957055215, 0.11809815950920245, 0.21012269938650308, 0.09355828220858896]",0.4489,0.9404,2.5758,0.4567
openmrg,radar (LINDA-P subset),steps,gauges,30,22,0.3011,0.8288,"[0.004629629629629629, NaN, NaN, NaN, NaN, NaN, NaN, NaN, NaN, NaN]","[0.022222222222222223, NaN, NaN, NaN, NaN, NaN, NaN, NaN, NaN, NaN]","[0.05303030303030303, 0.05303030303030303, 0.045454545454545456, 0.030303030303030304, 0.09848484848484848, 0.05303030303030303, 0.08333333333333333, 0.08333333333333333, 0.045454545454545456, 0.07575757575757576, 0.10606060606060606, 0.23484848484848486, 0.03787878787878788]",0.3902,0.5402,1.2587,0.4756
openmrg,radar,steps,gauges,35,110,0.6144,0.8486,"[0.0018018018018018016, NaN, NaN, NaN, NaN, NaN, NaN, NaN, NaN, 0.975]","[0.032432432432432434, NaN, NaN, NaN, NaN, NaN, NaN, NaN, NaN, 1.0]","[0.06969205834683954, 0.03889789303079417, 0.050243111831442464, 0.03727714748784441, 0.04376012965964344, 0.05186385737439222, 0.04862236628849271, 0.03889789303079417, 0.08752025931928688, 0.08752025931928688, 0.14910858995137763, 0.20583468395461912, 0.09076175040518639]",0.5133,0.8532,2.5419,0.4207
openmrg,radar (LINDA-P subset),steps,gauges,35,21,0.3154,0.8490,"[0.0047619047619047615, NaN, NaN, NaN, NaN, NaN, NaN, NaN, NaN, NaN]","[0.02857142857142857, NaN, NaN, NaN, NaN, NaN, NaN, NaN, NaN, NaN]","[0.03968253968253968, 0.023809523809523808, 0.023809523809523808, 0.047619047619047616, 0.07142857142857142, 0.05555555555555555, 0.05555555555555555, 0.03968253968253968, 0.06349206349206349, 0.047619047619047616, 0.18253968253968253, 0.30158730158730157, 0.047619047619047616]",0.5250,0.4701,1.2868,0.4803
openmrg,radar,steps,gauges,40,106,0.5497,0.8565,"[0.0026960784313725494, NaN, NaN, NaN, NaN, NaN, NaN, NaN, NaN, NaN]","[0.023529411764705882, NaN, NaN, NaN, NaN, NaN, NaN, NaN, NaN, NaN]","[0.04143126177024482, 0.04519774011299435, 0.03389830508474576, 0.02824858757062147, 0.0696798493408663, 0.047080979284369114, 0.047080979284369114, 0.08097928436911488, 0.0696798493408663, 0.08662900188323917, 0.1544256120527307, 0.21092278719397364, 0.0847457627118644]",0.5545,0.7449,2.5062,0.4526
openmrg,radar (LINDA-P subset),steps,gauges,40,20,0.3412,0.9085,"[0.008333333333333333, NaN, NaN, NaN, NaN, NaN, NaN, NaN, NaN, NaN]","[0.0, NaN, NaN, NaN, NaN, NaN, NaN, NaN, NaN, NaN]","[0.02654867256637168, 0.0, 0.035398230088495575, 0.017699115044247787, 0.07964601769911504, 0.07079646017699115, 0.07079646017699115, 0.061946902654867256, 0.04424778761061947, 0.07079646017699115, 0.18584070796460178, 0.3008849557522124, 0.035398230088495575]",0.7353,0.5465,1.2769,0.6055
openmrg,radar,steps,gauges,45,96,0.6419,0.8533,"[0.003273809523809524, NaN, NaN, NaN, NaN, NaN, NaN, NaN, NaN, NaN]","[0.025, NaN, NaN, NaN, NaN, NaN, NaN, NaN, NaN, NaN]","[0.028953229398663696, 0.024498886414253896, 0.042316258351893093, 0.0200445434298441, 0.044543429844097995, 0.066815144766147, 0.042316258351893093, 0.0757238307349666, 0.08463251670378619, 0.111358574610245, 0.14699331848552338, 0.21380846325167038, 0.09799554565701558]",0.4479,0.8172,3.2645,0.3566
openmrg,radar (LINDA-P subset),steps,gauges,45,17,0.3985,0.9185,"[0.008333333333333333, NaN, NaN, NaN, NaN, NaN, NaN, NaN, NaN, NaN]","[0.0, NaN, NaN, NaN, NaN, NaN, NaN, NaN, NaN, NaN]","[0.0, 0.020202020202020204, 0.050505050505050504, 0.0, 0.0707070707070707, 0.08080808080808081, 0.030303030303030304, 0.04040404040404041, 0.0707070707070707, 0.13131313131313133, 0.20202020202020202, 0.23232323232323232, 0.0707070707070707]",0.6176,0.6135,1.4079,0.5968
openmrg,radar,steps,gauges,50,84,0.6294,0.8345,"[0.0022435897435897434, NaN, NaN, NaN, NaN, NaN, NaN, NaN, NaN, NaN]","[0.015384615384615385, NaN, NaN, NaN, NaN, NaN, NaN, NaN, NaN, NaN]","[0.035175879396984924, 0.035175879396984924, 0.05025125628140704, 0.052763819095477386, 0.035175879396984924, 0.035175879396984924, 0.04773869346733668, 0.0728643216080402, 0.0829145728643216, 0.11557788944723618, 0.14321608040201006, 0.21105527638190955, 0.0829145728643216]",0.4865,0.8486,3.0810,0.3052
openmrg,radar (LINDA-P subset),steps,gauges,50,15,0.2735,0.9518,"[0.005555555555555555, NaN, NaN, NaN, NaN, NaN, NaN, NaN, NaN, NaN]","[0.0, NaN, NaN, NaN, NaN, NaN, NaN, NaN, NaN, NaN]","[0.0, 0.022727272727272728, 0.045454545454545456, 0.045454545454545456, 0.022727272727272728, 0.06818181818181818, 0.056818181818181816, 0.03409090909090909, 0.09090909090909091, 0.125, 0.18181818181818182, 0.26136363636363635, 0.045454545454545456]",0.6000,0.5040,1.0666,0.6688
openmrg,radar,steps,gauges,55,70,0.4778,0.8075,"[0.0054487179487179484, NaN, NaN, NaN, NaN, NaN, NaN, NaN, NaN, NaN]","[0.026923076923076925, NaN, NaN, NaN, NaN, NaN, NaN, NaN, NaN, NaN]","[0.031073446327683617, 0.01977401129943503, 0.03954802259887006, 0.05084745762711865, 0.03672316384180791, 0.05084745762711865, 0.06497175141242938, 0.059322033898305086, 0.08192090395480225, 0.11016949152542373, 0.12994350282485875, 0.23728813559322035, 0.08757062146892655]",0.3828,0.7200,1.9713,0.3120
openmrg,radar (LINDA-P subset),steps,gauges,55,13,0.2319,0.8252,"[0.01666666666666667, NaN, NaN, NaN, NaN, NaN, NaN, NaN, NaN, NaN]","[0.025, NaN, NaN, NaN, NaN, NaN, NaN, NaN, NaN, NaN]","[0.0136986301369863, 0.0136986301369863, 0.0410958904109589, 0.0547945205479452, 0.0136986301369863, 0.0821917808219178, 0.0136986301369863, 0.0273972602739726, 0.0684931506849315, 0.1232876712328767, 0.2328767123287671, 0.2876712328767123, 0.0273972602739726]",0.3889,0.4241,0.9833,0.4594
openmrg,radar,steps,gauges,60,60,0.5695,0.7376,"[0.004166666666666667, NaN, NaN, NaN, NaN, NaN, NaN, NaN, NaN, NaN]","[0.03333333333333333, NaN, NaN, NaN, NaN, NaN, NaN, NaN, NaN, NaN]","[0.038922155688622756, 0.020958083832335328, 0.038922155688622756, 0.03293413173652695, 0.041916167664670656, 0.05389221556886228, 0.03592814371257485, 0.0688622754491018, 0.059880239520958084, 0.09580838323353294, 0.15868263473053892, 0.26646706586826346, 0.08682634730538923]",0.3084,0.8115,2.7160,0.1500
openmrg,radar (LINDA-P subset),steps,gauges,60,10,0.3285,0.6750,"[0.013888888888888888, NaN, NaN, NaN, NaN, NaN, NaN, NaN, NaN, NaN]","[0.03333333333333333, NaN, NaN, NaN, NaN, NaN, NaN, NaN, NaN, NaN]","[0.014925373134328358, 0.014925373134328358, 0.014925373134328358, 0.0, 0.07462686567164178, 0.04477611940298507, 0.04477611940298507, 0.05970149253731343, 0.04477611940298507, 0.07462686567164178, 0.16417910447761194, 0.3582089552238806, 0.08955223880597014]",0.2381,0.5375,0.9698,0.3959
openmrg,radar,steps,gauges,65,52,0.8910,0.7194,"[0.0024999999999999996, NaN, NaN, NaN, NaN, NaN, NaN, NaN, NaN, NaN]","[0.04, NaN, NaN, NaN, NaN, NaN, NaN, NaN, NaN, NaN]","[0.045454545454545456, 0.032467532467532464, 0.025974025974025976, 0.05844155844155844, 0.03571428571428571, 0.045454545454545456, 0.048701298701298704, 0.06818181818181818, 0.08116883116883117, 0.08766233766233766, 0.1331168831168831, 0.2564935064935065, 0.08116883116883117]",0.2524,1.1699,5.2525,0.0456
openmrg,radar (LINDA-P subset),steps,gauges,65,8,0.5454,0.7189,"[0.008333333333333333, NaN, NaN, NaN, NaN, NaN, NaN, NaN, NaN, NaN]","[0.0, NaN, NaN, NaN, NaN, NaN, NaN, NaN, NaN, NaN]","[0.0, 0.03508771929824561, 0.05263157894736842, 0.017543859649122806, 0.03508771929824561, 0.05263157894736842, 0.07017543859649122, 0.03508771929824561, 0.03508771929824561, 0.12280701754385964, 0.17543859649122806, 0.2982456140350877, 0.07017543859649122]",0.1053,0.8725,2.1567,0.2166
openmrg,radar,steps,gauges,70,50,0.4656,0.7504,"[0.0026315789473684206, NaN, NaN, NaN, NaN, NaN, NaN, NaN, NaN, NaN]","[0.021052631578947368, NaN, NaN, NaN, NaN, NaN, NaN, NaN, NaN, NaN]","[0.033444816053511704, 0.030100334448160536, 0.030100334448160536, 0.03678929765886288, 0.05016722408026756, 0.030100334448160536, 0.07023411371237458, 0.07692307692307693, 0.07357859531772576, 0.0903010033444816, 0.1505016722408027, 0.25418060200668896, 0.07357859531772576]",0.2619,0.6954,2.2636,0.1581
openmrg,radar (LINDA-P subset),steps,gauges,70,8,0.3850,0.7879,"[0.004166666666666667, NaN, NaN, NaN, NaN, NaN, NaN, NaN, NaN, NaN]","[0.05, NaN, NaN, NaN, NaN, NaN, NaN, NaN, NaN, NaN]","[0.0, 0.017543859649122806, 0.03508771929824561, 0.0, 0.05263157894736842, 0.10526315789473684, 0.07017543859649122, 0.03508771929824561, 0.07017543859649122, 0.08771929824561403, 0.22807017543859648, 0.24561403508771928, 0.05263157894736842]",0.2353,0.6039,1.7122,0.1557
openmrg,radar,steps,gauges,75,47,0.6270,0.7584,"[0.0029411764705882353, NaN, NaN, NaN, NaN, NaN, NaN, NaN, NaN, NaN]","[0.011764705882352941, NaN, NaN, NaN, NaN, NaN, NaN, NaN, NaN, NaN]","[0.01818181818181818, 0.02909090909090909, 0.02909090909090909, 0.025454545454545455, 0.04, 0.05818181818181818, 0.06545454545454546, 0.04727272727272727, 0.08, 0.12, 0.12, 0.26181818181818184, 0.10545454545454545]",0.3125,0.8252,4.4391,0.0972
openmrg,radar (LINDA-P subset),steps,gauges,75,7,0.5014,0.6943,"[0.0, NaN, NaN, NaN, NaN, NaN, NaN, NaN, NaN, NaN]","[0.0, NaN, NaN, NaN, NaN, NaN, NaN, NaN, NaN, NaN]","[0.0, 0.02040816326530612, 0.061224489795918366, 0.02040816326530612, 0.02040816326530612, 0.12244897959183673, 0.04081632653061224, 0.04081632653061224, 0.10204081632653061, 0.08163265306122448, 0.12244897959183673, 0.2653061224489796, 0.10204081632653061]",0.1111,0.7904,2.0376,0.0092
openmrg,radar,steps,gauges,80,47,0.6518,0.7002,"[0.005555555555555555, NaN, NaN, NaN, NaN, NaN, NaN, NaN, NaN, NaN]","[0.03888888888888889, NaN, NaN, NaN, NaN, NaN, NaN, NaN, NaN, NaN]","[0.011278195488721804, 0.02631578947368421, 0.015037593984962405, 0.022556390977443608, 0.05263157894736842, 0.03759398496240601, 0.04887218045112782, 0.07142857142857142, 0.10902255639097744, 0.06766917293233082, 0.18045112781954886, 0.24812030075187969, 0.10902255639097744]",0.2024,0.8368,2.8593,0.1634
openmrg,radar (LINDA-P subset),steps,gauges,80,7,0.5690,0.7270,"[0.016666666666666666, NaN, NaN, NaN, NaN, NaN, NaN, NaN, NaN, NaN]","[0.0, NaN, NaN, NaN, NaN, NaN, NaN, NaN, NaN, NaN]","[0.0, 0.02040816326530612, 0.0, 0.061224489795918366, 0.04081632653061224, 0.04081632653061224, 0.08163265306122448, 0.08163265306122448, 0.14285714285714285, 0.061224489795918366, 0.1836734693877551, 0.1836734693877551, 0.10204081632653061]",0.1765,0.8333,1.8881,0.1243
openmrg,radar,steps,gauges,85,42,0.7888,0.6700,"[0.008333333333333333, NaN, NaN, NaN, NaN, NaN, NaN, NaN, NaN, NaN]","[0.031578947368421054, NaN, NaN, NaN, NaN, NaN, NaN, NaN, NaN, NaN]","[0.0, 0.01824817518248175, 0.029197080291970802, 0.0364963503649635, 0.0364963503649635, 0.05474452554744526, 0.06204379562043796, 0.040145985401459854, 0.08029197080291971, 0.10948905109489052, 0.1386861313868613, 0.2773722627737226, 0.11678832116788321]",0.2069,0.9938,3.9283,0.0931
openmrg,radar (LINDA-P subset),steps,gauges,85,6,0.5478,0.7037,"[0.01944444444444444, NaN, NaN, NaN, NaN, NaN, NaN, NaN, NaN, NaN]","[0.0, NaN, NaN, NaN, NaN, NaN, NaN, NaN, NaN, NaN]","[0.0, 0.0, 0.038461538461538464, 0.07692307692307693, 0.019230769230769232, 0.07692307692307693, 0.15384615384615385, 0.019230769230769232, 0.038461538461538464, 0.09615384615384616, 0.11538461538461539, 0.2692307692307692, 0.09615384615384616]",0.1333,0.8609,1.8231,0.1836
openmrg,radar,steps,gauges,90,41,0.6067,0.6892,"[0.007291666666666666, NaN, NaN, NaN, NaN, NaN, NaN, NaN, NaN, NaN]","[0.0, NaN, NaN, NaN, NaN, NaN, NaN, NaN, NaN, NaN]","[0.003745318352059925, 0.026217228464419477, 0.026217228464419477, 0.0299625468164794, 0.033707865168539325, 0.0449438202247191, 0.0449438202247191, 0.07865168539325842, 0.08239700374531835, 0.10861423220973783, 0.1647940074906367, 0.24719101123595505, 0.10861423220973783]",0.2024,0.8167,2.6095,0.1756
openmrg,radar (LINDA-P subset),steps,gauges,90,6,0.6089,0.6590,"[0.004166666666666667, NaN, NaN, NaN, NaN, NaN, NaN, NaN, NaN, NaN]","[0.0, NaN, NaN, NaN, NaN, NaN, NaN, NaN, NaN, NaN]","[0.0, 0.0196078431372549, 0.0196078431372549, 0.0392156862745098, 0.058823529411764705, 0.0784313725490196, 0.0784313725490196, 0.09803921568627451, 0.13725490196078433, 0.0784313725490196, 0.11764705882352941, 0.17647058823529413, 0.09803921568627451]",0.2632,0.8710,2.6518,0.2659
openmrg,radar,linda_p,gauges,5,24,1.3050,0.7415,"[0.0, NaN, NaN, NaN, NaN, NaN, NaN, NaN, NaN, 0.9666666666666666]","[0.05, NaN, NaN, NaN, NaN, NaN, NaN, NaN, NaN, 1.0]","[0.4357142857142857, 0.04285714285714286, 0.014285714285714285, 0.02142857142857143, 0.007142857142857143, 0.02857142857142857, 0.014285714285714285, 0.007142857142857143, 0.06428571428571428, 0.02857142857142857, 0.07142857142857142, 0.05, 0.21428571428571427]",0.4203,1.4828,6.1869,0.2153
openmrg,radar (LINDA-P subset),linda_p,gauges,5,24,1.3050,0.7415,"[0.0, NaN, NaN, NaN, NaN, NaN, NaN, NaN, NaN, 0.9666666666666666]","[0.05, NaN, NaN, NaN, NaN, NaN, NaN, NaN, NaN, 1.0]","[0.4357142857142857, 0.04285714285714286, 0.014285714285714285, 0.02142857142857143, 0.007142857142857143, 0.02857142857142857, 0.014285714285714285, 0.007142857142857143, 0.06428571428571428, 0.02857142857142857, 0.07142857142857142, 0.05, 0.21428571428571427]",0.4203,1.4828,6.1869,0.2153
openmrg,radar,linda_p,gauges,10,24,0.8850,0.7489,"[0.0, NaN, NaN, NaN, NaN, NaN, NaN, NaN, NaN, NaN]","[0.045454545454545456, NaN, NaN, NaN, NaN, NaN, NaN, NaN, NaN, NaN]","[0.3870967741935484, 0.03225806451612903, 0.03225806451612903, 0.025806451612903226, 0.01935483870967742, 0.01935483870967742, 0.025806451612903226, 0.05806451612903226, 0.025806451612903226, 0.05161290322580645, 0.07096774193548387, 0.0967741935483871, 0.15483870967741936]",0.2778,1.1989,3.8830,0.0831
openmrg,radar (LINDA-P subset),linda_p,gauges,10,24,0.8850,0.7489,"[0.0, NaN, NaN, NaN, NaN, NaN, NaN, NaN, NaN, NaN]","[0.045454545454545456, NaN, NaN, NaN, NaN, NaN, NaN, NaN, NaN, NaN]","[0.3870967741935484, 0.03225806451612903, 0.03225806451612903, 0.025806451612903226, 0.01935483870967742, 0.01935483870967742, 0.025806451612903226, 0.05806451612903226, 0.025806451612903226, 0.05161290322580645, 0.07096774193548387, 0.0967741935483871, 0.15483870967741936]",0.2778,1.1989,3.8830,0.0831
openmrg,radar,linda_p,gauges,15,24,1.0751,0.7864,"[0.0015151515151515152, NaN, NaN, NaN, NaN, NaN, NaN, NaN, NaN, 1.0]","[0.00909090909090909, NaN, NaN, NaN, NaN, NaN, NaN, NaN, NaN, 1.0]","[0.34459459459459457, 0.060810810810810814, 0.05405405405405406, 0.033783783783783786, 0.02027027027027027, 0.006756756756756757, 0.02027027027027027, 0.02702702702702703, 0.05405405405405406, 0.05405405405405406, 0.033783783783783786, 0.11486486486486487, 0.17567567567567569]",0.3333,1.3611,6.2058,0.0595
openmrg,radar (LINDA-P subset),linda_p,gauges,15,24,1.0751,0.7864,"[0.0015151515151515152, NaN, NaN, NaN, NaN, NaN, NaN, NaN, NaN, 1.0]","[0.00909090909090909, NaN, NaN, NaN, NaN, NaN, NaN, NaN, NaN, 1.0]","[0.34459459459459457, 0.060810810810810814, 0.05405405405405406, 0.033783783783783786, 0.02027027027027027, 0.006756756756756757, 0.02027027027027027, 0.02702702702702703, 0.05405405405405406, 0.05405405405405406, 0.033783783783783786, 0.11486486486486487, 0.17567567567567569]",0.3333,1.3611,6.2058,0.0595
openmrg,radar,linda_p,gauges,20,24,0.9184,0.6821,"[0.0008333333333333333, NaN, NaN, NaN, NaN, NaN, NaN, NaN, NaN, 1.0]","[0.1, NaN, NaN, NaN, NaN, NaN, NaN, NaN, NaN, 1.0]","[0.3051948051948052, 0.09740259740259741, 0.045454545454545456, 0.05194805194805195, 0.01948051948051948, 0.006493506493506494, 0.025974025974025976, 0.045454545454545456, 0.045454545454545456, 0.03896103896103896, 0.045454545454545456, 0.08441558441558442, 0.18831168831168832]",0.2568,1.2339,3.4264,0.0974
openmrg,radar (LINDA-P subset),linda_p,gauges,20,24,0.9184,0.6821,"[0.0008333333333333333, NaN, NaN, NaN, NaN, NaN, NaN, NaN, NaN, 1.0]","[0.1, NaN, NaN, NaN, NaN, NaN, NaN, NaN, NaN, 1.0]","[0.3051948051948052, 0.09740259740259741, 0.045454545454545456, 0.05194805194805195, 0.01948051948051948, 0.006493506493506494, 0.025974025974025976, 0.045454545454545456, 0.045454545454545456, 0.03896103896103896, 0.045454545454545456, 0.08441558441558442, 0.18831168831168832]",0.2568,1.2339,3.4264,0.0974
openmrg,radar,linda_p,gauges,25,24,0.9686,0.6992,"[0.0, NaN, NaN, NaN, NaN, NaN, NaN, NaN, NaN, 1.0]","[0.022222222222222223, NaN, NaN, NaN, NaN, NaN, NaN, NaN, NaN, 0.9]","[0.34965034965034963, 0.1048951048951049, 0.027972027972027972, 0.07692307692307693, 0.013986013986013986, 0.04895104895104895, 0.027972027972027972, 0.04895104895104895, 0.03496503496503497, 0.06293706293706294, 0.03496503496503497, 0.03496503496503497, 0.13286713286713286]",0.2742,1.3376,3.5706,0.1018
openmrg,radar (LINDA-P subset),linda_p,gauges,25,24,0.9686,0.6992,"[0.0, NaN, NaN, NaN, NaN, NaN, NaN, NaN, NaN, 1.0]","[0.022222222222222223, NaN, NaN, NaN, NaN, NaN, NaN, NaN, NaN, 0.9]","[0.34965034965034963, 0.1048951048951049, 0.027972027972027972, 0.07692307692307693, 0.013986013986013986, 0.04895104895104895, 0.027972027972027972, 0.04895104895104895, 0.03496503496503497, 0.06293706293706294, 0.03496503496503497, 0.03496503496503497, 0.13286713286713286]",0.2742,1.3376,3.5706,0.1018
openmrg,radar,linda_p,gauges,30,22,0.7633,0.8332,"[0.0010416666666666667, NaN, NaN, NaN, NaN, NaN, NaN, NaN, NaN, 0.9916666666666666]","[0.025, NaN, NaN, NaN, NaN, NaN, NaN, NaN, NaN, 1.0]","[0.3582089552238806, 0.07462686567164178, 0.07462686567164178, 0.05970149253731343, 0.05223880597014925, 0.007462686567164179, 0.029850746268656716, 0.03731343283582089, 0.08955223880597014, 0.06716417910447761, 0.05223880597014925, 0.05223880597014925, 0.04477611940298507]",0.3333,1.2004,3.0739,0.2970
openmrg,radar (LINDA-P subset),linda_p,gauges,30,22,0.7633,0.8332,"[0.0010416666666666667, NaN, NaN, NaN, NaN, NaN, NaN, NaN, NaN, 0.9916666666666666]","[0.025, NaN, NaN, NaN, NaN, NaN, NaN, NaN, NaN, 1.0]","[0.3582089552238806, 0.07462686567164178, 0.07462686567164178, 0.05970149253731343, 0.05223880597014925, 0.007462686567164179, 0.029850746268656716, 0.03731343283582089, 0.08955223880597014, 0.06716417910447761, 0.05223880597014925, 0.05223880597014925, 0.04477611940298507]",0.3333,1.2004,3.0739,0.2970
openmrg,radar,linda_p,gauges,35,21,0.8528,0.7901,"[0.0011904761904761904, NaN, NaN, NaN, NaN, NaN, NaN, NaN, NaN, 0.9749999999999999]","[0.04285714285714286, NaN, NaN, NaN, NaN, NaN, NaN, NaN, NaN, 1.0]","[0.27586206896551724, 0.12931034482758622, 0.034482758620689655, 0.0603448275862069, 0.05172413793103448, 0.04310344827586207, 0.0603448275862069, 0.034482758620689655, 0.04310344827586207, 0.034482758620689655, 0.06896551724137931, 0.06896551724137931, 0.09482758620689655]",0.4082,1.2564,3.0128,0.2823
openmrg,radar (LINDA-P subset),linda_p,gauges,35,21,0.8528,0.7901,"[0.0011904761904761904, NaN, NaN, NaN, NaN, NaN, NaN, NaN, NaN, 0.9749999999999999]","[0.04285714285714286, NaN, NaN, NaN, NaN, NaN, NaN, NaN, NaN, 1.0]","[0.27586206896551724, 0.12931034482758622, 0.034482758620689655, 0.0603448275862069, 0.05172413793103448, 0.04310344827586207, 0.0603448275862069, 0.034482758620689655, 0.04310344827586207, 0.034482758620689655, 0.06896551724137931, 0.06896551724137931, 0.09482758620689655]",0.4082,1.2564,3.0128,0.2823
openmrg,radar,linda_p,gauges,40,20,0.8222,0.8816,"[0.0, NaN, NaN, NaN, NaN, NaN, NaN, NaN, NaN, NaN]","[0.0, NaN, NaN, NaN, NaN, NaN, NaN, NaN, NaN, NaN]","[0.1523809523809524, 0.2, 0.0380952380952381, 0.05714285714285714, 0.05714285714285714, 0.009523809523809525, 0.01904761904761905, 0.06666666666666667, 0.0761904761904762, 0.0761904761904762, 0.0380952380952381, 0.1523809523809524, 0.05714285714285714]",0.5227,1.2929,3.0597,0.4366
openmrg,radar (LINDA-P subset),linda_p,gauges,40,20,0.8222,0.8816,"[0.0, NaN, NaN, NaN, NaN, NaN, NaN, NaN, NaN, NaN]","[0.0, NaN, NaN, NaN, NaN, NaN, NaN, NaN, NaN, NaN]","[0.1523809523809524, 0.2, 0.0380952380952381, 0.05714285714285714, 0.05714285714285714, 0.009523809523809525, 0.01904761904761905, 0.06666666666666667, 0.0761904761904762, 0.0761904761904762, 0.0380952380952381, 0.1523809523809524, 0.05714285714285714]",0.5227,1.2929,3.0597,0.4366
openmrg,radar,linda_p,gauges,45,17,0.8040,0.8948,"[0.0016666666666666666, NaN, NaN, NaN, NaN, NaN, NaN, NaN, NaN, 1.0]","[0.0, NaN, NaN, NaN, NaN, NaN, NaN, NaN, NaN, 0.4]","[0.11363636363636363, 0.1590909090909091, 0.06818181818181818, 0.11363636363636363, 0.056818181818181816, 0.03409090909090909, 0.06818181818181818, 0.011363636363636364, 0.03409090909090909, 0.09090909090909091, 0.056818181818181816, 0.09090909090909091, 0.10227272727272728]",0.5500,1.2493,2.8719,0.4551
openmrg,radar (LINDA-P subset),linda_p,gauges,45,17,0.8040,0.8948,"[0.0016666666666666666, NaN, NaN, NaN, NaN, NaN, NaN, NaN, NaN, 1.0]","[0.0, NaN, NaN, NaN, NaN, NaN, NaN, NaN, NaN, 0.4]","[0.11363636363636363, 0.1590909090909091, 0.06818181818181818, 0.11363636363636363, 0.056818181818181816, 0.03409090909090909, 0.06818181818181818, 0.011363636363636364, 0.03409090909090909, 0.09090909090909091, 0.056818181818181816, 0.09090909090909091, 0.10227272727272728]",0.5500,1.2493,2.8719,0.4551
openmrg,radar,linda_p,gauges,50,15,0.8220,0.8410,"[0.0020833333333333333, NaN, NaN, NaN, NaN, NaN, NaN, NaN, NaN, 0.9916666666666666]","[0.0, NaN, NaN, NaN, NaN, NaN, NaN, NaN, NaN, 0.2]","[0.15, 0.1, 0.05, 0.0625, 0.075, 0.0375, 0.025, 0.0875, 0.1, 0.05, 0.1, 0.0875, 0.075]",0.4688,1.2805,3.1666,0.2713
openmrg,radar (LINDA-P subset),linda_p,gauges,50,15,0.8220,0.8410,"[0.0020833333333333333, NaN, NaN, NaN, NaN, NaN, NaN, NaN, NaN, 0.9916666666666666]","[0.0, NaN, NaN, NaN, NaN, NaN, NaN, NaN, NaN, 0.2]","[0.15, 0.1, 0.05, 0.0625, 0.075, 0.0375, 0.025, 0.0875, 0.1, 0.05, 0.1, 0.0875, 0.075]",0.4688,1.2805,3.1666,0.2713
openmrg,radar,linda_p,gauges,55,13,0.6509,0.8150,"[0.0, NaN, NaN, NaN, NaN, NaN, NaN, NaN, NaN, 0.9916666666666666]","[0.025, NaN, NaN, NaN, NaN, NaN, NaN, NaN, NaN, 0.2]","[0.13432835820895522, 0.08955223880597014, 0.1044776119402985, 0.029850746268656716, 0.04477611940298507, 0.04477611940298507, 0.029850746268656716, 0.05970149253731343, 0.04477611940298507, 0.13432835820895522, 0.1044776119402985, 0.11940298507462686, 0.05970149253731343]",0.3333,1.1807,3.2108,0.2086
openmrg,radar (LINDA-P subset),linda_p,gauges,55,13,0.6509,0.8150,"[0.0, NaN, NaN, NaN, NaN, NaN, NaN, NaN, NaN, 0.9916666666666666]","[0.025, NaN, NaN, NaN, NaN, NaN, NaN, NaN, NaN, 0.2]","[0.13432835820895522, 0.08955223880597014, 0.1044776119402985, 0.029850746268656716, 0.04477611940298507, 0.04477611940298507, 0.029850746268656716, 0.05970149253731343, 0.04477611940298507, 0.13432835820895522, 0.1044776119402985, 0.11940298507462686, 0.05970149253731343]",0.3333,1.1807,3.2108,0.2086
openmrg,radar,linda_p,gauges,60,10,0.6892,0.7995,"[0.0020833333333333333, NaN, NaN, NaN, NaN, NaN, NaN, NaN, NaN, 0.9666666666666666]","[0.075, NaN, NaN, NaN, NaN, NaN, NaN, NaN, NaN, 0.4]","[0.09375, 0.140625, 0.109375, 0.03125, 0.078125, 0.046875, 0.015625, 0.03125, 0.0625, 0.09375, 0.109375, 0.109375, 0.078125]",0.3750,1.1879,2.7356,0.4068
openmrg,radar (LINDA-P subset),linda_p,gauges,60,10,0.6892,0.7995,"[0.0020833333333333333, NaN, NaN, NaN, NaN, NaN, NaN, NaN, NaN, 0.9666666666666666]","[0.075, NaN, NaN, NaN, NaN, NaN, NaN, NaN, NaN, 0.4]","[0.09375, 0.140625, 0.109375, 0.03125, 0.078125, 0.046875, 0.015625, 0.03125, 0.0625, 0.09375, 0.109375, 0.109375, 0.078125]",0.3750,1.1879,2.7356,0.4068
openmrg,radar,linda_p,gauges,65,8,0.7592,0.8303,"[0.0, NaN, NaN, NaN, NaN, NaN, NaN, NaN, NaN, 0.9333333333333332]","[0.03333333333333333, NaN, NaN, NaN, NaN, NaN, NaN, NaN, NaN, 0.5]","[0.046153846153846156, 0.2, 0.07692307692307693, 0.07692307692307693, 0.07692307692307693, 0.046153846153846156, 0.046153846153846156, 0.03076923076923077, 0.09230769230769231, 0.09230769230769231, 0.09230769230769231, 0.046153846153846156, 0.07692307692307693]",0.3636,1.3822,2.9205,0.3103
openmrg,radar (LINDA-P subset),linda_p,gauges,65,8,0.7592,0.8303,"[0.0, NaN, NaN, NaN, NaN, NaN, NaN, NaN, NaN, 0.9333333333333332]","[0.03333333333333333, NaN, NaN, NaN, NaN, NaN, NaN, NaN, NaN, 0.5]","[0.046153846153846156, 0.2, 0.07692307692307693, 0.07692307692307693, 0.07692307692307693, 0.046153846153846156, 0.046153846153846156, 0.03076923076923077, 0.09230769230769231, 0.09230769230769231, 0.09230769230769231, 0.046153846153846156, 0.07692307692307693]",0.3636,1.3822,2.9205,0.3103
openmrg,radar,linda_p,gauges,70,8,0.6583,0.7863,"[0.0027777777777777775, NaN, NaN, NaN, NaN, NaN, NaN, NaN, NaN, NaN]","[0.03333333333333333, NaN, NaN, NaN, NaN, NaN, NaN, NaN, NaN, NaN]","[0.0, 0.1774193548387097, 0.12903225806451613, 0.0967741935483871, 0.0967741935483871, 0.06451612903225806, 0.08064516129032258, 0.04838709677419355, 0.08064516129032258, 0.08064516129032258, 0.04838709677419355, 0.04838709677419355, 0.04838709677419355]",0.4000,1.4403,3.1356,0.1261
openmrg,radar (LINDA-P subset),linda_p,gauges,70,8,0.6583,0.7863,"[0.0027777777777777775, NaN, NaN, NaN, NaN, NaN, NaN, NaN, NaN, NaN]","[0.03333333333333333, NaN, NaN, NaN, NaN, NaN, NaN, NaN, NaN, NaN]","[0.0, 0.1774193548387097, 0.12903225806451613, 0.0967741935483871, 0.0967741935483871, 0.06451612903225806, 0.08064516129032258, 0.04838709677419355, 0.08064516129032258, 0.08064516129032258, 0.04838709677419355, 0.04838709677419355, 0.04838709677419355]",0.4000,1.4403,3.1356,0.1261
openmrg,radar,linda_p,gauges,75,7,0.7524,0.7638,"[0.01111111111111111, NaN, NaN, NaN, NaN, NaN, NaN, NaN, NaN, NaN]","[0.03333333333333333, NaN, NaN, NaN, NaN, NaN, NaN, NaN, NaN, NaN]","[0.0, 0.16666666666666666, 0.15, 0.06666666666666667, 0.1, 0.1, 0.06666666666666667, 0.03333333333333333, 0.05, 0.06666666666666667, 0.03333333333333333, 0.11666666666666667, 0.05]",0.3043,1.4127,2.7834,0.1390
openmrg,radar (LINDA-P subset),linda_p,gauges,75,7,0.7524,0.7638,"[0.01111111111111111, NaN, NaN, NaN, NaN, NaN, NaN, NaN, NaN, NaN]","[0.03333333333333333, NaN, NaN, NaN, NaN, NaN, NaN, NaN, NaN, NaN]","[0.0, 0.16666666666666666, 0.15, 0.06666666666666667, 0.1, 0.1, 0.06666666666666667, 0.03333333333333333, 0.05, 0.06666666666666667, 0.03333333333333333, 0.11666666666666667, 0.05]",0.3043,1.4127,2.7834,0.1390
openmrg,radar,linda_p,gauges,80,7,0.7177,0.7789,"[0.008333333333333333, NaN, NaN, NaN, NaN, NaN, NaN, NaN, NaN, NaN]","[0.0, NaN, NaN, NaN, NaN, NaN, NaN, NaN, NaN, NaN]","[0.0, 0.15, 0.08333333333333333, 0.11666666666666667, 0.05, 0.13333333333333333, 0.08333333333333333, 0.016666666666666666, 0.03333333333333333, 0.08333333333333333, 0.08333333333333333, 0.08333333333333333, 0.08333333333333333]",0.3333,1.5933,3.0235,0.1071
openmrg,radar (LINDA-P subset),linda_p,gauges,80,7,0.7177,0.7789,"[0.008333333333333333, NaN, NaN, NaN, NaN, NaN, NaN, NaN, NaN, NaN]","[0.0, NaN, NaN, NaN, NaN, NaN, NaN, NaN, NaN, NaN]","[0.0, 0.15, 0.08333333333333333, 0.11666666666666667, 0.05, 0.13333333333333333, 0.08333333333333333, 0.016666666666666666, 0.03333333333333333, 0.08333333333333333, 0.08333333333333333, 0.08333333333333333, 0.08333333333333333]",0.3333,1.5933,3.0235,0.1071
openmrg,radar,linda_p,gauges,85,6,0.6727,0.7963,"[0.013888888888888888, NaN, NaN, NaN, NaN, NaN, NaN, NaN, NaN, NaN]","[0.0, NaN, NaN, NaN, NaN, NaN, NaN, NaN, NaN, NaN]","[0.0, 0.08333333333333333, 0.11666666666666667, 0.08333333333333333, 0.11666666666666667, 0.13333333333333333, 0.05, 0.03333333333333333, 0.11666666666666667, 0.1, 0.08333333333333333, 0.05, 0.03333333333333333]",0.3000,1.4376,2.7950,0.2446
openmrg,radar (LINDA-P subset),linda_p,gauges,85,6,0.6727,0.7963,"[0.013888888888888888, NaN, NaN, NaN, NaN, NaN, NaN, NaN, NaN, NaN]","[0.0, NaN, NaN, NaN, NaN, NaN, NaN, NaN, NaN, NaN]","[0.0, 0.08333333333333333, 0.11666666666666667, 0.08333333333333333, 0.11666666666666667, 0.13333333333333333, 0.05, 0.03333333333333333, 0.11666666666666667, 0.1, 0.08333333333333333, 0.05, 0.03333333333333333]",0.3000,1.4376,2.7950,0.2446
openmrg,radar,linda_p,gauges,90,6,0.7340,0.7750,"[0.0, NaN, NaN, NaN, NaN, NaN, NaN, NaN, NaN, NaN]","[0.0, NaN, NaN, NaN, NaN, NaN, NaN, NaN, NaN, NaN]","[0.0, 0.06666666666666667, 0.08333333333333333, 0.08333333333333333, 0.18333333333333332, 0.1, 0.06666666666666667, 0.1, 0.03333333333333333, 0.08333333333333333, 0.13333333333333333, 0.016666666666666666, 0.05]",0.4375,1.4731,3.0920,0.3145
openmrg,radar (LINDA-P subset),linda_p,gauges,90,6,0.7340,0.7750,"[0.0, NaN, NaN, NaN, NaN, NaN, NaN, NaN, NaN, NaN]","[0.0, NaN, NaN, NaN, NaN, NaN, NaN, NaN, NaN, NaN]","[0.0, 0.06666666666666667, 0.08333333333333333, 0.08333333333333333, 0.18333333333333332, 0.1, 0.06666666666666667, 0.1, 0.03333333333333333, 0.08333333333333333, 0.13333333333333333, 0.016666666666666666, 0.05]",0.4375,1.4731,3.0920,0.3145
openmrg,cml_idw10,steps,gauges,5,64,0.7867,0.8422,"[0.0, NaN, NaN, NaN, NaN, NaN, NaN, NaN, NaN, 0.9979166666666666]","[0.04054054054054054, NaN, NaN, NaN, NaN, NaN, NaN, NaN, NaN, 0.95]","[0.45918367346938777, 0.03571428571428571, 0.02040816326530612, 0.025510204081632654, 0.00510204081632653, 0.015306122448979591, 0.01020408163265306, 0.015306122448979591, 0.030612244897959183, 0.05102040816326531, 0.030612244897959183, 0.04081632653061224, 0.2602040816326531]",0.5723,0.9458,3.0862,0.4054
openmrg,cml_idw10,steps,gauges,10,64,0.6188,0.8103,"[0.0, NaN, NaN, NaN, NaN, NaN, NaN, NaN, NaN, 0.9958333333333332]","[0.043243243243243246, NaN, NaN, NaN, NaN, NaN, NaN, NaN, NaN, 0.925]","[0.34951456310679613, 0.03398058252427184, 0.03398058252427184, 0.04854368932038835, 0.014563106796116505, 0.03398058252427184, 0.02912621359223301, 0.02912621359223301, 0.014563106796116505, 0.03398058252427184, 0.038834951456310676, 0.04854368932038835, 0.2912621359223301]",0.5060,0.7957,2.2523,0.5403
openmrg,cml_idw10,steps,gauges,15,64,0.6821,0.8100,"[0.0, NaN, NaN, NaN, NaN, NaN, NaN, NaN, NaN, 0.9972222222222221]","[0.022222222222222223, NaN, NaN, NaN, NaN, NaN, NaN, NaN, NaN, 0.8666666666666667]","[0.35467980295566504, 0.03940886699507389, 0.04926108374384237, 0.034482758620689655, 0.024630541871921183, 0.04926108374384237, 0.019704433497536946, 0.009852216748768473, 0.014778325123152709, 0.014778325123152709, 0.04433497536945813, 0.06896551724137931, 0.27586206896551724]",0.4780,0.8695,2.2845,0.4959
openmrg,cml_idw10,steps,gauges,20,63,0.6344,0.8011,"[0.0004629629629629629, NaN, NaN, NaN, NaN, NaN, NaN, NaN, NaN, 0.9979166666666666]","[0.027777777777777776, NaN, NaN, NaN, NaN, NaN, NaN, NaN, NaN, 0.925]","[0.30288461538461536, 0.057692307692307696, 0.038461538461538464, 0.038461538461538464, 0.019230769230769232, 0.019230769230769232, 0.028846153846153848, 0.04326923076923077, 0.02403846153846154, 0.03365384615384615, 0.028846153846153848, 0.10576923076923077, 0.25961538461538464]",0.4841,0.7924,2.2467,0.4869
openmrg,cml_idw10,steps,gauges,25,63,0.7179,0.7840,"[0.0010416666666666667, NaN, NaN, NaN, NaN, NaN, NaN, NaN, NaN, 0.9916666666666665]","[0.028125, NaN, NaN, NaN, NaN, NaN, NaN, NaN, NaN, 0.675]","[0.2830188679245283, 0.06132075471698113, 0.018867924528301886, 0.02358490566037736, 0.0330188679245283, 0.02358490566037736, 0.02830188679245283, 0.03773584905660377, 0.018867924528301886, 0.018867924528301886, 0.0330188679245283, 0.12735849056603774, 0.29245283018867924]",0.4497,0.8949,2.4911,0.4658
openmrg,cml_idw10,steps,gauges,30,63,0.8175,0.7497,"[0.0018229166666666665, NaN, NaN, NaN, NaN, NaN, NaN, NaN, NaN, 0.9888888888888888]","[0.025, NaN, NaN, NaN, NaN, NaN, NaN, NaN, NaN, 0.6]","[0.28703703703703703, 0.06944444444444445, 0.041666666666666664, 0.004629629629629629, 0.023148148148148147, 0.018518518518518517, 0.041666666666666664, 0.037037037037037035, 0.041666666666666664, 0.027777777777777776, 0.05092592592592592, 0.12962962962962962, 0.22685185185185186]",0.3566,0.9926,2.7629,0.3628
openmrg,cml_idw10,steps,gauges,35,62,0.7140,0.7523,"[0.0015625, NaN, NaN, NaN, NaN, NaN, NaN, NaN, NaN, 0.9958333333333332]","[0.0375, NaN, NaN, NaN, NaN, NaN, NaN, NaN, NaN, 0.55]","[0.26605504587155965, 0.05045871559633028, 0.03211009174311927, 0.013761467889908258, 0.045871559633027525, 0.045871559633027525, 0.022935779816513763, 0.01834862385321101, 0.04128440366972477, 0.04128440366972477, 0.05504587155963303, 0.11467889908256881, 0.25229357798165136]",0.3946,0.8807,2.2206,0.4073
openmrg,cml_idw10,steps,gauges,40,60,0.6508,0.7879,"[0.0018817204301075266, NaN, NaN, NaN, NaN, NaN, NaN, NaN, NaN, 0.986111111111111]","[0.035483870967741936, NaN, NaN, NaN, NaN, NaN, NaN, NaN, NaN, 0.6666666666666666]","[0.22641509433962265, 0.05660377358490566, 0.07075471698113207, 0.018867924528301886, 0.0330188679245283, 0.02830188679245283, 0.02830188679245283, 0.02358490566037736, 0.0330188679245283, 0.05188679245283019, 0.06132075471698113, 0.1320754716981132, 0.2358490566037736]",0.4493,0.8323,2.1613,0.4237
openmrg,cml_idw10,steps,gauges,45,59,0.6467,0.7824,"[0.00028735632183908046, NaN, NaN, NaN, NaN, NaN, NaN, NaN, NaN, 0.9916666666666666]","[0.041379310344827586, NaN, NaN, NaN, NaN, NaN, NaN, NaN, NaN, 0.6666666666666666]","[0.22869955156950672, 0.03587443946188341, 0.053811659192825115, 0.008968609865470852, 0.03139013452914798, 0.017937219730941704, 0.03139013452914798, 0.03587443946188341, 0.02242152466367713, 0.06278026905829596, 0.08520179372197309, 0.14349775784753363, 0.242152466367713]",0.4345,0.8230,2.1059,0.3856
openmrg,cml_idw10,steps,gauges,50,58,0.6762,0.8133,"[0.0011111111111111111, NaN, NaN, NaN, NaN, NaN, NaN, NaN, NaN, 0.9958333333333332]","[0.03333333333333333, NaN, NaN, NaN, NaN, NaN, NaN, NaN, NaN, 0.55]","[0.20614035087719298, 0.04824561403508772, 0.039473684210526314, 0.03070175438596491, 0.03070175438596491, 0.03508771929824561, 0.008771929824561403, 0.039473684210526314, 0.03070175438596491, 0.07894736842105263, 0.11842105263157894, 0.16228070175438597, 0.17105263157894737]",0.4745,0.8723,2.6779,0.2629
openmrg,cml_idw10,steps,gauges,55,58,0.7372,0.8014,"[0.0012345679012345679, NaN, NaN, NaN, NaN, NaN, NaN, NaN, NaN, 0.9875]","[0.025925925925925925, NaN, NaN, NaN, NaN, NaN, NaN, NaN, NaN, 0.5]","[0.2145922746781116, 0.034334763948497854, 0.02575107296137339, 0.034334763948497854, 0.04291845493562232, 0.017167381974248927, 0.03862660944206009, 0.034334763948497854, 0.034334763948497854, 0.055793991416309016, 0.09012875536480687, 0.18454935622317598, 0.19313304721030042]",0.4493,0.9427,2.4724,0.2898
openmrg,cml_idw10,steps,gauges,60,58,0.7775,0.7778,"[0.000925925925925926, NaN, NaN, NaN, NaN, NaN, NaN, NaN, NaN, 0.9944444444444444]","[0.05185185185185185, NaN, NaN, NaN, NaN, NaN, NaN, NaN, NaN, 0.6]","[0.21739130434782608, 0.06086956521739131, 0.021739130434782608, 0.0391304347826087, 0.04782608695652174, 0.034782608695652174, 0.030434782608695653, 0.04782608695652174, 0.021739130434782608, 0.04782608695652174, 0.09565217391304348, 0.1608695652173913, 0.17391304347826086]",0.4155,0.9940,2.9471,0.1891
openmrg,cml_idw10,steps,gauges,65,57,0.9663,0.7371,"[0.0, NaN, NaN, NaN, NaN, NaN, NaN, NaN, NaN, 0.9916666666666666]","[0.025, NaN, NaN, NaN, NaN, NaN, NaN, NaN, NaN, 0.2]","[0.21238938053097345, 0.048672566371681415, 0.05309734513274336, 0.030973451327433628, 0.035398230088495575, 0.02654867256637168, 0.030973451327433628, 0.01327433628318584, 0.04424778761061947, 0.05752212389380531, 0.0752212389380531, 0.1415929203539823, 0.23008849557522124]",0.3400,1.1924,4.5505,0.1053
openmrg,cml_idw10,steps,gauges,70,56,0.8017,0.7230,"[0.0, NaN, NaN, NaN, NaN, NaN, NaN, NaN, NaN, 0.9958333333333332]","[0.029166666666666667, NaN, NaN, NaN, NaN, NaN, NaN, NaN, NaN, 0.15]","[0.20869565217391303, 0.043478260869565216, 0.05652173913043478, 0.0391304347826087, 0.034782608695652174, 0.013043478260869565, 0.030434782608695653, 0.013043478260869565, 0.030434782608695653, 0.06956521739130435, 0.09130434782608696, 0.13043478260869565, 0.2391304347826087]",0.3092,1.0244,2.5404,0.2927
openmrg,cml_idw10,steps,gauges,75,55,0.9974,0.6858,"[0.0, NaN, NaN, NaN, NaN, NaN, NaN, NaN, NaN, 0.9958333333333332]","[0.03333333333333333, NaN, NaN, NaN, NaN, NaN, NaN, NaN, NaN, 0.55]","[0.2077922077922078, 0.047619047619047616, 0.03896103896103896, 0.025974025974025976, 0.03896103896103896, 0.03463203463203463, 0.030303030303030304, 0.008658008658008658, 0.017316017316017316, 0.05627705627705628, 0.07792207792207792, 0.1471861471861472, 0.2683982683982684]",0.2857,1.2383,4.3977,0.1689
openmrg,cml_idw10,steps,gauges,80,55,1.1021,0.6692,"[0.0003333333333333333, NaN, NaN, NaN, NaN, NaN, NaN, NaN, NaN, 1.0]","[0.04, NaN, NaN, NaN, NaN, NaN, NaN, NaN, NaN, 0.0]","[0.18340611353711792, 0.043668122270742356, 0.056768558951965066, 0.039301310043668124, 0.034934497816593885, 0.021834061135371178, 0.008733624454148471, 0.03056768558951965, 0.013100436681222707, 0.05240174672489083, 0.06986899563318777, 0.13537117903930132, 0.31004366812227074]",0.2722,1.3494,3.4234,0.2733
openmrg,cml_idw10,steps,gauges,85,54,1.2708,0.6292,"[0.0003333333333333333, NaN, NaN, NaN, NaN, NaN, NaN, NaN, NaN, 0.9625]","[0.052, NaN, NaN, NaN, NaN, NaN, NaN, NaN, NaN, 0.05]","[0.18421052631578946, 0.07017543859649122, 0.013157894736842105, 0.039473684210526314, 0.02631578947368421, 0.03508771929824561, 0.017543859649122806, 0.013157894736842105, 0.017543859649122806, 0.043859649122807015, 0.05263157894736842, 0.14912280701754385, 0.33771929824561403]",0.2339,1.5250,4.1888,0.2545
openmrg,cml_idw10,steps,gauges,90,53,1.2083,0.5855,"[0.0, NaN, NaN, NaN, NaN, NaN, NaN, NaN, NaN, 0.9708333333333332]","[0.06, NaN, NaN, NaN, NaN, NaN, NaN, NaN, NaN, 0.0]","[0.17796610169491525, 0.059322033898305086, 0.038135593220338986, 0.0211864406779661, 0.0211864406779661, 0.038135593220338986, 0.03389830508474576, 0.01694915254237288, 0.01694915254237288, 0.029661016949152543, 0.0423728813559322, 0.11016949152542373, 0.3940677966101695]",0.1802,1.4898,3.4586,0.3325
openmrg,cml_idw40,steps,gauges,5,66,0.7819,0.8139,"[0.0004504504504504504, NaN, NaN, NaN, NaN, NaN, NaN, NaN, NaN, 0.9937499999999998]","[0.04864864864864865, NaN, NaN, NaN, NaN, NaN, NaN, NaN, NaN, 1.0]","[0.3008474576271186, 0.05084745762711865, 0.025423728813559324, 0.03389830508474576, 0.0423728813559322, 0.0423728813559322, 0.0423728813559322, 0.01694915254237288, 0.00847457627118644, 0.05508474576271186, 0.0423728813559322, 0.05508474576271186, 0.2838983050847458]",0.5345,0.9347,3.7104,0.4345
openmrg,cml_idw40,steps,gauges,10,64,0.5717,0.8309,"[0.0, NaN, NaN, NaN, NaN, NaN, NaN, NaN, NaN, 0.9944444444444444]","[0.028125, NaN, NaN, NaN, NaN, NaN, NaN, NaN, NaN, 0.9666666666666667]","[0.21839080459770116, 0.06130268199233716, 0.06130268199233716, 0.04597701149425287, 0.02681992337164751, 0.0421455938697318, 0.04597701149425287, 0.038314176245210725, 0.034482758620689655, 0.08045977011494253, 0.06896551724137931, 0.07662835249042145, 0.19923371647509577]",0.5298,0.7490,2.1339,0.5558
openmrg,cml_idw40,steps,gauges,15,64,0.7157,0.7981,"[0.00026041666666666666, NaN, NaN, NaN, NaN, NaN, NaN, NaN, NaN, 0.9875]","[0.015625, NaN, NaN, NaN, NaN, NaN, NaN, NaN, NaN, 0.95]","[0.2230769230769231, 0.06153846153846154, 0.06153846153846154, 0.03076923076923077, 0.03461538461538462, 0.03461538461538462, 0.04230769230769231, 0.03076923076923077, 0.04230769230769231, 0.05384615384615385, 0.06538461538461539, 0.11923076923076924, 0.2]",0.4651,0.9136,3.8533,0.3186
openmrg,cml_idw40,steps,gauges,20,61,0.8173,0.7657,"[0.00078125, NaN, NaN, NaN, NaN, NaN, NaN, NaN, NaN, 0.9833333333333333]","[0.028125, NaN, NaN, NaN, NaN, NaN, NaN, NaN, NaN, 0.9666666666666667]","[0.23846153846153847, 0.07307692307692308, 0.057692307692307696, 0.03461538461538462, 0.015384615384615385, 0.026923076923076925, 0.023076923076923078, 0.03461538461538462, 0.03461538461538462, 0.04230769230769231, 0.06153846153846154, 0.11153846153846154, 0.24615384615384617]",0.4497,1.0016,2.8147,0.4538
openmrg,cml_idw40,steps,gauges,25,60,0.9387,0.7771,"[0.00026881720430107527, NaN, NaN, NaN, NaN, NaN, NaN, NaN, NaN, 0.975]","[0.04516129032258064, NaN, NaN, NaN, NaN, NaN, NaN, NaN, NaN, 1.0]","[0.24907063197026022, 0.07806691449814127, 0.01858736059479554, 0.011152416356877323, 0.022304832713754646, 0.03345724907063197, 0.04460966542750929, 0.02973977695167286, 0.022304832713754646, 0.055762081784386616, 0.08921933085501858, 0.11524163568773234, 0.23048327137546468]",0.3966,1.1401,3.6348,0.4087
openmrg,cml_idw40,steps,gauges,30,60,0.9079,0.7284,"[0.0015624999999999999, NaN, NaN, NaN, NaN, NaN, NaN, NaN, NaN, 0.9791666666666666]","[0.034375, NaN, NaN, NaN, NaN, NaN, NaN, NaN, NaN, 1.0]","[0.27007299270072993, 0.07664233576642336, 0.04744525547445255, 0.010948905109489052, 0.032846715328467155, 0.029197080291970802, 0.032846715328467155, 0.014598540145985401, 0.0364963503649635, 0.029197080291970802, 0.08759124087591241, 0.12408759124087591, 0.20802919708029197]",0.2971,1.1505,3.0331,0.4601
openmrg,cml_idw40,steps,gauges,35,59,0.7625,0.7243,"[0.0005376344086021505, NaN, NaN, NaN, NaN, NaN, NaN, NaN, NaN, 0.9916666666666666]","[0.04516129032258064, NaN, NaN, NaN, NaN, NaN, NaN, NaN, NaN, 1.0]","[0.25735294117647056, 0.06985294117647059, 0.05514705882352941, 0.05514705882352941, 0.029411764705882353, 0.029411764705882353, 0.014705882352941176, 0.011029411764705883, 0.025735294117647058, 0.04411764705882353, 0.08455882352941177, 0.11397058823529412, 0.20955882352941177]",0.2907,1.0134,2.6288,0.4106
openmrg,cml_idw40,steps,gauges,40,59,0.7338,0.7240,"[0.0024193548387096775, NaN, NaN, NaN, NaN, NaN, NaN, NaN, NaN, 0.986111111111111]","[0.041935483870967745, NaN, NaN, NaN, NaN, NaN, NaN, NaN, NaN, 1.0]","[0.23616236162361623, 0.05904059040590406, 0.033210332103321034, 0.06273062730627306, 0.025830258302583026, 0.025830258302583026, 0.02214022140221402, 0.03690036900369004, 0.033210332103321034, 0.04428044280442804, 0.08856088560885608, 0.15498154981549817, 0.17712177121771217]",0.3086,0.9525,2.8829,0.4456
openmrg,cml_idw40,steps,gauges,45,58,0.8868,0.7152,"[0.0, NaN, NaN, NaN, NaN, NaN, NaN, NaN, NaN, 0.9875]","[0.07142857142857142, NaN, NaN, NaN, NaN, NaN, NaN, NaN, NaN, 0.9]","[0.2653846153846154, 0.038461538461538464, 0.03076923076923077, 0.03461538461538462, 0.038461538461538464, 0.05, 0.026923076923076925, 0.019230769230769232, 0.04230769230769231, 0.03461538461538462, 0.08461538461538462, 0.12692307692307692, 0.2076923076923077]",0.2981,1.0760,4.0065,0.2862
openmrg,cml_idw40,steps,gauges,50,56,0.9419,0.7219,"[0.0, NaN, NaN, NaN, NaN, NaN, NaN, NaN, NaN, 0.9958333333333332]","[0.08571428571428572, NaN, NaN, NaN, NaN, NaN, NaN, NaN, NaN, 1.0]","[0.25096525096525096, 0.05791505791505792, 0.02702702702702703, 0.03474903474903475, 0.019305019305019305, 0.023166023166023165, 0.03474903474903475, 0.03861003861003861, 0.03861003861003861, 0.03474903474903475, 0.09652509652509653, 0.1274131274131274, 0.21621621621621623]",0.3377,1.1395,3.6251,0.2775
openmrg,cml_idw40,steps,gauges,55,55,0.7743,0.7156,"[0.0, NaN, NaN, NaN, NaN, NaN, NaN, NaN, NaN, 0.9958333333333332]","[0.06296296296296296, NaN, NaN, NaN, NaN, NaN, NaN, NaN, NaN, 1.0]","[0.284, 0.052, 0.028, 0.032, 0.024, 0.032, 0.028, 0.028, 0.032, 0.052, 0.1, 0.12, 0.188]",0.3261,0.9733,2.4138,0.2814
openmrg,cml_idw40,steps,gauges,60,54,0.7817,0.7087,"[0.0, NaN, NaN, NaN, NaN, NaN, NaN, NaN, NaN, 0.9888888888888888]","[0.07692307692307693, NaN, NaN, NaN, NaN, NaN, NaN, NaN, NaN, 0.8]","[0.28957528957528955, 0.05405405405405406, 0.023166023166023165, 0.04633204633204633, 0.02702702702702703, 0.023166023166023165, 0.023166023166023165, 0.015444015444015444, 0.03088803088803089, 0.07722007722007722, 0.06563706563706563, 0.1583011583011583, 0.16602316602316602]",0.2910,1.0009,2.7278,0.2661
openmrg,cml_idw40,steps,gauges,65,53,0.7648,0.7108,"[0.0, NaN, NaN, NaN, NaN, NaN, NaN, NaN, NaN, 0.9833333333333333]","[0.05, NaN, NaN, NaN, NaN, NaN, NaN, NaN, NaN, 0.7]","[0.304, 0.068, 0.02, 0.028, 0.028, 0.008, 0.02, 0.028, 0.052, 0.06, 0.076, 0.156, 0.152]",0.2824,0.9756,3.0799,0.2214
openmrg,cml_idw40,steps,gauges,70,52,0.6443,0.7000,"[0.0, NaN, NaN, NaN, NaN, NaN, NaN, NaN, NaN, 0.9805555555555555]","[0.04230769230769231, NaN, NaN, NaN, NaN, NaN, NaN, NaN, NaN, 0.7]","[0.29338842975206614, 0.07024793388429752, 0.04132231404958678, 0.028925619834710745, 0.02066115702479339, 0.01652892561983471, 0.028925619834710745, 0.024793388429752067, 0.028925619834710745, 0.10330578512396695, 0.05785123966942149, 0.1322314049586777, 0.15289256198347106]",0.2500,0.8566,2.1780,0.3697
openmrg,cml_idw40,steps,gauges,75,51,0.6778,0.6900,"[0.0, NaN, NaN, NaN, NaN, NaN, NaN, NaN, NaN, 0.9972222222222221]","[0.046153846153846156, NaN, NaN, NaN, NaN, NaN, NaN, NaN, NaN, 0.7333333333333333]","[0.2892561983471074, 0.06611570247933884, 0.03305785123966942, 0.0371900826446281, 0.02066115702479339, 0.008264462809917356, 0.01652892561983471, 0.0371900826446281, 0.06198347107438017, 0.05371900826446281, 0.10743801652892562, 0.09504132231404959, 0.17355371900826447]",0.2463,0.8918,2.1629,0.4259
openmrg,cml_idw40,steps,gauges,80,50,0.7934,0.6888,"[0.0, NaN, NaN, NaN, NaN, NaN, NaN, NaN, NaN, 1.0]","[0.05384615384615385, NaN, NaN, NaN, NaN, NaN, NaN, NaN, NaN, 1.0]","[0.2510460251046025, 0.08368200836820083, 0.02510460251046025, 0.02510460251046025, 0.03347280334728033, 0.029288702928870293, 0.012552301255230125, 0.016736401673640166, 0.03765690376569038, 0.0502092050209205, 0.1087866108786611, 0.10460251046025104, 0.2217573221757322]",0.2971,0.9892,2.6265,0.3861
openmrg,cml_idw40,steps,gauges,85,49,0.9195,0.6457,"[0.0, NaN, NaN, NaN, NaN, NaN, NaN, NaN, NaN, 0.9805555555555555]","[0.057692307692307696, NaN, NaN, NaN, NaN, NaN, NaN, NaN, NaN, 0.6333333333333333]","[0.25, 0.07142857142857142, 0.04017857142857143, 0.03571428571428571, 0.03125, 0.026785714285714284, 0.026785714285714284, 0.026785714285714284, 0.026785714285714284, 0.05357142857142857, 0.0625, 0.11160714285714286, 0.23660714285714285]",0.2263,1.1057,3.6424,0.3240
openmrg,cml_idw40,steps,gauges,90,49,0.8786,0.6726,"[0.000641025641025641, NaN, NaN, NaN, NaN, NaN, NaN, NaN, NaN, 0.9791666666666666]","[0.05, NaN, NaN, NaN, NaN, NaN, NaN, NaN, NaN, 0.5]","[0.24774774774774774, 0.06756756756756757, 0.03153153153153153, 0.04054054054054054, 0.03153153153153153, 0.02702702702702703, 0.013513513513513514, 0.036036036036036036, 0.04504504504504504, 0.02702702702702703, 0.07657657657657657, 0.10810810810810811, 0.24774774774774774]",0.2090,1.0932,2.8257,0.4736
openmrg,merged,steps,gauges,5,127,0.6975,0.8225,"[0.0007062146892655366, NaN, NaN, NaN, NaN, NaN, NaN, NaN, NaN, 0.9916666666666666]","[0.030508474576271188, NaN, NaN, NaN, NaN, NaN, NaN, NaN, NaN, 1.0]","[0.1201923076923077, 0.052884615384615384, 0.04006410256410257, 0.05929487179487179, 0.041666666666666664, 0.049679487179487176, 0.0641025641025641, 0.07051282051282051, 0.049679487179487176, 0.0625, 0.09775641025641026, 0.13942307692307693, 0.15224358974358973]",0.5030,0.9276,3.4289,0.3436
openmrg,merged,steps,gauges,10,127,0.5270,0.8330,"[0.0016666666666666668, NaN, NaN, NaN, NaN, NaN, NaN, NaN, NaN, NaN]","[0.02, NaN, NaN, NaN, NaN, NaN, NaN, NaN, NaN, NaN]","[0.07162534435261708, 0.03581267217630854, 0.04269972451790634, 0.05371900826446281, 0.06336088154269973, 0.06473829201101929, 0.0674931129476584, 0.07851239669421488, 0.07162534435261708, 0.09366391184573003, 0.11570247933884298, 0.12947658402203857, 0.1115702479338843]",0.4694,0.8212,2.0906,0.5151
openmrg,merged,steps,gauges,15,126,0.6415,0.8148,"[0.004006410256410256, NaN, NaN, NaN, NaN, NaN, NaN, NaN, NaN, NaN]","[0.023076923076923078, NaN, NaN, NaN, NaN, NaN, NaN, NaN, NaN, NaN]","[0.04665825977301387, 0.05548549810844893, 0.0416141235813367, 0.05422446406052964, 0.05548549810844893, 0.058007566204287514, 0.05926860025220681, 0.07313997477931904, 0.07061790668348046, 0.09079445145018916, 0.1273644388398487, 0.15762925598991173, 0.10970996216897856]",0.4469,0.9560,3.1333,0.3156
openmrg,merged,steps,gauges,20,124,0.6883,0.7882,"[0.003999999999999999, NaN, NaN, NaN, NaN, NaN, NaN, NaN, NaN, NaN]","[0.02, NaN, NaN, NaN, NaN, NaN, NaN, NaN, NaN, NaN]","[0.032663316582914576, 0.04522613065326633, 0.04396984924623116, 0.059045226130653265, 0.04773869346733668, 0.052763819095477386, 0.052763819095477386, 0.06030150753768844, 0.07663316582914573, 0.09673366834170855, 0.11683417085427136, 0.17839195979899497, 0.13693467336683418]",0.4071,0.9431,2.4742,0.3995
openmrg,merged,steps,gauges,25,121,0.8034,0.7639,"[0.004761904761904762, NaN, NaN, NaN, NaN, NaN, NaN, NaN, NaN, NaN]","[0.03571428571428571, NaN, NaN, NaN, NaN, NaN, NaN, NaN, NaN, NaN]","[0.0392156862745098, 0.049019607843137254, 0.051470588235294115, 0.03799019607843137, 0.056372549019607844, 0.04534313725490196, 0.06004901960784314, 0.049019607843137254, 0.07352941176470588, 0.09681372549019608, 0.12622549019607843, 0.17401960784313725, 0.1409313725490196]",0.3724,1.1186,3.0691,0.3633
openmrg,merged,steps,gauges,30,121,0.7491,0.7357,"[0.005630630630630631, NaN, NaN, NaN, NaN, NaN, NaN, NaN, NaN, NaN]","[0.02972972972972973, NaN, NaN, NaN, NaN, NaN, NaN, NaN, NaN, NaN]","[0.0423728813559322, 0.04963680387409201, 0.05084745762711865, 0.04963680387409201, 0.04600484261501211, 0.04963680387409201, 0.05084745762711865, 0.05690072639225181, 0.07021791767554479, 0.09685230024213075, 0.1440677966101695, 0.17191283292978207, 0.12106537530266344]",0.3003,1.1127,2.5673,0.3817
openmrg,merged,steps,gauges,35,118,0.7382,0.7248,"[0.008333333333333335, NaN, NaN, NaN, NaN, NaN, NaN, NaN, NaN, NaN]","[0.037142857142857144, NaN, NaN, NaN, NaN, NaN, NaN, NaN, NaN, NaN]","[0.03558282208588957, 0.05030674846625767, 0.05521472392638037, 0.0392638036809816, 0.044171779141104296, 0.046625766871165646, 0.04294478527607362, 0.07239263803680981, 0.07239263803680981, 0.09079754601226994, 0.12883435582822086, 0.20122699386503068, 0.12024539877300613]",0.3274,1.0907,2.5910,0.3267
openmrg,merged,steps,gauges,40,115,0.7177,0.7242,"[0.007352941176470588, NaN, NaN, NaN, NaN, NaN, NaN, NaN, NaN, NaN]","[0.047058823529411764, NaN, NaN, NaN, NaN, NaN, NaN, NaN, NaN, NaN]","[0.03626943005181347, 0.04145077720207254, 0.05958549222797927, 0.04404145077720207, 0.05310880829015544, 0.04533678756476684, 0.046632124352331605, 0.07642487046632124, 0.07642487046632124, 0.09067357512953368, 0.12953367875647667, 0.1878238341968912, 0.11269430051813471]",0.3258,1.0543,2.3561,0.2811
openmrg,merged,steps,gauges,45,111,0.8915,0.6750,"[0.008653846153846154, NaN, NaN, NaN, NaN, NaN, NaN, NaN, NaN, NaN]","[0.06923076923076923, NaN, NaN, NaN, NaN, NaN, NaN, NaN, NaN, NaN]","[0.02830188679245283, 0.03504043126684636, 0.04716981132075472, 0.05256064690026954, 0.04851752021563342, 0.04986522911051213, 0.04043126684636118, 0.04043126684636118, 0.07681940700808626, 0.11590296495956873, 0.1347708894878706, 0.18867924528301888, 0.14150943396226415]",0.2912,1.2408,3.3562,0.1435
openmrg,merged,steps,gauges,50,106,0.8948,0.7097,"[0.004761904761904762, NaN, NaN, NaN, NaN, NaN, NaN, NaN, NaN, NaN]","[0.01904761904761905, NaN, NaN, NaN, NaN, NaN, NaN, NaN, NaN, NaN]","[0.020588235294117647, 0.033823529411764704, 0.052941176470588235, 0.03823529411764706, 0.04411764705882353, 0.05, 0.04264705882352941, 0.07647058823529412, 0.06911764705882353, 0.12352941176470589, 0.15, 0.18088235294117647, 0.11764705882352941]",0.2970,1.2320,3.5582,0.1193
openmrg,merged,steps,gauges,55,99,0.7261,0.6655,"[0.008333333333333333, NaN, NaN, NaN, NaN, NaN, NaN, NaN, NaN, NaN]","[0.06086956521739131, NaN, NaN, NaN, NaN, NaN, NaN, NaN, NaN, NaN]","[0.018808777429467086, 0.03605015673981191, 0.045454545454545456, 0.054858934169279, 0.047021943573667714, 0.054858934169279, 0.06583072100313479, 0.06269592476489028, 0.08307210031347963, 0.09404388714733543, 0.11598746081504702, 0.2084639498432602, 0.11285266457680251]",0.2606,1.0842,2.5254,0.1659
openmrg,merged,steps,gauges,60,91,0.6511,0.6661,"[0.012499999999999999, NaN, NaN, NaN, NaN, NaN, NaN, NaN, NaN, NaN]","[0.0375, NaN, NaN, NaN, NaN, NaN, NaN, NaN, NaN, NaN]","[0.021996615905245348, 0.03722504230118443, 0.04060913705583756, 0.047377326565143825, 0.04060913705583756, 0.06937394247038917, 0.047377326565143825, 0.07445008460236886, 0.09306260575296109, 0.09306260575296109, 0.15397631133671744, 0.18612521150592218, 0.09475465313028765]",0.2097,0.9914,2.5012,0.1002
openmrg,merged,steps,gauges,65,82,0.7232,0.6806,"[0.006666666666666666, NaN, NaN, NaN, NaN, NaN, NaN, NaN, NaN, NaN]","[0.025, NaN, NaN, NaN, NaN, NaN, NaN, NaN, NaN, NaN]","[0.014545454545454545, 0.025454545454545455, 0.06, 0.056363636363636366, 0.04181818181818182, 0.056363636363636366, 0.06727272727272728, 0.07272727272727272, 0.08545454545454545, 0.10727272727272727, 0.12363636363636364, 0.21272727272727274, 0.07636363636363637]",0.2044,1.0763,3.9707,0.0783
openmrg,merged,steps,gauges,70,75,0.4855,0.6557,"[0.010227272727272725, NaN, NaN, NaN, NaN, NaN, NaN, NaN, NaN, NaN]","[0.022727272727272728, NaN, NaN, NaN, NaN, NaN, NaN, NaN, NaN, NaN]","[0.025341130604288498, 0.01364522417153996, 0.050682261208576995, 0.05847953216374269, 0.05847953216374269, 0.042884990253411304, 0.08187134502923976, 0.07212475633528265, 0.07992202729044834, 0.09746588693957114, 0.15594541910331383, 0.1793372319688109, 0.08382066276803118]",0.1602,0.8553,1.8827,0.1198
openmrg,merged,steps,gauges,75,71,0.6689,0.6794,"[0.00992063492063492, NaN, NaN, NaN, NaN, NaN, NaN, NaN, NaN, NaN]","[0.03333333333333333, NaN, NaN, NaN, NaN, NaN, NaN, NaN, NaN, NaN]","[0.02053388090349076, 0.030800821355236138, 0.055441478439425054, 0.055441478439425054, 0.04722792607802875, 0.04722792607802875, 0.04722792607802875, 0.08008213552361396, 0.08829568788501027, 0.1026694045174538, 0.14989733059548255, 0.18480492813141683, 0.09034907597535935]",0.1616,1.0260,3.8595,0.0554
openmrg,merged,steps,gauges,80,66,0.7420,0.6416,"[0.007142857142857143, NaN, NaN, NaN, NaN, NaN, NaN, NaN, NaN, NaN]","[0.0380952380952381, NaN, NaN, NaN, NaN, NaN, NaN, NaN, NaN, NaN]","[0.016985138004246284, 0.036093418259023353, 0.036093418259023353, 0.05732484076433121, 0.07218683651804671, 0.05732484076433121, 0.04670912951167728, 0.055201698513800426, 0.08917197452229299, 0.09129511677282377, 0.12526539278131635, 0.19957537154989385, 0.11677282377919321]",0.1754,1.1146,2.8050,0.0841
openmrg,merged,steps,gauges,85,62,0.8284,0.5795,"[0.007017543859649122, NaN, NaN, NaN, NaN, NaN, NaN, NaN, NaN, NaN]","[0.04736842105263158, NaN, NaN, NaN, NaN, NaN, NaN, NaN, NaN, NaN]","[0.008928571428571428, 0.022321428571428572, 0.04017857142857143, 0.07142857142857142, 0.05357142857142857, 0.07142857142857142, 0.046875, 0.05357142857142857, 0.05580357142857143, 0.10267857142857142, 0.125, 0.21428571428571427, 0.13392857142857142]",0.1347,1.1737,3.5255,0.0467
openmrg,merged,steps,gauges,90,60,0.6596,0.5883,"[0.007456140350877192, NaN, NaN, NaN, NaN, NaN, NaN, NaN, NaN, NaN]","[0.042105263157894736, NaN, NaN, NaN, NaN, NaN, NaN, NaN, NaN, NaN]","[0.004484304932735426, 0.01569506726457399, 0.03811659192825112, 0.07174887892376682, 0.08071748878923767, 0.04708520179372197, 0.05829596412556054, 0.04932735426008968, 0.06053811659192825, 0.06278026905829596, 0.1726457399103139, 0.21973094170403587, 0.11883408071748879]",0.1027,1.0121,2.4502,0.0479
openmrg,pws_idw,steps,gauges,5,123,0.6737,0.8604,"[0.0018678160919540232, NaN, NaN, NaN, NaN, NaN, NaN, NaN, NaN, 0.9949999999999999]","[0.04482758620689655, NaN, NaN, NaN, NaN, NaN, NaN, NaN, NaN, 0.96]","[0.19791666666666666, 0.0625, 0.078125, 0.06770833333333333, 0.050347222222222224, 0.06770833333333333, 0.059027777777777776, 0.05555555555555555, 0.05381944444444445, 0.04861111111111111, 0.03125, 0.0642361111111111, 0.16319444444444445]",0.5253,0.8422,3.4254,0.3169
openmrg,pws_idw,steps,gauges,10,120,0.5470,0.8448,"[0.0031666666666666666, NaN, NaN, NaN, NaN, NaN, NaN, NaN, NaN, 0.9875]","[0.054, NaN, NaN, NaN, NaN, NaN, NaN, NaN, NaN, 0.9666666666666667]","[0.14177978883861236, 0.05580693815987934, 0.06485671191553545, 0.05580693815987934, 0.07390648567119155, 0.06184012066365008, 0.058823529411764705, 0.06636500754147813, 0.0693815987933635, 0.06033182503770739, 0.07390648567119155, 0.09653092006033183, 0.12066365007541478]",0.4907,0.7791,1.9995,0.4917
openmrg,pws_idw,steps,gauges,15,116,0.7179,0.8151,"[0.003125, NaN, NaN, NaN, NaN, NaN, NaN, NaN, NaN, 0.9899999999999999]","[0.058333333333333334, NaN, NaN, NaN, NaN, NaN, NaN, NaN, NaN, 0.94]","[0.12684365781710916, 0.07079646017699115, 0.061946902654867256, 0.04424778761061947, 0.058997050147492625, 0.06932153392330384, 0.06784660766961652, 0.07227138643067847, 0.05604719764011799, 0.07227138643067847, 0.06489675516224189, 0.08112094395280237, 0.15339233038348082]",0.4435,0.9767,3.1881,0.3131
openmrg,pws_idw,steps,gauges,20,112,0.7787,0.7955,"[0.004545454545454544, NaN, NaN, NaN, NaN, NaN, NaN, NaN, NaN, 0.975]","[0.07727272727272727, NaN, NaN, NaN, NaN, NaN, NaN, NaN, NaN, 0.85]","[0.07014925373134329, 0.0880597014925373, 0.05522388059701493, 0.058208955223880594, 0.04477611940298507, 0.06865671641791045, 0.08656716417910448, 0.07462686567164178, 0.07313432835820896, 0.06716417910447761, 0.06716417910447761, 0.07611940298507462, 0.1701492537313433]",0.4239,1.0515,2.6319,0.3753
openmrg,pws_idw,steps,gauges,25,109,0.9483,0.7706,"[0.003787878787878788, NaN, NaN, NaN, NaN, NaN, NaN, NaN, NaN, 0.9816666666666666]","[0.06060606060606061, NaN, NaN, NaN, NaN, NaN, NaN, NaN, NaN, 0.86]","[0.09941520467836257, 0.06871345029239766, 0.05263157894736842, 0.05263157894736842, 0.05847953216374269, 0.06432748538011696, 0.07017543859649122, 0.09649122807017543, 0.08625730994152046, 0.07017543859649122, 0.05847953216374269, 0.06871345029239766, 0.15350877192982457]",0.3905,1.2721,3.3610,0.3169
openmrg,pws_idw,steps,gauges,30,104,0.8547,0.7599,"[0.002083333333333333, NaN, NaN, NaN, NaN, NaN, NaN, NaN, NaN, 0.9833333333333332]","[0.04642857142857143, NaN, NaN, NaN, NaN, NaN, NaN, NaN, NaN, 0.9]","[0.10698365527488855, 0.06092124814264487, 0.041604754829123326, 0.03714710252600297, 0.04309063893016345, 0.06686478454680535, 0.1099554234769688, 0.11292719167904904, 0.09658246656760773, 0.06983655274888559, 0.0549777117384844, 0.0638930163447251, 0.1352154531946508]",0.3390,1.2185,2.7811,0.3699
openmrg,pws_idw,steps,gauges,35,94,0.7794,0.7743,"[0.00456989247311828, NaN, NaN, NaN, NaN, NaN, NaN, NaN, NaN, 0.975]","[0.054838709677419356, NaN, NaN, NaN, NaN, NaN, NaN, NaN, NaN, 1.0]","[0.07174887892376682, 0.0687593423019432, 0.07025411061285501, 0.04484304932735426, 0.052316890881913304, 0.0687593423019432, 0.07922272047832586, 0.09417040358744394, 0.09566517189835576, 0.06726457399103139, 0.08221225710014948, 0.08520179372197309, 0.11958146487294469]",0.3547,1.1492,2.6786,0.3275
openmrg,pws_idw,steps,gauges,40,94,0.7653,0.7940,"[0.015277777777777777, NaN, NaN, NaN, NaN, NaN, NaN, NaN, NaN, 0.9583333333333333]","[0.05555555555555555, NaN, NaN, NaN, NaN, NaN, NaN, NaN, NaN, 0.9]","[0.06097560975609756, 0.06097560975609756, 0.056402439024390245, 0.057926829268292686, 0.04725609756097561, 0.056402439024390245, 0.057926829268292686, 0.09298780487804878, 0.0975609756097561, 0.0975609756097561, 0.0975609756097561, 0.10365853658536585, 0.11280487804878049]",0.3802,1.1261,2.8264,0.3119
openmrg,pws_idw,steps,gauges,45,93,1.0189,0.7675,"[0.002564102564102564, NaN, NaN, NaN, NaN, NaN, NaN, NaN, NaN, 0.9833333333333333]","[0.06923076923076923, NaN, NaN, NaN, NaN, NaN, NaN, NaN, NaN, 0.7666666666666667]","[0.08682170542635659, 0.04496124031007752, 0.04961240310077519, 0.04806201550387597, 0.03565891472868217, 0.05736434108527132, 0.05891472868217054, 0.09302325581395349, 0.09302325581395349, 0.10542635658914729, 0.10852713178294573, 0.08837209302325581, 0.13023255813953488]",0.3701,1.3753,3.9080,0.1868
openmrg,pws_idw,steps,gauges,50,92,1.0959,0.7753,"[0.00617283950617284, NaN, NaN, NaN, NaN, NaN, NaN, NaN, NaN, 0.9749999999999998]","[0.1, NaN, NaN, NaN, NaN, NaN, NaN, NaN, NaN, 0.36666666666666664]","[0.09569377990430622, 0.08133971291866028, 0.04146730462519936, 0.03508771929824561, 0.0430622009569378, 0.07017543859649122, 0.06698564593301436, 0.07814992025518341, 0.08931419457735247, 0.10047846889952153, 0.10047846889952153, 0.06379585326953748, 0.1339712918660287]",0.3830,1.4643,4.0185,0.1469
openmrg,pws_idw,steps,gauges,55,90,0.9272,0.7494,"[0.004320987654320987, NaN, NaN, NaN, NaN, NaN, NaN, NaN, NaN, 0.9708333333333332]","[0.09259259259259259, NaN, NaN, NaN, NaN, NaN, NaN, NaN, NaN, 0.5]","[0.08090614886731391, 0.06472491909385113, 0.05663430420711974, 0.045307443365695796, 0.05177993527508091, 0.05177993527508091, 0.059870550161812294, 0.08414239482200647, 0.11326860841423948, 0.09223300970873786, 0.09061488673139159, 0.06472491909385113, 0.14401294498381878]",0.3553,1.2896,2.8745,0.2062
openmrg,pws_idw,steps,gauges,60,88,0.8687,0.7515,"[0.001736111111111111, NaN, NaN, NaN, NaN, NaN, NaN, NaN, NaN, 0.9805555555555555]","[0.13333333333333333, NaN, NaN, NaN, NaN, NaN, NaN, NaN, NaN, 0.36666666666666664]","[0.09950248756218906, 0.07960199004975124, 0.05140961857379768, 0.05140961857379768, 0.03980099502487562, 0.05970149253731343, 0.07131011608623548, 0.0912106135986733, 0.06799336650082918, 0.09618573797678276, 0.087893864013267, 0.07296849087893864, 0.1310116086235489]",0.3303,1.2445,2.7645,0.2163
openmrg,pws_idw,steps,gauges,65,87,0.9781,0.7744,"[0.005654761904761905, NaN, NaN, NaN, NaN, NaN, NaN, NaN, NaN, 0.9833333333333332]","[0.08571428571428572, NaN, NaN, NaN, NaN, NaN, NaN, NaN, NaN, 0.85]","[0.0979381443298969, 0.04982817869415808, 0.061855670103092786, 0.037800687285223365, 0.05154639175257732, 0.07388316151202749, 0.07388316151202749, 0.08419243986254296, 0.07388316151202749, 0.09106529209621993, 0.09621993127147767, 0.08934707903780069, 0.11855670103092783]",0.3702,1.3387,4.3206,0.0997
openmrg,pws_idw,steps,gauges,70,85,0.8236,0.7167,"[0.005555555555555556, NaN, NaN, NaN, NaN, NaN, NaN, NaN, NaN, 1.0]","[0.11481481481481481, NaN, NaN, NaN, NaN, NaN, NaN, NaN, NaN, 0.5]","[0.09490333919156414, 0.056239015817223195, 0.054481546572934976, 0.03690685413005272, 0.04745166959578207, 0.050966608084358524, 0.056239015817223195, 0.0843585237258348, 0.08611599297012303, 0.09314586994727592, 0.10017574692442882, 0.10720562390158173, 0.13181019332161686]",0.3300,1.1914,2.5614,0.2394
openmrg,pws_idw,steps,gauges,75,84,0.9454,0.7491,"[0.007333333333333333, NaN, NaN, NaN, NaN, NaN, NaN, NaN, NaN, 0.9861111111111109]","[0.112, NaN, NaN, NaN, NaN, NaN, NaN, NaN, NaN, 0.8333333333333334]","[0.09392265193370165, 0.07918968692449356, 0.053406998158379376, 0.03683241252302026, 0.03867403314917127, 0.053406998158379376, 0.0718232044198895, 0.07918968692449356, 0.09208103130755065, 0.0847145488029466, 0.09023941068139964, 0.09208103130755065, 0.13443830570902393]",0.3484,1.3106,3.8198,0.1948
openmrg,pws_idw,steps,gauges,80,82,1.0409,0.7186,"[0.009259259259259259, NaN, NaN, NaN, NaN, NaN, NaN, NaN, NaN, 0.9958333333333332]","[0.15185185185185185, NaN, NaN, NaN, NaN, NaN, NaN, NaN, NaN, 0.8]","[0.08851224105461393, 0.06779661016949153, 0.0583804143126177, 0.03766478342749529, 0.04519774011299435, 0.032015065913371, 0.07156308851224105, 0.06779661016949153, 0.07156308851224105, 0.08286252354048965, 0.08851224105461393, 0.10357815442561205, 0.18455743879472694]",0.3200,1.4142,2.9818,0.2895
openmrg,pws_idw,steps,gauges,85,78,1.0836,0.6986,"[0.003703703703703704, NaN, NaN, NaN, NaN, NaN, NaN, NaN, NaN, 0.9666666666666666]","[0.1037037037037037, NaN, NaN, NaN, NaN, NaN, NaN, NaN, NaN, 0.75]","[0.078125, 0.029296875, 0.052734375, 0.0546875, 0.046875, 0.0625, 0.037109375, 0.06640625, 0.0859375, 0.078125, 0.08203125, 0.115234375, 0.2109375]",0.3058,1.4276,3.2069,0.3091
openmrg,pws_idw,steps,gauges,90,76,1.0291,0.6911,"[0.002430555555555555, NaN, NaN, NaN, NaN, NaN, NaN, NaN, NaN, 0.9916666666666666]","[0.09583333333333334, NaN, NaN, NaN, NaN, NaN, NaN, NaN, NaN, 0.7]","[0.08793456032719836, 0.034764826175869123, 0.0736196319018405, 0.05930470347648262, 0.06339468302658487, 0.053169734151329244, 0.049079754601226995, 0.044989775051124746, 0.07770961145194274, 0.07975460122699386, 0.08997955010224949, 0.08793456032719836, 0.1983640081799591]",0.2842,1.3919,2.9492,0.3412
openmrg,cml_idw20,steps,gauges,5,70,0.5255,0.7888,"[0.0001984126984126984, NaN, NaN, NaN, NaN, NaN, NaN, NaN, NaN, 0.9972222222222221]","[0.0380952380952381, NaN, NaN, NaN, NaN, NaN, NaN, NaN, NaN, 0.9333333333333333]","[0.27586206896551724, 0.06403940886699508, 0.03940886699507389, 0.034482758620689655, 0.024630541871921183, 0.029556650246305417, 0.009852216748768473, 0.029556650246305417, 0.034482758620689655, 0.029556650246305417, 0.034482758620689655, 0.059113300492610835, 0.33497536945812806]",0.4906,0.6449,1.8725,0.5671
openmrg,cml_idw20,steps,gauges,10,69,0.4557,0.7904,"[0.0009009009009009008, NaN, NaN, NaN, NaN, NaN, NaN, NaN, NaN, 0.9944444444444444]","[0.032432432432432434, NaN, NaN, NaN, NaN, NaN, NaN, NaN, NaN, 0.9333333333333333]","[0.1939655172413793, 0.05172413793103448, 0.04741379310344827, 0.03017241379310345, 0.05603448275862069, 0.03879310344827586, 0.034482758620689655, 0.03017241379310345, 0.021551724137931036, 0.03879310344827586, 0.08620689655172414, 0.10344827586206896, 0.2672413793103448]",0.4870,0.5845,1.6449,0.6199
openmrg,cml_idw20,steps,gauges,15,68,0.5375,0.7637,"[0.0, NaN, NaN, NaN, NaN, NaN, NaN, NaN, NaN, 0.9916666666666666]","[0.011428571428571429, NaN, NaN, NaN, NaN, NaN, NaN, NaN, NaN, 0.8666666666666667]","[0.2163265306122449, 0.044897959183673466, 0.0653061224489796, 0.02040816326530612, 0.04081632653061224, 0.06938775510204082, 0.02040816326530612, 0.02857142857142857, 0.02857142857142857, 0.04081632653061224, 0.07346938775510205, 0.11428571428571428, 0.23673469387755103]",0.3987,0.6875,1.8769,0.5238
openmrg,cml_idw20,steps,gauges,20,65,0.6898,0.7492,"[0.0009523809523809524, NaN, NaN, NaN, NaN, NaN, NaN, NaN, NaN, 0.9916666666666666]","[0.025714285714285714, NaN, NaN, NaN, NaN, NaN, NaN, NaN, NaN, 0.9666666666666667]","[0.20078740157480315, 0.06299212598425197, 0.051181102362204724, 0.031496062992125984, 0.01968503937007874, 0.015748031496062992, 0.01968503937007874, 0.015748031496062992, 0.047244094488188976, 0.05511811023622047, 0.07480314960629922, 0.1377952755905512, 0.2677165354330709]",0.4051,0.8342,2.4344,0.4858
openmrg,cml_idw20,steps,gauges,25,63,0.7739,0.7308,"[0.0012626262626262625, NaN, NaN, NaN, NaN, NaN, NaN, NaN, NaN, 0.9958333333333332]","[0.04242424242424243, NaN, NaN, NaN, NaN, NaN, NaN, NaN, NaN, 0.85]","[0.19767441860465115, 0.06976744186046512, 0.03488372093023256, 0.023255813953488372, 0.023255813953488372, 0.01937984496124031, 0.03488372093023256, 0.04263565891472868, 0.03875968992248062, 0.05813953488372093, 0.06201550387596899, 0.1434108527131783, 0.25193798449612403]",0.3642,0.9331,3.1838,0.3932
openmrg,cml_idw20,steps,gauges,30,63,0.8368,0.6749,"[0.0015151515151515152, NaN, NaN, NaN, NaN, NaN, NaN, NaN, NaN, 1.0]","[0.03333333333333333, NaN, NaN, NaN, NaN, NaN, NaN, NaN, NaN, 1.0]","[0.26436781609195403, 0.05363984674329502, 0.0421455938697318, 0.034482758620689655, 0.02681992337164751, 0.019157088122605363, 0.019157088122605363, 0.038314176245210725, 0.02681992337164751, 0.06513409961685823, 0.07279693486590039, 0.11494252873563218, 0.2222222222222222]",0.2744,1.0081,2.6785,0.3787
openmrg,cml_idw20,steps,gauges,35,62,0.8358,0.7064,"[0.0026041666666666665, NaN, NaN, NaN, NaN, NaN, NaN, NaN, NaN, 0.9916666666666666]","[0.04375, NaN, NaN, NaN, NaN, NaN, NaN, NaN, NaN, 1.0]","[0.2548262548262548, 0.05791505791505792, 0.04633204633204633, 0.03088803088803089, 0.023166023166023165, 0.015444015444015444, 0.015444015444015444, 0.03474903474903475, 0.03861003861003861, 0.05405405405405406, 0.10424710424710425, 0.10424710424710425, 0.22007722007722008]",0.3155,0.9994,2.9704,0.2965
openmrg,cml_idw20,steps,gauges,40,62,0.8571,0.7146,"[0.00390625, NaN, NaN, NaN, NaN, NaN, NaN, NaN, NaN, 1.0]","[0.0375, NaN, NaN, NaN, NaN, NaN, NaN, NaN, NaN, 1.0]","[0.2462686567164179, 0.0708955223880597, 0.033582089552238806, 0.033582089552238806, 0.022388059701492536, 0.041044776119402986, 0.011194029850746268, 0.018656716417910446, 0.029850746268656716, 0.04477611940298507, 0.10074626865671642, 0.13432835820895522, 0.2126865671641791]",0.3030,1.0455,3.1150,0.3596
openmrg,cml_idw20,steps,gauges,45,60,1.0067,0.7273,"[0.004722222222222221, NaN, NaN, NaN, NaN, NaN, NaN, NaN, NaN, 0.9916666666666666]","[0.06666666666666667, NaN, NaN, NaN, NaN, NaN, NaN, NaN, NaN, 0.9]","[0.26459143968871596, 0.03501945525291829, 0.03501945525291829, 0.038910505836575876, 0.03501945525291829, 0.023346303501945526, 0.019455252918287938, 0.023346303501945526, 0.04669260700389105, 0.04669260700389105, 0.07782101167315175, 0.10894941634241245, 0.245136186770428]",0.3234,1.1845,4.1317,0.2558
openmrg,cml_idw20,steps,gauges,50,58,1.1385,0.7203,"[0.0020114942528735628, NaN, NaN, NaN, NaN, NaN, NaN, NaN, NaN, 0.9958333333333332]","[0.05172413793103448, NaN, NaN, NaN, NaN, NaN, NaN, NaN, NaN, 0.55]","[0.2450592885375494, 0.05928853754940711, 0.05533596837944664, 0.019762845849802372, 0.015810276679841896, 0.02766798418972332, 0.03557312252964427, 0.007905138339920948, 0.06324110671936758, 0.02766798418972332, 0.06719367588932806, 0.1225296442687747, 0.25296442687747034]",0.3184,1.3580,4.3624,0.2111
openmrg,cml_idw20,steps,gauges,55,58,0.9743,0.7266,"[0.0011904761904761904, NaN, NaN, NaN, NaN, NaN, NaN, NaN, NaN, 0.9944444444444444]","[0.04642857142857143, NaN, NaN, NaN, NaN, NaN, NaN, NaN, NaN, 0.6666666666666666]","[0.2840466926070039, 0.0622568093385214, 0.0311284046692607, 0.0311284046692607, 0.03501945525291829, 0.019455252918287938, 0.023346303501945526, 0.03501945525291829, 0.019455252918287938, 0.038910505836575876, 0.05058365758754864, 0.14007782101167315, 0.22957198443579765]",0.3216,1.2032,2.8941,0.2108
openmrg,cml_idw20,steps,gauges,60,57,0.9436,0.6918,"[0.0017857142857142857, NaN, NaN, NaN, NaN, NaN, NaN, NaN, NaN, 0.9972222222222221]","[0.060714285714285714, NaN, NaN, NaN, NaN, NaN, NaN, NaN, NaN, 0.5666666666666667]","[0.3106060606060606, 0.06439393939393939, 0.05303030303030303, 0.01893939393939394, 0.003787878787878788, 0.011363636363636364, 0.026515151515151516, 0.01893939393939394, 0.011363636363636364, 0.041666666666666664, 0.06818181818181818, 0.14015151515151514, 0.23106060606060605]",0.2629,1.1981,2.9027,0.2189
openmrg,cml_idw20,steps,gauges,65,56,0.8815,0.7021,"[0.004310344827586207, NaN, NaN, NaN, NaN, NaN, NaN, NaN, NaN, 0.99375]","[0.05862068965517241, NaN, NaN, NaN, NaN, NaN, NaN, NaN, NaN, 0.625]","[0.3359375, 0.06640625, 0.03515625, 0.01953125, 0.01171875, 0.01953125, 0.0078125, 0.01171875, 0.0234375, 0.02734375, 0.0546875, 0.1953125, 0.19140625]",0.2560,1.1181,3.1511,0.1735
openmrg,cml_idw20,steps,gauges,70,56,0.8052,0.7104,"[0.0028735632183908046, NaN, NaN, NaN, NaN, NaN, NaN, NaN, NaN, 0.9944444444444444]","[0.05172413793103448, NaN, NaN, NaN, NaN, NaN, NaN, NaN, NaN, 0.4666666666666667]","[0.3464566929133858, 0.05511811023622047, 0.03543307086614173, 0.01968503937007874, 0.011811023622047244, 0.011811023622047244, 0.011811023622047244, 0.015748031496062992, 0.027559055118110236, 0.027559055118110236, 0.05905511811023622, 0.1968503937007874, 0.18110236220472442]",0.2349,1.0357,2.3664,0.2719
openmrg,cml_idw20,steps,gauges,75,56,0.8595,0.6785,"[0.002380952380952381, NaN, NaN, NaN, NaN, NaN, NaN, NaN, NaN, 0.9958333333333332]","[0.04285714285714286, NaN, NaN, NaN, NaN, NaN, NaN, NaN, NaN, 0.55]","[0.35797665369649806, 0.05058365758754864, 0.007782101167315175, 0.0311284046692607, 0.007782101167315175, 0.011673151750972763, 0.0038910505836575876, 0.007782101167315175, 0.03501945525291829, 0.04669260700389105, 0.08171206225680934, 0.12840466926070038, 0.22957198443579765]",0.2151,1.1117,2.4242,0.3045
openmrg,cml_idw20,steps,gauges,80,56,0.9689,0.6657,"[0.0006172839506172839, NaN, NaN, NaN, NaN, NaN, NaN, NaN, NaN, 0.9916666666666666]","[0.04814814814814815, NaN, NaN, NaN, NaN, NaN, NaN, NaN, NaN, 1.0]","[0.30039525691699603, 0.06719367588932806, 0.02766798418972332, 0.015810276679841896, 0.023715415019762844, 0.003952569169960474, 0.003952569169960474, 0.023715415019762844, 0.03162055335968379, 0.03557312252964427, 0.06719367588932806, 0.13043478260869565, 0.26877470355731226]",0.2384,1.2091,2.8820,0.2845
openmrg,cml_idw20,steps,gauges,85,56,1.0532,0.6663,"[0.00030864197530864197, NaN, NaN, NaN, NaN, NaN, NaN, NaN, NaN, 0.9833333333333332]","[0.05185185185185185, NaN, NaN, NaN, NaN, NaN, NaN, NaN, NaN, 0.7]","[0.26459143968871596, 0.08171206225680934, 0.0311284046692607, 0.007782101167315175, 0.019455252918287938, 0.0311284046692607, 0.011673151750972763, 0.01556420233463035, 0.019455252918287938, 0.054474708171206226, 0.07392996108949416, 0.1245136186770428, 0.26459143968871596]",0.2267,1.2756,3.6611,0.2633
openmrg,cml_idw20,steps,gauges,90,56,0.9350,0.6350,"[0.0012345679012345679, NaN, NaN, NaN, NaN, NaN, NaN, NaN, NaN, 1.0]","[0.04814814814814815, NaN, NaN, NaN, NaN, NaN, NaN, NaN, NaN, 0.8]","[0.2903225806451613, 0.06048387096774194, 0.036290322580645164, 0.036290322580645164, 0.024193548387096774, 0.020161290322580645, 0.016129032258064516, 0.004032258064516129, 0.04838709677419355, 0.020161290322580645, 0.08064516129032258, 0.09274193548387097, 0.2701612903225806]",0.2012,1.1838,2.8209,0.4120
