network,estimate,reference,near_km,n,mean_ref,mean_est,bias,rel_bias,mae,rmse,nrmse,corr,pod,far,csi,event
openmrg,pws,radar,2.0,21120,0.5375,0.5554,0.0179,0.0334,0.3504,0.6763,1.2583,0.6603,0.8242,0.0774,0.7708,openmrg 2015-06-02 04
openmrg,city,radar,2.0,8280,0.5333,0.8065,0.2732,0.5122,0.5167,1.1398,2.1372,0.5406,0.8189,0.0817,0.7633,openmrg 2015-06-02 04
openmrg,dynamic idw,radar,2.0,25560,0.5257,1.4684,0.9427,1.7932,0.9973,1.8806,3.5774,0.7508,0.9382,0.1807,0.7774,openmrg 2015-06-02 04
openmrg,dynamic line,radar,2.0,25560,0.5257,1.4135,0.8879,1.689,0.9434,1.7425,3.3148,0.7562,0.9368,0.1823,0.775,openmrg 2015-06-02 04
openmrg,dynamic gmz,radar,2.0,25560,0.5257,1.4133,0.8877,1.6886,0.9507,1.7775,3.3814,0.7409,0.9309,0.1889,0.765,openmrg 2015-06-02 04
openmrg,constant idw,radar,2.0,25560,0.5257,0.2818,-0.2439,-0.464,0.3916,0.6775,1.2887,0.6119,0.4703,0.0626,0.456,openmrg 2015-06-02 04
openmrg,constant line,radar,2.0,25560,0.5257,0.2839,-0.2417,-0.4599,0.3954,0.6807,1.2949,0.6024,0.4698,0.0722,0.4533,openmrg 2015-06-02 04
openmrg,constant gmz,radar,2.0,25560,0.5257,0.2998,-0.2259,-0.4297,0.4052,0.7246,1.3784,0.5732,0.4743,0.0787,0.4558,openmrg 2015-06-02 04
openmrg,pycomlink idw,radar,2.0,25560,0.5257,0.1568,-0.3689,-0.7018,0.4648,0.7959,1.5141,0.5134,0.216,0.0405,0.214,openmrg 2015-06-02 04
openmrg,pycomlink line,radar,2.0,25560,0.5257,0.1515,-0.3741,-0.7117,0.4621,0.7857,1.4947,0.5175,0.208,0.0365,0.2064,openmrg 2015-06-02 04
openmrg,pycomlink gmz,radar,2.0,25560,0.5257,0.1572,-0.3685,-0.701,0.4638,0.7997,1.5212,0.5097,0.2126,0.042,0.2106,openmrg 2015-06-02 04
openmrg,nearby idw,radar,2.0,25560,0.5257,0.4941,-0.0316,-0.06,0.3513,0.6637,1.2626,0.713,0.7109,0.0413,0.6898,openmrg 2015-06-02 04
openmrg,nearby line,radar,2.0,25560,0.5257,0.4698,-0.0559,-0.1063,0.3407,0.6283,1.1953,0.7201,0.7031,0.0383,0.6839,openmrg 2015-06-02 04
openmrg,nearby gmz,radar,2.0,25560,0.5257,0.4728,-0.0528,-0.1005,0.3497,0.6556,1.2472,0.7071,0.6954,0.0412,0.6752,openmrg 2015-06-02 04
openmrg,rnn idw,radar,2.0,25560,0.5257,0.8326,0.3069,0.5838,0.4521,0.8785,1.6712,0.7454,0.8695,0.0812,0.8075,openmrg 2015-06-02 04
openmrg,rnn line,radar,2.0,25560,0.5257,0.834,0.3083,0.5864,0.4537,0.8783,1.6708,0.7468,0.8685,0.0819,0.806,openmrg 2015-06-02 04
openmrg,rnn gmz,radar,2.0,25560,0.5257,0.8376,0.312,0.5934,0.4593,0.902,1.7159,0.74,0.8678,0.0824,0.8051,openmrg 2015-06-02 04
openmrg,city,pws,2.0,7380,0.5519,0.731,0.1791,0.3246,0.3708,0.8488,1.5379,0.6933,0.9126,0.0969,0.8312,openmrg 2015-06-02 04
openmrg,dynamic idw,pws,2.0,21120,0.5554,1.5161,0.9607,1.7296,0.9874,1.8343,3.3024,0.7969,0.9668,0.2461,0.7349,openmrg 2015-06-02 04
openmrg,dynamic line,pws,2.0,21120,0.5554,1.4572,0.9017,1.6235,0.931,1.6944,3.0505,0.7963,0.9661,0.2465,0.7341,openmrg 2015-06-02 04
openmrg,dynamic gmz,pws,2.0,21120,0.5554,1.4585,0.9031,1.6259,0.9386,1.7324,3.119,0.7846,0.9615,0.253,0.7253,openmrg 2015-06-02 04
openmrg,constant idw,pws,2.0,21120,0.5554,0.2891,-0.2664,-0.4796,0.3897,0.725,1.3053,0.6582,0.5082,0.1,0.481,openmrg 2015-06-02 04
openmrg,constant line,pws,2.0,21120,0.5554,0.2931,-0.2623,-0.4722,0.3982,0.7292,1.3128,0.65,0.5093,0.1137,0.4781,openmrg 2015-06-02 04
openmrg,constant gmz,pws,2.0,21120,0.5554,0.3098,-0.2457,-0.4423,0.4032,0.7587,1.366,0.6292,0.5156,0.1169,0.4826,openmrg 2015-06-02 04
openmrg,pycomlink idw,pws,2.0,21120,0.5554,0.1657,-0.3898,-0.7017,0.5121,0.978,1.7607,0.3899,0.2352,0.0818,0.2303,openmrg 2015-06-02 04
openmrg,pycomlink line,pws,2.0,21120,0.5554,0.1605,-0.3949,-0.711,0.5125,0.9706,1.7474,0.3897,0.2278,0.0804,0.2233,openmrg 2015-06-02 04
openmrg,pycomlink gmz,pws,2.0,21120,0.5554,0.1665,-0.389,-0.7003,0.515,0.9811,1.7663,0.3894,0.2334,0.0846,0.2285,openmrg 2015-06-02 04
openmrg,nearby idw,pws,2.0,21120,0.5554,0.5056,-0.0499,-0.0898,0.2878,0.5917,1.0653,0.7985,0.7689,0.0651,0.7298,openmrg 2015-06-02 04
openmrg,nearby line,pws,2.0,21120,0.5554,0.4801,-0.0754,-0.1357,0.2825,0.5686,1.0237,0.8017,0.763,0.0632,0.7256,openmrg 2015-06-02 04
openmrg,nearby gmz,pws,2.0,21120,0.5554,0.484,-0.0714,-0.1286,0.2907,0.5927,1.067,0.7916,0.7564,0.0642,0.7191,openmrg 2015-06-02 04
openmrg,rnn idw,pws,2.0,21120,0.5554,0.836,0.2805,0.5051,0.3959,0.7993,1.4389,0.793,0.9104,0.1321,0.7996,openmrg 2015-06-02 04
openmrg,rnn line,pws,2.0,21120,0.5554,0.836,0.2805,0.5051,0.3961,0.7971,1.4351,0.7938,0.9092,0.1313,0.7994,openmrg 2015-06-02 04
openmrg,rnn gmz,pws,2.0,21120,0.5554,0.8398,0.2843,0.5119,0.4023,0.8163,1.4696,0.7909,0.9078,0.1328,0.797,openmrg 2015-06-02 04
openmrg,dynamic idw,city,2.0,8280,0.8065,1.776,0.9696,1.2023,1.2936,2.2693,2.8139,0.5842,0.9734,0.2963,0.6904,openmrg 2015-06-02 04
openmrg,dynamic line,city,2.0,8280,0.8065,1.6519,0.8455,1.0484,1.1763,2.0492,2.5411,0.5857,0.9711,0.293,0.6924,openmrg 2015-06-02 04
openmrg,dynamic gmz,city,2.0,8280,0.8065,1.6464,0.8399,1.0415,1.179,2.0741,2.5719,0.5741,0.9727,0.3007,0.6859,openmrg 2015-06-02 04
openmrg,constant idw,city,2.0,8280,0.8065,0.2261,-0.5803,-0.7196,0.6099,1.2759,1.5821,0.5212,0.5095,0.0319,0.5011,openmrg 2015-06-02 04
openmrg,constant line,city,2.0,8280,0.8065,0.2265,-0.58,-0.7192,0.6121,1.2794,1.5865,0.5143,0.5088,0.0311,0.5007,openmrg 2015-06-02 04
openmrg,constant gmz,city,2.0,8280,0.8065,0.2411,-0.5654,-0.7011,0.6139,1.2913,1.6012,0.4703,0.52,0.0341,0.5107,openmrg 2015-06-02 04
openmrg,pycomlink idw,city,2.0,8280,0.8065,0.1111,-0.6954,-0.8623,0.7162,1.4034,1.7402,0.4004,0.2801,0.0713,0.2742,openmrg 2015-06-02 04
openmrg,pycomlink line,city,2.0,8280,0.8065,0.106,-0.7004,-0.8685,0.721,1.4103,1.7487,0.3873,0.2675,0.0605,0.263,openmrg 2015-06-02 04
openmrg,pycomlink gmz,city,2.0,8280,0.8065,0.1121,-0.6944,-0.861,0.7209,1.4109,1.7494,0.3676,0.278,0.0704,0.2723,openmrg 2015-06-02 04
openmrg,nearby idw,city,2.0,8280,0.8065,0.4967,-0.3098,-0.3841,0.4248,1.1037,1.3686,0.5982,0.7878,0.0422,0.7614,openmrg 2015-06-02 04
openmrg,nearby line,city,2.0,8280,0.8065,0.4725,-0.334,-0.4141,0.4324,1.1068,1.3725,0.5982,0.7844,0.0389,0.7603,openmrg 2015-06-02 04
openmrg,nearby gmz,city,2.0,8280,0.8065,0.4755,-0.331,-0.4104,0.4414,1.1203,1.3892,0.5853,0.7804,0.0402,0.7557,openmrg 2015-06-02 04
openmrg,rnn idw,city,2.0,8280,0.8065,0.7252,-0.0812,-0.1007,0.3868,0.967,1.1991,0.6843,0.889,0.0948,0.8132,openmrg 2015-06-02 04
openmrg,rnn line,city,2.0,8280,0.8065,0.7287,-0.0778,-0.0964,0.3889,0.97,1.2028,0.6823,0.8885,0.0953,0.8125,openmrg 2015-06-02 04
openmrg,rnn gmz,city,2.0,8280,0.8065,0.729,-0.0774,-0.096,0.3922,0.9743,1.2081,0.6794,0.8876,0.0958,0.8113,openmrg 2015-06-02 04
openmrg,pws,radar,,35550,0.5254,0.53,0.0046,0.0088,0.3626,0.7124,1.356,0.6565,0.7786,0.0945,0.7201,openmrg 2015-06-02 04
openmrg,city,radar,,9660,0.527,0.8349,0.3079,0.5842,0.5533,1.2236,2.3219,0.5083,0.8166,0.0852,0.7589,openmrg 2015-06-02 04
openmrg,dynamic idw,radar,,44550,0.5102,1.3794,0.8692,1.7037,0.9339,1.7387,3.4079,0.7461,0.9304,0.183,0.7699,openmrg 2015-06-02 04
openmrg,dynamic line,radar,,47370,0.5073,1.3287,0.8214,1.6192,0.8879,1.6158,3.1852,0.7467,0.9311,0.1899,0.7643,openmrg 2015-06-02 04
openmrg,dynamic gmz,radar,,47370,0.5073,1.3256,0.8184,1.6133,0.8926,1.6495,3.2517,0.7312,0.917,0.1943,0.751,openmrg 2015-06-02 04
openmrg,constant idw,radar,,44550,0.5102,0.2936,-0.2166,-0.4245,0.3951,0.6885,1.3495,0.5901,0.4796,0.0847,0.4592,openmrg 2015-06-02 04
openmrg,constant line,radar,,47370,0.5073,0.2854,-0.2219,-0.4373,0.3981,0.6928,1.3656,0.5741,0.4693,0.0921,0.448,openmrg 2015-06-02 04
openmrg,constant gmz,radar,,47370,0.5073,0.3052,-0.2021,-0.3984,0.4102,0.7488,1.4761,0.5443,0.4736,0.0976,0.4505,openmrg 2015-06-02 04
openmrg,pycomlink idw,radar,,44550,0.5102,0.1678,-0.3424,-0.6711,0.459,0.8025,1.573,0.5008,0.2191,0.0355,0.2174,openmrg 2015-06-02 04
openmrg,pycomlink line,radar,,47370,0.5073,0.1625,-0.3448,-0.6796,0.4544,0.7885,1.5544,0.5046,0.2127,0.0327,0.2112,openmrg 2015-06-02 04
openmrg,pycomlink gmz,radar,,47370,0.5073,0.1705,-0.3368,-0.6639,0.4576,0.8168,1.6101,0.4918,0.2173,0.0362,0.2155,openmrg 2015-06-02 04
openmrg,nearby idw,radar,,44550,0.5102,0.4782,-0.032,-0.0627,0.3548,0.6712,1.3157,0.6936,0.7008,0.0425,0.6797,openmrg 2015-06-02 04
openmrg,nearby line,radar,,47370,0.5073,0.4443,-0.063,-0.1241,0.3411,0.6321,1.2461,0.6979,0.6878,0.0416,0.6679,openmrg 2015-06-02 04
openmrg,nearby gmz,radar,,47370,0.5073,0.4456,-0.0616,-0.1215,0.3527,0.6671,1.315,0.681,0.6766,0.044,0.6562,openmrg 2015-06-02 04
openmrg,rnn idw,radar,,44730,0.5096,0.8516,0.342,0.6711,0.4832,0.9364,1.8374,0.7289,0.87,0.0965,0.796,openmrg 2015-06-02 04
openmrg,rnn line,radar,,47640,0.5064,0.8524,0.346,0.6832,0.4883,0.9426,1.8612,0.7259,0.8705,0.0989,0.7946,openmrg 2015-06-02 04
openmrg,rnn gmz,radar,,47640,0.5064,0.8598,0.3533,0.6977,0.4964,0.9856,1.9461,0.7152,0.869,0.0997,0.7927,openmrg 2015-06-02 04
openmrg,city,pws,,8400,0.5574,0.7504,0.193,0.3463,0.3998,0.9276,1.6643,0.6579,0.9067,0.0984,0.8251,openmrg 2015-06-02 04
openmrg,dynamic idw,pws,,32940,0.5303,1.4334,0.9032,1.7032,0.9356,1.7128,3.23,0.7797,0.9546,0.2721,0.7035,openmrg 2015-06-02 04
openmrg,dynamic line,pws,,34410,0.5254,1.3843,0.8589,1.6347,0.8961,1.5985,3.0424,0.7685,0.9492,0.287,0.6868,openmrg 2015-06-02 04
openmrg,dynamic gmz,pws,,34410,0.5254,1.386,0.8606,1.6379,0.9014,1.6262,3.0951,0.7701,0.946,0.2854,0.6865,openmrg 2015-06-02 04
openmrg,constant idw,pws,,32940,0.5303,0.3015,-0.2287,-0.4313,0.3801,0.7178,1.3537,0.6674,0.5271,0.1363,0.4866,openmrg 2015-06-02 04
openmrg,constant line,pws,,34410,0.5254,0.3035,-0.2219,-0.4223,0.3849,0.7245,1.3788,0.668,0.5261,0.1544,0.48,openmrg 2015-06-02 04
openmrg,constant gmz,pws,,34410,0.5254,0.3261,-0.1993,-0.3793,0.3886,0.7519,1.431,0.6586,0.5336,0.1551,0.486,openmrg 2015-06-02 04
openmrg,pycomlink idw,pws,,32940,0.5303,0.1801,-0.3502,-0.6604,0.4929,0.9571,1.805,0.4407,0.2385,0.0977,0.2325,openmrg 2015-06-02 04
openmrg,pycomlink line,pws,,34410,0.5254,0.1756,-0.3499,-0.6659,0.485,0.9377,1.7848,0.4707,0.232,0.1115,0.2255,openmrg 2015-06-02 04
openmrg,pycomlink gmz,pws,,34410,0.5254,0.1844,-0.341,-0.6491,0.4892,0.9515,1.811,0.4773,0.2376,0.1154,0.2304,openmrg 2015-06-02 04
openmrg,nearby idw,pws,,32940,0.5303,0.491,-0.0393,-0.0741,0.2977,0.6159,1.1615,0.7799,0.756,0.091,0.7028,openmrg 2015-06-02 04
openmrg,nearby line,pws,,34410,0.5254,0.4606,-0.0648,-0.1234,0.2918,0.5939,1.1303,0.7861,0.7467,0.103,0.6877,openmrg 2015-06-02 04
openmrg,nearby gmz,pws,,34410,0.5254,0.4646,-0.0608,-0.1157,0.2913,0.604,1.1495,0.7887,0.7434,0.0954,0.6894,openmrg 2015-06-02 04
openmrg,rnn idw,pws,,32970,0.5298,0.8558,0.326,0.6154,0.4387,0.8669,1.6363,0.774,0.9105,0.1703,0.7671,openmrg 2015-06-02 04
openmrg,rnn line,pws,,34410,0.5254,0.8583,0.3328,0.6335,0.4476,0.8754,1.6661,0.7721,0.9063,0.1842,0.7524,openmrg 2015-06-02 04
openmrg,rnn gmz,pws,,34410,0.5254,0.8661,0.3407,0.6484,0.4552,0.9021,1.717,0.7766,0.9048,0.1846,0.7509,openmrg 2015-06-02 04
openmrg,dynamic idw,city,,9660,0.8349,1.718,0.8832,1.0579,1.2646,2.2136,2.6515,0.5531,0.9726,0.3023,0.6842,openmrg 2015-06-02 04
openmrg,dynamic line,city,,9660,0.8349,1.6037,0.7689,0.9209,1.1578,2.0118,2.4098,0.5552,0.9699,0.3035,0.6818,openmrg 2015-06-02 04
openmrg,dynamic gmz,city,,9660,0.8349,1.5976,0.7627,0.9136,1.1595,2.0331,2.4353,0.5446,0.972,0.31,0.6766,openmrg 2015-06-02 04
openmrg,constant idw,city,,9660,0.8349,0.2242,-0.6107,-0.7314,0.6406,1.3549,1.6229,0.4945,0.5149,0.0459,0.5024,openmrg 2015-06-02 04
openmrg,constant line,city,,9660,0.8349,0.2239,-0.611,-0.7318,0.6423,1.3582,1.6268,0.4884,0.516,0.0434,0.5042,openmrg 2015-06-02 04
openmrg,constant gmz,city,,9660,0.8349,0.2374,-0.5975,-0.7157,0.6435,1.3673,1.6378,0.449,0.527,0.0465,0.5137,openmrg 2015-06-02 04
openmrg,pycomlink idw,city,,9660,0.8349,0.1113,-0.7235,-0.8667,0.7445,1.4745,1.7662,0.3822,0.2887,0.0733,0.2823,openmrg 2015-06-02 04
openmrg,pycomlink line,city,,9660,0.8349,0.106,-0.7289,-0.873,0.7493,1.4811,1.7741,0.3707,0.2768,0.0642,0.2716,openmrg 2015-06-02 04
openmrg,pycomlink gmz,city,,9660,0.8349,0.1118,-0.723,-0.8661,0.749,1.4812,1.7742,0.3529,0.287,0.0725,0.2807,openmrg 2015-06-02 04
openmrg,nearby idw,city,,9660,0.8349,0.4815,-0.3534,-0.4233,0.4615,1.1906,1.4261,0.5663,0.7861,0.0461,0.7573,openmrg 2015-06-02 04
openmrg,nearby line,city,,9660,0.8349,0.4589,-0.376,-0.4503,0.469,1.1949,1.4313,0.5661,0.7829,0.0434,0.756,openmrg 2015-06-02 04
openmrg,nearby gmz,city,,9660,0.8349,0.4613,-0.3736,-0.4475,0.4771,1.2061,1.4446,0.5545,0.7802,0.0444,0.7529,openmrg 2015-06-02 04
openmrg,rnn idw,city,,9660,0.8349,0.7241,-0.1108,-0.1327,0.4154,1.0415,1.2475,0.6606,0.8878,0.0982,0.8095,openmrg 2015-06-02 04
openmrg,rnn line,city,,9660,0.8349,0.7283,-0.1066,-0.1276,0.4174,1.0441,1.2507,0.6586,0.8876,0.0982,0.8093,openmrg 2015-06-02 04
openmrg,rnn gmz,city,,9660,0.8349,0.7284,-0.1065,-0.1275,0.4202,1.0476,1.2548,0.6562,0.8866,0.099,0.8079,openmrg 2015-06-02 04
openmrg,pws,radar,2.0,28160,0.3751,0.4993,0.1243,0.3313,0.3545,1.0508,2.8015,0.6711,0.8247,0.2335,0.6591,openmrg 2015-07-07 17
openmrg,city,radar,2.0,11040,0.3387,0.472,0.1334,0.3938,0.3107,0.8324,2.4578,0.6898,0.795,0.2082,0.6576,openmrg 2015-07-07 17
openmrg,dynamic idw,radar,2.0,34077,0.3815,0.9884,0.6069,1.5908,0.6701,1.4268,3.74,0.7742,0.9592,0.3893,0.5952,openmrg 2015-07-07 17
openmrg,dynamic line,radar,2.0,34079,0.3817,0.9641,0.5824,1.5256,0.6466,1.3474,3.5298,0.7737,0.9559,0.3881,0.5951,openmrg 2015-07-07 17
openmrg,dynamic gmz,radar,2.0,34079,0.3817,0.9716,0.5899,1.5454,0.6594,1.3851,3.6285,0.7603,0.9497,0.3955,0.5858,openmrg 2015-07-07 17
openmrg,constant idw,radar,2.0,34077,0.3815,0.2974,-0.0841,-0.2203,0.3126,0.7121,1.8667,0.7222,0.4819,0.1938,0.4319,openmrg 2015-07-07 17
openmrg,constant line,radar,2.0,34079,0.3817,0.29,-0.0917,-0.2403,0.3099,0.6935,1.8167,0.7202,0.4699,0.2042,0.4194,openmrg 2015-07-07 17
openmrg,constant gmz,radar,2.0,34079,0.3817,0.2961,-0.0856,-0.2243,0.3152,0.7177,1.88,0.7086,0.4738,0.2102,0.4207,openmrg 2015-07-07 17
openmrg,pycomlink idw,radar,2.0,34077,0.3815,0.4463,0.0648,0.1697,0.3141,0.7948,2.0834,0.7711,0.6924,0.1689,0.607,openmrg 2015-07-07 17
openmrg,pycomlink line,radar,2.0,34079,0.3817,0.4204,0.0386,0.1012,0.3022,0.7465,1.9557,0.7713,0.6789,0.1668,0.5977,openmrg 2015-07-07 17
openmrg,pycomlink gmz,radar,2.0,34079,0.3817,0.4239,0.0422,0.1106,0.3072,0.7689,2.0143,0.7626,0.6767,0.17,0.5943,openmrg 2015-07-07 17
openmrg,nearby idw,radar,2.0,34080,0.3818,0.3883,0.0064,0.0168,0.315,0.7472,1.9568,0.7334,0.5938,0.1469,0.5387,openmrg 2015-07-07 17
openmrg,nearby line,radar,2.0,34080,0.3818,0.3643,-0.0175,-0.0459,0.3017,0.7079,1.8541,0.733,0.5845,0.1426,0.5327,openmrg 2015-07-07 17
openmrg,nearby gmz,radar,2.0,34080,0.3818,0.3674,-0.0145,-0.0379,0.3075,0.7348,1.9245,0.7213,0.5803,0.1441,0.5287,openmrg 2015-07-07 17
openmrg,rnn idw,radar,2.0,34080,0.3818,0.6151,0.2333,0.611,0.3467,0.72,1.8857,0.8051,0.9124,0.2496,0.7,openmrg 2015-07-07 17
openmrg,rnn line,radar,2.0,34080,0.3818,0.6152,0.2333,0.6111,0.3474,0.7222,1.8914,0.8013,0.9125,0.2556,0.6948,openmrg 2015-07-07 17
openmrg,rnn gmz,radar,2.0,34080,0.3818,0.6194,0.2375,0.6221,0.3546,0.7521,1.9698,0.7917,0.9078,0.2547,0.6928,openmrg 2015-07-07 17
openmrg,city,pws,2.0,9840,0.4117,0.4907,0.079,0.1918,0.2607,0.7468,1.8137,0.7633,0.8386,0.1535,0.7279,openmrg 2015-07-07 17
openmrg,dynamic idw,pws,2.0,28158,0.4994,0.9886,0.4893,0.9798,0.6403,1.3253,2.654,0.7331,0.9461,0.3738,0.6047,openmrg 2015-07-07 17
openmrg,dynamic line,pws,2.0,28159,0.4994,0.9612,0.4618,0.9248,0.6207,1.2678,2.5389,0.7302,0.9421,0.3731,0.6037,openmrg 2015-07-07 17
openmrg,dynamic gmz,pws,2.0,28159,0.4994,0.9705,0.4711,0.9435,0.6388,1.3219,2.6472,0.7123,0.9371,0.3815,0.5938,openmrg 2015-07-07 17
openmrg,constant idw,pws,2.0,28158,0.4994,0.288,-0.2114,-0.4233,0.3475,0.906,1.8144,0.7796,0.4645,0.1637,0.4258,openmrg 2015-07-07 17
openmrg,constant line,pws,2.0,28159,0.4994,0.2801,-0.2192,-0.4391,0.3532,0.9237,1.8498,0.7727,0.4554,0.1751,0.4153,openmrg 2015-07-07 17
openmrg,constant gmz,pws,2.0,28159,0.4994,0.2875,-0.2118,-0.4242,0.3588,0.9455,1.8934,0.7542,0.4599,0.1826,0.4171,openmrg 2015-07-07 17
openmrg,pycomlink idw,pws,2.0,28158,0.4994,0.433,-0.0664,-0.1329,0.32,0.8675,1.7373,0.7888,0.6841,0.1254,0.623,openmrg 2015-07-07 17
openmrg,pycomlink line,pws,2.0,28159,0.4994,0.4063,-0.093,-0.1863,0.3148,0.8673,1.7368,0.7874,0.6733,0.1225,0.6155,openmrg 2015-07-07 17
openmrg,pycomlink gmz,pws,2.0,28159,0.4994,0.4113,-0.088,-0.1763,0.3212,0.8895,1.7812,0.7756,0.6721,0.125,0.6132,openmrg 2015-07-07 17
openmrg,nearby idw,pws,2.0,28160,0.4993,0.3778,-0.1216,-0.2435,0.3156,0.9017,1.8058,0.7691,0.5844,0.0957,0.5504,openmrg 2015-07-07 17
openmrg,nearby line,pws,2.0,28160,0.4993,0.3537,-0.1456,-0.2916,0.3159,0.9202,1.8427,0.7607,0.5772,0.0923,0.5452,openmrg 2015-07-07 17
openmrg,nearby gmz,pws,2.0,28160,0.4993,0.3582,-0.1412,-0.2827,0.3222,0.9434,1.8892,0.7448,0.5733,0.0941,0.5411,openmrg 2015-07-07 17
openmrg,rnn idw,pws,2.0,28160,0.4993,0.5825,0.0832,0.1665,0.3408,0.8939,1.7901,0.7711,0.8838,0.2213,0.7064,openmrg 2015-07-07 17
openmrg,rnn line,pws,2.0,28160,0.4993,0.5808,0.0815,0.1632,0.3408,0.898,1.7983,0.7686,0.8884,0.2251,0.7062,openmrg 2015-07-07 17
openmrg,rnn gmz,pws,2.0,28160,0.4993,0.5836,0.0843,0.1688,0.3463,0.9227,1.8478,0.7543,0.8818,0.2249,0.7021,openmrg 2015-07-07 17
openmrg,dynamic idw,city,2.0,11040,0.472,1.1765,0.7045,1.4924,0.772,1.5156,3.2108,0.7951,0.9748,0.4781,0.5149,openmrg 2015-07-07 17
openmrg,dynamic line,city,2.0,11040,0.472,1.0918,0.6198,1.313,0.7005,1.3844,2.9328,0.7869,0.9732,0.4659,0.5264,openmrg 2015-07-07 17
openmrg,dynamic gmz,city,2.0,11040,0.472,1.1009,0.6289,1.3322,0.7152,1.4182,3.0044,0.7746,0.9718,0.4788,0.5134,openmrg 2015-07-07 17
openmrg,constant idw,city,2.0,11040,0.472,0.3281,-0.144,-0.305,0.3208,0.8609,1.8238,0.6809,0.5599,0.18,0.4986,openmrg 2015-07-07 17
openmrg,constant line,city,2.0,11040,0.472,0.3083,-0.1638,-0.347,0.317,0.8591,1.82,0.6777,0.5447,0.1768,0.4877,openmrg 2015-07-07 17
openmrg,constant gmz,city,2.0,11040,0.472,0.3141,-0.1579,-0.3345,0.3206,0.8679,1.8387,0.6719,0.5514,0.1818,0.4912,openmrg 2015-07-07 17
openmrg,pycomlink idw,city,2.0,11040,0.472,0.5076,0.0355,0.0752,0.2998,0.7705,1.6322,0.7973,0.7527,0.1677,0.6535,openmrg 2015-07-07 17
openmrg,pycomlink line,city,2.0,11040,0.472,0.4714,-0.0006,-0.0013,0.2898,0.7551,1.5996,0.7877,0.7458,0.1626,0.6515,openmrg 2015-07-07 17
openmrg,pycomlink gmz,city,2.0,11040,0.472,0.474,0.002,0.0042,0.2947,0.7697,1.6306,0.782,0.7465,0.1622,0.6522,openmrg 2015-07-07 17
openmrg,nearby idw,city,2.0,11040,0.472,0.4417,-0.0304,-0.0644,0.2735,0.7281,1.5425,0.7864,0.7038,0.104,0.6506,openmrg 2015-07-07 17
openmrg,nearby line,city,2.0,11040,0.472,0.4126,-0.0595,-0.126,0.2729,0.7336,1.554,0.7753,0.6895,0.0995,0.6407,openmrg 2015-07-07 17
openmrg,nearby gmz,city,2.0,11040,0.472,0.4161,-0.0559,-0.1184,0.2782,0.7537,1.5966,0.7655,0.6893,0.1001,0.6402,openmrg 2015-07-07 17
openmrg,rnn idw,city,2.0,11040,0.472,0.5514,0.0793,0.168,0.2566,0.6347,1.3446,0.8363,0.9255,0.1865,0.7635,openmrg 2015-07-07 17
openmrg,rnn line,city,2.0,11040,0.472,0.5524,0.0803,0.1701,0.2621,0.6544,1.3863,0.8263,0.9276,0.1882,0.7634,openmrg 2015-07-07 17
openmrg,rnn gmz,city,2.0,11040,0.472,0.554,0.0819,0.1736,0.2638,0.6626,1.4038,0.823,0.9221,0.1891,0.7589,openmrg 2015-07-07 17
openmrg,pws,radar,,47400,0.3989,0.4945,0.0956,0.2396,0.3726,1.0448,2.6191,0.648,0.8182,0.2614,0.6345,openmrg 2015-07-07 17
openmrg,city,radar,,12880,0.3356,0.4634,0.1278,0.3808,0.3096,0.8433,2.513,0.679,0.793,0.2124,0.6533,openmrg 2015-07-07 17
openmrg,dynamic idw,radar,,59377,0.3891,0.9487,0.5596,1.4379,0.6512,1.3706,3.5221,0.7446,0.947,0.3855,0.594,openmrg 2015-07-07 17
openmrg,dynamic line,radar,,63146,0.3949,0.9311,0.5362,1.3577,0.6427,1.3069,3.3093,0.7269,0.9402,0.3877,0.5893,openmrg 2015-07-07 17
openmrg,dynamic gmz,radar,,63146,0.3949,0.9391,0.5442,1.3781,0.6532,1.3278,3.3622,0.7174,0.9336,0.3921,0.5827,openmrg 2015-07-07 17
openmrg,constant idw,radar,,59377,0.3891,0.2923,-0.0969,-0.2489,0.3249,0.7488,1.9241,0.6928,0.48,0.2002,0.4285,openmrg 2015-07-07 17
openmrg,constant line,radar,,63146,0.3949,0.2827,-0.1122,-0.284,0.3306,0.7475,1.8928,0.6736,0.4642,0.212,0.4127,openmrg 2015-07-07 17
openmrg,constant gmz,radar,,63146,0.3949,0.2869,-0.108,-0.2734,0.3333,0.7577,1.9188,0.6637,0.4686,0.215,0.4153,openmrg 2015-07-07 17
openmrg,pycomlink idw,radar,,59377,0.3891,0.4263,0.0371,0.0954,0.3188,0.8097,2.0808,0.7417,0.6829,0.1682,0.6,openmrg 2015-07-07 17
openmrg,pycomlink line,radar,,63146,0.3949,0.3968,0.0018,0.0047,0.3145,0.7731,1.9577,0.7282,0.6605,0.1671,0.5832,openmrg 2015-07-07 17
openmrg,pycomlink gmz,radar,,63146,0.3949,0.3977,0.0028,0.0072,0.3159,0.7778,1.9695,0.7223,0.6564,0.1686,0.5793,openmrg 2015-07-07 17
openmrg,nearby idw,radar,,59400,0.3906,0.3762,-0.0144,-0.0368,0.3295,0.7998,2.0477,0.6996,0.5797,0.1505,0.5257,openmrg 2015-07-07 17
openmrg,nearby line,radar,,63160,0.3958,0.3445,-0.0512,-0.1295,0.3235,0.7631,1.9282,0.6856,0.5588,0.1496,0.5088,openmrg 2015-07-07 17
openmrg,nearby gmz,radar,,63160,0.3958,0.3444,-0.0514,-0.1299,0.3268,0.7797,1.9702,0.6746,0.5535,0.1502,0.5042,openmrg 2015-07-07 17
openmrg,rnn idw,radar,,59640,0.3903,0.6271,0.2368,0.6067,0.381,0.7884,2.0199,0.7622,0.9011,0.2661,0.6792,openmrg 2015-07-07 17
openmrg,rnn line,radar,,63520,0.3952,0.6257,0.2306,0.5834,0.3937,0.8097,2.0488,0.7366,0.8955,0.2763,0.6673,openmrg 2015-07-07 17
openmrg,rnn gmz,radar,,63520,0.3952,0.6344,0.2392,0.6053,0.4044,0.8472,2.144,0.7245,0.8906,0.2775,0.6636,openmrg 2015-07-07 17
openmrg,city,pws,,11200,0.4123,0.481,0.0688,0.1668,0.2676,0.7744,1.8783,0.7424,0.836,0.1564,0.7238,openmrg 2015-07-07 17
openmrg,dynamic idw,pws,,43904,0.4922,0.952,0.4597,0.934,0.6373,1.3016,2.6444,0.7223,0.9155,0.373,0.5927,openmrg 2015-07-07 17
openmrg,dynamic line,pws,,45867,0.4939,0.9364,0.4425,0.8958,0.6326,1.2637,2.5586,0.7117,0.9094,0.3708,0.5921,openmrg 2015-07-07 17
openmrg,dynamic gmz,pws,,45867,0.4939,0.9468,0.4529,0.917,0.6494,1.3052,2.6425,0.6955,0.9037,0.3768,0.5844,openmrg 2015-07-07 17
openmrg,constant idw,pws,,43904,0.4922,0.284,-0.2082,-0.423,0.358,0.9392,1.9082,0.7504,0.448,0.1849,0.4067,openmrg 2015-07-07 17
openmrg,constant line,pws,,45867,0.4939,0.2798,-0.2141,-0.4336,0.3705,0.9589,1.9414,0.7339,0.4353,0.2007,0.3924,openmrg 2015-07-07 17
openmrg,constant gmz,pws,,45867,0.4939,0.2865,-0.2074,-0.4199,0.3784,0.9799,1.9839,0.7172,0.4411,0.206,0.3958,openmrg 2015-07-07 17
openmrg,pycomlink idw,pws,,43904,0.4922,0.4156,-0.0767,-0.1557,0.3293,0.901,1.8305,0.7673,0.655,0.1399,0.5919,openmrg 2015-07-07 17
openmrg,pycomlink line,pws,,45867,0.4939,0.39,-0.1039,-0.2104,0.3303,0.903,1.8283,0.7596,0.6357,0.1352,0.5783,openmrg 2015-07-07 17
openmrg,pycomlink gmz,pws,,45867,0.4939,0.3931,-0.1008,-0.2041,0.3384,0.9224,1.8675,0.7482,0.6306,0.1393,0.5722,openmrg 2015-07-07 17
openmrg,nearby idw,pws,,43920,0.4921,0.3669,-0.1252,-0.2544,0.3329,0.9732,1.9775,0.7213,0.5536,0.1053,0.5198,openmrg 2015-07-07 17
openmrg,nearby line,pws,,45880,0.4938,0.3408,-0.1531,-0.31,0.3378,0.9771,1.9787,0.7125,0.537,0.1031,0.5058,openmrg 2015-07-07 17
openmrg,nearby gmz,pws,,45880,0.4938,0.3434,-0.1504,-0.3047,0.3468,1.0054,2.0359,0.6934,0.5325,0.1051,0.5011,openmrg 2015-07-07 17
openmrg,rnn idw,pws,,43960,0.4918,0.5949,0.1031,0.2096,0.3761,0.9404,1.912,0.7404,0.8588,0.2358,0.6789,openmrg 2015-07-07 17
openmrg,rnn line,pws,,45880,0.4938,0.5982,0.1044,0.2113,0.387,0.9588,1.9416,0.7249,0.8564,0.2412,0.6732,openmrg 2015-07-07 17
openmrg,rnn gmz,pws,,45880,0.4938,0.6054,0.1116,0.2259,0.3973,0.9989,2.0228,0.7031,0.85,0.2438,0.6672,openmrg 2015-07-07 17
openmrg,dynamic idw,city,,12880,0.4634,1.1388,0.6754,1.4577,0.745,1.4586,3.1479,0.7927,0.9755,0.4865,0.507,openmrg 2015-07-07 17
openmrg,dynamic line,city,,12880,0.4634,1.0614,0.5981,1.2907,0.6802,1.3352,2.8815,0.7855,0.9743,0.4757,0.5171,openmrg 2015-07-07 17
openmrg,dynamic gmz,city,,12880,0.4634,1.0699,0.6065,1.3089,0.6932,1.3648,2.9455,0.7745,0.9728,0.4893,0.5035,openmrg 2015-07-07 17
openmrg,constant idw,city,,12880,0.4634,0.3197,-0.1437,-0.3101,0.3172,0.8662,1.8694,0.6733,0.5594,0.1862,0.4959,openmrg 2015-07-07 17
openmrg,constant line,city,,12880,0.4634,0.3016,-0.1618,-0.3491,0.3136,0.8644,1.8654,0.6709,0.5448,0.182,0.4859,openmrg 2015-07-07 17
openmrg,constant gmz,city,,12880,0.4634,0.3069,-0.1564,-0.3376,0.3167,0.8718,1.8814,0.6657,0.5511,0.1877,0.4889,openmrg 2015-07-07 17
openmrg,pycomlink idw,city,,12880,0.4634,0.4952,0.0318,0.0687,0.2943,0.7614,1.6431,0.7944,0.7512,0.1814,0.644,openmrg 2015-07-07 17
openmrg,pycomlink line,city,,12880,0.4634,0.4607,-0.0026,-0.0057,0.2849,0.7478,1.6138,0.7857,0.7446,0.1753,0.6429,openmrg 2015-07-07 17
openmrg,pycomlink gmz,city,,12880,0.4634,0.4631,-0.0002,-0.0005,0.2891,0.7597,1.6396,0.781,0.7456,0.1758,0.6433,openmrg 2015-07-07 17
openmrg,nearby idw,city,,12880,0.4634,0.4306,-0.0328,-0.0707,0.2734,0.7315,1.5787,0.7803,0.6993,0.1144,0.6414,openmrg 2015-07-07 17
openmrg,nearby line,city,,12880,0.4634,0.4034,-0.0599,-0.1294,0.2729,0.7362,1.5888,0.7707,0.6864,0.1109,0.6322,openmrg 2015-07-07 17
openmrg,nearby gmz,city,,12880,0.4634,0.4066,-0.0567,-0.1225,0.2774,0.7531,1.6253,0.762,0.6864,0.1116,0.6319,openmrg 2015-07-07 17
openmrg,rnn idw,city,,12880,0.4634,0.5478,0.0845,0.1823,0.262,0.6502,1.4032,0.8283,0.9259,0.1946,0.7566,openmrg 2015-07-07 17
openmrg,rnn line,city,,12880,0.4634,0.5506,0.0872,0.1882,0.2686,0.6699,1.4457,0.8183,0.9282,0.1964,0.7566,openmrg 2015-07-07 17
openmrg,rnn gmz,city,,12880,0.4634,0.5515,0.0882,0.1903,0.2696,0.676,1.4589,0.8159,0.9232,0.1969,0.7528,openmrg 2015-07-07 17
openmrg,pws,radar,2.0,7744,0.8676,0.4724,-0.3953,-0.4555,0.5844,1.1696,1.348,0.5148,0.8208,0.0552,0.7832,openmrg 2015-07-19 14
openmrg,city,radar,2.0,3036,1.063,0.5824,-0.4806,-0.4521,0.6289,1.1245,1.0579,0.7585,0.8972,0.0564,0.8516,openmrg 2015-07-19 14
openmrg,dynamic idw,radar,2.0,9372,0.885,0.8855,0.0004,0.0005,0.5342,1.0079,1.1388,0.7548,0.856,0.0647,0.8081,openmrg 2015-07-19 14
openmrg,dynamic line,radar,2.0,9372,0.885,0.8556,-0.0294,-0.0332,0.5258,0.9737,1.1003,0.759,0.8539,0.0588,0.8107,openmrg 2015-07-19 14
openmrg,dynamic gmz,radar,2.0,9372,0.885,0.8623,-0.0227,-0.0257,0.5414,1.0197,1.1522,0.7463,0.8424,0.0617,0.7982,openmrg 2015-07-19 14
openmrg,constant idw,radar,2.0,9372,0.885,0.2179,-0.6671,-0.7538,0.7328,1.1977,1.3533,0.6268,0.2731,0.0329,0.2706,openmrg 2015-07-19 14
openmrg,constant line,radar,2.0,9372,0.885,0.2164,-0.6686,-0.7555,0.7298,1.1919,1.3467,0.6344,0.2696,0.023,0.2679,openmrg 2015-07-19 14
openmrg,constant gmz,radar,2.0,9372,0.885,0.2245,-0.6605,-0.7463,0.732,1.2027,1.359,0.616,0.2752,0.0261,0.2732,openmrg 2015-07-19 14
openmrg,pycomlink idw,radar,2.0,9372,0.885,0.4741,-0.411,-0.4644,0.562,0.9529,1.0767,0.7408,0.6973,0.0267,0.6842,openmrg 2015-07-19 14
openmrg,pycomlink line,radar,2.0,9372,0.885,0.4578,-0.4272,-0.4827,0.5687,0.9633,1.0884,0.7373,0.6797,0.0254,0.6679,openmrg 2015-07-19 14
openmrg,pycomlink gmz,radar,2.0,9372,0.885,0.4664,-0.4186,-0.473,0.5761,0.9883,1.1167,0.7189,0.6789,0.0246,0.6674,openmrg 2015-07-19 14
openmrg,nearby idw,radar,2.0,9372,0.885,0.2726,-0.6124,-0.692,0.6941,1.1133,1.2579,0.6851,0.3441,0.0218,0.3415,openmrg 2015-07-19 14
openmrg,nearby line,radar,2.0,9372,0.885,0.2634,-0.6216,-0.7023,0.6964,1.1184,1.2638,0.6856,0.3349,0.013,0.3334,openmrg 2015-07-19 14
openmrg,nearby gmz,radar,2.0,9372,0.885,0.2689,-0.6161,-0.6962,0.7009,1.1322,1.2793,0.6673,0.3356,0.0143,0.334,openmrg 2015-07-19 14
openmrg,rnn idw,radar,2.0,9372,0.885,0.7266,-0.1584,-0.179,0.4787,0.8682,0.981,0.7488,0.8982,0.053,0.8552,openmrg 2015-07-19 14
openmrg,rnn line,radar,2.0,9372,0.885,0.7265,-0.1585,-0.1791,0.4809,0.8649,0.9773,0.7525,0.8934,0.0534,0.8506,openmrg 2015-07-19 14
openmrg,rnn gmz,radar,2.0,9372,0.885,0.7304,-0.1546,-0.1747,0.4935,0.8945,1.0107,0.7389,0.8845,0.0527,0.843,openmrg 2015-07-19 14
openmrg,city,pws,2.0,2706,0.4134,0.5402,0.1268,0.3069,0.3146,0.6672,1.614,0.4573,0.9372,0.0935,0.8546,openmrg 2015-07-19 14
openmrg,dynamic idw,pws,2.0,7744,0.4724,0.9032,0.4308,0.9119,0.6245,1.2878,2.7261,0.6063,0.868,0.1899,0.7213,openmrg 2015-07-19 14
openmrg,dynamic line,pws,2.0,7744,0.4724,0.8705,0.3981,0.8428,0.5939,1.2194,2.5814,0.6264,0.8684,0.1834,0.7267,openmrg 2015-07-19 14
openmrg,dynamic gmz,pws,2.0,7744,0.4724,0.8781,0.4057,0.8588,0.6047,1.2585,2.664,0.6204,0.8596,0.1849,0.7193,openmrg 2015-07-19 14
openmrg,constant idw,pws,2.0,7744,0.4724,0.2174,-0.255,-0.5398,0.4081,0.7918,1.6761,0.6729,0.3013,0.0839,0.2932,openmrg 2015-07-19 14
openmrg,constant line,pws,2.0,7744,0.4724,0.2159,-0.2565,-0.5431,0.4056,0.782,1.6554,0.6848,0.2974,0.0814,0.2897,openmrg 2015-07-19 14
openmrg,constant gmz,pws,2.0,7744,0.4724,0.2242,-0.2482,-0.5253,0.4088,0.8049,1.7039,0.6675,0.3031,0.0846,0.2949,openmrg 2015-07-19 14
openmrg,pycomlink idw,pws,2.0,7744,0.4724,0.4662,-0.0062,-0.0131,0.3796,0.8456,1.7899,0.6463,0.7269,0.1142,0.6647,openmrg 2015-07-19 14
openmrg,pycomlink line,pws,2.0,7744,0.4724,0.4514,-0.021,-0.0444,0.3687,0.8185,1.7326,0.664,0.7177,0.1096,0.6594,openmrg 2015-07-19 14
openmrg,pycomlink gmz,pws,2.0,7744,0.4724,0.4607,-0.0117,-0.0247,0.3749,0.8547,1.8093,0.65,0.7175,0.1069,0.6607,openmrg 2015-07-19 14
openmrg,nearby idw,pws,2.0,7744,0.4724,0.2723,-0.2001,-0.4235,0.4056,0.8174,1.7304,0.6431,0.3882,0.0532,0.3799,openmrg 2015-07-19 14
openmrg,nearby line,pws,2.0,7744,0.4724,0.2638,-0.2086,-0.4416,0.4011,0.8,1.6934,0.6599,0.3766,0.0494,0.3694,openmrg 2015-07-19 14
openmrg,nearby gmz,pws,2.0,7744,0.4724,0.2696,-0.2028,-0.4293,0.4056,0.8203,1.7365,0.6477,0.376,0.0554,0.3679,openmrg 2015-07-19 14
openmrg,rnn idw,pws,2.0,7744,0.4724,0.7023,0.2299,0.4867,0.4475,0.8915,1.8873,0.6535,0.9267,0.1537,0.7932,openmrg 2015-07-19 14
openmrg,rnn line,pws,2.0,7744,0.4724,0.6955,0.2231,0.4724,0.4411,0.8821,1.8673,0.6623,0.923,0.154,0.7902,openmrg 2015-07-19 14
openmrg,rnn gmz,pws,2.0,7744,0.4724,0.6966,0.2242,0.4747,0.4444,0.9099,1.9261,0.6552,0.9131,0.1535,0.7834,openmrg 2015-07-19 14
openmrg,dynamic idw,city,2.0,3036,0.5824,1.1231,0.5407,0.9284,0.6992,1.3285,2.2811,0.7697,0.8905,0.1137,0.7992,openmrg 2015-07-19 14
openmrg,dynamic line,city,2.0,3036,0.5824,1.0589,0.4765,0.8182,0.6489,1.2289,2.1101,0.7687,0.8839,0.1077,0.7987,openmrg 2015-07-19 14
openmrg,dynamic gmz,city,2.0,3036,0.5824,1.0658,0.4834,0.83,0.6624,1.2887,2.2127,0.7565,0.882,0.1108,0.7947,openmrg 2015-07-19 14
openmrg,constant idw,city,2.0,3036,0.5824,0.2044,-0.378,-0.6491,0.4672,0.7506,1.2888,0.6737,0.2961,0.0455,0.2919,openmrg 2015-07-19 14
openmrg,constant line,city,2.0,3036,0.5824,0.2038,-0.3786,-0.6501,0.4694,0.7591,1.3034,0.6623,0.2876,0.0482,0.2835,openmrg 2015-07-19 14
openmrg,constant gmz,city,2.0,3036,0.5824,0.2116,-0.3708,-0.6367,0.4744,0.7797,1.3387,0.6343,0.2928,0.0489,0.2884,openmrg 2015-07-19 14
openmrg,pycomlink idw,city,2.0,3036,0.5824,0.534,-0.0484,-0.083,0.3697,0.6667,1.1448,0.7939,0.7185,0.0602,0.6869,openmrg 2015-07-19 14
openmrg,pycomlink line,city,2.0,3036,0.5824,0.5076,-0.0748,-0.1284,0.3749,0.6731,1.1558,0.7724,0.6894,0.059,0.6608,openmrg 2015-07-19 14
openmrg,pycomlink gmz,city,2.0,3036,0.5824,0.5169,-0.0655,-0.1125,0.3855,0.728,1.25,0.7535,0.6941,0.0586,0.6653,openmrg 2015-07-19 14
openmrg,nearby idw,city,2.0,3036,0.5824,0.3636,-0.2188,-0.3757,0.416,0.6839,1.1743,0.7508,0.4384,0.0441,0.4298,openmrg 2015-07-19 14
openmrg,nearby line,city,2.0,3036,0.5824,0.3483,-0.2341,-0.402,0.4197,0.6878,1.181,0.7384,0.4243,0.0465,0.4157,openmrg 2015-07-19 14
openmrg,nearby gmz,city,2.0,3036,0.5824,0.3564,-0.226,-0.388,0.4287,0.7222,1.24,0.7219,0.4337,0.0435,0.4253,openmrg 2015-07-19 14
openmrg,rnn idw,city,2.0,3036,0.5824,0.7489,0.1665,0.2858,0.333,0.591,1.0148,0.8234,0.9187,0.0587,0.8689,openmrg 2015-07-19 14
openmrg,rnn line,city,2.0,3036,0.5824,0.7515,0.1691,0.2904,0.3342,0.5985,1.0276,0.8229,0.9178,0.0615,0.8657,openmrg 2015-07-19 14
openmrg,rnn gmz,city,2.0,3036,0.5824,0.7534,0.171,0.2936,0.3411,0.629,1.08,0.8099,0.9168,0.0579,0.8679,openmrg 2015-07-19 14
openmrg,pws,radar,,13035,0.8478,0.414,-0.4338,-0.5116,0.6021,1.2886,1.5199,0.4304,0.7896,0.0618,0.7506,openmrg 2015-07-19 14
openmrg,city,radar,,3542,1.1089,0.6014,-0.5075,-0.4577,0.6598,1.1952,1.0779,0.7388,0.8938,0.0616,0.8442,openmrg 2015-07-19 14
openmrg,dynamic idw,radar,,16335,0.8826,0.8475,-0.0351,-0.0398,0.5467,1.0411,1.1796,0.7376,0.8435,0.0762,0.7887,openmrg 2015-07-19 14
openmrg,dynamic line,radar,,17369,0.8763,0.8301,-0.0461,-0.0526,0.5504,1.0492,1.1973,0.7293,0.8402,0.0721,0.7887,openmrg 2015-07-19 14
openmrg,dynamic gmz,radar,,17369,0.8763,0.837,-0.0393,-0.0448,0.5644,1.0917,1.2459,0.719,0.8247,0.0762,0.7722,openmrg 2015-07-19 14
openmrg,constant idw,radar,,16335,0.8826,0.2163,-0.6663,-0.7549,0.743,1.2409,1.4059,0.6155,0.2567,0.0344,0.2543,openmrg 2015-07-19 14
openmrg,constant line,radar,,17369,0.8763,0.22,-0.6562,-0.7489,0.7397,1.2419,1.4173,0.6064,0.2562,0.0287,0.2542,openmrg 2015-07-19 14
openmrg,constant gmz,radar,,17369,0.8763,0.2305,-0.6457,-0.7369,0.7438,1.2617,1.4399,0.587,0.2605,0.0317,0.2583,openmrg 2015-07-19 14
openmrg,pycomlink idw,radar,,16335,0.8826,0.4574,-0.4253,-0.4818,0.5765,1.0113,1.1457,0.7255,0.6944,0.0298,0.6799,openmrg 2015-07-19 14
openmrg,pycomlink line,radar,,17369,0.8763,0.4494,-0.4269,-0.4872,0.584,1.0321,1.1779,0.7091,0.6795,0.0328,0.6642,openmrg 2015-07-19 14
openmrg,pycomlink gmz,radar,,17369,0.8763,0.4599,-0.4164,-0.4752,0.5929,1.0623,1.2123,0.691,0.6754,0.0316,0.6609,openmrg 2015-07-19 14
openmrg,nearby idw,radar,,16335,0.8826,0.253,-0.6296,-0.7134,0.7104,1.1684,1.3238,0.6721,0.3056,0.0269,0.3031,openmrg 2015-07-19 14
openmrg,nearby line,radar,,17369,0.8763,0.2469,-0.6293,-0.7182,0.7115,1.1758,1.3418,0.6612,0.2974,0.02,0.2956,openmrg 2015-07-19 14
openmrg,nearby gmz,radar,,17369,0.8763,0.2529,-0.6234,-0.7114,0.7184,1.1947,1.3634,0.6403,0.2936,0.02,0.2918,openmrg 2015-07-19 14
openmrg,rnn idw,radar,,16401,0.8816,0.718,-0.1636,-0.1855,0.5129,0.9443,1.0711,0.7226,0.9008,0.0646,0.848,openmrg 2015-07-19 14
openmrg,rnn line,radar,,17468,0.8749,0.7212,-0.1538,-0.1757,0.5193,0.9572,1.0941,0.716,0.8953,0.0678,0.8406,openmrg 2015-07-19 14
openmrg,rnn gmz,radar,,17468,0.8749,0.7223,-0.1526,-0.1744,0.5282,0.9795,1.1196,0.7104,0.8811,0.068,0.8279,openmrg 2015-07-19 14
openmrg,city,pws,,3080,0.4163,0.5554,0.1391,0.3342,0.3394,0.739,1.7752,0.4033,0.9369,0.1066,0.8427,openmrg 2015-07-19 14
openmrg,dynamic idw,pws,,12078,0.4311,0.8588,0.4278,0.9924,0.6081,1.3235,3.0705,0.5625,0.8541,0.2211,0.6875,openmrg 2015-07-19 14
openmrg,dynamic line,pws,,12617,0.422,0.8382,0.4162,0.9862,0.5969,1.3311,3.1541,0.5506,0.8539,0.2172,0.6903,openmrg 2015-07-19 14
openmrg,dynamic gmz,pws,,12617,0.422,0.842,0.4199,0.995,0.6025,1.3754,3.259,0.5433,0.8426,0.2206,0.6804,openmrg 2015-07-19 14
openmrg,constant idw,pws,,12078,0.4311,0.2169,-0.2142,-0.4968,0.4025,0.8731,2.0256,0.5492,0.286,0.1049,0.2767,openmrg 2015-07-19 14
openmrg,constant line,pws,,12617,0.422,0.2256,-0.1965,-0.4655,0.4079,0.9229,2.1869,0.5133,0.2822,0.1207,0.2717,openmrg 2015-07-19 14
openmrg,constant gmz,pws,,12617,0.422,0.2355,-0.1865,-0.442,0.4136,0.9912,2.3486,0.4849,0.2872,0.1248,0.2759,openmrg 2015-07-19 14
openmrg,pycomlink idw,pws,,12078,0.4311,0.4461,0.0151,0.035,0.3761,0.9177,2.1291,0.5689,0.7111,0.1486,0.6326,openmrg 2015-07-19 14
openmrg,pycomlink line,pws,,12617,0.422,0.4428,0.0208,0.0493,0.3788,0.9546,2.262,0.5448,0.7026,0.1568,0.6214,openmrg 2015-07-19 14
openmrg,pycomlink gmz,pws,,12617,0.422,0.4511,0.029,0.0688,0.3845,1.0214,2.4201,0.5231,0.7012,0.1508,0.6235,openmrg 2015-07-19 14
openmrg,nearby idw,pws,,12078,0.4311,0.2504,-0.1806,-0.419,0.3927,0.8526,1.978,0.5644,0.3461,0.0737,0.3369,openmrg 2015-07-19 14
openmrg,nearby line,pws,,12617,0.422,0.2477,-0.1743,-0.413,0.3933,0.8784,2.0814,0.5389,0.3328,0.0746,0.3241,openmrg 2015-07-19 14
openmrg,nearby gmz,pws,,12617,0.422,0.2525,-0.1695,-0.4017,0.3987,0.9301,2.2039,0.515,0.3273,0.0791,0.3184,openmrg 2015-07-19 14
openmrg,rnn idw,pws,,12089,0.4311,0.6899,0.2588,0.6002,0.4669,0.9996,2.3185,0.5679,0.9165,0.1942,0.7507,openmrg 2015-07-19 14
openmrg,rnn line,pws,,12617,0.422,0.6921,0.2701,0.64,0.4772,1.0532,2.4955,0.5413,0.9067,0.2042,0.7356,openmrg 2015-07-19 14
openmrg,rnn gmz,pws,,12617,0.422,0.6889,0.2668,0.6322,0.479,1.1046,2.6172,0.5273,0.8889,0.2058,0.7225,openmrg 2015-07-19 14
openmrg,dynamic idw,city,,3542,0.6014,1.1298,0.5284,0.8786,0.6877,1.2971,2.1569,0.7762,0.894,0.1106,0.8046,openmrg 2015-07-19 14
openmrg,dynamic line,city,,3542,0.6014,1.0675,0.4661,0.7751,0.6395,1.1981,1.9923,0.774,0.8884,0.1051,0.8045,openmrg 2015-07-19 14
openmrg,dynamic gmz,city,,3542,0.6014,1.0756,0.4742,0.7886,0.6527,1.2545,2.086,0.7649,0.8868,0.1078,0.801,openmrg 2015-07-19 14
openmrg,constant idw,city,,3542,0.6014,0.212,-0.3894,-0.6475,0.4823,0.7808,1.2983,0.6865,0.3039,0.0535,0.2987,openmrg 2015-07-19 14
openmrg,constant line,city,,3542,0.6014,0.2112,-0.3902,-0.6488,0.4847,0.7905,1.3145,0.6738,0.2975,0.0558,0.2923,openmrg 2015-07-19 14
openmrg,constant gmz,city,,3542,0.6014,0.2191,-0.3823,-0.6357,0.4884,0.8059,1.3401,0.6493,0.3019,0.0562,0.2965,openmrg 2015-07-19 14
openmrg,pycomlink idw,city,,3542,0.6014,0.5471,-0.0543,-0.0903,0.3735,0.6621,1.101,0.803,0.7233,0.0646,0.6889,openmrg 2015-07-19 14
openmrg,pycomlink line,city,,3542,0.6014,0.5188,-0.0826,-0.1373,0.3801,0.671,1.1158,0.7806,0.6981,0.0623,0.6672,openmrg 2015-07-19 14
openmrg,pycomlink gmz,city,,3542,0.6014,0.529,-0.0724,-0.1203,0.3888,0.7179,1.1937,0.7656,0.7033,0.0624,0.6719,openmrg 2015-07-19 14
openmrg,nearby idw,city,,3542,0.6014,0.368,-0.2333,-0.388,0.4264,0.6943,1.1544,0.7584,0.439,0.0485,0.4294,openmrg 2015-07-19 14
openmrg,nearby line,city,,3542,0.6014,0.3523,-0.2491,-0.4141,0.4313,0.7021,1.1674,0.7447,0.4262,0.0508,0.4167,openmrg 2015-07-19 14
openmrg,nearby gmz,city,,3542,0.6014,0.3611,-0.2403,-0.3995,0.4381,0.7292,1.2125,0.7317,0.435,0.0481,0.4257,openmrg 2015-07-19 14
openmrg,rnn idw,city,,3542,0.6014,0.7641,0.1627,0.2706,0.3417,0.5973,0.9932,0.826,0.9244,0.0602,0.8728,openmrg 2015-07-19 14
openmrg,rnn line,city,,3542,0.6014,0.767,0.1656,0.2754,0.3433,0.6042,1.0046,0.8248,0.9228,0.0614,0.8703,openmrg 2015-07-19 14
openmrg,rnn gmz,city,,3542,0.6014,0.7695,0.1681,0.2795,0.3491,0.6304,1.0482,0.8142,0.922,0.0588,0.8718,openmrg 2015-07-19 14
openmrg,pws,radar,2.0,7040,1.0161,0.6696,-0.3464,-0.341,0.8042,1.3674,1.3458,0.2873,0.7927,0.1252,0.7119,openmrg 2015-07-25 05
openmrg,city,radar,2.0,2760,0.9261,0.8507,-0.0754,-0.0814,0.7131,1.1244,1.2141,0.456,0.8776,0.1228,0.7816,openmrg 2015-07-25 05
openmrg,dynamic idw,radar,2.0,8520,0.9868,1.8634,0.8766,0.8883,1.4146,2.5696,2.604,0.2447,0.8828,0.1148,0.7921,openmrg 2015-07-25 05
openmrg,dynamic line,radar,2.0,8520,0.9868,1.805,0.8182,0.8291,1.3495,2.4245,2.4569,0.2582,0.8888,0.1148,0.797,openmrg 2015-07-25 05
openmrg,dynamic gmz,radar,2.0,8520,0.9868,1.7957,0.8089,0.8197,1.3523,2.4358,2.4684,0.2569,0.8879,0.1167,0.7946,openmrg 2015-07-25 05
openmrg,constant idw,radar,2.0,8520,0.9868,0.0944,-0.8924,-0.9043,0.9314,1.5237,1.5441,0.1427,0.1939,0.031,0.1927,openmrg 2015-07-25 05
openmrg,constant line,radar,2.0,8520,0.9868,0.1,-0.8868,-0.8986,0.9303,1.523,1.5434,0.1447,0.1953,0.0246,0.1944,openmrg 2015-07-25 05
openmrg,constant gmz,radar,2.0,8520,0.9868,0.1077,-0.8791,-0.8909,0.9287,1.524,1.5444,0.1457,0.202,0.0312,0.2007,openmrg 2015-07-25 05
openmrg,pycomlink idw,radar,2.0,8520,0.9868,0.6376,-0.3492,-0.3539,0.9645,1.4777,1.4975,0.2493,0.639,0.1341,0.5815,openmrg 2015-07-25 05
openmrg,pycomlink line,radar,2.0,8520,0.9868,0.6113,-0.3755,-0.3806,0.9443,1.4519,1.4713,0.2549,0.6421,0.1324,0.5848,openmrg 2015-07-25 05
openmrg,pycomlink gmz,radar,2.0,8520,0.9868,0.6185,-0.3683,-0.3732,0.9448,1.4587,1.4782,0.2557,0.6408,0.1324,0.5837,openmrg 2015-07-25 05
openmrg,nearby idw,radar,2.0,8520,0.9868,0.422,-0.5648,-0.5723,0.9497,1.5173,1.5376,0.1716,0.4755,0.1377,0.4419,openmrg 2015-07-25 05
openmrg,nearby line,radar,2.0,8520,0.9868,0.4059,-0.5809,-0.5886,0.9374,1.5021,1.5222,0.1754,0.4704,0.1405,0.4368,openmrg 2015-07-25 05
openmrg,nearby gmz,radar,2.0,8520,0.9868,0.4097,-0.5771,-0.5848,0.9385,1.5058,1.526,0.1775,0.4712,0.137,0.4384,openmrg 2015-07-25 05
openmrg,rnn idw,radar,2.0,8520,0.9868,0.9285,-0.0583,-0.0591,0.9454,1.4397,1.459,0.2766,0.8742,0.1044,0.7933,openmrg 2015-07-25 05
openmrg,rnn line,radar,2.0,8520,0.9868,0.9426,-0.0442,-0.0447,0.9368,1.4319,1.4511,0.287,0.8768,0.1049,0.7951,openmrg 2015-07-25 05
openmrg,rnn gmz,radar,2.0,8520,0.9868,0.9473,-0.0395,-0.04,0.9381,1.4387,1.458,0.2903,0.8736,0.1054,0.7921,openmrg 2015-07-25 05
openmrg,city,pws,2.0,2460,0.5885,0.8341,0.2456,0.4174,0.3226,0.6027,1.0242,0.8914,0.9865,0.0518,0.9361,openmrg 2015-07-25 05
openmrg,dynamic idw,pws,2.0,7040,0.6696,1.9248,1.2552,1.8744,1.2857,2.2778,3.4016,0.7449,0.9627,0.1235,0.8477,openmrg 2015-07-25 05
openmrg,dynamic line,pws,2.0,7040,0.6696,1.8614,1.1918,1.7798,1.2209,2.1276,3.1773,0.748,0.9663,0.1239,0.8501,openmrg 2015-07-25 05
openmrg,dynamic gmz,pws,2.0,7040,0.6696,1.8523,1.1826,1.7661,1.221,2.1476,3.2071,0.7372,0.9648,0.1266,0.8465,openmrg 2015-07-25 05
openmrg,constant idw,pws,2.0,7040,0.6696,0.1051,-0.5645,-0.843,0.6056,0.9904,1.479,0.373,0.2041,0.116,0.1988,openmrg 2015-07-25 05
openmrg,constant line,pws,2.0,7040,0.6696,0.1072,-0.5624,-0.8399,0.6079,0.9959,1.4872,0.3588,0.2022,0.1178,0.1969,openmrg 2015-07-25 05
openmrg,constant gmz,pws,2.0,7040,0.6696,0.1131,-0.5565,-0.8311,0.6074,0.9988,1.4916,0.3525,0.2104,0.1215,0.2044,openmrg 2015-07-25 05
openmrg,pycomlink idw,pws,2.0,7040,0.6696,0.6419,-0.0278,-0.0415,0.4247,0.7296,1.0895,0.7482,0.7676,0.0823,0.7182,openmrg 2015-07-25 05
openmrg,pycomlink line,pws,2.0,7040,0.6696,0.613,-0.0566,-0.0846,0.4148,0.7,1.0453,0.7476,0.7716,0.0822,0.7218,openmrg 2015-07-25 05
openmrg,pycomlink gmz,pws,2.0,7040,0.6696,0.6173,-0.0523,-0.0781,0.427,0.7267,1.0853,0.7324,0.7676,0.0844,0.7169,openmrg 2015-07-25 05
openmrg,nearby idw,pws,2.0,7040,0.6696,0.4336,-0.236,-0.3524,0.4313,0.687,1.0259,0.7524,0.5895,0.0623,0.5673,openmrg 2015-07-25 05
openmrg,nearby line,pws,2.0,7040,0.6696,0.4159,-0.2537,-0.3789,0.4304,0.6782,1.0128,0.7508,0.5817,0.064,0.5595,openmrg 2015-07-25 05
openmrg,nearby gmz,pws,2.0,7040,0.6696,0.4193,-0.2503,-0.3738,0.4331,0.6915,1.0327,0.7423,0.582,0.0643,0.5596,openmrg 2015-07-25 05
openmrg,rnn idw,pws,2.0,7040,0.6696,0.9276,0.258,0.3853,0.4155,0.6988,1.0435,0.8258,0.9343,0.1235,0.8256,openmrg 2015-07-25 05
openmrg,rnn line,pws,2.0,7040,0.6696,0.9339,0.2643,0.3947,0.4167,0.7025,1.0491,0.8241,0.9395,0.1221,0.831,openmrg 2015-07-25 05
openmrg,rnn gmz,pws,2.0,7040,0.6696,0.9373,0.2677,0.3997,0.4239,0.7292,1.089,0.8136,0.9391,0.1211,0.8315,openmrg 2015-07-25 05
openmrg,dynamic idw,city,2.0,2760,0.8507,2.236,1.3853,1.6285,1.4139,2.5228,2.9656,0.8664,0.9824,0.0883,0.8971,openmrg 2015-07-25 05
openmrg,dynamic line,city,2.0,2760,0.8507,2.0922,1.2415,1.4594,1.2718,2.2597,2.6564,0.8681,0.9768,0.0913,0.8896,openmrg 2015-07-25 05
openmrg,dynamic gmz,city,2.0,2760,0.8507,2.078,1.2273,1.4427,1.2667,2.2782,2.6781,0.8553,0.9789,0.0958,0.8869,openmrg 2015-07-25 05
openmrg,constant idw,city,2.0,2760,0.8507,0.0954,-0.7553,-0.8878,0.7935,1.3757,1.6171,0.027,0.304,0.0722,0.297,openmrg 2015-07-25 05
openmrg,constant line,city,2.0,2760,0.8507,0.0939,-0.7568,-0.8896,0.7938,1.3757,1.6171,0.0431,0.2879,0.0623,0.2825,openmrg 2015-07-25 05
openmrg,constant gmz,city,2.0,2760,0.8507,0.1012,-0.7495,-0.881,0.7927,1.3759,1.6174,0.0393,0.304,0.075,0.2967,openmrg 2015-07-25 05
openmrg,pycomlink idw,city,2.0,2760,0.8507,0.6656,-0.1851,-0.2176,0.3893,0.6069,0.7134,0.8915,0.7921,0.0138,0.7835,openmrg 2015-07-25 05
openmrg,pycomlink line,city,2.0,2760,0.8507,0.6441,-0.2066,-0.2428,0.3759,0.5902,0.6938,0.8907,0.7957,0.015,0.7862,openmrg 2015-07-25 05
openmrg,pycomlink gmz,city,2.0,2760,0.8507,0.649,-0.2017,-0.2371,0.3858,0.6142,0.722,0.8812,0.7967,0.0155,0.7868,openmrg 2015-07-25 05
openmrg,nearby idw,city,2.0,2760,0.8507,0.507,-0.3437,-0.404,0.433,0.6646,0.7812,0.873,0.6799,0.0044,0.6779,openmrg 2015-07-25 05
openmrg,nearby line,city,2.0,2760,0.8507,0.481,-0.3697,-0.4346,0.4448,0.6802,0.7996,0.8663,0.6729,0.0022,0.6719,openmrg 2015-07-25 05
openmrg,nearby gmz,city,2.0,2760,0.8507,0.4859,-0.3648,-0.4288,0.4495,0.696,0.8181,0.8566,0.6719,0.0037,0.6702,openmrg 2015-07-25 05
openmrg,rnn idw,city,2.0,2760,0.8507,0.851,0.0004,0.0004,0.3545,0.4905,0.5766,0.903,0.9275,0.0899,0.8497,openmrg 2015-07-25 05
openmrg,rnn line,city,2.0,2760,0.8507,0.8554,0.0047,0.0055,0.3468,0.4806,0.5649,0.9066,0.9331,0.0862,0.8575,openmrg 2015-07-25 05
openmrg,rnn gmz,city,2.0,2760,0.8507,0.8529,0.0022,0.0026,0.3497,0.4853,0.5704,0.9048,0.9356,0.0856,0.8602,openmrg 2015-07-25 05
openmrg,pws,radar,,11850,1.0633,0.6672,-0.3961,-0.3725,0.864,1.5977,1.5026,0.2503,0.7938,0.1248,0.7131,openmrg 2015-07-25 05
openmrg,city,radar,,3220,0.9508,0.8618,-0.0889,-0.0935,0.7289,1.1586,1.2186,0.4462,0.8787,0.1206,0.7842,openmrg 2015-07-25 05
openmrg,dynamic idw,radar,,14850,1.0752,1.7769,0.7016,0.6525,1.4037,2.4876,2.3135,0.214,0.888,0.117,0.7945,openmrg 2015-07-25 05
openmrg,dynamic line,radar,,15790,1.0821,1.7393,0.6573,0.6074,1.3569,2.3849,2.204,0.2276,0.8952,0.1194,0.7983,openmrg 2015-07-25 05
openmrg,dynamic gmz,radar,,15790,1.0821,1.7333,0.6513,0.6019,1.361,2.3943,2.2127,0.2265,0.8881,0.1222,0.7904,openmrg 2015-07-25 05
openmrg,constant idw,radar,,14850,1.0752,0.0987,-0.9766,-0.9082,1.0212,1.8075,1.681,0.1252,0.2064,0.0186,0.2056,openmrg 2015-07-25 05
openmrg,constant line,radar,,15790,1.0821,0.1067,-0.9754,-0.9014,1.0242,1.833,1.694,0.1313,0.2123,0.0159,0.2116,openmrg 2015-07-25 05
openmrg,constant gmz,radar,,15790,1.0821,0.1189,-0.9632,-0.8902,1.0224,1.8333,1.6942,0.1344,0.2196,0.0187,0.2187,openmrg 2015-07-25 05
openmrg,pycomlink idw,radar,,14850,1.0752,0.6455,-0.4297,-0.3996,1.0283,1.699,1.5801,0.2177,0.6736,0.1317,0.6111,openmrg 2015-07-25 05
openmrg,pycomlink line,radar,,15790,1.0821,0.6262,-0.4559,-0.4213,1.0127,1.7052,1.5759,0.2238,0.6789,0.1311,0.6158,openmrg 2015-07-25 05
openmrg,pycomlink gmz,radar,,15790,1.0821,0.6425,-0.4395,-0.4062,1.0178,1.7159,1.5858,0.2208,0.6802,0.1309,0.617,openmrg 2015-07-25 05
openmrg,nearby idw,radar,,14850,1.0752,0.3885,-0.6868,-0.6387,1.0269,1.7804,1.6558,0.1235,0.4785,0.1274,0.4473,openmrg 2015-07-25 05
openmrg,nearby line,radar,,15790,1.0821,0.3746,-0.7074,-0.6538,1.0182,1.7945,1.6584,0.1316,0.472,0.1297,0.441,openmrg 2015-07-25 05
openmrg,nearby gmz,radar,,15790,1.0821,0.3788,-0.7032,-0.6499,1.0242,1.7994,1.6629,0.1339,0.4717,0.1264,0.4416,openmrg 2015-07-25 05
openmrg,rnn idw,radar,,14910,1.0806,0.9541,-0.1265,-0.1171,1.0287,1.6796,1.5544,0.2532,0.8708,0.1079,0.7878,openmrg 2015-07-25 05
openmrg,rnn line,radar,,15880,1.0916,0.984,-0.1076,-0.0985,1.0302,1.7073,1.5641,0.268,0.8711,0.11,0.7864,openmrg 2015-07-25 05
openmrg,rnn gmz,radar,,15880,1.0916,0.9957,-0.0959,-0.0878,1.0325,1.7137,1.5699,0.2773,0.8654,0.1103,0.7816,openmrg 2015-07-25 05
openmrg,city,pws,,2800,0.5824,0.8437,0.2613,0.4487,0.3404,0.6293,1.0807,0.8753,0.9865,0.0616,0.9265,openmrg 2015-07-25 05
openmrg,dynamic idw,pws,,10980,0.6571,1.8443,1.1872,1.8068,1.2171,2.0839,3.1714,0.7448,0.9664,0.1254,0.8488,openmrg 2015-07-25 05
openmrg,dynamic line,pws,,11470,0.6628,1.7952,1.1324,1.7086,1.1609,1.9465,2.9369,0.7499,0.9716,0.1261,0.8521,openmrg 2015-07-25 05
openmrg,dynamic gmz,pws,,11470,0.6628,1.7905,1.1277,1.7015,1.167,1.9676,2.9687,0.7376,0.9671,0.1253,0.8494,openmrg 2015-07-25 05
openmrg,constant idw,pws,,10980,0.6571,0.1112,-0.5459,-0.8308,0.5811,0.9501,1.4459,0.4456,0.2121,0.0977,0.2073,openmrg 2015-07-25 05
openmrg,constant line,pws,,11470,0.6628,0.1172,-0.5455,-0.8231,0.5865,0.9631,1.4532,0.443,0.2179,0.0999,0.2128,openmrg 2015-07-25 05
openmrg,constant gmz,pws,,11470,0.6628,0.1272,-0.5356,-0.8081,0.585,0.9641,1.4546,0.441,0.225,0.1035,0.2193,openmrg 2015-07-25 05
openmrg,pycomlink idw,pws,,10980,0.6571,0.6411,-0.016,-0.0243,0.4157,0.7024,1.069,0.7342,0.7938,0.0852,0.7391,openmrg 2015-07-25 05
openmrg,pycomlink line,pws,,11470,0.6628,0.6105,-0.0523,-0.0789,0.4055,0.6746,1.0179,0.7379,0.7959,0.0852,0.741,openmrg 2015-07-25 05
openmrg,pycomlink gmz,pws,,11470,0.6628,0.6213,-0.0415,-0.0626,0.4209,0.7071,1.0669,0.7194,0.7944,0.0883,0.7377,openmrg 2015-07-25 05
openmrg,nearby idw,pws,,10980,0.6571,0.4023,-0.2547,-0.3877,0.4199,0.6644,1.0112,0.7495,0.5885,0.059,0.5676,openmrg 2015-07-25 05
openmrg,nearby line,pws,,11470,0.6628,0.3882,-0.2746,-0.4143,0.4211,0.6619,0.9987,0.7543,0.5814,0.0589,0.561,openmrg 2015-07-25 05
openmrg,nearby gmz,pws,,11470,0.6628,0.3919,-0.2708,-0.4086,0.4222,0.6744,1.0176,0.7465,0.5801,0.059,0.5598,openmrg 2015-07-25 05
openmrg,rnn idw,pws,,10990,0.657,0.9497,0.2927,0.4455,0.4303,0.7311,1.1128,0.8084,0.9414,0.118,0.8361,openmrg 2015-07-25 05
openmrg,rnn line,pws,,11470,0.6628,0.9612,0.2984,0.4503,0.4312,0.7307,1.1025,0.8123,0.9469,0.1147,0.8434,openmrg 2015-07-25 05
openmrg,rnn gmz,pws,,11470,0.6628,0.9681,0.3054,0.4607,0.4407,0.7585,1.1444,0.8028,0.947,0.1109,0.847,openmrg 2015-07-25 05
openmrg,dynamic idw,city,,3220,0.8618,2.1859,1.3241,1.5364,1.354,2.4118,2.7986,0.8639,0.9836,0.0857,0.9006,openmrg 2015-07-25 05
openmrg,dynamic line,city,,3220,0.8618,2.0503,1.1884,1.379,1.2189,2.1597,2.5061,0.8669,0.9789,0.0901,0.8924,openmrg 2015-07-25 05
openmrg,dynamic gmz,city,,3220,0.8618,2.0372,1.1754,1.3639,1.2138,2.1758,2.5247,0.8552,0.9811,0.0942,0.8902,openmrg 2015-07-25 05
openmrg,constant idw,city,,3220,0.8618,0.0931,-0.7687,-0.892,0.8026,1.3763,1.597,0.0369,0.2984,0.0685,0.292,openmrg 2015-07-25 05
openmrg,constant line,city,,3220,0.8618,0.0922,-0.7696,-0.893,0.8021,1.3754,1.596,0.0534,0.2907,0.0586,0.2855,openmrg 2015-07-25 05
openmrg,constant gmz,city,,3220,0.8618,0.099,-0.7628,-0.8851,0.8008,1.3754,1.596,0.0488,0.3058,0.0695,0.2989,openmrg 2015-07-25 05
openmrg,pycomlink idw,city,,3220,0.8618,0.6581,-0.2037,-0.2363,0.3946,0.6105,0.7084,0.8863,0.7967,0.0123,0.7889,openmrg 2015-07-25 05
openmrg,pycomlink line,city,,3220,0.8618,0.6387,-0.2231,-0.2589,0.3807,0.5942,0.6894,0.8869,0.804,0.0137,0.7951,openmrg 2015-07-25 05
openmrg,pycomlink gmz,city,,3220,0.8618,0.6434,-0.2184,-0.2534,0.3897,0.615,0.7137,0.8781,0.8049,0.0142,0.7957,openmrg 2015-07-25 05
openmrg,nearby idw,city,,3220,0.8618,0.4938,-0.368,-0.427,0.4461,0.6836,0.7932,0.8653,0.6856,0.0038,0.6838,openmrg 2015-07-25 05
openmrg,nearby line,city,,3220,0.8618,0.4684,-0.3934,-0.4565,0.4585,0.6994,0.8116,0.8597,0.68,0.0019,0.6791,openmrg 2015-07-25 05
openmrg,nearby gmz,city,,3220,0.8618,0.4731,-0.3888,-0.4511,0.4623,0.7128,0.8271,0.8506,0.68,0.0032,0.6786,openmrg 2015-07-25 05
openmrg,rnn idw,city,,3220,0.8618,0.8508,-0.011,-0.0128,0.3586,0.4962,0.5758,0.8994,0.9311,0.0881,0.8542,openmrg 2015-07-25 05
openmrg,rnn line,city,,3220,0.8618,0.8567,-0.0051,-0.0059,0.3501,0.485,0.5628,0.9037,0.9376,0.0841,0.8632,openmrg 2015-07-25 05
openmrg,rnn gmz,city,,3220,0.8618,0.854,-0.0078,-0.009,0.3527,0.489,0.5674,0.9022,0.9397,0.084,0.8652,openmrg 2015-07-25 05
openmrg,pws,radar,2.0,7040,0.9244,1.1636,0.2392,0.2588,0.7836,1.587,1.7169,0.6118,0.8722,0.1552,0.7518,openmrg 2015-07-25 21
openmrg,city,radar,2.0,2760,0.7882,1.1267,0.3384,0.4294,0.7516,1.4138,1.7937,0.6505,0.9133,0.2025,0.7414,openmrg 2015-07-25 21
openmrg,dynamic idw,radar,2.0,8520,0.9308,2.2731,1.3423,1.4421,1.489,2.6995,2.9002,0.7044,0.9282,0.1889,0.7632,openmrg 2015-07-25 21
openmrg,dynamic line,radar,2.0,8520,0.9308,2.2079,1.2771,1.372,1.4335,2.5816,2.7735,0.7049,0.9207,0.1879,0.759,openmrg 2015-07-25 21
openmrg,dynamic gmz,radar,2.0,8520,0.9308,2.2102,1.2794,1.3745,1.4511,2.6463,2.8431,0.6957,0.9151,0.1887,0.7545,openmrg 2015-07-25 21
openmrg,constant idw,radar,2.0,8520,0.9308,0.9209,-0.0099,-0.0107,0.796,1.4641,1.573,0.6165,0.5331,0.157,0.4849,openmrg 2015-07-25 21
openmrg,constant line,radar,2.0,8520,0.9308,0.9385,0.0077,0.0083,0.8174,1.509,1.6212,0.6005,0.5357,0.1598,0.4861,openmrg 2015-07-25 21
openmrg,constant gmz,radar,2.0,8520,0.9308,0.9576,0.0268,0.0288,0.8436,1.5947,1.7132,0.5854,0.5317,0.1631,0.4818,openmrg 2015-07-25 21
openmrg,pycomlink idw,radar,2.0,8520,0.9308,1.2932,0.3624,0.3894,0.7842,1.5026,1.6143,0.7153,0.764,0.1382,0.6806,openmrg 2015-07-25 21
openmrg,pycomlink line,radar,2.0,8520,0.9308,1.2485,0.3177,0.3413,0.7621,1.4555,1.5637,0.7148,0.7512,0.1389,0.67,openmrg 2015-07-25 21
openmrg,pycomlink gmz,radar,2.0,8520,0.9308,1.2532,0.3224,0.3463,0.7802,1.5079,1.62,0.7062,0.7489,0.1384,0.6685,openmrg 2015-07-25 21
openmrg,nearby idw,radar,2.0,8520,0.9308,1.0924,0.1616,0.1737,0.7876,1.4021,1.5063,0.6744,0.6557,0.1366,0.5941,openmrg 2015-07-25 21
openmrg,nearby line,radar,2.0,8520,0.9308,1.0686,0.1378,0.148,0.7694,1.3604,1.4615,0.6774,0.6618,0.1373,0.5987,openmrg 2015-07-25 21
openmrg,nearby gmz,radar,2.0,8520,0.9308,1.0776,0.1468,0.1577,0.7891,1.4187,1.5242,0.6681,0.6561,0.1391,0.5932,openmrg 2015-07-25 21
openmrg,rnn idw,radar,2.0,8520,0.9308,1.4013,0.4705,0.5054,0.7797,1.3214,1.4196,0.7302,0.9094,0.1741,0.7631,openmrg 2015-07-25 21
openmrg,rnn line,radar,2.0,8520,0.9308,1.4134,0.4826,0.5185,0.79,1.3408,1.4405,0.7254,0.9119,0.1753,0.7638,openmrg 2015-07-25 21
openmrg,rnn gmz,radar,2.0,8520,0.9308,1.4234,0.4926,0.5292,0.8023,1.3793,1.4819,0.7201,0.9082,0.1742,0.7622,openmrg 2015-07-25 21
openmrg,city,pws,2.0,2460,1.129,1.1873,0.0582,0.0516,0.7589,1.5338,1.3586,0.6546,0.9446,0.1209,0.836,openmrg 2015-07-25 21
openmrg,dynamic idw,pws,2.0,7040,1.1636,2.2383,1.0747,0.9236,1.3214,2.4084,2.0698,0.7234,0.9367,0.157,0.7975,openmrg 2015-07-25 21
openmrg,dynamic line,pws,2.0,7040,1.1636,2.1742,1.0106,0.8685,1.2761,2.3255,1.9985,0.7131,0.9287,0.1566,0.7921,openmrg 2015-07-25 21
openmrg,dynamic gmz,pws,2.0,7040,1.1636,2.1761,1.0125,0.8701,1.2973,2.4006,2.0631,0.7006,0.9226,0.1595,0.7851,openmrg 2015-07-25 21
openmrg,constant idw,pws,2.0,7040,1.1636,0.8895,-0.2741,-0.2356,0.7694,1.4887,1.2794,0.6963,0.5477,0.1018,0.5157,openmrg 2015-07-25 21
openmrg,constant line,pws,2.0,7040,1.1636,0.911,-0.2526,-0.2171,0.8096,1.5683,1.3478,0.663,0.5488,0.1061,0.5152,openmrg 2015-07-25 21
openmrg,constant gmz,pws,2.0,7040,1.1636,0.9309,-0.2327,-0.2,0.831,1.6463,1.4148,0.641,0.5463,0.1089,0.5121,openmrg 2015-07-25 21
openmrg,pycomlink idw,pws,2.0,7040,1.1636,1.2584,0.0948,0.0815,0.7075,1.4116,1.2131,0.7531,0.7807,0.1038,0.716,openmrg 2015-07-25 21
openmrg,pycomlink line,pws,2.0,7040,1.1636,1.2191,0.0555,0.0477,0.706,1.4135,1.2147,0.7429,0.7705,0.1046,0.7069,openmrg 2015-07-25 21
openmrg,pycomlink gmz,pws,2.0,7040,1.1636,1.2271,0.0634,0.0545,0.7241,1.4645,1.2586,0.7313,0.7675,0.1048,0.7042,openmrg 2015-07-25 21
openmrg,nearby idw,pws,2.0,7040,1.1636,1.0605,-0.1031,-0.0886,0.7362,1.3978,1.2013,0.7325,0.652,0.1083,0.6042,openmrg 2015-07-25 21
openmrg,nearby line,pws,2.0,7040,1.1636,1.0388,-0.1248,-0.1072,0.7423,1.4202,1.2205,0.7177,0.6581,0.1079,0.6096,openmrg 2015-07-25 21
openmrg,nearby gmz,pws,2.0,7040,1.1636,1.0484,-0.1152,-0.099,0.7642,1.4864,1.2774,0.6984,0.6522,0.1095,0.6038,openmrg 2015-07-25 21
openmrg,rnn idw,pws,2.0,7040,1.1636,1.3475,0.1839,0.158,0.6928,1.2521,1.076,0.7806,0.9102,0.1584,0.7771,openmrg 2015-07-25 21
openmrg,rnn line,pws,2.0,7040,1.1636,1.3554,0.1918,0.1648,0.6998,1.2719,1.093,0.7737,0.9122,0.1607,0.7766,openmrg 2015-07-25 21
openmrg,rnn gmz,pws,2.0,7040,1.1636,1.3606,0.197,0.1693,0.7088,1.2941,1.1122,0.768,0.9076,0.1603,0.7735,openmrg 2015-07-25 21
openmrg,dynamic idw,city,2.0,2760,1.1267,2.5789,1.4522,1.289,1.5396,2.7157,2.4104,0.8666,0.9608,0.1076,0.8611,openmrg 2015-07-25 21
openmrg,dynamic line,city,2.0,2760,1.1267,2.4217,1.295,1.1494,1.403,2.4677,2.1903,0.8621,0.9476,0.1043,0.8534,openmrg 2015-07-25 21
openmrg,dynamic gmz,city,2.0,2760,1.1267,2.4079,1.2812,1.1372,1.4083,2.5065,2.2247,0.8544,0.9471,0.1063,0.8512,openmrg 2015-07-25 21
openmrg,constant idw,city,2.0,2760,1.1267,0.9261,-0.2006,-0.178,0.6006,1.1072,0.9827,0.8223,0.5321,0.052,0.5171,openmrg 2015-07-25 21
openmrg,constant line,city,2.0,2760,1.1267,0.9031,-0.2236,-0.1984,0.6118,1.1047,0.9805,0.8198,0.5326,0.0611,0.5148,openmrg 2015-07-25 21
openmrg,constant gmz,city,2.0,2760,1.1267,0.9069,-0.2197,-0.195,0.6161,1.1232,0.9969,0.8163,0.5331,0.0565,0.5166,openmrg 2015-07-25 21
openmrg,pycomlink idw,city,2.0,2760,1.1267,1.3163,0.1896,0.1683,0.6043,1.2238,1.0862,0.8507,0.7036,0.0522,0.6773,openmrg 2015-07-25 21
openmrg,pycomlink line,city,2.0,2760,1.1267,1.2517,0.125,0.111,0.5904,1.1694,1.038,0.8466,0.6927,0.0482,0.6692,openmrg 2015-07-25 21
openmrg,pycomlink gmz,city,2.0,2760,1.1267,1.2525,0.1258,0.1117,0.6028,1.202,1.0669,0.8417,0.6959,0.0474,0.6725,openmrg 2015-07-25 21
openmrg,nearby idw,city,2.0,2760,1.1267,1.1583,0.0316,0.0281,0.5987,1.0917,0.969,0.8377,0.6037,0.0427,0.5879,openmrg 2015-07-25 21
openmrg,nearby line,city,2.0,2760,1.1267,1.1082,-0.0185,-0.0164,0.5994,1.0822,0.9605,0.8307,0.6092,0.0518,0.5896,openmrg 2015-07-25 21
openmrg,nearby gmz,city,2.0,2760,1.1267,1.104,-0.0227,-0.0201,0.6041,1.099,0.9755,0.828,0.6074,0.0526,0.5876,openmrg 2015-07-25 21
openmrg,rnn idw,city,2.0,2760,1.1267,1.1451,0.0184,0.0163,0.5481,1.0763,0.9553,0.805,0.8801,0.0827,0.8154,openmrg 2015-07-25 21
openmrg,rnn line,city,2.0,2760,1.1267,1.1621,0.0355,0.0315,0.5577,1.094,0.971,0.7991,0.8837,0.0824,0.8188,openmrg 2015-07-25 21
openmrg,rnn gmz,city,2.0,2760,1.1267,1.1602,0.0335,0.0297,0.557,1.0984,0.9749,0.7981,0.8769,0.0812,0.8138,openmrg 2015-07-25 21
openmrg,pws,radar,,11850,0.8986,1.0741,0.1755,0.1953,0.7763,1.5937,1.7736,0.5563,0.8774,0.1565,0.7546,openmrg 2015-07-25 21
openmrg,city,radar,,3220,0.7786,1.0839,0.3053,0.3921,0.7283,1.3589,1.7452,0.6469,0.9052,0.2043,0.7345,openmrg 2015-07-25 21
openmrg,dynamic idw,radar,,14850,0.9209,2.1572,1.2362,1.3424,1.4026,2.4898,2.7035,0.6835,0.9256,0.1954,0.7558,openmrg 2015-07-25 21
openmrg,dynamic line,radar,,15790,0.9174,2.1052,1.1879,1.2949,1.366,2.4101,2.6272,0.6745,0.9175,0.2018,0.7448,openmrg 2015-07-25 21
openmrg,dynamic gmz,radar,,15790,0.9174,2.1036,1.1863,1.2931,1.3767,2.4601,2.6817,0.67,0.9067,0.1994,0.7397,openmrg 2015-07-25 21
openmrg,constant idw,radar,,14850,0.9209,0.8967,-0.0242,-0.0263,0.8289,1.4815,1.6087,0.576,0.5215,0.1694,0.4714,openmrg 2015-07-25 21
openmrg,constant line,radar,,15790,0.9174,0.9168,-0.0006,-0.0006,0.8677,1.5648,1.7058,0.5368,0.5225,0.1785,0.4693,openmrg 2015-07-25 21
openmrg,constant gmz,radar,,15790,0.9174,0.9323,0.0149,0.0162,0.8912,1.6358,1.7831,0.5271,0.5131,0.1785,0.4616,openmrg 2015-07-25 21
openmrg,pycomlink idw,radar,,14850,0.9209,1.2295,0.3085,0.335,0.7898,1.4631,1.5887,0.6828,0.7613,0.1469,0.6731,openmrg 2015-07-25 21
openmrg,pycomlink line,radar,,15790,0.9174,1.1856,0.2682,0.2924,0.7818,1.4465,1.5768,0.6672,0.747,0.1528,0.6583,openmrg 2015-07-25 21
openmrg,pycomlink gmz,radar,,15790,0.9174,1.1814,0.2641,0.2878,0.7939,1.4847,1.6185,0.6609,0.7434,0.1506,0.6568,openmrg 2015-07-25 21
openmrg,nearby idw,radar,,14850,0.9209,1.0324,0.1114,0.121,0.7921,1.3826,1.5013,0.6414,0.6514,0.1466,0.5859,openmrg 2015-07-25 21
openmrg,nearby line,radar,,15790,0.9174,1.0101,0.0927,0.101,0.7916,1.3781,1.5023,0.6251,0.657,0.1518,0.5879,openmrg 2015-07-25 21
openmrg,nearby gmz,radar,,15790,0.9174,1.0139,0.0965,0.1052,0.8067,1.4311,1.56,0.6164,0.6433,0.1498,0.5778,openmrg 2015-07-25 21
openmrg,rnn idw,radar,,14910,0.9213,1.4095,0.4882,0.5299,0.8416,1.4,1.5196,0.679,0.9042,0.1908,0.7453,openmrg 2015-07-25 21
openmrg,rnn line,radar,,15880,0.9182,1.4292,0.511,0.5565,0.8703,1.4512,1.5805,0.66,0.902,0.1994,0.7365,openmrg 2015-07-25 21
openmrg,rnn gmz,radar,,15880,0.9182,1.4363,0.5181,0.5643,0.8791,1.4708,1.6019,0.6591,0.8976,0.196,0.7364,openmrg 2015-07-25 21
openmrg,city,pws,,2800,1.1098,1.1462,0.0364,0.0328,0.7595,1.5596,1.4053,0.63,0.9438,0.1267,0.8301,openmrg 2015-07-25 21
openmrg,dynamic idw,pws,,10980,1.0997,2.1258,1.0261,0.9331,1.3171,2.3102,2.1009,0.687,0.9236,0.1681,0.7784,openmrg 2015-07-25 21
openmrg,dynamic line,pws,,11470,1.0856,2.0758,0.9902,0.9121,1.3104,2.296,2.115,0.6567,0.9167,0.1707,0.7711,openmrg 2015-07-25 21
openmrg,dynamic gmz,pws,,11470,1.0856,2.0687,0.9831,0.9056,1.3196,2.3533,2.1677,0.6457,0.9051,0.1716,0.7622,openmrg 2015-07-25 21
openmrg,constant idw,pws,,10980,1.0997,0.8594,-0.2402,-0.2184,0.807,1.5606,1.4191,0.6275,0.5354,0.1101,0.5021,openmrg 2015-07-25 21
openmrg,constant line,pws,,11470,1.0856,0.8889,-0.1967,-0.1812,0.8548,1.6583,1.5275,0.5763,0.5391,0.1128,0.5045,openmrg 2015-07-25 21
openmrg,constant gmz,pws,,11470,1.0856,0.9042,-0.1814,-0.1671,0.882,1.7284,1.5921,0.5573,0.5287,0.114,0.495,openmrg 2015-07-25 21
openmrg,pycomlink idw,pws,,10980,1.0997,1.1982,0.0986,0.0896,0.7452,1.4622,1.3297,0.7023,0.7774,0.1162,0.7053,openmrg 2015-07-25 21
openmrg,pycomlink line,pws,,11470,1.0856,1.1594,0.0738,0.068,0.7561,1.4932,1.3754,0.6743,0.7671,0.1182,0.6955,openmrg 2015-07-25 21
openmrg,pycomlink gmz,pws,,11470,1.0856,1.1583,0.0727,0.067,0.7726,1.5347,1.4136,0.6634,0.7612,0.1181,0.6908,openmrg 2015-07-25 21
openmrg,nearby idw,pws,,10980,1.0997,1.0049,-0.0947,-0.0861,0.7652,1.4666,1.3337,0.6717,0.646,0.1218,0.5929,openmrg 2015-07-25 21
openmrg,nearby line,pws,,11470,1.0856,0.9876,-0.098,-0.0903,0.7814,1.5052,1.3865,0.6403,0.6521,0.1218,0.598,openmrg 2015-07-25 21
openmrg,nearby gmz,pws,,11470,1.0856,0.9901,-0.0955,-0.088,0.8036,1.5659,1.4424,0.6216,0.6358,0.1196,0.5853,openmrg 2015-07-25 21
openmrg,rnn idw,pws,,10990,1.0992,1.3579,0.2587,0.2354,0.7861,1.4037,1.277,0.7045,0.9025,0.176,0.7567,openmrg 2015-07-25 21
openmrg,rnn line,pws,,11470,1.0856,1.3782,0.2926,0.2695,0.828,1.4852,1.3681,0.669,0.8989,0.1821,0.749,openmrg 2015-07-25 21
openmrg,rnn gmz,pws,,11470,1.0856,1.3791,0.2935,0.2703,0.8311,1.4934,1.3756,0.6682,0.8945,0.1786,0.7489,openmrg 2015-07-25 21
openmrg,dynamic idw,city,,3220,1.0839,2.4914,1.4075,1.2985,1.4883,2.6142,2.4117,0.868,0.9601,0.1093,0.8589,openmrg 2015-07-25 21
openmrg,dynamic line,city,,3220,1.0839,2.3477,1.2638,1.1659,1.3625,2.3807,2.1963,0.8635,0.9487,0.1092,0.8499,openmrg 2015-07-25 21
openmrg,dynamic gmz,city,,3220,1.0839,2.3342,1.2503,1.1535,1.3657,2.4152,2.2282,0.8562,0.9483,0.1108,0.8481,openmrg 2015-07-25 21
openmrg,constant idw,city,,3220,1.0839,0.9005,-0.1834,-0.1692,0.5768,1.0625,0.9803,0.8224,0.5292,0.0618,0.5113,openmrg 2015-07-25 21
openmrg,constant line,city,,3220,1.0839,0.8805,-0.2035,-0.1877,0.586,1.0587,0.9767,0.8204,0.5295,0.0727,0.5085,openmrg 2015-07-25 21
openmrg,constant gmz,city,,3220,1.0839,0.8837,-0.2002,-0.1847,0.5903,1.0759,0.9925,0.817,0.5299,0.0681,0.5102,openmrg 2015-07-25 21
openmrg,pycomlink idw,city,,3220,1.0839,1.2793,0.1954,0.1802,0.5901,1.1807,1.0893,0.8508,0.7018,0.0608,0.6713,openmrg 2015-07-25 21
openmrg,pycomlink line,city,,3220,1.0839,1.2187,0.1348,0.1244,0.5756,1.128,1.0407,0.8469,0.6924,0.058,0.664,openmrg 2015-07-25 21
openmrg,pycomlink gmz,city,,3220,1.0839,1.2197,0.1358,0.1252,0.5869,1.158,1.0683,0.8422,0.6951,0.0573,0.6669,openmrg 2015-07-25 21
openmrg,nearby idw,city,,3220,1.0839,1.1206,0.0367,0.0338,0.5791,1.0549,0.9732,0.8376,0.598,0.0509,0.5794,openmrg 2015-07-25 21
openmrg,nearby line,city,,3220,1.0839,1.0744,-0.0095,-0.0088,0.5779,1.042,0.9613,0.8314,0.6051,0.0602,0.5825,openmrg 2015-07-25 21
openmrg,nearby gmz,city,,3220,1.0839,1.0698,-0.0141,-0.013,0.5819,1.0571,0.9752,0.8289,0.602,0.0611,0.5793,openmrg 2015-07-25 21
openmrg,rnn idw,city,,3220,1.0839,1.1376,0.0537,0.0495,0.538,1.0407,0.9601,0.8041,0.8767,0.0879,0.8084,openmrg 2015-07-25 21
openmrg,rnn line,city,,3220,1.0839,1.1571,0.0731,0.0674,0.5503,1.06,0.9779,0.7981,0.8818,0.0886,0.8122,openmrg 2015-07-25 21
openmrg,rnn gmz,city,,3220,1.0839,1.1535,0.0696,0.0642,0.5478,1.0623,0.98,0.7979,0.8755,0.0873,0.8079,openmrg 2015-07-25 21
openmrg,pws,radar,2.0,22528,0.5779,0.5102,-0.0677,-0.1171,0.4942,1.0922,1.8901,0.5607,0.7787,0.2378,0.6265,openmrg 2015-07-28 03
openmrg,city,radar,2.0,8832,0.7096,0.8306,0.121,0.1705,0.6846,1.6737,2.3587,0.5052,0.8224,0.1888,0.6903,openmrg 2015-07-28 03
openmrg,dynamic idw,radar,2.0,27264,0.5825,1.1208,0.5383,0.9241,0.7235,1.6361,2.8087,0.7096,0.9196,0.3053,0.6549,openmrg 2015-07-28 03
openmrg,dynamic line,radar,2.0,27264,0.5825,1.0708,0.4883,0.8384,0.6819,1.5203,2.6099,0.7171,0.9198,0.3036,0.6565,openmrg 2015-07-28 03
openmrg,dynamic gmz,radar,2.0,27264,0.5825,1.0773,0.4948,0.8495,0.6932,1.5876,2.7255,0.705,0.9148,0.3095,0.6487,openmrg 2015-07-28 03
openmrg,constant idw,radar,2.0,27264,0.5825,0.3909,-0.1916,-0.3289,0.4682,1.0521,1.8061,0.6277,0.561,0.1795,0.4997,openmrg 2015-07-28 03
openmrg,constant line,radar,2.0,27264,0.5825,0.3756,-0.2069,-0.3552,0.4622,1.0381,1.782,0.633,0.554,0.1776,0.4948,openmrg 2015-07-28 03
openmrg,constant gmz,radar,2.0,27264,0.5825,0.3881,-0.1944,-0.3337,0.4692,1.0924,1.8754,0.6085,0.556,0.183,0.4944,openmrg 2015-07-28 03
openmrg,pycomlink idw,radar,2.0,27264,0.5825,0.4941,-0.0884,-0.1518,0.4808,1.0967,1.8827,0.6423,0.6112,0.1755,0.5408,openmrg 2015-07-28 03
openmrg,pycomlink line,radar,2.0,27264,0.5825,0.4674,-0.1151,-0.1976,0.4678,1.0606,1.8207,0.6497,0.6022,0.1731,0.5348,openmrg 2015-07-28 03
openmrg,pycomlink gmz,radar,2.0,27264,0.5825,0.4785,-0.104,-0.1785,0.4744,1.1195,1.9218,0.6305,0.6028,0.1754,0.5343,openmrg 2015-07-28 03
openmrg,nearby idw,radar,2.0,27264,0.5825,0.4341,-0.1484,-0.2548,0.4403,1.0144,1.7415,0.6689,0.6179,0.1244,0.568,openmrg 2015-07-28 03
openmrg,nearby line,radar,2.0,27264,0.5825,0.4103,-0.1722,-0.2956,0.4311,1.0041,1.7237,0.6687,0.6126,0.1232,0.5641,openmrg 2015-07-28 03
openmrg,nearby gmz,radar,2.0,27264,0.5825,0.4186,-0.1639,-0.2814,0.4386,1.1394,1.9561,0.6118,0.6064,0.1253,0.558,openmrg 2015-07-28 03
openmrg,rnn idw,radar,2.0,27264,0.5825,0.6994,0.1169,0.2006,0.4788,1.0179,1.7474,0.6752,0.8939,0.2258,0.709,openmrg 2015-07-28 03
openmrg,rnn line,radar,2.0,27264,0.5825,0.6982,0.1157,0.1986,0.4765,1.0143,1.7413,0.6771,0.8954,0.2258,0.7099,openmrg 2015-07-28 03
openmrg,rnn gmz,radar,2.0,27264,0.5825,0.7025,0.12,0.206,0.4819,1.0414,1.7878,0.6699,0.8909,0.2251,0.7077,openmrg 2015-07-28 03
openmrg,city,pws,2.0,7872,0.5521,0.8157,0.2636,0.4774,0.5752,1.4842,2.6882,0.5549,0.853,0.1169,0.7665,openmrg 2015-07-28 03
openmrg,dynamic idw,pws,2.0,22528,0.5102,1.1129,0.6027,1.1813,0.7798,1.7569,3.4436,0.6357,0.9095,0.3074,0.6479,openmrg 2015-07-28 03
openmrg,dynamic line,pws,2.0,22528,0.5102,1.0643,0.5542,1.0862,0.7433,1.6464,3.227,0.6361,0.9066,0.3086,0.6454,openmrg 2015-07-28 03
openmrg,dynamic gmz,pws,2.0,22528,0.5102,1.0733,0.5631,1.1038,0.7584,1.7192,3.3698,0.6223,0.9023,0.3146,0.638,openmrg 2015-07-28 03
openmrg,constant idw,pws,2.0,22528,0.5102,0.3826,-0.1276,-0.2502,0.434,1.0069,1.9735,0.568,0.5843,0.1534,0.5284,openmrg 2015-07-28 03
openmrg,constant line,pws,2.0,22528,0.5102,0.3671,-0.1431,-0.2805,0.4324,0.9893,1.9391,0.5702,0.5741,0.1555,0.5192,openmrg 2015-07-28 03
openmrg,constant gmz,pws,2.0,22528,0.5102,0.38,-0.1302,-0.2553,0.4397,1.0541,2.066,0.5458,0.5771,0.1596,0.5201,openmrg 2015-07-28 03
openmrg,pycomlink idw,pws,2.0,22528,0.5102,0.4866,-0.0236,-0.0463,0.4627,1.1076,2.171,0.5757,0.6208,0.1637,0.5536,openmrg 2015-07-28 03
openmrg,pycomlink line,pws,2.0,22528,0.5102,0.461,-0.0492,-0.0965,0.4564,1.0708,2.0989,0.5744,0.6106,0.1653,0.5447,openmrg 2015-07-28 03
openmrg,pycomlink gmz,pws,2.0,22528,0.5102,0.4739,-0.0363,-0.0711,0.4645,1.1396,2.2336,0.5559,0.6129,0.1658,0.5463,openmrg 2015-07-28 03
openmrg,nearby idw,pws,2.0,22528,0.5102,0.4293,-0.0809,-0.1585,0.4254,1.0379,2.0343,0.5782,0.6164,0.1098,0.5729,openmrg 2015-07-28 03
openmrg,nearby line,pws,2.0,22528,0.5102,0.4078,-0.1024,-0.2008,0.4212,1.0333,2.0254,0.5664,0.6105,0.1129,0.5665,openmrg 2015-07-28 03
openmrg,nearby gmz,pws,2.0,22528,0.5102,0.4171,-0.0931,-0.1826,0.4291,1.1982,2.3484,0.505,0.6058,0.1119,0.5628,openmrg 2015-07-28 03
openmrg,rnn idw,pws,2.0,22528,0.5102,0.6862,0.176,0.3449,0.4769,1.01,1.9797,0.6259,0.8656,0.2197,0.696,openmrg 2015-07-28 03
openmrg,rnn line,pws,2.0,22528,0.5102,0.6869,0.1767,0.3463,0.4792,1.012,1.9836,0.6256,0.8658,0.2212,0.6949,openmrg 2015-07-28 03
openmrg,rnn gmz,pws,2.0,22528,0.5102,0.6914,0.1812,0.3552,0.4862,1.0485,2.0551,0.615,0.8607,0.2202,0.6925,openmrg 2015-07-28 03
openmrg,dynamic idw,city,2.0,8832,0.8306,1.5072,0.6766,0.8146,0.9578,2.0688,2.4908,0.7084,0.9574,0.337,0.644,openmrg 2015-07-28 03
openmrg,dynamic line,city,2.0,8832,0.8306,1.4103,0.5798,0.698,0.8897,1.9324,2.3265,0.7035,0.954,0.3303,0.6488,openmrg 2015-07-28 03
openmrg,dynamic gmz,city,2.0,8832,0.8306,1.4188,0.5883,0.7082,0.9094,2.0443,2.4613,0.6831,0.9498,0.339,0.6386,openmrg 2015-07-28 03
openmrg,constant idw,city,2.0,8832,0.8306,0.5584,-0.2721,-0.3277,0.5603,1.3877,1.6708,0.6682,0.6896,0.1474,0.6161,openmrg 2015-07-28 03
openmrg,constant line,city,2.0,8832,0.8306,0.5386,-0.2919,-0.3515,0.5643,1.4014,1.6873,0.6587,0.6844,0.1354,0.6181,openmrg 2015-07-28 03
openmrg,constant gmz,city,2.0,8832,0.8306,0.5531,-0.2775,-0.3341,0.5813,1.4955,1.8005,0.6187,0.6893,0.1464,0.6165,openmrg 2015-07-28 03
openmrg,pycomlink idw,city,2.0,8832,0.8306,0.6894,-0.1411,-0.1699,0.566,1.4133,1.7016,0.6856,0.6846,0.1016,0.6354,openmrg 2015-07-28 03
openmrg,pycomlink line,city,2.0,8832,0.8306,0.653,-0.1775,-0.2138,0.5625,1.4017,1.6876,0.6792,0.6744,0.0998,0.6275,openmrg 2015-07-28 03
openmrg,pycomlink gmz,city,2.0,8832,0.8306,0.6657,-0.1649,-0.1985,0.5776,1.5083,1.816,0.6468,0.6797,0.0994,0.6322,openmrg 2015-07-28 03
openmrg,nearby idw,city,2.0,8832,0.8306,0.6163,-0.2143,-0.258,0.5151,1.367,1.6459,0.6844,0.7372,0.06,0.704,openmrg 2015-07-28 03
openmrg,nearby line,city,2.0,8832,0.8306,0.5892,-0.2413,-0.2906,0.5181,1.3885,1.6717,0.6719,0.7314,0.056,0.701,openmrg 2015-07-28 03
openmrg,nearby gmz,city,2.0,8832,0.8306,0.6039,-0.2267,-0.273,0.537,1.6415,1.9763,0.5903,0.7288,0.0607,0.6961,openmrg 2015-07-28 03
openmrg,rnn idw,city,2.0,8832,0.8306,0.748,-0.0826,-0.0994,0.4665,1.1774,1.4175,0.7584,0.9127,0.1548,0.782,openmrg 2015-07-28 03
openmrg,rnn line,city,2.0,8832,0.8306,0.7522,-0.0784,-0.0944,0.47,1.1908,1.4338,0.7519,0.9176,0.153,0.7871,openmrg 2015-07-28 03
openmrg,rnn gmz,city,2.0,8832,0.8306,0.7577,-0.0729,-0.0877,0.4774,1.2167,1.4649,0.7404,0.914,0.156,0.7819,openmrg 2015-07-28 03
openmrg,pws,radar,,37920,0.5494,0.4968,-0.0526,-0.0958,0.5017,1.1057,2.0124,0.5062,0.7528,0.2505,0.6015,openmrg 2015-07-28 03
openmrg,city,radar,,10304,0.7008,0.8477,0.1469,0.2097,0.7049,1.722,2.4573,0.498,0.8062,0.1998,0.6711,openmrg 2015-07-28 03
openmrg,dynamic idw,radar,,47520,0.5613,1.0407,0.4793,0.8539,0.7163,1.5823,2.8187,0.6562,0.8975,0.3162,0.6343,openmrg 2015-07-28 03
openmrg,dynamic line,radar,,50528,0.5579,0.985,0.4271,0.7656,0.6851,1.4822,2.6569,0.6473,0.8876,0.3188,0.6271,openmrg 2015-07-28 03
openmrg,dynamic gmz,radar,,50528,0.5579,0.9939,0.436,0.7816,0.6963,1.5425,2.765,0.6382,0.8797,0.3224,0.6201,openmrg 2015-07-28 03
openmrg,constant idw,radar,,47520,0.5613,0.3638,-0.1975,-0.3518,0.4779,1.0925,1.9461,0.565,0.5318,0.1953,0.471,openmrg 2015-07-28 03
openmrg,constant line,radar,,50528,0.5579,0.3429,-0.2149,-0.3853,0.4753,1.0886,1.9513,0.553,0.5216,0.2006,0.4612,openmrg 2015-07-28 03
openmrg,constant gmz,radar,,50528,0.5579,0.3576,-0.2002,-0.3589,0.4834,1.1335,2.0319,0.5339,0.5209,0.2048,0.4592,openmrg 2015-07-28 03
openmrg,pycomlink idw,radar,,47520,0.5613,0.4603,-0.1011,-0.18,0.4883,1.1217,1.9982,0.5867,0.5921,0.1924,0.5189,openmrg 2015-07-28 03
openmrg,pycomlink line,radar,,50528,0.5579,0.4297,-0.1281,-0.2297,0.4801,1.0995,1.9709,0.5778,0.5768,0.1998,0.5042,openmrg 2015-07-28 03
openmrg,pycomlink gmz,radar,,50528,0.5579,0.4418,-0.116,-0.208,0.4873,1.1494,2.0604,0.562,0.5755,0.1998,0.5032,openmrg 2015-07-28 03
openmrg,nearby idw,radar,,47520,0.5613,0.3985,-0.1629,-0.2901,0.456,1.0623,1.8923,0.6034,0.5801,0.1457,0.5279,openmrg 2015-07-28 03
openmrg,nearby line,radar,,50528,0.5579,0.3652,-0.1927,-0.3453,0.4513,1.0594,1.899,0.5874,0.5681,0.1516,0.5158,openmrg 2015-07-28 03
openmrg,nearby gmz,radar,,50528,0.5579,0.3749,-0.1829,-0.3279,0.4589,1.145,2.0524,0.5491,0.5584,0.1537,0.507,openmrg 2015-07-28 03
openmrg,rnn idw,radar,,47712,0.5606,0.689,0.1284,0.229,0.5115,1.0724,1.9131,0.6179,0.8732,0.254,0.6731,openmrg 2015-07-28 03
openmrg,rnn line,radar,,50816,0.5563,0.6843,0.128,0.23,0.5181,1.0816,1.944,0.6027,0.8684,0.2608,0.6647,openmrg 2015-07-28 03
openmrg,rnn gmz,radar,,50816,0.5563,0.6906,0.1343,0.2413,0.5233,1.1147,2.0037,0.5957,0.8653,0.2585,0.6647,openmrg 2015-07-28 03
openmrg,city,pws,,8960,0.5383,0.8293,0.2909,0.5405,0.5994,1.5524,2.8838,0.5326,0.8448,0.1273,0.7521,openmrg 2015-07-28 03
openmrg,dynamic idw,pws,,35136,0.4938,1.027,0.5332,1.0797,0.7526,1.6327,3.3065,0.587,0.8821,0.3369,0.6091,openmrg 2015-07-28 03
openmrg,dynamic line,pws,,36704,0.4969,0.9755,0.4786,0.9632,0.7264,1.536,3.0911,0.5708,0.8684,0.3408,0.5993,openmrg 2015-07-28 03
openmrg,dynamic gmz,pws,,36704,0.4969,0.9863,0.4894,0.9849,0.7424,1.6035,3.2269,0.5578,0.8642,0.3437,0.595,openmrg 2015-07-28 03
openmrg,constant idw,pws,,35136,0.4938,0.3489,-0.1449,-0.2935,0.4374,1.0043,2.0339,0.5193,0.56,0.1814,0.4982,openmrg 2015-07-28 03
openmrg,constant line,pws,,36704,0.4969,0.3278,-0.1691,-0.3403,0.4426,1.0058,2.0241,0.5026,0.5456,0.1908,0.4834,openmrg 2015-07-28 03
openmrg,constant gmz,pws,,36704,0.4969,0.3422,-0.1547,-0.3113,0.452,1.0583,2.1297,0.4813,0.5446,0.1955,0.481,openmrg 2015-07-28 03
openmrg,pycomlink idw,pws,,35136,0.4938,0.4465,-0.0473,-0.0957,0.4606,1.0753,2.1777,0.5325,0.6052,0.1951,0.5278,openmrg 2015-07-28 03
openmrg,pycomlink line,pws,,36704,0.4969,0.4162,-0.0808,-0.1625,0.4628,1.0586,2.1304,0.5132,0.5879,0.2028,0.5114,openmrg 2015-07-28 03
openmrg,pycomlink gmz,pws,,36704,0.4969,0.4304,-0.0666,-0.1339,0.4733,1.1174,2.2487,0.4956,0.589,0.2013,0.5129,openmrg 2015-07-28 03
openmrg,nearby idw,pws,,35136,0.4938,0.3894,-0.1044,-0.2115,0.4301,1.0319,2.0898,0.528,0.5883,0.139,0.5373,openmrg 2015-07-28 03
openmrg,nearby line,pws,,36704,0.4969,0.36,-0.1369,-0.2756,0.4317,1.0352,2.0832,0.5033,0.5756,0.1462,0.524,openmrg 2015-07-28 03
openmrg,nearby gmz,pws,,36704,0.4969,0.3705,-0.1264,-0.2544,0.4403,1.1497,2.3137,0.4566,0.5693,0.1423,0.5202,openmrg 2015-07-28 03
openmrg,rnn idw,pws,,35168,0.494,0.6781,0.184,0.3726,0.5054,1.0459,2.1172,0.5759,0.8419,0.2612,0.6488,openmrg 2015-07-28 03
openmrg,rnn line,pws,,36704,0.4969,0.6772,0.1803,0.3628,0.5171,1.0632,2.1396,0.5591,0.8334,0.2669,0.6394,openmrg 2015-07-28 03
openmrg,rnn gmz,pws,,36704,0.4969,0.6848,0.1879,0.3782,0.5269,1.1179,2.2497,0.5427,0.8304,0.266,0.6383,openmrg 2015-07-28 03
openmrg,dynamic idw,city,,10304,0.8477,1.4788,0.6311,0.7445,0.9299,2.0015,2.3611,0.7075,0.9606,0.3438,0.639,openmrg 2015-07-28 03
openmrg,dynamic line,city,,10304,0.8477,1.386,0.5382,0.6349,0.867,1.8769,2.2141,0.7025,0.9576,0.3379,0.6433,openmrg 2015-07-28 03
openmrg,dynamic gmz,city,,10304,0.8477,1.3952,0.5475,0.6459,0.8844,1.976,2.331,0.685,0.9536,0.3463,0.6335,openmrg 2015-07-28 03
openmrg,constant idw,city,,10304,0.8477,0.5554,-0.2923,-0.3448,0.5671,1.4146,1.6688,0.6732,0.6921,0.1575,0.6128,openmrg 2015-07-28 03
openmrg,constant line,city,,10304,0.8477,0.536,-0.3117,-0.3677,0.5721,1.4315,1.6887,0.6635,0.6889,0.1472,0.6157,openmrg 2015-07-28 03
openmrg,constant gmz,city,,10304,0.8477,0.5505,-0.2972,-0.3506,0.5863,1.5081,1.7791,0.6275,0.6939,0.1569,0.6146,openmrg 2015-07-28 03
openmrg,pycomlink idw,city,,10304,0.8477,0.6826,-0.1651,-0.1948,0.5667,1.4199,1.675,0.6892,0.6883,0.1166,0.6309,openmrg 2015-07-28 03
openmrg,pycomlink line,city,,10304,0.8477,0.6468,-0.2009,-0.237,0.5653,1.4159,1.6703,0.6824,0.679,0.1162,0.6233,openmrg 2015-07-28 03
openmrg,pycomlink gmz,city,,10304,0.8477,0.6596,-0.1881,-0.2218,0.578,1.5048,1.7751,0.6534,0.684,0.116,0.6277,openmrg 2015-07-28 03
openmrg,nearby idw,city,,10304,0.8477,0.6075,-0.2402,-0.2834,0.5262,1.4043,1.6565,0.6807,0.7399,0.074,0.6986,openmrg 2015-07-28 03
openmrg,nearby line,city,,10304,0.8477,0.5803,-0.2674,-0.3154,0.5297,1.4263,1.6825,0.6686,0.7349,0.0708,0.696,openmrg 2015-07-28 03
openmrg,nearby gmz,city,,10304,0.8477,0.5943,-0.2534,-0.2989,0.5455,1.6385,1.9329,0.5933,0.7327,0.0749,0.6916,openmrg 2015-07-28 03
openmrg,rnn idw,city,,10304,0.8477,0.751,-0.0967,-0.1141,0.4827,1.216,1.4344,0.7591,0.9169,0.1681,0.7735,openmrg 2015-07-28 03
openmrg,rnn line,city,,10304,0.8477,0.7548,-0.0929,-0.1096,0.4864,1.2296,1.4505,0.7523,0.9221,0.1672,0.7781,openmrg 2015-07-28 03
openmrg,rnn gmz,city,,10304,0.8477,0.7606,-0.0871,-0.1027,0.4919,1.2482,1.4724,0.7432,0.9189,0.1695,0.7738,openmrg 2015-07-28 03
openmrg,pws,radar,2.0,4224,1.4783,1.2624,-0.2159,-0.1461,0.5977,1.0828,0.7325,0.7769,0.8127,0.123,0.7295,openmrg 2015-08-04 19
openmrg,city,radar,2.0,1656,1.4925,1.5791,0.0866,0.058,0.5175,0.8899,0.5963,0.8441,0.9754,0.1127,0.8678,openmrg 2015-08-04 19
openmrg,dynamic idw,radar,2.0,5112,1.4841,3.0458,1.5616,1.0522,1.6409,2.5642,1.7278,0.8694,0.9689,0.1202,0.8556,openmrg 2015-08-04 19
openmrg,dynamic line,radar,2.0,5112,1.4841,2.9333,1.4492,0.9765,1.5301,2.3549,1.5868,0.8783,0.9705,0.1215,0.8556,openmrg 2015-08-04 19
openmrg,dynamic gmz,radar,2.0,5112,1.4841,2.922,1.4379,0.9689,1.5315,2.3852,1.6072,0.8689,0.967,0.123,0.8515,openmrg 2015-08-04 19
openmrg,constant idw,radar,2.0,5112,1.4841,0.8767,-0.6074,-0.4093,0.7766,1.1077,0.7464,0.8255,0.4966,0.0191,0.4919,openmrg 2015-08-04 19
openmrg,constant line,radar,2.0,5112,1.4841,0.872,-0.6121,-0.4125,0.7796,1.1026,0.743,0.8269,0.4985,0.0216,0.4931,openmrg 2015-08-04 19
openmrg,constant gmz,radar,2.0,5112,1.4841,0.8804,-0.6037,-0.4068,0.7899,1.1231,0.7567,0.8189,0.4948,0.0233,0.489,openmrg 2015-08-04 19
openmrg,pycomlink idw,radar,2.0,5112,1.4841,1.6546,0.1705,0.1149,0.5572,0.9654,0.6505,0.8863,0.9343,0.0586,0.883,openmrg 2015-08-04 19
openmrg,pycomlink line,radar,2.0,5112,1.4841,1.5934,0.1093,0.0737,0.5212,0.8733,0.5884,0.8934,0.9349,0.0593,0.8828,openmrg 2015-08-04 19
openmrg,pycomlink gmz,radar,2.0,5112,1.4841,1.594,0.1099,0.074,0.5413,0.9062,0.6106,0.8873,0.9303,0.0588,0.8792,openmrg 2015-08-04 19
openmrg,nearby idw,radar,2.0,5112,1.4841,1.0882,-0.396,-0.2668,0.5952,0.8984,0.6053,0.8698,0.7789,0.0169,0.7686,openmrg 2015-08-04 19
openmrg,nearby line,radar,2.0,5112,1.4841,1.0451,-0.439,-0.2958,0.6053,0.9053,0.61,0.8703,0.7786,0.0143,0.7699,openmrg 2015-08-04 19
openmrg,nearby gmz,radar,2.0,5112,1.4841,1.0477,-0.4364,-0.294,0.6166,0.9339,0.6293,0.8603,0.7789,0.0172,0.7684,openmrg 2015-08-04 19
openmrg,rnn idw,radar,2.0,5112,1.4841,2.1611,0.677,0.4562,0.7824,1.1435,0.7705,0.9109,0.9662,0.1041,0.8687,openmrg 2015-08-04 19
openmrg,rnn line,radar,2.0,5112,1.4841,2.1587,0.6746,0.4545,0.7906,1.1695,0.788,0.905,0.9641,0.1054,0.8657,openmrg 2015-08-04 19
openmrg,rnn gmz,radar,2.0,5112,1.4841,2.1668,0.6827,0.46,0.8115,1.231,0.8295,0.8945,0.9622,0.1041,0.8655,openmrg 2015-08-04 19
openmrg,city,pws,2.0,1476,1.3058,1.5433,0.2375,0.1819,0.4571,0.7858,0.6018,0.8807,0.9458,0.1133,0.8438,openmrg 2015-08-04 19
openmrg,dynamic idw,pws,2.0,4224,1.2624,3.1259,1.8636,1.4763,1.9739,3.0054,2.3808,0.7794,0.9324,0.2269,0.732,openmrg 2015-08-04 19
openmrg,dynamic line,pws,2.0,4224,1.2624,3.0045,1.7422,1.3801,1.8552,2.7901,2.2102,0.7871,0.932,0.2283,0.7306,openmrg 2015-08-04 19
openmrg,dynamic gmz,pws,2.0,4224,1.2624,2.9942,1.7319,1.3719,1.8546,2.8225,2.2359,0.7763,0.9296,0.2292,0.7282,openmrg 2015-08-04 19
openmrg,constant idw,pws,2.0,4224,1.2624,0.9069,-0.3554,-0.2816,0.6974,1.0879,0.8618,0.7885,0.4513,0.1685,0.4135,openmrg 2015-08-04 19
openmrg,constant line,pws,2.0,4224,1.2624,0.8997,-0.3627,-0.2873,0.7044,1.0782,0.8541,0.7898,0.4513,0.1759,0.4116,openmrg 2015-08-04 19
openmrg,constant gmz,pws,2.0,4224,1.2624,0.9063,-0.3561,-0.2821,0.7223,1.1185,0.886,0.7759,0.4492,0.175,0.4101,openmrg 2015-08-04 19
openmrg,pycomlink idw,pws,2.0,4224,1.2624,1.7215,0.4591,0.3637,0.7169,1.2924,1.0238,0.818,0.8945,0.166,0.7594,openmrg 2015-08-04 19
openmrg,pycomlink line,pws,2.0,4224,1.2624,1.6577,0.3953,0.3132,0.6726,1.1965,0.9478,0.8224,0.8966,0.1686,0.7587,openmrg 2015-08-04 19
openmrg,pycomlink gmz,pws,2.0,4224,1.2624,1.6578,0.3955,0.3133,0.6902,1.2315,0.9755,0.8136,0.8917,0.1688,0.755,openmrg 2015-08-04 19
openmrg,nearby idw,pws,2.0,4224,1.2624,1.1209,-0.1414,-0.112,0.5832,0.9813,0.7773,0.8154,0.7421,0.1305,0.6677,openmrg 2015-08-04 19
openmrg,nearby line,pws,2.0,4224,1.2624,1.0777,-0.1846,-0.1462,0.5857,0.9675,0.7664,0.8146,0.7348,0.1342,0.6596,openmrg 2015-08-04 19
openmrg,nearby gmz,pws,2.0,4224,1.2624,1.0821,-0.1803,-0.1428,0.5999,1.0051,0.7962,0.8025,0.7379,0.1337,0.6625,openmrg 2015-08-04 19
openmrg,rnn idw,pws,2.0,4224,1.2624,2.1626,0.9003,0.7132,1.0219,1.5263,1.209,0.8168,0.9506,0.185,0.7818,openmrg 2015-08-04 19
openmrg,rnn line,pws,2.0,4224,1.2624,2.1547,0.8924,0.7069,1.0137,1.5222,1.2058,0.8193,0.9495,0.1852,0.781,openmrg 2015-08-04 19
openmrg,rnn gmz,pws,2.0,4224,1.2624,2.1637,0.9013,0.714,1.0327,1.5689,1.2428,0.8116,0.9457,0.1851,0.7785,openmrg 2015-08-04 19
openmrg,dynamic idw,city,2.0,1656,1.5791,3.9339,2.3548,1.4913,2.361,3.4047,2.1561,0.8704,0.9784,0.141,0.843,openmrg 2015-08-04 19
openmrg,dynamic line,city,2.0,1656,1.5791,3.6669,2.0878,1.3222,2.0974,3.0013,1.9007,0.8822,0.9792,0.1309,0.8533,openmrg 2015-08-04 19
openmrg,dynamic gmz,city,2.0,1656,1.5791,3.6364,2.0573,1.3029,2.0843,3.0323,1.9203,0.8655,0.9784,0.1346,0.8492,openmrg 2015-08-04 19
openmrg,constant idw,city,2.0,1656,1.5791,1.0248,-0.5543,-0.351,0.7459,1.1135,0.7052,0.8221,0.5251,0.0087,0.5227,openmrg 2015-08-04 19
openmrg,constant line,city,2.0,1656,1.5791,0.9997,-0.5794,-0.3669,0.7527,1.0855,0.6874,0.8323,0.5274,0.0116,0.5242,openmrg 2015-08-04 19
openmrg,constant gmz,city,2.0,1656,1.5791,0.9996,-0.5795,-0.367,0.7718,1.1258,0.7129,0.8173,0.5259,0.0116,0.5226,openmrg 2015-08-04 19
openmrg,pycomlink idw,city,2.0,1656,1.5791,2.0578,0.4788,0.3032,0.6502,1.1468,0.7263,0.9002,0.9637,0.0235,0.9419,openmrg 2015-08-04 19
openmrg,pycomlink line,city,2.0,1656,1.5791,1.9358,0.3567,0.2259,0.5758,0.9577,0.6065,0.9111,0.9629,0.022,0.9426,openmrg 2015-08-04 19
openmrg,pycomlink gmz,city,2.0,1656,1.5791,1.9267,0.3477,0.2202,0.6034,1.0201,0.646,0.896,0.9598,0.0213,0.9402,openmrg 2015-08-04 19
openmrg,nearby idw,city,2.0,1656,1.5791,1.3379,-0.2412,-0.1527,0.5552,0.9007,0.5704,0.8666,0.817,0.0038,0.8145,openmrg 2015-08-04 19
openmrg,nearby line,city,2.0,1656,1.5791,1.2695,-0.3096,-0.1961,0.5693,0.8841,0.5599,0.869,0.8108,0.0028,0.8089,openmrg 2015-08-04 19
openmrg,nearby gmz,city,2.0,1656,1.5791,1.2697,-0.3094,-0.1959,0.5947,0.9462,0.5992,0.8501,0.8162,0.0028,0.8143,openmrg 2015-08-04 19
openmrg,rnn idw,city,2.0,1656,1.5791,2.4512,0.8721,0.5523,0.9303,1.2647,0.8009,0.9046,0.9915,0.0593,0.9331,openmrg 2015-08-04 19
openmrg,rnn line,city,2.0,1656,1.5791,2.4333,0.8542,0.541,0.9157,1.2461,0.7891,0.9061,0.9915,0.0607,0.9318,openmrg 2015-08-04 19
openmrg,rnn gmz,city,2.0,1656,1.5791,2.4295,0.8504,0.5386,0.9236,1.2718,0.8054,0.8981,0.9892,0.0588,0.9316,openmrg 2015-08-04 19
openmrg,pws,radar,,7110,1.441,1.2074,-0.2335,-0.1621,0.5978,1.0694,0.7422,0.7687,0.8217,0.1137,0.7434,openmrg 2015-08-04 19
openmrg,city,radar,,1932,1.5167,1.6029,0.0863,0.0569,0.5449,0.9399,0.6198,0.832,0.9769,0.1191,0.8629,openmrg 2015-08-04 19
openmrg,dynamic idw,radar,,8910,1.4867,2.9507,1.4641,0.9848,1.5979,2.4689,1.6607,0.8521,0.9702,0.1074,0.8687,openmrg 2015-08-04 19
openmrg,dynamic line,radar,,9474,1.4762,2.8603,1.384,0.9376,1.5194,2.3217,1.5727,0.8518,0.9728,0.1106,0.8678,openmrg 2015-08-04 19
openmrg,dynamic gmz,radar,,9474,1.4762,2.8692,1.393,0.9436,1.5355,2.3583,1.5975,0.844,0.9706,0.113,0.8638,openmrg 2015-08-04 19
openmrg,constant idw,radar,,8910,1.4867,0.8887,-0.598,-0.4023,0.8437,1.1886,0.7995,0.7775,0.5185,0.0236,0.5121,openmrg 2015-08-04 19
openmrg,constant line,radar,,9474,1.4762,0.8882,-0.588,-0.3983,0.8543,1.2018,0.8141,0.7639,0.5212,0.0266,0.5138,openmrg 2015-08-04 19
openmrg,constant gmz,radar,,9474,1.4762,0.9073,-0.569,-0.3854,0.871,1.2335,0.8356,0.7516,0.5194,0.028,0.5118,openmrg 2015-08-04 19
openmrg,pycomlink idw,radar,,8910,1.4867,1.6131,0.1264,0.085,0.6135,1.0473,0.7044,0.85,0.9271,0.0571,0.8778,openmrg 2015-08-04 19
openmrg,pycomlink line,radar,,9474,1.4762,1.5626,0.0864,0.0585,0.5932,1.0033,0.6796,0.8454,0.9365,0.0582,0.8852,openmrg 2015-08-04 19
openmrg,pycomlink gmz,radar,,9474,1.4762,1.58,0.1038,0.0703,0.6139,1.0414,0.7054,0.8387,0.9319,0.0591,0.8804,openmrg 2015-08-04 19
openmrg,nearby idw,radar,,8910,1.4867,1.0793,-0.4074,-0.2741,0.66,0.9912,0.6667,0.8275,0.7839,0.0184,0.7725,openmrg 2015-08-04 19
openmrg,nearby line,radar,,9474,1.4762,1.0333,-0.4429,-0.3,0.6775,1.0164,0.6885,0.814,0.7797,0.0169,0.7694,openmrg 2015-08-04 19
openmrg,nearby gmz,radar,,9474,1.4762,1.0407,-0.4356,-0.2951,0.6942,1.0561,0.7154,0.7983,0.7819,0.0216,0.7686,openmrg 2015-08-04 19
openmrg,rnn idw,radar,,8946,1.4866,2.1599,0.6733,0.4529,0.8399,1.2823,0.8626,0.8675,0.9673,0.1108,0.8633,openmrg 2015-08-04 19
openmrg,rnn line,radar,,9528,1.4761,2.1533,0.6772,0.4588,0.8672,1.3587,0.9205,0.8456,0.9668,0.1145,0.8594,openmrg 2015-08-04 19
openmrg,rnn gmz,radar,,9528,1.4761,2.177,0.7009,0.4748,0.9105,1.4825,1.0043,0.821,0.9655,0.1118,0.8609,openmrg 2015-08-04 19
openmrg,city,pws,,1680,1.298,1.5661,0.2681,0.2065,0.4714,0.8041,0.6194,0.8838,0.9494,0.1319,0.8296,openmrg 2015-08-04 19
openmrg,dynamic idw,pws,,6588,1.2351,2.997,1.7618,1.4264,1.8495,2.8033,2.2696,0.8096,0.9382,0.2162,0.7453,openmrg 2015-08-04 19
openmrg,dynamic line,pws,,6882,1.2183,2.8893,1.671,1.3716,1.756,2.6265,2.156,0.8171,0.9416,0.2148,0.7488,openmrg 2015-08-04 19
openmrg,dynamic gmz,pws,,6882,1.2183,2.8955,1.6773,1.3768,1.7685,2.6642,2.1869,0.8079,0.9401,0.2163,0.7464,openmrg 2015-08-04 19
openmrg,constant idw,pws,,6588,1.2351,0.8983,-0.3369,-0.2727,0.6846,1.0463,0.8471,0.8047,0.4572,0.1809,0.4152,openmrg 2015-08-04 19
openmrg,constant line,pws,,6882,1.2183,0.896,-0.3222,-0.2645,0.6936,1.049,0.8611,0.7973,0.4551,0.1904,0.4111,openmrg 2015-08-04 19
openmrg,constant gmz,pws,,6882,1.2183,0.9072,-0.3111,-0.2554,0.7184,1.1012,0.9039,0.7804,0.4538,0.1905,0.41,openmrg 2015-08-04 19
openmrg,pycomlink idw,pws,,6588,1.2351,1.6526,0.4174,0.338,0.657,1.1841,0.9586,0.8442,0.8905,0.1623,0.7595,openmrg 2015-08-04 19
openmrg,pycomlink line,pws,,6882,1.2183,1.5972,0.3789,0.311,0.6244,1.1129,0.9135,0.8454,0.8973,0.1636,0.7633,openmrg 2015-08-04 19
openmrg,pycomlink gmz,pws,,6882,1.2183,1.6088,0.3906,0.3206,0.6451,1.1529,0.9463,0.8376,0.893,0.1636,0.7602,openmrg 2015-08-04 19
openmrg,nearby idw,pws,,6588,1.2351,1.0983,-0.1369,-0.1108,0.5496,0.9073,0.7346,0.8408,0.7475,0.1301,0.6723,openmrg 2015-08-04 19
openmrg,nearby line,pws,,6882,1.2183,1.0517,-0.1666,-0.1367,0.5503,0.8967,0.7361,0.8369,0.737,0.1304,0.6637,openmrg 2015-08-04 19
openmrg,nearby gmz,pws,,6882,1.2183,1.058,-0.1603,-0.1315,0.5677,0.9379,0.7699,0.8243,0.7431,0.129,0.6694,openmrg 2015-08-04 19
openmrg,rnn idw,pws,,6594,1.2357,2.1307,0.8949,0.7242,0.9909,1.4879,1.204,0.8357,0.9611,0.1848,0.7892,openmrg 2015-08-04 19
openmrg,rnn line,pws,,6882,1.2183,2.1138,0.8956,0.7351,0.989,1.5039,1.2345,0.8338,0.9623,0.1835,0.7912,openmrg 2015-08-04 19
openmrg,rnn gmz,pws,,6882,1.2183,2.1289,0.9107,0.7475,1.0131,1.5779,1.2953,0.8207,0.9595,0.1835,0.7893,openmrg 2015-08-04 19
openmrg,dynamic idw,city,,1932,1.6029,3.8974,2.2945,1.4314,2.3001,3.298,2.0575,0.8757,0.9772,0.1294,0.8533,openmrg 2015-08-04 19
openmrg,dynamic line,city,,1932,1.6029,3.6398,2.0368,1.2707,2.0455,2.911,1.816,0.8858,0.9779,0.1201,0.8627,openmrg 2015-08-04 19
openmrg,dynamic gmz,city,,1932,1.6029,3.6129,2.0099,1.2539,2.0336,2.9381,1.8329,0.8712,0.9772,0.1232,0.8592,openmrg 2015-08-04 19
openmrg,constant idw,city,,1932,1.6029,1.0458,-0.5571,-0.3476,0.7432,1.0996,0.686,0.8341,0.5345,0.0085,0.5321,openmrg 2015-08-04 19
openmrg,constant line,city,,1932,1.6029,1.018,-0.585,-0.3649,0.7532,1.0811,0.6745,0.8414,0.5378,0.0108,0.5346,openmrg 2015-08-04 19
openmrg,constant gmz,city,,1932,1.6029,1.0185,-0.5845,-0.3646,0.7704,1.1168,0.6968,0.8281,0.5358,0.0108,0.5327,openmrg 2015-08-04 19
openmrg,pycomlink idw,city,,1932,1.6029,2.0605,0.4576,0.2855,0.622,1.0964,0.684,0.9066,0.9629,0.0212,0.9432,openmrg 2015-08-04 19
openmrg,pycomlink line,city,,1932,1.6029,1.9376,0.3347,0.2088,0.5533,0.9203,0.5741,0.9147,0.9603,0.0199,0.9419,openmrg 2015-08-04 19
openmrg,pycomlink gmz,city,,1932,1.6029,1.9303,0.3274,0.2043,0.5778,0.9776,0.6099,0.9015,0.9577,0.0193,0.9399,openmrg 2015-08-04 19
openmrg,nearby idw,city,,1932,1.6029,1.3571,-0.2458,-0.1534,0.5493,0.8772,0.5473,0.8765,0.8177,0.0048,0.8145,openmrg 2015-08-04 19
openmrg,nearby line,city,,1932,1.6029,1.2849,-0.318,-0.1984,0.5667,0.8721,0.544,0.8771,0.8125,0.004,0.8099,openmrg 2015-08-04 19
openmrg,nearby gmz,city,,1932,1.6029,1.2864,-0.3165,-0.1974,0.5899,0.9279,0.5789,0.8602,0.8171,0.004,0.8144,openmrg 2015-08-04 19
openmrg,rnn idw,city,,1932,1.6029,2.4681,0.8652,0.5397,0.9266,1.2491,0.7792,0.907,0.9922,0.0528,0.9402,openmrg 2015-08-04 19
openmrg,rnn line,city,,1932,1.6029,2.4475,0.8445,0.5269,0.9109,1.2284,0.7664,0.9077,0.9922,0.054,0.939,openmrg 2015-08-04 19
openmrg,rnn gmz,city,,1932,1.6029,2.4436,0.8406,0.5244,0.9174,1.2512,0.7806,0.9006,0.9902,0.0523,0.9389,openmrg 2015-08-04 19
openmrg,pws,radar,2.0,14784,1.3024,0.9055,-0.3969,-0.3047,0.6655,1.7147,1.3166,0.8412,0.8033,0.1711,0.6891,openmrg 2015-08-25 02
openmrg,city,radar,2.0,5796,1.3701,1.1655,-0.2046,-0.1493,0.6189,1.5012,1.0957,0.859,0.8332,0.1119,0.754,openmrg 2015-08-25 02
openmrg,dynamic idw,radar,2.0,17892,1.2527,1.8103,0.5576,0.4451,0.7812,1.7025,1.3591,0.8953,0.9069,0.2626,0.6855,openmrg 2015-08-25 02
openmrg,dynamic line,radar,2.0,17892,1.2527,1.7447,0.492,0.3928,0.737,1.5641,1.2486,0.9009,0.9056,0.2685,0.6797,openmrg 2015-08-25 02
openmrg,dynamic gmz,radar,2.0,17892,1.2527,1.7391,0.4864,0.3883,0.7515,1.6056,1.2818,0.8946,0.902,0.2727,0.674,openmrg 2015-08-25 02
openmrg,constant idw,radar,2.0,17892,1.2527,0.822,-0.4307,-0.3438,0.6201,1.4043,1.121,0.8879,0.6405,0.131,0.5841,openmrg 2015-08-25 02
openmrg,constant line,radar,2.0,17892,1.2527,0.8042,-0.4484,-0.358,0.6218,1.4165,1.1307,0.8881,0.6324,0.1245,0.5802,openmrg 2015-08-25 02
openmrg,constant gmz,radar,2.0,17892,1.2527,0.8102,-0.4424,-0.3532,0.6311,1.4347,1.1453,0.881,0.6325,0.1304,0.5777,openmrg 2015-08-25 02
openmrg,pycomlink idw,radar,2.0,17892,1.2527,1.1867,-0.066,-0.0527,0.5356,1.215,0.9699,0.8993,0.8121,0.1239,0.7284,openmrg 2015-08-25 02
openmrg,pycomlink line,radar,2.0,17892,1.2527,1.1352,-0.1175,-0.0938,0.525,1.2076,0.9641,0.9015,0.8034,0.1204,0.7238,openmrg 2015-08-25 02
openmrg,pycomlink gmz,radar,2.0,17892,1.2527,1.1335,-0.1191,-0.0951,0.538,1.2408,0.9905,0.8955,0.8003,0.1233,0.7194,openmrg 2015-08-25 02
openmrg,nearby idw,radar,2.0,17892,1.2527,0.8726,-0.38,-0.3034,0.5972,1.3756,1.0981,0.8947,0.7122,0.0602,0.6811,openmrg 2015-08-25 02
openmrg,nearby line,radar,2.0,17892,1.2527,0.8393,-0.4134,-0.33,0.6028,1.4052,1.1218,0.8943,0.7083,0.0603,0.6775,openmrg 2015-08-25 02
openmrg,nearby gmz,radar,2.0,17892,1.2527,0.8391,-0.4136,-0.3302,0.6127,1.4282,1.1401,0.8866,0.7001,0.0607,0.6698,openmrg 2015-08-25 02
openmrg,rnn idw,radar,2.0,17892,1.2527,1.0529,-0.1998,-0.1595,0.6465,1.4973,1.1953,0.8694,0.8929,0.1394,0.78,openmrg 2015-08-25 02
openmrg,rnn line,radar,2.0,17892,1.2527,1.0517,-0.2009,-0.1604,0.6437,1.4952,1.1936,0.8697,0.8901,0.1436,0.7745,openmrg 2015-08-25 02
openmrg,rnn gmz,radar,2.0,17892,1.2527,1.0562,-0.1965,-0.1568,0.6473,1.4993,1.1969,0.8656,0.8885,0.1445,0.7726,openmrg 2015-08-25 02
openmrg,city,pws,2.0,5166,0.9318,1.1439,0.2121,0.2276,0.3874,0.8524,0.9147,0.9241,0.8922,0.1005,0.8113,openmrg 2015-08-25 02
openmrg,dynamic idw,pws,2.0,14784,0.9055,1.8895,0.984,1.0867,1.0858,2.43,2.6835,0.8841,0.9076,0.2901,0.6621,openmrg 2015-08-25 02
openmrg,dynamic line,pws,2.0,14784,0.9055,1.8168,0.9112,1.0063,1.0185,2.2658,2.5022,0.8856,0.9056,0.2966,0.6553,openmrg 2015-08-25 02
openmrg,dynamic gmz,pws,2.0,14784,0.9055,1.8114,0.9059,1.0004,1.0272,2.3016,2.5417,0.8756,0.8995,0.3042,0.6456,openmrg 2015-08-25 02
openmrg,constant idw,pws,2.0,14784,0.9055,0.8773,-0.0282,-0.0311,0.463,1.0218,1.1284,0.8789,0.6871,0.1454,0.6152,openmrg 2015-08-25 02
openmrg,constant line,pws,2.0,14784,0.9055,0.8558,-0.0497,-0.0549,0.4582,1.0187,1.125,0.8752,0.68,0.1381,0.6132,openmrg 2015-08-25 02
openmrg,constant gmz,pws,2.0,14784,0.9055,0.8604,-0.0451,-0.0498,0.4738,1.0719,1.1837,0.8642,0.6763,0.1475,0.6054,openmrg 2015-08-25 02
openmrg,pycomlink idw,pws,2.0,14784,0.9055,1.2488,0.3432,0.379,0.5692,1.3402,1.48,0.8937,0.8289,0.1404,0.7301,openmrg 2015-08-25 02
openmrg,pycomlink line,pws,2.0,14784,0.9055,1.1943,0.2888,0.3189,0.535,1.2714,1.404,0.8912,0.8233,0.1355,0.7292,openmrg 2015-08-25 02
openmrg,pycomlink gmz,pws,2.0,14784,0.9055,1.1941,0.2885,0.3187,0.5477,1.3183,1.4558,0.8811,0.8197,0.1408,0.7226,openmrg 2015-08-25 02
openmrg,nearby idw,pws,2.0,14784,0.9055,0.9252,0.0196,0.0217,0.4473,0.9974,1.1014,0.8795,0.7303,0.0776,0.688,openmrg 2015-08-25 02
openmrg,nearby line,pws,2.0,14784,0.9055,0.8893,-0.0162,-0.0179,0.4383,0.9826,1.0851,0.8762,0.7239,0.0806,0.6807,openmrg 2015-08-25 02
openmrg,nearby gmz,pws,2.0,14784,0.9055,0.8889,-0.0166,-0.0184,0.4532,1.0327,1.1405,0.8649,0.7183,0.0808,0.6756,openmrg 2015-08-25 02
openmrg,rnn idw,pws,2.0,14784,0.9055,1.0724,0.1669,0.1843,0.4281,0.8621,0.9521,0.8934,0.8853,0.1771,0.7436,openmrg 2015-08-25 02
openmrg,rnn line,pws,2.0,14784,0.9055,1.0688,0.1633,0.1803,0.428,0.8609,0.9507,0.8931,0.8814,0.18,0.7385,openmrg 2015-08-25 02
openmrg,rnn gmz,pws,2.0,14784,0.9055,1.0726,0.1671,0.1845,0.4351,0.8844,0.9767,0.8887,0.8806,0.1815,0.7368,openmrg 2015-08-25 02
openmrg,dynamic idw,city,2.0,5796,1.1655,2.3147,1.1492,0.986,1.2429,2.7261,2.3389,0.9067,0.9703,0.3667,0.6213,openmrg 2015-08-25 02
openmrg,dynamic line,city,2.0,5796,1.1655,2.1759,1.0104,0.8669,1.1218,2.4367,2.0907,0.9098,0.9684,0.3657,0.6214,openmrg 2015-08-25 02
openmrg,dynamic gmz,city,2.0,5796,1.1655,2.1663,1.0008,0.8586,1.1291,2.476,2.1244,0.8999,0.9668,0.3768,0.6102,openmrg 2015-08-25 02
openmrg,constant idw,city,2.0,5796,1.1655,1.0243,-0.1412,-0.1211,0.4755,1.0421,0.8941,0.8984,0.794,0.1894,0.6697,openmrg 2015-08-25 02
openmrg,constant line,city,2.0,5796,1.1655,0.9997,-0.1658,-0.1423,0.4771,1.0458,0.8973,0.8958,0.7836,0.1804,0.6683,openmrg 2015-08-25 02
openmrg,constant gmz,city,2.0,5796,1.1655,1.0036,-0.162,-0.139,0.5007,1.1139,0.9557,0.8832,0.7859,0.1891,0.6642,openmrg 2015-08-25 02
openmrg,pycomlink idw,city,2.0,5796,1.1655,1.493,0.3275,0.281,0.5299,1.3325,1.1433,0.9218,0.8897,0.1225,0.7914,openmrg 2015-08-25 02
openmrg,pycomlink line,city,2.0,5796,1.1655,1.4117,0.2461,0.2112,0.487,1.2325,1.0575,0.9185,0.8819,0.117,0.7896,openmrg 2015-08-25 02
openmrg,pycomlink gmz,city,2.0,5796,1.1655,1.4088,0.2433,0.2087,0.5079,1.2983,1.1139,0.9078,0.8846,0.1238,0.7864,openmrg 2015-08-25 02
openmrg,nearby idw,city,2.0,5796,1.1655,1.0399,-0.1256,-0.1078,0.4321,0.9669,0.8296,0.9097,0.8075,0.0412,0.7804,openmrg 2015-08-25 02
openmrg,nearby line,city,2.0,5796,1.1655,1.003,-0.1625,-0.1395,0.437,0.9945,0.8533,0.9025,0.8063,0.0391,0.7807,openmrg 2015-08-25 02
openmrg,nearby gmz,city,2.0,5796,1.1655,0.9984,-0.1671,-0.1434,0.4549,1.0527,0.9032,0.8917,0.804,0.0383,0.7791,openmrg 2015-08-25 02
openmrg,rnn idw,city,2.0,5796,1.1655,1.1008,-0.0647,-0.0555,0.3795,0.7752,0.6651,0.9413,0.924,0.136,0.8067,openmrg 2015-08-25 02
openmrg,rnn line,city,2.0,5796,1.1655,1.1122,-0.0533,-0.0458,0.3799,0.7729,0.6631,0.9407,0.9236,0.1462,0.7975,openmrg 2015-08-25 02
openmrg,rnn gmz,city,2.0,5796,1.1655,1.1107,-0.0548,-0.047,0.3876,0.7912,0.6789,0.9373,0.924,0.1456,0.7983,openmrg 2015-08-25 02
openmrg,pws,radar,,24885,1.2144,0.8993,-0.3152,-0.2595,0.6486,1.6929,1.394,0.8078,0.8013,0.1825,0.6797,openmrg 2015-08-25 02
openmrg,city,radar,,6762,1.3789,1.1838,-0.1951,-0.1415,0.6395,1.5734,1.1411,0.8503,0.8255,0.1161,0.7447,openmrg 2015-08-25 02
openmrg,dynamic idw,radar,,31185,1.2105,1.7359,0.5254,0.434,0.7848,1.6976,1.4024,0.8846,0.8907,0.2691,0.6708,openmrg 2015-08-25 02
openmrg,dynamic line,radar,,33159,1.1921,1.6769,0.4848,0.4067,0.7655,1.6244,1.3626,0.8836,0.8857,0.2815,0.6576,openmrg 2015-08-25 02
openmrg,dynamic gmz,radar,,33159,1.1921,1.6693,0.4772,0.4003,0.7749,1.649,1.3833,0.8794,0.8772,0.2818,0.6526,openmrg 2015-08-25 02
openmrg,constant idw,radar,,31185,1.2105,0.8209,-0.3897,-0.3219,0.6159,1.4318,1.1828,0.8709,0.6113,0.1261,0.5617,openmrg 2015-08-25 02
openmrg,constant line,radar,,33159,1.1921,0.8008,-0.3913,-0.3282,0.6156,1.4355,1.2042,0.8648,0.5993,0.1243,0.5524,openmrg 2015-08-25 02
openmrg,constant gmz,radar,,33159,1.1921,0.8112,-0.3809,-0.3195,0.6228,1.4474,1.2142,0.8595,0.5965,0.1272,0.5488,openmrg 2015-08-25 02
openmrg,pycomlink idw,radar,,31185,1.2105,1.1538,-0.0567,-0.0469,0.5445,1.2829,1.0598,0.8846,0.7994,0.1316,0.713,openmrg 2015-08-25 02
openmrg,pycomlink line,radar,,33159,1.1921,1.0993,-0.0928,-0.0779,0.5393,1.2818,1.0753,0.8811,0.784,0.1331,0.6998,openmrg 2015-08-25 02
openmrg,pycomlink gmz,radar,,33159,1.1921,1.0972,-0.0949,-0.0796,0.5494,1.3027,1.0928,0.8771,0.7762,0.1315,0.6946,openmrg 2015-08-25 02
openmrg,nearby idw,radar,,31185,1.2105,0.8555,-0.355,-0.2932,0.598,1.4155,1.1694,0.8769,0.6904,0.0738,0.6543,openmrg 2015-08-25 02
openmrg,nearby line,radar,,33159,1.1921,0.8186,-0.3735,-0.3133,0.6007,1.4282,1.1981,0.8713,0.6793,0.0815,0.6407,openmrg 2015-08-25 02
openmrg,nearby gmz,radar,,33159,1.1921,0.8197,-0.3724,-0.3124,0.6074,1.4405,1.2084,0.8666,0.6664,0.0805,0.6296,openmrg 2015-08-25 02
openmrg,rnn idw,radar,,31311,1.2102,1.0942,-0.116,-0.0958,0.6702,1.5193,1.2554,0.844,0.8693,0.1731,0.7354,openmrg 2015-08-25 02
openmrg,rnn line,radar,,33348,1.1932,1.0938,-0.0994,-0.0833,0.6734,1.5122,1.2673,0.8376,0.8636,0.186,0.7213,openmrg 2015-08-25 02
openmrg,rnn gmz,radar,,33348,1.1932,1.0991,-0.0942,-0.0789,0.6743,1.5144,1.2691,0.8351,0.8614,0.1849,0.7206,openmrg 2015-08-25 02
openmrg,city,pws,,5880,0.9587,1.1625,0.2037,0.2125,0.3966,0.8653,0.9026,0.9242,0.8903,0.0995,0.8106,openmrg 2015-08-25 02
openmrg,dynamic idw,pws,,23058,0.9186,1.8103,0.8917,0.9707,1.039,2.2977,2.5013,0.8669,0.8915,0.2887,0.6546,openmrg 2015-08-25 02
openmrg,dynamic line,pws,,24087,0.9052,1.7372,0.832,0.9191,0.9888,2.1768,2.4047,0.8603,0.8896,0.2976,0.6461,openmrg 2015-08-25 02
openmrg,dynamic gmz,pws,,24087,0.9052,1.7314,0.8262,0.9127,0.9954,2.2063,2.4372,0.8533,0.8815,0.3016,0.6384,openmrg 2015-08-25 02
openmrg,constant idw,pws,,23058,0.9186,0.8688,-0.0498,-0.0542,0.4901,1.1051,1.203,0.859,0.658,0.143,0.5929,openmrg 2015-08-25 02
openmrg,constant line,pws,,24087,0.9052,0.8417,-0.0635,-0.0702,0.4922,1.1311,1.2495,0.8465,0.6472,0.14,0.5856,openmrg 2015-08-25 02
openmrg,constant gmz,pws,,24087,0.9052,0.8512,-0.054,-0.0597,0.5063,1.1813,1.305,0.8364,0.6417,0.1453,0.5786,openmrg 2015-08-25 02
openmrg,pycomlink idw,pws,,23058,0.9186,1.2133,0.2947,0.3208,0.5732,1.3365,1.4549,0.875,0.8164,0.1511,0.7128,openmrg 2015-08-25 02
openmrg,pycomlink line,pws,,24087,0.9052,1.1527,0.2475,0.2734,0.5498,1.3048,1.4414,0.8652,0.8062,0.1487,0.7067,openmrg 2015-08-25 02
openmrg,pycomlink gmz,pws,,24087,0.9052,1.1542,0.249,0.2751,0.5589,1.345,1.4858,0.8576,0.7992,0.1493,0.7009,openmrg 2015-08-25 02
openmrg,nearby idw,pws,,23058,0.9186,0.9063,-0.0123,-0.0134,0.4725,1.0697,1.1645,0.8613,0.7064,0.0895,0.6605,openmrg 2015-08-25 02
openmrg,nearby line,pws,,24087,0.9052,0.863,-0.0422,-0.0467,0.4705,1.0791,1.1921,0.8509,0.6938,0.1007,0.6438,openmrg 2015-08-25 02
openmrg,nearby gmz,pws,,24087,0.9052,0.865,-0.0402,-0.0445,0.4831,1.119,1.2362,0.8418,0.6826,0.1031,0.6329,openmrg 2015-08-25 02
openmrg,rnn idw,pws,,23079,0.9191,1.0951,0.1761,0.1916,0.4812,0.9931,1.0806,0.8687,0.8728,0.1939,0.7213,openmrg 2015-08-25 02
openmrg,rnn line,pws,,24087,0.9052,1.0859,0.1806,0.1995,0.4932,1.0267,1.1341,0.8573,0.8668,0.2033,0.7098,openmrg 2015-08-25 02
openmrg,rnn gmz,pws,,24087,0.9052,1.0907,0.1855,0.2049,0.4979,1.0493,1.1592,0.8535,0.8645,0.2037,0.7079,openmrg 2015-08-25 02
openmrg,dynamic idw,city,,6762,1.1838,2.2947,1.1109,0.9384,1.202,2.6382,2.2286,0.9106,0.9654,0.3675,0.6184,openmrg 2015-08-25 02
openmrg,dynamic line,city,,6762,1.1838,2.1605,0.9767,0.8251,1.0854,2.3567,1.9908,0.9134,0.9651,0.3716,0.6144,openmrg 2015-08-25 02
openmrg,dynamic gmz,city,,6762,1.1838,2.1516,0.9678,0.8175,1.0919,2.3923,2.0208,0.9046,0.9641,0.3817,0.6043,openmrg 2015-08-25 02
openmrg,constant idw,city,,6762,1.1838,1.0447,-0.1391,-0.1175,0.4699,1.0252,0.866,0.9057,0.7945,0.1858,0.6726,openmrg 2015-08-25 02
openmrg,constant line,city,,6762,1.1838,1.0165,-0.1673,-0.1413,0.4708,1.028,0.8684,0.9032,0.7855,0.1784,0.671,openmrg 2015-08-25 02
openmrg,constant gmz,city,,6762,1.1838,1.0208,-0.163,-0.1377,0.4931,1.0913,0.9218,0.8919,0.7875,0.1851,0.668,openmrg 2015-08-25 02
openmrg,pycomlink idw,city,,6762,1.1838,1.497,0.3132,0.2646,0.5168,1.292,1.0914,0.9257,0.8896,0.1292,0.7858,openmrg 2015-08-25 02
openmrg,pycomlink line,city,,6762,1.1838,1.4138,0.23,0.1943,0.4743,1.192,1.007,0.9226,0.8829,0.1229,0.7857,openmrg 2015-08-25 02
openmrg,pycomlink gmz,city,,6762,1.1838,1.4117,0.2279,0.1925,0.4943,1.2534,1.0588,0.9131,0.8856,0.1292,0.7828,openmrg 2015-08-25 02
openmrg,nearby idw,city,,6762,1.1838,1.0555,-0.1283,-0.1084,0.428,0.9584,0.8096,0.9146,0.8154,0.0433,0.7864,openmrg 2015-08-25 02
openmrg,nearby line,city,,6762,1.1838,1.0153,-0.1685,-0.1423,0.4332,0.985,0.8321,0.9081,0.8148,0.0426,0.7863,openmrg 2015-08-25 02
openmrg,nearby gmz,city,,6762,1.1838,1.0117,-0.1721,-0.1454,0.4497,1.038,0.8768,0.8986,0.8124,0.0408,0.7853,openmrg 2015-08-25 02
openmrg,rnn idw,city,,6762,1.1838,1.1226,-0.0612,-0.0517,0.3893,0.79,0.6673,0.9424,0.9245,0.1422,0.8016,openmrg 2015-08-25 02
openmrg,rnn line,city,,6762,1.1838,1.1322,-0.0516,-0.0436,0.3893,0.7869,0.6647,0.9422,0.9245,0.1519,0.7932,openmrg 2015-08-25 02
openmrg,rnn gmz,city,,6762,1.1838,1.1314,-0.0524,-0.0443,0.396,0.8025,0.6779,0.9392,0.9248,0.1519,0.7934,openmrg 2015-08-25 02
openmrg,pws,radar,2.0,16896,1.0986,0.872,-0.2266,-0.2063,0.586,1.223,1.1132,0.7727,0.7962,0.1242,0.7154,openmrg 2015-08-27 01
openmrg,city,radar,2.0,6624,1.0437,1.0819,0.0382,0.0366,0.558,1.2816,1.2279,0.7759,0.8404,0.1138,0.7585,openmrg 2015-08-27 01
openmrg,dynamic idw,radar,2.0,20206,1.1364,1.8464,0.7101,0.6248,0.9364,2.0402,1.7954,0.8221,0.9004,0.207,0.7291,openmrg 2015-08-27 01
openmrg,dynamic line,radar,2.0,20248,1.1345,1.7953,0.6609,0.5825,0.8902,1.9227,1.6948,0.8281,0.9002,0.2097,0.7266,openmrg 2015-08-27 01
openmrg,dynamic gmz,radar,2.0,20248,1.1345,1.7926,0.6581,0.5801,0.9002,1.9527,1.7213,0.8228,0.8972,0.2133,0.7217,openmrg 2015-08-27 01
openmrg,constant idw,radar,2.0,20206,1.1364,0.8861,-0.2503,-0.2203,0.7014,1.4834,1.3054,0.7462,0.6462,0.1463,0.5818,openmrg 2015-08-27 01
openmrg,constant line,radar,2.0,20248,1.1345,0.8822,-0.2523,-0.2224,0.6921,1.4542,1.2818,0.7535,0.6427,0.1418,0.581,openmrg 2015-08-27 01
openmrg,constant gmz,radar,2.0,20248,1.1345,0.8906,-0.2438,-0.2149,0.7029,1.4839,1.308,0.7479,0.641,0.1496,0.576,openmrg 2015-08-27 01
openmrg,pycomlink idw,radar,2.0,20206,1.1364,1.0799,-0.0564,-0.0497,0.6917,1.5549,1.3683,0.7679,0.726,0.0849,0.6802,openmrg 2015-08-27 01
openmrg,pycomlink line,radar,2.0,20248,1.1345,1.0469,-0.0876,-0.0772,0.6828,1.5051,1.3267,0.7711,0.722,0.079,0.6799,openmrg 2015-08-27 01
openmrg,pycomlink gmz,radar,2.0,20248,1.1345,1.0505,-0.084,-0.074,0.6898,1.5271,1.3461,0.7685,0.7213,0.0816,0.6778,openmrg 2015-08-27 01
openmrg,nearby idw,radar,2.0,20448,1.1255,1.0654,-0.0602,-0.0535,0.6654,1.3955,1.2398,0.7853,0.6687,0.0704,0.6364,openmrg 2015-08-27 01
openmrg,nearby line,radar,2.0,20448,1.1255,1.0244,-0.1011,-0.0898,0.6494,1.3455,1.1954,0.7894,0.662,0.0705,0.6303,openmrg 2015-08-27 01
openmrg,nearby gmz,radar,2.0,20448,1.1255,1.0232,-0.1023,-0.0909,0.6627,1.3791,1.2253,0.7825,0.6598,0.07,0.6285,openmrg 2015-08-27 01
openmrg,rnn idw,radar,2.0,20448,1.1255,1.1409,0.0153,0.0136,0.5017,1.0357,0.9202,0.8545,0.8162,0.0988,0.7492,openmrg 2015-08-27 01
openmrg,rnn line,radar,2.0,20448,1.1255,1.1565,0.0309,0.0275,0.5082,1.0418,0.9256,0.854,0.8142,0.1029,0.7447,openmrg 2015-08-27 01
openmrg,rnn gmz,radar,2.0,20448,1.1255,1.1636,0.038,0.0338,0.5168,1.0662,0.9473,0.8491,0.8136,0.102,0.7448,openmrg 2015-08-27 01
openmrg,city,pws,2.0,5904,0.8202,1.0616,0.2414,0.2943,0.4757,0.9517,1.1604,0.8777,0.8956,0.1687,0.7578,openmrg 2015-08-27 01
openmrg,dynamic idw,pws,2.0,16664,0.8816,1.7883,0.9067,1.0284,1.0122,2.0366,2.31,0.8282,0.9224,0.2772,0.6814,openmrg 2015-08-27 01
openmrg,dynamic line,pws,2.0,16706,0.8799,1.7344,0.8545,0.9712,0.9622,1.9225,2.1849,0.8312,0.9232,0.277,0.682,openmrg 2015-08-27 01
openmrg,dynamic gmz,pws,2.0,16706,0.8799,1.7329,0.8531,0.9695,0.9702,1.9583,2.2257,0.8232,0.9187,0.2827,0.6745,openmrg 2015-08-27 01
openmrg,constant idw,pws,2.0,16664,0.8816,0.8075,-0.0741,-0.0841,0.5025,1.0835,1.229,0.8083,0.6958,0.1808,0.6032,openmrg 2015-08-27 01
openmrg,constant line,pws,2.0,16706,0.8799,0.8015,-0.0784,-0.0891,0.5028,1.0862,1.2345,0.8046,0.6924,0.1728,0.6049,openmrg 2015-08-27 01
openmrg,constant gmz,pws,2.0,16706,0.8799,0.8095,-0.0704,-0.08,0.5171,1.1398,1.2953,0.7911,0.6925,0.1809,0.6006,openmrg 2015-08-27 01
openmrg,pycomlink idw,pws,2.0,16664,0.8816,0.9853,0.1037,0.1176,0.533,1.2082,1.3704,0.8247,0.7587,0.1285,0.6824,openmrg 2015-08-27 01
openmrg,pycomlink line,pws,2.0,16706,0.8799,0.952,0.0721,0.082,0.5231,1.1708,1.3306,0.8225,0.7573,0.1195,0.6867,openmrg 2015-08-27 01
openmrg,pycomlink gmz,pws,2.0,16706,0.8799,0.9566,0.0767,0.0871,0.5323,1.2133,1.379,0.8141,0.7566,0.1227,0.6842,openmrg 2015-08-27 01
openmrg,nearby idw,pws,2.0,16896,0.872,0.9969,0.1249,0.1433,0.5078,1.1186,1.2829,0.8358,0.6932,0.1063,0.6404,openmrg 2015-08-27 01
openmrg,nearby line,pws,2.0,16896,0.872,0.9582,0.0862,0.0989,0.488,1.0714,1.2287,0.8356,0.6892,0.1048,0.6377,openmrg 2015-08-27 01
openmrg,nearby gmz,pws,2.0,16896,0.872,0.9582,0.0862,0.0989,0.5011,1.1169,1.2809,0.8256,0.6868,0.1057,0.6353,openmrg 2015-08-27 01
openmrg,rnn idw,pws,2.0,16896,0.872,1.0907,0.2187,0.2508,0.4696,0.9357,1.0732,0.8623,0.8467,0.1526,0.7347,openmrg 2015-08-27 01
openmrg,rnn line,pws,2.0,16896,0.872,1.1013,0.2294,0.2631,0.4768,0.9516,1.0914,0.8591,0.8444,0.156,0.7303,openmrg 2015-08-27 01
openmrg,rnn gmz,pws,2.0,16896,0.872,1.1029,0.2309,0.2648,0.4804,0.9684,1.1106,0.8558,0.8438,0.1543,0.7312,openmrg 2015-08-27 01
openmrg,dynamic idw,city,2.0,6624,1.0819,2.1528,1.0709,0.9898,1.1986,2.3318,2.1552,0.8304,0.9634,0.3145,0.6682,openmrg 2015-08-27 01
openmrg,dynamic line,city,2.0,6624,1.0819,2.0371,0.9552,0.8829,1.0984,2.1628,1.999,0.8268,0.9617,0.3094,0.6721,openmrg 2015-08-27 01
openmrg,dynamic gmz,city,2.0,6624,1.0819,2.0312,0.9492,0.8773,1.1094,2.2072,2.04,0.8155,0.9614,0.3166,0.6651,openmrg 2015-08-27 01
openmrg,constant idw,city,2.0,6624,1.0819,0.95,-0.132,-0.122,0.5428,1.1818,1.0923,0.8246,0.7776,0.2109,0.6438,openmrg 2015-08-27 01
openmrg,constant line,city,2.0,6624,1.0819,0.9369,-0.145,-0.134,0.5433,1.2271,1.1342,0.8111,0.7741,0.1906,0.6547,openmrg 2015-08-27 01
openmrg,constant gmz,city,2.0,6624,1.0819,0.9505,-0.1314,-0.1214,0.5672,1.302,1.2034,0.7922,0.7752,0.2052,0.6459,openmrg 2015-08-27 01
openmrg,pycomlink idw,city,2.0,6624,1.0819,1.1945,0.1126,0.1041,0.53,1.2627,1.1671,0.8502,0.8414,0.0753,0.7875,openmrg 2015-08-27 01
openmrg,pycomlink line,city,2.0,6624,1.0819,1.1491,0.0671,0.062,0.5173,1.2475,1.153,0.8423,0.837,0.0629,0.7925,openmrg 2015-08-27 01
openmrg,pycomlink gmz,city,2.0,6624,1.0819,1.15,0.068,0.0629,0.5351,1.3084,1.2093,0.8301,0.8373,0.0696,0.7879,openmrg 2015-08-27 01
openmrg,nearby idw,city,2.0,6624,1.0819,1.1816,0.0997,0.0921,0.492,1.1492,1.0622,0.8581,0.7896,0.0277,0.7722,openmrg 2015-08-27 01
openmrg,nearby line,city,2.0,6624,1.0819,1.1332,0.0513,0.0474,0.4792,1.1503,1.0632,0.8486,0.779,0.0306,0.7604,openmrg 2015-08-27 01
openmrg,nearby gmz,city,2.0,6624,1.0819,1.1328,0.0508,0.047,0.4998,1.2139,1.1219,0.8353,0.7776,0.0306,0.7589,openmrg 2015-08-27 01
openmrg,rnn idw,city,2.0,6624,1.0819,1.1805,0.0986,0.0911,0.4186,0.9047,0.8362,0.8926,0.875,0.0754,0.8167,openmrg 2015-08-27 01
openmrg,rnn line,city,2.0,6624,1.0819,1.1982,0.1162,0.1074,0.4322,0.9281,0.8578,0.8877,0.8692,0.0816,0.8068,openmrg 2015-08-27 01
openmrg,rnn gmz,city,2.0,6624,1.0819,1.196,0.1141,0.1054,0.4352,0.9413,0.87,0.8844,0.8704,0.0832,0.8066,openmrg 2015-08-27 01
openmrg,pws,radar,,28440,1.1115,0.856,-0.2556,-0.2299,0.6119,1.3309,1.1974,0.7336,0.7782,0.1235,0.7013,openmrg 2015-08-27 01
openmrg,city,radar,,7728,1.0606,1.089,0.0285,0.0268,0.5704,1.3161,1.241,0.7707,0.8401,0.1198,0.7538,openmrg 2015-08-27 01
openmrg,dynamic idw,radar,,35038,1.1728,1.781,0.6082,0.5186,0.8964,1.9619,1.6728,0.8038,0.8843,0.1971,0.7265,openmrg 2015-08-27 01
openmrg,dynamic line,radar,,37399,1.1622,1.7176,0.5554,0.4779,0.8526,1.8299,1.5746,0.8061,0.8853,0.206,0.72,openmrg 2015-08-27 01
openmrg,dynamic gmz,radar,,37399,1.1622,1.7148,0.5526,0.4755,0.8618,1.8545,1.5957,0.8018,0.8818,0.2077,0.7162,openmrg 2015-08-27 01
openmrg,constant idw,radar,,35038,1.1728,0.8712,-0.3016,-0.2572,0.7277,1.5466,1.3188,0.7261,0.6366,0.1284,0.582,openmrg 2015-08-27 01
openmrg,constant line,radar,,37399,1.1622,0.8458,-0.3164,-0.2722,0.7182,1.5116,1.3007,0.7285,0.6269,0.1277,0.5742,openmrg 2015-08-27 01
openmrg,constant gmz,radar,,37399,1.1622,0.8562,-0.306,-0.2633,0.7237,1.5319,1.3182,0.7249,0.6253,0.1317,0.5711,openmrg 2015-08-27 01
openmrg,pycomlink idw,radar,,35038,1.1728,1.0594,-0.1134,-0.0967,0.71,1.5904,1.3561,0.7481,0.7107,0.0825,0.6681,openmrg 2015-08-27 01
openmrg,pycomlink line,radar,,37399,1.1622,1.0053,-0.1568,-0.1349,0.7026,1.535,1.3208,0.7464,0.7007,0.0798,0.6606,openmrg 2015-08-27 01
openmrg,pycomlink gmz,radar,,37399,1.1622,1.0141,-0.1481,-0.1274,0.7035,1.549,1.3329,0.7459,0.6998,0.0819,0.6587,openmrg 2015-08-27 01
openmrg,nearby idw,radar,,35635,1.1562,1.0299,-0.1263,-0.1092,0.6921,1.459,1.262,0.7602,0.6588,0.0719,0.6268,openmrg 2015-08-27 01
openmrg,nearby line,radar,,37896,1.1494,0.972,-0.1774,-0.1543,0.6748,1.41,1.2268,0.7605,0.6499,0.0727,0.6184,openmrg 2015-08-27 01
openmrg,nearby gmz,radar,,37896,1.1494,0.9702,-0.1792,-0.1559,0.6816,1.4313,1.2452,0.756,0.6478,0.0715,0.617,openmrg 2015-08-27 01
openmrg,rnn idw,radar,,35784,1.1575,1.1498,-0.0077,-0.0067,0.5528,1.1626,1.0044,0.8244,0.8075,0.1107,0.7338,openmrg 2015-08-27 01
openmrg,rnn line,radar,,38112,1.1513,1.1567,0.0053,0.0046,0.5686,1.1898,1.0334,0.8154,0.8073,0.1208,0.7267,openmrg 2015-08-27 01
openmrg,rnn gmz,radar,,38112,1.1513,1.1724,0.0211,0.0183,0.5798,1.215,1.0553,0.8103,0.8087,0.1191,0.729,openmrg 2015-08-27 01
openmrg,city,pws,,6720,0.8471,1.0674,0.2203,0.26,0.4864,0.9718,1.1472,0.8726,0.8963,0.1624,0.7635,openmrg 2015-08-27 01
openmrg,dynamic idw,pws,,25820,0.8839,1.7151,0.8312,0.9404,0.9697,1.9268,2.1799,0.8085,0.9149,0.2711,0.6826,openmrg 2015-08-27 01
openmrg,dynamic line,pws,,27056,0.8736,1.6597,0.7861,0.8999,0.9294,1.8225,2.0863,0.808,0.9166,0.2783,0.6772,openmrg 2015-08-27 01
openmrg,dynamic gmz,pws,,27056,0.8736,1.6554,0.7818,0.8949,0.9326,1.8415,2.108,0.8025,0.914,0.2824,0.6723,openmrg 2015-08-27 01
openmrg,constant idw,pws,,25820,0.8839,0.7806,-0.1033,-0.1168,0.5214,1.1196,1.2666,0.781,0.6912,0.172,0.6045,openmrg 2015-08-27 01
openmrg,constant line,pws,,27056,0.8736,0.7656,-0.108,-0.1237,0.5253,1.1182,1.28,0.7738,0.6862,0.1714,0.6009,openmrg 2015-08-27 01
openmrg,constant gmz,pws,,27056,0.8736,0.7716,-0.1019,-0.1167,0.5311,1.145,1.3107,0.7667,0.6844,0.1774,0.5964,openmrg 2015-08-27 01
openmrg,pycomlink idw,pws,,25820,0.8839,0.9466,0.0628,0.071,0.5365,1.2092,1.368,0.7986,0.7516,0.1287,0.6765,openmrg 2015-08-27 01
openmrg,pycomlink line,pws,,27056,0.8736,0.9024,0.0288,0.033,0.5349,1.179,1.3496,0.7909,0.7446,0.1284,0.671,openmrg 2015-08-27 01
openmrg,pycomlink gmz,pws,,27056,0.8736,0.9091,0.0356,0.0407,0.5373,1.1999,1.3736,0.7878,0.7441,0.1312,0.669,openmrg 2015-08-27 01
openmrg,nearby idw,pws,,26347,0.8692,0.949,0.0798,0.0919,0.5133,1.1276,1.2973,0.8108,0.6919,0.1072,0.6389,openmrg 2015-08-27 01
openmrg,nearby line,pws,,27528,0.8613,0.9027,0.0414,0.048,0.4968,1.0828,1.2572,0.808,0.6894,0.1079,0.6363,openmrg 2015-08-27 01
openmrg,nearby gmz,pws,,27528,0.8613,0.9005,0.0392,0.0455,0.5025,1.1079,1.2863,0.8019,0.6866,0.1086,0.6336,openmrg 2015-08-27 01
openmrg,rnn idw,pws,,26376,0.8692,1.088,0.2187,0.2517,0.511,1.057,1.216,0.8212,0.8409,0.1689,0.7182,openmrg 2015-08-27 01
openmrg,rnn line,pws,,27528,0.8613,1.0971,0.2359,0.2739,0.5268,1.0929,1.2689,0.8098,0.8392,0.1817,0.7074,openmrg 2015-08-27 01
openmrg,rnn gmz,pws,,27528,0.8613,1.1042,0.2429,0.282,0.5332,1.1112,1.2902,0.8068,0.8407,0.1791,0.7104,openmrg 2015-08-27 01
openmrg,dynamic idw,city,,7728,1.089,2.1294,1.0403,0.9553,1.1733,2.264,2.0789,0.8287,0.9602,0.3059,0.6747,openmrg 2015-08-27 01
openmrg,dynamic line,city,,7728,1.089,2.0192,0.9302,0.8541,1.0802,2.1031,1.9311,0.8253,0.9585,0.3043,0.6754,openmrg 2015-08-27 01
openmrg,dynamic gmz,city,,7728,1.089,2.0129,0.9239,0.8484,1.0889,2.1415,1.9664,0.8152,0.9585,0.3116,0.6685,openmrg 2015-08-27 01
openmrg,constant idw,city,,7728,1.089,0.9631,-0.1259,-0.1156,0.5315,1.1589,1.0641,0.8331,0.779,0.1993,0.6524,openmrg 2015-08-27 01
openmrg,constant line,city,,7728,1.089,0.9484,-0.1407,-0.1292,0.5324,1.2044,1.106,0.8196,0.7765,0.1812,0.6626,openmrg 2015-08-27 01
openmrg,constant gmz,city,,7728,1.089,0.961,-0.1281,-0.1176,0.5534,1.27,1.1661,0.8028,0.7765,0.1945,0.6539,openmrg 2015-08-27 01
openmrg,pycomlink idw,city,,7728,1.089,1.1953,0.1063,0.0976,0.5238,1.2343,1.1334,0.8536,0.8421,0.07,0.7919,openmrg 2015-08-27 01
openmrg,pycomlink line,city,,7728,1.089,1.1512,0.0622,0.0571,0.5125,1.2236,1.1236,0.8455,0.8391,0.0594,0.7969,openmrg 2015-08-27 01
openmrg,pycomlink gmz,city,,7728,1.089,1.1514,0.0624,0.0573,0.5274,1.2765,1.1721,0.8348,0.8396,0.0653,0.7931,openmrg 2015-08-27 01
openmrg,nearby idw,city,,7728,1.089,1.1842,0.0952,0.0874,0.4849,1.1254,1.0334,0.8628,0.7904,0.0242,0.7752,openmrg 2015-08-27 01
openmrg,nearby line,city,,7728,1.089,1.1361,0.047,0.0432,0.4743,1.1331,1.0405,0.8525,0.78,0.0267,0.7636,openmrg 2015-08-27 01
openmrg,nearby gmz,city,,7728,1.089,1.1351,0.0461,0.0423,0.4914,1.1876,1.0905,0.8411,0.7787,0.0267,0.7624,openmrg 2015-08-27 01
openmrg,rnn idw,city,,7728,1.089,1.1914,0.1024,0.094,0.4336,0.9302,0.8541,0.8898,0.8752,0.0703,0.8209,openmrg 2015-08-27 01
openmrg,rnn line,city,,7728,1.089,1.2104,0.1213,0.1114,0.4486,0.9563,0.8781,0.8841,0.8705,0.0753,0.8129,openmrg 2015-08-27 01
openmrg,rnn gmz,city,,7728,1.089,1.2075,0.1184,0.1087,0.4499,0.965,0.8861,0.8819,0.8712,0.0772,0.8121,openmrg 2015-08-27 01
openmrg,pws,radar,2.0,4928,1.5377,1.5642,0.0265,0.0173,0.6157,0.8172,0.5314,0.7128,0.9102,0.0,0.9102,openmrg 2015-08-31 17
openmrg,city,radar,2.0,1932,1.5107,2.0714,0.5606,0.3711,0.8262,1.0306,0.6822,0.7585,0.9984,0.0,0.9984,openmrg 2015-08-31 17
openmrg,dynamic idw,radar,2.0,5964,1.5158,2.9476,1.4318,0.9446,1.5453,2.2672,1.4957,0.829,0.9643,0.0,0.9643,openmrg 2015-08-31 17
openmrg,dynamic line,radar,2.0,5964,1.5158,2.844,1.3281,0.8762,1.4445,2.125,1.4019,0.8271,0.9658,0.0,0.9658,openmrg 2015-08-31 17
openmrg,dynamic gmz,radar,2.0,5964,1.5158,2.8291,1.3133,0.8664,1.4503,2.1626,1.4267,0.8068,0.9628,0.0,0.9628,openmrg 2015-08-31 17
openmrg,constant idw,radar,2.0,5964,1.5158,0.3374,-1.1785,-0.7774,1.2175,1.4302,0.9435,0.5021,0.3151,0.0,0.3151,openmrg 2015-08-31 17
openmrg,constant line,radar,2.0,5964,1.5158,0.3401,-1.1757,-0.7756,1.2213,1.4391,0.9494,0.4857,0.3148,0.0,0.3148,openmrg 2015-08-31 17
openmrg,constant gmz,radar,2.0,5964,1.5158,0.3562,-1.1597,-0.765,1.2249,1.4466,0.9544,0.4693,0.3161,0.0,0.3161,openmrg 2015-08-31 17
openmrg,pycomlink idw,radar,2.0,5964,1.5158,0.1689,-1.3469,-0.8886,1.3555,1.5573,1.0274,0.4524,0.2911,0.0,0.2911,openmrg 2015-08-31 17
openmrg,pycomlink line,radar,2.0,5964,1.5158,0.1545,-1.3613,-0.898,1.3674,1.5716,1.0368,0.4436,0.2702,0.0,0.2702,openmrg 2015-08-31 17
openmrg,pycomlink gmz,radar,2.0,5964,1.5158,0.1675,-1.3484,-0.8895,1.3602,1.5658,1.033,0.4253,0.2773,0.0,0.2773,openmrg 2015-08-31 17
openmrg,nearby idw,radar,2.0,5964,1.5158,1.2934,-0.2224,-0.1467,0.7124,0.8806,0.5809,0.7479,0.6904,0.0,0.6904,openmrg 2015-08-31 17
openmrg,nearby line,radar,2.0,5964,1.5158,1.256,-0.2598,-0.1714,0.7006,0.8974,0.592,0.7313,0.6876,0.0,0.6876,openmrg 2015-08-31 17
openmrg,nearby gmz,radar,2.0,5964,1.5158,1.2576,-0.2582,-0.1704,0.7239,0.9425,0.6218,0.7129,0.6898,0.0,0.6898,openmrg 2015-08-31 17
openmrg,rnn idw,radar,2.0,5964,1.5158,1.469,-0.0468,-0.0309,0.4523,0.6049,0.399,0.7694,0.9814,0.0,0.9814,openmrg 2015-08-31 17
openmrg,rnn line,radar,2.0,5964,1.5158,1.4964,-0.0194,-0.0128,0.4716,0.6359,0.4195,0.7546,0.9804,0.0,0.9804,openmrg 2015-08-31 17
openmrg,rnn gmz,radar,2.0,5964,1.5158,1.5046,-0.0113,-0.0074,0.486,0.664,0.438,0.7405,0.9787,0.0,0.9787,openmrg 2015-08-31 17
openmrg,city,pws,2.0,1722,1.4273,2.0787,0.6515,0.4565,0.7137,1.0319,0.723,0.789,0.9982,0.0483,0.9501,openmrg 2015-08-31 17
openmrg,dynamic idw,pws,2.0,4928,1.5642,3.0084,1.4442,0.9232,1.688,2.4676,1.5775,0.6125,0.9935,0.0644,0.9299,openmrg 2015-08-31 17
openmrg,dynamic line,pws,2.0,4928,1.5642,2.901,1.3368,0.8546,1.5883,2.3253,1.4865,0.6131,0.9953,0.0655,0.9304,openmrg 2015-08-31 17
openmrg,dynamic gmz,pws,2.0,4928,1.5642,2.8848,1.3205,0.8442,1.5977,2.3642,1.5114,0.5952,0.9917,0.0659,0.9269,openmrg 2015-08-31 17
openmrg,constant idw,pws,2.0,4928,1.5642,0.3722,-1.192,-0.7621,1.2588,1.6068,1.0272,0.4372,0.3381,0.0514,0.332,openmrg 2015-08-31 17
openmrg,constant line,pws,2.0,4928,1.5642,0.3729,-1.1914,-0.7616,1.2561,1.61,1.0293,0.4362,0.3383,0.052,0.3322,openmrg 2015-08-31 17
openmrg,constant gmz,pws,2.0,4928,1.5642,0.388,-1.1762,-0.752,1.2574,1.6179,1.0343,0.4205,0.3392,0.0531,0.3329,openmrg 2015-08-31 17
openmrg,pycomlink idw,pws,2.0,4928,1.5642,0.1805,-1.3837,-0.8846,1.4155,1.7877,1.1428,0.257,0.3131,0.0463,0.3084,openmrg 2015-08-31 17
openmrg,pycomlink line,pws,2.0,4928,1.5642,0.1636,-1.4006,-0.8954,1.4273,1.8011,1.1514,0.2484,0.2891,0.0472,0.2851,openmrg 2015-08-31 17
openmrg,pycomlink gmz,pws,2.0,4928,1.5642,0.1756,-1.3887,-0.8878,1.4245,1.798,1.1495,0.2385,0.2983,0.0485,0.2938,openmrg 2015-08-31 17
openmrg,nearby idw,pws,2.0,4928,1.5642,1.323,-0.2412,-0.1542,0.7266,0.9937,0.6353,0.6908,0.7301,0.0436,0.7066,openmrg 2015-08-31 17
openmrg,nearby line,pws,2.0,4928,1.5642,1.2828,-0.2814,-0.1799,0.7282,1.0166,0.6499,0.6777,0.7236,0.0443,0.7001,openmrg 2015-08-31 17
openmrg,nearby gmz,pws,2.0,4928,1.5642,1.2828,-0.2814,-0.1799,0.7483,1.0619,0.6788,0.658,0.7252,0.0442,0.7016,openmrg 2015-08-31 17
openmrg,rnn idw,pws,2.0,4928,1.5642,1.4666,-0.0977,-0.0624,0.5584,0.7731,0.4942,0.7514,1.0,0.0747,0.9253,openmrg 2015-08-31 17
openmrg,rnn line,pws,2.0,4928,1.5642,1.4846,-0.0796,-0.0509,0.5652,0.7821,0.5,0.7442,1.0,0.0739,0.9261,openmrg 2015-08-31 17
openmrg,rnn gmz,pws,2.0,4928,1.5642,1.4901,-0.0742,-0.0474,0.5747,0.8027,0.5131,0.7301,0.9982,0.0737,0.9248,openmrg 2015-08-31 17
openmrg,dynamic idw,city,2.0,1932,2.0714,3.5477,1.4763,0.7127,1.7932,2.4385,1.1773,0.7494,0.9948,0.0016,0.9933,openmrg 2015-08-31 17
openmrg,dynamic line,city,2.0,1932,2.0714,3.3166,1.2453,0.6012,1.5954,2.2021,1.0631,0.7411,0.9959,0.0016,0.9943,openmrg 2015-08-31 17
openmrg,dynamic gmz,city,2.0,1932,2.0714,3.2877,1.2163,0.5872,1.6024,2.2414,1.0821,0.7185,0.9933,0.0016,0.9917,openmrg 2015-08-31 17
openmrg,constant idw,city,2.0,1932,2.0714,0.3125,-1.7589,-0.8492,1.7847,2.1462,1.0361,0.3403,0.3815,0.0,0.3815,openmrg 2015-08-31 17
openmrg,constant line,city,2.0,1932,2.0714,0.3205,-1.7509,-0.8453,1.7885,2.1588,1.0422,0.3104,0.3852,0.0,0.3852,openmrg 2015-08-31 17
openmrg,constant gmz,city,2.0,1932,2.0714,0.3382,-1.7331,-0.8367,1.7779,2.157,1.0414,0.3019,0.3872,0.0,0.3872,openmrg 2015-08-31 17
openmrg,pycomlink idw,city,2.0,1932,2.0714,0.1691,-1.9023,-0.9184,1.908,2.2711,1.0964,0.2827,0.3292,0.0,0.3292,openmrg 2015-08-31 17
openmrg,pycomlink line,city,2.0,1932,2.0714,0.1564,-1.915,-0.9245,1.9214,2.2846,1.103,0.2682,0.3131,0.0,0.3131,openmrg 2015-08-31 17
openmrg,pycomlink gmz,city,2.0,1932,2.0714,0.1673,-1.9041,-0.9192,1.9126,2.2768,1.0992,0.2627,0.325,0.0,0.325,openmrg 2015-08-31 17
openmrg,nearby idw,city,2.0,1932,2.0714,1.4871,-0.5843,-0.2821,0.7703,0.9547,0.4609,0.8406,0.7221,0.0,0.7221,openmrg 2015-08-31 17
openmrg,nearby line,city,2.0,1932,2.0714,1.443,-0.6284,-0.3034,0.8084,1.0797,0.5213,0.7891,0.7211,0.0,0.7211,openmrg 2015-08-31 17
openmrg,nearby gmz,city,2.0,1932,2.0714,1.4475,-0.6238,-0.3012,0.8276,1.1393,0.55,0.7617,0.7221,0.0,0.7221,openmrg 2015-08-31 17
openmrg,rnn idw,city,2.0,1932,2.0714,1.4408,-0.6306,-0.3044,0.7021,0.8821,0.4259,0.9311,1.0,0.0016,0.9984,openmrg 2015-08-31 17
openmrg,rnn line,city,2.0,1932,2.0714,1.4509,-0.6204,-0.2995,0.6963,0.8798,0.4247,0.9225,1.0,0.0016,0.9984,openmrg 2015-08-31 17
openmrg,rnn gmz,city,2.0,1932,2.0714,1.4479,-0.6235,-0.301,0.7027,0.8891,0.4292,0.9144,0.999,0.0016,0.9974,openmrg 2015-08-31 17
openmrg,pws,radar,,8295,1.529,1.5695,0.0404,0.0265,0.6175,0.8099,0.5297,0.7229,0.9219,0.0,0.9219,openmrg 2015-08-31 17
openmrg,city,radar,,2254,1.5045,2.0611,0.5566,0.3699,0.8201,1.0243,0.6808,0.7591,0.9987,0.0,0.9987,openmrg 2015-08-31 17
openmrg,dynamic idw,radar,,10395,1.5025,2.8298,1.3273,0.8834,1.4629,2.1085,1.4034,0.8222,0.9611,0.0,0.9611,openmrg 2015-08-31 17
openmrg,dynamic line,radar,,11053,1.5091,2.7713,1.2622,0.8364,1.4001,2.0138,1.3345,0.8149,0.9651,0.0,0.9651,openmrg 2015-08-31 17
openmrg,dynamic gmz,radar,,11053,1.5091,2.7742,1.2651,0.8384,1.4189,2.0608,1.3656,0.7959,0.963,0.0,0.963,openmrg 2015-08-31 17
openmrg,constant idw,radar,,10395,1.5025,0.348,-1.1544,-0.7684,1.193,1.411,0.9391,0.5154,0.3154,0.0,0.3154,openmrg 2015-08-31 17
openmrg,constant line,radar,,11053,1.5091,0.3558,-1.1533,-0.7642,1.1958,1.4259,0.9449,0.4953,0.3191,0.0,0.3191,openmrg 2015-08-31 17
openmrg,constant gmz,radar,,11053,1.5091,0.3741,-1.135,-0.7521,1.1999,1.4317,0.9487,0.479,0.3212,0.0,0.3212,openmrg 2015-08-31 17
openmrg,pycomlink idw,radar,,10395,1.5025,0.1736,-1.3289,-0.8845,1.3381,1.55,1.0317,0.4421,0.2937,0.0,0.2937,openmrg 2015-08-31 17
openmrg,pycomlink line,radar,,11053,1.5091,0.1608,-1.3482,-0.8934,1.3553,1.5754,1.0439,0.4251,0.269,0.0,0.269,openmrg 2015-08-31 17
openmrg,pycomlink gmz,radar,,11053,1.5091,0.1766,-1.3325,-0.883,1.3442,1.5659,1.0376,0.4179,0.2792,0.0,0.2792,openmrg 2015-08-31 17
openmrg,nearby idw,radar,,10395,1.5025,1.2556,-0.2469,-0.1643,0.696,0.8558,0.5696,0.7493,0.6932,0.0,0.6932,openmrg 2015-08-31 17
openmrg,nearby line,radar,,11053,1.5091,1.2264,-0.2827,-0.1873,0.6803,0.8535,0.5656,0.7435,0.6915,0.0,0.6915,openmrg 2015-08-31 17
openmrg,nearby gmz,radar,,11053,1.5091,1.2329,-0.2762,-0.183,0.7063,0.8951,0.5932,0.7234,0.6946,0.0,0.6946,openmrg 2015-08-31 17
openmrg,rnn idw,radar,,10437,1.5035,1.5116,0.0081,0.0054,0.4784,0.6485,0.4313,0.7506,0.9796,0.0,0.9796,openmrg 2015-08-31 17
openmrg,rnn line,radar,,11116,1.511,1.5635,0.0525,0.0348,0.5109,0.6966,0.461,0.7351,0.9805,0.0,0.9805,openmrg 2015-08-31 17
openmrg,rnn gmz,radar,,11116,1.511,1.5829,0.0719,0.0476,0.5296,0.7289,0.4824,0.7241,0.978,0.0,0.978,openmrg 2015-08-31 17
openmrg,city,pws,,1960,1.4353,2.0671,0.6318,0.4402,0.7059,1.0213,0.7115,0.7841,0.9984,0.0526,0.9459,openmrg 2015-08-31 17
openmrg,dynamic idw,pws,,7686,1.5625,2.8833,1.3208,0.8453,1.5809,2.279,1.4586,0.6385,0.9898,0.0559,0.935,openmrg 2015-08-31 17
openmrg,dynamic line,pws,,8029,1.568,2.816,1.2481,0.796,1.5153,2.1727,1.3856,0.643,0.9919,0.054,0.9388,openmrg 2015-08-31 17
openmrg,dynamic gmz,pws,,8029,1.568,2.8128,1.2448,0.7939,1.529,2.2097,1.4092,0.6269,0.9889,0.0545,0.9356,openmrg 2015-08-31 17
openmrg,constant idw,pws,,7686,1.5625,0.3886,-1.1739,-0.7513,1.2353,1.5888,1.0168,0.4572,0.335,0.0433,0.33,openmrg 2015-08-31 17
openmrg,constant line,pws,,8029,1.568,0.3988,-1.1692,-0.7457,1.2319,1.5904,1.0143,0.4555,0.3362,0.0417,0.3313,openmrg 2015-08-31 17
openmrg,constant gmz,pws,,8029,1.568,0.4173,-1.1507,-0.7339,1.2339,1.5987,1.0196,0.4382,0.3377,0.0423,0.3327,openmrg 2015-08-31 17
openmrg,pycomlink idw,pws,,7686,1.5625,0.1849,-1.3776,-0.8817,1.4078,1.7905,1.1459,0.2529,0.3068,0.0411,0.3028,openmrg 2015-08-31 17
openmrg,pycomlink line,pws,,8029,1.568,0.1642,-1.4038,-0.8953,1.4254,1.8114,1.1552,0.2402,0.2772,0.0398,0.2741,openmrg 2015-08-31 17
openmrg,pycomlink gmz,pws,,8029,1.568,0.1766,-1.3914,-0.8874,1.4206,1.8067,1.1522,0.2325,0.2897,0.042,0.286,openmrg 2015-08-31 17
openmrg,nearby idw,pws,,7686,1.5625,1.279,-0.2834,-0.1814,0.6965,0.9491,0.6074,0.7174,0.7272,0.036,0.708,openmrg 2015-08-31 17
openmrg,nearby line,pws,,8029,1.568,1.248,-0.3199,-0.204,0.6912,0.9554,0.6093,0.7156,0.7181,0.0349,0.6999,openmrg 2015-08-31 17
openmrg,nearby gmz,pws,,8029,1.568,1.2518,-0.3162,-0.2016,0.7148,0.9999,0.6377,0.6934,0.7208,0.035,0.7025,openmrg 2015-08-31 17
openmrg,rnn idw,pws,,7693,1.5627,1.491,-0.0717,-0.0459,0.5619,0.7771,0.4973,0.75,1.0,0.0627,0.9373,openmrg 2015-08-31 17
openmrg,rnn line,pws,,8029,1.568,1.5234,-0.0445,-0.0284,0.5684,0.7839,0.4999,0.7462,1.0,0.0599,0.9401,openmrg 2015-08-31 17
openmrg,rnn gmz,pws,,8029,1.568,1.5408,-0.0272,-0.0174,0.5789,0.8075,0.515,0.732,0.9989,0.0596,0.9394,openmrg 2015-08-31 17
openmrg,dynamic idw,city,,2254,2.0611,3.4841,1.423,0.6904,1.7272,2.3533,1.1418,0.7568,0.9956,0.0013,0.9942,openmrg 2015-08-31 17
openmrg,dynamic line,city,,2254,2.0611,3.2623,1.2013,0.5828,1.537,2.1215,1.0293,0.7493,0.9964,0.0013,0.9951,openmrg 2015-08-31 17
openmrg,dynamic gmz,city,,2254,2.0611,3.2362,1.1751,0.5701,1.5427,2.1564,1.0463,0.7287,0.9942,0.0013,0.9929,openmrg 2015-08-31 17
openmrg,constant idw,city,,2254,2.0611,0.319,-1.742,-0.8452,1.7641,2.1277,1.0323,0.3436,0.3905,0.0,0.3905,openmrg 2015-08-31 17
openmrg,constant line,city,,2254,2.0611,0.3253,-1.7357,-0.8422,1.768,2.1381,1.0374,0.318,0.3905,0.0,0.3905,openmrg 2015-08-31 17
openmrg,constant gmz,city,,2254,2.0611,0.3423,-1.7188,-0.8339,1.7571,2.1356,1.0362,0.3093,0.3954,0.0,0.3954,openmrg 2015-08-31 17
openmrg,pycomlink idw,city,,2254,2.0611,0.1649,-1.8962,-0.92,1.901,2.2626,1.0978,0.2851,0.3359,0.0,0.3359,openmrg 2015-08-31 17
openmrg,pycomlink line,city,,2254,2.0611,0.1524,-1.9087,-0.9261,1.9142,2.2754,1.104,0.2737,0.3176,0.0,0.3176,openmrg 2015-08-31 17
openmrg,pycomlink gmz,city,,2254,2.0611,0.1633,-1.8977,-0.9208,1.9051,2.2673,1.1001,0.2682,0.335,0.0,0.335,openmrg 2015-08-31 17
openmrg,nearby idw,city,,2254,2.0611,1.4873,-0.5737,-0.2784,0.7621,0.9398,0.456,0.8422,0.7263,0.0,0.7263,openmrg 2015-08-31 17
openmrg,nearby line,city,,2254,2.0611,1.44,-0.621,-0.3013,0.7961,1.0512,0.51,0.7975,0.7246,0.0,0.7246,openmrg 2015-08-31 17
openmrg,nearby gmz,city,,2254,2.0611,1.445,-0.616,-0.2989,0.8129,1.1043,0.5358,0.7723,0.7277,0.0,0.7277,openmrg 2015-08-31 17
openmrg,rnn idw,city,,2254,2.0611,1.4403,-0.6208,-0.3012,0.6922,0.8719,0.4231,0.9326,1.0,0.0013,0.9987,openmrg 2015-08-31 17
openmrg,rnn line,city,,2254,2.0611,1.4515,-0.6095,-0.2957,0.6848,0.8678,0.4211,0.925,1.0,0.0013,0.9987,openmrg 2015-08-31 17
openmrg,rnn gmz,city,,2254,2.0611,1.4484,-0.6127,-0.2973,0.6909,0.8764,0.4252,0.9179,0.9991,0.0013,0.9978,openmrg 2015-08-31 17
openrainer,gauges,radar,2.0,18115,1.3623,1.0593,-0.303,-0.2224,0.6143,1.098,0.806,0.7977,0.8859,0.0884,0.8158,openrainer 2021-05-23 23
openrainer,dynamic idw,radar,2.0,18546,1.365,1.77,0.405,0.2967,1.0088,2.8842,2.1129,0.5312,0.9087,0.1422,0.7898,openrainer 2021-05-23 23
openrainer,dynamic line,radar,2.0,18546,1.365,1.6259,0.2609,0.1911,0.896,2.8262,2.0705,0.5037,0.9155,0.1431,0.794,openrainer 2021-05-23 23
openrainer,dynamic gmz,radar,2.0,18546,1.365,1.6484,0.2834,0.2076,0.9556,3.0819,2.2578,0.4738,0.902,0.1393,0.7871,openrainer 2021-05-23 23
openrainer,constant idw,radar,2.0,18546,1.365,0.7775,-0.5876,-0.4304,0.9792,2.5211,1.8469,0.3753,0.621,0.0633,0.596,openrainer 2021-05-23 23
openrainer,constant line,radar,2.0,18546,1.365,0.7946,-0.5704,-0.4179,0.9345,2.6003,1.9049,0.3671,0.6573,0.0656,0.6283,openrainer 2021-05-23 23
openrainer,constant gmz,radar,2.0,18546,1.365,0.8207,-0.5443,-0.3987,0.9601,2.8124,2.0603,0.3468,0.6421,0.0592,0.6171,openrainer 2021-05-23 23
openrainer,pycomlink idw,radar,2.0,18546,1.365,0.9764,-0.3886,-0.2847,0.8505,2.4271,1.7781,0.4273,0.78,0.0941,0.7215,openrainer 2021-05-23 23
openrainer,pycomlink line,radar,2.0,18546,1.365,0.9867,-0.3783,-0.2771,0.8562,2.6175,1.9176,0.3969,0.7825,0.0977,0.7214,openrainer 2021-05-23 23
openrainer,pycomlink gmz,radar,2.0,18546,1.365,1.0056,-0.3594,-0.2633,0.8757,2.8254,2.0698,0.3755,0.7759,0.0965,0.7165,openrainer 2021-05-23 23
openrainer,nearby idw,radar,2.0,14104,1.2833,0.6338,-0.6495,-0.5061,0.7984,1.3844,1.0788,0.6876,0.6576,0.0566,0.6327,openrainer 2021-05-23 23
openrainer,nearby line,radar,2.0,14732,1.2912,0.6205,-0.6707,-0.5194,0.8084,1.3928,1.0787,0.6885,0.6755,0.0606,0.6473,openrainer 2021-05-23 23
openrainer,nearby gmz,radar,2.0,14732,1.2912,0.6164,-0.6748,-0.5226,0.8164,1.4138,1.095,0.6757,0.6622,0.0595,0.6356,openrainer 2021-05-23 23
openrainer,rnn idw,radar,2.0,18546,1.365,1.8357,0.4707,0.3448,0.938,1.5027,1.1009,0.7729,0.9105,0.1376,0.795,openrainer 2021-05-23 23
openrainer,rnn line,radar,2.0,18546,1.365,1.9328,0.5678,0.4159,0.9996,1.6026,1.1741,0.7745,0.9114,0.1382,0.7952,openrainer 2021-05-23 23
openrainer,rnn gmz,radar,2.0,18546,1.365,1.9489,0.5839,0.4278,1.0239,1.6729,1.2255,0.7671,0.9086,0.1349,0.7959,openrainer 2021-05-23 23
openrainer,dynamic idw,gauges,2.0,19789,1.0045,1.7086,0.7041,0.701,0.8332,2.7319,2.7198,0.6264,0.9416,0.1451,0.8118,openrainer 2021-05-23 23
openrainer,dynamic line,gauges,2.0,19789,1.0045,1.5747,0.5703,0.5678,0.7115,2.6718,2.66,0.5834,0.9452,0.1523,0.808,openrainer 2021-05-23 23
openrainer,dynamic gmz,gauges,2.0,19789,1.0045,1.5972,0.5927,0.5901,0.7741,2.9287,2.9157,0.5506,0.93,0.1496,0.7993,openrainer 2021-05-23 23
openrainer,constant idw,gauges,2.0,19789,1.0045,0.7242,-0.2803,-0.279,0.6237,2.232,2.2221,0.4316,0.6426,0.0348,0.628,openrainer 2021-05-23 23
openrainer,constant line,gauges,2.0,19789,1.0045,0.7438,-0.2607,-0.2595,0.5624,2.3025,2.2923,0.4322,0.6851,0.0362,0.6679,openrainer 2021-05-23 23
openrainer,constant gmz,gauges,2.0,19789,1.0045,0.7698,-0.2346,-0.2336,0.5978,2.5296,2.5183,0.4084,0.6652,0.0351,0.6494,openrainer 2021-05-23 23
openrainer,pycomlink idw,gauges,2.0,19789,1.0045,0.9158,-0.0886,-0.0882,0.4742,2.1271,2.1177,0.5154,0.8252,0.056,0.7867,openrainer 2021-05-23 23
openrainer,pycomlink line,gauges,2.0,19789,1.0045,0.9253,-0.0791,-0.0788,0.4782,2.3418,2.3315,0.4719,0.8264,0.0615,0.7839,openrainer 2021-05-23 23
openrainer,pycomlink gmz,gauges,2.0,19789,1.0045,0.943,-0.0614,-0.0612,0.5063,2.5619,2.5505,0.4457,0.8169,0.0636,0.774,openrainer 2021-05-23 23
openrainer,nearby idw,gauges,2.0,14053,1.009,0.6353,-0.3738,-0.3704,0.4605,0.7989,0.7917,0.8749,0.7218,0.0154,0.7137,openrainer 2021-05-23 23
openrainer,nearby line,gauges,2.0,14661,1.0101,0.6224,-0.3877,-0.3838,0.4614,0.8031,0.7951,0.8769,0.7393,0.0159,0.7306,openrainer 2021-05-23 23
openrainer,nearby gmz,gauges,2.0,14661,1.0101,0.6183,-0.3918,-0.3879,0.4723,0.8282,0.8199,0.8645,0.7229,0.0172,0.7139,openrainer 2021-05-23 23
openrainer,rnn idw,gauges,2.0,19789,1.0045,1.7485,0.744,0.7407,0.8266,1.3764,1.3703,0.8808,0.9558,0.1229,0.8429,openrainer 2021-05-23 23
openrainer,rnn line,gauges,2.0,19789,1.0045,1.8429,0.8384,0.8347,0.914,1.51,1.5033,0.8797,0.9553,0.1249,0.8407,openrainer 2021-05-23 23
openrainer,rnn gmz,gauges,2.0,19789,1.0045,1.8587,0.8543,0.8505,0.9366,1.5926,1.5856,0.8682,0.9532,0.1207,0.8429,openrainer 2021-05-23 23
openrainer,gauges,radar,,119338,1.4969,1.1309,-0.366,-0.2445,0.7023,1.2776,0.8535,0.7743,0.8852,0.0907,0.8133,openrainer 2021-05-23 23
openrainer,dynamic idw,radar,,71263,1.4145,2.0349,0.6204,0.4386,1.2779,3.2728,2.3138,0.5255,0.8956,0.1527,0.7711,openrainer 2021-05-23 23
openrainer,dynamic line,radar,,82857,1.4285,1.8466,0.4181,0.2927,1.1074,3.0046,2.1034,0.5111,0.9121,0.1638,0.7738,openrainer 2021-05-23 23
openrainer,dynamic gmz,radar,,82857,1.4285,1.8849,0.4565,0.3195,1.1707,3.2261,2.2584,0.4885,0.8974,0.1584,0.7677,openrainer 2021-05-23 23
openrainer,constant idw,radar,,71263,1.4145,0.7767,-0.6378,-0.4509,1.1046,2.6586,1.8795,0.3462,0.5751,0.0646,0.5532,openrainer 2021-05-23 23
openrainer,constant line,radar,,82857,1.4285,0.7765,-0.652,-0.4564,1.0379,2.597,1.818,0.3533,0.6278,0.0671,0.6006,openrainer 2021-05-23 23
openrainer,constant gmz,radar,,82857,1.4285,0.8031,-0.6254,-0.4378,1.0651,2.7744,1.9422,0.3357,0.6116,0.0615,0.588,openrainer 2021-05-23 23
openrainer,pycomlink idw,radar,,71263,1.4145,1.0381,-0.3764,-0.2661,0.9483,2.4963,1.7648,0.4401,0.7617,0.0915,0.7074,openrainer 2021-05-23 23
openrainer,pycomlink line,radar,,82857,1.4285,1.0189,-0.4096,-0.2867,0.9445,2.5723,1.8007,0.4172,0.7714,0.0979,0.7118,openrainer 2021-05-23 23
openrainer,pycomlink gmz,radar,,82857,1.4285,1.0422,-0.3863,-0.2704,0.9596,2.7379,1.9167,0.3997,0.7618,0.0963,0.7046,openrainer 2021-05-23 23
openrainer,nearby idw,radar,,43446,1.3167,0.6668,-0.65,-0.4936,0.874,1.5716,1.1935,0.6266,0.6403,0.0719,0.6101,openrainer 2021-05-23 23
openrainer,nearby line,radar,,51668,1.3266,0.6344,-0.6922,-0.5218,0.8855,1.5871,1.1964,0.6132,0.6585,0.0756,0.6248,openrainer 2021-05-23 23
openrainer,nearby gmz,radar,,51668,1.3266,0.6347,-0.6918,-0.5215,0.8951,1.613,1.216,0.6026,0.6406,0.0737,0.6095,openrainer 2021-05-23 23
openrainer,rnn idw,radar,,71325,1.4154,1.7489,0.3335,0.2356,0.9389,1.5238,1.0766,0.7349,0.8949,0.1443,0.7776,openrainer 2021-05-23 23
openrainer,rnn line,radar,,82969,1.43,1.8526,0.4226,0.2955,0.9917,1.6069,1.1237,0.7315,0.8992,0.1413,0.7833,openrainer 2021-05-23 23
openrainer,rnn gmz,radar,,82969,1.43,1.862,0.432,0.3021,1.0105,1.6602,1.161,0.7234,0.8974,0.1394,0.7835,openrainer 2021-05-23 23
openrainer,dynamic idw,gauges,,78945,1.0073,1.9206,0.9133,0.9067,1.0868,3.0396,3.0176,0.6333,0.9192,0.161,0.7813,openrainer 2021-05-23 23
openrainer,dynamic line,gauges,,90654,1.0197,1.7562,0.7366,0.7224,0.9209,2.7653,2.712,0.6111,0.9279,0.1838,0.7675,openrainer 2021-05-23 23
openrainer,dynamic gmz,gauges,,90654,1.0197,1.7946,0.775,0.76,0.9856,2.985,2.9274,0.585,0.9117,0.1795,0.7601,openrainer 2021-05-23 23
openrainer,constant idw,gauges,,78945,1.0073,0.6922,-0.315,-0.3128,0.7162,2.2908,2.2743,0.4047,0.5779,0.0368,0.5654,openrainer 2021-05-23 23
openrainer,constant line,gauges,,90654,1.0197,0.6995,-0.3202,-0.314,0.6418,2.2098,2.1672,0.4182,0.6401,0.0417,0.6227,openrainer 2021-05-23 23
openrainer,constant gmz,gauges,,90654,1.0197,0.7251,-0.2946,-0.2889,0.6772,2.3932,2.3471,0.3971,0.6193,0.0393,0.604,openrainer 2021-05-23 23
openrainer,pycomlink idw,gauges,,78945,1.0073,0.9364,-0.0709,-0.0704,0.5594,2.1088,2.0936,0.5423,0.7868,0.061,0.7485,openrainer 2021-05-23 23
openrainer,pycomlink line,gauges,,90654,1.0197,0.9204,-0.0993,-0.0974,0.5543,2.1881,2.1459,0.5105,0.799,0.0695,0.754,openrainer 2021-05-23 23
openrainer,pycomlink gmz,gauges,,90654,1.0197,0.941,-0.0787,-0.0772,0.5723,2.3552,2.3098,0.489,0.7884,0.0697,0.7444,openrainer 2021-05-23 23
openrainer,nearby idw,gauges,,42856,1.0217,0.6691,-0.3526,-0.3451,0.4988,0.988,0.967,0.822,0.71,0.0224,0.6987,openrainer 2021-05-23 23
openrainer,nearby line,gauges,,51052,1.0262,0.6342,-0.3919,-0.3819,0.5096,1.014,0.9881,0.8039,0.7249,0.024,0.7122,openrainer 2021-05-23 23
openrainer,nearby gmz,gauges,,51052,1.0262,0.6348,-0.3914,-0.3814,0.5208,1.0409,1.0144,0.794,0.7039,0.0242,0.6918,openrainer 2021-05-23 23
openrainer,rnn idw,gauges,,78993,1.009,1.6209,0.6118,0.6063,0.7882,1.3406,1.3286,0.8259,0.9309,0.1332,0.8144,openrainer 2021-05-23 23
openrainer,rnn line,gauges,,90729,1.0216,1.722,0.7004,0.6856,0.8751,1.466,1.435,0.8139,0.9323,0.1343,0.8145,openrainer 2021-05-23 23
openrainer,rnn gmz,gauges,,90729,1.0216,1.7306,0.709,0.694,0.8906,1.5291,1.4968,0.8016,0.9299,0.1322,0.8145,openrainer 2021-05-23 23
openrainer,gauges,radar,2.0,12128,2.6711,3.2195,0.5484,0.2053,1.4056,3.1489,1.1789,0.8406,0.935,0.0468,0.894,openrainer 2021-09-26 06
openrainer,dynamic idw,radar,2.0,12338,2.6719,4.393,1.7212,0.6442,2.3587,6.9409,2.5978,0.6126,0.9461,0.141,0.8189,openrainer 2021-09-26 06
openrainer,dynamic line,radar,2.0,12343,2.6748,3.9002,1.2254,0.4581,1.9384,5.0399,1.8842,0.6955,0.9442,0.1361,0.822,openrainer 2021-09-26 06
openrainer,dynamic gmz,radar,2.0,12343,2.6748,3.9467,1.2719,0.4755,2.1299,5.9957,2.2416,0.6326,0.9386,0.139,0.815,openrainer 2021-09-26 06
openrainer,constant idw,radar,2.0,12338,2.6719,2.9785,0.3066,0.1148,1.6359,4.8242,1.8056,0.6693,0.826,0.0131,0.8171,openrainer 2021-09-26 06
openrainer,constant line,radar,2.0,12343,2.6748,2.79,0.1151,0.043,1.4567,3.7114,1.3875,0.739,0.8381,0.0136,0.8286,openrainer 2021-09-26 06
openrainer,constant gmz,radar,2.0,12343,2.6748,2.8193,0.1445,0.054,1.5891,4.3416,1.6231,0.6951,0.8226,0.0122,0.8144,openrainer 2021-09-26 06
openrainer,pycomlink idw,radar,2.0,12338,2.6719,3.351,0.6792,0.2542,1.6888,5.3086,1.9869,0.6468,0.9388,0.0704,0.8765,openrainer 2021-09-26 06
openrainer,pycomlink line,radar,2.0,12343,2.6748,3.0539,0.3791,0.1417,1.4669,3.9699,1.4842,0.7203,0.9396,0.0676,0.8797,openrainer 2021-09-26 06
openrainer,pycomlink gmz,radar,2.0,12343,2.6748,3.0835,0.4087,0.1528,1.6186,4.7106,1.7611,0.668,0.9282,0.0672,0.87,openrainer 2021-09-26 06
openrainer,nearby idw,radar,2.0,7662,2.5831,2.7317,0.1486,0.0575,1.5571,4.1752,1.6164,0.6366,0.895,0.0471,0.8571,openrainer 2021-09-26 06
openrainer,nearby line,radar,2.0,7950,2.6549,2.638,-0.0169,-0.0064,1.5656,4.3846,1.6515,0.5959,0.8993,0.0502,0.8585,openrainer 2021-09-26 06
openrainer,nearby gmz,radar,2.0,7950,2.6549,2.6914,0.0365,0.0137,1.6411,5.0486,1.9016,0.5481,0.8928,0.0518,0.8513,openrainer 2021-09-26 06
openrainer,rnn idw,radar,2.0,12344,2.6752,3.9789,1.3037,0.4873,1.7719,3.1934,1.1937,0.8276,0.9452,0.0998,0.8556,openrainer 2021-09-26 06
openrainer,rnn line,radar,2.0,12344,2.6752,4.0533,1.3782,0.5152,1.8444,3.2975,1.2326,0.8215,0.9475,0.0997,0.8575,openrainer 2021-09-26 06
openrainer,rnn gmz,radar,2.0,12344,2.6752,4.0563,1.3812,0.5163,1.8616,3.3652,1.258,0.8208,0.9433,0.0992,0.8545,openrainer 2021-09-26 06
openrainer,dynamic idw,gauges,2.0,12284,3.227,4.4318,1.2048,0.3733,2.0956,6.4761,2.0068,0.6554,0.9549,0.1528,0.8146,openrainer 2021-09-26 06
openrainer,dynamic line,gauges,2.0,12289,3.2309,3.9336,0.7028,0.2175,1.7807,4.7185,1.4604,0.731,0.9519,0.1492,0.8158,openrainer 2021-09-26 06
openrainer,dynamic gmz,gauges,2.0,12289,3.2309,3.9808,0.7499,0.2321,2.0068,5.7007,1.7645,0.6662,0.9484,0.1501,0.8123,openrainer 2021-09-26 06
openrainer,constant idw,gauges,2.0,12284,3.227,2.9984,-0.2287,-0.0709,1.4847,4.5301,1.4038,0.7292,0.8493,0.01,0.8421,openrainer 2021-09-26 06
openrainer,constant line,gauges,2.0,12289,3.2309,2.8104,-0.4205,-0.1301,1.4087,3.6285,1.1231,0.7903,0.8606,0.0123,0.8515,openrainer 2021-09-26 06
openrainer,constant gmz,gauges,2.0,12289,3.2309,2.8402,-0.3907,-0.1209,1.5501,4.2215,1.3066,0.7424,0.8451,0.0106,0.8375,openrainer 2021-09-26 06
openrainer,pycomlink idw,gauges,2.0,12284,3.227,3.3746,0.1475,0.0457,1.5304,4.9689,1.5398,0.7031,0.9511,0.079,0.8794,openrainer 2021-09-26 06
openrainer,pycomlink line,gauges,2.0,12289,3.2309,3.0771,-0.1537,-0.0476,1.434,3.8533,1.1927,0.7687,0.9502,0.0782,0.8794,openrainer 2021-09-26 06
openrainer,pycomlink gmz,gauges,2.0,12289,3.2309,3.1073,-0.1236,-0.0382,1.597,4.5755,1.4162,0.712,0.94,0.0764,0.8721,openrainer 2021-09-26 06
openrainer,nearby idw,gauges,2.0,7641,3.0666,2.7303,-0.3363,-0.1097,1.484,3.9268,1.2805,0.7291,0.9114,0.0424,0.876,openrainer 2021-09-26 06
openrainer,nearby line,gauges,2.0,7916,3.1428,2.639,-0.5038,-0.1603,1.6363,4.3876,1.3961,0.6686,0.9151,0.0459,0.8765,openrainer 2021-09-26 06
openrainer,nearby gmz,gauges,2.0,7916,3.1428,2.6933,-0.4495,-0.143,1.7008,4.9913,1.5882,0.619,0.9097,0.0462,0.8713,openrainer 2021-09-26 06
openrainer,rnn idw,gauges,2.0,12290,3.2318,4.0024,0.7706,0.2385,1.7143,3.1821,0.9846,0.8396,0.956,0.1093,0.8557,openrainer 2021-09-26 06
openrainer,rnn line,gauges,2.0,12290,3.2318,4.0752,0.8434,0.261,1.7953,3.3003,1.0212,0.8295,0.9589,0.1078,0.8594,openrainer 2021-09-26 06
openrainer,rnn gmz,gauges,2.0,12290,3.2318,4.076,0.8443,0.2612,1.8019,3.3437,1.0346,0.827,0.9561,0.106,0.8588,openrainer 2021-09-26 06
openrainer,gauges,radar,,89963,2.4281,2.9232,0.4951,0.2039,1.4741,3.5789,1.474,0.7967,0.9128,0.0497,0.8712,openrainer 2021-09-26 06
openrainer,dynamic idw,radar,,51975,2.4356,4.466,2.0304,0.8337,2.717,8.1241,3.3356,0.5461,0.9304,0.1662,0.7848,openrainer 2021-09-26 06
openrainer,dynamic line,radar,,61234,2.421,3.8541,1.4332,0.592,2.2238,5.8531,2.4177,0.6128,0.9251,0.1763,0.7722,openrainer 2021-09-26 06
openrainer,dynamic gmz,radar,,61234,2.421,3.9578,1.5369,0.6348,2.4147,6.7705,2.7966,0.5641,0.9176,0.177,0.7664,openrainer 2021-09-26 06
openrainer,constant idw,radar,,51975,2.4356,2.742,0.3064,0.1258,1.8542,5.6408,2.316,0.5799,0.764,0.0167,0.7542,openrainer 2021-09-26 06
openrainer,constant line,radar,,61234,2.421,2.5179,0.0969,0.04,1.6637,4.3374,1.7916,0.6394,0.7739,0.0198,0.762,openrainer 2021-09-26 06
openrainer,constant gmz,radar,,61234,2.421,2.5757,0.1548,0.0639,1.7871,4.9882,2.0604,0.5983,0.7644,0.0193,0.753,openrainer 2021-09-26 06
openrainer,pycomlink idw,radar,,51975,2.4356,3.2532,0.8176,0.3357,1.9019,6.2212,2.5543,0.5698,0.919,0.0834,0.8481,openrainer 2021-09-26 06
openrainer,pycomlink line,radar,,61234,2.421,2.9041,0.4831,0.1995,1.665,4.6341,1.9141,0.6307,0.9178,0.0859,0.8449,openrainer 2021-09-26 06
openrainer,pycomlink gmz,radar,,61234,2.421,2.9664,0.5454,0.2253,1.8012,5.3399,2.2057,0.588,0.9082,0.0852,0.8373,openrainer 2021-09-26 06
openrainer,nearby idw,radar,,24992,2.4085,2.7749,0.3664,0.1521,1.7765,5.1921,2.1557,0.5358,0.8658,0.0593,0.821,openrainer 2021-09-26 06
openrainer,nearby line,radar,,29799,2.4492,2.7172,0.268,0.1094,1.8275,5.5513,2.2665,0.4791,0.8687,0.0707,0.8149,openrainer 2021-09-26 06
openrainer,nearby gmz,radar,,29799,2.4492,2.8272,0.378,0.1543,1.9607,6.6308,2.7073,0.4252,0.8608,0.0734,0.8059,openrainer 2021-09-26 06
openrainer,rnn idw,radar,,52114,2.4537,3.5588,1.1052,0.4504,1.7498,3.1948,1.302,0.7929,0.909,0.1173,0.811,openrainer 2021-09-26 06
openrainer,rnn line,radar,,61340,2.4312,3.6034,1.1722,0.4821,1.8099,3.2779,1.3483,0.782,0.9125,0.1195,0.812,openrainer 2021-09-26 06
openrainer,rnn gmz,radar,,61340,2.4312,3.5957,1.1645,0.479,1.8268,3.3345,1.3715,0.7793,0.9108,0.1185,0.8115,openrainer 2021-09-26 06
openrainer,dynamic idw,gauges,,50896,2.9531,4.4897,1.5367,0.5204,2.4439,7.5222,2.5472,0.5986,0.9464,0.1746,0.7885,openrainer 2021-09-26 06
openrainer,dynamic line,gauges,,59239,2.9198,3.8724,0.9526,0.3262,2.0579,5.4479,1.8658,0.6621,0.9408,0.1843,0.7759,openrainer 2021-09-26 06
openrainer,dynamic gmz,gauges,,59239,2.9198,3.9767,1.0569,0.362,2.2548,6.35,2.1748,0.6134,0.9346,0.1829,0.7728,openrainer 2021-09-26 06
openrainer,constant idw,gauges,,50896,2.9531,2.7745,-0.1786,-0.0605,1.6674,5.2594,1.781,0.6578,0.7982,0.0131,0.7899,openrainer 2021-09-26 06
openrainer,constant line,gauges,,59239,2.9198,2.5494,-0.3704,-0.1269,1.5845,4.2112,1.4423,0.7108,0.8109,0.0154,0.8007,openrainer 2021-09-26 06
openrainer,constant gmz,gauges,,59239,2.9198,2.6068,-0.313,-0.1072,1.6916,4.7892,1.6403,0.6681,0.8008,0.0145,0.7915,openrainer 2021-09-26 06
openrainer,pycomlink idw,gauges,,50896,2.9531,3.2694,0.3163,0.1071,1.7162,5.7375,1.9429,0.6407,0.9394,0.0931,0.8568,openrainer 2021-09-26 06
openrainer,pycomlink line,gauges,,59239,2.9198,2.9181,-0.0017,-0.0006,1.6037,4.4337,1.5185,0.6951,0.938,0.0962,0.8528,openrainer 2021-09-26 06
openrainer,pycomlink gmz,gauges,,59239,2.9198,2.9799,0.0601,0.0206,1.7221,5.0747,1.7381,0.6517,0.9294,0.0946,0.8472,openrainer 2021-09-26 06
openrainer,nearby idw,gauges,,24588,2.9086,2.7284,-0.1802,-0.062,1.6575,4.6869,1.6114,0.6536,0.8878,0.0488,0.8491,openrainer 2021-09-26 06
openrainer,nearby line,gauges,,29115,3.0139,2.6899,-0.324,-0.1075,1.9016,5.4466,1.8072,0.5659,0.8923,0.0552,0.8481,openrainer 2021-09-26 06
openrainer,nearby gmz,gauges,,29115,3.0139,2.7963,-0.2176,-0.0722,2.0089,6.4553,2.1418,0.5072,0.8841,0.058,0.8385,openrainer 2021-09-26 06
openrainer,rnn idw,gauges,,51030,2.9829,3.6246,0.6417,0.2151,1.7382,3.3241,1.1144,0.8093,0.9309,0.1251,0.8215,openrainer 2021-09-26 06
openrainer,rnn line,gauges,,59345,2.935,3.6663,0.7314,0.2492,1.8465,3.4817,1.1863,0.7889,0.936,0.1248,0.8258,openrainer 2021-09-26 06
openrainer,rnn gmz,gauges,,59345,2.935,3.6578,0.7229,0.2463,1.8486,3.5179,1.1986,0.7859,0.9343,0.1237,0.8254,openrainer 2021-09-26 06
openrainer,gauges,radar,2.0,59640,0.8104,0.6639,-0.1465,-0.1807,0.5289,1.3349,1.6473,0.7082,0.7761,0.154,0.68,openrainer 2021-10-05 19
openrainer,dynamic idw,radar,2.0,60334,0.8055,1.0444,0.2388,0.2965,0.8115,1.8779,2.3313,0.593,0.8132,0.3243,0.585,openrainer 2021-10-05 19
openrainer,dynamic line,radar,2.0,60385,0.8051,0.913,0.1079,0.1341,0.7193,1.5998,1.9871,0.6372,0.8132,0.313,0.5934,openrainer 2021-10-05 19
openrainer,dynamic gmz,radar,2.0,60385,0.8051,0.9339,0.1288,0.1599,0.7521,1.7043,2.1169,0.6131,0.797,0.316,0.5825,openrainer 2021-10-05 19
openrainer,constant idw,radar,2.0,60334,0.8055,0.3942,-0.4114,-0.5107,0.652,1.5803,1.9618,0.5881,0.429,0.1455,0.3998,openrainer 2021-10-05 19
openrainer,constant line,radar,2.0,60385,0.8051,0.4175,-0.3876,-0.4814,0.6342,1.4873,1.8474,0.6385,0.4557,0.1431,0.4235,openrainer 2021-10-05 19
openrainer,constant gmz,radar,2.0,60385,0.8051,0.4372,-0.3679,-0.4569,0.6517,1.5317,1.9026,0.6152,0.4462,0.1461,0.4146,openrainer 2021-10-05 19
openrainer,pycomlink idw,radar,2.0,60334,0.8055,0.3076,-0.498,-0.6182,0.6755,1.7448,2.166,0.506,0.3113,0.1399,0.2963,openrainer 2021-10-05 19
openrainer,pycomlink line,radar,2.0,60385,0.8051,0.2705,-0.5346,-0.664,0.6508,1.562,1.9401,0.6155,0.3042,0.1287,0.2911,openrainer 2021-10-05 19
openrainer,pycomlink gmz,radar,2.0,60385,0.8051,0.285,-0.52,-0.6459,0.6568,1.5818,1.9648,0.5988,0.3054,0.1341,0.2916,openrainer 2021-10-05 19
openrainer,nearby idw,radar,2.0,39516,0.8366,0.4584,-0.3782,-0.4521,0.6336,1.4553,1.7395,0.6343,0.4581,0.0749,0.4417,openrainer 2021-10-05 19
openrainer,nearby line,radar,2.0,41994,0.8146,0.4414,-0.3732,-0.4581,0.6189,1.4539,1.7848,0.6238,0.4623,0.0816,0.4441,openrainer 2021-10-05 19
openrainer,nearby gmz,radar,2.0,41994,0.8146,0.4463,-0.3683,-0.4522,0.6303,1.4822,1.8195,0.6094,0.4534,0.0806,0.436,openrainer 2021-10-05 19
openrainer,rnn idw,radar,2.0,60600,0.8032,0.8055,0.0023,0.0028,0.6472,1.4303,1.7807,0.6871,0.724,0.2156,0.6039,openrainer 2021-10-05 19
openrainer,rnn line,radar,2.0,60600,0.8032,0.8163,0.0131,0.0163,0.6523,1.4408,1.7937,0.6855,0.7241,0.2185,0.6022,openrainer 2021-10-05 19
openrainer,rnn gmz,radar,2.0,60600,0.8032,0.8201,0.0169,0.021,0.6569,1.4506,1.806,0.6855,0.7165,0.2158,0.5985,openrainer 2021-10-05 19
openrainer,dynamic idw,gauges,2.0,59374,0.6657,1.0559,0.3902,0.5862,0.7031,1.7193,2.5829,0.6577,0.8753,0.3314,0.6105,openrainer 2021-10-05 19
openrainer,dynamic line,gauges,2.0,59425,0.6654,0.9224,0.257,0.3862,0.5987,1.408,2.1159,0.6901,0.8759,0.3197,0.6205,openrainer 2021-10-05 19
openrainer,dynamic gmz,gauges,2.0,59425,0.6654,0.9437,0.2783,0.4182,0.641,1.5417,2.317,0.6593,0.8546,0.3253,0.6052,openrainer 2021-10-05 19
openrainer,constant idw,gauges,2.0,59374,0.6657,0.3989,-0.2667,-0.4007,0.4429,1.123,1.687,0.7086,0.5061,0.0792,0.485,openrainer 2021-10-05 19
openrainer,constant line,gauges,2.0,59425,0.6654,0.4226,-0.2428,-0.3649,0.4169,1.0117,1.5204,0.7594,0.5391,0.0742,0.5168,openrainer 2021-10-05 19
openrainer,constant gmz,gauges,2.0,59425,0.6654,0.4427,-0.2227,-0.3347,0.4417,1.0822,1.6263,0.7318,0.5266,0.0801,0.5035,openrainer 2021-10-05 19
openrainer,pycomlink idw,gauges,2.0,59374,0.6657,0.3115,-0.3541,-0.532,0.5204,1.4149,2.1255,0.5569,0.3509,0.1149,0.3356,openrainer 2021-10-05 19
openrainer,pycomlink line,gauges,2.0,59425,0.6654,0.2738,-0.3916,-0.5885,0.5006,1.206,1.8124,0.6523,0.3396,0.1118,0.3256,openrainer 2021-10-05 19
openrainer,pycomlink gmz,gauges,2.0,59425,0.6654,0.2888,-0.3766,-0.566,0.5078,1.2427,1.8675,0.6332,0.3431,0.1124,0.3288,openrainer 2021-10-05 19
openrainer,nearby idw,gauges,2.0,39456,0.6921,0.4588,-0.2333,-0.3371,0.3732,0.8841,1.2773,0.8361,0.5171,0.0324,0.5083,openrainer 2021-10-05 19
openrainer,nearby line,gauges,2.0,41874,0.6808,0.4422,-0.2386,-0.3504,0.3665,0.8704,1.2785,0.837,0.5169,0.0357,0.5072,openrainer 2021-10-05 19
openrainer,nearby gmz,gauges,2.0,41874,0.6808,0.4471,-0.2337,-0.3433,0.3787,0.9074,1.333,0.8207,0.507,0.0343,0.498,openrainer 2021-10-05 19
openrainer,rnn idw,gauges,2.0,59640,0.6639,0.8155,0.1515,0.2283,0.4833,1.0815,1.6289,0.7944,0.8136,0.1952,0.6795,openrainer 2021-10-05 19
openrainer,rnn line,gauges,2.0,59640,0.6639,0.8264,0.1625,0.2448,0.4842,1.0797,1.6262,0.8003,0.8146,0.1972,0.6788,openrainer 2021-10-05 19
openrainer,rnn gmz,gauges,2.0,59640,0.6639,0.8307,0.1668,0.2512,0.4933,1.1077,1.6684,0.7955,0.8048,0.1958,0.673,openrainer 2021-10-05 19
openrainer,gauges,radar,,426397,0.7107,0.5388,-0.1719,-0.2419,0.4724,1.23,1.7307,0.7029,0.7081,0.1722,0.6172,openrainer 2021-10-05 19
openrainer,dynamic idw,radar,,248824,0.7787,1.1566,0.3779,0.4852,0.9189,2.1875,2.8091,0.5495,0.7838,0.3514,0.5502,openrainer 2021-10-05 19
openrainer,dynamic line,radar,,290401,0.7577,1.0002,0.2425,0.3201,0.796,1.8298,2.415,0.576,0.7947,0.3676,0.5436,openrainer 2021-10-05 19
openrainer,dynamic gmz,radar,,290401,0.7577,1.0254,0.2677,0.3534,0.834,1.9522,2.5766,0.5525,0.7798,0.368,0.5363,openrainer 2021-10-05 19
openrainer,constant idw,radar,,248824,0.7787,0.3815,-0.3972,-0.51,0.6526,1.5795,2.0283,0.558,0.3903,0.1501,0.3652,openrainer 2021-10-05 19
openrainer,constant line,radar,,290401,0.7577,0.4101,-0.3476,-0.4587,0.6227,1.4936,1.9713,0.5877,0.4296,0.1621,0.3966,openrainer 2021-10-05 19
openrainer,constant gmz,radar,,290401,0.7577,0.4276,-0.3301,-0.4357,0.6395,1.5361,2.0274,0.5695,0.4197,0.1633,0.3879,openrainer 2021-10-05 19
openrainer,pycomlink idw,radar,,248824,0.7787,0.3233,-0.4555,-0.5849,0.6628,1.6943,2.1757,0.5033,0.3073,0.1295,0.2939,openrainer 2021-10-05 19
openrainer,pycomlink line,radar,,290401,0.7577,0.2851,-0.4726,-0.6237,0.6227,1.5414,2.0344,0.5657,0.3145,0.1308,0.3003,openrainer 2021-10-05 19
openrainer,pycomlink gmz,radar,,290401,0.7577,0.296,-0.4616,-0.6093,0.6291,1.5573,2.0553,0.5563,0.3125,0.134,0.2981,openrainer 2021-10-05 19
openrainer,nearby idw,radar,,122274,0.8293,0.4842,-0.3451,-0.4161,0.6393,1.4908,1.7977,0.6301,0.4554,0.0916,0.4354,openrainer 2021-10-05 19
openrainer,nearby line,radar,,148670,0.7988,0.471,-0.3278,-0.4104,0.6225,1.4841,1.8578,0.6104,0.4642,0.1059,0.44,openrainer 2021-10-05 19
openrainer,nearby gmz,radar,,148670,0.7988,0.47,-0.3288,-0.4117,0.6302,1.4993,1.8769,0.6045,0.4551,0.1035,0.4324,openrainer 2021-10-05 19
openrainer,rnn idw,radar,,249720,0.777,0.7748,-0.0021,-0.0028,0.6478,1.4716,1.894,0.6614,0.6859,0.2312,0.5686,openrainer 2021-10-05 19
openrainer,rnn line,radar,,291300,0.7562,0.7651,0.0088,0.0117,0.6483,1.4895,1.9696,0.6453,0.681,0.2446,0.5579,openrainer 2021-10-05 19
openrainer,rnn gmz,radar,,291300,0.7562,0.7667,0.0105,0.0138,0.6522,1.4989,1.9821,0.6446,0.6752,0.242,0.5555,openrainer 2021-10-05 19
openrainer,dynamic idw,gauges,,239460,0.6414,1.1488,0.5074,0.7912,0.8272,2.0564,3.2062,0.5984,0.8591,0.3603,0.579,openrainer 2021-10-05 19
openrainer,dynamic line,gauges,,275987,0.6187,0.9913,0.3726,0.6022,0.6996,1.6836,2.7212,0.6216,0.8694,0.3812,0.5662,openrainer 2021-10-05 19
openrainer,dynamic gmz,gauges,,275987,0.6187,1.0181,0.3994,0.6456,0.7416,1.8203,2.942,0.5936,0.8507,0.3839,0.556,openrainer 2021-10-05 19
openrainer,constant idw,gauges,,239460,0.6414,0.3829,-0.2584,-0.4029,0.4658,1.1821,1.8431,0.6787,0.4684,0.0921,0.4471,openrainer 2021-10-05 19
openrainer,constant line,gauges,,275987,0.6187,0.4069,-0.2118,-0.3423,0.4278,1.0795,1.7447,0.7166,0.5211,0.1012,0.4922,openrainer 2021-10-05 19
openrainer,constant gmz,gauges,,275987,0.6187,0.4248,-0.1939,-0.3134,0.4487,1.1424,1.8465,0.6915,0.5095,0.1023,0.4815,openrainer 2021-10-05 19
openrainer,pycomlink idw,gauges,,239460,0.6414,0.3263,-0.315,-0.4912,0.5182,1.4057,2.1917,0.5632,0.3501,0.1166,0.3346,openrainer 2021-10-05 19
openrainer,pycomlink line,gauges,,275987,0.6187,0.2858,-0.3329,-0.538,0.4816,1.2276,1.9842,0.6257,0.3575,0.1252,0.3401,openrainer 2021-10-05 19
openrainer,pycomlink gmz,gauges,,275987,0.6187,0.2981,-0.3206,-0.5182,0.4885,1.2543,2.0273,0.6132,0.3584,0.1217,0.3415,openrainer 2021-10-05 19
openrainer,nearby idw,gauges,,120730,0.7061,0.4759,-0.2302,-0.326,0.4105,1.0202,1.4449,0.8077,0.5097,0.0573,0.4944,openrainer 2021-10-05 19
openrainer,nearby line,gauges,,145857,0.6795,0.4559,-0.2236,-0.3291,0.3975,0.9963,1.4663,0.8036,0.5162,0.0627,0.499,openrainer 2021-10-05 19
openrainer,nearby gmz,gauges,,145857,0.6795,0.4544,-0.2251,-0.3312,0.4038,1.0137,1.4919,0.7966,0.5047,0.0628,0.4882,openrainer 2021-10-05 19
openrainer,rnn idw,gauges,,240346,0.64,0.7793,0.1393,0.2176,0.4999,1.1728,1.8325,0.7615,0.7875,0.2151,0.6477,openrainer 2021-10-05 19
openrainer,rnn line,gauges,,276873,0.6175,0.7676,0.15,0.2429,0.4963,1.1743,1.9016,0.756,0.7888,0.2275,0.6401,openrainer 2021-10-05 19
openrainer,rnn gmz,gauges,,276873,0.6175,0.7697,0.1521,0.2463,0.5018,1.1905,1.9278,0.7536,0.7813,0.2263,0.636,openrainer 2021-10-05 19
openrainer,gauges,radar,2.0,52682,1.2591,0.7403,-0.5188,-0.4121,0.6825,1.5874,1.2607,0.8384,0.8285,0.1363,0.7327,openrainer 2021-11-13 11
openrainer,dynamic idw,radar,2.0,53530,1.2593,0.8872,-0.3721,-0.2955,0.8191,1.7355,1.3781,0.7103,0.7871,0.2004,0.6574,openrainer 2021-11-13 11
openrainer,dynamic line,radar,2.0,53530,1.2593,0.8368,-0.4225,-0.3355,0.8231,1.7603,1.3979,0.7034,0.7965,0.2064,0.6598,openrainer 2021-11-13 11
openrainer,dynamic gmz,radar,2.0,53530,1.2593,0.8486,-0.4107,-0.3261,0.8405,1.7763,1.4105,0.6954,0.7696,0.2058,0.6416,openrainer 2021-11-13 11
openrainer,constant idw,radar,2.0,53530,1.2593,0.3624,-0.8969,-0.7122,0.9586,2.0243,1.6075,0.6928,0.4102,0.0424,0.4028,openrainer 2021-11-13 11
openrainer,constant line,radar,2.0,53530,1.2593,0.4098,-0.8495,-0.6746,0.9279,1.958,1.5548,0.716,0.4425,0.048,0.4329,openrainer 2021-11-13 11
openrainer,constant gmz,radar,2.0,53530,1.2593,0.4246,-0.8347,-0.6628,0.9314,1.9545,1.552,0.7014,0.4303,0.0467,0.4215,openrainer 2021-11-13 11
openrainer,pycomlink idw,radar,2.0,53530,1.2593,0.3462,-0.9131,-0.7251,0.9641,1.9994,1.5877,0.7035,0.3702,0.0272,0.3664,openrainer 2021-11-13 11
openrainer,pycomlink line,radar,2.0,53530,1.2593,0.3417,-0.9176,-0.7286,0.9637,2.0064,1.5932,0.707,0.3678,0.024,0.3645,openrainer 2021-11-13 11
openrainer,pycomlink gmz,radar,2.0,53530,1.2593,0.351,-0.9083,-0.7213,0.9604,1.9916,1.5815,0.7059,0.3602,0.0239,0.3571,openrainer 2021-11-13 11
openrainer,nearby idw,radar,2.0,36855,1.3733,0.3576,-1.0157,-0.7396,1.0548,2.2184,1.6154,0.7054,0.4016,0.0266,0.3973,openrainer 2021-11-13 11
openrainer,nearby line,radar,2.0,38223,1.3743,0.3697,-1.0046,-0.731,1.0428,2.2047,1.6043,0.7229,0.4197,0.0291,0.4144,openrainer 2021-11-13 11
openrainer,nearby gmz,radar,2.0,38223,1.3743,0.3697,-1.0046,-0.731,1.0461,2.1999,1.6008,0.7149,0.4098,0.0283,0.405,openrainer 2021-11-13 11
openrainer,rnn idw,radar,2.0,53530,1.2593,1.0157,-0.2436,-0.1934,0.7145,1.4694,1.1668,0.8004,0.8084,0.2149,0.6619,openrainer 2021-11-13 11
openrainer,rnn line,radar,2.0,53530,1.2593,1.0663,-0.193,-0.1532,0.725,1.4697,1.1671,0.7959,0.8118,0.2209,0.6599,openrainer 2021-11-13 11
openrainer,rnn gmz,radar,2.0,53530,1.2593,1.0754,-0.1839,-0.1461,0.7356,1.4832,1.1778,0.7907,0.8022,0.2165,0.6567,openrainer 2021-11-13 11
openrainer,dynamic idw,gauges,2.0,52682,0.7403,0.8862,0.1459,0.1971,0.5021,1.2123,1.6377,0.7487,0.8363,0.188,0.7007,openrainer 2021-11-13 11
openrainer,dynamic line,gauges,2.0,52682,0.7403,0.835,0.0947,0.1279,0.4669,1.0912,1.474,0.7546,0.8447,0.1958,0.7006,openrainer 2021-11-13 11
openrainer,dynamic gmz,gauges,2.0,52682,0.7403,0.8464,0.1062,0.1434,0.4985,1.1619,1.5696,0.7417,0.8156,0.1954,0.6807,openrainer 2021-11-13 11
openrainer,constant idw,gauges,2.0,52682,0.7403,0.3578,-0.3824,-0.5166,0.4817,0.9915,1.3393,0.7232,0.4282,0.0403,0.4206,openrainer 2021-11-13 11
openrainer,constant line,gauges,2.0,52682,0.7403,0.406,-0.3342,-0.4515,0.4582,0.9431,1.274,0.7495,0.463,0.0452,0.4531,openrainer 2021-11-13 11
openrainer,constant gmz,gauges,2.0,52682,0.7403,0.4206,-0.3196,-0.4318,0.4727,0.9795,1.3232,0.736,0.4499,0.0445,0.4407,openrainer 2021-11-13 11
openrainer,pycomlink idw,gauges,2.0,52682,0.7403,0.3459,-0.3944,-0.5327,0.5055,1.0618,1.4344,0.6902,0.3821,0.0405,0.3761,openrainer 2021-11-13 11
openrainer,pycomlink line,gauges,2.0,52682,0.7403,0.3414,-0.3989,-0.5388,0.5021,1.041,1.4063,0.6987,0.3774,0.0429,0.3712,openrainer 2021-11-13 11
openrainer,pycomlink gmz,gauges,2.0,52682,0.7403,0.3506,-0.3897,-0.5264,0.5055,1.0536,1.4233,0.6962,0.3709,0.0406,0.3652,openrainer 2021-11-13 11
openrainer,nearby idw,gauges,2.0,36802,0.8039,0.3574,-0.4465,-0.5554,0.5121,1.0178,1.2661,0.7332,0.4178,0.0188,0.4144,openrainer 2021-11-13 11
openrainer,nearby line,gauges,2.0,38117,0.8086,0.3694,-0.4392,-0.5431,0.4988,0.9703,1.1999,0.7667,0.4335,0.0232,0.429,openrainer 2021-11-13 11
openrainer,nearby gmz,gauges,2.0,38117,0.8086,0.3695,-0.4392,-0.5431,0.5075,0.9843,1.2172,0.7558,0.4235,0.0217,0.4196,openrainer 2021-11-13 11
openrainer,rnn idw,gauges,2.0,52682,0.7403,1.0144,0.2742,0.3704,0.4908,0.9733,1.3148,0.8568,0.8683,0.1987,0.7145,openrainer 2021-11-13 11
openrainer,rnn line,gauges,2.0,52682,0.7403,1.0659,0.3256,0.4399,0.5298,1.0432,1.4093,0.8542,0.8726,0.2043,0.7128,openrainer 2021-11-13 11
openrainer,rnn gmz,gauges,2.0,52682,0.7403,1.0741,0.3339,0.451,0.5461,1.1085,1.4974,0.8478,0.8619,0.2002,0.709,openrainer 2021-11-13 11
openrainer,gauges,radar,,372846,1.0923,0.6524,-0.44,-0.4028,0.5985,1.3988,1.2805,0.8115,0.8058,0.1293,0.7197,openrainer 2021-11-13 11
openrainer,dynamic idw,radar,,220503,1.0995,0.9073,-0.1922,-0.1748,0.832,1.8407,1.6741,0.6228,0.7593,0.2296,0.6192,openrainer 2021-11-13 11
openrainer,dynamic line,radar,,256838,1.1001,0.8359,-0.2642,-0.2402,0.8126,1.7689,1.608,0.6193,0.7741,0.2482,0.6165,openrainer 2021-11-13 11
openrainer,dynamic gmz,radar,,256838,1.1001,0.8511,-0.2489,-0.2263,0.8283,1.7863,1.6238,0.6175,0.7516,0.247,0.603,openrainer 2021-11-13 11
openrainer,constant idw,radar,,220503,1.0995,0.3149,-0.7846,-0.7136,0.8784,1.9245,1.7503,0.5901,0.353,0.0514,0.3464,openrainer 2021-11-13 11
openrainer,constant line,radar,,256838,1.1001,0.353,-0.7471,-0.6791,0.8515,1.8596,1.6905,0.6163,0.3956,0.0648,0.385,openrainer 2021-11-13 11
openrainer,constant gmz,radar,,256838,1.1001,0.3644,-0.7357,-0.6688,0.8546,1.8586,1.6895,0.6109,0.3846,0.0617,0.3752,openrainer 2021-11-13 11
openrainer,pycomlink idw,radar,,220503,1.0995,0.3406,-0.759,-0.6903,0.8723,1.9049,1.7325,0.5947,0.3612,0.0466,0.3549,openrainer 2021-11-13 11
openrainer,pycomlink line,radar,,256838,1.1001,0.3303,-0.7697,-0.6997,0.8704,1.8915,1.7195,0.5977,0.3663,0.0539,0.3588,openrainer 2021-11-13 11
openrainer,pycomlink gmz,radar,,256838,1.1001,0.3403,-0.7598,-0.6907,0.8665,1.879,1.7081,0.6028,0.36,0.0508,0.3532,openrainer 2021-11-13 11
openrainer,nearby idw,radar,,112387,1.249,0.3413,-0.9077,-0.7268,0.9895,2.1098,1.6892,0.6021,0.3779,0.0391,0.3722,openrainer 2021-11-13 11
openrainer,nearby line,radar,,134420,1.2504,0.3442,-0.9062,-0.7247,0.9827,2.0881,1.67,0.6136,0.391,0.0454,0.3839,openrainer 2021-11-13 11
openrainer,nearby gmz,radar,,134420,1.2504,0.344,-0.9064,-0.7249,0.9867,2.0854,1.6678,0.6123,0.3783,0.042,0.3722,openrainer 2021-11-13 11
openrainer,rnn idw,radar,,220533,1.1002,0.8834,-0.2168,-0.197,0.6895,1.4645,1.3312,0.7459,0.7703,0.2289,0.627,openrainer 2021-11-13 11
openrainer,rnn line,radar,,256838,1.1001,0.9187,-0.1814,-0.1649,0.7128,1.4867,1.3514,0.7311,0.7642,0.2371,0.6175,openrainer 2021-11-13 11
openrainer,rnn gmz,radar,,256838,1.1001,0.9246,-0.1755,-0.1595,0.7191,1.5041,1.3672,0.7265,0.756,0.2338,0.6143,openrainer 2021-11-13 11
openrainer,dynamic idw,gauges,,211699,0.677,0.9192,0.2422,0.3578,0.6046,1.5645,2.3108,0.6598,0.8048,0.2238,0.6532,openrainer 2021-11-13 11
openrainer,dynamic line,gauges,,243142,0.6785,0.8475,0.169,0.249,0.5554,1.3684,2.0167,0.6599,0.8204,0.2457,0.6473,openrainer 2021-11-13 11
openrainer,dynamic gmz,gauges,,243142,0.6785,0.863,0.1844,0.2718,0.5805,1.4194,2.092,0.6554,0.7965,0.2442,0.6335,openrainer 2021-11-13 11
openrainer,constant idw,gauges,,211699,0.677,0.3174,-0.3596,-0.5312,0.4938,1.1366,1.6788,0.6189,0.3743,0.0485,0.3673,openrainer 2021-11-13 11
openrainer,constant line,gauges,,243142,0.6785,0.3578,-0.3207,-0.4726,0.4733,1.0848,1.5988,0.6474,0.4246,0.0598,0.4134,openrainer 2021-11-13 11
openrainer,constant gmz,gauges,,243142,0.6785,0.3693,-0.3092,-0.4557,0.4842,1.1102,1.6363,0.6423,0.4132,0.056,0.4034,openrainer 2021-11-13 11
openrainer,pycomlink idw,gauges,,211699,0.677,0.3456,-0.3314,-0.4895,0.5145,1.212,1.7902,0.5981,0.3757,0.0621,0.3665,openrainer 2021-11-13 11
openrainer,pycomlink line,gauges,,243142,0.6785,0.3373,-0.3412,-0.5029,0.5075,1.1644,1.7162,0.6061,0.3845,0.0712,0.3735,openrainer 2021-11-13 11
openrainer,pycomlink gmz,gauges,,243142,0.6785,0.3475,-0.331,-0.4878,0.5093,1.1728,1.7285,0.6097,0.3786,0.0673,0.3686,openrainer 2021-11-13 11
openrainer,nearby idw,gauges,,110849,0.7547,0.3443,-0.4103,-0.5437,0.5225,1.1193,1.4832,0.6474,0.3991,0.025,0.3951,openrainer 2021-11-13 11
openrainer,nearby line,gauges,,131557,0.7684,0.349,-0.4193,-0.5458,0.5235,1.098,1.4289,0.6627,0.4119,0.033,0.4061,openrainer 2021-11-13 11
openrainer,nearby gmz,gauges,,131557,0.7684,0.349,-0.4193,-0.5457,0.5305,1.1054,1.4386,0.661,0.3984,0.0304,0.3935,openrainer 2021-11-13 11
openrainer,rnn idw,gauges,,211729,0.6773,0.8951,0.2179,0.3217,0.4893,1.0374,1.5318,0.7942,0.8302,0.2169,0.675,openrainer 2021-11-13 11
openrainer,rnn line,gauges,,243142,0.6785,0.9348,0.2562,0.3777,0.5309,1.1104,1.6366,0.7793,0.828,0.2275,0.6657,openrainer 2021-11-13 11
openrainer,rnn gmz,gauges,,243142,0.6785,0.9399,0.2614,0.3853,0.5405,1.1593,1.7086,0.7738,0.8199,0.2233,0.6635,openrainer 2021-11-13 11
openrainer,gauges,radar,2.0,37841,1.2815,0.9402,-0.3414,-0.2664,0.8506,1.3779,1.0752,0.5988,0.9063,0.2104,0.73,openrainer 2022-05-05 09
openrainer,dynamic idw,radar,2.0,38960,1.2752,0.8851,-0.39,-0.3059,1.0727,1.8354,1.4394,0.3574,0.8021,0.201,0.6674,openrainer 2022-05-05 09
openrainer,dynamic line,radar,2.0,38960,1.2752,0.8325,-0.4427,-0.3472,1.0238,1.7296,1.3564,0.3999,0.8139,0.2015,0.6752,openrainer 2022-05-05 09
openrainer,dynamic gmz,radar,2.0,38960,1.2752,0.8535,-0.4217,-0.3307,1.0506,1.8096,1.4191,0.3712,0.7945,0.2001,0.6628,openrainer 2022-05-05 09
openrainer,constant idw,radar,2.0,38960,1.2752,0.0996,-1.1756,-0.9219,1.2064,1.9682,1.5435,0.3364,0.1694,0.0685,0.1673,openrainer 2022-05-05 09
openrainer,constant line,radar,2.0,38960,1.2752,0.118,-1.1571,-0.9074,1.1864,1.9414,1.5225,0.3728,0.1958,0.0595,0.1934,openrainer 2022-05-05 09
openrainer,constant gmz,radar,2.0,38960,1.2752,0.1274,-1.1478,-0.9001,1.186,1.9442,1.5246,0.345,0.1965,0.0623,0.194,openrainer 2022-05-05 09
openrainer,pycomlink idw,radar,2.0,38960,1.2752,0.2451,-1.03,-0.8078,1.1316,1.8632,1.4611,0.3737,0.3968,0.0781,0.3839,openrainer 2022-05-05 09
openrainer,pycomlink line,radar,2.0,38960,1.2752,0.2377,-1.0375,-0.8136,1.1217,1.8432,1.4455,0.4102,0.3916,0.0725,0.38,openrainer 2022-05-05 09
openrainer,pycomlink gmz,radar,2.0,38960,1.2752,0.2499,-1.0253,-0.804,1.1225,1.8477,1.449,0.3936,0.3859,0.0771,0.3738,openrainer 2022-05-05 09
openrainer,nearby idw,radar,2.0,25757,1.3499,0.324,-1.0258,-0.7599,1.1892,1.9452,1.441,0.2721,0.3975,0.104,0.38,openrainer 2022-05-05 09
openrainer,nearby line,radar,2.0,27306,1.3482,0.3418,-1.0064,-0.7465,1.1729,1.9196,1.4238,0.2994,0.4062,0.11,0.3868,openrainer 2022-05-05 09
openrainer,nearby gmz,radar,2.0,27306,1.3482,0.3515,-0.9968,-0.7393,1.1841,1.9577,1.452,0.2664,0.3983,0.105,0.3805,openrainer 2022-05-05 09
openrainer,rnn idw,radar,2.0,38960,1.2752,0.8514,-0.4238,-0.3323,0.8823,1.4308,1.1221,0.5831,0.7936,0.1924,0.6674,openrainer 2022-05-05 09
openrainer,rnn line,radar,2.0,38960,1.2752,0.8933,-0.3819,-0.2995,0.8694,1.4037,1.1008,0.598,0.7999,0.1974,0.6684,openrainer 2022-05-05 09
openrainer,rnn gmz,radar,2.0,38960,1.2752,0.8995,-0.3757,-0.2946,0.8794,1.4223,1.1154,0.5874,0.7914,0.1938,0.6649,openrainer 2022-05-05 09
openrainer,dynamic idw,gauges,2.0,37841,0.9402,0.8839,-0.0563,-0.0599,0.7191,1.3869,1.4752,0.4271,0.7992,0.0852,0.7438,openrainer 2022-05-05 09
openrainer,dynamic line,gauges,2.0,37841,0.9402,0.8298,-0.1103,-0.1173,0.6761,1.2563,1.3362,0.4523,0.8068,0.0905,0.7469,openrainer 2022-05-05 09
openrainer,dynamic gmz,gauges,2.0,37841,0.9402,0.8524,-0.0877,-0.0933,0.7164,1.3685,1.4556,0.4234,0.7866,0.0908,0.7293,openrainer 2022-05-05 09
openrainer,constant idw,gauges,2.0,37841,0.9402,0.0916,-0.8485,-0.9025,0.8772,1.2547,1.3345,0.333,0.1531,0.0077,0.1529,openrainer 2022-05-05 09
openrainer,constant line,gauges,2.0,37841,0.9402,0.1106,-0.8296,-0.8824,0.8565,1.2283,1.3065,0.3795,0.1766,0.0069,0.1764,openrainer 2022-05-05 09
openrainer,constant gmz,gauges,2.0,37841,0.9402,0.1195,-0.8207,-0.8729,0.8572,1.235,1.3136,0.357,0.178,0.0074,0.1778,openrainer 2022-05-05 09
openrainer,pycomlink idw,gauges,2.0,37841,0.9402,0.2441,-0.6961,-0.7404,0.7845,1.1559,1.2295,0.4394,0.3727,0.019,0.3701,openrainer 2022-05-05 09
openrainer,pycomlink line,gauges,2.0,37841,0.9402,0.2365,-0.7037,-0.7484,0.776,1.1364,1.2087,0.4625,0.3658,0.019,0.3632,openrainer 2022-05-05 09
openrainer,pycomlink gmz,gauges,2.0,37841,0.9402,0.2491,-0.691,-0.735,0.7765,1.1478,1.2209,0.448,0.3628,0.0195,0.3602,openrainer 2022-05-05 09
openrainer,nearby idw,gauges,2.0,25717,1.0061,0.3233,-0.6828,-0.6787,0.769,1.0816,1.0751,0.5453,0.3701,0.0168,0.3678,openrainer 2022-05-05 09
openrainer,nearby line,gauges,2.0,27226,1.0105,0.3404,-0.6701,-0.6632,0.7514,1.0643,1.0533,0.5662,0.3807,0.0153,0.3785,openrainer 2022-05-05 09
openrainer,nearby gmz,gauges,2.0,27226,1.0105,0.35,-0.6605,-0.6536,0.7613,1.1302,1.1185,0.5085,0.3716,0.014,0.3697,openrainer 2022-05-05 09
openrainer,rnn idw,gauges,2.0,37841,0.9402,0.853,-0.0871,-0.0927,0.5306,0.8005,0.8514,0.7213,0.8115,0.0647,0.7684,openrainer 2022-05-05 09
openrainer,rnn line,gauges,2.0,37841,0.9402,0.896,-0.0442,-0.047,0.5375,0.8146,0.8664,0.7257,0.821,0.0672,0.7752,openrainer 2022-05-05 09
openrainer,rnn gmz,gauges,2.0,37841,0.9402,0.9015,-0.0387,-0.0412,0.5572,0.8559,0.9104,0.7104,0.809,0.0662,0.7652,openrainer 2022-05-05 09
openrainer,gauges,radar,,282573,1.1713,0.8342,-0.3371,-0.2878,0.7371,1.2237,1.0447,0.6344,0.88,0.1767,0.7402,openrainer 2022-05-05 09
openrainer,dynamic idw,radar,,163080,1.1914,1.0526,-0.1388,-0.1165,1.1651,2.1287,1.7868,0.2898,0.779,0.205,0.6486,openrainer 2022-05-05 09
openrainer,dynamic line,radar,,190560,1.192,0.961,-0.231,-0.1938,1.0658,1.9107,1.6028,0.3291,0.8081,0.2064,0.6677,openrainer 2022-05-05 09
openrainer,dynamic gmz,radar,,190560,1.192,0.9875,-0.2045,-0.1716,1.1015,2.0206,1.6951,0.308,0.7865,0.2062,0.6531,openrainer 2022-05-05 09
openrainer,constant idw,radar,,163080,1.1914,0.0965,-1.0949,-0.919,1.1409,1.8923,1.5884,0.2554,0.1448,0.0852,0.1428,openrainer 2022-05-05 09
openrainer,constant line,radar,,190560,1.192,0.1204,-1.0716,-0.899,1.1189,1.8561,1.5571,0.3093,0.1852,0.0755,0.1824,openrainer 2022-05-05 09
openrainer,constant gmz,radar,,190560,1.192,0.1278,-1.0643,-0.8928,1.1199,1.8573,1.5581,0.2979,0.1808,0.0789,0.1781,openrainer 2022-05-05 09
openrainer,pycomlink idw,radar,,163080,1.1914,0.2861,-0.9052,-0.7598,1.0759,1.8161,1.5244,0.3074,0.382,0.0928,0.3677,openrainer 2022-05-05 09
openrainer,pycomlink line,radar,,190560,1.192,0.2735,-0.9186,-0.7706,1.0578,1.7778,1.4914,0.3445,0.3878,0.0835,0.3746,openrainer 2022-05-05 09
openrainer,pycomlink gmz,radar,,190560,1.192,0.2857,-0.9063,-0.7603,1.0616,1.7905,1.502,0.332,0.3806,0.0881,0.3671,openrainer 2022-05-05 09
openrainer,nearby idw,radar,,80114,1.2837,0.3753,-0.9084,-0.7077,1.1611,1.9379,1.5096,0.2192,0.4094,0.1247,0.3869,openrainer 2022-05-05 09
openrainer,nearby line,radar,,98718,1.2881,0.3785,-0.9096,-0.7061,1.1394,1.8819,1.461,0.2637,0.4244,0.1329,0.3985,openrainer 2022-05-05 09
openrainer,nearby gmz,radar,,98718,1.2881,0.3842,-0.9039,-0.7017,1.1461,1.8937,1.4702,0.2573,0.4142,0.1293,0.3902,openrainer 2022-05-05 09
openrainer,rnn idw,radar,,163080,1.1914,0.8106,-0.3807,-0.3196,0.8763,1.4278,1.1984,0.54,0.7409,0.1915,0.6303,openrainer 2022-05-05 09
openrainer,rnn line,radar,,190560,1.192,0.8389,-0.3531,-0.2962,0.8712,1.4168,1.1886,0.547,0.7357,0.1939,0.6251,openrainer 2022-05-05 09
openrainer,rnn gmz,radar,,190560,1.192,0.8417,-0.3504,-0.2939,0.8797,1.4313,1.2007,0.54,0.7296,0.1925,0.6214,openrainer 2022-05-05 09
openrainer,dynamic idw,gauges,,154760,0.9035,1.0521,0.1486,0.1644,0.8695,1.8156,2.0095,0.383,0.7798,0.1066,0.7135,openrainer 2022-05-05 09
openrainer,dynamic line,gauges,,177556,0.9002,0.959,0.0587,0.0652,0.7784,1.5753,1.7499,0.4004,0.8084,0.1157,0.7311,openrainer 2022-05-05 09
openrainer,dynamic gmz,gauges,,177556,0.9002,0.987,0.0867,0.0964,0.8228,1.7087,1.8981,0.3774,0.7878,0.1151,0.7146,openrainer 2022-05-05 09
openrainer,constant idw,gauges,,154760,0.9035,0.0892,-0.8143,-0.9012,0.8509,1.2644,1.3995,0.302,0.1349,0.0182,0.1346,openrainer 2022-05-05 09
openrainer,constant line,gauges,,177556,0.9002,0.1128,-0.7874,-0.8746,0.8283,1.2475,1.3858,0.3452,0.1745,0.0171,0.174,openrainer 2022-05-05 09
openrainer,constant gmz,gauges,,177556,0.9002,0.1194,-0.7808,-0.8674,0.8293,1.2509,1.3895,0.3358,0.1708,0.0179,0.1703,openrainer 2022-05-05 09
openrainer,pycomlink idw,gauges,,154760,0.9035,0.289,-0.6145,-0.6801,0.7626,1.2019,1.3302,0.4199,0.3748,0.0258,0.3711,openrainer 2022-05-05 09
openrainer,pycomlink line,gauges,,177556,0.9002,0.2773,-0.623,-0.692,0.7465,1.1758,1.3061,0.4344,0.3836,0.024,0.3801,openrainer 2022-05-05 09
openrainer,pycomlink gmz,gauges,,177556,0.9002,0.2897,-0.6105,-0.6782,0.7498,1.1966,1.3292,0.4222,0.3787,0.025,0.3751,openrainer 2022-05-05 09
openrainer,nearby idw,gauges,,78674,0.9868,0.3769,-0.6099,-0.6181,0.7713,1.1588,1.1743,0.4793,0.3902,0.0196,0.3872,openrainer 2022-05-05 09
openrainer,nearby line,gauges,,96278,0.995,0.3797,-0.6153,-0.6184,0.7449,1.0891,1.0946,0.5373,0.4066,0.0208,0.4031,openrainer 2022-05-05 09
openrainer,nearby gmz,gauges,,96278,0.995,0.3846,-0.6104,-0.6135,0.7489,1.1081,1.1137,0.5244,0.3962,0.0181,0.3933,openrainer 2022-05-05 09
openrainer,rnn idw,gauges,,154760,0.9035,0.817,-0.0865,-0.0958,0.5416,0.8493,0.94,0.7029,0.7686,0.072,0.7253,openrainer 2022-05-05 09
openrainer,rnn line,gauges,,177556,0.9002,0.8463,-0.0539,-0.0599,0.5467,0.8807,0.9784,0.6933,0.7716,0.0762,0.7254,openrainer 2022-05-05 09
openrainer,rnn gmz,gauges,,177556,0.9002,0.8477,-0.0526,-0.0584,0.5613,0.9087,1.0094,0.6814,0.7631,0.076,0.718,openrainer 2022-05-05 09
openrainer,gauges,radar,2.0,64096,0.5444,0.1846,-0.3598,-0.6609,0.3978,1.7741,3.2587,0.7574,0.6668,0.1057,0.6181,openrainer 2022-08-06 09
openrainer,dynamic idw,radar,2.0,66100,0.5422,0.5857,0.0434,0.0801,0.6464,3.1309,5.7741,0.4499,0.7434,0.6179,0.3376,openrainer 2022-08-06 09
openrainer,dynamic line,radar,2.0,66102,0.5429,0.5063,-0.0366,-0.0674,0.5991,2.4677,4.5454,0.4687,0.7527,0.616,0.341,openrainer 2022-08-06 09
openrainer,dynamic gmz,radar,2.0,66102,0.5429,0.543,0.0001,0.0002,0.6362,2.7589,5.0818,0.4411,0.7295,0.6254,0.3289,openrainer 2022-08-06 09
openrainer,constant idw,radar,2.0,66100,0.5422,0.2875,-0.2547,-0.4697,0.5596,2.6998,4.9792,0.4126,0.3939,0.2737,0.343,openrainer 2022-08-06 09
openrainer,constant line,radar,2.0,66102,0.5429,0.2485,-0.2944,-0.5423,0.5388,2.3548,4.3374,0.4154,0.4072,0.2875,0.3497,openrainer 2022-08-06 09
openrainer,constant gmz,radar,2.0,66102,0.5429,0.268,-0.2749,-0.5063,0.5551,2.5373,4.6735,0.3937,0.3978,0.2867,0.343,openrainer 2022-08-06 09
openrainer,pycomlink idw,radar,2.0,66100,0.5422,0.2606,-0.2816,-0.5194,0.4728,2.6941,4.9687,0.445,0.5744,0.1901,0.5061,openrainer 2022-08-06 09
openrainer,pycomlink line,radar,2.0,66102,0.5429,0.2327,-0.3102,-0.5714,0.4682,2.3116,4.2579,0.4493,0.5766,0.2053,0.5019,openrainer 2022-08-06 09
openrainer,pycomlink gmz,radar,2.0,66102,0.5429,0.2507,-0.2922,-0.5383,0.4833,2.5474,4.6922,0.4158,0.5567,0.2105,0.4847,openrainer 2022-08-06 09
openrainer,nearby idw,radar,2.0,44160,0.5038,0.1333,-0.3704,-0.7353,0.4268,1.9955,3.9612,0.5436,0.3449,0.0917,0.3333,openrainer 2022-08-06 09
openrainer,nearby line,radar,2.0,47127,0.5214,0.1295,-0.3918,-0.7515,0.454,2.0982,4.0244,0.5023,0.3383,0.1193,0.3235,openrainer 2022-08-06 09
openrainer,nearby gmz,radar,2.0,47127,0.5214,0.1338,-0.3875,-0.7433,0.4572,2.129,4.0836,0.4845,0.332,0.1167,0.318,openrainer 2022-08-06 09
openrainer,rnn idw,radar,2.0,66102,0.5429,0.3184,-0.2245,-0.4136,0.3523,1.5563,2.8666,0.8043,0.7292,0.3108,0.5487,openrainer 2022-08-06 09
openrainer,rnn line,radar,2.0,66102,0.5429,0.3331,-0.2098,-0.3864,0.3527,1.5465,2.8486,0.801,0.7321,0.3252,0.5412,openrainer 2022-08-06 09
openrainer,rnn gmz,radar,2.0,66102,0.5429,0.341,-0.2019,-0.3719,0.3464,1.5168,2.7938,0.8007,0.7249,0.3201,0.5404,openrainer 2022-08-06 09
openrainer,dynamic idw,gauges,2.0,64094,0.1839,0.5803,0.3963,2.1547,0.4745,3.0752,16.7192,0.4645,0.8333,0.6698,0.3097,openrainer 2022-08-06 09
openrainer,dynamic line,gauges,2.0,64096,0.1846,0.4976,0.313,1.6958,0.4022,2.1634,11.7201,0.4532,0.842,0.6684,0.3122,openrainer 2022-08-06 09
openrainer,dynamic gmz,gauges,2.0,64096,0.1846,0.5338,0.3492,1.8917,0.4462,2.5561,13.8476,0.4322,0.8189,0.6755,0.3028,openrainer 2022-08-06 09
openrainer,constant idw,gauges,2.0,64094,0.1839,0.291,0.1071,0.5823,0.2784,2.3004,12.5068,0.4603,0.4924,0.3215,0.3993,openrainer 2022-08-06 09
openrainer,constant line,gauges,2.0,64096,0.1846,0.2508,0.0662,0.3585,0.2459,1.6937,9.1754,0.429,0.5135,0.3293,0.4101,openrainer 2022-08-06 09
openrainer,constant gmz,gauges,2.0,64096,0.1846,0.271,0.0864,0.468,0.2693,2.006,10.8676,0.4124,0.5003,0.3308,0.4011,openrainer 2022-08-06 09
openrainer,pycomlink idw,gauges,2.0,64094,0.1839,0.2618,0.0778,0.4232,0.2038,2.368,12.8743,0.49,0.7067,0.2518,0.5709,openrainer 2022-08-06 09
openrainer,pycomlink line,gauges,2.0,64096,0.1846,0.2329,0.0483,0.2618,0.1857,1.7033,9.2279,0.4585,0.7149,0.2598,0.5715,openrainer 2022-08-06 09
openrainer,pycomlink gmz,gauges,2.0,64096,0.1846,0.2514,0.0668,0.362,0.2083,2.0817,11.2774,0.4304,0.6887,0.2662,0.551,openrainer 2022-08-06 09
openrainer,nearby idw,gauges,2.0,44091,0.1756,0.1331,-0.0424,-0.2417,0.1405,1.0454,5.955,0.6613,0.4379,0.1199,0.4132,openrainer 2022-08-06 09
openrainer,nearby line,gauges,2.0,46989,0.1828,0.1292,-0.0536,-0.2933,0.1535,1.064,5.8209,0.5925,0.4308,0.1429,0.402,openrainer 2022-08-06 09
openrainer,nearby gmz,gauges,2.0,46989,0.1828,0.1335,-0.0493,-0.2699,0.1584,1.1505,6.2945,0.5679,0.4229,0.14,0.3957,openrainer 2022-08-06 09
openrainer,rnn idw,gauges,2.0,64096,0.1846,0.3198,0.1352,0.7326,0.215,0.9484,5.138,0.7264,0.8512,0.4017,0.5417,openrainer 2022-08-06 09
openrainer,rnn line,gauges,2.0,64096,0.1846,0.335,0.1504,0.8149,0.2295,1.0087,5.4646,0.7053,0.8568,0.413,0.5346,openrainer 2022-08-06 09
openrainer,rnn gmz,gauges,2.0,64096,0.1846,0.343,0.1584,0.8583,0.2366,1.0815,5.8588,0.6988,0.8494,0.4077,0.536,openrainer 2022-08-06 09
openrainer,gauges,radar,,488187,0.4865,0.1551,-0.3314,-0.6813,0.3765,1.8315,3.7645,0.6865,0.5842,0.1176,0.542,openrainer 2022-08-06 09
openrainer,dynamic idw,radar,,275571,0.5445,0.7418,0.1973,0.3624,0.8441,3.7976,6.9745,0.3576,0.6937,0.67,0.288,openrainer 2022-08-06 09
openrainer,dynamic line,radar,,323815,0.537,0.6309,0.0939,0.1748,0.7566,2.9766,5.5428,0.3501,0.7196,0.69,0.2766,openrainer 2022-08-06 09
openrainer,dynamic gmz,radar,,323815,0.537,0.6793,0.1422,0.2649,0.8042,3.286,6.1189,0.3351,0.7032,0.6937,0.2713,openrainer 2022-08-06 09
openrainer,constant idw,radar,,275571,0.5445,0.3476,-0.1969,-0.3617,0.6562,3.1497,5.7845,0.3108,0.353,0.3636,0.2938,openrainer 2022-08-06 09
openrainer,constant line,radar,,323815,0.537,0.2885,-0.2485,-0.4628,0.6064,2.6897,5.0086,0.2885,0.378,0.3754,0.308,openrainer 2022-08-06 09
openrainer,constant gmz,radar,,323815,0.537,0.3133,-0.2237,-0.4166,0.6278,2.8759,5.3552,0.2815,0.3704,0.3836,0.301,openrainer 2022-08-06 09
openrainer,pycomlink idw,radar,,275571,0.5445,0.2651,-0.2794,-0.5131,0.5244,3.0742,5.6459,0.3546,0.5269,0.2396,0.4519,openrainer 2022-08-06 09
openrainer,pycomlink line,radar,,323815,0.537,0.2288,-0.3082,-0.574,0.5019,2.5577,4.7628,0.3444,0.5372,0.2623,0.4511,openrainer 2022-08-06 09
openrainer,pycomlink gmz,radar,,323815,0.537,0.2466,-0.2904,-0.5409,0.5168,2.7622,5.1436,0.3283,0.5252,0.2642,0.4419,openrainer 2022-08-06 09
openrainer,nearby idw,radar,,139372,0.5131,0.1559,-0.3572,-0.6961,0.473,2.2776,4.4393,0.413,0.3332,0.1481,0.3149,openrainer 2022-08-06 09
openrainer,nearby line,radar,,171005,0.5457,0.1458,-0.3999,-0.7329,0.5078,2.3755,4.3531,0.3808,0.3331,0.1725,0.3115,openrainer 2022-08-06 09
openrainer,nearby gmz,radar,,171005,0.5457,0.1498,-0.3959,-0.7255,0.51,2.3871,4.3743,0.3791,0.3254,0.1706,0.305,openrainer 2022-08-06 09
openrainer,rnn idw,radar,,275586,0.5456,0.2871,-0.2585,-0.4738,0.416,1.8475,3.3859,0.6726,0.6553,0.3573,0.4803,openrainer 2022-08-06 09
openrainer,rnn line,radar,,323817,0.5372,0.2972,-0.2399,-0.4467,0.4226,1.8796,3.499,0.6481,0.6556,0.3901,0.4619,openrainer 2022-08-06 09
openrainer,rnn gmz,radar,,323817,0.5372,0.3038,-0.2334,-0.4344,0.4208,1.8723,3.4855,0.6457,0.6496,0.3853,0.4616,openrainer 2022-08-06 09
openrainer,dynamic idw,gauges,,261735,0.1761,0.7419,0.5658,3.2134,0.6638,3.756,21.3314,0.3786,0.8058,0.7179,0.2642,openrainer 2022-08-06 09
openrainer,dynamic line,gauges,,301973,0.1728,0.6242,0.4513,2.6115,0.5577,2.6819,15.5179,0.357,0.8298,0.7373,0.2493,openrainer 2022-08-06 09
openrainer,dynamic gmz,gauges,,301973,0.1728,0.6718,0.499,2.8871,0.6088,3.0847,17.8488,0.3422,0.8136,0.7395,0.2458,openrainer 2022-08-06 09
openrainer,constant idw,gauges,,261735,0.1761,0.3579,0.1818,1.0325,0.3664,2.7699,15.731,0.3595,0.4609,0.415,0.3473,openrainer 2022-08-06 09
openrainer,constant line,gauges,,301973,0.1728,0.2988,0.126,0.7292,0.3131,2.0316,11.7554,0.3241,0.4934,0.4344,0.3578,openrainer 2022-08-06 09
openrainer,constant gmz,gauges,,301973,0.1728,0.325,0.1522,0.8806,0.3404,2.3365,13.5195,0.3144,0.4839,0.4422,0.3497,openrainer 2022-08-06 09
openrainer,pycomlink idw,gauges,,261735,0.1761,0.2682,0.0921,0.5232,0.2388,2.7453,15.5914,0.3966,0.6796,0.2991,0.5268,openrainer 2022-08-06 09
openrainer,pycomlink line,gauges,,301973,0.1728,0.2314,0.0586,0.3389,0.2121,1.9077,11.0383,0.3722,0.6944,0.3237,0.5212,openrainer 2022-08-06 09
openrainer,pycomlink gmz,gauges,,301973,0.1728,0.25,0.0771,0.4463,0.232,2.2455,12.9926,0.354,0.6805,0.3241,0.5131,openrainer 2022-08-06 09
openrainer,nearby idw,gauges,,136957,0.1742,0.1559,-0.0183,-0.1048,0.1715,1.3456,7.7244,0.5608,0.4277,0.1835,0.3902,openrainer 2022-08-06 09
openrainer,nearby line,gauges,,166796,0.1838,0.1456,-0.0382,-0.2079,0.1794,1.2654,6.8845,0.5059,0.428,0.2113,0.384,openrainer 2022-08-06 09
openrainer,nearby gmz,gauges,,166796,0.1838,0.1492,-0.0346,-0.1882,0.1837,1.3147,7.1525,0.492,0.4177,0.2109,0.3757,openrainer 2022-08-06 09
openrainer,rnn idw,gauges,,261750,0.1772,0.289,0.1118,0.6309,0.2201,1.0133,5.719,0.6499,0.8022,0.4469,0.4867,openrainer 2022-08-06 09
openrainer,rnn line,gauges,,301975,0.173,0.3001,0.1272,0.7351,0.2375,1.0758,6.2194,0.6063,0.8029,0.4829,0.4588,openrainer 2022-08-06 09
openrainer,rnn gmz,gauges,,301975,0.173,0.3069,0.1339,0.7743,0.243,1.1384,6.5813,0.5979,0.7983,0.4768,0.4621,openrainer 2022-08-06 09
openrainer,gauges,radar,2.0,50429,1.2109,0.9204,-0.2904,-0.2399,0.6642,1.8409,1.5203,0.8236,0.7192,0.1209,0.6544,openrainer 2022-08-17 10
openrainer,dynamic idw,radar,2.0,49161,1.197,1.3814,0.1844,0.154,0.8991,2.7929,2.3332,0.7135,0.8329,0.4136,0.5246,openrainer 2022-08-17 10
openrainer,dynamic line,radar,2.0,49164,1.1969,1.3077,0.1108,0.0926,0.8702,2.6728,2.233,0.706,0.8459,0.4238,0.5215,openrainer 2022-08-17 10
openrainer,dynamic gmz,radar,2.0,49164,1.1969,1.3377,0.1407,0.1176,0.9128,2.8753,2.4022,0.6869,0.829,0.4275,0.512,openrainer 2022-08-17 10
openrainer,constant idw,radar,2.0,49161,1.197,0.8156,-0.3814,-0.3186,0.7661,2.3752,1.9843,0.7153,0.5608,0.0903,0.5312,openrainer 2022-08-17 10
openrainer,constant line,radar,2.0,49164,1.1969,0.8163,-0.3807,-0.318,0.7756,2.4251,2.0261,0.6967,0.5808,0.1006,0.5454,openrainer 2022-08-17 10
openrainer,constant gmz,radar,2.0,49164,1.1969,0.8358,-0.3612,-0.3017,0.7947,2.592,2.1655,0.6755,0.5683,0.1006,0.5343,openrainer 2022-08-17 10
openrainer,pycomlink idw,radar,2.0,49161,1.197,0.8746,-0.3224,-0.2694,0.7284,2.378,1.9866,0.725,0.6371,0.1186,0.5868,openrainer 2022-08-17 10
openrainer,pycomlink line,radar,2.0,49164,1.1969,0.8423,-0.3546,-0.2963,0.7341,2.3639,1.9749,0.714,0.6403,0.1234,0.5873,openrainer 2022-08-17 10
openrainer,pycomlink gmz,radar,2.0,49164,1.1969,0.8568,-0.3402,-0.2842,0.7515,2.4776,2.07,0.7013,0.6287,0.1233,0.5777,openrainer 2022-08-17 10
openrainer,nearby idw,radar,2.0,34452,1.1751,0.6385,-0.5366,-0.4567,0.7745,2.2332,1.9005,0.7007,0.4909,0.0686,0.4737,openrainer 2022-08-17 10
openrainer,nearby line,radar,2.0,36504,1.1786,0.5933,-0.5853,-0.4966,0.7967,2.2671,1.9235,0.6851,0.4917,0.0728,0.4734,openrainer 2022-08-17 10
openrainer,nearby gmz,radar,2.0,36504,1.1786,0.591,-0.5876,-0.4986,0.8007,2.3264,1.9739,0.6692,0.4814,0.0709,0.4644,openrainer 2022-08-17 10
openrainer,rnn idw,radar,2.0,52056,1.218,1.2295,0.0115,0.0094,0.6801,1.7279,1.4187,0.8346,0.7816,0.2761,0.6021,openrainer 2022-08-17 10
openrainer,rnn line,radar,2.0,52056,1.218,1.254,0.036,0.0296,0.694,1.7648,1.449,0.8284,0.7854,0.2745,0.6055,openrainer 2022-08-17 10
openrainer,rnn gmz,radar,2.0,52056,1.218,1.264,0.0461,0.0378,0.7023,1.7873,1.4675,0.8276,0.7772,0.2734,0.6013,openrainer 2022-08-17 10
openrainer,dynamic idw,gauges,2.0,47624,0.922,1.3716,0.4496,0.4877,0.7716,2.5458,2.7612,0.7761,0.9032,0.453,0.5167,openrainer 2022-08-17 10
openrainer,dynamic line,gauges,2.0,47627,0.9219,1.2964,0.3745,0.4062,0.7331,2.4566,2.6646,0.761,0.9123,0.4655,0.5084,openrainer 2022-08-17 10
openrainer,dynamic gmz,gauges,2.0,47627,0.9219,1.3267,0.4047,0.439,0.7821,2.698,2.9264,0.735,0.8962,0.4674,0.5016,openrainer 2022-08-17 10
openrainer,constant idw,gauges,2.0,47624,0.922,0.8092,-0.1128,-0.1224,0.4744,1.9456,2.1102,0.805,0.6516,0.0927,0.6109,openrainer 2022-08-17 10
openrainer,constant line,gauges,2.0,47627,0.9219,0.8098,-0.1122,-0.1217,0.4933,2.0799,2.256,0.7721,0.6766,0.1017,0.6284,openrainer 2022-08-17 10
openrainer,constant gmz,gauges,2.0,47627,0.9219,0.8287,-0.0933,-0.1012,0.517,2.2954,2.4898,0.7416,0.6626,0.1006,0.6169,openrainer 2022-08-17 10
openrainer,pycomlink idw,gauges,2.0,47624,0.922,0.8718,-0.0502,-0.0545,0.4619,1.9676,2.1341,0.8099,0.7414,0.125,0.6704,openrainer 2022-08-17 10
openrainer,pycomlink line,gauges,2.0,47627,0.9219,0.8388,-0.0832,-0.0902,0.4712,2.0163,2.1871,0.7881,0.7416,0.1337,0.6655,openrainer 2022-08-17 10
openrainer,pycomlink gmz,gauges,2.0,47627,0.9219,0.853,-0.069,-0.0748,0.4929,2.1707,2.3545,0.7677,0.7283,0.1329,0.6552,openrainer 2022-08-17 10
openrainer,nearby idw,gauges,2.0,34398,0.8738,0.6383,-0.2355,-0.2696,0.4688,1.8592,2.1277,0.7808,0.6083,0.0495,0.5896,openrainer 2022-08-17 10
openrainer,nearby line,gauges,2.0,36396,0.8769,0.5928,-0.2841,-0.324,0.4935,1.9834,2.2618,0.7472,0.6091,0.0547,0.5883,openrainer 2022-08-17 10
openrainer,nearby gmz,gauges,2.0,36396,0.8769,0.5905,-0.2864,-0.3266,0.5099,2.0682,2.3585,0.7242,0.5966,0.0524,0.5775,openrainer 2022-08-17 10
openrainer,rnn idw,gauges,2.0,50429,0.9204,1.2322,0.3118,0.3388,0.693,1.8944,2.0581,0.8053,0.8766,0.3389,0.6048,openrainer 2022-08-17 10
openrainer,rnn line,gauges,2.0,50429,0.9204,1.2575,0.3371,0.3662,0.7176,1.9362,2.1036,0.7985,0.8774,0.3401,0.6042,openrainer 2022-08-17 10
openrainer,rnn gmz,gauges,2.0,50429,0.9204,1.2661,0.3457,0.3756,0.7271,1.972,2.1425,0.7953,0.8725,0.3354,0.6057,openrainer 2022-08-17 10
openrainer,gauges,radar,,378814,1.342,1.0719,-0.2701,-0.2013,0.7741,2.1885,1.6307,0.7959,0.7368,0.1017,0.6801,openrainer 2022-08-17 10
openrainer,dynamic idw,radar,,207269,1.2551,1.7402,0.4851,0.3865,1.2387,3.9686,3.1621,0.6397,0.8193,0.4223,0.5124,openrainer 2022-08-17 10
openrainer,dynamic line,radar,,242707,1.2716,1.6248,0.3532,0.2778,1.1619,3.6581,2.8768,0.6354,0.8428,0.4401,0.5069,openrainer 2022-08-17 10
openrainer,dynamic gmz,radar,,242707,1.2716,1.6703,0.3987,0.3136,1.214,3.872,3.0449,0.6199,0.8278,0.4415,0.5003,openrainer 2022-08-17 10
openrainer,constant idw,radar,,207269,1.2551,0.9619,-0.2931,-0.2336,0.935,3.1955,2.5461,0.6276,0.5494,0.1004,0.5176,openrainer 2022-08-17 10
openrainer,constant line,radar,,242707,1.2716,0.9674,-0.3042,-0.2392,0.9363,3.1123,2.4475,0.6242,0.5826,0.1145,0.5418,openrainer 2022-08-17 10
openrainer,constant gmz,radar,,242707,1.2716,0.9896,-0.282,-0.2218,0.9544,3.2315,2.5412,0.6149,0.5726,0.1136,0.5335,openrainer 2022-08-17 10
openrainer,pycomlink idw,radar,,207269,1.2551,1.0482,-0.2068,-0.1648,0.9084,3.3163,2.6423,0.6349,0.6391,0.1209,0.5874,openrainer 2022-08-17 10
openrainer,pycomlink line,radar,,242707,1.2716,1.0165,-0.2551,-0.2006,0.9081,3.1942,2.5119,0.628,0.6512,0.1327,0.5922,openrainer 2022-08-17 10
openrainer,pycomlink gmz,radar,,242707,1.2716,1.0344,-0.2372,-0.1865,0.9247,3.2858,2.584,0.6223,0.6411,0.1317,0.5843,openrainer 2022-08-17 10
openrainer,nearby idw,radar,,109790,1.2373,0.7645,-0.4728,-0.3821,0.8944,2.6296,2.1252,0.6408,0.4971,0.0882,0.4743,openrainer 2022-08-17 10
openrainer,nearby line,radar,,133991,1.2245,0.6927,-0.5319,-0.4343,0.8831,2.5186,2.0567,0.6376,0.5054,0.1032,0.4776,openrainer 2022-08-17 10
openrainer,nearby gmz,radar,,133991,1.2245,0.6897,-0.5348,-0.4367,0.8899,2.5668,2.0961,0.627,0.4942,0.096,0.4695,openrainer 2022-08-17 10
openrainer,rnn idw,radar,,219726,1.2628,1.2392,-0.0236,-0.0187,0.7907,1.9815,1.5692,0.7865,0.7632,0.2831,0.5865,openrainer 2022-08-17 10
openrainer,rnn line,radar,,257040,1.2747,1.2664,-0.0083,-0.0065,0.82,2.0553,1.6124,0.7743,0.7698,0.2878,0.5872,openrainer 2022-08-17 10
openrainer,rnn gmz,radar,,257040,1.2747,1.279,0.0043,0.0033,0.8295,2.0818,1.6332,0.7725,0.7634,0.2882,0.5831,openrainer 2022-08-17 10
openrainer,dynamic idw,gauges,,195021,1.0044,1.7369,0.7325,0.7294,1.1169,3.6189,3.6032,0.7341,0.8895,0.4569,0.5088,openrainer 2022-08-17 10
openrainer,dynamic line,gauges,,224033,1.0289,1.6153,0.5864,0.57,1.0344,3.3272,3.2338,0.7233,0.9051,0.478,0.4949,openrainer 2022-08-17 10
openrainer,dynamic gmz,gauges,,224033,1.0289,1.6629,0.634,0.6162,1.0895,3.5475,3.4479,0.7056,0.8925,0.4772,0.4919,openrainer 2022-08-17 10
openrainer,constant idw,gauges,,195021,1.0044,0.9632,-0.0412,-0.041,0.6406,2.6596,2.6481,0.7578,0.6394,0.1048,0.5949,openrainer 2022-08-17 10
openrainer,constant line,gauges,,224033,1.0289,0.967,-0.0619,-0.0602,0.6616,2.6665,2.5917,0.7389,0.675,0.1221,0.617,openrainer 2022-08-17 10
openrainer,constant gmz,gauges,,224033,1.0289,0.9887,-0.0401,-0.039,0.6817,2.7988,2.7202,0.7256,0.6654,0.1198,0.6102,openrainer 2022-08-17 10
openrainer,pycomlink idw,gauges,,195021,1.0044,1.0544,0.0501,0.0499,0.6425,2.7823,2.7702,0.7626,0.7421,0.1327,0.6664,openrainer 2022-08-17 10
openrainer,pycomlink line,gauges,,224033,1.0289,1.0207,-0.0082,-0.0079,0.6515,2.7302,2.6536,0.744,0.7538,0.1477,0.6667,openrainer 2022-08-17 10
openrainer,pycomlink gmz,gauges,,224033,1.0289,1.0395,0.0107,0.0104,0.6707,2.8283,2.7489,0.7356,0.7448,0.146,0.6606,openrainer 2022-08-17 10
openrainer,nearby idw,gauges,,107840,0.9217,0.7702,-0.1515,-0.1644,0.5749,2.1884,2.3742,0.7421,0.6149,0.0751,0.5856,openrainer 2022-08-17 10
openrainer,nearby line,gauges,,130652,0.9284,0.6989,-0.2295,-0.2472,0.5845,2.1981,2.3675,0.7203,0.6212,0.0953,0.5831,openrainer 2022-08-17 10
openrainer,nearby gmz,gauges,,130652,0.9284,0.6963,-0.2322,-0.2501,0.5994,2.2668,2.4415,0.7048,0.6106,0.0871,0.577,openrainer 2022-08-17 10
openrainer,rnn idw,gauges,,206710,0.9959,1.2508,0.2549,0.2559,0.7923,2.3119,2.3215,0.7378,0.8536,0.3446,0.5892,openrainer 2022-08-17 10
openrainer,rnn line,gauges,,237265,1.018,1.2812,0.2632,0.2586,0.835,2.4024,2.36,0.7261,0.8555,0.3527,0.5835,openrainer 2022-08-17 10
openrainer,rnn gmz,gauges,,237265,1.018,1.2932,0.2752,0.2704,0.8458,2.4361,2.3931,0.7221,0.8504,0.3512,0.5823,openrainer 2022-08-17 10
openrainer,gauges,radar,2.0,46308,0.6806,0.3559,-0.3247,-0.4771,0.4532,1.792,2.6328,0.7555,0.6953,0.1936,0.5958,openrainer 2022-08-30 11
openrainer,dynamic idw,radar,2.0,47838,0.6718,0.7218,0.05,0.0744,0.6666,2.4683,3.6739,0.58,0.7776,0.5422,0.4048,openrainer 2022-08-30 11
openrainer,dynamic line,radar,2.0,47838,0.6718,0.6465,-0.0253,-0.0377,0.6308,2.2907,3.4097,0.5773,0.7936,0.549,0.4037,openrainer 2022-08-30 11
openrainer,dynamic gmz,radar,2.0,47838,0.6718,0.6827,0.0109,0.0162,0.6525,2.4637,3.6672,0.5615,0.771,0.5546,0.3934,openrainer 2022-08-30 11
openrainer,constant idw,radar,2.0,47838,0.6718,0.4788,-0.193,-0.2873,0.6749,3.1376,4.6702,0.3984,0.453,0.253,0.3928,openrainer 2022-08-30 11
openrainer,constant line,radar,2.0,47838,0.6718,0.4278,-0.2441,-0.3633,0.6516,2.9995,4.4647,0.3768,0.4717,0.2626,0.4038,openrainer 2022-08-30 11
openrainer,constant gmz,radar,2.0,47838,0.6718,0.469,-0.2029,-0.3019,0.6777,3.2947,4.904,0.3617,0.4583,0.2671,0.3927,openrainer 2022-08-30 11
openrainer,pycomlink idw,radar,2.0,47838,0.6718,0.4438,-0.2281,-0.3395,0.5795,2.6952,4.0117,0.486,0.5847,0.221,0.5015,openrainer 2022-08-30 11
openrainer,pycomlink line,radar,2.0,47838,0.6718,0.3891,-0.2828,-0.4209,0.5637,2.5635,3.8157,0.4703,0.5764,0.2254,0.4936,openrainer 2022-08-30 11
openrainer,pycomlink gmz,radar,2.0,47838,0.6718,0.4175,-0.2543,-0.3785,0.5776,2.7686,4.1209,0.4529,0.5622,0.2292,0.4817,openrainer 2022-08-30 11
openrainer,nearby idw,radar,2.0,30756,0.7533,0.2936,-0.4598,-0.6103,0.5813,2.1292,2.8264,0.6579,0.3945,0.122,0.374,openrainer 2022-08-30 11
openrainer,nearby line,radar,2.0,33150,0.7424,0.2489,-0.4935,-0.6648,0.5912,2.1966,2.9587,0.6384,0.3996,0.1497,0.3733,openrainer 2022-08-30 11
openrainer,nearby gmz,radar,2.0,33150,0.7424,0.249,-0.4934,-0.6646,0.5832,2.1745,2.9288,0.6425,0.382,0.1273,0.3619,openrainer 2022-08-30 11
openrainer,rnn idw,radar,2.0,47838,0.6718,0.539,-0.1328,-0.1977,0.4646,1.6624,2.4743,0.7741,0.7498,0.3652,0.5239,openrainer 2022-08-30 11
openrainer,rnn line,radar,2.0,47838,0.6718,0.5581,-0.1138,-0.1694,0.4747,1.6765,2.4954,0.768,0.7552,0.3783,0.5175,openrainer 2022-08-30 11
openrainer,rnn gmz,radar,2.0,47838,0.6718,0.5656,-0.1063,-0.1582,0.4681,1.6588,2.4691,0.772,0.7482,0.3742,0.5169,openrainer 2022-08-30 11
openrainer,dynamic idw,gauges,2.0,47216,0.3598,0.7195,0.3598,1.0,0.5394,2.2971,6.3853,0.5795,0.8246,0.5638,0.3992,openrainer 2022-08-30 11
openrainer,dynamic line,gauges,2.0,47216,0.3598,0.6415,0.2818,0.7832,0.4819,1.9666,5.4666,0.5766,0.8402,0.5713,0.3964,openrainer 2022-08-30 11
openrainer,dynamic gmz,gauges,2.0,47216,0.3598,0.6767,0.317,0.8811,0.5252,2.2605,6.2835,0.5464,0.8121,0.5781,0.3844,openrainer 2022-08-30 11
openrainer,constant idw,gauges,2.0,47216,0.3598,0.4844,0.1247,0.3465,0.4433,2.8184,7.8343,0.4185,0.5241,0.2593,0.4429,openrainer 2022-08-30 11
openrainer,constant line,gauges,2.0,47216,0.3598,0.4315,0.0718,0.1995,0.4078,2.5876,7.1926,0.3964,0.5415,0.2719,0.4504,openrainer 2022-08-30 11
openrainer,constant gmz,gauges,2.0,47216,0.3598,0.4733,0.1135,0.3155,0.4527,2.9847,8.2966,0.37,0.5253,0.278,0.437,openrainer 2022-08-30 11
openrainer,pycomlink idw,gauges,2.0,47216,0.3598,0.449,0.0892,0.248,0.3645,2.3581,6.5548,0.5007,0.6616,0.2442,0.5451,openrainer 2022-08-30 11
openrainer,pycomlink line,gauges,2.0,47216,0.3598,0.3926,0.0328,0.0912,0.3331,2.0969,5.8288,0.4855,0.6498,0.2515,0.5333,openrainer 2022-08-30 11
openrainer,pycomlink gmz,gauges,2.0,47216,0.3598,0.4214,0.0616,0.1713,0.3666,2.4182,6.7219,0.4553,0.6318,0.2561,0.5189,openrainer 2022-08-30 11
openrainer,nearby idw,gauges,2.0,31303,0.4111,0.2934,-0.1177,-0.2863,0.2987,1.3149,3.1982,0.7118,0.4551,0.1035,0.4323,openrainer 2022-08-30 11
openrainer,nearby line,gauges,2.0,33696,0.3973,0.2493,-0.148,-0.3725,0.2867,1.202,3.0252,0.7179,0.4616,0.1386,0.4297,openrainer 2022-08-30 11
openrainer,nearby gmz,gauges,2.0,33696,0.3973,0.2494,-0.1479,-0.3723,0.2928,1.2584,3.1672,0.702,0.4366,0.1222,0.4116,openrainer 2022-08-30 11
openrainer,rnn idw,gauges,2.0,47216,0.3598,0.5492,0.1894,0.5266,0.3502,1.2183,3.3864,0.7664,0.8286,0.4009,0.533,openrainer 2022-08-30 11
openrainer,rnn line,gauges,2.0,47216,0.3598,0.5681,0.2084,0.5792,0.3676,1.2592,3.5002,0.7555,0.835,0.4139,0.5253,openrainer 2022-08-30 11
openrainer,rnn gmz,gauges,2.0,47216,0.3598,0.5759,0.2162,0.6008,0.3741,1.3162,3.6586,0.7537,0.8285,0.4087,0.5268,openrainer 2022-08-30 11
openrainer,gauges,radar,,357239,0.598,0.3013,-0.2967,-0.4962,0.4253,1.6762,2.803,0.7246,0.6738,0.2059,0.5736,openrainer 2022-08-30 11
openrainer,dynamic idw,radar,,204567,0.6163,0.8041,0.1878,0.3048,0.8259,2.7716,4.4974,0.462,0.7401,0.6004,0.3504,openrainer 2022-08-30 11
openrainer,dynamic line,radar,,240483,0.6079,0.7105,0.1026,0.1688,0.7716,2.534,4.1682,0.4458,0.7689,0.632,0.3314,openrainer 2022-08-30 11
openrainer,dynamic gmz,radar,,240483,0.6079,0.7519,0.1439,0.2368,0.8115,2.7642,4.5469,0.423,0.7424,0.6367,0.3226,openrainer 2022-08-30 11
openrainer,constant idw,radar,,204567,0.6163,0.4079,-0.2084,-0.3382,0.6698,3.0934,5.0196,0.3279,0.386,0.3098,0.329,openrainer 2022-08-30 11
openrainer,constant line,radar,,240483,0.6079,0.3696,-0.2383,-0.392,0.6475,2.8897,4.7534,0.3113,0.405,0.3453,0.3337,openrainer 2022-08-30 11
openrainer,constant gmz,radar,,240483,0.6079,0.4061,-0.2018,-0.332,0.6808,3.2258,5.3063,0.2872,0.3933,0.3561,0.3231,openrainer 2022-08-30 11
openrainer,pycomlink idw,radar,,204567,0.6163,0.3947,-0.2216,-0.3596,0.5958,2.7017,4.384,0.4103,0.5279,0.2733,0.4405,openrainer 2022-08-30 11
openrainer,pycomlink line,radar,,240483,0.6079,0.3484,-0.2595,-0.4269,0.58,2.5342,4.1686,0.3924,0.5164,0.3044,0.4212,openrainer 2022-08-30 11
openrainer,pycomlink gmz,radar,,240483,0.6079,0.3729,-0.2351,-0.3867,0.6014,2.7759,4.5662,0.3658,0.5044,0.3106,0.411,openrainer 2022-08-30 11
openrainer,nearby idw,radar,,98615,0.7094,0.2819,-0.4275,-0.6027,0.6072,2.2455,3.1654,0.5495,0.3712,0.1871,0.342,openrainer 2022-08-30 11
openrainer,nearby line,radar,,122556,0.6989,0.2399,-0.459,-0.6568,0.6079,2.2717,3.2505,0.5257,0.377,0.2274,0.3394,openrainer 2022-08-30 11
openrainer,nearby gmz,radar,,122556,0.6989,0.2388,-0.4601,-0.6584,0.6043,2.28,3.2624,0.5223,0.3626,0.2106,0.3306,openrainer 2022-08-30 11
openrainer,rnn idw,radar,,204714,0.618,0.4734,-0.1447,-0.2341,0.5266,1.8668,3.0205,0.6404,0.6703,0.4186,0.4521,openrainer 2022-08-30 11
openrainer,rnn line,radar,,240567,0.6088,0.4845,-0.1244,-0.2043,0.5511,1.9294,3.169,0.6086,0.6615,0.4524,0.4277,openrainer 2022-08-30 11
openrainer,rnn gmz,radar,,240567,0.6088,0.4926,-0.1162,-0.1909,0.5499,1.9346,3.1774,0.612,0.6574,0.45,0.4275,openrainer 2022-08-30 11
openrainer,dynamic idw,gauges,,195865,0.3208,0.7979,0.4771,1.4873,0.6773,2.5582,7.9746,0.4956,0.794,0.6182,0.3474,openrainer 2022-08-30 11
openrainer,dynamic line,gauges,,225970,0.3171,0.7025,0.3854,1.2156,0.6023,2.185,6.8917,0.4823,0.8158,0.6523,0.3224,openrainer 2022-08-30 11
openrainer,dynamic gmz,gauges,,225970,0.3171,0.743,0.426,1.3436,0.6487,2.4936,7.865,0.4544,0.7892,0.6558,0.3152,openrainer 2022-08-30 11
openrainer,constant idw,gauges,,195865,0.3208,0.4178,0.097,0.3024,0.4281,2.7318,8.5157,0.3799,0.4666,0.3035,0.3878,openrainer 2022-08-30 11
openrainer,constant line,gauges,,225970,0.3171,0.38,0.063,0.1986,0.4017,2.4569,7.7491,0.3583,0.4903,0.341,0.3911,openrainer 2022-08-30 11
openrainer,constant gmz,gauges,,225970,0.3171,0.4186,0.1016,0.3203,0.4431,2.8938,9.1274,0.3257,0.4769,0.3519,0.3788,openrainer 2022-08-30 11
openrainer,pycomlink idw,gauges,,195865,0.3208,0.4017,0.081,0.2523,0.369,2.3135,7.2116,0.4604,0.6231,0.2801,0.5015,openrainer 2022-08-30 11
openrainer,pycomlink line,gauges,,225970,0.3171,0.3557,0.0386,0.1218,0.3445,2.0411,6.4376,0.4391,0.6138,0.3133,0.4795,openrainer 2022-08-30 11
openrainer,pycomlink gmz,gauges,,225970,0.3171,0.3817,0.0646,0.2039,0.3738,2.3856,7.5243,0.4039,0.5995,0.3173,0.4688,openrainer 2022-08-30 11
openrainer,nearby idw,gauges,,98636,0.3761,0.285,-0.0911,-0.2422,0.313,1.3845,3.6809,0.6554,0.4356,0.1493,0.4047,openrainer 2022-08-30 11
openrainer,nearby line,gauges,,121770,0.3617,0.2432,-0.1185,-0.3275,0.2974,1.268,3.506,0.644,0.4404,0.1993,0.3969,openrainer 2022-08-30 11
openrainer,nearby gmz,gauges,,121770,0.3617,0.2426,-0.1191,-0.3293,0.3013,1.3123,3.6287,0.6339,0.4222,0.1825,0.3858,openrainer 2022-08-30 11
openrainer,rnn idw,gauges,,196012,0.322,0.4818,0.1598,0.4962,0.3631,1.3086,4.0637,0.6881,0.7651,0.4453,0.474,openrainer 2022-08-30 11
openrainer,rnn line,gauges,,226054,0.3176,0.4955,0.1779,0.5602,0.3856,1.3596,4.2809,0.6603,0.762,0.4783,0.4486,openrainer 2022-08-30 11
openrainer,rnn gmz,gauges,,226054,0.3176,0.5041,0.1865,0.5871,0.3924,1.411,4.4426,0.66,0.7577,0.4765,0.4484,openrainer 2022-08-30 11
openrainer,gauges,radar,2.0,32096,1.2437,0.4413,-0.8023,-0.6451,0.8467,2.2146,1.7807,0.8485,0.7696,0.0958,0.7116,openrainer 2022-09-29 10
openrainer,dynamic idw,radar,2.0,33116,1.2287,0.7967,-0.4319,-0.3516,0.9175,2.5893,2.1074,0.5164,0.7389,0.2578,0.588,openrainer 2022-09-29 10
openrainer,dynamic line,radar,2.0,33116,1.2287,0.7236,-0.505,-0.411,0.8979,2.3345,1.9,0.5937,0.7486,0.2556,0.5955,openrainer 2022-09-29 10
openrainer,dynamic gmz,radar,2.0,33116,1.2287,0.7435,-0.4852,-0.3949,0.9194,2.4231,1.9722,0.5587,0.7345,0.2603,0.5837,openrainer 2022-09-29 10
openrainer,constant idw,radar,2.0,33116,1.2287,0.2743,-0.9544,-0.7768,1.0805,2.9109,2.3692,0.3475,0.3526,0.0436,0.347,openrainer 2022-09-29 10
openrainer,constant line,radar,2.0,33116,1.2287,0.2587,-0.97,-0.7895,1.046,2.6565,2.1621,0.4862,0.3806,0.0426,0.3743,openrainer 2022-09-29 10
openrainer,constant gmz,radar,2.0,33116,1.2287,0.2685,-0.9601,-0.7814,1.048,2.7006,2.1981,0.4525,0.3714,0.0454,0.365,openrainer 2022-09-29 10
openrainer,pycomlink idw,radar,2.0,33116,1.2287,0.3888,-0.8398,-0.6835,0.9898,2.8142,2.2904,0.4018,0.5279,0.0802,0.5047,openrainer 2022-09-29 10
openrainer,pycomlink line,radar,2.0,33116,1.2287,0.3508,-0.8778,-0.7145,0.9716,2.5659,2.0884,0.5237,0.5267,0.0834,0.5026,openrainer 2022-09-29 10
openrainer,pycomlink gmz,radar,2.0,33116,1.2287,0.3613,-0.8674,-0.7059,0.9749,2.6179,2.1307,0.4887,0.5204,0.0811,0.4976,openrainer 2022-09-29 10
openrainer,nearby idw,radar,2.0,21984,1.2917,0.2031,-1.0886,-0.8428,1.0983,2.7,2.0903,0.7729,0.3296,0.028,0.3266,openrainer 2022-09-29 10
openrainer,nearby line,radar,2.0,23300,1.2715,0.1912,-1.0803,-0.8496,1.0889,2.7023,2.1254,0.7824,0.3261,0.0327,0.3226,openrainer 2022-09-29 10
openrainer,nearby gmz,radar,2.0,23300,1.2715,0.1872,-1.0843,-0.8528,1.0934,2.7193,2.1387,0.7478,0.3178,0.0341,0.3143,openrainer 2022-09-29 10
openrainer,rnn idw,radar,2.0,33116,1.2287,0.6842,-0.5445,-0.4432,0.7532,1.9036,1.5493,0.8055,0.7562,0.1586,0.6619,openrainer 2022-09-29 10
openrainer,rnn line,radar,2.0,33116,1.2287,0.7125,-0.5162,-0.4201,0.7456,1.8942,1.5417,0.7976,0.7655,0.1596,0.6683,openrainer 2022-09-29 10
openrainer,rnn gmz,radar,2.0,33116,1.2287,0.7196,-0.5091,-0.4144,0.7484,1.8993,1.5459,0.7881,0.7545,0.1557,0.6623,openrainer 2022-09-29 10
openrainer,dynamic idw,gauges,2.0,32096,0.4413,0.789,0.3476,0.7877,0.4666,1.9357,4.386,0.561,0.8127,0.2942,0.6071,openrainer 2022-09-29 10
openrainer,dynamic line,gauges,2.0,32096,0.4413,0.7139,0.2726,0.6176,0.3981,1.4169,3.2104,0.6473,0.8194,0.2957,0.6097,openrainer 2022-09-29 10
openrainer,dynamic gmz,gauges,2.0,32096,0.4413,0.7325,0.2911,0.6596,0.4341,1.5857,3.593,0.6068,0.806,0.2982,0.6003,openrainer 2022-09-29 10
openrainer,constant idw,gauges,2.0,32096,0.4413,0.2776,-0.1637,-0.3709,0.3195,1.6453,3.7278,0.3873,0.4157,0.0494,0.4069,openrainer 2022-09-29 10
openrainer,constant line,gauges,2.0,32096,0.4413,0.2615,-0.1799,-0.4076,0.2826,1.1524,2.6111,0.5323,0.4476,0.0518,0.4369,openrainer 2022-09-29 10
openrainer,constant gmz,gauges,2.0,32096,0.4413,0.2717,-0.1697,-0.3844,0.2935,1.2816,2.9039,0.4937,0.437,0.0537,0.4264,openrainer 2022-09-29 10
openrainer,pycomlink idw,gauges,2.0,32096,0.4413,0.3945,-0.0468,-0.1061,0.2723,1.6862,3.8205,0.4479,0.6184,0.0912,0.5823,openrainer 2022-09-29 10
openrainer,pycomlink line,gauges,2.0,32096,0.4413,0.3553,-0.086,-0.195,0.2402,1.1579,2.6236,0.5782,0.6142,0.0982,0.5756,openrainer 2022-09-29 10
openrainer,pycomlink gmz,gauges,2.0,32096,0.4413,0.3664,-0.0749,-0.1698,0.2587,1.3042,2.9551,0.5362,0.6049,0.0995,0.567,openrainer 2022-09-29 10
openrainer,nearby idw,gauges,2.0,21950,0.4364,0.2031,-0.2333,-0.5346,0.2628,0.6306,1.4451,0.812,0.3966,0.0221,0.3931,openrainer 2022-09-29 10
openrainer,nearby line,gauges,2.0,23232,0.4351,0.1911,-0.2439,-0.5606,0.2629,0.6234,1.4329,0.8273,0.3904,0.0271,0.3862,openrainer 2022-09-29 10
openrainer,nearby gmz,gauges,2.0,23232,0.4351,0.1871,-0.2479,-0.5699,0.2749,0.6729,1.5468,0.7818,0.3804,0.0287,0.3762,openrainer 2022-09-29 10
openrainer,rnn idw,gauges,2.0,32096,0.4413,0.6946,0.2532,0.5738,0.3483,0.8616,1.9522,0.8817,0.8521,0.2036,0.6996,openrainer 2022-09-29 10
openrainer,rnn line,gauges,2.0,32096,0.4413,0.7239,0.2826,0.6402,0.3723,0.9267,2.0997,0.8755,0.8588,0.2083,0.7005,openrainer 2022-09-29 10
openrainer,rnn gmz,gauges,2.0,32096,0.4413,0.7309,0.2896,0.6562,0.3835,0.991,2.2453,0.8631,0.8486,0.2029,0.6978,openrainer 2022-09-29 10
openrainer,gauges,radar,,234936,1.2057,0.4673,-0.7383,-0.6124,0.8219,2.038,1.6903,0.7735,0.776,0.0993,0.7148,openrainer 2022-09-29 10
openrainer,dynamic idw,radar,,138618,1.2244,0.9059,-0.3186,-0.2602,1.0144,2.4447,1.9965,0.5399,0.7247,0.2913,0.5584,openrainer 2022-09-29 10
openrainer,dynamic line,radar,,161976,1.2055,0.814,-0.3915,-0.3247,0.9713,2.2577,1.8729,0.577,0.753,0.3085,0.5637,openrainer 2022-09-29 10
openrainer,dynamic gmz,radar,,161976,1.2055,0.8375,-0.368,-0.3053,0.9983,2.3256,1.9291,0.5518,0.7377,0.3097,0.5543,openrainer 2022-09-29 10
openrainer,constant idw,radar,,138618,1.2244,0.2571,-0.9674,-0.79,1.0634,2.617,2.1373,0.4644,0.3177,0.0545,0.312,openrainer 2022-09-29 10
openrainer,constant line,radar,,161976,1.2055,0.2428,-0.9627,-0.7986,1.0274,2.4679,2.0472,0.5794,0.3517,0.0569,0.3444,openrainer 2022-09-29 10
openrainer,constant gmz,radar,,161976,1.2055,0.2522,-0.9533,-0.7908,1.0259,2.4739,2.0521,0.5579,0.3441,0.061,0.3366,openrainer 2022-09-29 10
openrainer,pycomlink idw,radar,,138618,1.2244,0.3843,-0.8401,-0.6861,0.9748,2.4912,2.0346,0.5202,0.5035,0.0915,0.4792,openrainer 2022-09-29 10
openrainer,pycomlink line,radar,,161976,1.2055,0.3385,-0.867,-0.7192,0.9594,2.3699,1.9659,0.6072,0.5033,0.093,0.4786,openrainer 2022-09-29 10
openrainer,pycomlink gmz,radar,,161976,1.2055,0.349,-0.8565,-0.7105,0.9578,2.3799,1.9742,0.5863,0.4983,0.094,0.4738,openrainer 2022-09-29 10
openrainer,nearby idw,radar,,69050,1.3835,0.242,-1.1414,-0.8251,1.1681,2.8307,2.0461,0.6969,0.3395,0.0498,0.3335,openrainer 2022-09-29 10
openrainer,nearby line,radar,,84562,1.3568,0.221,-1.1359,-0.8371,1.158,2.8137,2.0737,0.7306,0.3445,0.0537,0.3379,openrainer 2022-09-29 10
openrainer,nearby gmz,radar,,84562,1.3568,0.2197,-1.1372,-0.8381,1.1611,2.8257,2.0826,0.6934,0.3345,0.0569,0.3279,openrainer 2022-09-29 10
openrainer,rnn idw,radar,,138618,1.2244,0.6508,-0.5737,-0.4685,0.8111,1.9735,1.6118,0.7519,0.7122,0.1728,0.62,openrainer 2022-09-29 10
openrainer,rnn line,radar,,161976,1.2055,0.6623,-0.5432,-0.4506,0.7997,1.9542,1.6211,0.7386,0.7156,0.176,0.6207,openrainer 2022-09-29 10
openrainer,rnn gmz,radar,,161976,1.2055,0.6676,-0.5379,-0.4462,0.8029,1.9605,1.6263,0.731,0.7057,0.1736,0.6146,openrainer 2022-09-29 10
openrainer,dynamic idw,gauges,,130488,0.4585,0.8817,0.4232,0.9229,0.5987,1.8371,4.0065,0.5917,0.7872,0.3208,0.5738,openrainer 2022-09-29 10
openrainer,dynamic line,gauges,,149460,0.4561,0.7889,0.3328,0.7297,0.5176,1.443,3.1641,0.6257,0.8099,0.3404,0.5712,openrainer 2022-09-29 10
openrainer,dynamic gmz,gauges,,149460,0.4561,0.8117,0.3556,0.7797,0.5512,1.5727,3.4482,0.6009,0.7958,0.3403,0.5642,openrainer 2022-09-29 10
openrainer,constant idw,gauges,,130488,0.4585,0.2584,-0.2001,-0.4365,0.3417,1.2254,2.6725,0.5103,0.3722,0.0558,0.3642,openrainer 2022-09-29 10
openrainer,constant line,gauges,,149460,0.4561,0.2418,-0.2143,-0.4698,0.3118,0.9361,2.0525,0.6265,0.4127,0.0581,0.4025,openrainer 2022-09-29 10
openrainer,constant gmz,gauges,,149460,0.4561,0.2514,-0.2047,-0.4489,0.3194,0.9987,2.1897,0.5998,0.4033,0.0636,0.3926,openrainer 2022-09-29 10
openrainer,pycomlink idw,gauges,,130488,0.4585,0.3894,-0.0692,-0.1508,0.3087,1.2461,2.7175,0.5801,0.5867,0.1007,0.5505,openrainer 2022-09-29 10
openrainer,pycomlink line,gauges,,149460,0.4561,0.342,-0.114,-0.25,0.2799,0.9177,2.0121,0.6709,0.5897,0.1026,0.5524,openrainer 2022-09-29 10
openrainer,pycomlink gmz,gauges,,149460,0.4561,0.3541,-0.102,-0.2236,0.2929,0.9954,2.1826,0.6446,0.5824,0.1074,0.5442,openrainer 2022-09-29 10
openrainer,nearby idw,gauges,,67822,0.471,0.2364,-0.2346,-0.498,0.3112,0.8175,1.7356,0.7125,0.3976,0.0402,0.3911,openrainer 2022-09-29 10
openrainer,nearby line,gauges,,82484,0.4668,0.2116,-0.2552,-0.5467,0.3016,0.7697,1.6488,0.7417,0.4007,0.0461,0.3931,openrainer 2022-09-29 10
openrainer,nearby gmz,gauges,,82484,0.4668,0.2108,-0.256,-0.5485,0.3152,0.8247,1.7667,0.6944,0.3883,0.0498,0.3806,openrainer 2022-09-29 10
openrainer,rnn idw,gauges,,130488,0.4585,0.6606,0.2021,0.4407,0.3702,0.9175,2.0009,0.8203,0.8059,0.206,0.6665,openrainer 2022-09-29 10
openrainer,rnn line,gauges,,149460,0.4561,0.674,0.2179,0.4779,0.3871,0.9713,2.1297,0.8027,0.8102,0.2108,0.6661,openrainer 2022-09-29 10
openrainer,rnn gmz,gauges,,149460,0.4561,0.6799,0.2238,0.4908,0.3968,1.0191,2.2345,0.7945,0.8011,0.207,0.6625,openrainer 2022-09-29 10
openrainer,gauges,radar,2.0,31284,1.9286,1.3291,-0.5996,-0.3109,1.0242,1.9208,0.9959,0.6875,0.9348,0.0795,0.865,openrainer 2022-11-21 17
openrainer,dynamic idw,radar,2.0,31758,1.9447,1.6081,-0.3366,-0.1731,1.5464,3.1365,1.6128,0.3765,0.8378,0.1117,0.7579,openrainer 2022-11-21 17
openrainer,dynamic line,radar,2.0,31808,1.9438,1.4876,-0.4562,-0.2347,1.4681,2.6126,1.3441,0.4461,0.85,0.1102,0.769,openrainer 2022-11-21 17
openrainer,dynamic gmz,radar,2.0,31808,1.9438,1.5243,-0.4195,-0.2158,1.5435,2.8449,1.4636,0.4007,0.8283,0.1133,0.749,openrainer 2022-11-21 17
openrainer,constant idw,radar,2.0,31758,1.9447,0.9535,-0.9913,-0.5097,1.7822,3.2819,1.6876,0.265,0.5313,0.0692,0.5111,openrainer 2022-11-21 17
openrainer,constant line,radar,2.0,31808,1.9438,1.0121,-0.9316,-0.4793,1.7255,2.9275,1.5061,0.3265,0.5814,0.074,0.5556,openrainer 2022-11-21 17
openrainer,constant gmz,radar,2.0,31808,1.9438,1.0782,-0.8656,-0.4453,1.7976,3.1732,1.6325,0.2859,0.5682,0.0753,0.5431,openrainer 2022-11-21 17
openrainer,pycomlink idw,radar,2.0,31758,1.9447,0.9064,-1.0383,-0.5339,1.7334,3.3031,1.6985,0.264,0.5557,0.058,0.5373,openrainer 2022-11-21 17
openrainer,pycomlink line,radar,2.0,31808,1.9438,0.8762,-1.0676,-0.5492,1.6714,2.8779,1.4806,0.3332,0.5703,0.0612,0.5499,openrainer 2022-11-21 17
openrainer,pycomlink gmz,radar,2.0,31808,1.9438,0.926,-1.0178,-0.5236,1.7341,3.0866,1.5879,0.2904,0.5606,0.0628,0.5403,openrainer 2022-11-21 17
openrainer,nearby idw,radar,2.0,21087,1.974,1.3307,-0.6433,-0.3259,1.588,2.6864,1.3608,0.4377,0.6647,0.056,0.6395,openrainer 2022-11-21 17
openrainer,nearby line,radar,2.0,22341,1.944,1.321,-0.623,-0.3205,1.5606,2.6032,1.3391,0.4454,0.6671,0.0583,0.6407,openrainer 2022-11-21 17
openrainer,nearby gmz,radar,2.0,22341,1.944,1.3464,-0.5976,-0.3074,1.6023,2.7579,1.4187,0.4187,0.6611,0.0571,0.6357,openrainer 2022-11-21 17
openrainer,rnn idw,radar,2.0,31845,1.9427,1.7082,-0.2346,-0.1207,1.4693,2.5036,1.2887,0.4486,0.853,0.1043,0.776,openrainer 2022-11-21 17
openrainer,rnn line,radar,2.0,31845,1.9427,1.7878,-0.1549,-0.0798,1.5028,2.5451,1.3101,0.4442,0.8565,0.1069,0.7768,openrainer 2022-11-21 17
openrainer,rnn gmz,radar,2.0,31845,1.9427,1.7997,-0.1431,-0.0737,1.5446,2.6483,1.3632,0.4245,0.8481,0.1052,0.7712,openrainer 2022-11-21 17
openrainer,dynamic idw,gauges,2.0,31197,1.3268,1.6189,0.292,0.2201,1.1223,2.7622,2.0818,0.4381,0.8523,0.0849,0.7899,openrainer 2022-11-21 17
openrainer,dynamic line,gauges,2.0,31247,1.3288,1.4962,0.1673,0.1259,1.0031,2.0722,1.5595,0.5213,0.8647,0.0831,0.8018,openrainer 2022-11-21 17
openrainer,dynamic gmz,gauges,2.0,31247,1.3288,1.5338,0.2049,0.1542,1.088,2.3587,1.775,0.4753,0.8412,0.0871,0.7787,openrainer 2022-11-21 17
openrainer,constant idw,gauges,2.0,31197,1.3268,0.9554,-0.3714,-0.2799,1.1678,2.6007,1.9601,0.3543,0.5442,0.0336,0.5341,openrainer 2022-11-21 17
openrainer,constant line,gauges,2.0,31247,1.3288,1.0152,-0.3137,-0.236,1.104,2.1679,1.6315,0.4278,0.596,0.0392,0.5818,openrainer 2022-11-21 17
openrainer,constant gmz,gauges,2.0,31247,1.3288,1.0817,-0.2471,-0.186,1.1891,2.493,1.8761,0.3859,0.5821,0.0408,0.568,openrainer 2022-11-21 17
openrainer,pycomlink idw,gauges,2.0,31197,1.3268,0.9137,-0.4132,-0.3114,1.1394,2.6321,1.9838,0.3452,0.5676,0.0278,0.5585,openrainer 2022-11-21 17
openrainer,pycomlink line,gauges,2.0,31247,1.3288,0.883,-0.4459,-0.3355,1.063,2.0618,1.5516,0.4305,0.582,0.0319,0.5711,openrainer 2022-11-21 17
openrainer,pycomlink gmz,gauges,2.0,31247,1.3288,0.9333,-0.3955,-0.2977,1.1358,2.3453,1.765,0.3853,0.572,0.0335,0.5609,openrainer 2022-11-21 17
openrainer,nearby idw,gauges,2.0,21054,1.2797,1.3316,0.0519,0.0406,0.9602,1.9523,1.5256,0.572,0.6852,0.0067,0.6821,openrainer 2022-11-21 17
openrainer,nearby line,gauges,2.0,22275,1.2732,1.3226,0.0494,0.0388,0.9358,1.8435,1.448,0.5908,0.6869,0.0085,0.6828,openrainer 2022-11-21 17
openrainer,nearby gmz,gauges,2.0,22275,1.2732,1.3481,0.0749,0.0588,0.9902,2.076,1.6305,0.5541,0.6795,0.0091,0.6753,openrainer 2022-11-21 17
openrainer,rnn idw,gauges,2.0,31284,1.3291,1.7263,0.3972,0.2989,0.9874,1.8475,1.3901,0.5949,0.8838,0.0663,0.8317,openrainer 2022-11-21 17
openrainer,rnn line,gauges,2.0,31284,1.3291,1.8073,0.4783,0.3598,1.0478,1.9354,1.4562,0.5894,0.8878,0.0687,0.8332,openrainer 2022-11-21 17
openrainer,rnn gmz,gauges,2.0,31284,1.3291,1.8188,0.4897,0.3685,1.0883,2.0673,1.5554,0.5677,0.8782,0.0678,0.8255,openrainer 2022-11-21 17
openrainer,gauges,radar,,234576,2.136,1.4481,-0.6879,-0.322,1.1302,2.0379,0.9541,0.6945,0.9184,0.0758,0.8541,openrainer 2022-11-21 17
openrainer,dynamic idw,radar,,133260,2.0244,1.686,-0.3384,-0.1672,1.6969,3.1716,1.5667,0.3718,0.8138,0.1275,0.7273,openrainer 2022-11-21 17
openrainer,dynamic line,radar,,156384,2.0616,1.5407,-0.521,-0.2527,1.6149,2.7507,1.3342,0.4198,0.8346,0.1354,0.7382,openrainer 2022-11-21 17
openrainer,dynamic gmz,radar,,156384,2.0616,1.5742,-0.4874,-0.2364,1.6818,2.9285,1.4205,0.3852,0.8147,0.1362,0.722,openrainer 2022-11-21 17
openrainer,constant idw,radar,,133260,2.0244,0.8004,-1.224,-0.6046,1.8735,3.2806,1.6206,0.2562,0.4368,0.0703,0.4229,openrainer 2022-11-21 17
openrainer,constant line,radar,,156384,2.0616,0.8466,-1.215,-0.5894,1.7813,2.9366,1.4244,0.3445,0.5206,0.0763,0.4991,openrainer 2022-11-21 17
openrainer,constant gmz,radar,,156384,2.0616,0.8956,-1.166,-0.5656,1.8315,3.0776,1.4928,0.3121,0.5057,0.0772,0.4852,openrainer 2022-11-21 17
openrainer,pycomlink idw,radar,,133260,2.0244,0.8397,-1.1847,-0.5852,1.8166,3.255,1.6079,0.2792,0.4993,0.0602,0.4838,openrainer 2022-11-21 17
openrainer,pycomlink line,radar,,156384,2.0616,0.7835,-1.2782,-0.62,1.7676,2.9438,1.4279,0.3452,0.5284,0.0615,0.5107,openrainer 2022-11-21 17
openrainer,pycomlink gmz,radar,,156384,2.0616,0.8221,-1.2396,-0.6013,1.8125,3.0618,1.4851,0.3136,0.5186,0.063,0.5011,openrainer 2022-11-21 17
openrainer,nearby idw,radar,,66124,2.0436,1.3248,-0.7188,-0.3518,1.6488,2.7854,1.363,0.4095,0.6617,0.0496,0.6396,openrainer 2022-11-21 17
openrainer,nearby line,radar,,81777,2.0278,1.2975,-0.7303,-0.3602,1.6084,2.642,1.3028,0.4356,0.6723,0.0583,0.6455,openrainer 2022-11-21 17
openrainer,nearby gmz,radar,,81777,2.0278,1.3252,-0.7026,-0.3465,1.6571,2.7714,1.3667,0.4127,0.6638,0.0579,0.6378,openrainer 2022-11-21 17
openrainer,rnn idw,radar,,133848,2.0223,1.5512,-0.4712,-0.233,1.5349,2.6097,1.2904,0.419,0.8008,0.1122,0.7272,openrainer 2022-11-21 17
openrainer,rnn line,radar,,156882,2.0599,1.581,-0.4788,-0.2325,1.5797,2.6687,1.2956,0.4075,0.7936,0.115,0.7194,openrainer 2022-11-21 17
openrainer,rnn gmz,radar,,156882,2.0599,1.5824,-0.4774,-0.2318,1.6039,2.7288,1.3247,0.3944,0.7864,0.1138,0.7143,openrainer 2022-11-21 17
openrainer,dynamic idw,gauges,,128333,1.386,1.6852,0.2992,0.2159,1.2251,2.709,1.9545,0.4612,0.835,0.0988,0.765,openrainer 2022-11-21 17
openrainer,dynamic line,gauges,,148373,1.4069,1.5395,0.1325,0.0942,1.0887,2.0851,1.482,0.53,0.8571,0.1065,0.7777,openrainer 2022-11-21 17
openrainer,dynamic gmz,gauges,,148373,1.4069,1.5741,0.1672,0.1188,1.1633,2.3088,1.641,0.4932,0.8365,0.1073,0.7601,openrainer 2022-11-21 17
openrainer,constant idw,gauges,,128333,1.386,0.801,-0.585,-0.4221,1.2407,2.511,1.8117,0.3423,0.4519,0.0344,0.4448,openrainer 2022-11-21 17
openrainer,constant line,gauges,,148373,1.4069,0.8506,-0.5563,-0.3954,1.1278,2.0398,1.4498,0.4464,0.5405,0.04,0.5286,openrainer 2022-11-21 17
openrainer,constant gmz,gauges,,148373,1.4069,0.901,-0.5059,-0.3596,1.1893,2.2453,1.5959,0.4123,0.5236,0.0432,0.5115,openrainer 2022-11-21 17
openrainer,pycomlink idw,gauges,,128333,1.386,0.8466,-0.5394,-0.3892,1.1911,2.4823,1.791,0.3815,0.5195,0.0272,0.5121,openrainer 2022-11-21 17
openrainer,pycomlink line,gauges,,148373,1.4069,0.7944,-0.6125,-0.4354,1.1109,1.9809,1.408,0.4747,0.5542,0.0286,0.5453,openrainer 2022-11-21 17
openrainer,pycomlink gmz,gauges,,148373,1.4069,0.8332,-0.5737,-0.4078,1.162,2.1572,1.5333,0.4367,0.5431,0.0309,0.5339,openrainer 2022-11-21 17
openrainer,nearby idw,gauges,,65259,1.3194,1.3285,0.0091,0.0069,0.9899,2.0171,1.5289,0.5499,0.6879,0.0095,0.6834,openrainer 2022-11-21 17
openrainer,nearby line,gauges,,79987,1.3184,1.3035,-0.0149,-0.0113,0.9575,1.8292,1.3875,0.5781,0.6973,0.0129,0.691,openrainer 2022-11-21 17
openrainer,nearby gmz,gauges,,79987,1.3184,1.3278,0.0094,0.0071,1.0124,2.0276,1.5379,0.5443,0.6893,0.0133,0.683,openrainer 2022-11-21 17
openrainer,rnn idw,gauges,,128921,1.3886,1.5703,0.1816,0.1308,0.9911,1.839,1.3243,0.5678,0.839,0.0752,0.7854,openrainer 2022-11-21 17
openrainer,rnn line,gauges,,148871,1.4085,1.6049,0.1964,0.1394,1.0385,1.8884,1.3407,0.5551,0.8335,0.0784,0.7783,openrainer 2022-11-21 17
openrainer,rnn gmz,gauges,,148871,1.4085,1.6056,0.1971,0.14,1.0627,1.9698,1.3985,0.54,0.8257,0.0778,0.7719,openrainer 2022-11-21 17
openmesh,pws,radar,2.0,2567,2.6019,3.0233,0.4214,0.162,0.9755,2.1843,0.8395,0.7168,0.9463,0.0058,0.9411,openmesh 2023-11-21 18
openmesh,dynamic idw,radar,2.0,2567,2.6019,4.0416,1.4397,0.5533,2.0643,3.2571,1.2518,0.474,0.9992,0.014,0.9852,openmesh 2023-11-21 18
openmesh,dynamic line,radar,2.0,2567,2.6019,3.859,1.2572,0.4832,1.9423,3.1183,1.1985,0.4843,0.9984,0.014,0.9844,openmesh 2023-11-21 18
openmesh,dynamic gmz,radar,2.0,2567,2.6019,3.9103,1.3084,0.5029,2.0516,3.2598,1.2529,0.4689,0.9964,0.0141,0.9825,openmesh 2023-11-21 18
openmesh,constant idw,radar,2.0,2567,2.6019,1.1569,-1.445,-0.5554,1.9835,2.5861,0.9939,0.4886,0.6634,0.0152,0.6566,openmesh 2023-11-21 18
openmesh,constant line,radar,2.0,2567,2.6019,1.245,-1.3568,-0.5215,1.9069,2.5179,0.9677,0.5079,0.6914,0.0152,0.6841,openmesh 2023-11-21 18
openmesh,constant gmz,radar,2.0,2567,2.6019,1.3035,-1.2983,-0.499,1.8834,2.5013,0.9613,0.514,0.6989,0.015,0.6916,openmesh 2023-11-21 18
openmesh,pycomlink idw,radar,2.0,2567,2.6019,1.8488,-0.7531,-0.2894,1.5927,2.3587,0.9065,0.5468,0.8898,0.0153,0.8776,openmesh 2023-11-21 18
openmesh,pycomlink line,radar,2.0,2567,2.6019,1.85,-0.7519,-0.289,1.5874,2.3306,0.8957,0.5559,0.8913,0.0153,0.8792,openmesh 2023-11-21 18
openmesh,pycomlink gmz,radar,2.0,2567,2.6019,1.8976,-0.7042,-0.2707,1.5804,2.3453,0.9014,0.559,0.8953,0.0156,0.8827,openmesh 2023-11-21 18
openmesh,nearby idw,radar,2.0,2567,2.6019,2.0678,-0.5341,-0.2053,1.3937,2.2447,0.8627,0.4934,0.8775,0.0151,0.8659,openmesh 2023-11-21 18
openmesh,nearby line,radar,2.0,2567,2.6019,2.0336,-0.5682,-0.2184,1.3554,2.1769,0.8367,0.5071,0.8874,0.0149,0.8756,openmesh 2023-11-21 18
openmesh,nearby gmz,radar,2.0,2567,2.6019,2.0797,-0.5222,-0.2007,1.4115,2.2987,0.8835,0.483,0.8831,0.015,0.8713,openmesh 2023-11-21 18
openmesh,rnn idw,radar,2.0,2567,2.6019,2.7747,0.1728,0.0664,0.7937,1.1621,0.4466,0.818,0.9471,0.0066,0.9411,openmesh 2023-11-21 18
openmesh,rnn line,radar,2.0,2567,2.6019,2.7868,0.1849,0.0711,0.8094,1.1647,0.4476,0.8151,0.949,0.0066,0.9431,openmesh 2023-11-21 18
openmesh,rnn gmz,radar,2.0,2567,2.6019,2.7865,0.1847,0.071,0.8237,1.1895,0.4572,0.8073,0.9478,0.0066,0.9419,openmesh 2023-11-21 18
openmesh,dynamic idw,pws,2.0,2567,3.0233,4.0416,1.0183,0.3368,2.1097,3.083,1.0198,0.5811,0.9996,0.0612,0.9384,openmesh 2023-11-21 18
openmesh,dynamic line,pws,2.0,2567,3.0233,3.859,0.8357,0.2764,1.984,2.9709,0.9827,0.5899,0.9988,0.0613,0.9376,openmesh 2023-11-21 18
openmesh,dynamic gmz,pws,2.0,2567,3.0233,3.9103,0.887,0.2934,2.0928,3.1045,1.0269,0.5722,0.9975,0.0606,0.9372,openmesh 2023-11-21 18
openmesh,constant idw,pws,2.0,2567,3.0233,1.1569,-1.8664,-0.6173,2.508,3.9705,1.3133,0.1553,0.6966,0.0158,0.6888,openmesh 2023-11-21 18
openmesh,constant line,pws,2.0,2567,3.0233,1.245,-1.7783,-0.5882,2.4283,3.9239,1.2979,0.1656,0.726,0.0158,0.7177,openmesh 2023-11-21 18
openmesh,constant gmz,pws,2.0,2567,3.0233,1.3035,-1.7198,-0.5688,2.4079,3.9153,1.295,0.1682,0.7335,0.0161,0.7248,openmesh 2023-11-21 18
openmesh,pycomlink idw,pws,2.0,2567,3.0233,1.8488,-1.1745,-0.3885,1.9452,3.1645,1.0467,0.4682,0.9199,0.031,0.8935,openmesh 2023-11-21 18
openmesh,pycomlink line,pws,2.0,2567,3.0233,1.85,-1.1733,-0.3881,1.931,3.1601,1.0453,0.468,0.9211,0.0314,0.8944,openmesh 2023-11-21 18
openmesh,pycomlink gmz,pws,2.0,2567,3.0233,1.8976,-1.1257,-0.3723,1.9117,3.1626,1.0461,0.4684,0.9244,0.0326,0.8965,openmesh 2023-11-21 18
openmesh,nearby idw,pws,2.0,2567,3.0233,2.0678,-0.9555,-0.316,1.5713,2.6642,0.8812,0.6024,0.9058,0.0324,0.8791,openmesh 2023-11-21 18
openmesh,nearby line,pws,2.0,2567,3.0233,2.0336,-0.9897,-0.3274,1.5427,2.6563,0.8786,0.605,0.9153,0.0329,0.8877,openmesh 2023-11-21 18
openmesh,nearby gmz,pws,2.0,2567,3.0233,2.0797,-0.9436,-0.3121,1.5771,2.7121,0.8971,0.5873,0.9108,0.0331,0.8833,openmesh 2023-11-21 18
openmesh,rnn idw,pws,2.0,2567,3.0233,2.7747,-0.2486,-0.0822,1.3217,2.4427,0.808,0.6061,0.9859,0.0157,0.9706,openmesh 2023-11-21 18
openmesh,rnn line,pws,2.0,2567,3.0233,2.7868,-0.2365,-0.0782,1.3384,2.4708,0.8173,0.5932,0.9884,0.0153,0.9734,openmesh 2023-11-21 18
openmesh,rnn gmz,pws,2.0,2567,3.0233,2.7865,-0.2368,-0.0783,1.3488,2.4786,0.8198,0.5897,0.9867,0.0157,0.9714,openmesh 2023-11-21 18
openmesh,pws,radar,,7888,2.5828,2.9759,0.3931,0.1522,1.1799,2.344,0.9075,0.6733,0.9493,0.0076,0.9425,openmesh 2023-11-21 18
openmesh,dynamic idw,radar,,7841,2.5851,4.2197,1.6346,0.6323,2.2517,3.2429,1.2545,0.4889,0.9953,0.0224,0.9731,openmesh 2023-11-21 18
openmesh,dynamic line,radar,,7875,2.5827,4.0707,1.488,0.5761,2.1452,3.1367,1.2145,0.496,0.9965,0.0224,0.9742,openmesh 2023-11-21 18
openmesh,dynamic gmz,radar,,7875,2.5827,4.1008,1.5181,0.5878,2.2249,3.2343,1.2523,0.4837,0.987,0.0226,0.965,openmesh 2023-11-21 18
openmesh,constant idw,radar,,7841,2.5851,1.4836,-1.1016,-0.4261,1.9606,2.6541,1.0267,0.5238,0.6767,0.0204,0.6673,openmesh 2023-11-21 18
openmesh,constant line,radar,,7875,2.5827,1.5402,-1.0425,-0.4037,1.9045,2.599,1.0063,0.5373,0.7007,0.0196,0.691,openmesh 2023-11-21 18
openmesh,constant gmz,radar,,7875,2.5827,1.5858,-0.9969,-0.386,1.8738,2.5731,0.9963,0.5456,0.7144,0.0194,0.7044,openmesh 2023-11-21 18
openmesh,pycomlink idw,radar,,7841,2.5851,2.1763,-0.4088,-0.1581,1.6405,2.4354,0.9421,0.5542,0.8972,0.0238,0.878,openmesh 2023-11-21 18
openmesh,pycomlink line,radar,,7875,2.5827,2.163,-0.4197,-0.1625,1.6364,2.415,0.9351,0.5597,0.8991,0.0237,0.8799,openmesh 2023-11-21 18
openmesh,pycomlink gmz,radar,,7875,2.5827,2.198,-0.3848,-0.149,1.6262,2.4166,0.9357,0.5646,0.9004,0.0238,0.881,openmesh 2023-11-21 18
openmesh,nearby idw,radar,,7854,2.5853,2.1512,-0.4341,-0.1679,1.6615,2.6541,1.0266,0.3533,0.8757,0.0227,0.8583,openmesh 2023-11-21 18
openmesh,nearby line,radar,,7888,2.5828,2.0962,-0.4867,-0.1884,1.612,2.5737,0.9965,0.368,0.8811,0.0224,0.8636,openmesh 2023-11-21 18
openmesh,nearby gmz,radar,,7888,2.5828,2.1282,-0.4546,-0.176,1.6372,2.6202,1.0145,0.3615,0.8773,0.0227,0.8598,openmesh 2023-11-21 18
openmesh,rnn idw,radar,,7854,2.5853,2.7041,0.1187,0.0459,0.8875,1.3475,0.5212,0.7651,0.9545,0.0076,0.9476,openmesh 2023-11-21 18
openmesh,rnn line,radar,,7888,2.5828,2.7105,0.1277,0.0494,0.8863,1.3381,0.5181,0.7665,0.9554,0.0078,0.9483,openmesh 2023-11-21 18
openmesh,rnn gmz,radar,,7888,2.5828,2.703,0.1201,0.0465,0.884,1.3355,0.5171,0.7669,0.955,0.0078,0.9479,openmesh 2023-11-21 18
openmesh,dynamic idw,pws,,7841,2.9807,4.2197,1.239,0.4157,2.2981,3.1031,1.0411,0.59,0.997,0.0633,0.9341,openmesh 2023-11-21 18
openmesh,dynamic line,pws,,7875,2.9732,4.0707,1.0975,0.3691,2.1959,3.0153,1.0141,0.5963,0.9986,0.0629,0.9359,openmesh 2023-11-21 18
openmesh,dynamic gmz,pws,,7875,2.9732,4.1008,1.1276,0.3793,2.277,3.1083,1.0454,0.5824,0.989,0.0633,0.9271,openmesh 2023-11-21 18
openmesh,constant idw,pws,,7841,2.9807,1.4836,-1.4971,-0.5023,2.5002,4.0289,1.3517,0.1919,0.7072,0.0208,0.6967,openmesh 2023-11-21 18
openmesh,constant line,pws,,7875,2.9732,1.5402,-1.433,-0.482,2.4392,3.9868,1.3409,0.1992,0.7323,0.02,0.7216,openmesh 2023-11-21 18
openmesh,constant gmz,pws,,7875,2.9732,1.5858,-1.3875,-0.4667,2.4133,3.9728,1.3362,0.2022,0.7463,0.0201,0.7351,openmesh 2023-11-21 18
openmesh,pycomlink idw,pws,,7841,2.9807,2.1763,-0.8044,-0.2699,1.9687,3.2486,1.0899,0.4442,0.9139,0.0488,0.873,openmesh 2023-11-21 18
openmesh,pycomlink line,pws,,7875,2.9732,2.163,-0.8102,-0.2725,1.9605,3.2416,1.0903,0.4446,0.9159,0.0487,0.875,openmesh 2023-11-21 18
openmesh,pycomlink gmz,pws,,7875,2.9732,2.198,-0.7753,-0.2608,1.9496,3.241,1.0901,0.4462,0.9168,0.0493,0.8752,openmesh 2023-11-21 18
openmesh,nearby idw,pws,,7854,2.9844,2.1512,-0.8332,-0.2792,1.7466,2.8733,0.9628,0.5416,0.8901,0.0497,0.8505,openmesh 2023-11-21 18
openmesh,nearby line,pws,,7888,2.9759,2.0962,-0.8797,-0.2956,1.7136,2.8521,0.9584,0.5449,0.8959,0.0492,0.8562,openmesh 2023-11-21 18
openmesh,nearby gmz,pws,,7888,2.9759,2.1282,-0.8477,-0.2848,1.7296,2.8677,0.9636,0.5413,0.8917,0.0498,0.8519,openmesh 2023-11-21 18
openmesh,rnn idw,pws,,7854,2.9844,2.7041,-0.2803,-0.0939,1.4621,2.5525,0.8553,0.5854,0.9865,0.0188,0.9682,openmesh 2023-11-21 18
openmesh,rnn line,pws,,7888,2.9759,2.7105,-0.2654,-0.0892,1.4664,2.5642,0.8616,0.5783,0.9879,0.0186,0.9698,openmesh 2023-11-21 18
openmesh,rnn gmz,pws,,7888,2.9759,2.703,-0.273,-0.0917,1.4662,2.563,0.8612,0.5794,0.9874,0.0187,0.9691,openmesh 2023-11-21 18
openmesh,pws,radar,2.0,3473,2.1071,2.2354,0.1284,0.0609,0.5099,1.2472,0.5919,0.847,0.9485,0.0171,0.9331,openmesh 2023-12-10 16
openmesh,dynamic idw,radar,2.0,3473,2.1071,3.3259,1.2188,0.5784,1.6252,2.4828,1.1783,0.6651,0.9944,0.0762,0.919,openmesh 2023-12-10 16
openmesh,dynamic line,radar,2.0,3473,2.1071,3.1423,1.0353,0.4913,1.5027,2.3093,1.096,0.6654,0.9938,0.0717,0.9229,openmesh 2023-12-10 16
openmesh,dynamic gmz,radar,2.0,3473,2.1071,3.1941,1.087,0.5159,1.6222,2.478,1.176,0.6381,0.99,0.0719,0.9195,openmesh 2023-12-10 16
openmesh,constant idw,radar,2.0,3473,2.1071,1.3409,-0.7661,-0.3636,1.4466,2.0934,0.9935,0.5179,0.7392,0.0133,0.7319,openmesh 2023-12-10 16
openmesh,constant line,radar,2.0,3473,2.1071,1.3446,-0.7625,-0.3619,1.4356,2.0762,0.9853,0.5218,0.7595,0.013,0.752,openmesh 2023-12-10 16
openmesh,constant gmz,radar,2.0,3473,2.1071,1.3811,-0.726,-0.3445,1.4217,2.0753,0.9849,0.525,0.7651,0.0129,0.7576,openmesh 2023-12-10 16
openmesh,pycomlink idw,radar,2.0,3473,2.1071,1.0625,-1.0445,-0.4957,1.2591,1.7243,0.8183,0.6932,0.6491,0.0216,0.6399,openmesh 2023-12-10 16
openmesh,pycomlink line,radar,2.0,3473,2.1071,1.0606,-1.0465,-0.4967,1.2517,1.7145,0.8137,0.6993,0.655,0.0201,0.6464,openmesh 2023-12-10 16
openmesh,pycomlink gmz,radar,2.0,3473,2.1071,1.0781,-1.029,-0.4884,1.2446,1.7177,0.8152,0.6923,0.6503,0.0216,0.6411,openmesh 2023-12-10 16
openmesh,nearby idw,radar,2.0,3431,2.1265,1.371,-0.7555,-0.3553,1.0992,1.7353,0.8161,0.6172,0.9118,0.0243,0.8915,openmesh 2023-12-10 16
openmesh,nearby line,radar,2.0,3431,2.1265,1.3027,-0.8238,-0.3874,1.0795,1.5972,0.7511,0.6947,0.9096,0.0237,0.8899,openmesh 2023-12-10 16
openmesh,nearby gmz,radar,2.0,3431,2.1265,1.3902,-0.7363,-0.3463,1.0983,1.6626,0.7819,0.6426,0.9055,0.0242,0.8856,openmesh 2023-12-10 16
openmesh,rnn idw,radar,2.0,3473,2.1071,2.4103,0.3032,0.1439,0.8105,1.1154,0.5293,0.8906,0.9042,0.0362,0.8745,openmesh 2023-12-10 16
openmesh,rnn line,radar,2.0,3473,2.1071,2.4903,0.3832,0.1819,0.857,1.1633,0.5521,0.8922,0.9064,0.0374,0.8756,openmesh 2023-12-10 16
openmesh,rnn gmz,radar,2.0,3473,2.1071,2.4796,0.3725,0.1768,0.9004,1.2723,0.6038,0.8688,0.907,0.0371,0.8764,openmesh 2023-12-10 16
openmesh,dynamic idw,pws,2.0,3473,2.2354,3.3259,1.0905,0.4878,1.8719,2.8653,1.2818,0.5035,0.9948,0.1081,0.8878,openmesh 2023-12-10 16
openmesh,dynamic line,pws,2.0,3473,2.2354,3.1423,0.9069,0.4057,1.7592,2.7481,1.2293,0.4921,0.9926,0.1052,0.8889,openmesh 2023-12-10 16
openmesh,dynamic gmz,pws,2.0,3473,2.2354,3.1941,0.9587,0.4288,1.8728,2.8969,1.2959,0.4687,0.989,0.1053,0.8859,openmesh 2023-12-10 16
openmesh,constant idw,pws,2.0,3473,2.2354,1.3409,-0.8945,-0.4001,1.7146,2.6652,1.1923,0.3513,0.7557,0.0266,0.7403,openmesh 2023-12-10 16
openmesh,constant line,pws,2.0,3473,2.2354,1.3446,-0.8908,-0.3985,1.7026,2.6629,1.1912,0.3476,0.7767,0.0259,0.7609,openmesh 2023-12-10 16
openmesh,constant gmz,pws,2.0,3473,2.2354,1.3811,-0.8543,-0.3822,1.6897,2.6666,1.1929,0.3481,0.7825,0.0258,0.7666,openmesh 2023-12-10 16
openmesh,pycomlink idw,pws,2.0,3473,2.2354,1.0625,-1.1729,-0.5247,1.4657,2.306,1.0316,0.5306,0.6707,0.0244,0.6596,openmesh 2023-12-10 16
openmesh,pycomlink line,pws,2.0,3473,2.2354,1.0606,-1.1749,-0.5256,1.4602,2.31,1.0334,0.5274,0.6771,0.0224,0.6668,openmesh 2023-12-10 16
openmesh,pycomlink gmz,pws,2.0,3473,2.2354,1.0781,-1.1574,-0.5177,1.4538,2.3187,1.0372,0.5178,0.6723,0.0239,0.6614,openmesh 2023-12-10 16
openmesh,nearby idw,pws,2.0,3431,2.2591,1.371,-0.8881,-0.3931,1.3111,2.2398,0.9914,0.5095,0.9248,0.0433,0.8877,openmesh 2023-12-10 16
openmesh,nearby line,pws,2.0,3431,2.2591,1.3027,-0.9564,-0.4234,1.3,2.1653,0.9585,0.5563,0.9242,0.041,0.889,openmesh 2023-12-10 16
openmesh,nearby gmz,pws,2.0,3431,2.2591,1.3902,-0.8689,-0.3846,1.3157,2.2119,0.9791,0.5127,0.9206,0.0409,0.8858,openmesh 2023-12-10 16
openmesh,rnn idw,pws,2.0,3473,2.2354,2.4103,0.1749,0.0782,1.0009,1.6607,0.7429,0.7485,0.9179,0.0559,0.8706,openmesh 2023-12-10 16
openmesh,rnn line,pws,2.0,3473,2.2354,2.4903,0.2549,0.114,1.0456,1.7008,0.7608,0.745,0.9202,0.057,0.8717,openmesh 2023-12-10 16
openmesh,rnn gmz,pws,2.0,3473,2.2354,2.4796,0.2442,0.1092,1.0974,1.7981,0.8044,0.7193,0.9208,0.0566,0.8726,openmesh 2023-12-10 16
openmesh,pws,radar,,10672,2.1356,2.1938,0.0582,0.0272,0.6337,1.3546,0.6343,0.8159,0.9597,0.0312,0.9309,openmesh 2023-12-10 16
openmesh,dynamic idw,radar,,10626,2.1337,3.5375,1.4038,0.6579,1.8965,2.6174,1.2267,0.6565,0.9855,0.0813,0.9064,openmesh 2023-12-10 16
openmesh,dynamic line,radar,,10672,2.1356,3.3897,1.2541,0.5872,1.8165,2.5064,1.1736,0.6464,0.9886,0.08,0.9103,openmesh 2023-12-10 16
openmesh,dynamic gmz,radar,,10672,2.1356,3.4192,1.2836,0.6011,1.9133,2.6333,1.2331,0.6202,0.9804,0.0792,0.9042,openmesh 2023-12-10 16
openmesh,constant idw,radar,,10626,2.1337,1.7153,-0.4185,-0.1961,1.551,2.3066,1.081,0.4732,0.7855,0.0319,0.7657,openmesh 2023-12-10 16
openmesh,constant line,radar,,10672,2.1356,1.71,-0.4256,-0.1993,1.5513,2.303,1.0784,0.4721,0.8026,0.0311,0.7825,openmesh 2023-12-10 16
openmesh,constant gmz,radar,,10672,2.1356,1.73,-0.4056,-0.1899,1.5434,2.3094,1.0814,0.4719,0.8062,0.031,0.786,openmesh 2023-12-10 16
openmesh,pycomlink idw,radar,,10626,2.1337,1.2038,-0.9299,-0.4358,1.2723,1.7827,0.8355,0.6499,0.6658,0.0286,0.653,openmesh 2023-12-10 16
openmesh,pycomlink line,radar,,10672,2.1356,1.1959,-0.9396,-0.44,1.2752,1.7864,0.8365,0.6497,0.6691,0.025,0.6579,openmesh 2023-12-10 16
openmesh,pycomlink gmz,radar,,10672,2.1356,1.2008,-0.9348,-0.4377,1.276,1.8023,0.8439,0.6409,0.6655,0.0306,0.6518,openmesh 2023-12-10 16
openmesh,nearby idw,radar,,10282,2.1897,1.403,-0.7867,-0.3593,1.1304,1.6878,0.7708,0.6606,0.9248,0.0423,0.8885,openmesh 2023-12-10 16
openmesh,nearby line,radar,,10357,2.186,1.3452,-0.8408,-0.3846,1.1348,1.6582,0.7585,0.687,0.9229,0.0407,0.8881,openmesh 2023-12-10 16
openmesh,nearby gmz,radar,,10357,2.186,1.4037,-0.7823,-0.3579,1.138,1.6947,0.7753,0.6532,0.9152,0.0422,0.8797,openmesh 2023-12-10 16
openmesh,rnn idw,radar,,10626,2.1337,2.364,0.2303,0.1079,0.8058,1.0879,0.5098,0.8803,0.9047,0.04,0.8718,openmesh 2023-12-10 16
openmesh,rnn line,radar,,10672,2.1356,2.4245,0.2889,0.1353,0.8316,1.113,0.5212,0.8819,0.9061,0.0398,0.8733,openmesh 2023-12-10 16
openmesh,rnn gmz,radar,,10672,2.1356,2.4005,0.2649,0.1241,0.8547,1.1706,0.5481,0.8658,0.9047,0.0396,0.8721,openmesh 2023-12-10 16
openmesh,dynamic idw,pws,,10626,2.1913,3.5375,1.3462,0.6143,2.2943,3.1656,1.4446,0.4258,0.9812,0.0945,0.89,openmesh 2023-12-10 16
openmesh,dynamic line,pws,,10672,2.1938,3.3897,1.1959,0.5451,2.2164,3.0828,1.4053,0.4111,0.9831,0.0938,0.8924,openmesh 2023-12-10 16
openmesh,dynamic gmz,pws,,10672,2.1938,3.4192,1.2254,0.5586,2.3104,3.198,1.4578,0.3876,0.974,0.0939,0.8847,openmesh 2023-12-10 16
openmesh,constant idw,pws,,10626,2.1913,1.7153,-0.4761,-0.2172,1.8418,2.8661,1.3079,0.2888,0.7911,0.0347,0.7693,openmesh 2023-12-10 16
openmesh,constant line,pws,,10672,2.1938,1.71,-0.4838,-0.2205,1.8427,2.8676,1.3071,0.2855,0.808,0.0338,0.7858,openmesh 2023-12-10 16
openmesh,constant gmz,pws,,10672,2.1938,1.73,-0.4637,-0.2114,1.8392,2.8789,1.3123,0.2827,0.8116,0.0337,0.7893,openmesh 2023-12-10 16
openmesh,pycomlink idw,pws,,10626,2.1913,1.2038,-0.9875,-0.4506,1.4491,2.3546,1.0745,0.4613,0.6749,0.0251,0.6634,openmesh 2023-12-10 16
openmesh,pycomlink line,pws,,10672,2.1938,1.1959,-0.9978,-0.4548,1.454,2.3622,1.0768,0.4581,0.6782,0.0211,0.6684,openmesh 2023-12-10 16
openmesh,pycomlink gmz,pws,,10672,2.1938,1.2008,-0.993,-0.4526,1.4589,2.3823,1.0859,0.4465,0.6743,0.0272,0.6618,openmesh 2023-12-10 16
openmesh,nearby idw,pws,,10282,2.2472,1.403,-0.8442,-0.3757,1.3333,2.1985,0.9783,0.517,0.9245,0.0475,0.8838,openmesh 2023-12-10 16
openmesh,nearby line,pws,,10357,2.2516,1.3452,-0.9064,-0.4025,1.3465,2.2164,0.9844,0.518,0.9223,0.0456,0.8834,openmesh 2023-12-10 16
openmesh,nearby gmz,pws,,10357,2.2516,1.4037,-0.8479,-0.3766,1.3535,2.2461,0.9976,0.4897,0.9152,0.0465,0.8761,openmesh 2023-12-10 16
openmesh,rnn idw,pws,,10626,2.1913,2.364,0.1727,0.0788,1.1054,1.7913,0.8174,0.6974,0.9124,0.0415,0.8777,openmesh 2023-12-10 16
openmesh,rnn line,pws,,10672,2.1938,2.4245,0.2307,0.1052,1.1283,1.8053,0.8229,0.6994,0.9134,0.0412,0.8789,openmesh 2023-12-10 16
openmesh,rnn gmz,pws,,10672,2.1938,2.4005,0.2068,0.0943,1.1545,1.8622,0.8489,0.679,0.9114,0.0416,0.8768,openmesh 2023-12-10 16
openmesh,pws,radar,2.0,2925,2.7775,2.534,-0.2435,-0.0877,0.6734,1.4531,0.5232,0.9241,0.9569,0.0302,0.9292,openmesh 2023-12-17 18
openmesh,dynamic idw,radar,2.0,2925,2.7775,4.0427,1.2651,0.4555,1.9842,2.7972,1.0071,0.7625,0.9963,0.1741,0.8233,openmesh 2023-12-17 18
openmesh,dynamic line,radar,2.0,2925,2.7775,3.8665,1.089,0.3921,1.8494,2.6007,0.9363,0.7764,0.9971,0.1743,0.8238,openmesh 2023-12-17 18
openmesh,dynamic gmz,radar,2.0,2925,2.7775,3.9831,1.2055,0.434,2.0582,2.9513,1.0626,0.7357,0.9963,0.1738,0.8236,openmesh 2023-12-17 18
openmesh,constant idw,radar,2.0,2925,2.7775,2.1795,-0.598,-0.2153,1.9288,2.9109,1.048,0.6857,0.7419,0.0977,0.6867,openmesh 2023-12-17 18
openmesh,constant line,radar,2.0,2925,2.7775,2.157,-0.6205,-0.2234,1.9229,2.9152,1.0496,0.6821,0.7415,0.0863,0.693,openmesh 2023-12-17 18
openmesh,constant gmz,radar,2.0,2925,2.7775,2.2225,-0.555,-0.1998,1.9415,2.9747,1.071,0.6796,0.7419,0.0904,0.691,openmesh 2023-12-17 18
openmesh,pycomlink idw,radar,2.0,2925,2.7775,1.2088,-1.5688,-0.5648,1.7173,2.6614,0.9582,0.8172,0.6268,0.0956,0.5878,openmesh 2023-12-17 18
openmesh,pycomlink line,radar,2.0,2925,2.7775,1.204,-1.5736,-0.5665,1.7146,2.658,0.957,0.823,0.6255,0.092,0.5882,openmesh 2023-12-17 18
openmesh,pycomlink gmz,radar,2.0,2925,2.7775,1.2476,-1.5299,-0.5508,1.705,2.671,0.9616,0.7969,0.6309,0.0972,0.5908,openmesh 2023-12-17 18
openmesh,nearby idw,radar,2.0,2795,2.7938,1.1942,-1.5996,-0.5725,1.904,3.069,1.0985,0.6947,0.8441,0.0756,0.7896,openmesh 2023-12-17 18
openmesh,nearby line,radar,2.0,2827,2.7918,1.1906,-1.6012,-0.5735,1.8963,3.0609,1.0964,0.6992,0.8487,0.0703,0.7975,openmesh 2023-12-17 18
openmesh,nearby gmz,radar,2.0,2827,2.7918,1.2315,-1.5603,-0.5589,1.889,3.0726,1.1006,0.6716,0.8526,0.0679,0.8028,openmesh 2023-12-17 18
openmesh,rnn idw,radar,2.0,2925,2.7775,2.2956,-0.4819,-0.1735,1.2185,1.9988,0.7196,0.8572,0.9577,0.1063,0.8598,openmesh 2023-12-17 18
openmesh,rnn line,radar,2.0,2925,2.7775,2.3036,-0.4739,-0.1706,1.2215,2.0032,0.7212,0.8548,0.9573,0.106,0.8597,openmesh 2023-12-17 18
openmesh,rnn gmz,radar,2.0,2925,2.7775,2.3175,-0.4601,-0.1656,1.2481,2.0346,0.7325,0.8424,0.9582,0.109,0.8576,openmesh 2023-12-17 18
openmesh,dynamic idw,pws,2.0,2925,2.534,4.0427,1.5087,0.5954,2.2573,3.149,1.2427,0.726,0.9962,0.1851,0.8124,openmesh 2023-12-17 18
openmesh,dynamic line,pws,2.0,2925,2.534,3.8665,1.3325,0.5258,2.1316,2.9971,1.1827,0.7317,0.9971,0.1852,0.8128,openmesh 2023-12-17 18
openmesh,dynamic gmz,pws,2.0,2925,2.534,3.9831,1.4491,0.5718,2.3382,3.3043,1.304,0.6954,0.9958,0.1852,0.8121,openmesh 2023-12-17 18
openmesh,constant idw,pws,2.0,2925,2.534,2.1795,-0.3545,-0.1399,2.1502,3.697,1.4589,0.5092,0.7376,0.1149,0.6732,openmesh 2023-12-17 18
openmesh,constant line,pws,2.0,2925,2.534,2.157,-0.377,-0.1488,2.1424,3.7108,1.4644,0.5013,0.7351,0.1062,0.6761,openmesh 2023-12-17 18
openmesh,constant gmz,pws,2.0,2925,2.534,2.2225,-0.3115,-0.1229,2.166,3.7642,1.4855,0.5032,0.7355,0.1102,0.6741,openmesh 2023-12-17 18
openmesh,pycomlink idw,pws,2.0,2925,2.534,1.2088,-1.3253,-0.523,1.6945,2.9539,1.1657,0.7296,0.631,0.1016,0.5889,openmesh 2023-12-17 18
openmesh,pycomlink line,pws,2.0,2925,2.534,1.204,-1.33,-0.5249,1.6906,2.956,1.1665,0.7324,0.631,0.0962,0.5913,openmesh 2023-12-17 18
openmesh,pycomlink gmz,pws,2.0,2925,2.534,1.2476,-1.2864,-0.5076,1.6846,2.9713,1.1726,0.7101,0.6369,0.1008,0.5944,openmesh 2023-12-17 18
openmesh,nearby idw,pws,2.0,2795,2.5631,1.1942,-1.3689,-0.5341,1.7528,3.1557,1.2312,0.683,0.8381,0.0966,0.7691,openmesh 2023-12-17 18
openmesh,nearby line,pws,2.0,2827,2.5522,1.1906,-1.3616,-0.5335,1.7424,3.141,1.2307,0.6892,0.8415,0.0925,0.775,openmesh 2023-12-17 18
openmesh,nearby gmz,pws,2.0,2827,2.5522,1.2315,-1.3207,-0.5175,1.7424,3.1412,1.2308,0.6672,0.8424,0.0933,0.7752,openmesh 2023-12-17 18
openmesh,rnn idw,pws,2.0,2925,2.534,2.2956,-0.2384,-0.0941,1.368,2.3678,0.9344,0.8022,0.9509,0.1245,0.8376,openmesh 2023-12-17 18
openmesh,rnn line,pws,2.0,2925,2.534,2.3036,-0.2304,-0.0909,1.3799,2.3755,0.9374,0.7992,0.9492,0.1253,0.8356,openmesh 2023-12-17 18
openmesh,rnn gmz,pws,2.0,2925,2.534,2.3175,-0.2165,-0.0855,1.4025,2.4034,0.9485,0.7876,0.9505,0.1279,0.8342,openmesh 2023-12-17 18
openmesh,pws,radar,,11600,2.7347,2.3152,-0.4195,-0.1534,0.9454,1.7779,0.6501,0.8734,0.9615,0.0311,0.9326,openmesh 2023-12-17 18
openmesh,dynamic idw,radar,,11110,2.7438,4.1558,1.4119,0.5146,1.9726,2.5664,0.9353,0.8015,0.9972,0.1801,0.8181,openmesh 2023-12-17 18
openmesh,dynamic line,radar,,11225,2.7513,4.0371,1.2858,0.4674,1.8805,2.4469,0.8894,0.8094,0.9991,0.1839,0.8156,openmesh 2023-12-17 18
openmesh,dynamic gmz,radar,,11225,2.7513,4.0962,1.345,0.4889,2.0109,2.6583,0.9662,0.7773,0.9984,0.1841,0.8149,openmesh 2023-12-17 18
openmesh,constant idw,radar,,11110,2.7438,2.7216,-0.0222,-0.0081,1.9292,2.8779,1.0489,0.7069,0.777,0.1112,0.7082,openmesh 2023-12-17 18
openmesh,constant line,radar,,11225,2.7513,2.6818,-0.0695,-0.0252,1.9328,2.8769,1.0457,0.7038,0.7749,0.1066,0.7093,openmesh 2023-12-17 18
openmesh,constant gmz,radar,,11225,2.7513,2.7205,-0.0307,-0.0112,1.9419,2.9153,1.0596,0.7024,0.7752,0.109,0.7081,openmesh 2023-12-17 18
openmesh,pycomlink idw,radar,,11110,2.7438,1.3028,-1.441,-0.5252,1.6194,2.4706,0.9004,0.8474,0.6588,0.1003,0.6137,openmesh 2023-12-17 18
openmesh,pycomlink line,radar,,11225,2.7513,1.2952,-1.4561,-0.5292,1.6295,2.4775,0.9005,0.8528,0.6608,0.0992,0.616,openmesh 2023-12-17 18
openmesh,pycomlink gmz,radar,,11225,2.7513,1.3143,-1.4369,-0.5223,1.6236,2.4888,0.9046,0.8389,0.6652,0.1019,0.6185,openmesh 2023-12-17 18
openmesh,nearby idw,radar,,10409,2.7831,1.2368,-1.5462,-0.5556,1.9927,3.1443,1.1298,0.641,0.873,0.097,0.7982,openmesh 2023-12-17 18
openmesh,nearby line,radar,,10583,2.7786,1.2258,-1.5528,-0.5588,1.9849,3.1248,1.1246,0.6547,0.8765,0.0951,0.8025,openmesh 2023-12-17 18
openmesh,nearby gmz,radar,,10583,2.7786,1.2522,-1.5264,-0.5493,1.9726,3.1164,1.1215,0.6461,0.8813,0.0945,0.807,openmesh 2023-12-17 18
openmesh,rnn idw,radar,,11125,2.7533,2.299,-0.4543,-0.165,1.2861,2.0632,0.7494,0.8381,0.9594,0.125,0.8437,openmesh 2023-12-17 18
openmesh,rnn line,radar,,11225,2.7513,2.2944,-0.4568,-0.166,1.2791,2.0549,0.7469,0.8401,0.9583,0.128,0.8401,openmesh 2023-12-17 18
openmesh,rnn gmz,radar,,11225,2.7513,2.2999,-0.4514,-0.1641,1.2907,2.067,0.7513,0.8349,0.9588,0.1275,0.841,openmesh 2023-12-17 18
openmesh,dynamic idw,pws,,11110,2.308,4.1558,1.8478,0.8006,2.4276,3.1567,1.3677,0.7191,0.9971,0.1888,0.8093,openmesh 2023-12-17 18
openmesh,dynamic line,pws,,11225,2.3234,4.0371,1.7137,0.7376,2.3404,3.0645,1.319,0.7191,0.9992,0.1917,0.8078,openmesh 2023-12-17 18
openmesh,dynamic gmz,pws,,11225,2.3234,4.0962,1.7728,0.763,2.4785,3.2622,1.4041,0.6855,0.9982,0.1921,0.8068,openmesh 2023-12-17 18
openmesh,constant idw,pws,,11110,2.308,2.7216,0.4136,0.1792,2.3182,3.7955,1.6445,0.4907,0.7692,0.1294,0.6903,openmesh 2023-12-17 18
openmesh,constant line,pws,,11225,2.3234,2.6818,0.3584,0.1543,2.3141,3.7942,1.633,0.4856,0.7659,0.1256,0.69,openmesh 2023-12-17 18
openmesh,constant gmz,pws,,11225,2.3234,2.7205,0.3971,0.1709,2.3375,3.8391,1.6524,0.4843,0.7663,0.1278,0.6889,openmesh 2023-12-17 18
openmesh,pycomlink idw,pws,,11110,2.308,1.3028,-1.0052,-0.4355,1.4682,2.5954,1.1245,0.7326,0.6557,0.1141,0.6046,openmesh 2023-12-17 18
openmesh,pycomlink line,pws,,11225,2.3234,1.2952,-1.0282,-0.4426,1.4813,2.6096,1.1232,0.7364,0.6578,0.112,0.6074,openmesh 2023-12-17 18
openmesh,pycomlink gmz,pws,,11225,2.3234,1.3143,-1.0091,-0.4343,1.4822,2.631,1.1324,0.7223,0.6623,0.1146,0.61,openmesh 2023-12-17 18
openmesh,nearby idw,pws,,10409,2.3555,1.2368,-1.1187,-0.4749,1.7,2.9762,1.2635,0.6229,0.8694,0.1116,0.7838,openmesh 2023-12-17 18
openmesh,nearby line,pws,,10583,2.3576,1.2258,-1.1318,-0.4801,1.699,2.9646,1.2575,0.6359,0.8714,0.1099,0.7867,openmesh 2023-12-17 18
openmesh,nearby gmz,pws,,10583,2.3576,1.2522,-1.1054,-0.4689,1.6904,2.9552,1.2535,0.6302,0.8753,0.1102,0.7896,openmesh 2023-12-17 18
openmesh,rnn idw,pws,,11125,2.3191,2.299,-0.0201,-0.0087,1.3912,2.2829,0.9844,0.7659,0.953,0.1399,0.8252,openmesh 2023-12-17 18
openmesh,rnn line,pws,,11225,2.3234,2.2944,-0.029,-0.0125,1.3962,2.2858,0.9838,0.7652,0.9524,0.1417,0.823,openmesh 2023-12-17 18
openmesh,rnn gmz,pws,,11225,2.3234,2.2999,-0.0235,-0.0101,1.4076,2.2996,0.9897,0.7599,0.9523,0.1418,0.8229,openmesh 2023-12-17 18
openmesh,pws,radar,2.0,3624,1.4034,1.2927,-0.1107,-0.0789,0.3106,0.6872,0.4897,0.9592,0.8675,0.2285,0.6902,openmesh 2023-12-27 15
openmesh,dynamic idw,radar,2.0,3624,1.4034,2.9985,1.5951,1.1366,1.9147,2.7377,1.9508,0.7067,0.9971,0.5146,0.4847,openmesh 2023-12-27 15
openmesh,dynamic line,radar,2.0,3624,1.4034,2.7972,1.3938,0.9932,1.7666,2.5635,1.8267,0.7071,0.9977,0.5089,0.4905,openmesh 2023-12-27 15
openmesh,dynamic gmz,radar,2.0,3624,1.4034,2.8711,1.4677,1.0458,1.8853,2.7411,1.9532,0.6803,0.9954,0.5084,0.4905,openmesh 2023-12-27 15
openmesh,constant idw,radar,2.0,3624,1.4034,1.4873,0.0839,0.0598,0.7754,1.6861,1.2015,0.8167,0.9038,0.3115,0.6415,openmesh 2023-12-27 15
openmesh,constant line,radar,2.0,3624,1.4034,1.4197,0.0163,0.0116,0.7512,1.5866,1.1305,0.8217,0.8819,0.3006,0.6395,openmesh 2023-12-27 15
openmesh,constant gmz,radar,2.0,3624,1.4034,1.4824,0.079,0.0563,0.8008,1.7045,1.2146,0.8102,0.9009,0.3128,0.6389,openmesh 2023-12-27 15
openmesh,pycomlink idw,radar,2.0,3624,1.4034,0.9851,-0.4183,-0.2981,0.7666,1.6465,1.1732,0.7568,0.7759,0.1393,0.6894,openmesh 2023-12-27 15
openmesh,pycomlink line,radar,2.0,3624,1.4034,0.9425,-0.4609,-0.3284,0.7689,1.6489,1.1749,0.7545,0.7586,0.1272,0.6831,openmesh 2023-12-27 15
openmesh,pycomlink gmz,radar,2.0,3624,1.4034,0.9789,-0.4245,-0.3024,0.7793,1.6838,1.1998,0.7438,0.7742,0.1412,0.6868,openmesh 2023-12-27 15
openmesh,nearby idw,radar,2.0,3624,1.4034,0.8392,-0.5642,-0.402,0.927,2.0294,1.4461,0.6134,0.7258,0.0789,0.6833,openmesh 2023-12-27 15
openmesh,nearby line,radar,2.0,3624,1.4034,0.8441,-0.5593,-0.3986,0.9156,2.0239,1.4421,0.6149,0.7195,0.0769,0.6788,openmesh 2023-12-27 15
openmesh,nearby gmz,radar,2.0,3624,1.4034,0.8626,-0.5408,-0.3854,0.9138,2.0271,1.4445,0.6146,0.7321,0.085,0.6855,openmesh 2023-12-27 15
openmesh,rnn idw,radar,2.0,3624,1.4034,1.4126,0.0092,0.0065,0.6225,1.184,0.8437,0.8695,0.9217,0.194,0.7544,openmesh 2023-12-27 15
openmesh,rnn line,radar,2.0,3624,1.4034,1.4318,0.0284,0.0202,0.6385,1.2143,0.8652,0.8623,0.9338,0.1899,0.7661,openmesh 2023-12-27 15
openmesh,rnn gmz,radar,2.0,3624,1.4034,1.4332,0.0298,0.0212,0.6455,1.2318,0.8777,0.8581,0.928,0.1896,0.7624,openmesh 2023-12-27 15
openmesh,dynamic idw,pws,2.0,3624,1.2927,2.9985,1.7058,1.3195,1.9961,2.8856,2.2322,0.673,0.9923,0.4568,0.5409,openmesh 2023-12-27 15
openmesh,dynamic line,pws,2.0,3624,1.2927,2.7972,1.5045,1.1638,1.8238,2.6895,2.0805,0.6803,0.9867,0.4539,0.5421,openmesh 2023-12-27 15
openmesh,dynamic gmz,pws,2.0,3624,1.2927,2.8711,1.5784,1.221,1.9382,2.8635,2.2151,0.6539,0.9836,0.4538,0.5413,openmesh 2023-12-27 15
openmesh,constant idw,pws,2.0,3624,1.2927,1.4873,0.1945,0.1505,0.8227,1.9473,1.5064,0.7491,0.8412,0.2795,0.6342,openmesh 2023-12-27 15
openmesh,constant line,pws,2.0,3624,1.2927,1.4197,0.127,0.0982,0.7692,1.8278,1.4139,0.758,0.8304,0.2595,0.6433,openmesh 2023-12-27 15
openmesh,constant gmz,pws,2.0,3624,1.2927,1.4824,0.1897,0.1468,0.8227,1.9415,1.5019,0.7482,0.8412,0.2786,0.635,openmesh 2023-12-27 15
openmesh,pycomlink idw,pws,2.0,3624,1.2927,0.9851,-0.3076,-0.238,0.7192,1.6974,1.313,0.7185,0.7131,0.1105,0.6551,openmesh 2023-12-27 15
openmesh,pycomlink line,pws,2.0,3624,1.2927,0.9425,-0.3502,-0.2709,0.7144,1.6691,1.2911,0.7227,0.7059,0.0868,0.6615,openmesh 2023-12-27 15
openmesh,pycomlink gmz,pws,2.0,3624,1.2927,0.9789,-0.3138,-0.2427,0.7294,1.7109,1.3235,0.7124,0.7136,0.1099,0.6558,openmesh 2023-12-27 15
openmesh,nearby idw,pws,2.0,3624,1.2927,0.8392,-0.4535,-0.3508,0.8485,2.008,1.5533,0.5898,0.666,0.0497,0.6436,openmesh 2023-12-27 15
openmesh,nearby line,pws,2.0,3624,1.2927,0.8441,-0.4487,-0.3471,0.8354,1.9978,1.5454,0.5934,0.6593,0.0488,0.6378,openmesh 2023-12-27 15
openmesh,nearby gmz,pws,2.0,3624,1.2927,0.8626,-0.4302,-0.3328,0.8356,1.9986,1.546,0.5953,0.6701,0.0583,0.6434,openmesh 2023-12-27 15
openmesh,rnn idw,pws,2.0,3624,1.2927,1.4126,0.1199,0.0927,0.6391,1.2836,0.993,0.8362,0.8627,0.1516,0.7474,openmesh 2023-12-27 15
openmesh,rnn line,pws,2.0,3624,1.2927,1.4318,0.1391,0.1076,0.6557,1.3187,1.0201,0.8276,0.8699,0.1514,0.753,openmesh 2023-12-27 15
openmesh,rnn gmz,pws,2.0,3624,1.2927,1.4332,0.1405,0.1087,0.6626,1.3357,1.0332,0.8235,0.8617,0.1539,0.7449,openmesh 2023-12-27 15
openmesh,pws,radar,,11136,1.5101,1.3313,-0.1788,-0.1184,0.4199,0.8991,0.5954,0.9396,0.8771,0.2716,0.661,openmesh 2023-12-27 15
openmesh,dynamic idw,radar,,11088,1.5099,3.1883,1.6784,1.1116,2.0736,2.7703,1.8347,0.717,0.9931,0.5082,0.4901,openmesh 2023-12-27 15
openmesh,dynamic line,radar,,11136,1.5101,3.0398,1.5297,1.013,1.9698,2.6594,1.7611,0.7147,0.9893,0.5023,0.495,openmesh 2023-12-27 15
openmesh,dynamic gmz,radar,,11136,1.5101,3.0832,1.5731,1.0417,2.0689,2.7871,1.8456,0.6894,0.9842,0.5048,0.4912,openmesh 2023-12-27 15
openmesh,constant idw,radar,,11088,1.5099,1.681,0.171,0.1133,0.797,1.6403,1.0863,0.85,0.8799,0.3502,0.5969,openmesh 2023-12-27 15
openmesh,constant line,radar,,11136,1.5101,1.6334,0.1233,0.0817,0.7895,1.603,1.0615,0.8484,0.8771,0.3436,0.6011,openmesh 2023-12-27 15
openmesh,constant gmz,radar,,11136,1.5101,1.6671,0.1571,0.104,0.8235,1.6896,1.1189,0.8381,0.8758,0.3539,0.5919,openmesh 2023-12-27 15
openmesh,pycomlink idw,radar,,11088,1.5099,1.0282,-0.4817,-0.319,0.8517,1.8171,1.2034,0.7371,0.7689,0.1465,0.6793,openmesh 2023-12-27 15
openmesh,pycomlink line,radar,,11136,1.5101,0.9977,-0.5124,-0.3393,0.8631,1.8332,1.214,0.7322,0.7633,0.1318,0.6841,openmesh 2023-12-27 15
openmesh,pycomlink gmz,radar,,11136,1.5101,1.0135,-0.4966,-0.3289,0.8714,1.8669,1.2363,0.7209,0.7687,0.1497,0.6771,openmesh 2023-12-27 15
openmesh,nearby idw,radar,,11088,1.5099,1.0078,-0.5021,-0.3326,1.0992,2.3799,1.5761,0.5542,0.7385,0.0872,0.6898,openmesh 2023-12-27 15
openmesh,nearby line,radar,,11136,1.5101,1.0026,-0.5075,-0.3361,1.0937,2.3716,1.5705,0.5551,0.7353,0.0855,0.688,openmesh 2023-12-27 15
openmesh,nearby gmz,radar,,11136,1.5101,1.0158,-0.4943,-0.3273,1.0933,2.3729,1.5713,0.556,0.7521,0.0903,0.6998,openmesh 2023-12-27 15
openmesh,rnn idw,radar,,11088,1.5099,1.3836,-0.1263,-0.0837,0.6804,1.2988,0.8602,0.8687,0.891,0.2178,0.7139,openmesh 2023-12-27 15
openmesh,rnn line,radar,,11136,1.5101,1.3985,-0.1116,-0.0739,0.6948,1.3186,0.8732,0.863,0.8988,0.2187,0.7182,openmesh 2023-12-27 15
openmesh,rnn gmz,radar,,11136,1.5101,1.3993,-0.1108,-0.0734,0.6963,1.3207,0.8746,0.8622,0.8956,0.2188,0.716,openmesh 2023-12-27 15
openmesh,dynamic idw,pws,,11088,1.3322,3.1883,1.8562,1.3934,2.1573,2.9436,2.2097,0.687,0.9784,0.417,0.5756,openmesh 2023-12-27 15
openmesh,dynamic line,pws,,11136,1.3313,3.0398,1.7086,1.2834,2.0339,2.8213,2.1192,0.6863,0.9726,0.4109,0.5795,openmesh 2023-12-27 15
openmesh,dynamic gmz,pws,,11136,1.3313,3.0832,1.7519,1.316,2.1304,2.9423,2.2101,0.6616,0.9669,0.4142,0.5742,openmesh 2023-12-27 15
openmesh,constant idw,pws,,11088,1.3322,1.681,0.3488,0.2619,0.8767,1.937,1.4541,0.7882,0.8003,0.2887,0.6041,openmesh 2023-12-27 15
openmesh,constant line,pws,,11136,1.3313,1.6334,0.3021,0.2269,0.8398,1.8855,1.4163,0.7875,0.8001,0.279,0.611,openmesh 2023-12-27 15
openmesh,constant gmz,pws,,11136,1.3313,1.6671,0.3359,0.2523,0.8843,1.9629,1.4745,0.779,0.7982,0.2909,0.6013,openmesh 2023-12-27 15
openmesh,pycomlink idw,pws,,11088,1.3322,1.0282,-0.3039,-0.2282,0.7725,1.7469,1.3113,0.7147,0.6528,0.128,0.5957,openmesh 2023-12-27 15
openmesh,pycomlink line,pws,,11136,1.3313,0.9977,-0.3336,-0.2506,0.7768,1.7451,1.3109,0.7119,0.6523,0.1066,0.6052,openmesh 2023-12-27 15
openmesh,pycomlink gmz,pws,,11136,1.3313,1.0135,-0.3178,-0.2387,0.7887,1.7813,1.338,0.7018,0.6528,0.1305,0.5946,openmesh 2023-12-27 15
openmesh,nearby idw,pws,,11088,1.3322,1.0078,-0.3244,-0.2435,1.01,2.3122,1.7357,0.5306,0.6409,0.0468,0.6214,openmesh 2023-12-27 15
openmesh,nearby line,pws,,11136,1.3313,1.0026,-0.3287,-0.2469,1.002,2.3005,1.7281,0.5316,0.6386,0.0438,0.6204,openmesh 2023-12-27 15
openmesh,nearby gmz,pws,,11136,1.3313,1.0158,-0.3155,-0.237,1.0021,2.3027,1.7297,0.5332,0.6471,0.0576,0.6225,openmesh 2023-12-27 15
openmesh,rnn idw,pws,,11088,1.3322,1.3836,0.0515,0.0386,0.6527,1.3184,0.9897,0.8344,0.8143,0.1397,0.7192,openmesh 2023-12-27 15
openmesh,rnn line,pws,,11136,1.3313,1.3985,0.0672,0.0505,0.6673,1.3432,1.009,0.8275,0.819,0.1428,0.7207,openmesh 2023-12-27 15
openmesh,rnn gmz,pws,,11136,1.3313,1.3993,0.068,0.0511,0.6691,1.3473,1.012,0.8265,0.8167,0.1421,0.7194,openmesh 2023-12-27 15
openmesh,pws,radar,2.0,2869,3.0739,2.8834,-0.1905,-0.062,0.5398,0.9751,0.3172,0.9481,0.9569,0.0539,0.9074,openmesh 2024-01-09 16
openmesh,dynamic idw,radar,2.0,2869,3.0739,3.7013,0.6274,0.2041,2.1585,3.0076,0.9784,0.5052,0.9953,0.1667,0.83,openmesh 2024-01-09 16
openmesh,dynamic line,radar,2.0,2869,3.0739,3.5154,0.4415,0.1436,2.0934,2.9384,0.9559,0.5046,0.9941,0.1639,0.8319,openmesh 2024-01-09 16
openmesh,dynamic gmz,radar,2.0,2869,3.0739,3.5653,0.4914,0.1598,2.197,3.0753,1.0004,0.4828,0.9924,0.1645,0.8302,openmesh 2024-01-09 16
openmesh,constant idw,radar,2.0,2869,3.0739,2.1748,-0.8991,-0.2925,2.1243,3.0836,1.0031,0.5419,0.8715,0.0223,0.8545,openmesh 2024-01-09 16
openmesh,constant line,radar,2.0,2869,3.0739,2.2498,-0.8241,-0.2681,2.0603,3.036,0.9877,0.5497,0.8732,0.0232,0.8554,openmesh 2024-01-09 16
openmesh,constant gmz,radar,2.0,2869,3.0739,2.3162,-0.7577,-0.2465,2.0528,3.0422,0.9897,0.5524,0.8757,0.0245,0.8568,openmesh 2024-01-09 16
openmesh,pycomlink idw,radar,2.0,2869,3.0739,0.5652,-2.5087,-0.8161,2.5157,3.4851,1.1338,0.6609,0.6854,0.0,0.6854,openmesh 2024-01-09 16
openmesh,pycomlink line,radar,2.0,2869,3.0739,0.5598,-2.5141,-0.8179,2.5212,3.4993,1.1384,0.6533,0.6829,0.0,0.6829,openmesh 2024-01-09 16
openmesh,pycomlink gmz,radar,2.0,2869,3.0739,0.5892,-2.4847,-0.8083,2.4995,3.4789,1.1317,0.6269,0.6858,0.0,0.6858,openmesh 2024-01-09 16
openmesh,nearby idw,radar,2.0,2858,3.0857,1.902,-1.1837,-0.3836,1.6466,2.4019,0.7784,0.6982,0.9133,0.0518,0.8699,openmesh 2024-01-09 16
openmesh,nearby line,radar,2.0,2858,3.0857,1.8947,-1.191,-0.386,1.6153,2.3945,0.776,0.7006,0.9154,0.0492,0.874,openmesh 2024-01-09 16
openmesh,nearby gmz,radar,2.0,2858,3.0857,1.9337,-1.152,-0.3733,1.6444,2.4639,0.7985,0.672,0.9146,0.0488,0.8736,openmesh 2024-01-09 16
openmesh,rnn idw,radar,2.0,2869,3.0739,2.3764,-0.6975,-0.2269,1.258,1.902,0.6188,0.8095,0.9235,0.0041,0.92,openmesh 2024-01-09 16
openmesh,rnn line,radar,2.0,2869,3.0739,2.4328,-0.6411,-0.2086,1.2987,1.9266,0.6268,0.7933,0.9349,0.0058,0.9298,openmesh 2024-01-09 16
openmesh,rnn gmz,radar,2.0,2869,3.0739,2.4337,-0.6402,-0.2083,1.3118,1.9614,0.6381,0.7795,0.9383,0.0107,0.9288,openmesh 2024-01-09 16
openmesh,dynamic idw,pws,2.0,2869,2.8834,3.7013,0.8179,0.2837,2.2978,3.2795,1.1374,0.4412,0.9962,0.1565,0.8409,openmesh 2024-01-09 16
openmesh,dynamic line,pws,2.0,2869,2.8834,3.5154,0.632,0.2192,2.2104,3.2074,1.1124,0.4386,0.9954,0.1533,0.8434,openmesh 2024-01-09 16
openmesh,dynamic gmz,pws,2.0,2869,2.8834,3.5653,0.6819,0.2365,2.3018,3.3236,1.1527,0.4241,0.9937,0.1538,0.8417,openmesh 2024-01-09 16
openmesh,constant idw,pws,2.0,2869,2.8834,2.1748,-0.7086,-0.2457,2.1235,3.3537,1.1631,0.4484,0.8696,0.0133,0.8595,openmesh 2024-01-09 16
openmesh,constant line,pws,2.0,2869,2.8834,2.2498,-0.6336,-0.2197,2.0596,3.3127,1.1489,0.4564,0.8721,0.0132,0.862,openmesh 2024-01-09 16
openmesh,constant gmz,pws,2.0,2869,2.8834,2.3162,-0.5672,-0.1967,2.0594,3.3241,1.1529,0.4598,0.8742,0.0151,0.8626,openmesh 2024-01-09 16
openmesh,pycomlink idw,pws,2.0,2869,2.8834,0.5652,-2.3182,-0.804,2.3436,3.469,1.2031,0.5946,0.6768,0.0012,0.6763,openmesh 2024-01-09 16
openmesh,pycomlink line,pws,2.0,2869,2.8834,0.5598,-2.3236,-0.8059,2.3494,3.4801,1.2069,0.5903,0.6743,0.0012,0.6738,openmesh 2024-01-09 16
openmesh,pycomlink gmz,pws,2.0,2869,2.8834,0.5892,-2.2942,-0.7957,2.3291,3.4618,1.2006,0.567,0.6773,0.0012,0.6767,openmesh 2024-01-09 16
openmesh,nearby idw,pws,2.0,2858,2.8927,1.902,-0.9908,-0.3425,1.5345,2.4145,0.8347,0.6831,0.9017,0.0575,0.8547,openmesh 2024-01-09 16
openmesh,nearby line,pws,2.0,2858,2.8927,1.8947,-0.998,-0.345,1.5003,2.4113,0.8336,0.6839,0.903,0.0558,0.8573,openmesh 2024-01-09 16
openmesh,nearby gmz,pws,2.0,2858,2.8927,1.9337,-0.959,-0.3315,1.5289,2.4702,0.8539,0.6606,0.9005,0.0572,0.8538,openmesh 2024-01-09 16
openmesh,rnn idw,pws,2.0,2869,2.8834,2.3764,-0.507,-0.1758,1.36,2.106,0.7304,0.7413,0.8896,0.0296,0.8661,openmesh 2024-01-09 16
openmesh,rnn line,pws,2.0,2869,2.8834,2.4328,-0.4506,-0.1563,1.397,2.129,0.7384,0.7274,0.8997,0.0324,0.8734,openmesh 2024-01-09 16
openmesh,rnn gmz,pws,2.0,2869,2.8834,2.4337,-0.4497,-0.156,1.4093,2.16,0.7491,0.7147,0.903,0.037,0.8727,openmesh 2024-01-09 16
openmesh,pws,radar,,8816,3.1953,2.7894,-0.4059,-0.127,0.7163,1.1827,0.3701,0.9309,0.9676,0.0922,0.881,openmesh 2024-01-09 16
openmesh,dynamic idw,radar,,8778,3.1947,3.9721,0.7773,0.2433,2.3987,3.2389,1.0138,0.4781,0.9875,0.1625,0.8287,openmesh 2024-01-09 16
openmesh,dynamic line,radar,,8816,3.1953,3.8191,0.6238,0.1952,2.3581,3.2036,1.0026,0.4721,0.9878,0.1597,0.8317,openmesh 2024-01-09 16
openmesh,dynamic gmz,radar,,8816,3.1953,3.8543,0.659,0.2062,2.44,3.2966,1.0317,0.4561,0.9838,0.1637,0.825,openmesh 2024-01-09 16
openmesh,constant idw,radar,,8778,3.1947,2.9236,-0.2712,-0.0849,2.2912,3.3453,1.0471,0.5362,0.9194,0.04,0.8855,openmesh 2024-01-09 16
openmesh,constant line,radar,,8816,3.1953,2.9573,-0.238,-0.0745,2.2543,3.3155,1.0376,0.5399,0.924,0.0411,0.8888,openmesh 2024-01-09 16
openmesh,constant gmz,radar,,8816,3.1953,3.0159,-0.1794,-0.0562,2.2219,3.2937,1.0308,0.5475,0.9257,0.0425,0.8891,openmesh 2024-01-09 16
openmesh,pycomlink idw,radar,,8778,3.1947,0.6177,-2.5771,-0.8067,2.5873,3.6196,1.133,0.6686,0.7102,0.0,0.7102,openmesh 2024-01-09 16
openmesh,pycomlink line,radar,,8816,3.1953,0.6064,-2.5889,-0.8102,2.5991,3.6375,1.1384,0.6689,0.7149,0.0,0.7149,openmesh 2024-01-09 16
openmesh,pycomlink gmz,radar,,8816,3.1953,0.6376,-2.5577,-0.8004,2.5704,3.6096,1.1296,0.6581,0.7149,0.0,0.7149,openmesh 2024-01-09 16
openmesh,nearby idw,radar,,8705,3.2215,2.0386,-1.1829,-0.3672,1.8648,2.7692,0.8596,0.5922,0.9144,0.0589,0.8649,openmesh 2024-01-09 16
openmesh,nearby line,radar,,8745,3.2213,2.011,-1.2103,-0.3757,1.8507,2.7629,0.8577,0.5944,0.9178,0.0582,0.8685,openmesh 2024-01-09 16
openmesh,nearby gmz,radar,,8745,3.2213,2.0409,-1.1804,-0.3664,1.8576,2.7831,0.864,0.5845,0.9156,0.0608,0.8644,openmesh 2024-01-09 16
openmesh,rnn idw,radar,,8778,3.1947,2.3298,-0.8649,-0.2707,1.3724,2.1606,0.6763,0.7793,0.9362,0.0133,0.9245,openmesh 2024-01-09 16
openmesh,rnn line,radar,,8816,3.1953,2.3697,-0.8257,-0.2584,1.3968,2.1716,0.6796,0.7692,0.9417,0.0142,0.9291,openmesh 2024-01-09 16
openmesh,rnn gmz,radar,,8816,3.1953,2.3671,-0.8283,-0.2592,1.4088,2.1927,0.6862,0.7609,0.9466,0.0217,0.9271,openmesh 2024-01-09 16
openmesh,dynamic idw,pws,,8778,2.7932,3.9721,1.1788,0.422,2.4694,3.3896,1.2135,0.4359,0.9935,0.1024,0.8923,openmesh 2024-01-09 16
openmesh,dynamic line,pws,,8816,2.7894,3.8191,1.0297,0.3692,2.4006,3.3381,1.1967,0.4286,0.9945,0.0982,0.8974,openmesh 2024-01-09 16
openmesh,dynamic gmz,pws,,8816,2.7894,3.8543,1.0649,0.3818,2.4747,3.4177,1.2253,0.4187,0.9891,0.1038,0.8875,openmesh 2024-01-09 16
openmesh,constant idw,pws,,8778,2.7932,2.9236,0.1304,0.0467,2.2417,3.5044,1.2546,0.4668,0.8872,0.0132,0.8768,openmesh 2024-01-09 16
openmesh,constant line,pws,,8816,2.7894,2.9573,0.1679,0.0602,2.1994,3.4766,1.2463,0.4712,0.8918,0.0135,0.8811,openmesh 2024-01-09 16
openmesh,constant gmz,pws,,8816,2.7894,3.0159,0.2265,0.0812,2.187,3.4711,1.2444,0.4769,0.8937,0.0147,0.8819,openmesh 2024-01-09 16
openmesh,pycomlink idw,pws,,8778,2.7932,0.6177,-2.1755,-0.7789,2.2096,3.2553,1.1654,0.6135,0.6664,0.0004,0.6662,openmesh 2024-01-09 16
openmesh,pycomlink line,pws,,8816,2.7894,0.6064,-2.183,-0.7826,2.2155,3.2671,1.1713,0.6139,0.6704,0.0004,0.6703,openmesh 2024-01-09 16
openmesh,pycomlink gmz,pws,,8816,2.7894,0.6376,-2.1518,-0.7714,2.1919,3.2448,1.1632,0.6008,0.6704,0.0004,0.6703,openmesh 2024-01-09 16
openmesh,nearby idw,pws,,8705,2.8144,2.0386,-0.7758,-0.2756,1.6333,2.5407,0.9027,0.5811,0.8745,0.0501,0.836,openmesh 2024-01-09 16
openmesh,nearby line,pws,,8745,2.8099,2.011,-0.7989,-0.2843,1.6116,2.5321,0.9011,0.5797,0.8772,0.0491,0.8392,openmesh 2024-01-09 16
openmesh,nearby gmz,pws,,8745,2.8099,2.0409,-0.769,-0.2737,1.6216,2.5461,0.9061,0.5751,0.8749,0.052,0.8348,openmesh 2024-01-09 16
openmesh,rnn idw,pws,,8778,2.7932,2.3298,-0.4634,-0.1659,1.325,2.0397,0.7302,0.7232,0.8736,0.0192,0.8589,openmesh 2024-01-09 16
openmesh,rnn line,pws,,8816,2.7894,2.3697,-0.4197,-0.1505,1.3473,2.0512,0.7353,0.7148,0.8779,0.0204,0.8622,openmesh 2024-01-09 16
openmesh,rnn gmz,pws,,8816,2.7894,2.3671,-0.4223,-0.1514,1.3565,2.071,0.7425,0.707,0.8873,0.0226,0.8694,openmesh 2024-01-09 16
openmesh,pws,radar,2.0,1524,2.6473,2.9602,0.3129,0.1182,0.9408,1.8726,0.7074,0.7692,0.9951,0.0675,0.9282,openmesh 2024-03-02 12
openmesh,dynamic idw,radar,2.0,1524,2.6473,3.6458,0.9985,0.3772,1.7029,2.372,0.896,0.59,0.9972,0.0698,0.9278,openmesh 2024-03-02 12
openmesh,dynamic line,radar,2.0,1524,2.6473,3.453,0.8057,0.3044,1.5957,2.1801,0.8235,0.595,0.9965,0.0698,0.9271,openmesh 2024-03-02 12
openmesh,dynamic gmz,radar,2.0,1524,2.6473,3.5117,0.8644,0.3265,1.7606,2.4351,0.9198,0.5493,0.9929,0.0694,0.9244,openmesh 2024-03-02 12
openmesh,constant idw,radar,2.0,1524,2.6473,1.0123,-1.635,-0.6176,2.3408,2.9679,1.1211,0.3694,0.59,0.0,0.59,openmesh 2024-03-02 12
openmesh,constant line,radar,2.0,1524,2.6473,0.9877,-1.6596,-0.6269,2.3547,2.9776,1.1248,0.3613,0.578,0.0,0.578,openmesh 2024-03-02 12
openmesh,constant gmz,radar,2.0,1524,2.6473,1.0201,-1.6273,-0.6147,2.3408,2.9703,1.122,0.3692,0.59,0.0,0.59,openmesh 2024-03-02 12
openmesh,pycomlink idw,radar,2.0,1524,2.6473,0.9052,-1.7421,-0.6581,1.9292,2.5123,0.949,0.502,0.6676,0.0999,0.6216,openmesh 2024-03-02 12
openmesh,pycomlink line,radar,2.0,1524,2.6473,0.8921,-1.7552,-0.663,1.9296,2.5029,0.9454,0.5059,0.6606,0.0991,0.6158,openmesh 2024-03-02 12
openmesh,pycomlink gmz,radar,2.0,1524,2.6473,0.9191,-1.7283,-0.6528,1.9298,2.5096,0.948,0.4951,0.6641,0.0987,0.6191,openmesh 2024-03-02 12
openmesh,nearby idw,radar,2.0,1524,2.6473,1.2562,-1.3912,-0.5255,1.8836,2.3502,0.8878,0.4746,0.8172,0.0824,0.7613,openmesh 2024-03-02 12
openmesh,nearby line,radar,2.0,1524,2.6473,1.2008,-1.4465,-0.5464,1.9178,2.381,0.8994,0.4645,0.8144,0.0819,0.7592,openmesh 2024-03-02 12
openmesh,nearby gmz,radar,2.0,1524,2.6473,1.223,-1.4243,-0.538,1.929,2.4077,0.9095,0.4485,0.8109,0.0815,0.7564,openmesh 2024-03-02 12
openmesh,rnn idw,radar,2.0,1524,2.6473,2.3649,-0.2824,-0.1067,0.7089,0.9693,0.3662,0.8935,0.9986,0.0703,0.9285,openmesh 2024-03-02 12
openmesh,rnn line,radar,2.0,1524,2.6473,2.3582,-0.2891,-0.1092,0.7002,0.9643,0.3642,0.896,0.9965,0.0704,0.9265,openmesh 2024-03-02 12
openmesh,rnn gmz,radar,2.0,1524,2.6473,2.3569,-0.2904,-0.1097,0.7182,0.996,0.3762,0.8856,0.9908,0.0702,0.9219,openmesh 2024-03-02 12
openmesh,dynamic idw,pws,2.0,1524,2.9602,3.6458,0.6856,0.2316,1.7857,2.5769,0.8705,0.5917,0.9967,0.0079,0.9888,openmesh 2024-03-02 12
openmesh,dynamic line,pws,2.0,1524,2.9602,3.453,0.4928,0.1665,1.6611,2.4098,0.8141,0.6143,0.996,0.0079,0.9882,openmesh 2024-03-02 12
openmesh,dynamic gmz,pws,2.0,1524,2.9602,3.5117,0.5516,0.1863,1.7821,2.5971,0.8773,0.5789,0.9921,0.0079,0.9843,openmesh 2024-03-02 12
openmesh,constant idw,pws,2.0,1524,2.9602,1.0123,-1.9479,-0.658,2.2685,3.181,1.0746,0.5537,0.5489,0.0072,0.5468,openmesh 2024-03-02 12
openmesh,constant line,pws,2.0,1524,2.9602,0.9877,-1.9725,-0.6663,2.285,3.1967,1.0799,0.5499,0.5377,0.0073,0.5356,openmesh 2024-03-02 12
openmesh,constant gmz,pws,2.0,1524,2.9602,1.0201,-1.9401,-0.6554,2.2632,3.1753,1.0727,0.5555,0.5489,0.0072,0.5468,openmesh 2024-03-02 12
openmesh,pycomlink idw,pws,2.0,1524,2.9602,0.9052,-2.055,-0.6942,2.1632,3.0606,1.0339,0.622,0.6885,0.0095,0.684,openmesh 2024-03-02 12
openmesh,pycomlink line,pws,2.0,1524,2.9602,0.8921,-2.0681,-0.6986,2.1691,3.0553,1.0321,0.6388,0.6812,0.0087,0.6772,openmesh 2024-03-02 12
openmesh,pycomlink gmz,pws,2.0,1524,2.9602,0.9191,-2.0411,-0.6895,2.1576,3.0509,1.0306,0.6228,0.6845,0.0086,0.6805,openmesh 2024-03-02 12
openmesh,nearby idw,pws,2.0,1524,2.9602,1.2562,-1.704,-0.5756,1.9946,2.9985,1.0129,0.5149,0.8274,0.0087,0.8214,openmesh 2024-03-02 12
openmesh,nearby line,pws,2.0,1524,2.9602,1.2008,-1.7594,-0.5944,2.0258,3.0238,1.0215,0.5178,0.8241,0.0088,0.8181,openmesh 2024-03-02 12
openmesh,nearby gmz,pws,2.0,1524,2.9602,1.223,-1.7372,-0.5868,2.0264,3.0244,1.0217,0.5107,0.8201,0.0088,0.8142,openmesh 2024-03-02 12
openmesh,rnn idw,pws,2.0,1524,2.9602,2.3649,-0.5953,-0.2011,1.204,2.2025,0.744,0.6874,0.9987,0.0079,0.9908,openmesh 2024-03-02 12
openmesh,rnn line,pws,2.0,1524,2.9602,2.3582,-0.602,-0.2034,1.2013,2.1996,0.743,0.6902,0.9967,0.0079,0.9888,openmesh 2024-03-02 12
openmesh,rnn gmz,pws,2.0,1524,2.9602,2.3569,-0.6033,-0.2038,1.2195,2.2223,0.7507,0.6783,0.9907,0.0079,0.9829,openmesh 2024-03-02 12
openmesh,pws,radar,,5568,2.6326,2.9041,0.2716,0.1032,0.9292,1.6384,0.6224,0.7961,0.9981,0.0645,0.9338,openmesh 2024-03-02 12
openmesh,dynamic idw,radar,,5544,2.6319,3.78,1.1481,0.4362,1.807,2.2963,0.8725,0.6075,0.9915,0.0628,0.9298,openmesh 2024-03-02 12
openmesh,dynamic line,radar,,5568,2.6326,3.641,1.0084,0.3831,1.727,2.1834,0.8294,0.6047,0.9929,0.0629,0.9308,openmesh 2024-03-02 12
openmesh,dynamic gmz,radar,,5568,2.6326,3.672,1.0394,0.3948,1.8484,2.3548,0.8945,0.5637,0.9883,0.063,0.9267,openmesh 2024-03-02 12
openmesh,constant idw,radar,,5544,2.6319,1.4763,-1.1557,-0.4391,2.1893,2.8819,1.095,0.4251,0.6662,0.0,0.6662,openmesh 2024-03-02 12
openmesh,constant line,radar,,5568,2.6326,1.457,-1.1756,-0.4466,2.2039,2.8871,1.0967,0.4203,0.6635,0.0,0.6635,openmesh 2024-03-02 12
openmesh,constant gmz,radar,,5568,2.6326,1.4781,-1.1545,-0.4385,2.1948,2.8864,1.0964,0.4237,0.6693,0.0,0.6693,openmesh 2024-03-02 12
openmesh,pycomlink idw,radar,,5544,2.6319,1.0833,-1.5487,-0.5884,1.7544,2.3596,0.8965,0.5411,0.6696,0.0873,0.6293,openmesh 2024-03-02 12
openmesh,pycomlink line,radar,,5568,2.6326,1.0765,-1.5561,-0.5911,1.7614,2.3522,0.8935,0.5439,0.6679,0.0901,0.6265,openmesh 2024-03-02 12
openmesh,pycomlink gmz,radar,,5568,2.6326,1.091,-1.5416,-0.5856,1.7592,2.3603,0.8966,0.5355,0.6697,0.0898,0.6282,openmesh 2024-03-02 12
openmesh,nearby idw,radar,,5544,2.6319,1.3674,-1.2646,-0.4805,1.8768,2.3698,0.9004,0.4487,0.8466,0.0711,0.795,openmesh 2024-03-02 12
openmesh,nearby line,radar,,5568,2.6326,1.3148,-1.3177,-0.5006,1.9096,2.4003,0.9118,0.4381,0.8442,0.072,0.7922,openmesh 2024-03-02 12
openmesh,nearby gmz,radar,,5568,2.6326,1.3227,-1.3099,-0.4976,1.9199,2.4197,0.9191,0.4259,0.8442,0.0718,0.7924,openmesh 2024-03-02 12
openmesh,rnn idw,radar,,5544,2.6319,2.2822,-0.3497,-0.1329,0.7829,1.083,0.4115,0.8734,0.9942,0.0657,0.9293,openmesh 2024-03-02 12
openmesh,rnn line,radar,,5568,2.6326,2.2813,-0.3513,-0.1334,0.7739,1.0714,0.407,0.8778,0.9939,0.0658,0.9289,openmesh 2024-03-02 12
openmesh,rnn gmz,radar,,5568,2.6326,2.2744,-0.3581,-0.136,0.7829,1.0945,0.4158,0.8704,0.9914,0.0654,0.927,openmesh 2024-03-02 12
openmesh,dynamic idw,pws,,5544,2.9118,3.78,0.8682,0.2982,1.7273,2.3554,0.8089,0.6301,0.9888,0.0029,0.9859,openmesh 2024-03-02 12
openmesh,dynamic line,pws,,5568,2.9041,3.641,0.7369,0.2537,1.6276,2.2492,0.7745,0.6412,0.9903,0.0029,0.9874,openmesh 2024-03-02 12
openmesh,dynamic gmz,pws,,5568,2.9041,3.672,0.7679,0.2644,1.7302,2.3839,0.8209,0.6102,0.9858,0.0029,0.9829,openmesh 2024-03-02 12
openmesh,constant idw,pws,,5544,2.9118,1.4763,-1.4355,-0.493,2.0227,2.9247,1.0044,0.5581,0.6234,0.0017,0.6227,openmesh 2024-03-02 12
openmesh,constant line,pws,,5568,2.9041,1.457,-1.4472,-0.4983,2.0316,2.9277,1.0081,0.5557,0.6209,0.0017,0.6202,openmesh 2024-03-02 12
openmesh,constant gmz,pws,,5568,2.9041,1.4781,-1.4261,-0.491,2.02,2.919,1.0051,0.5588,0.6263,0.0017,0.6256,openmesh 2024-03-02 12
openmesh,pycomlink idw,pws,,5544,2.9118,1.0833,-1.8285,-0.628,1.8975,2.7136,0.9319,0.6653,0.6858,0.0029,0.6844,openmesh 2024-03-02 12
openmesh,pycomlink line,pws,,5568,2.9041,1.0765,-1.8277,-0.6293,1.8948,2.7,0.9297,0.676,0.6862,0.0026,0.685,openmesh 2024-03-02 12
openmesh,pycomlink gmz,pws,,5568,2.9041,1.091,-1.8132,-0.6243,1.888,2.699,0.9294,0.6677,0.6879,0.0026,0.6866,openmesh 2024-03-02 12
openmesh,nearby idw,pws,,5544,2.9118,1.3674,-1.5444,-0.5304,1.8737,2.8174,0.9676,0.4947,0.8522,0.0025,0.8504,openmesh 2024-03-02 12
openmesh,nearby line,pws,,5568,2.9041,1.3148,-1.5893,-0.5473,1.8999,2.8409,0.9782,0.4911,0.8505,0.0025,0.8487,openmesh 2024-03-02 12
openmesh,nearby gmz,pws,,5568,2.9041,1.3227,-1.5814,-0.5445,1.9046,2.8422,0.9787,0.4891,0.8503,0.0025,0.8485,openmesh 2024-03-02 12
openmesh,rnn idw,pws,,5544,2.9118,2.2822,-0.6296,-0.2162,1.1826,2.004,0.6882,0.7135,0.9946,0.0029,0.9917,openmesh 2024-03-02 12
openmesh,rnn line,pws,,5568,2.9041,2.2813,-0.6228,-0.2145,1.1783,1.991,0.6856,0.7183,0.9942,0.0029,0.9914,openmesh 2024-03-02 12
openmesh,rnn gmz,pws,,5568,2.9041,2.2744,-0.6297,-0.2168,1.192,2.0099,0.6921,0.7099,0.9914,0.0029,0.9885,openmesh 2024-03-02 12
openmesh,pws,radar,2.0,342,1.9357,1.8162,-0.1194,-0.0617,0.2739,0.3932,0.2031,0.989,0.9108,0.1343,0.798,openmesh 2024-03-06 17
openmesh,pws,radar,,8816,2.0979,2.0962,-0.0017,-0.0008,0.5896,1.4368,0.6848,0.8874,0.9248,0.0859,0.8508,openmesh 2024-03-06 17
openmesh,pws,radar,2.0,2416,2.6505,2.7199,0.0694,0.0262,0.5751,1.1531,0.4351,0.9508,0.9994,0.1128,0.8868,openmesh 2024-03-09 19
openmesh,dynamic idw,radar,2.0,2416,2.6505,4.3031,1.6525,0.6235,2.1975,3.4981,1.3198,0.7229,0.9988,0.3218,0.6776,openmesh 2024-03-09 19
openmesh,dynamic line,radar,2.0,2416,2.6505,4.0547,1.4041,0.5297,2.0616,3.3118,1.2495,0.7192,0.9988,0.3178,0.6816,openmesh 2024-03-09 19
openmesh,dynamic gmz,radar,2.0,2416,2.6505,4.1205,1.47,0.5546,2.215,3.5341,1.3333,0.6962,0.9969,0.3179,0.6806,openmesh 2024-03-09 19
openmesh,constant idw,radar,2.0,2416,2.6505,1.7775,-0.873,-0.3294,1.8715,2.8877,1.0895,0.6353,0.9139,0.1162,0.8158,openmesh 2024-03-09 19
openmesh,constant line,radar,2.0,2416,2.6505,1.8125,-0.838,-0.3162,1.8414,2.8899,1.0903,0.6298,0.9257,0.117,0.8245,openmesh 2024-03-09 19
openmesh,constant gmz,radar,2.0,2416,2.6505,1.8556,-0.7949,-0.2999,1.8386,2.9182,1.101,0.625,0.9269,0.1221,0.8211,openmesh 2024-03-09 19
openmesh,pycomlink idw,radar,2.0,2416,2.6505,1.2963,-1.3543,-0.5109,1.8082,2.766,1.0436,0.6987,0.6512,0.0122,0.646,openmesh 2024-03-09 19
openmesh,pycomlink line,radar,2.0,2416,2.6505,1.2634,-1.3871,-0.5233,1.8347,2.8163,1.0625,0.6863,0.6512,0.0131,0.6456,openmesh 2024-03-09 19
openmesh,pycomlink gmz,radar,2.0,2416,2.6505,1.2864,-1.3641,-0.5147,1.8365,2.8419,1.0722,0.6773,0.6506,0.015,0.6442,openmesh 2024-03-09 19
openmesh,nearby idw,radar,2.0,2416,2.6505,1.8525,-0.7981,-0.3011,1.6159,2.5521,0.9629,0.6959,0.9771,0.2568,0.7304,openmesh 2024-03-09 19
openmesh,nearby line,radar,2.0,2416,2.6505,1.7765,-0.8741,-0.3298,1.5763,2.4963,0.9418,0.7157,0.9796,0.2432,0.7451,openmesh 2024-03-09 19
openmesh,nearby gmz,radar,2.0,2416,2.6505,1.8539,-0.7966,-0.3006,1.6251,2.5802,0.9735,0.6862,0.974,0.2606,0.7251,openmesh 2024-03-09 19
openmesh,rnn idw,radar,2.0,2416,2.6505,2.2928,-0.3578,-0.135,1.0023,1.5774,0.5951,0.9224,0.9994,0.1276,0.8719,openmesh 2024-03-09 19
openmesh,rnn line,radar,2.0,2416,2.6505,2.3644,-0.2862,-0.108,1.067,1.6338,0.6164,0.9083,1.0,0.1209,0.8791,openmesh 2024-03-09 19
openmesh,rnn gmz,radar,2.0,2416,2.6505,2.3636,-0.2869,-0.1083,1.0893,1.6921,0.6384,0.8931,0.9994,0.1215,0.8781,openmesh 2024-03-09 19
openmesh,dynamic idw,pws,2.0,2416,2.7199,4.3031,1.5832,0.5821,2.3238,3.5837,1.3176,0.7036,0.9928,0.2406,0.7552,openmesh 2024-03-09 19
openmesh,dynamic line,pws,2.0,2416,2.7199,4.0547,1.3348,0.4907,2.1482,3.3657,1.2374,0.7107,0.9917,0.237,0.7582,openmesh 2024-03-09 19
openmesh,dynamic gmz,pws,2.0,2416,2.7199,4.1205,1.4006,0.515,2.2812,3.5601,1.3089,0.6928,0.9901,0.237,0.7573,openmesh 2024-03-09 19
openmesh,constant idw,pws,2.0,2416,2.7199,1.7775,-0.9424,-0.3465,1.7423,2.9896,1.0992,0.6607,0.8608,0.0623,0.8143,openmesh 2024-03-09 19
openmesh,constant line,pws,2.0,2416,2.7199,1.8125,-0.9074,-0.3336,1.7109,2.9932,1.1005,0.6557,0.8702,0.065,0.8205,openmesh 2024-03-09 19
openmesh,constant gmz,pws,2.0,2416,2.7199,1.8556,-0.8643,-0.3178,1.71,3.0037,1.1043,0.6537,0.8729,0.0687,0.8202,openmesh 2024-03-09 19
openmesh,pycomlink idw,pws,2.0,2416,2.7199,1.2963,-1.4236,-0.5234,1.7559,2.9908,1.0996,0.6999,0.5831,0.0038,0.5818,openmesh 2024-03-09 19
openmesh,pycomlink line,pws,2.0,2416,2.7199,1.2634,-1.4565,-0.5355,1.7805,3.0229,1.1114,0.6946,0.5842,0.0028,0.5832,openmesh 2024-03-09 19
openmesh,pycomlink gmz,pws,2.0,2416,2.7199,1.2864,-1.4335,-0.527,1.7813,3.0278,1.1132,0.6902,0.5847,0.0028,0.5837,openmesh 2024-03-09 19
openmesh,nearby idw,pws,2.0,2416,2.7199,1.8525,-0.8674,-0.3189,1.5856,2.8467,1.0466,0.6778,0.9571,0.18,0.7909,openmesh 2024-03-09 19
openmesh,nearby line,pws,2.0,2416,2.7199,1.7765,-0.9434,-0.3469,1.5365,2.7691,1.0181,0.7077,0.9576,0.1666,0.8038,openmesh 2024-03-09 19
openmesh,nearby gmz,pws,2.0,2416,2.7199,1.8539,-0.866,-0.3184,1.5897,2.8306,1.0407,0.6819,0.9499,0.1877,0.779,openmesh 2024-03-09 19
openmesh,rnn idw,pws,2.0,2416,2.7199,2.2928,-0.4271,-0.157,1.2344,2.1233,0.7807,0.8621,0.9763,0.04,0.9382,openmesh 2024-03-09 19
openmesh,rnn line,pws,2.0,2416,2.7199,2.3644,-0.3555,-0.1307,1.3101,2.1728,0.7989,0.8469,0.9708,0.0387,0.9344,openmesh 2024-03-09 19
openmesh,rnn gmz,pws,2.0,2416,2.7199,2.3636,-0.3563,-0.131,1.3288,2.2127,0.8135,0.834,0.9708,0.0387,0.9344,openmesh 2024-03-09 19
openmesh,pws,radar,,7424,2.5887,2.6502,0.0616,0.0238,0.6574,1.2191,0.4709,0.9383,0.9992,0.1286,0.8707,openmesh 2024-03-09 19
openmesh,dynamic idw,radar,,7392,2.5894,4.4369,1.8475,0.7135,2.3636,3.4601,1.3363,0.729,0.9981,0.3131,0.6861,openmesh 2024-03-09 19
openmesh,dynamic line,radar,,7424,2.5887,4.2589,1.6702,0.6452,2.2656,3.3403,1.2903,0.7216,0.9996,0.3101,0.6897,openmesh 2024-03-09 19
openmesh,dynamic gmz,radar,,7424,2.5887,4.2868,1.6982,0.656,2.3928,3.5049,1.3539,0.6979,0.9969,0.3107,0.6879,openmesh 2024-03-09 19
openmesh,constant idw,radar,,7392,2.5894,2.2868,-0.3026,-0.1169,1.9501,2.9474,1.1383,0.6183,0.9372,0.1661,0.7898,openmesh 2024-03-09 19
openmesh,constant line,radar,,7424,2.5887,2.3082,-0.2805,-0.1083,1.9249,2.934,1.1334,0.6179,0.9487,0.1658,0.7982,openmesh 2024-03-09 19
openmesh,constant gmz,radar,,7424,2.5887,2.333,-0.2557,-0.0988,1.9273,2.9667,1.146,0.6124,0.9491,0.1695,0.7951,openmesh 2024-03-09 19
openmesh,pycomlink idw,radar,,7392,2.5894,1.5035,-1.0859,-0.4194,1.7183,2.6788,1.0345,0.6764,0.7089,0.0038,0.707,openmesh 2024-03-09 19
openmesh,pycomlink line,radar,,7424,2.5887,1.4712,-1.1174,-0.4317,1.7442,2.7177,1.0498,0.666,0.7107,0.0049,0.7082,openmesh 2024-03-09 19
openmesh,pycomlink gmz,radar,,7424,2.5887,1.4767,-1.112,-0.4295,1.7527,2.7534,1.0636,0.6565,0.7099,0.0066,0.7066,openmesh 2024-03-09 19
openmesh,nearby idw,radar,,7392,2.5894,1.9845,-0.6049,-0.2336,1.6147,2.5403,0.981,0.6779,0.9683,0.2311,0.75,openmesh 2024-03-09 19
openmesh,nearby line,radar,,7424,2.5887,1.9258,-0.6629,-0.2561,1.6018,2.5292,0.977,0.6795,0.9721,0.2264,0.7567,openmesh 2024-03-09 19
openmesh,nearby gmz,radar,,7424,2.5887,1.9665,-0.6222,-0.2404,1.6429,2.5877,0.9996,0.6633,0.9625,0.2401,0.738,openmesh 2024-03-09 19
openmesh,rnn idw,radar,,7392,2.5894,2.2344,-0.355,-0.1371,1.0066,1.5567,0.6012,0.9181,0.9998,0.1365,0.8634,openmesh 2024-03-09 19
openmesh,rnn line,radar,,7424,2.5887,2.2887,-0.2999,-0.1159,1.0483,1.5886,0.6137,0.9091,1.0,0.1337,0.8663,openmesh 2024-03-09 19
openmesh,rnn gmz,radar,,7424,2.5887,2.2837,-0.3049,-0.1178,1.0636,1.6208,0.6261,0.9019,0.9998,0.1354,0.8645,openmesh 2024-03-09 19
openmesh,dynamic idw,pws,,7392,2.657,4.4369,1.7799,0.6699,2.4391,3.5263,1.3272,0.7105,0.9824,0.2252,0.7642,openmesh 2024-03-09 19
openmesh,dynamic line,pws,,7424,2.6502,4.2589,1.6086,0.607,2.3115,3.3844,1.277,0.7117,0.9828,0.2222,0.7674,openmesh 2024-03-09 19
openmesh,dynamic gmz,pws,,7424,2.6502,4.2868,1.6366,0.6175,2.4185,3.523,1.3293,0.6943,0.9792,0.2236,0.7639,openmesh 2024-03-09 19
openmesh,constant idw,pws,,7392,2.657,2.2868,-0.3702,-0.1393,1.7884,2.9576,1.1131,0.6466,0.874,0.1087,0.7898,openmesh 2024-03-09 19
openmesh,constant line,pws,,7424,2.6502,2.3082,-0.342,-0.1291,1.7576,2.9412,1.1098,0.6468,0.8837,0.109,0.7975,openmesh 2024-03-09 19
openmesh,constant gmz,pws,,7424,2.6502,2.333,-0.3172,-0.1197,1.7634,2.9599,1.1169,0.6444,0.8846,0.1124,0.7955,openmesh 2024-03-09 19
openmesh,pycomlink idw,pws,,7392,2.657,1.5035,-1.1535,-0.4341,1.6605,2.8599,1.0764,0.677,0.62,0.0014,0.6194,openmesh 2024-03-09 19
openmesh,pycomlink line,pws,,7424,2.6502,1.4712,-1.179,-0.4449,1.6802,2.8825,1.0876,0.6712,0.6221,0.0011,0.6217,openmesh 2024-03-09 19
openmesh,pycomlink gmz,pws,,7424,2.6502,1.4767,-1.1735,-0.4428,1.6882,2.8978,1.0934,0.6672,0.6225,0.0011,0.622,openmesh 2024-03-09 19
openmesh,nearby idw,pws,,7392,2.657,1.9845,-0.6725,-0.2531,1.5721,2.8008,1.0541,0.6539,0.9313,0.1525,0.7977,openmesh 2024-03-09 19
openmesh,nearby line,pws,,7424,2.6502,1.9258,-0.7244,-0.2733,1.5445,2.7705,1.0454,0.6613,0.9354,0.1464,0.806,openmesh 2024-03-09 19
openmesh,nearby gmz,pws,,7424,2.6502,1.9665,-0.6838,-0.258,1.5952,2.8077,1.0594,0.6501,0.9259,0.1617,0.7856,openmesh 2024-03-09 19
openmesh,rnn idw,pws,,7392,2.657,2.2344,-0.4226,-0.1591,1.194,2.0708,0.7794,0.851,0.9811,0.0288,0.9534,openmesh 2024-03-09 19
openmesh,rnn line,pws,,7424,2.6502,2.2887,-0.3615,-0.1364,1.2414,2.0983,0.7918,0.8401,0.9766,0.0299,0.9481,openmesh 2024-03-09 19
openmesh,rnn gmz,pws,,7424,2.6502,2.2837,-0.3665,-0.1383,1.2549,2.118,0.7992,0.8349,0.9784,0.0298,0.9498,openmesh 2024-03-09 19
openmesh,pws,radar,2.0,2416,4.6054,4.8808,0.2754,0.0598,1.0237,2.4527,0.5326,0.8634,0.9931,0.0868,0.9075,openmesh 2024-03-23 06
openmesh,dynamic idw,radar,2.0,2416,4.6054,4.9796,0.3741,0.0812,2.7579,3.9763,0.8634,0.5183,1.0,0.0953,0.9047,openmesh 2024-03-23 06
openmesh,dynamic line,radar,2.0,2416,4.6054,4.7213,0.1158,0.0252,2.7062,3.8841,0.8434,0.5172,1.0,0.0953,0.9047,openmesh 2024-03-23 06
openmesh,dynamic gmz,radar,2.0,2416,4.6054,4.7941,0.1887,0.041,2.84,4.0708,0.8839,0.4967,0.9977,0.0952,0.903,openmesh 2024-03-23 06
openmesh,constant idw,radar,2.0,2416,4.6054,2.3968,-2.2086,-0.4796,3.0268,4.0798,0.8859,0.5267,0.8546,0.0164,0.8426,openmesh 2024-03-23 06
openmesh,constant line,radar,2.0,2416,4.6054,2.4105,-2.1949,-0.4766,3.0083,4.0847,0.8869,0.5209,0.8578,0.0189,0.8438,openmesh 2024-03-23 06
openmesh,constant gmz,radar,2.0,2416,4.6054,2.4699,-2.1356,-0.4637,2.9856,4.0795,0.8858,0.5188,0.8587,0.0179,0.8455,openmesh 2024-03-23 06
openmesh,pycomlink idw,radar,2.0,2416,4.6054,3.2984,-1.307,-0.2838,2.3833,3.4713,0.7537,0.5921,0.9899,0.0943,0.8974,openmesh 2024-03-23 06
openmesh,pycomlink line,radar,2.0,2416,4.6054,3.2392,-1.3662,-0.2966,2.424,3.5285,0.7662,0.5791,0.9913,0.095,0.8979,openmesh 2024-03-23 06
openmesh,pycomlink gmz,radar,2.0,2416,4.6054,3.286,-1.3194,-0.2865,2.445,3.5696,0.7751,0.5696,0.988,0.0956,0.8946,openmesh 2024-03-23 06
openmesh,nearby idw,radar,2.0,2416,4.6054,2.6755,-1.9299,-0.4191,2.7118,3.913,0.8497,0.4911,0.9761,0.0523,0.9262,openmesh 2024-03-23 06
openmesh,nearby line,radar,2.0,2416,4.6054,2.6429,-1.9626,-0.4261,2.7409,3.9532,0.8584,0.4815,0.9784,0.0547,0.926,openmesh 2024-03-23 06
openmesh,nearby gmz,radar,2.0,2416,4.6054,2.6905,-1.9149,-0.4158,2.7487,3.9674,0.8615,0.4764,0.9761,0.0535,0.925,openmesh 2024-03-23 06
openmesh,rnn idw,radar,2.0,2416,4.6054,3.8598,-0.7457,-0.1619,1.7892,2.8769,0.6247,0.7184,0.9839,0.059,0.9267,openmesh 2024-03-23 06
openmesh,rnn line,radar,2.0,2416,4.6054,3.8861,-0.7193,-0.1562,1.8004,2.8807,0.6255,0.7134,0.9839,0.0606,0.9251,openmesh 2024-03-23 06
openmesh,rnn gmz,radar,2.0,2416,4.6054,3.8779,-0.7275,-0.158,1.8333,2.9167,0.6333,0.6956,0.9848,0.0606,0.926,openmesh 2024-03-23 06
openmesh,dynamic idw,pws,2.0,2416,4.8808,4.9796,0.0988,0.0202,2.9469,4.7778,0.9789,0.444,0.9949,0.0212,0.9739,openmesh 2024-03-23 06
openmesh,dynamic line,pws,2.0,2416,4.8808,4.7213,-0.1595,-0.0327,2.8594,4.676,0.958,0.454,0.9949,0.0212,0.9739,openmesh 2024-03-23 06
openmesh,dynamic gmz,pws,2.0,2416,4.8808,4.7941,-0.0867,-0.0178,2.9742,4.8044,0.9844,0.4415,0.9924,0.0213,0.9714,openmesh 2024-03-23 06
openmesh,constant idw,pws,2.0,2416,4.8808,2.3968,-2.484,-0.5089,2.9189,4.6438,0.9514,0.5783,0.7935,0.0069,0.7891,openmesh 2024-03-23 06
openmesh,constant line,pws,2.0,2416,4.8808,2.4105,-2.4703,-0.5061,2.8937,4.6328,0.9492,0.579,0.799,0.0063,0.7949,openmesh 2024-03-23 06
openmesh,constant gmz,pws,2.0,2416,4.8808,2.4699,-2.4109,-0.494,2.8636,4.6142,0.9454,0.577,0.7986,0.0068,0.7942,openmesh 2024-03-23 06
openmesh,pycomlink idw,pws,2.0,2416,4.8808,3.2984,-1.5824,-0.3242,2.2617,4.1622,0.8528,0.599,0.9835,0.0215,0.9627,openmesh 2024-03-23 06
openmesh,pycomlink line,pws,2.0,2416,4.8808,3.2392,-1.6415,-0.3363,2.2795,4.1749,0.8554,0.6009,0.986,0.021,0.9656,openmesh 2024-03-23 06
openmesh,pycomlink gmz,pws,2.0,2416,4.8808,3.286,-1.5948,-0.3268,2.2912,4.185,0.8574,0.5954,0.9835,0.0211,0.9631,openmesh 2024-03-23 06
openmesh,nearby idw,pws,2.0,2416,4.8808,2.6755,-2.2053,-0.4518,2.7211,4.7538,0.974,0.4809,0.934,0.0139,0.9219,openmesh 2024-03-23 06
openmesh,nearby line,pws,2.0,2416,4.8808,2.6429,-2.2379,-0.4585,2.7369,4.763,0.9759,0.483,0.9386,0.0138,0.9265,openmesh 2024-03-23 06
openmesh,nearby gmz,pws,2.0,2416,4.8808,2.6905,-2.1903,-0.4488,2.7329,4.7584,0.9749,0.4799,0.9357,0.0134,0.9239,openmesh 2024-03-23 06
openmesh,rnn idw,pws,2.0,2416,4.8808,3.8598,-1.021,-0.2092,2.1518,4.1993,0.8604,0.5475,0.9437,0.0185,0.9272,openmesh 2024-03-23 06
openmesh,rnn line,pws,2.0,2416,4.8808,3.8861,-0.9947,-0.2038,2.1411,4.19,0.8585,0.5483,0.9454,0.0185,0.9289,openmesh 2024-03-23 06
openmesh,rnn gmz,pws,2.0,2416,4.8808,3.8779,-1.0029,-0.2055,2.1739,4.2114,0.8628,0.5364,0.9463,0.0184,0.9297,openmesh 2024-03-23 06
openmesh,pws,radar,,7424,4.6574,4.9248,0.2674,0.0574,1.2632,2.4582,0.5278,0.8699,0.9961,0.0725,0.9242,openmesh 2024-03-23 06
openmesh,dynamic idw,radar,,7392,4.6584,5.1245,0.4662,0.1001,2.6999,3.6839,0.7908,0.5575,1.0,0.0872,0.9128,openmesh 2024-03-23 06
openmesh,dynamic line,radar,,7424,4.6574,4.9312,0.2737,0.0588,2.6753,3.6428,0.7822,0.553,1.0,0.0869,0.9131,openmesh 2024-03-23 06
openmesh,dynamic gmz,radar,,7424,4.6574,4.973,0.3155,0.0677,2.7926,3.7966,0.8152,0.5321,0.9985,0.086,0.9127,openmesh 2024-03-23 06
openmesh,constant idw,radar,,7392,4.6584,2.9656,-1.6927,-0.3634,2.9739,4.0745,0.8747,0.489,0.8645,0.0147,0.8535,openmesh 2024-03-23 06
openmesh,constant line,radar,,7424,4.6574,2.9556,-1.7018,-0.3654,2.98,4.0848,0.877,0.4844,0.8701,0.0161,0.8579,openmesh 2024-03-23 06
openmesh,constant gmz,radar,,7424,4.6574,2.9923,-1.6651,-0.3575,2.9642,4.0894,0.878,0.482,0.8715,0.0194,0.8567,openmesh 2024-03-23 06
openmesh,pycomlink idw,radar,,7392,4.6584,3.8458,-0.8125,-0.1744,2.4209,3.5196,0.7555,0.5559,0.9958,0.0949,0.9016,openmesh 2024-03-23 06
openmesh,pycomlink line,radar,,7424,4.6574,3.7634,-0.8941,-0.192,2.4807,3.5813,0.7689,0.5408,0.9966,0.0956,0.9016,openmesh 2024-03-23 06
openmesh,pycomlink gmz,radar,,7424,4.6574,3.7765,-0.881,-0.1892,2.5027,3.6191,0.7771,0.534,0.9946,0.0958,0.8998,openmesh 2024-03-23 06
openmesh,nearby idw,radar,,7392,4.6584,3.0829,-1.5755,-0.3382,2.9341,4.164,0.8939,0.3889,0.9782,0.0592,0.9215,openmesh 2024-03-23 06
openmesh,nearby line,radar,,7424,4.6574,3.0258,-1.6316,-0.3503,2.9714,4.1981,0.9014,0.3798,0.9799,0.0609,0.9214,openmesh 2024-03-23 06
openmesh,nearby gmz,radar,,7424,4.6574,3.0574,-1.6,-0.3435,2.9704,4.1902,0.8997,0.3845,0.9804,0.0605,0.9222,openmesh 2024-03-23 06
openmesh,rnn idw,radar,,7392,4.6584,3.812,-0.8464,-0.1817,1.8729,2.9866,0.6411,0.7066,0.9823,0.0575,0.9267,openmesh 2024-03-23 06
openmesh,rnn line,radar,,7424,4.6574,3.8213,-0.8362,-0.1795,1.8866,2.9927,0.6426,0.7022,0.9823,0.0582,0.9261,openmesh 2024-03-23 06
openmesh,rnn gmz,radar,,7424,4.6574,3.819,-0.8385,-0.18,1.9061,3.0108,0.6465,0.6928,0.9826,0.0584,0.9262,openmesh 2024-03-23 06
openmesh,dynamic idw,pws,,7392,4.939,5.1245,0.1855,0.0376,2.9053,4.5107,0.9133,0.4955,0.9877,0.0317,0.9568,openmesh 2024-03-23 06
openmesh,dynamic line,pws,,7424,4.9248,4.9312,0.0064,0.0013,2.8495,4.4495,0.9035,0.502,0.9873,0.0318,0.9563,openmesh 2024-03-23 06
openmesh,dynamic gmz,pws,,7424,4.9248,4.973,0.0482,0.0098,2.9455,4.5452,0.9229,0.4901,0.9858,0.031,0.9557,openmesh 2024-03-23 06
openmesh,constant idw,pws,,7392,4.939,2.9656,-1.9734,-0.3995,2.6713,4.5482,0.9209,0.5643,0.8126,0.0053,0.8091,openmesh 2024-03-23 06
openmesh,constant line,pws,,7424,4.9248,2.9556,-1.9692,-0.3999,2.6667,4.542,0.9223,0.5638,0.819,0.0054,0.8154,openmesh 2024-03-23 06
openmesh,constant gmz,pws,,7424,4.9248,2.9923,-1.9325,-0.3924,2.6474,4.5346,0.9208,0.5629,0.8207,0.0083,0.8151,openmesh 2024-03-23 06
openmesh,pycomlink idw,pws,,7392,4.939,3.8458,-1.0932,-0.2213,2.081,4.114,0.833,0.5928,0.9923,0.0313,0.9615,openmesh 2024-03-23 06
openmesh,pycomlink line,pws,,7424,4.9248,3.7634,-1.1614,-0.2358,2.1235,4.1335,0.8393,0.5907,0.9941,0.0311,0.9634,openmesh 2024-03-23 06
openmesh,pycomlink gmz,pws,,7424,4.9248,3.7765,-1.1483,-0.2332,2.1411,4.1422,0.8411,0.589,0.9923,0.0312,0.9617,openmesh 2024-03-23 06
openmesh,nearby idw,pws,,7392,4.939,3.0829,-1.8561,-0.3758,2.8001,4.952,1.0026,0.4055,0.9459,0.023,0.9253,openmesh 2024-03-23 06
openmesh,nearby line,pws,,7424,4.9248,3.0258,-1.899,-0.3856,2.8219,4.9529,1.0057,0.4072,0.9491,0.0232,0.9282,openmesh 2024-03-23 06
openmesh,nearby gmz,pws,,7424,4.9248,3.0574,-1.8674,-0.3792,2.8116,4.9331,1.0017,0.413,0.9496,0.0228,0.929,openmesh 2024-03-23 06
openmesh,rnn idw,pws,,7392,4.939,3.812,-1.127,-0.2282,2.2825,4.3648,0.8837,0.533,0.9396,0.0317,0.9115,openmesh 2024-03-23 06
openmesh,rnn line,pws,,7424,4.9248,3.8213,-1.1035,-0.2241,2.2848,4.3565,0.8846,0.532,0.9404,0.0318,0.9122,openmesh 2024-03-23 06
openmesh,rnn gmz,pws,,7424,4.9248,3.819,-1.1058,-0.2245,2.3037,4.3663,0.8866,0.5262,0.9408,0.0318,0.9126,openmesh 2024-03-23 06
openmesh,pws,radar,2.0,3926,1.8602,1.7242,-0.136,-0.0731,0.5358,0.8926,0.4798,0.9015,0.9842,0.059,0.927,openmesh 2024-04-03 07
openmesh,dynamic idw,radar,2.0,3926,1.8602,4.2629,2.4026,1.2916,2.7954,4.0266,2.1646,0.4235,0.9986,0.0972,0.9017,openmesh 2024-04-03 07
openmesh,dynamic line,radar,2.0,3926,1.8602,3.9947,2.1344,1.1474,2.5675,3.7595,2.021,0.4339,0.9994,0.0973,0.9022,openmesh 2024-04-03 07
openmesh,dynamic gmz,radar,2.0,3926,1.8602,4.074,2.2138,1.1901,2.6946,3.9365,2.1161,0.4135,0.9963,0.0967,0.9003,openmesh 2024-04-03 07
openmesh,constant idw,radar,2.0,3926,1.8602,1.1047,-0.7555,-0.4061,1.6069,2.4332,1.308,0.3719,0.7595,0.0352,0.7391,openmesh 2024-04-03 07
openmesh,constant line,radar,2.0,3926,1.8602,1.1708,-0.6894,-0.3706,1.556,2.3996,1.29,0.3808,0.7963,0.0538,0.7618,openmesh 2024-04-03 07
openmesh,constant gmz,radar,2.0,3926,1.8602,1.202,-0.6582,-0.3538,1.5448,2.395,1.2875,0.3825,0.8076,0.0624,0.7664,openmesh 2024-04-03 07
openmesh,pycomlink idw,radar,2.0,3926,1.8602,0.5285,-1.3318,-0.7159,1.3899,1.988,1.0687,0.7201,0.5926,0.0033,0.5915,openmesh 2024-04-03 07
openmesh,pycomlink line,radar,2.0,3926,1.8602,0.5311,-1.3291,-0.7145,1.3837,1.9914,1.0705,0.7193,0.6006,0.0028,0.5995,openmesh 2024-04-03 07
openmesh,pycomlink gmz,radar,2.0,3926,1.8602,0.5454,-1.3149,-0.7068,1.3762,1.9887,1.069,0.7061,0.6008,0.0028,0.5998,openmesh 2024-04-03 07
openmesh,nearby idw,radar,2.0,1999,1.0285,0.3755,-0.653,-0.6349,0.694,0.9287,0.903,0.6521,0.6322,0.0114,0.6276,openmesh 2024-04-03 07
openmesh,nearby line,radar,2.0,2020,1.0335,0.3727,-0.6607,-0.6393,0.6964,0.9268,0.8968,0.6673,0.6146,0.0097,0.6109,openmesh 2024-04-03 07
openmesh,nearby gmz,radar,2.0,2020,1.0335,0.3925,-0.641,-0.6203,0.6875,0.9269,0.8969,0.6463,0.6206,0.0134,0.6154,openmesh 2024-04-03 07
openmesh,rnn idw,radar,2.0,3926,1.8602,1.3595,-0.5008,-0.2692,0.7871,1.4402,0.7742,0.7479,0.8888,0.0539,0.846,openmesh 2024-04-03 07
openmesh,rnn line,radar,2.0,3926,1.8602,1.3811,-0.4791,-0.2575,0.7764,1.4474,0.7781,0.7406,0.8917,0.0532,0.8491,openmesh 2024-04-03 07
openmesh,rnn gmz,radar,2.0,3926,1.8602,1.3852,-0.475,-0.2554,0.7881,1.4643,0.7871,0.7305,0.8902,0.0538,0.8473,openmesh 2024-04-03 07
openmesh,dynamic idw,pws,2.0,3926,1.7242,4.2629,2.5387,1.4724,2.781,3.9616,2.2977,0.5045,0.9962,0.0581,0.9386,openmesh 2024-04-03 07
openmesh,dynamic line,pws,2.0,3926,1.7242,3.9947,2.2705,1.3168,2.5391,3.6665,2.1265,0.5254,0.9973,0.058,0.9396,openmesh 2024-04-03 07
openmesh,dynamic gmz,pws,2.0,3926,1.7242,4.074,2.3499,1.3629,2.6549,3.8451,2.2301,0.5043,0.9935,0.058,0.9363,openmesh 2024-04-03 07
openmesh,constant idw,pws,2.0,3926,1.7242,1.1047,-0.6194,-0.3593,1.3671,2.1662,1.2563,0.4726,0.7425,0.0137,0.7349,openmesh 2024-04-03 07
openmesh,constant line,pws,2.0,3926,1.7242,1.1708,-0.5534,-0.321,1.3168,2.1369,1.2394,0.4795,0.7909,0.0171,0.7801,openmesh 2024-04-03 07
openmesh,constant gmz,pws,2.0,3926,1.7242,1.202,-0.5222,-0.3029,1.3075,2.1309,1.2359,0.4823,0.8036,0.0243,0.7879,openmesh 2024-04-03 07
openmesh,pycomlink idw,pws,2.0,3926,1.7242,0.5285,-1.1957,-0.6935,1.251,1.8264,1.0593,0.7297,0.5664,0.0038,0.5652,openmesh 2024-04-03 07
openmesh,pycomlink line,pws,2.0,3926,1.7242,0.5311,-1.193,-0.6919,1.2425,1.8224,1.057,0.7359,0.5737,0.0038,0.5725,openmesh 2024-04-03 07
openmesh,pycomlink gmz,pws,2.0,3926,1.7242,0.5454,-1.1788,-0.6837,1.2349,1.8173,1.054,0.7255,0.574,0.0038,0.5727,openmesh 2024-04-03 07
openmesh,nearby idw,pws,2.0,1999,0.9612,0.3755,-0.5856,-0.6093,0.6517,0.9483,0.9867,0.5059,0.5763,0.0076,0.5738,openmesh 2024-04-03 07
openmesh,nearby line,pws,2.0,2020,0.9732,0.3727,-0.6005,-0.617,0.653,0.9454,0.9714,0.5462,0.5604,0.0068,0.5583,openmesh 2024-04-03 07
openmesh,nearby gmz,pws,2.0,2020,0.9732,0.3925,-0.5808,-0.5968,0.6495,0.9466,0.9727,0.5335,0.5675,0.0076,0.5651,openmesh 2024-04-03 07
openmesh,rnn idw,pws,2.0,3926,1.7242,1.3595,-0.3647,-0.2115,0.7603,1.3233,0.7675,0.753,0.8815,0.0187,0.867,openmesh 2024-04-03 07
openmesh,rnn line,pws,2.0,3926,1.7242,1.3811,-0.343,-0.199,0.7646,1.3343,0.7739,0.7448,0.8834,0.0189,0.8686,openmesh 2024-04-03 07
openmesh,rnn gmz,pws,2.0,3926,1.7242,1.3852,-0.339,-0.1966,0.7785,1.3529,0.7846,0.7346,0.8826,0.0189,0.8678,openmesh 2024-04-03 07
openmesh,pws,radar,,12064,1.7342,1.7533,0.0192,0.0111,0.5344,0.8752,0.5047,0.882,0.9825,0.0728,0.9121,openmesh 2024-04-03 07
openmesh,dynamic idw,radar,,12012,1.7353,4.7291,2.9938,1.7253,3.2658,4.383,2.5259,0.4429,0.9971,0.1029,0.8948,openmesh 2024-04-03 07
openmesh,dynamic line,radar,,12064,1.7342,4.5096,2.7754,1.6004,3.0803,4.1933,2.4181,0.4412,0.9982,0.1037,0.8949,openmesh 2024-04-03 07
openmesh,dynamic gmz,radar,,12064,1.7342,4.5713,2.8371,1.636,3.1866,4.3202,2.4913,0.4238,0.9958,0.1024,0.8943,openmesh 2024-04-03 07
openmesh,constant idw,radar,,12012,1.7353,1.5177,-0.2175,-0.1254,1.6112,2.4921,1.4362,0.359,0.8087,0.0469,0.7778,openmesh 2024-04-03 07
openmesh,constant line,radar,,12064,1.7342,1.5585,-0.1756,-0.1013,1.5704,2.46,1.4186,0.3692,0.8334,0.0596,0.7916,openmesh 2024-04-03 07
openmesh,constant gmz,radar,,12064,1.7342,1.5798,-0.1544,-0.089,1.5589,2.458,1.4174,0.3692,0.8456,0.0707,0.7945,openmesh 2024-04-03 07
openmesh,pycomlink idw,radar,,12012,1.7353,0.5397,-1.1956,-0.689,1.2783,1.7596,1.014,0.7104,0.6244,0.0147,0.6187,openmesh 2024-04-03 07
openmesh,pycomlink line,radar,,12064,1.7342,0.5399,-1.1942,-0.6887,1.2725,1.7601,1.0149,0.7119,0.6323,0.0139,0.6267,openmesh 2024-04-03 07
openmesh,pycomlink gmz,radar,,12064,1.7342,0.5458,-1.1883,-0.6852,1.2705,1.7637,1.0171,0.7013,0.6314,0.0142,0.6257,openmesh 2024-04-03 07
openmesh,nearby idw,radar,,5218,1.0819,0.4193,-0.6626,-0.6124,0.7084,0.992,0.917,0.6347,0.6712,0.0145,0.6646,openmesh 2024-04-03 07
openmesh,nearby line,radar,,5353,1.0743,0.4038,-0.6705,-0.6241,0.7065,0.9819,0.914,0.66,0.6579,0.0134,0.6521,openmesh 2024-04-03 07
openmesh,nearby gmz,radar,,5353,1.0743,0.4199,-0.6544,-0.6092,0.7007,0.9875,0.9192,0.6325,0.6508,0.015,0.6444,openmesh 2024-04-03 07
openmesh,rnn idw,radar,,12012,1.7353,1.3742,-0.3611,-0.2081,0.7086,1.193,0.6875,0.7682,0.8788,0.0639,0.8291,openmesh 2024-04-03 07
openmesh,rnn line,radar,,12064,1.7342,1.3907,-0.3435,-0.1981,0.7009,1.1956,0.6895,0.7643,0.88,0.0641,0.83,openmesh 2024-04-03 07
openmesh,rnn gmz,radar,,12064,1.7342,1.3941,-0.3401,-0.1961,0.7043,1.2019,0.6931,0.7608,0.8799,0.0643,0.8298,openmesh 2024-04-03 07
openmesh,dynamic idw,pws,,12012,1.7558,4.7291,2.9733,1.6934,3.2045,4.2503,2.4207,0.5233,0.9919,0.0546,0.9382,openmesh 2024-04-03 07
openmesh,dynamic line,pws,,12064,1.7533,4.5096,2.7562,1.572,3.0125,4.0461,2.3077,0.53,0.9939,0.0544,0.9401,openmesh 2024-04-03 07
openmesh,dynamic gmz,pws,,12064,1.7533,4.5713,2.8179,1.6072,3.1145,4.1769,2.3822,0.5107,0.9902,0.0542,0.937,openmesh 2024-04-03 07
openmesh,constant idw,pws,,12012,1.7558,1.5177,-0.2381,-0.1356,1.4384,2.288,1.3031,0.4771,0.7944,0.0081,0.7893,openmesh 2024-04-03 07
openmesh,constant line,pws,,12064,1.7533,1.5585,-0.1948,-0.1111,1.3963,2.2568,1.2872,0.4855,0.8289,0.0088,0.8229,openmesh 2024-04-03 07
openmesh,constant gmz,pws,,12064,1.7533,1.5798,-0.1736,-0.099,1.3861,2.2553,1.2863,0.4852,0.8425,0.0189,0.829,openmesh 2024-04-03 07
openmesh,pycomlink idw,pws,,12012,1.7558,0.5397,-1.2161,-0.6926,1.2755,1.7884,1.0186,0.726,0.5967,0.0027,0.5957,openmesh 2024-04-03 07
openmesh,pycomlink line,pws,,12064,1.7533,0.5399,-1.2134,-0.6921,1.2687,1.7852,1.0182,0.7306,0.6036,0.0025,0.6027,openmesh 2024-04-03 07
openmesh,pycomlink gmz,pws,,12064,1.7533,0.5458,-1.2075,-0.6887,1.2668,1.789,1.0203,0.7196,0.6029,0.0025,0.6021,openmesh 2024-04-03 07
openmesh,nearby idw,pws,,5218,1.0298,0.4193,-0.6105,-0.5928,0.6748,0.9799,0.9516,0.5292,0.6095,0.0035,0.6082,openmesh 2024-04-03 07
openmesh,nearby line,pws,,5353,1.0286,0.4038,-0.6247,-0.6074,0.6724,0.9727,0.9457,0.5572,0.596,0.0031,0.5949,openmesh 2024-04-03 07
openmesh,nearby gmz,pws,,5353,1.0286,0.4199,-0.6087,-0.5918,0.6722,0.9746,0.9475,0.543,0.5902,0.0035,0.589,openmesh 2024-04-03 07
openmesh,rnn idw,pws,,12012,1.7558,1.3742,-0.3816,-0.2174,0.7571,1.2477,0.7106,0.7585,0.8698,0.0186,0.8557,openmesh 2024-04-03 07
openmesh,rnn line,pws,,12064,1.7533,1.3907,-0.3627,-0.2068,0.7571,1.2494,0.7126,0.7545,0.8705,0.019,0.856,openmesh 2024-04-03 07
openmesh,rnn gmz,pws,,12064,1.7533,1.3941,-0.3592,-0.2049,0.7619,1.2559,0.7163,0.7508,0.8705,0.0191,0.856,openmesh 2024-04-03 07
