network,event,retrieval,map,reference,n,nrmse,corr,rel_bias,pod,far,csi,war_est,war_ref,war_ratio,peak_ratio
openmesh,openmesh_20231121T18,rnn,idw,radar,7854,0.5212002558669859,0.7650865274375048,0.045926351014270006,0.9545454545454546,0.007582938388625593,0.947633824670287,0.9402852049910874,0.9775910364145658,0.9618390205782756,0.7022915835170437
openmesh,openmesh_20231121T18,rnn,idw,gauges,68,0.9205642760912067,0.6516731504280635,-0.09025087918458952,0.9830508474576272,0.09375,0.8923076923076924,0.9411764705882353,0.8676470588235294,1.0847457627118644,0.364829932160073
openmesh,openmesh_20231121T18,rnn,masked p0.3,radar,7854,0.5213927104692676,0.7649558364276822,0.045488151102447194,0.9540244855431101,0.0075870478254979,0.9471166278769072,0.9397759103641457,0.9775910364145658,0.9613180515759313,0.7022915835170437
openmesh,openmesh_20231121T18,rnn,masked p0.3,gauges,68,0.9205726877474438,0.6515038042761249,-0.09078842084424732,0.9830508474576272,0.09375,0.8923076923076924,0.9411764705882353,0.8676470588235294,1.0847457627118644,0.364829932160073
openmesh,openmesh_20231121T18,rnn,conditional p0.3,radar,7854,0.5216363777317112,0.7644760103611149,0.04924445716650738,0.9563688460536598,0.007568590350047304,0.9494440134471166,0.9420677361853832,0.9775910364145658,0.9636624120864808,0.7022915835170437
openmesh,openmesh_20231121T18,rnn,conditional p0.3,gauges,68,0.9211516285923086,0.6513410267153189,-0.08743214255520793,0.9830508474576272,0.09375,0.8923076923076924,0.9411764705882353,0.8676470588235294,1.0847457627118644,0.364829932160073
openmesh,openmesh_20231121T18,rnn,masked p0.5,radar,7854,0.521440674291509,0.7649379430152806,0.04524891562726796,0.9518103672831466,0.007469781339128073,0.9450407345144187,0.9374840845429081,0.9775910364145658,0.9589736910653817,0.7022915835170437
openmesh,openmesh_20231121T18,rnn,masked p0.5,gauges,68,0.9205726877474438,0.6515038042761249,-0.09078842084424732,0.9830508474576272,0.09375,0.8923076923076924,0.9411764705882353,0.8676470588235294,1.0847457627118644,0.364829932160073
openmesh,openmesh_20231121T18,rnn,conditional p0.5,radar,7854,0.521692359308348,0.7644743115574936,0.0486784949187864,0.952331336285491,0.007465725532781322,0.9455579981895771,0.9379933791698497,0.9775910364145658,0.959494660067726,0.7022915835170437
openmesh,openmesh_20231121T18,rnn,conditional p0.5,gauges,68,0.9211516285923086,0.6513410267153189,-0.08743214255520793,0.9830508474576272,0.09375,0.8923076923076924,0.9411764705882353,0.8676470588235294,1.0847457627118644,0.364829932160073
openmesh,openmesh_20231121T18,rnn,masked p0.7,radar,7854,0.521650799037919,0.7648628601527273,0.04415843747307413,0.943605105496223,0.0067178502879078695,0.9376213278115698,0.928698752228164,0.9775910364145658,0.9499869757749414,0.7022915835170437
openmesh,openmesh_20231121T18,rnn,masked p0.7,gauges,68,0.9204545473825574,0.6511974613074788,-0.09257734043558041,0.9830508474576272,0.07936507936507936,0.90625,0.9264705882352942,0.8676470588235294,1.0677966101694916,0.364829932160073
openmesh,openmesh_20231121T18,rnn,conditional p0.7,radar,7854,0.5218903677293969,0.7644516187047857,0.04693352037306009,0.9438655899973951,0.006716008771929825,0.9378801604762521,0.9289533995416348,0.9775910364145658,0.9502474602761136,0.7022915835170437
openmesh,openmesh_20231121T18,rnn,conditional p0.7,gauges,68,0.9209116540537036,0.6509924529602605,-0.08998226937233456,0.9830508474576272,0.07936507936507936,0.90625,0.9264705882352942,0.8676470588235294,1.0677966101694916,0.364829932160073
openmesh,openmesh_20231121T18,dynamic,idw,radar,7841,1.2544563114251834,0.488893849218008,0.6323035771075309,0.9953033268101761,0.022424397744746284,0.9730867346938775,0.9952812141308507,0.9775538834332356,1.0181343770384867,1.776848777175747
openmesh,openmesh_20231121T18,dynamic,idw,gauges,68,0.9277016678335589,0.7590658070526213,0.504387652728117,1.0,0.1323529411764706,0.8676470588235294,1.0,0.8676470588235294,1.152542372881356,0.9950280044120512
openmesh,openmesh_20231121T18,dynamic,masked p0.3,radar,7841,1.2545983415152913,0.4888895759558113,0.6318989776203274,0.9925636007827788,0.022484902993704228,0.9704081632653061,0.9926029843132254,0.9775538834332356,1.0153946510110894,1.776848777175747
openmesh,openmesh_20231121T18,dynamic,masked p0.3,gauges,68,0.9277016678335589,0.7590658070526213,0.504387652728117,1.0,0.1323529411764706,0.8676470588235294,1.0,0.8676470588235294,1.152542372881356,0.9950280044120512
openmesh,openmesh_20231121T18,dynamic,conditional p0.3,radar,7841,1.3380708368189371,0.4533098299247182,0.6822916756022959,0.9926940639269406,0.022482014388489208,0.9705357142857143,0.9927305190664456,0.9775538834332356,1.015525114155251,1.9820160258943433
openmesh,openmesh_20231121T18,dynamic,conditional p0.3,gauges,68,0.958298987046108,0.7554346551296373,0.5408177860288139,1.0,0.1323529411764706,0.8676470588235294,1.0,0.8676470588235294,1.152542372881356,1.0336616380203114
openmesh,openmesh_20231121T18,dynamic,masked p0.5,radar,7841,1.2544493457369263,0.48987470815760065,0.6272339880455768,0.9761252446183953,0.021832919335860897,0.9553115423901941,0.9755133273817115,0.9775538834332356,0.9979125896934116,1.776848777175747
openmesh,openmesh_20231121T18,dynamic,masked p0.5,gauges,68,0.9275141440293561,0.7585831796425881,0.502125765415371,1.0,0.11940298507462686,0.8805970149253731,0.9852941176470589,0.8676470588235294,1.1355932203389831,0.9950280044120512
openmesh,openmesh_20231121T18,dynamic,conditional p0.5,radar,7841,1.3340815545177813,0.456868658407241,0.6722195363937864,0.9761252446183953,0.021832919335860897,0.9553115423901941,0.9755133273817115,0.9775538834332356,0.9979125896934116,1.9820160258943433
openmesh,openmesh_20231121T18,dynamic,conditional p0.5,gauges,68,0.9576144635961946,0.7548282951038257,0.5364261367255925,1.0,0.11940298507462686,0.8805970149253731,0.9852941176470589,0.8676470588235294,1.1355932203389831,1.0336616380203114
openmesh,openmesh_20231121T18,dynamic,masked p0.7,radar,7841,1.2483640298803007,0.49880449980491215,0.6054569572113033,0.9582517938682322,0.011839095923584017,0.9473752095962853,0.947965820686137,0.9775538834332356,0.9697325505544684,1.776848777175747
openmesh,openmesh_20231121T18,dynamic,masked p0.7,gauges,68,0.9270148659250702,0.7575602479570577,0.4970528203047011,0.9830508474576272,0.12121212121212122,0.8656716417910447,0.9705882352941176,0.8676470588235294,1.11864406779661,0.9950280044120512
openmesh,openmesh_20231121T18,dynamic,conditional p0.7,radar,7841,1.3095707208442782,0.4787073818696757,0.6340467786962556,0.9582517938682322,0.011839095923584017,0.9473752095962853,0.947965820686137,0.9775538834332356,0.9697325505544684,1.9820160258943433
openmesh,openmesh_20231121T18,dynamic,conditional p0.7,gauges,68,0.9560789917318145,0.753952284086714,0.5285505217522672,0.9830508474576272,0.12121212121212122,0.8656716417910447,0.9705882352941176,0.8676470588235294,1.11864406779661,1.0336616380203114
openmesh,openmesh_20231210T16,rnn,idw,radar,10626,0.5098352712345176,0.8803302381384065,0.10793948573929635,0.9046981248712137,0.04001311905542801,0.8718228752978554,0.8608130999435347,0.9134199134199135,0.942406758705955,0.9809778394835527
openmesh,openmesh_20231210T16,rnn,idw,gauges,92,0.6642884208439349,0.8093074870649074,0.09605655956064552,0.9493670886075949,0.038461538461538464,0.9146341463414634,0.8478260869565217,0.8586956521739131,0.9873417721518987,0.7555569911900439
openmesh,openmesh_20231210T16,rnn,masked p0.3,radar,10626,0.5101124434638759,0.8803600707323547,0.1067851855768307,0.9025345147331547,0.04,0.8698242478403336,0.8587427065687935,0.9134199134199135,0.9401401195137028,0.9809778394835527
openmesh,openmesh_20231210T16,rnn,masked p0.3,gauges,92,0.6642946367602496,0.8094053637451961,0.09448455296460234,0.9493670886075949,0.038461538461538464,0.9146341463414634,0.8478260869565217,0.8586956521739131,0.9873417721518987,0.7555569911900439
openmesh,openmesh_20231210T16,rnn,conditional p0.3,radar,10626,0.5061535195114891,0.8811891561604096,0.11900341995057406,0.943849165464661,0.057122272540139976,0.892797972907124,0.9143610013175231,0.9134199134199135,1.0010302905419328,0.9809778394835527
openmesh,openmesh_20231210T16,rnn,conditional p0.3,gauges,92,0.6619016012810147,0.8103415198778073,0.10767147527281562,0.9873417721518988,0.07142857142857142,0.9176470588235294,0.9130434782608695,0.8586956521739131,1.0632911392405062,0.7555569911900439
openmesh,openmesh_20231210T16,rnn,masked p0.5,radar,10626,0.5122345499841775,0.8798559578018726,0.10263665905283159,0.8735833505048424,0.03964208857175218,0.8431782020684169,0.8308865047995483,0.9134199134199135,0.9096435194724912,0.9809778394835527
openmesh,openmesh_20231210T16,rnn,masked p0.5,gauges,92,0.6652598599203962,0.8090714863292391,0.09094933246056924,0.9367088607594937,0.03896103896103896,0.9024390243902439,0.8369565217391305,0.8586956521739131,0.9746835443037974,0.7555569911900439
openmesh,openmesh_20231210T16,rnn,conditional p0.5,radar,10626,0.5100171545879788,0.8802767085821733,0.10976608264766718,0.8857407788996497,0.04265033407572383,0.8521161661215185,0.8450969320534538,0.9134199134199135,0.9252009066556769,0.9809778394835527
openmesh,openmesh_20231210T16,rnn,conditional p0.5,gauges,92,0.6638856647494406,0.8095648843863635,0.09893974989228815,0.9367088607594937,0.03896103896103896,0.9024390243902439,0.8369565217391305,0.8586956521739131,0.9746835443037974,0.7555569911900439
openmesh,openmesh_20231210T16,rnn,masked p0.7,radar,10626,0.5157982851425573,0.8788086846853697,0.09708799810767088,0.8254687821965795,0.041512142600789566,0.7969760270566,0.7866553736118953,0.9134199134199135,0.8612198640016484,0.9809778394835527
openmesh,openmesh_20231210T16,rnn,masked p0.7,gauges,92,0.6681463353633734,0.8078442578070478,0.0843525010777546,0.8607594936708861,0.04225352112676056,0.8292682926829268,0.7717391304347826,0.8586956521739131,0.8987341772151898,0.7555569911900439
openmesh,openmesh_20231210T16,rnn,conditional p0.7,radar,10626,0.5150202397277881,0.8788734960856623,0.10018632319968912,0.8254687821965795,0.04185601530734274,0.7967382657120128,0.7869376999811782,0.9134199134199135,0.8615289511642282,0.9809778394835527
openmesh,openmesh_20231210T16,rnn,conditional p0.7,gauges,92,0.6680573246498258,0.8077179494757369,0.08849321563050028,0.8607594936708861,0.04225352112676056,0.8292682926829268,0.7717391304347826,0.8586956521739131,0.8987341772151898,0.7555569911900439
openmesh,openmesh_20231210T16,dynamic,idw,radar,10626,1.2266963977636403,0.656492627935933,0.6578922467682669,0.9854729033587472,0.08134844410295812,0.9063773334596797,0.9798607189911538,0.9134199134199135,1.0727385122604574,1.7111223244047211
openmesh,openmesh_20231210T16,dynamic,idw,gauges,92,1.386426866339495,0.5590516928896406,0.7764250723759627,1.0,0.14130434782608695,0.8586956521739131,1.0,0.8586956521739131,1.1645569620253164,1.379652057385237
openmesh,openmesh_20231210T16,dynamic,masked p0.3,radar,10626,1.2268452637136547,0.6569365828441098,0.6546378622930187,0.9735215330723264,0.06961402126821584,0.9074234130413905,0.9557688688123471,0.9134199134199135,1.0463630743869772,1.7111223244047211
openmesh,openmesh_20231210T16,dynamic,masked p0.3,gauges,92,1.3863984306392168,0.5591833923825189,0.7754993104743007,1.0,0.13186813186813187,0.8681318681318682,0.9891304347826086,0.8586956521739131,1.1518987341772151,1.379652057385237
openmesh,openmesh_20231210T16,dynamic,conditional p0.3,radar,10626,1.2808307631255138,0.6304191398912239,0.7374486979386528,0.9746548526684525,0.06953870364906069,0.9084797848842793,0.9568040654997176,0.9134199134199135,1.0474963939831032,1.7111223244047211
openmesh,openmesh_20231210T16,dynamic,conditional p0.3,gauges,92,1.450060941871108,0.5295998569970727,0.879721368641335,1.0,0.13186813186813187,0.8681318681318682,0.9891304347826086,0.8586956521739131,1.1518987341772151,1.379652057385237
openmesh,openmesh_20231210T16,dynamic,masked p0.5,radar,10626,1.2270614102262112,0.6584641592498006,0.641307121744257,0.9318977951782402,0.04538258575197889,0.8923638516179953,0.8916807829851308,0.9134199134199135,0.9762002884813517,1.7111223244047211
openmesh,openmesh_20231210T16,dynamic,masked p0.5,gauges,92,1.3844834984042043,0.5620364789213477,0.7579591838760138,0.9746835443037974,0.09411764705882353,0.8850574712643678,0.9239130434782609,0.8586956521739131,1.0759493670886076,1.379652057385237
openmesh,openmesh_20231210T16,dynamic,conditional p0.5,radar,10626,1.2745402874958554,0.6366648102596473,0.7057383375141806,0.9318977951782402,0.04538258575197889,0.8923638516179953,0.8916807829851308,0.9134199134199135,0.9762002884813517,1.7111223244047211
openmesh,openmesh_20231210T16,dynamic,conditional p0.5,gauges,92,1.4382329729167225,0.5390396398543653,0.8398726179744578,0.9746835443037974,0.09411764705882353,0.8850574712643678,0.9239130434782609,0.8586956521739131,1.0759493670886076,1.379652057385237
openmesh,openmesh_20231210T16,dynamic,masked p0.7,radar,10626,1.2211891359239972,0.6657620183183022,0.5944685540386199,0.8579229342674635,0.035892092161630196,0.8313698083067093,0.8128176171654432,0.9134199134199135,0.8898619410673809,1.7111223244047211
openmesh,openmesh_20231210T16,dynamic,masked p0.7,gauges,92,1.3843814689780742,0.5633782047189333,0.7409740472758457,0.9240506329113924,0.0875,0.8488372093023255,0.8695652173913043,0.8586956521739131,1.0126582278481011,1.379652057385237
openmesh,openmesh_20231210T16,dynamic,conditional p0.7,radar,10626,1.2504372356420164,0.6539715927270923,0.6306963421762086,0.8579229342674635,0.035892092161630196,0.8313698083067093,0.8128176171654432,0.9134199134199135,0.8898619410673809,1.7111223244047211
openmesh,openmesh_20231210T16,dynamic,conditional p0.7,gauges,92,1.435449947337934,0.5421757814896812,0.8119323930207132,0.9240506329113924,0.0875,0.8488372093023255,0.8695652173913043,0.8586956521739131,1.0126582278481011,1.379652057385237
openmesh,openmesh_20231217T18,rnn,idw,radar,11125,0.7493696298287479,0.8380695197278445,-0.1649954822892088,0.9593522802379378,0.12498744097257108,0.843731834915714,0.8946516853932585,0.816,1.0963868693544834,0.6328688351065632
openmesh,openmesh_20231217T18,rnn,idw,gauges,100,0.9681796031762949,0.7182852353801922,-0.05692882987783965,0.9452054794520548,0.23333333333333334,0.7340425531914894,0.9,0.73,1.2328767123287672,0.5989160715361883
openmesh,openmesh_20231217T18,rnn,masked p0.3,radar,11125,0.7494029689436432,0.8379359827313808,-0.16584147550265405,0.958030403172505,0.12107124810510358,0.8463409887115609,0.8894382022471911,0.816,1.0899977968715577,0.6328688351065632
openmesh,openmesh_20231217T18,rnn,masked p0.3,gauges,100,0.9682105766551838,0.7182174692713033,-0.05759206686984075,0.9452054794520548,0.23333333333333334,0.7340425531914894,0.9,0.73,1.2328767123287672,0.5989160715361883
openmesh,openmesh_20231217T18,rnn,conditional p0.3,radar,11125,0.7510867902342971,0.8371488326309354,-0.15773214199714702,0.9775280898876404,0.12476575599171516,0.8579715749782462,0.9113707865168539,0.816,1.1168759638686936,0.6328688351065632
openmesh,openmesh_20231217T18,rnn,conditional p0.3,gauges,100,0.9744733256727948,0.7133033732378098,-0.042592159969904286,0.9863013698630136,0.22580645161290322,0.7659574468085106,0.93,0.73,1.2739726027397262,0.5989160715361883
openmesh,openmesh_20231217T18,rnn,masked p0.5,radar,11125,0.7493758459701313,0.837617690585365,-0.16897978490147436,0.9528530513328927,0.09764239515960776,0.8637906930297583,0.8616629213483146,0.816,1.0559594624366602,0.6328688351065632
openmesh,openmesh_20231217T18,rnn,masked p0.5,gauges,100,0.968193142134588,0.7179205955437379,-0.06343938452284237,0.9452054794520548,0.18823529411764706,0.7752808988764045,0.85,0.73,1.1643835616438356,0.5989160715361883
openmesh,openmesh_20231217T18,rnn,conditional p0.5,radar,11125,0.7505112645931179,0.8369054014385711,-0.16447711290343436,0.9540647719762062,0.09846986572291037,0.8640263367916999,0.8635505617977528,0.816,1.0582727473011677,0.6328688351065632
openmesh,openmesh_20231217T18,rnn,conditional p0.5,gauges,100,0.9735909842300688,0.7132915697605126,-0.05560744526965267,0.9452054794520548,0.18823529411764706,0.7752808988764045,0.85,0.73,1.1643835616438356,0.5989160715361883
openmesh,openmesh_20231217T18,rnn,masked p0.7,radar,11125,0.7491995427392835,0.8373637582594782,-0.17332324101358387,0.9386428728794889,0.07138186573670445,0.8754751875064215,0.824808988764045,0.816,1.0107953293677021,0.6328688351065632
openmesh,openmesh_20231217T18,rnn,masked p0.7,gauges,100,0.9678674296223345,0.7180177436703692,-0.06757550182795102,0.9452054794520548,0.15853658536585366,0.8023255813953488,0.82,0.73,1.1232876712328768,0.5989160715361883
openmesh,openmesh_20231217T18,rnn,conditional p0.7,radar,11125,0.7497508851077187,0.8369231990859723,-0.1716800118253271,0.9387530293016083,0.07157642444710753,0.8753980482794043,0.8250786516853933,0.816,1.0111257986340605,0.6328688351065632
openmesh,openmesh_20231217T18,rnn,conditional p0.7,gauges,100,0.9726403118839025,0.7138088205060392,-0.06273524087094773,0.9452054794520548,0.15853658536585366,0.8023255813953488,0.82,0.73,1.1232876712328768,0.5989160715361883
openmesh,openmesh_20231217T18,dynamic,idw,radar,11110,0.9353448088761331,0.8015336904450001,0.5145931653425264,0.9972415315017102,0.1800780186881974,0.8180666183924692,0.9921692169216921,0.8157515751575157,1.2162639302659164,1.2002867075932178
openmesh,openmesh_20231217T18,dynamic,idw,gauges,100,1.1775560958757283,0.700694600832188,0.5929195282038133,1.0,0.26262626262626265,0.7373737373737373,0.99,0.73,1.356164383561644,0.9539956937090932
openmesh,openmesh_20231217T18,dynamic,masked p0.3,radar,11110,0.936241996943406,0.799968646241886,0.5084905235550661,0.9901798521460885,0.16404285048905448,0.8290835181079084,0.9662466246624662,0.8157515751575157,1.1844863731656186,1.2002867075932178
openmesh,openmesh_20231217T18,dynamic,masked p0.3,gauges,100,1.1762213249021385,0.7005534113114088,0.5869447442499711,1.0,0.25510204081632654,0.7448979591836735,0.98,0.73,1.3424657534246576,0.9539956937090932
openmesh,openmesh_20231217T18,dynamic,conditional p0.3,radar,11110,1.0695368991764191,0.7646950177891664,0.6448345267098385,0.9901798521460885,0.16404285048905448,0.8290835181079084,0.9662466246624662,0.8157515751575157,1.1844863731656186,1.2742774585289613
openmesh,openmesh_20231217T18,dynamic,conditional p0.3,gauges,100,1.3790354927649249,0.6385307407399844,0.7872455801149305,1.0,0.25510204081632654,0.7448979591836735,0.98,0.73,1.3424657534246576,1.1121035122094196
openmesh,openmesh_20231217T18,dynamic,masked p0.5,radar,11110,0.9346059029997509,0.7966259265386038,0.4836382518642708,0.9702085402184707,0.1384479717813051,0.8393470790378007,0.9186318631863186,0.8157515751575157,1.1261171797418075,1.2002867075932178
openmesh,openmesh_20231217T18,dynamic,masked p0.5,gauges,100,1.1700159326216952,0.7013889881090606,0.568179813544148,1.0,0.22340425531914893,0.776595744680851,0.94,0.73,1.2876712328767124,0.9539956937090932
openmesh,openmesh_20231217T18,dynamic,conditional p0.5,radar,11110,1.0367361542325784,0.7701334220872321,0.5867389489120833,0.9702085402184707,0.1384479717813051,0.8393470790378007,0.9186318631863186,0.8157515751575157,1.1261171797418075,1.2735586363876392
openmesh,openmesh_20231217T18,dynamic,conditional p0.5,gauges,100,1.3546611941149698,0.6463906708971732,0.7450968566102387,1.0,0.22340425531914893,0.776595744680851,0.94,0.73,1.2876712328767124,1.1121035122094196
openmesh,openmesh_20231217T18,dynamic,masked p0.7,radar,11110,0.9301073942099449,0.7865470730132479,0.3981712812659559,0.8802824671742249,0.08926940639269407,0.8103605891315389,0.7884788478847885,0.8157515751575157,0.9665673618007283,1.1993784526358844
openmesh,openmesh_20231217T18,dynamic,masked p0.7,gauges,100,1.166644948564032,0.6918976264483487,0.4840080920478853,0.9041095890410958,0.16455696202531644,0.7674418604651163,0.79,0.73,1.082191780821918,0.9539956937090932
openmesh,openmesh_20231217T18,dynamic,conditional p0.7,radar,11110,0.9801923847569467,0.7742192254490553,0.4485070263273554,0.8802824671742249,0.08926940639269407,0.8103605891315389,0.7884788478847885,0.8157515751575157,0.9665673618007283,1.2378992864782383
openmesh,openmesh_20231217T18,dynamic,conditional p0.7,gauges,100,1.3174542877872373,0.6457918742145141,0.6026553920419742,0.9041095890410958,0.16455696202531644,0.7674418604651163,0.79,0.73,1.082191780821918,1.1121035122094196
openmesh,openmesh_20231227T15,rnn,idw,radar,11088,0.8601540967755026,0.8686962026934331,-0.08366393476694756,0.8909716908951798,0.2178001679261125,0.7138697318007663,0.5370670995670995,0.4715007215007215,1.1390589135424636,0.6402354346646069
openmesh,openmesh_20231227T15,rnn,idw,gauges,95,1.0913573570140216,0.7917389424859776,-0.13491688631776322,0.8235294117647058,0.20754716981132076,0.6774193548387096,0.5578947368421052,0.5368421052631579,1.0392156862745097,0.5335284013908803
openmesh,openmesh_20231227T15,rnn,masked p0.3,radar,11088,0.8603643749263059,0.8686022675077745,-0.0869855099753225,0.8838944146901301,0.2106252135292108,0.7152143631016871,0.527958152958153,0.4715007215007215,1.1197398622800308,0.6402354346646069
openmesh,openmesh_20231227T15,rnn,masked p0.3,gauges,95,1.0916999432826375,0.7916437745555776,-0.13890101695612467,0.803921568627451,0.21153846153846154,0.6612903225806451,0.5473684210526316,0.5368421052631579,1.019607843137255,0.5335284013908803
openmesh,openmesh_20231227T15,rnn,conditional p0.3,radar,11088,0.8615988109732057,0.868145866982641,-0.0714610384344796,0.9016832440703902,0.22708640760780455,0.7128383487070921,0.5500541125541125,0.4715007215007215,1.166602907421576,0.6402354346646069
openmesh,openmesh_20231227T15,rnn,conditional p0.3,gauges,95,1.0912212651449553,0.7915758520043371,-0.12603856938805147,0.803921568627451,0.21153846153846154,0.6612903225806451,0.5473684210526316,0.5368421052631579,1.019607843137255,0.5335284013908803
openmesh,openmesh_20231227T15,rnn,masked p0.5,radar,11088,0.8608319875354392,0.8684325391212531,-0.09422664074683285,0.8301453710788065,0.16842306955355432,0.7106598984771574,0.4706890331890332,0.4715007215007215,0.9982785003825556,0.6402354346646069
openmesh,openmesh_20231227T15,rnn,masked p0.5,gauges,95,1.0915422690439125,0.7917946716155633,-0.14203538452048325,0.803921568627451,0.16326530612244897,0.6949152542372882,0.5157894736842106,0.5368421052631579,0.9607843137254903,0.5335284013908803
openmesh,openmesh_20231227T15,rnn,conditional p0.5,radar,11088,0.8614446381177083,0.8681530545909755,-0.08723942473031021,0.8335883703136955,0.17211246200607902,0.7104662536680796,0.47474747474747475,0.4715007215007215,1.0068859984697782,0.6402354346646069
openmesh,openmesh_20231227T15,rnn,conditional p0.5,gauges,95,1.0903927378612102,0.7921265714418777,-0.13308514275318184,0.803921568627451,0.16326530612244897,0.6949152542372882,0.5157894736842106,0.5368421052631579,0.9607843137254903,0.5335284013908803
openmesh,openmesh_20231227T15,rnn,masked p0.7,radar,11088,0.8613165473255173,0.868309912748781,-0.10296030775104481,0.769319051262433,0.09982094897045658,0.7088473739866056,0.40295815295815296,0.4715007215007215,0.8546289211935731,0.6402354346646069
openmesh,openmesh_20231227T15,rnn,masked p0.7,gauges,95,1.0938115995237052,0.7909431972673929,-0.1517220280675522,0.7058823529411765,0.12195121951219512,0.6428571428571429,0.43157894736842106,0.5368421052631579,0.803921568627451,0.5335284013908803
openmesh,openmesh_20231227T15,rnn,conditional p0.7,radar,11088,0.8614504454029308,0.8682395129224523,-0.10157703815278274,0.769319051262433,0.1000223763705527,0.7087224669603525,0.40304834054834054,0.4715007215007215,0.8548201989288448,0.6402354346646069
openmesh,openmesh_20231227T15,rnn,conditional p0.7,gauges,95,1.0938336055590323,0.7908495174601283,-0.14938345288937083,0.7058823529411765,0.12195121951219512,0.6428571428571429,0.43157894736842106,0.5368421052631579,0.803921568627451,0.5335284013908803
openmesh,openmesh_20231227T15,dynamic,idw,radar,11088,1.8346869676863242,0.7170464901513872,1.1115555528562608,0.9931140015302219,0.508240197007009,0.49008872946951104,0.9522005772005772,0.4715007215007215,2.0195103289977046,1.3338877399461815
openmesh,openmesh_20231227T15,dynamic,idw,gauges,95,1.7050747858433106,0.6896582173213628,0.9986588483084013,0.9803921568627451,0.46236559139784944,0.5319148936170213,0.9789473684210527,0.5368421052631579,1.823529411764706,1.1614291072520246
openmesh,openmesh_20231227T15,dynamic,masked p0.3,radar,11088,1.8325226725607757,0.716189838092522,1.0891588750078895,0.9845065034429993,0.4615545559158908,0.5339211618257261,0.8621031746031746,0.4715007215007215,1.828423871461362,1.3338877399461815
openmesh,openmesh_20231227T15,dynamic,masked p0.3,gauges,95,1.7041002495245914,0.6887380328114703,0.9882804797751472,0.9803921568627451,0.43820224719101125,0.5555555555555556,0.9368421052631579,0.5368421052631579,1.7450980392156863,1.1614291072520246
openmesh,openmesh_20231227T15,dynamic,conditional p0.3,radar,11088,2.116190807257373,0.657806072630809,1.4044153527681273,0.9854628921193573,0.4633333333333333,0.5324514262091773,0.8658008658008658,0.4715007215007215,1.8362662586074983,1.3338877399461815
openmesh,openmesh_20231227T15,dynamic,conditional p0.3,gauges,95,1.9575903922946536,0.643871954993822,1.3231441535759338,0.9803921568627451,0.43820224719101125,0.5555555555555556,0.9368421052631579,0.5368421052631579,1.7450980392156863,1.1614291072520246
openmesh,openmesh_20231227T15,dynamic,masked p0.5,radar,11088,1.819258079022366,0.7156054115644008,1.022126587051404,0.9307574598316756,0.4219529579472559,0.5542141230068337,0.7591991341991342,0.4715007215007215,1.61017597551645,1.3338877399461815
openmesh,openmesh_20231227T15,dynamic,masked p0.5,gauges,95,1.6937562109627995,0.6847794879183701,0.9166444616601364,0.9019607843137255,0.38666666666666666,0.575,0.7894736842105263,0.5368421052631579,1.4705882352941178,1.1614291072520246
openmesh,openmesh_20231227T15,dynamic,conditional p0.5,radar,11088,2.0368197676046185,0.6685371607567291,1.2437774894589402,0.9307574598316756,0.4219529579472559,0.5542141230068337,0.7591991341991342,0.4715007215007215,1.61017597551645,1.3338877399461815
openmesh,openmesh_20231227T15,dynamic,conditional p0.5,gauges,95,1.8828977305679386,0.6446722518832355,1.1353039377967975,0.9019607843137255,0.38666666666666666,0.575,0.7894736842105263,0.5368421052631579,1.4705882352941178,1.1614291072520246
openmesh,openmesh_20231227T15,dynamic,masked p0.7,radar,11088,1.732005000840745,0.7325294235334515,0.7982344088771165,0.8508033664881408,0.2955337345581248,0.6270087397800959,0.5694444444444444,0.4715007215007215,1.2077276205049732,1.3338877399461815
openmesh,openmesh_20231227T15,dynamic,masked p0.7,gauges,95,1.6470499389245472,0.6915985452012743,0.7790367187967393,0.8431372549019608,0.3064516129032258,0.6142857142857143,0.6526315789473685,0.5368421052631579,1.215686274509804,1.1614291072520246
openmesh,openmesh_20231227T15,dynamic,conditional p0.7,radar,11088,1.80945312015466,0.7173300245335458,0.8693398904103105,0.8508033664881408,0.2955337345581248,0.6270087397800959,0.5694444444444444,0.4715007215007215,1.2077276205049732,1.3338877399461815
openmesh,openmesh_20231227T15,dynamic,conditional p0.7,gauges,95,1.7689638181803469,0.6662454687135556,0.9124922205536856,0.8431372549019608,0.3064516129032258,0.6142857142857143,0.6526315789473685,0.5368421052631579,1.215686274509804,1.1614291072520246
openmesh,openmesh_20240109T16,rnn,idw,radar,8778,0.6762834317623713,0.7793222729217324,-0.2707392319937747,0.9362234264276782,0.013325523502709035,0.9245334796926454,0.777967646388699,0.8198906356801093,0.948867583715437,0.5421750736236572
openmesh,openmesh_20240109T16,rnn,idw,gauges,76,0.8383056714464746,0.6540149940559751,-0.14340621306214607,0.9344262295081968,0.017241379310344827,0.9193548387096774,0.7631578947368421,0.8026315789473685,0.9508196721311475,0.46298391467274025
openmesh,openmesh_20240109T16,rnn,masked p0.3,radar,8778,0.6764615028395037,0.779201021975455,-0.2716550782772016,0.9305266083090177,0.013406010606953447,0.9189077936333699,0.7732968785600365,0.8198906356801093,0.9431707655967765,0.5421750736236572
openmesh,openmesh_20240109T16,rnn,masked p0.3,gauges,76,0.8388082620753214,0.6536649820797618,-0.14513451285294743,0.9344262295081968,0.017241379310344827,0.9193548387096774,0.7631578947368421,0.8026315789473685,0.9508196721311475,0.46298391467274025
openmesh,openmesh_20240109T16,rnn,conditional p0.3,radar,8778,0.6759203625868122,0.7793168382153647,-0.26838559761194647,0.9316381825760733,0.013680494263018535,0.9197530864197531,0.7744360902255639,0.8198906356801093,0.9445602334305961,0.5421750736236572
openmesh,openmesh_20240109T16,rnn,conditional p0.3,gauges,76,0.8387285424530746,0.6534048345516352,-0.14260545713888217,0.9344262295081968,0.017241379310344827,0.9193548387096774,0.7631578947368421,0.8026315789473685,0.9508196721311475,0.46298391467274025
openmesh,openmesh_20240109T16,rnn,masked p0.5,radar,8778,0.6771814146274625,0.7786301444449242,-0.274026182665731,0.8931499235792691,0.013959196195735542,0.8819978046103183,0.7426520847573479,0.8198906356801093,0.905794080867028,0.5421750736236572
openmesh,openmesh_20240109T16,rnn,masked p0.5,gauges,76,0.8389296248087721,0.6537838647770784,-0.14700388409541787,0.9016393442622951,0.017857142857142856,0.8870967741935484,0.7368421052631579,0.8026315789473685,0.9180327868852458,0.46298391467274025
openmesh,openmesh_20240109T16,rnn,conditional p0.5,radar,8778,0.6770968821091127,0.7785876373037661,-0.27330532449878375,0.8931499235792691,0.013959196195735542,0.8819978046103183,0.7426520847573479,0.8198906356801093,0.905794080867028,0.5421750736236572
openmesh,openmesh_20240109T16,rnn,conditional p0.5,gauges,76,0.838807256542647,0.6538325887948792,-0.14641601754017042,0.9016393442622951,0.017857142857142856,0.8870967741935484,0.7368421052631579,0.8026315789473685,0.9180327868852458,0.46298391467274025
openmesh,openmesh_20240109T16,rnn,masked p0.7,radar,8778,0.6773085117827695,0.778546206207086,-0.2745256546188909,0.8863415311935529,0.013912505796877415,0.8753945382187457,0.7369560264297106,0.8198906356801093,0.8988467416979297,0.5421750736236572
openmesh,openmesh_20240109T16,rnn,masked p0.7,gauges,76,0.8389296248087721,0.6537838647770784,-0.14700388409541787,0.9016393442622951,0.017857142857142856,0.8870967741935484,0.7368421052631579,0.8026315789473685,0.9180327868852458,0.46298391467274025
openmesh,openmesh_20240109T16,rnn,conditional p0.7,radar,8778,0.6772837107185815,0.7785121270146576,-0.2742416894985479,0.8863415311935529,0.013912505796877415,0.8753945382187457,0.7369560264297106,0.8198906356801093,0.8988467416979297,0.5421750736236572
openmesh,openmesh_20240109T16,rnn,conditional p0.7,gauges,76,0.838807256542647,0.6538325887948792,-0.14641601754017042,0.9016393442622951,0.017857142857142856,0.8870967741935484,0.7368421052631579,0.8026315789473685,0.9180327868852458,0.46298391467274025
openmesh,openmesh_20240109T16,dynamic,idw,radar,8778,1.0138151241621638,0.47807722902364974,0.24331146918327673,0.9874947894956232,0.16250294602875323,0.8287080223880597,0.9667350193665983,0.8198906356801093,1.1791024037793525,1.259319664955139
openmesh,openmesh_20240109T16,dynamic,idw,gauges,76,1.2173471362469748,0.454108449431867,0.5091901295981065,1.0,0.17567567567567569,0.8243243243243243,0.9736842105263158,0.8026315789473685,1.2131147540983607,0.9873169156262701
openmesh,openmesh_20240109T16,dynamic,masked p0.3,radar,8778,1.013376274167826,0.4811051798161398,0.23692325765138222,0.9773516743087397,0.12718699590519916,0.8555096083677938,0.918090681248576,0.8198906356801093,1.1197721272752537,1.259319664955139
openmesh,openmesh_20240109T16,dynamic,masked p0.3,gauges,76,1.2153880353396254,0.4587110976603987,0.4945769937070479,1.0,0.12857142857142856,0.8714285714285714,0.9210526315789473,0.8026315789473685,1.1475409836065573,0.9873169156262701
openmesh,openmesh_20240109T16,dynamic,conditional p0.3,radar,8778,1.045267984915827,0.45015002399618004,0.2964268225148039,0.9773516743087397,0.12826868261246746,0.8544703595724004,0.9192298929141034,0.8198906356801093,1.1211615951090732,1.259319664955139
openmesh,openmesh_20240109T16,dynamic,conditional p0.3,gauges,76,1.2529066924411623,0.43291189427937,0.5570597390959795,1.0,0.12857142857142856,0.8714285714285714,0.9210526315789473,0.8026315789473685,1.1475409836065573,0.9873169156262701
openmesh,openmesh_20240109T16,dynamic,masked p0.5,radar,8778,1.0167402544355417,0.48240435366193263,0.2220939386333558,0.9510907322495484,0.10028916929547844,0.8599246231155779,0.8667122351332878,0.8198906356801093,1.0571071279699875,1.259319664955139
openmesh,openmesh_20240109T16,dynamic,masked p0.5,gauges,76,1.215540148766976,0.4588692017224371,0.49314770427837207,0.9836065573770492,0.13043478260869565,0.8571428571428571,0.9078947368421053,0.8026315789473685,1.1311475409836065,0.9873169156262701
openmesh,openmesh_20240109T16,dynamic,conditional p0.5,radar,8778,1.040974840401573,0.4602496229634785,0.2620602079620078,0.9510907322495484,0.10028916929547844,0.8599246231155779,0.8667122351332878,0.8198906356801093,1.0571071279699875,1.259319664955139
openmesh,openmesh_20240109T16,dynamic,conditional p0.5,gauges,76,1.2530381968746005,0.4334302079125472,0.5534164940302877,0.9836065573770492,0.13043478260869565,0.8571428571428571,0.9078947368421053,0.8026315789473685,1.1311475409836065,0.9873169156262701
openmesh,openmesh_20240109T16,dynamic,masked p0.7,radar,8778,1.009842904707751,0.4989150887654178,0.18460014727779517,0.9258024176740308,0.05449127288207748,0.8789077958053028,0.8028024606971975,0.8198906356801093,0.9791579824927052,1.259319664955139
openmesh,openmesh_20240109T16,dynamic,masked p0.7,gauges,76,1.197651549094837,0.48112233499707135,0.43975035815471597,0.9672131147540983,0.06349206349206349,0.9076923076923077,0.8289473684210527,0.8026315789473685,1.0327868852459017,0.9873169156262701
openmesh,openmesh_20240109T16,dynamic,conditional p0.7,radar,8778,1.0151110257431248,0.4945664534975054,0.19938511760193411,0.9258024176740308,0.05449127288207748,0.8789077958053028,0.8028024606971975,0.8198906356801093,0.9791579824927052,1.259319664955139
openmesh,openmesh_20240109T16,dynamic,conditional p0.7,gauges,76,1.2106584814288834,0.4753164224495102,0.47032764326811205,0.9672131147540983,0.06349206349206349,0.9076923076923077,0.8289473684210527,0.8026315789473685,1.0327868852459017,0.9873169156262701
openmesh,openmesh_20240302T12,rnn,idw,radar,5544,0.4114684909144032,0.8734397382967628,-0.13286585862165234,0.9942107294480895,0.06565107000362713,0.9292929292929293,0.9945887445887446,0.9347041847041847,1.0640679274411424,0.8176665842682849
openmesh,openmesh_20240302T12,rnn,idw,gauges,48,0.49261032200678795,0.8544103792049871,-0.174340316014012,1.0,0.0,1.0,1.0,1.0,1.0,0.6187273286193624
openmesh,openmesh_20240302T12,rnn,masked p0.3,radar,5544,0.4116061791768506,0.8733191617955578,-0.13306850793756975,0.9922809725974527,0.06577034883720931,0.9274891774891775,0.9927849927849928,0.9347041847041847,1.0621381705905055,0.8176665842682849
openmesh,openmesh_20240302T12,rnn,masked p0.3,gauges,48,0.49261032200678795,0.8544103792049871,-0.174340316014012,1.0,0.0,1.0,1.0,1.0,1.0,0.6187273286193624
openmesh,openmesh_20240302T12,rnn,conditional p0.3,radar,5544,0.41242918195765665,0.8721479681358855,-0.12474775636175517,0.9942107294480895,0.06565107000362713,0.9292929292929293,0.9945887445887446,0.9347041847041847,1.0640679274411424,0.8176665842682849
openmesh,openmesh_20240302T12,rnn,conditional p0.3,gauges,48,0.49223715596115647,0.8556612233093259,-0.16649520478694824,1.0,0.0,1.0,1.0,1.0,1.0,0.6187273286193624
openmesh,openmesh_20240302T12,rnn,masked p0.5,radar,5544,0.41211481173137693,0.8729386568702314,-0.13506226462066784,0.9716325742956388,0.06707430053733555,0.9081890331890332,0.9734848484848485,0.9347041847041847,1.0414897722886916,0.8176665842682849
openmesh,openmesh_20240302T12,rnn,masked p0.5,gauges,48,0.49261032200678795,0.8544103792049871,-0.174340316014012,1.0,0.0,1.0,1.0,1.0,1.0,0.6187273286193624
openmesh,openmesh_20240302T12,rnn,conditional p0.5,radar,5544,0.41269536459433914,0.8719751511116278,-0.12860802080267209,0.9718255499807025,0.06706187476843276,0.9083694083694084,0.9736652236652237,0.9347041847041847,1.0416827479737554,0.8176665842682849
openmesh,openmesh_20240302T12,rnn,conditional p0.5,gauges,48,0.49223715596115647,0.8556612233093259,-0.16649520478694824,1.0,0.0,1.0,1.0,1.0,1.0,0.6187273286193624
openmesh,openmesh_20240302T12,rnn,masked p0.7,radar,5544,0.4137434852796822,0.871959798570557,-0.1418708603751987,0.9056348900038595,0.07161226508407517,0.8465007215007215,0.9117965367965368,0.9347041847041847,0.9754920879969124,0.8176665842682849
openmesh,openmesh_20240302T12,rnn,masked p0.7,gauges,48,0.4957994534097326,0.8499214402529592,-0.18602961596164558,0.8958333333333334,0.0,0.8958333333333334,0.8958333333333334,1.0,0.8958333333333334,0.6187273286193624
openmesh,openmesh_20240302T12,rnn,conditional p0.7,radar,5544,0.41354268978337766,0.8719465827265618,-0.1401548322567856,0.9058278656889232,0.07159810126582279,0.8466810966810967,0.911976911976912,0.9347041847041847,0.975685063681976,0.8176665842682849
openmesh,openmesh_20240302T12,rnn,conditional p0.7,gauges,48,0.49582026317030514,0.849858466478812,-0.18401134118638574,0.8958333333333334,0.0,0.8958333333333334,0.8958333333333334,1.0,0.8958333333333334,0.6187273286193624
openmesh,openmesh_20240302T12,dynamic,idw,radar,5544,0.8724963335802517,0.6075301738151986,0.43621115851865766,0.991509069857198,0.06275082086829624,0.9297864639884184,0.9888167388167388,0.9347041847041847,1.0578927055191045,1.7091700317663374
openmesh,openmesh_20240302T12,dynamic,idw,gauges,48,0.6100515944699126,0.8021060297603749,0.34648284563505194,1.0,0.0,1.0,1.0,1.0,1.0,1.1181260348180775
openmesh,openmesh_20240302T12,dynamic,masked p0.3,radar,5544,0.8732557749847459,0.6078704111435103,0.431135304180972,0.9716325742956388,0.06273268801191363,0.912302953433593,0.9689754689754689,0.9347041847041847,1.0366653801620995,1.7091700317663374
openmesh,openmesh_20240302T12,dynamic,masked p0.3,gauges,48,0.6100515944699126,0.8021060297603749,0.34648284563505194,1.0,0.0,1.0,1.0,1.0,1.0,1.1181260348180775
openmesh,openmesh_20240302T12,dynamic,conditional p0.3,radar,5544,0.947690111095932,0.5555672896067494,0.5210064858294259,0.9716325742956388,0.06325581395348837,0.9118073161897863,0.9695165945165946,0.9347041847041847,1.0372443072172906,1.7091700317663374
openmesh,openmesh_20240302T12,dynamic,conditional p0.3,gauges,48,0.7032051061288125,0.764481696250382,0.4543222879881115,1.0,0.0,1.0,1.0,1.0,1.0,1.1181260348180775
openmesh,openmesh_20240302T12,dynamic,masked p0.5,radar,5544,0.8732310708489037,0.6103041802318245,0.4178720388631709,0.9478965650328058,0.05774026472280836,0.895859930694875,0.9402958152958153,0.9347041847041847,1.005982246236974,1.7091700317663374
openmesh,openmesh_20240302T12,dynamic,masked p0.5,gauges,48,0.6107308027470024,0.7938708562475345,0.31739880059877157,0.9375,0.0,0.9375,0.9375,1.0,0.9375,1.1181260348180775
openmesh,openmesh_20240302T12,dynamic,conditional p0.5,radar,5544,0.933925280342003,0.5701255860683635,0.4887651188630937,0.9478965650328058,0.05774026472280836,0.895859930694875,0.9402958152958153,0.9347041847041847,1.005982246236974,1.7091700317663374
openmesh,openmesh_20240302T12,dynamic,conditional p0.5,gauges,48,0.6634816365287262,0.7722653941498547,0.3816899671559264,0.9375,0.0,0.9375,0.9375,1.0,0.9375,1.1181260348180775
openmesh,openmesh_20240302T12,dynamic,masked p0.7,radar,5544,0.8667176575752048,0.622122871552388,0.3804655518100486,0.9143187958317252,0.03522704133577683,0.8847805788982259,0.8858225108225108,0.9347041847041847,0.9477035893477422,1.7091700317663374
openmesh,openmesh_20240302T12,dynamic,masked p0.7,gauges,48,0.6167645539743916,0.7814432010677187,0.27074050648824843,0.875,0.0,0.875,0.875,1.0,0.875,1.1181260348180775
openmesh,openmesh_20240302T12,dynamic,conditional p0.7,radar,5544,0.9064332468389392,0.5996873571793557,0.42743630510002095,0.9143187958317252,0.03522704133577683,0.8847805788982259,0.8858225108225108,0.9347041847041847,0.9477035893477422,1.7091700317663374
openmesh,openmesh_20240302T12,dynamic,conditional p0.7,gauges,48,0.6498883375146277,0.7663667681320231,0.31026741432048466,0.875,0.0,0.875,0.875,1.0,0.875,1.1181260348180775
openmesh,openmesh_20240309T19,rnn,idw,radar,7392,0.6011635553464092,0.9180871437884496,-0.1371045001378497,0.9997939843428101,0.13647686832740213,0.8633695072051236,0.7602813852813853,0.6566558441558441,1.1578079934074992,0.7047953772469806
openmesh,openmesh_20240309T19,rnn,idw,gauges,64,0.7352943476974215,0.8338387698118687,-0.08408055192551289,0.9347826086956522,0.12244897959183673,0.8269230769230769,0.765625,0.71875,1.065217391304348,0.7182709565240898
openmesh,openmesh_20240309T19,rnn,masked p0.3,radar,7392,0.6011282004636049,0.9179066824700485,-0.1383049772210988,0.9997939843428101,0.12369086312748284,0.8761509297707167,0.7491883116883117,0.6566558441558441,1.1409147095179235,0.7047953772469806
openmesh,openmesh_20240309T19,rnn,masked p0.3,gauges,64,0.7354139262955961,0.8336639871419357,-0.08509904876656116,0.9347826086956522,0.12244897959183673,0.8269230769230769,0.765625,0.71875,1.065217391304348,0.7182709565240898
openmesh,openmesh_20240309T19,rnn,conditional p0.3,radar,7392,0.6032176304634704,0.9176748709107324,-0.13019768680112953,0.9997939843428101,0.14378969654199011,0.8560592697124714,0.7667748917748918,0.6566558441558441,1.1676967449526165,0.7047953772469806
openmesh,openmesh_20240309T19,rnn,conditional p0.3,gauges,64,0.7347618489499085,0.8346197576010355,-0.07783760738592116,0.9347826086956522,0.12244897959183673,0.8269230769230769,0.765625,0.71875,1.065217391304348,0.7182709565240898
openmesh,openmesh_20240309T19,rnn,masked p0.5,radar,7392,0.6007902217987867,0.9175699107943709,-0.14193498432531393,0.9975278121137207,0.09172763083849184,0.9062324536777091,0.721185064935065,0.6566558441558441,1.0982694684796046,0.7047953772469806
openmesh,openmesh_20240309T19,rnn,masked p0.5,gauges,64,0.7353824443253341,0.8336082127723358,-0.08594963282694168,0.9347826086956522,0.10416666666666667,0.8431372549019608,0.75,0.71875,1.0434782608695652,0.7182709565240898
openmesh,openmesh_20240309T19,rnn,conditional p0.5,radar,7392,0.6015839444089699,0.9175179108461353,-0.1382304057521856,0.9975278121137207,0.09630459126539753,0.9016759776536313,0.7248376623376623,0.6566558441558441,1.103831891223733,0.7047953772469806
openmesh,openmesh_20240309T19,rnn,conditional p0.5,gauges,64,0.7344933997416545,0.8345620133822067,-0.08032010992945648,0.9347826086956522,0.10416666666666667,0.8431372549019608,0.75,0.71875,1.0434782608695652,0.7182709565240898
openmesh,openmesh_20240309T19,rnn,masked p0.7,radar,7392,0.6005538118230646,0.9172454744451325,-0.1453179695134067,0.9876390605686032,0.06073667711598746,0.9283501161890008,0.6904761904761905,0.6566558441558441,1.0515039142974867,0.7047953772469806
openmesh,openmesh_20240309T19,rnn,masked p0.7,gauges,64,0.7377516055552413,0.8317283370154823,-0.09046089668602675,0.8913043478260869,0.10869565217391304,0.803921568627451,0.71875,0.71875,1.0,0.7182709565240898
openmesh,openmesh_20240309T19,rnn,conditional p0.7,radar,7392,0.6007622011169044,0.9172483073611406,-0.14406721569036318,0.9876390605686032,0.06073667711598746,0.9283501161890008,0.6904761904761905,0.6566558441558441,1.0515039142974867,0.7047953772469806
openmesh,openmesh_20240309T19,rnn,conditional p0.7,gauges,64,0.7380894724730369,0.8316417694155902,-0.08813677641680107,0.8913043478260869,0.10869565217391304,0.803921568627451,0.71875,0.71875,1.0,0.7182709565240898
openmesh,openmesh_20240309T19,dynamic,idw,radar,7392,1.336254011208717,0.728976968816209,0.7134677161480987,0.9981458590852905,0.3130582730752871,0.6860662701784197,0.9541396103896104,0.6566558441558441,1.4530284301606924,1.6859617154767592
openmesh,openmesh_20240309T19,dynamic,idw,gauges,64,1.5617945072600512,0.6985030318283091,1.011796650466442,1.0,0.28125,0.71875,1.0,0.71875,1.391304347826087,1.6581666305597054
openmesh,openmesh_20240309T19,dynamic,masked p0.3,radar,7392,1.3358173782088096,0.7292574036055032,0.7079406191828592,0.996497733827771,0.28972099853157124,0.7085103266442069,0.9212662337662337,0.6566558441558441,1.4029666254635353,1.6859617154767592
openmesh,openmesh_20240309T19,dynamic,masked p0.3,gauges,64,1.5607831198113098,0.6985579796253392,1.0027890377810507,1.0,0.2459016393442623,0.7540983606557377,0.953125,0.71875,1.326086956521739,1.6581666305597054
openmesh,openmesh_20240309T19,dynamic,conditional p0.3,radar,7392,1.4379618557454723,0.6911724109858175,0.8256524966387451,0.996497733827771,0.3049288690903865,0.6933772935779816,0.9414231601731602,0.6566558441558441,1.4336629583848375,1.6859617154767592
openmesh,openmesh_20240309T19,dynamic,conditional p0.3,gauges,64,1.698002405675594,0.6531517248313494,1.1648303029250995,1.0,0.2459016393442623,0.7540983606557377,0.953125,0.71875,1.326086956521739,1.6581666305597054
openmesh,openmesh_20240309T19,dynamic,masked p0.5,radar,7392,1.331750356869094,0.7313063716950778,0.6862853098698292,0.992583436341162,0.24577332498434565,0.75,0.8641774891774892,0.6566558441558441,1.316028018129378,1.6859617154767592
openmesh,openmesh_20240309T19,dynamic,masked p0.5,gauges,64,1.5576673827012215,0.6988702582831099,0.9790709408945715,0.9782608695652174,0.21052631578947367,0.7758620689655172,0.890625,0.71875,1.2391304347826086,1.6581666305597054
openmesh,openmesh_20240309T19,dynamic,conditional p0.5,radar,7392,1.4163184718231363,0.7000025078660927,0.7749921736626699,0.992583436341162,0.25232774674115455,0.7435185185185185,0.8717532467532467,0.6566558441558441,1.327564894932015,1.6859617154767592
openmesh,openmesh_20240309T19,dynamic,conditional p0.5,gauges,64,1.6807587126756347,0.6572380285618585,1.1097434565355466,0.9782608695652174,0.21052631578947367,0.7758620689655172,0.890625,0.71875,1.2391304347826086,1.6581666305597054
openmesh,openmesh_20240309T19,dynamic,masked p0.7,radar,7392,1.2922854833823145,0.7491373659357503,0.5866543083069464,0.9765142150803461,0.11302395209580839,0.8684499816782705,0.7229437229437229,0.6566558441558441,1.1009476720230738,1.6859617154767592
openmesh,openmesh_20240309T19,dynamic,masked p0.7,gauges,64,1.5112727394631982,0.7139865666546442,0.8586095615234097,0.9130434782608695,0.16,0.7777777777777778,0.78125,0.71875,1.0869565217391304,1.6581666305597054
openmesh,openmesh_20240309T19,dynamic,conditional p0.7,radar,7392,1.3171142186858227,0.7407457252687819,0.6123191089888269,0.9765142150803461,0.11302395209580839,0.8684499816782705,0.7229437229437229,0.6566558441558441,1.1009476720230738,1.6859617154767592
openmesh,openmesh_20240309T19,dynamic,conditional p0.7,gauges,64,1.5667578711499,0.6956371109885325,0.9161307404301164,0.9130434782608695,0.16,0.7777777777777778,0.78125,0.71875,1.0869565217391304,1.6581666305597054
openmesh,openmesh_20240323T06,rnn,idw,radar,7392,0.6411322658572665,0.7066305026431966,-0.18168781066626083,0.9822716346153846,0.05751765893037336,0.9267186392629341,0.9384469696969697,0.9004329004329005,1.0422175480769231,0.39585257031953675
openmesh,openmesh_20240323T06,rnn,idw,gauges,64,0.8096318830559728,0.6331685391800274,-0.2482511074200996,0.9344262295081968,0.05,0.890625,0.9375,0.953125,0.9836065573770492,0.30370732559709185
openmesh,openmesh_20240323T06,rnn,masked p0.3,radar,7392,0.6411439973410008,0.7063840793109485,-0.18196987582426083,0.9822716346153846,0.05697389297562383,0.9272443625017728,0.9379058441558441,0.9004329004329005,1.0416165865384615,0.39585257031953675
openmesh,openmesh_20240323T06,rnn,masked p0.3,gauges,64,0.8096716930394361,0.6327233180154342,-0.24864916769911782,0.9344262295081968,0.05,0.890625,0.9375,0.953125,0.9836065573770492,0.30370732559709185
openmesh,openmesh_20240323T06,rnn,conditional p0.3,radar,7392,0.6411472939120957,0.7063914040644231,-0.18194762145172005,0.9822716346153846,0.05697389297562383,0.9272443625017728,0.9379058441558441,0.9004329004329005,1.0416165865384615,0.39585257031953675
openmesh,openmesh_20240323T06,rnn,conditional p0.3,gauges,64,0.8096716930394361,0.6327233180154342,-0.24864916769911782,0.9344262295081968,0.05,0.890625,0.9375,0.953125,0.9836065573770492,0.30370732559709185
openmesh,openmesh_20240323T06,rnn,masked p0.5,radar,7392,0.6411436255996454,0.7063788805796445,-0.18197790613193154,0.9822716346153846,0.05683785343335257,0.9273758865248227,0.9377705627705628,0.9004329004329005,1.0414663461538463,0.39585257031953675
openmesh,openmesh_20240323T06,rnn,masked p0.5,gauges,64,0.8096716930394361,0.6327233180154342,-0.24864916769911782,0.9344262295081968,0.05,0.890625,0.9375,0.953125,0.9836065573770492,0.30370732559709185
openmesh,openmesh_20240323T06,rnn,conditional p0.5,radar,7392,0.6411456927919308,0.7063832025545494,-0.1819642871923265,0.9822716346153846,0.05683785343335257,0.9273758865248227,0.9377705627705628,0.9004329004329005,1.0414663461538463,0.39585257031953675
openmesh,openmesh_20240323T06,rnn,conditional p0.5,gauges,64,0.8096716930394361,0.6327233180154342,-0.24864916769911782,0.9344262295081968,0.05,0.890625,0.9375,0.953125,0.9836065573770492,0.30370732559709185
openmesh,openmesh_20240323T06,rnn,masked p0.7,radar,7392,0.6411424905396055,0.7063668239608124,-0.18199761867353936,0.9822716346153846,0.05656565656565657,0.927639046538025,0.9375,0.9004329004329005,1.0411658653846154,0.39585257031953675
openmesh,openmesh_20240323T06,rnn,masked p0.7,gauges,64,0.8096716930394361,0.6327233180154342,-0.24864916769911782,0.9344262295081968,0.05,0.890625,0.9375,0.953125,0.9836065573770492,0.30370732559709185
openmesh,openmesh_20240323T06,rnn,conditional p0.7,radar,7392,0.6411424905396055,0.7063668239608124,-0.18199761867353936,0.9822716346153846,0.05656565656565657,0.927639046538025,0.9375,0.9004329004329005,1.0411658653846154,0.39585257031953675
openmesh,openmesh_20240323T06,rnn,conditional p0.7,gauges,64,0.8096716930394361,0.6327233180154342,-0.24864916769911782,0.9344262295081968,0.05,0.890625,0.9375,0.953125,0.9836065573770492,0.30370732559709185
openmesh,openmesh_20240323T06,dynamic,idw,radar,7392,0.7908222852636008,0.5574775105492801,0.10007133050512929,1.0,0.08721886999451453,0.9127811300054854,0.9864718614718615,0.9004329004329005,1.0955528846153846,1.1809204875450696
openmesh,openmesh_20240323T06,dynamic,idw,gauges,64,0.719777119139586,0.6858886887030473,0.12667734041472745,1.0,0.046875,0.953125,1.0,0.953125,1.0491803278688525,1.0635261003963274
openmesh,openmesh_20240323T06,dynamic,masked p0.3,radar,7392,0.7912612220376554,0.557143243589834,0.09971246862573513,0.9995492788461539,0.08461750137589433,0.9150048136432403,0.9832251082251082,0.9004329004329005,1.0919471153846154,1.1809204875450696
openmesh,openmesh_20240323T06,dynamic,masked p0.3,gauges,64,0.719777119139586,0.6858886887030473,0.12667734041472745,1.0,0.046875,0.953125,1.0,0.953125,1.0491803278688525,1.0635261003963274
openmesh,openmesh_20240323T06,dynamic,conditional p0.3,radar,7392,0.798437070869482,0.5661562184144657,0.1411777440927049,0.9995492788461539,0.0935967302452316,0.9060329565572655,0.9929653679653679,0.9004329004329005,1.102764423076923,1.20401378644946
openmesh,openmesh_20240323T06,dynamic,conditional p0.3,gauges,64,0.7369621088695272,0.690620987863603,0.18489766891324555,1.0,0.046875,0.953125,1.0,0.953125,1.0491803278688525,1.1441411074172583
openmesh,openmesh_20240323T06,dynamic,masked p0.5,radar,7392,0.7949807498067644,0.5542781274899827,0.09646637334842434,0.9939903846153846,0.07584858220421847,0.9190165300736214,0.9684794372294372,0.9004329004329005,1.0755709134615383,1.1809204875450696
openmesh,openmesh_20240323T06,dynamic,masked p0.5,gauges,64,0.7197977861860358,0.6859343085018681,0.12623930109264192,0.9836065573770492,0.047619047619047616,0.9375,0.984375,0.953125,1.0327868852459017,1.0635261003963274
openmesh,openmesh_20240323T06,dynamic,conditional p0.5,radar,7392,0.8042047840827707,0.5606001825720595,0.13271895066199146,0.9939903846153846,0.07584858220421847,0.9190165300736214,0.9684794372294372,0.9004329004329005,1.0755709134615383,1.20401378644946
openmesh,openmesh_20240323T06,dynamic,conditional p0.5,gauges,64,0.7369808534852521,0.6907378342926865,0.18378708510324748,0.9836065573770492,0.047619047619047616,0.9375,0.984375,0.953125,1.0327868852459017,1.1441411074172583
openmesh,openmesh_20240323T06,dynamic,masked p0.7,radar,7392,0.804130414125565,0.5490200511377721,0.08152076360683713,0.9702524038461539,0.06229127341367795,0.9115031757233593,0.9316829004329005,0.9004329004329005,1.0347055288461537,1.1809204875450696
openmesh,openmesh_20240323T06,dynamic,masked p0.7,gauges,64,0.7181680475786297,0.6892424648992213,0.10978979012366752,0.9344262295081968,0.05,0.890625,0.9375,0.953125,0.9836065573770492,1.0635261003963274
openmesh,openmesh_20240323T06,dynamic,conditional p0.7,radar,7392,0.8123091290615746,0.555723089424707,0.10909624519661265,0.9702524038461539,0.06229127341367795,0.9115031757233593,0.9316829004329005,0.9004329004329005,1.0347055288461537,1.20401378644946
openmesh,openmesh_20240323T06,dynamic,conditional p0.7,gauges,64,0.730841318597321,0.6977104047944402,0.15813479790635765,0.9344262295081968,0.05,0.890625,0.9375,0.953125,0.9836065573770492,1.1441411074172583
openmesh,openmesh_20240403T07,rnn,idw,radar,12012,0.687485779542509,0.7682463777600202,-0.20809110358929628,0.8788274831964152,0.06393556726658049,0.8290620871862615,0.8372460872460873,0.8917748917748918,0.9388536221060494,0.5156236990673044
openmesh,openmesh_20240403T07,rnn,idw,gauges,104,0.8104272309627923,0.6704461622078032,-0.14945952727607092,0.9230769230769231,0.07692307692307693,0.8571428571428571,0.875,0.875,1.0,0.7064904427578549
openmesh,openmesh_20240403T07,rnn,masked p0.3,radar,12012,0.6883994343063208,0.7680416110742262,-0.21016381590698696,0.8728528752800597,0.06368916483076306,0.8239337328163553,0.8313353313353313,0.8917748917748918,0.9322255414488424,0.5156236990673044
openmesh,openmesh_20240403T07,rnn,masked p0.3,gauges,104,0.8110998088287158,0.6704655308197139,-0.15147912829690813,0.9230769230769231,0.07692307692307693,0.8571428571428571,0.875,0.875,1.0,0.7064904427578549
openmesh,openmesh_20240403T07,rnn,conditional p0.3,radar,12012,0.6847380823006793,0.7670308394280466,-0.19420432778718255,0.8777072442120986,0.06382555013442198,0.8281511494759094,0.8360805860805861,0.8917748917748918,0.9375466766243465,0.5156236990673044
openmesh,openmesh_20240403T07,rnn,conditional p0.3,gauges,104,0.8081679192525757,0.6671254519010532,-0.12809490490143816,0.9230769230769231,0.07692307692307693,0.8571428571428571,0.875,0.875,1.0,0.7064904427578549
openmesh,openmesh_20240403T07,rnn,masked p0.5,radar,12012,0.6897145922669403,0.7678623317872212,-0.21350718286433112,0.8406460044809559,0.0592352695361471,0.7983863817714336,0.7968697968697969,0.8917748917748918,0.8935772964899178,0.5156236990673044
openmesh,openmesh_20240403T07,rnn,masked p0.5,gauges,104,0.8119409798020967,0.6703513455645503,-0.15356108674504665,0.8901098901098901,0.07954545454545454,0.826530612244898,0.8461538461538461,0.875,0.967032967032967,0.7064904427578549
openmesh,openmesh_20240403T07,rnn,conditional p0.5,radar,12012,0.6870631598882915,0.7670815746475236,-0.20217474241459976,0.8413928304705004,0.05918580375782881,0.7990956645092651,0.7975357975357975,0.8917748917748918,0.8943241224794622,0.5156236990673044
openmesh,openmesh_20240403T07,rnn,conditional p0.5,gauges,104,0.8099533660894417,0.6669063210782383,-0.13324482917723446,0.8901098901098901,0.07954545454545454,0.826530612244898,0.8461538461538461,0.875,0.967032967032967,0.7064904427578549
openmesh,openmesh_20240403T07,rnn,masked p0.7,radar,12012,0.6935855988783499,0.7674840503064772,-0.22344520055943828,0.7815533980582524,0.04429223744292238,0.7542342342342342,0.7292707292707292,0.8917748917748918,0.8177744585511575,0.5156236990673044
openmesh,openmesh_20240403T07,rnn,masked p0.7,gauges,104,0.8175126399342368,0.6718706957644685,-0.1742185885049149,0.7582417582417582,0.06756756756756757,0.71875,0.7115384615384616,0.875,0.8131868131868132,0.7064904427578549
openmesh,openmesh_20240403T07,rnn,conditional p0.7,radar,12012,0.6920797811710004,0.7673276996645649,-0.21845610724208409,0.7816467513069455,0.044287181828558383,0.7543243243243243,0.7293539793539794,0.8917748917748918,0.8178678117998507,0.5156236990673044
openmesh,openmesh_20240403T07,rnn,conditional p0.7,gauges,104,0.8166600746947646,0.6707292514364613,-0.16719854533668765,0.7582417582417582,0.06756756756756757,0.71875,0.7115384615384616,0.875,0.8131868131868132,0.7064904427578549
openmesh,openmesh_20240403T07,dynamic,idw,radar,12012,2.5258501810393517,0.44294981643339193,1.7252910646714383,0.9971060492905153,0.10288929951285067,0.8947809332328056,0.9911754911754912,0.8917748917748918,1.1114637789395072,1.666218549832831
openmesh,openmesh_20240403T07,dynamic,idw,gauges,104,2.6210900888025344,0.40536083282045204,1.9214709246398263,1.0,0.125,0.875,1.0,0.875,1.1428571428571428,2.277906269913438
openmesh,openmesh_20240403T07,dynamic,masked p0.3,radar,12012,2.5256794519393595,0.443312402786701,1.7233416985634844,0.9954256908140403,0.1005482918599747,0.8957493279569892,0.986929736929737,0.8917748917748918,1.1067027632561612,1.666218549832831
openmesh,openmesh_20240403T07,dynamic,masked p0.3,gauges,104,2.6210900888025344,0.40536083282045204,1.9214709246398263,1.0,0.125,0.875,1.0,0.875,1.1428571428571428,2.277906269913438
openmesh,openmesh_20240403T07,dynamic,conditional p0.3,radar,12012,2.55665437466944,0.43391860967642437,1.773540126630499,0.9960791635548917,0.10048895633114147,0.8963373655913979,0.9875124875124875,0.8917748917748918,1.1073562359970128,1.666218549832831
openmesh,openmesh_20240403T07,dynamic,conditional p0.3,gauges,104,2.6709324226032014,0.39327096297531083,1.9941811097931503,1.0,0.125,0.875,1.0,0.875,1.1428571428571428,2.277906269913438
openmesh,openmesh_20240403T07,dynamic,masked p0.5,radar,12012,2.5252947849928407,0.4441954130410596,1.7177685040575992,0.9909447348767737,0.08938835034743073,0.9030968181044751,0.9704462204462204,0.8917748917748918,1.0882188200149365,1.666218549832831
openmesh,openmesh_20240403T07,dynamic,masked p0.5,gauges,104,2.621052720012915,0.4056060623114328,1.9200979229912907,1.0,0.11650485436893204,0.883495145631068,0.9903846153846154,0.875,1.1318681318681318,2.277906269913438
openmesh,openmesh_20240403T07,dynamic,conditional p0.5,radar,12012,2.5534652883828746,0.4366856700495967,1.7596744952236731,0.9913181478715459,0.08935768801989538,0.9034371277862855,0.9707792207792207,0.8917748917748918,1.0885922330097086,1.666218549832831
openmesh,openmesh_20240403T07,dynamic,conditional p0.5,gauges,104,2.670692347423016,0.39394057981737557,1.9906690368412718,1.0,0.11650485436893204,0.883495145631068,0.9903846153846154,0.875,1.1318681318681318,2.277906269913438
openmesh,openmesh_20240403T07,dynamic,masked p0.7,radar,12012,2.5233788873424796,0.4459084783888495,1.704612996396135,0.9723674383868559,0.08775617446137678,0.8891924193273006,0.9505494505494505,0.8917748917748918,1.0659073935772965,1.666218549832831
openmesh,openmesh_20240403T07,dynamic,masked p0.7,gauges,104,2.620123431205359,0.40590211266497156,1.9077248936700841,0.989010989010989,0.11764705882352941,0.8737864077669902,0.9807692307692307,0.875,1.120879120879121,2.277906269913438
openmesh,openmesh_20240403T07,dynamic,conditional p0.7,radar,12012,2.5470780880984347,0.440340538634352,1.738431624417704,0.9723674383868559,0.08775617446137678,0.8891924193273006,0.9505494505494505,0.8917748917748918,1.0659073935772965,1.666218549832831
openmesh,openmesh_20240403T07,dynamic,conditional p0.7,gauges,104,2.666635690496613,0.39511133305073165,1.971320874534488,0.989010989010989,0.11764705882352941,0.8737864077669902,0.9807692307692307,0.875,1.120879120879121,2.277906269913438
openmrg,openmrg_20150602T04,rnn,idw,radar,44730,1.8374297102222228,0.7289097257886489,0.6711418216278482,0.870013446884805,0.09654396648694775,0.7960083387444038,0.5763693270735524,0.598524480214621,0.9629837143284028,1.6600794346332317
openmrg,openmrg_20150602T04,rnn,idw,gauges,270,1.1780528001103807,0.7261624567684359,-0.03016196995597642,0.8482758620689655,0.10218978102189781,0.7735849056603774,0.5074074074074074,0.5370370370370371,0.9448275862068964,0.5903904027214156
openmrg,openmrg_20150602T04,rnn,masked p0.3,radar,44730,1.8382995743245387,0.7290347403212951,0.6636639345259807,0.8665770207679665,0.09300598146917394,0.795856059826421,0.5718533422758775,0.598524480214621,0.9554385178544749,1.6600794346332317
openmrg,openmrg_20150602T04,rnn,masked p0.3,gauges,270,1.1784761348286672,0.7261466970082396,-0.03403020351198949,0.8482758620689655,0.10218978102189781,0.7735849056603774,0.5074074074074074,0.5370370370370371,0.9448275862068964,0.5903904027214156
openmrg,openmrg_20150602T04,rnn,conditional p0.3,radar,44730,1.8429093154352367,0.7281381349825135,0.6868897320287437,0.8812938891379053,0.10391188758070642,0.7995797749762776,0.5886429689246591,0.598524480214621,0.9834902136560586,1.6610408967721264
openmrg,openmrg_20150602T04,rnn,conditional p0.3,gauges,270,1.1785466514544687,0.7259838285109459,-0.03108811202177031,0.8482758620689655,0.12142857142857143,0.7592592592592593,0.5185185185185185,0.5370370370370371,0.9655172413793102,0.5903904027214156
openmrg,openmrg_20150602T04,rnn,masked p0.5,radar,44730,1.8391295305404856,0.7290159858385689,0.6565320565294464,0.8523083818915285,0.08365125898558291,0.790781493675273,0.5566957299351666,0.598524480214621,0.930113551471687,1.6600794346332317
openmrg,openmrg_20150602T04,rnn,masked p0.5,gauges,270,1.1784398480165024,0.7262050304773724,-0.03480640303417959,0.8482758620689655,0.10218978102189781,0.7735849056603774,0.5074074074074074,0.5370370370370371,0.9448275862068964,0.5903904027214156
openmrg,openmrg_20150602T04,rnn,conditional p0.5,radar,44730,1.8426525311226676,0.7285628158625532,0.6702568984062378,0.8551471686836993,0.0863596456221566,0.7911943599668233,0.5602056785155377,0.598524480214621,0.9359778873449874,1.6610408967721264
openmrg,openmrg_20150602T04,rnn,conditional p0.5,gauges,270,1.1783257031623957,0.7261884770868896,-0.03304851580596324,0.8482758620689655,0.10869565217391304,0.76875,0.5111111111111111,0.5370370370370371,0.9517241379310343,0.5903904027214156
openmrg,openmrg_20150602T04,rnn,masked p0.7,radar,44730,1.8400902094565792,0.7287972788373421,0.6445087337623532,0.8253399073659047,0.07054221175282883,0.7766881085451158,0.5314777554214174,0.598524480214621,0.8879799790826237,1.6600794346332317
openmrg,openmrg_20150602T04,rnn,masked p0.7,gauges,270,1.1785315157009943,0.7262141591868497,-0.03589643786422225,0.8413793103448276,0.10294117647058823,0.7672955974842768,0.5037037037037037,0.5370370370370371,0.9379310344827584,0.5903904027214156
openmrg,openmrg_20150602T04,rnn,conditional p0.7,radar,44730,1.8413328963376177,0.7288174942552444,0.6511219073978838,0.8253399073659047,0.07132349850796453,0.7761424707576662,0.531924882629108,0.598524480214621,0.8887270282384582,1.6600794346332317
openmrg,openmrg_20150602T04,rnn,conditional p0.7,gauges,270,1.1783767753854104,0.7262466114559093,-0.03477328459758933,0.8413793103448276,0.10294117647058823,0.7672955974842768,0.5037037037037037,0.5370370370370371,0.9379310344827584,0.5903904027214156
openmrg,openmrg_20150602T04,dynamic,idw,radar,44550,3.40791029428609,0.7461330687595288,1.7037347845627613,0.9303946924547397,0.18300309393719966,0.7699370327863767,0.6819753086419753,0.5988552188552189,1.138798305783575,2.930624185882874
openmrg,openmrg_20150602T04,dynamic,idw,gauges,270,4.581404202021782,0.6621386736072835,2.2527810329714537,0.9586206896551724,0.27979274611398963,0.6984924623115578,0.7148148148148148,0.5370370370370371,1.3310344827586205,2.638495639850736
openmrg,openmrg_20150602T04,dynamic,masked p0.3,radar,44550,3.4002155777902887,0.7495347150167944,1.6528471536131062,0.9117283256493871,0.1200665629634989,0.8108540569371292,0.6204938271604938,0.5988552188552189,1.0361332883541363,2.930624185882874
openmrg,openmrg_20150602T04,dynamic,masked p0.3,gauges,270,4.5800940475251855,0.6635015853601511,2.204791609860814,0.9586206896551724,0.17261904761904762,0.7988505747126436,0.6222222222222222,0.5370370370370371,1.1586206896551723,2.638495639850736
openmrg,openmrg_20150602T04,dynamic,conditional p0.3,radar,44550,3.4749108719317525,0.7373963677045982,1.7500443509065708,0.9185501705461224,0.12690608522160468,0.8103568003703582,0.6300336700336701,0.5988552188552189,1.0520634206679411,2.969878184252477
openmrg,openmrg_20150602T04,dynamic,conditional p0.3,gauges,270,4.587845471169291,0.6632397942447407,2.2618758874588845,0.9586206896551724,0.17751479289940827,0.7942857142857143,0.6259259259259259,0.5370370370370371,1.1655172413793102,2.638495639850736
openmrg,openmrg_20150602T04,dynamic,masked p0.5,radar,44550,3.3926597161649275,0.7515754781897516,1.6214672076009755,0.8852655646763372,0.090531017751935,0.8135721667240785,0.5829180695847362,0.5988552188552189,0.9733873083698789,2.930624185882874
openmrg,openmrg_20150602T04,dynamic,masked p0.5,gauges,270,4.579880124809913,0.6637499460146844,2.1965666486288673,0.9517241379310345,0.14285714285714285,0.8214285714285714,0.5962962962962963,0.5370370370370371,1.110344827586207,2.638495639850736
openmrg,openmrg_20150602T04,dynamic,conditional p0.5,radar,44550,3.422830065484752,0.7480221181959357,1.6738148319215642,0.886802353911316,0.09272539019058941,0.8131078805375125,0.5853423120089787,0.5988552188552189,0.9774354361107987,2.9350839215867577
openmrg,openmrg_20150602T04,dynamic,conditional p0.5,gauges,270,4.585927284673758,0.6640357975045578,2.240251939747529,0.9517241379310345,0.14285714285714285,0.8214285714285714,0.5962962962962963,0.5370370370370371,1.110344827586207,2.638495639850736
openmrg,openmrg_20150602T04,dynamic,masked p0.7,radar,44550,3.3876053854582167,0.7521160313227033,1.5787747268299812,0.8439596686532479,0.062419321257547365,0.79906309887146,0.539057239057239,0.5988552188552189,0.9001461823906443,2.930624185882874
openmrg,openmrg_20150602T04,dynamic,masked p0.7,gauges,270,4.58323462283003,0.6620617831152737,2.1576953983194613,0.8827586206896552,0.09859154929577464,0.8050314465408805,0.5259259259259259,0.5370370370370371,0.979310344827586,2.638495639850736
openmrg,openmrg_20150602T04,dynamic,conditional p0.7,radar,44550,3.402321627909343,0.7510033085882474,1.6042158113356586,0.8440346339817835,0.06257025103034844,0.7990206514796678,0.5391919191919192,0.5988552188552189,0.9003710783762511,2.9338798019261243
openmrg,openmrg_20150602T04,dynamic,conditional p0.7,gauges,270,4.588922331945176,0.6613824044883746,2.177381711533554,0.8827586206896552,0.09859154929577464,0.8050314465408805,0.5259259259259259,0.5370370370370371,0.979310344827586,2.638495639850736
openmrg,openmrg_20150707T17,rnn,idw,radar,59640,2.0199006896240097,0.7621634523811459,0.6067183558417693,0.9010661150449518,0.2661029030585796,0.6791700398788642,0.5175050301810865,0.421495640509725,1.2277826398281486,1.4584027021446353
openmrg,openmrg_20150707T17,rnn,idw,gauges,400,1.113897795821698,0.8915550515596748,0.1631929721313563,0.84375,0.1509433962264151,0.7336956521739131,0.3975,0.4,0.99375,1.0483577525504026
openmrg,openmrg_20150707T17,rnn,masked p0.3,radar,59640,2.0213901878487825,0.7618627872018916,0.5899258459532846,0.8917574986076856,0.2563362526539278,0.6820934124448501,0.5054325955734407,0.421495640509725,1.1991407430980987,1.4584027021446353
openmrg,openmrg_20150707T17,rnn,masked p0.3,gauges,400,1.11423382717279,0.8913884801799375,0.15259452866361678,0.84375,0.14556962025316456,0.7377049180327869,0.395,0.4,0.9875,1.0483577525504026
openmrg,openmrg_20150707T17,rnn,conditional p0.3,radar,59640,2.037189124005674,0.7615905728434393,0.6478003496898583,0.9060784469727107,0.2756559071394498,0.6737561379636751,0.5272468142186452,0.421495640509725,1.250895059272814,1.4584027021446353
openmrg,openmrg_20150707T17,rnn,conditional p0.3,gauges,400,1.1213519345338963,0.8905861930470041,0.17960406631331116,0.8625,0.17857142857142858,0.7263157894736842,0.42,0.4,1.0499999999999998,1.0483577525504026
openmrg,openmrg_20150707T17,rnn,masked p0.5,radar,59640,2.023692978174668,0.7611158937246011,0.5729177313538338,0.865144402896014,0.23659084526818308,0.6822259865738126,0.47766599597585513,0.421495640509725,1.1332643806189833,1.4584027021446353
openmrg,openmrg_20150707T17,rnn,masked p0.5,gauges,400,1.1136149417066958,0.8914241870883151,0.14326573225367611,0.83125,0.125,0.7430167597765364,0.38,0.4,0.95,1.0483577525504026
openmrg,openmrg_20150707T17,rnn,conditional p0.5,radar,59640,2.0339575062426,0.7611999194909194,0.6078485815682364,0.869719150290397,0.24070987011182884,0.6817487293024416,0.48279678068410464,0.421495640509725,1.1454371867292545,1.4584027021446353
openmrg,openmrg_20150707T17,rnn,conditional p0.5,gauges,400,1.1156014757837134,0.8913680953750986,0.1583304822234941,0.8375,0.12987012987012986,0.7444444444444445,0.385,0.4,0.9625,1.0483577525504026
openmrg,openmrg_20150707T17,rnn,masked p0.7,radar,59640,2.0284612020172834,0.759344556499089,0.5447355793662172,0.8162940568064285,0.2092485549132948,0.6712902381575504,0.4351106639839034,0.421495640509725,1.0323016946455565,1.4584027021446353
openmrg,openmrg_20150707T17,rnn,masked p0.7,gauges,400,1.1138468524048315,0.8912664775859714,0.12977929537006494,0.7875,0.1,0.7241379310344828,0.35,0.4,0.8749999999999999,1.0483577525504026
openmrg,openmrg_20150707T17,rnn,conditional p0.7,radar,59640,2.0350687471851963,0.7593880202261132,0.5627033992708359,0.8171294454610549,0.20965756060023086,0.6715598129924478,0.4357813547954393,0.421495640509725,1.0338929111305593,1.4584027021446353
openmrg,openmrg_20150707T17,rnn,conditional p0.7,gauges,400,1.1137927804432408,0.8914803948621699,0.13826140042069102,0.7875,0.1,0.7241379310344828,0.35,0.4,0.8749999999999999,1.0483577525504026
openmrg,openmrg_20150707T17,dynamic,idw,radar,59377,3.522122269171719,0.7446273063695179,1.4379016156900426,0.946973026973027,0.3855209251672458,0.5940390544707091,0.6495107533219934,0.42145948768041497,1.5410989010989011,2.2642672747943973
openmrg,openmrg_20150707T17,dynamic,idw,gauges,400,4.289669370217526,0.8967689836715411,2.1558576908638565,0.975,0.41353383458646614,0.5777777777777777,0.665,0.4,1.6625,2.794296207425929
openmrg,openmrg_20150707T17,dynamic,masked p0.3,radar,59377,3.5029481773614433,0.747916244149751,1.3332475287818255,0.9186013986013986,0.29086590369250703,0.6672084518488419,0.5459521363490913,0.42145948768041497,1.2953846153846154,2.2642672747943973
openmrg,openmrg_20150707T17,dynamic,masked p0.3,gauges,400,4.268902694842706,0.8972544255735001,1.9859115053636893,0.925,0.17777777777777778,0.7708333333333334,0.45,0.4,1.125,2.794296207425929
openmrg,openmrg_20150707T17,dynamic,conditional p0.3,radar,59377,3.745451233270144,0.7221195812227295,1.5682422360324595,0.9267532467532468,0.29925066473289824,0.6639754931432335,0.5573875406302103,0.42145948768041497,1.3225174825174826,2.320931681853133
openmrg,openmrg_20150707T17,dynamic,conditional p0.3,gauges,400,4.3776249319901455,0.8906359362189403,2.1494153513134298,0.925,0.17777777777777778,0.7708333333333334,0.45,0.4,1.125,2.8129389223769166
openmrg,openmrg_20150707T17,dynamic,masked p0.5,radar,59377,3.4816413581164594,0.7505249759601508,1.2577704661490534,0.8682517482517482,0.23627416520210898,0.6844111254606734,0.4791417552250872,0.42145948768041497,1.136863136863137,2.2642672747943973
openmrg,openmrg_20150707T17,dynamic,masked p0.5,gauges,400,4.2640199497955384,0.8973513626951665,1.9472766770620087,0.88125,0.13496932515337423,0.7747252747252747,0.4075,0.4,1.0187499999999998,2.794296207425929
openmrg,openmrg_20150707T17,dynamic,conditional p0.5,radar,59377,3.5987678578959916,0.7399657877750974,1.3829396619507355,0.8694905094905095,0.23730239405517192,0.6843528856738481,0.4804722367246577,0.42145948768041497,1.1400199800199802,2.2765589804993898
openmrg,openmrg_20150707T17,dynamic,conditional p0.5,gauges,400,4.340770558165859,0.8934682484926312,2.0503707961665927,0.88125,0.13496932515337423,0.7747252747252747,0.4075,0.4,1.0187499999999998,2.8129389223769166
openmrg,openmrg_20150707T17,dynamic,masked p0.7,radar,59377,3.4601795113471723,0.7512975207330707,1.1542599694080575,0.7855744255744256,0.1885164699083629,0.6643349553933495,0.40800309884298636,0.42145948768041497,0.9680719280719281,2.2642672747943973
openmrg,openmrg_20150707T17,dynamic,masked p0.7,gauges,400,4.256506856950532,0.8974734111088751,1.8887497063949303,0.8375,0.06293706293706294,0.7928994082840237,0.3575,0.4,0.8937499999999999,2.794296207425929
openmrg,openmrg_20150707T17,dynamic,conditional p0.7,radar,59377,3.5214184424657664,0.7462841943388009,1.2136011143013419,0.7856943056943057,0.18859359524595576,0.6643689812468322,0.4081041480708018,0.42145948768041497,0.9683116883116882,2.275297402906281
openmrg,openmrg_20150707T17,dynamic,conditional p0.7,gauges,400,4.318260638599856,0.8947371050374255,1.9554383623897973,0.8375,0.06293706293706294,0.7928994082840237,0.3575,0.4,0.8937499999999999,2.8129389223769166
openmrg,openmrg_20150719T14,rnn,idw,radar,16401,1.0710830096148454,0.7226360285736603,-0.18553021474274867,0.9007665740038749,0.06456128072784534,0.8480450471885161,0.696969696969697,0.7237973294311323,0.9629348833291214,0.9239767809585102
openmrg,openmrg_20150719T14,rnn,idw,gauges,110,0.8585909699856068,0.8630939413213492,0.24119422601067075,0.8552631578947368,0.04411764705882353,0.8227848101265823,0.6181818181818182,0.6909090909090909,0.8947368421052632,1.3794846519470922
openmrg,openmrg_20150719T14,rnn,masked p0.3,radar,16401,1.0729827786152555,0.7225622067662629,-0.19203656230313637,0.8888046499873642,0.06329900568181818,0.838445645263827,0.6867873910127431,0.7237973294311323,0.9488669867744924,0.9239767809585102
openmrg,openmrg_20150719T14,rnn,masked p0.3,gauges,110,0.8602881135209873,0.8626918696630089,0.22929411934879207,0.8552631578947368,0.04411764705882353,0.8227848101265823,0.6181818181818182,0.6909090909090909,0.8947368421052632,1.3794846519470922
openmrg,openmrg_20150719T14,rnn,conditional p0.3,radar,16401,1.0770137343973756,0.7178446220188697,-0.1615955182730865,0.9038834133602898,0.07460112117291937,0.8424937185929648,0.7069690872507773,0.7237973294311323,0.976750063179176,0.924172554699234
openmrg,openmrg_20150719T14,rnn,conditional p0.3,gauges,110,0.8578750815431697,0.8646945260702369,0.25322012435751073,0.881578947368421,0.0945945945945946,0.8072289156626506,0.6727272727272727,0.6909090909090909,0.9736842105263158,1.3794846519470922
openmrg,openmrg_20150719T14,rnn,masked p0.5,radar,16401,1.0747992350529836,0.7226663417821056,-0.19972690106697788,0.8589840788476119,0.059924403060754125,0.8143918217394777,0.6613621120663374,0.7237973294311323,0.9137393648386825,0.9239767809585102
openmrg,openmrg_20150719T14,rnn,masked p0.5,gauges,110,0.8599634585973772,0.8629452638456188,0.22240599349433854,0.8552631578947368,0.04411764705882353,0.8227848101265823,0.6181818181818182,0.6909090909090909,0.8947368421052632,1.3794846519470922
openmrg,openmrg_20150719T14,rnn,conditional p0.5,radar,16401,1.075736326979136,0.7204423723026845,-0.17856008359276243,0.8635329795299469,0.0628085573230938,0.8162924032489249,0.6669105542344979,0.7237973294311323,0.9214051048774323,0.924172554699234
openmrg,openmrg_20150719T14,rnn,conditional p0.5,gauges,110,0.8559604035686007,0.8654221241553679,0.23888571222166077,0.868421052631579,0.043478260869565216,0.8354430379746836,0.6272727272727273,0.6909090909090909,0.9078947368421053,1.3794846519470922
openmrg,openmrg_20150719T14,rnn,masked p0.7,radar,16401,1.0802736314141081,0.7217117207817291,-0.2143049937125081,0.810715188273945,0.04948148148148148,0.7778855480116392,0.6173404060728004,0.7237973294311323,0.8529188779378316,0.9239767809585102
openmrg,openmrg_20150719T14,rnn,masked p0.7,gauges,110,0.8715115428618707,0.8588515019781713,0.20774644952891785,0.8157894736842105,0.046153846153846156,0.7848101265822784,0.5909090909090909,0.6909090909090909,0.8552631578947368,1.3794846519470922
openmrg,openmrg_20150719T14,rnn,conditional p0.7,radar,16401,1.0797720729779783,0.7209669418062521,-0.20139252598356394,0.810715188273945,0.04995064165844028,0.777571301607821,0.6176452655325895,0.7237973294311323,0.8533400724454553,0.924172554699234
openmrg,openmrg_20150719T14,rnn,conditional p0.7,gauges,110,0.8695711954163889,0.8602237819637374,0.2171612156542675,0.8157894736842105,0.046153846153846156,0.7848101265822784,0.5909090909090909,0.6909090909090909,0.8552631578947368,1.3794846519470922
openmrg,openmrg_20150719T14,dynamic,idw,radar,16335,1.1795527422763004,0.7376149006164201,-0.03976566536392101,0.8434988579646392,0.0761604743815436,0.7886577552796014,0.6607284970921334,0.7236608509335782,0.9130361221554859,1.246927327423989
openmrg,openmrg_20150719T14,dynamic,idw,gauges,110,2.7798526681684543,0.8299061749974945,1.216906823241493,0.8947368421052632,0.10526315789473684,0.8095238095238095,0.6909090909090909,0.6909090909090909,1.0,4.0091259449451035
openmrg,openmrg_20150719T14,dynamic,masked p0.3,radar,16335,1.1839521138434537,0.7381945088468765,-0.05951457390824977,0.7951949919634549,0.0523238229660248,0.7617504051863857,0.6072237526782981,0.7236608509335782,0.8390999069452668,1.246927327423989
openmrg,openmrg_20150719T14,dynamic,masked p0.3,gauges,110,2.7813280975420343,0.8301397428287388,1.1836491282628847,0.868421052631579,0.07042253521126761,0.8148148148148148,0.6454545454545455,0.6909090909090909,0.9342105263157895,4.0091259449451035
openmrg,openmrg_20150719T14,dynamic,conditional p0.3,radar,16335,1.2239880981056535,0.727382750763592,0.0682956393488292,0.8082226545977498,0.0587192118226601,0.7694290086172183,0.6213651668197123,0.7236608509335782,0.8586414008967093,1.2522276271745525
openmrg,openmrg_20150719T14,dynamic,conditional p0.3,gauges,110,2.888185534188123,0.8351653833641649,1.4657419380644274,0.868421052631579,0.07042253521126761,0.8148148148148148,0.6454545454545455,0.6909090909090909,0.9342105263157895,4.010966396711262
openmrg,openmrg_20150719T14,dynamic,masked p0.5,radar,16335,1.1923092296885172,0.7381081099966414,-0.0916825969461732,0.7038321630995685,0.03233310072109793,0.6876601372014216,0.5263544536271809,0.7236608509335782,0.7273496320108281,1.246927327423989
openmrg,openmrg_20150719T14,dynamic,masked p0.5,gauges,110,2.7874762469339456,0.8273382262655313,1.1136012520788645,0.7368421052631579,0.05084745762711865,0.7088607594936709,0.5363636363636364,0.6909090909090909,0.7763157894736842,4.0091259449451035
openmrg,openmrg_20150719T14,dynamic,conditional p0.5,radar,16335,1.2175199186566426,0.7332482772827184,-0.009088398768409056,0.7058624481854328,0.032467532467532464,0.6895297909263697,0.5279461279461279,0.7236608509335782,0.7295491075205143,1.2522276271745525
openmrg,openmrg_20150719T14,dynamic,conditional p0.5,gauges,110,2.875853479402808,0.8310597174107903,1.3014155735459045,0.7368421052631579,0.05084745762711865,0.7088607594936709,0.5363636363636364,0.6909090909090909,0.7763157894736842,4.010966396711262
openmrg,openmrg_20150719T14,dynamic,masked p0.7,radar,16335,1.220378256187674,0.7316572950741257,-0.15416654668410146,0.5756704170543947,0.018886966551326413,0.5693607764390897,0.4246097337006428,0.7236608509335782,0.5867523898147365,1.246927327423989
openmrg,openmrg_20150719T14,dynamic,masked p0.7,gauges,110,2.8076833742786698,0.8153322256687534,0.9482309840481877,0.5394736842105263,0.0,0.5394736842105263,0.37272727272727274,0.6909090909090909,0.5394736842105263,4.0091259449451035
openmrg,openmrg_20150719T14,dynamic,conditional p0.7,radar,16335,1.2372826521460742,0.7291164496413797,-0.11073935415873015,0.5756704170543947,0.018886966551326413,0.5693607764390897,0.4246097337006428,0.7236608509335782,0.5867523898147365,1.2522276271745525
openmrg,openmrg_20150719T14,dynamic,conditional p0.7,gauges,110,2.8765529696208447,0.8159214329714423,1.0404727796630762,0.5394736842105263,0.0,0.5394736842105263,0.37272727272727274,0.6909090909090909,0.5394736842105263,4.010966396711262
openmrg,openmrg_20150725T05,rnn,idw,radar,14910,1.5543880681410462,0.2532218121225894,-0.11706888878416466,0.8707834602829162,0.10794240594519275,0.7877768662838392,0.721998658618377,0.7396378269617706,0.9761516140732681,0.6370959147360615
openmrg,openmrg_20150725T05,rnn,idw,gauges,100,0.6497896354999447,0.8916240607695173,0.03601921779771833,0.88,0.08333333333333333,0.8148148148148148,0.72,0.75,0.96,0.9502895177760523
openmrg,openmrg_20150725T05,rnn,masked p0.3,radar,14910,1.5549121316143655,0.2542239151834711,-0.12051289089540418,0.8661588683351469,0.10678885356274546,0.7848808545603944,0.7172367538564721,0.7396378269617706,0.9697134566557852,0.6370959147360615
openmrg,openmrg_20150725T05,rnn,masked p0.3,gauges,100,0.6527803791429503,0.8907636618907603,0.031215392150928167,0.88,0.08333333333333333,0.8148148148148148,0.72,0.75,0.96,0.9502895177760523
openmrg,openmrg_20150725T05,rnn,conditional p0.3,radar,14910,1.5524023714600748,0.2535007332225717,-0.11037241925102903,0.8819368879216539,0.10974828375286041,0.7954526866770263,0.7327297116029511,0.7396378269617706,0.9906601378309757,0.6370959147360615
openmrg,openmrg_20150725T05,rnn,conditional p0.3,gauges,100,0.6446071697406359,0.8932594947902631,0.047632843250588586,0.9066666666666666,0.08108108108108109,0.8395061728395061,0.74,0.75,0.9866666666666667,0.9502895177760523
openmrg,openmrg_20150725T05,rnn,masked p0.5,radar,14910,1.5558827572700349,0.2546481930089272,-0.12378685554493629,0.8443054044250997,0.10873935100985929,0.7654554422887209,0.7006706908115359,0.7396378269617706,0.9473159231048242,0.6370959147360615
openmrg,openmrg_20150725T05,rnn,masked p0.5,gauges,100,0.6613345535313061,0.8882637714481824,0.01979712825891755,0.8133333333333334,0.08955223880597014,0.7530864197530864,0.67,0.75,0.8933333333333334,0.9502895177760523
openmrg,openmrg_20150725T05,rnn,conditional p0.5,radar,14910,1.5541937427749146,0.25446237948630035,-0.11747190271298846,0.8467537178092129,0.10956422237055402,0.7668555473433523,0.7033534540576795,0.7396378269617706,0.9509430540442511,0.6370959147360615
openmrg,openmrg_20150725T05,rnn,conditional p0.5,gauges,100,0.6590445344863768,0.8889148068844364,0.024547433452794643,0.8133333333333334,0.08955223880597014,0.7530864197530864,0.67,0.75,0.8933333333333334,0.9502895177760523
openmrg,openmrg_20150725T05,rnn,masked p0.7,radar,14910,1.5578713504641266,0.25474709157796765,-0.12889793831044716,0.8089408777656873,0.11233830845771144,0.733815908530065,0.6740442655935613,0.7396378269617706,0.9113166485310119,0.6370959147360615
openmrg,openmrg_20150725T05,rnn,masked p0.7,gauges,100,0.6664994182124692,0.8867569968865238,0.013620209370692749,0.7733333333333333,0.09375,0.7160493827160493,0.64,0.75,0.8533333333333334,0.9502895177760523
openmrg,openmrg_20150725T05,rnn,conditional p0.7,radar,14910,1.5569989078592692,0.2546767377045256,-0.12535745377482976,0.8096663039535728,0.11233721045829605,0.7344135548609969,0.6746478873239437,0.7396378269617706,0.9121327529923831,0.6370959147360615
openmrg,openmrg_20150725T05,rnn,conditional p0.7,gauges,100,0.6658955036029428,0.8869040542784083,0.015688447079887924,0.7733333333333333,0.09375,0.7160493827160493,0.64,0.75,0.8533333333333334,0.9502895177760523
openmrg,openmrg_20150725T05,dynamic,idw,radar,14850,2.3135345407048766,0.21396764365103685,0.6525496323851949,0.887998543070479,0.1169865990583122,0.7945250122209548,0.7437037037037038,0.7395286195286195,1.0056456018940085,1.2637560123741531
openmrg,openmrg_20150725T05,dynamic,idw,gauges,100,4.844783479978578,0.8510845565959261,2.608257534856868,0.9733333333333334,0.0759493670886076,0.9012345679012346,0.79,0.75,1.0533333333333335,4.495973376342252
openmrg,openmrg_20150725T05,dynamic,masked p0.3,radar,14850,2.3145309597245243,0.21549237983842445,0.6416140557709056,0.8586778364596612,0.10785241248817408,0.7779244349117307,0.7117845117845117,0.7395286195286195,0.9624840648333637,1.2637560123741531
openmrg,openmrg_20150725T05,dynamic,masked p0.3,gauges,100,4.842574290638535,0.8520998197412581,2.5748650558144677,0.9466666666666667,0.0273972602739726,0.922077922077922,0.73,0.75,0.9733333333333333,4.495973376342252
openmrg,openmrg_20150725T05,dynamic,conditional p0.3,radar,14850,2.319279462595755,0.2159408666635606,0.6780461667672917,0.8641413221635403,0.10825032888554784,0.7820998846217241,0.7166329966329966,0.7395286195286195,0.9690402476780187,1.2637560123741531
openmrg,openmrg_20150725T05,dynamic,conditional p0.3,gauges,100,4.878987499145205,0.8508785415571486,2.6630064358365497,0.9466666666666667,0.0273972602739726,0.922077922077922,0.73,0.75,0.9733333333333333,4.495973376342252
openmrg,openmrg_20150725T05,dynamic,masked p0.5,radar,14850,2.3157043431458733,0.21586847340356755,0.633927914032596,0.8276270260426152,0.10918357345878663,0.7514054232804233,0.687070707070707,0.7395286195286195,0.9290657439446367,1.2637560123741531
openmrg,openmrg_20150725T05,dynamic,masked p0.5,gauges,100,4.842577547481429,0.8521497681829292,2.570614905065626,0.92,0.028169014084507043,0.8961038961038961,0.71,0.75,0.9466666666666667,4.495973376342252
openmrg,openmrg_20150725T05,dynamic,conditional p0.5,radar,14850,2.3185379898925147,0.21726373731411983,0.6594051896504403,0.8290839555636496,0.10909980430528375,0.7526659502355956,0.6882154882154882,0.7395286195286195,0.9306137315607358,1.2637560123741531
openmrg,openmrg_20150725T05,dynamic,conditional p0.5,gauges,100,4.878369717207947,0.8510905561989724,2.6501290834333564,0.92,0.028169014084507043,0.8961038961038961,0.71,0.75,0.9466666666666667,4.495973376342252
openmrg,openmrg_20150725T05,dynamic,masked p0.7,radar,14850,2.3197264794843373,0.21474025349182346,0.6198241044506625,0.7905663813513021,0.11045081967213115,0.7199004975124378,0.6572390572390573,0.7395286195286195,0.8887270078309963,1.2637560123741531
openmrg,openmrg_20150725T05,dynamic,masked p0.7,gauges,100,4.846379758103617,0.8481571397360055,2.543643615588374,0.8933333333333333,0.014705882352941176,0.881578947368421,0.68,0.75,0.9066666666666667,4.495973376342252
openmrg,openmrg_20150725T05,dynamic,conditional p0.7,radar,14850,2.3226425447764556,0.21575278334682907,0.6363632724214707,0.7906574394463668,0.11043950414916505,0.719983416252073,0.6573063973063973,0.7395286195286195,0.8888180659260608,1.2637560123741531
openmrg,openmrg_20150725T05,dynamic,conditional p0.7,gauges,100,4.881090080320509,0.8457379717404514,2.6107430498376436,0.8933333333333333,0.014705882352941176,0.881578947368421,0.68,0.75,0.9066666666666667,4.495973376342252
openmrg,openmrg_20150725T21,rnn,idw,radar,14910,1.519561848640085,0.6789785275585234,0.5298737892445244,0.9041946140754831,0.1908260168428597,0.7452760128723492,0.7486250838363514,0.6699530516431925,1.1174291720892982,1.0699017621837363
openmrg,openmrg_20150725T21,rnn,idw,gauges,100,1.3459012454664323,0.7981582775622018,-0.24631533566403663,0.8375,0.0821917808219178,0.7790697674418605,0.73,0.8,0.9125,0.5714290968025628
openmrg,openmrg_20150725T21,rnn,masked p0.3,radar,14910,1.5213708232969814,0.6784507734411197,0.5194595260887116,0.8873761137250976,0.17834631071560994,0.7440611097120793,0.7235412474849094,0.6699530516431925,1.079987986785464,1.0699017621837363
openmrg,openmrg_20150725T21,rnn,masked p0.3,gauges,100,1.3465470155501869,0.7976523974891334,-0.2521360350649008,0.8,0.08571428571428572,0.7441860465116279,0.7,0.8,0.8749999999999999,0.5714290968025628
openmrg,openmrg_20150725T21,rnn,conditional p0.3,radar,14910,1.5330761288592771,0.6797565028136814,0.5659616576377571,0.897687456201822,0.18533660397928592,0.7454484994596392,0.7382293762575453,0.6699530516431925,1.101912103313645,1.071368373250672
openmrg,openmrg_20150725T21,rnn,conditional p0.3,gauges,100,1.3420863567760124,0.799718394413162,-0.2376195806385497,0.8125,0.08450704225352113,0.7558139534883721,0.71,0.8,0.8875,0.5714290968025628
openmrg,openmrg_20150725T21,rnn,masked p0.5,radar,14910,1.5242702532988293,0.6771735664350909,0.5072105215269436,0.8594453899289218,0.16178480765475492,0.7371629744118152,0.6869215291750503,0.6699530516431925,1.0253278606467113,1.0699017621837363
openmrg,openmrg_20150725T21,rnn,masked p0.5,gauges,100,1.3471925967640739,0.797204580224392,-0.2573635883566985,0.7625,0.07575757575757576,0.7176470588235294,0.66,0.8,0.825,0.5714290968025628
openmrg,openmrg_20150725T21,rnn,conditional p0.5,radar,14910,1.5319262449783924,0.6787801601480825,0.5357975310086589,0.8608469316247873,0.1631957960295835,0.737099262815018,0.6892018779342723,0.6699530516431925,1.0287316047652417,1.071368373250672
openmrg,openmrg_20150725T21,rnn,conditional p0.5,gauges,100,1.3430305429479639,0.7990303797965345,-0.24819772561324682,0.7625,0.07575757575757576,0.7176470588235294,0.66,0.8,0.825,0.5714290968025628
openmrg,openmrg_20150725T21,rnn,masked p0.7,radar,14910,1.5316595714391776,0.6732506230873306,0.4871998085750129,0.8173991390529582,0.14743656677456407,0.7161652486623981,0.6423205902079141,0.6699530516431925,0.9587546300931022,1.0699017621837363
openmrg,openmrg_20150725T21,rnn,masked p0.7,gauges,100,1.3476361088978346,0.7969143312100119,-0.2649049009735851,0.7125,0.06557377049180328,0.6785714285714286,0.61,0.8,0.7625,0.5714290968025628
openmrg,openmrg_20150725T21,rnn,conditional p0.7,radar,14910,1.5374838792655654,0.6740721380646186,0.5033152913595318,0.8174992491740914,0.14751017851550266,0.7161901420803368,0.6424547283702213,0.6699530516431925,0.9589548503353689,1.071368373250672
openmrg,openmrg_20150725T21,rnn,conditional p0.7,gauges,100,1.3433318737803497,0.7988195639219892,-0.2590229693442907,0.7125,0.06557377049180328,0.6785714285714286,0.61,0.8,0.7625,0.5714290968025628
openmrg,openmrg_20150725T21,dynamic,idw,radar,14850,2.7035335812697667,0.6834680274471041,1.3423559537659484,0.9255982304443997,0.19535005681321563,0.7557671783925786,0.7704377104377105,0.6697643097643098,1.1503116830886788,1.9213269522154144
openmrg,openmrg_20150725T21,dynamic,idw,gauges,100,2.9689398706381556,0.9321980980926062,1.4939132906324915,0.95,0.11627906976744186,0.8444444444444444,0.86,0.8,1.075,2.8064127249969335
openmrg,openmrg_20150725T21,dynamic,masked p0.3,radar,14850,2.698567231620196,0.6850711297433568,1.3122081345950538,0.9000603257590991,0.1588837733721695,0.7692704305233308,0.7167003367003367,0.6697643097643098,1.0700784234868288,1.9213269522154144
openmrg,openmrg_20150725T21,dynamic,masked p0.3,gauges,100,2.969135027059648,0.9317180593286559,1.4664309878777306,0.85,0.04225352112676056,0.8192771084337349,0.71,0.8,0.8875,2.8064127249969335
openmrg,openmrg_20150725T21,dynamic,conditional p0.3,radar,14850,2.863124884648939,0.6608428514469735,1.4556788640488993,0.9101146189422884,0.16463639719453674,0.7716965046888321,0.7296969696969697,0.6697643097643098,1.0894832093303841,1.983990808413058
openmrg,openmrg_20150725T21,dynamic,conditional p0.3,gauges,100,3.0046847534578682,0.9301560233820112,1.5661544768282902,0.85,0.04225352112676056,0.8192771084337349,0.71,0.8,0.8875,2.8064127249969335
openmrg,openmrg_20150725T21,dynamic,masked p0.5,radar,14850,2.687089835724548,0.6875135734033309,1.2758629916042605,0.8579328373215362,0.13203132946800936,0.7588936321593739,0.6620202020202021,0.6697643097643098,0.9884375628393325,1.9213269522154144
openmrg,openmrg_20150725T21,dynamic,masked p0.5,gauges,100,2.9678449512862133,0.9315543598810473,1.44258734700195,0.7875,0.015625,0.7777777777777778,0.64,0.8,0.7999999999999999,2.8064127249969335
openmrg,openmrg_20150725T21,dynamic,conditional p0.5,radar,14850,2.780822273328559,0.6767521943295417,1.3654262782890139,0.860044238890006,0.13350891410048624,0.7594105113636364,0.6647811447811448,0.6697643097643098,0.99255982304444,1.9319488821225745
openmrg,openmrg_20150725T21,dynamic,conditional p0.5,gauges,100,2.9924101326479344,0.930791818693711,1.5056017618458886,0.7875,0.015625,0.7777777777777778,0.64,0.8,0.7999999999999999,2.8064127249969335
openmrg,openmrg_20150725T21,dynamic,masked p0.7,radar,14850,2.671783079243956,0.6889550147040703,1.2162924552082557,0.7937864468127891,0.10436755530346001,0.7265783176882017,0.5936026936026936,0.6697643097643098,0.8862859440981299,1.9213269522154144
openmrg,openmrg_20150725T21,dynamic,masked p0.7,gauges,100,2.965222503768731,0.9311883934220205,1.3966654245780603,0.675,0.0,0.675,0.54,0.8,0.675,2.8064127249969335
openmrg,openmrg_20150725T21,dynamic,conditional p0.7,radar,14850,2.7260092586574824,0.6844963587781757,1.2671893244704604,0.7937864468127891,0.10436755530346001,0.7265783176882017,0.5936026936026936,0.6697643097643098,0.8862859440981299,1.9270402825969972
openmrg,openmrg_20150725T21,dynamic,conditional p0.7,gauges,100,2.98147087936368,0.930973741686164,1.431104029239059,0.675,0.0,0.675,0.54,0.8,0.675,2.8064127249969335
openmrg,openmrg_20150728T03,rnn,idw,radar,47712,1.9130683663126655,0.6178904848914665,0.22904178441865253,0.8732305604033352,0.25399652116292554,0.6731063861589627,0.506078135479544,0.4323440643863179,1.1705448904401785,0.9790174193023005
openmrg,openmrg_20150728T03,rnn,idw,gauges,320,1.645685469179416,0.7494550056515797,0.01691965982907173,0.782608695652174,0.19402985074626866,0.6585365853658537,0.41875,0.43125,0.9710144927536232,0.640564414234532
openmrg,openmrg_20150728T03,rnn,masked p0.3,radar,47712,1.9140509041804832,0.6179873085678299,0.2175109229977472,0.8640682567384138,0.24420133146758258,0.6754841399173835,0.4942781690140845,0.4323440643863179,1.1432518906340896,0.9790174193023005
openmrg,openmrg_20150728T03,rnn,masked p0.3,gauges,320,1.645987846257047,0.7494632546582854,0.0066910271300828494,0.7608695652173914,0.19230769230769232,0.6441717791411042,0.40625,0.43125,0.9420289855072463,0.640564414234532
openmrg,openmrg_20150728T03,rnn,conditional p0.3,radar,47712,1.9249110346703202,0.6189819227069946,0.2687339661217856,0.8809385301531898,0.2564039610442753,0.6756897449245185,0.5121981891348089,0.4323440643863179,1.1847004072134963,0.9821812737933309
openmrg,openmrg_20150728T03,rnn,conditional p0.3,gauges,320,1.6323297808111508,0.7542183032572124,0.03160703788710517,0.7971014492753623,0.20863309352517986,0.6586826347305389,0.434375,0.43125,1.0072463768115942,0.640564414234532
openmrg,openmrg_20150728T03,rnn,masked p0.5,radar,47712,1.9161234812268233,0.6174742525718356,0.20555615378683245,0.8366783013379872,0.22868251698248124,0.6703825985628278,0.46898054996646543,0.4323440643863179,1.0847391894512313,0.9790174193023005
openmrg,openmrg_20150728T03,rnn,masked p0.5,gauges,320,1.6483520584379157,0.7487466758796666,0.0007466571600607264,0.7391304347826086,0.19047619047619047,0.6296296296296297,0.39375,0.43125,0.9130434782608695,0.640564414234532
openmrg,openmrg_20150728T03,rnn,conditional p0.5,radar,47712,1.923363393801669,0.6192592102382473,0.24106360358567347,0.8421078146209037,0.23157568787047686,0.6716544871051309,0.47380114017437963,0.4323440643863179,1.0958890828000776,0.9821812737933309
openmrg,openmrg_20150728T03,rnn,conditional p0.5,gauges,320,1.6368521866108918,0.7527793955878774,0.018531395184972155,0.7463768115942029,0.2076923076923077,0.6242424242424243,0.40625,0.43125,0.9420289855072463,0.640564414234532
openmrg,openmrg_20150728T03,rnn,masked p0.7,radar,47712,1.9251737453220585,0.613988700629119,0.18161352740141612,0.7877157261974016,0.20906347352024923,0.6519680616298198,0.4305835010060362,0.4323440643863179,0.9959278650378127,0.9790174193023005
openmrg,openmrg_20150728T03,rnn,masked p0.7,gauges,320,1.6487897535867073,0.7486693702038529,-0.0041931274937224705,0.7246376811594203,0.17355371900826447,0.6289308176100629,0.378125,0.43125,0.8768115942028984,0.640564414234532
openmrg,openmrg_20150728T03,rnn,conditional p0.7,radar,47712,1.93033436133374,0.6154390929668059,0.2027999753362788,0.7886852821407795,0.20939838662649432,0.6524040582267313,0.4312961099932931,0.4323440643863179,0.9975761101415552,0.9821812737933309
openmrg,openmrg_20150728T03,rnn,conditional p0.7,gauges,320,1.637284432629768,0.7527146860895565,0.010493936039340346,0.7246376811594203,0.17355371900826447,0.6289308176100629,0.378125,0.43125,0.8768115942028984,0.640564414234532
openmrg,openmrg_20150728T03,dynamic,idw,radar,47520,2.8186893004736913,0.6561977925975344,0.8538559728501502,0.8975419810172791,0.3161505655479325,0.6343309253525972,0.5674452861952862,0.4323442760942761,1.312484789486493,1.7867104102619806
openmrg,openmrg_20150728T03,dynamic,idw,gauges,320,3.6243315077864313,0.75108015719775,1.4833353409973657,0.9347826086956522,0.3613861386138614,0.6113744075829384,0.63125,0.43125,1.4637681159420288,1.6610053483914096
openmrg,openmrg_20150728T03,dynamic,masked p0.3,radar,47520,2.8166173749013295,0.6573673579965713,0.8031539859699608,0.8573862253589681,0.23991370010787486,0.6747749473280981,0.4876893939393939,0.4323442760942761,1.1280116816743733,1.7867104102619806
openmrg,openmrg_20150728T03,dynamic,masked p0.3,gauges,320,3.6128811859263377,0.7527333833789903,1.3912612188532352,0.8840579710144928,0.1643835616438356,0.7530864197530864,0.45625,0.43125,1.0579710144927534,1.6610053483914096
openmrg,openmrg_20150728T03,dynamic,conditional p0.3,radar,47520,2.961624610145835,0.6494107919777858,0.9858495081673826,0.8627889997566318,0.24806990752523966,0.6716174743303148,0.4960858585858586,0.4323442760942761,1.1474324653200292,1.789442610454228
openmrg,openmrg_20150728T03,dynamic,conditional p0.3,gauges,320,3.671887753139766,0.7543114302887962,1.5211834496861978,0.8840579710144928,0.1643835616438356,0.7530864197530864,0.45625,0.43125,1.0579710144927534,1.6610803763077644
openmrg,openmrg_20150728T03,dynamic,masked p0.5,radar,47520,2.8156530813739704,0.6567566810085017,0.754327676016826,0.7948892674616695,0.20051892103588387,0.6627571932957267,0.42986111111111114,0.4323442760942761,0.994256510099781,1.7867104102619806
openmrg,openmrg_20150728T03,dynamic,masked p0.5,gauges,320,3.6116066346400824,0.7526287922968704,1.3609266152623216,0.8260869565217391,0.1297709923664122,0.7354838709677419,0.409375,0.43125,0.9492753623188405,1.6610053483914096
openmrg,openmrg_20150728T03,dynamic,conditional p0.5,radar,47520,2.914261488351704,0.653910004954535,0.8655065552325565,0.7958627403261134,0.20200097608589557,0.6624128990439151,0.4311868686868687,0.4323442760942761,0.9973229496227792,1.789442610454228
openmrg,openmrg_20150728T03,dynamic,conditional p0.5,gauges,320,3.655310003037917,0.7553483985138792,1.4471856848960827,0.8260869565217391,0.1297709923664122,0.7354838709677419,0.409375,0.43125,0.9492753623188405,1.6610803763077644
openmrg,openmrg_20150728T03,dynamic,masked p0.7,radar,47520,2.81611398218905,0.652080681556142,0.672240609274243,0.7098564127524946,0.1632336909748121,0.6235143223599829,0.3667718855218855,0.4323442760942761,0.8483329277196398,1.7867104102619806
openmrg,openmrg_20150728T03,dynamic,masked p0.7,gauges,320,3.610552936496464,0.7516746148854467,1.3183929652525288,0.7318840579710145,0.11403508771929824,0.6688741721854304,0.35625,0.43125,0.8260869565217391,1.6610053483914096
openmrg,openmrg_20150728T03,dynamic,conditional p0.7,radar,47520,2.8768552948455985,0.6513542120413714,0.7302496144344999,0.709953760038939,0.16331096196868009,0.623546511627907,0.36685606060606063,0.4323442760942761,0.8485276222925286,1.789442610454228
openmrg,openmrg_20150728T03,dynamic,conditional p0.7,gauges,320,3.645815021415352,0.7545465506789096,1.3797187018362829,0.7318840579710145,0.11403508771929824,0.6688741721854304,0.35625,0.43125,0.8260869565217391,1.6610803763077644
openmrg,openmrg_20150804T19,rnn,idw,radar,8946,0.862612640641615,0.8675420009090036,0.4529450981695906,0.9672555589399939,0.11075329039484738,0.8632594807666168,0.7983456293315448,0.7339593114241002,1.0877246420956441,1.355899822482713
openmrg,openmrg_20150804T19,rnn,idw,gauges,60,0.8277276644606694,0.881507299587984,0.5631217388479155,0.9772727272727273,0.12244897959183673,0.86,0.8166666666666667,0.7333333333333333,1.1136363636363638,0.9472159736295103
openmrg,openmrg_20150804T19,rnn,masked p0.3,radar,8946,0.8628503538937046,0.8674938604892674,0.4509692489659136,0.9602497715504112,0.10769883951316161,0.860515900095537,0.7898502123854236,0.7339593114241002,1.0761498629302466,1.355899822482713
openmrg,openmrg_20150804T19,rnn,masked p0.3,gauges,60,0.827727644286513,0.8815047348743801,0.5630932874671974,0.9772727272727273,0.12244897959183673,0.86,0.8166666666666667,0.7333333333333333,1.1136363636363638,0.9472159736295103
openmrg,openmrg_20150804T19,rnn,conditional p0.3,radar,8946,0.861627703202997,0.868461409400128,0.4586919124969966,0.9616204690831557,0.10957551826258638,0.8598665395614872,0.7926447574334898,0.7339593114241002,1.079957356076759,1.355899822482713
openmrg,openmrg_20150804T19,rnn,conditional p0.3,gauges,60,0.8286453250048051,0.8817518195978823,0.5691460767644421,1.0,0.13725490196078433,0.8627450980392157,0.85,0.7333333333333333,1.1590909090909092,0.9472159736295103
openmrg,openmrg_20150804T19,rnn,masked p0.5,radar,8946,0.8637744161484069,0.8670204523318912,0.44904405228387345,0.9492841912884556,0.10599541021227768,0.8532511978097194,0.7793427230046949,0.7339593114241002,1.0618336886993602,1.355899822482713
openmrg,openmrg_20150804T19,rnn,masked p0.5,gauges,60,0.827829189938256,0.8812492351216764,0.5610872931200226,0.9772727272727273,0.12244897959183673,0.86,0.8166666666666667,0.7333333333333333,1.1136363636363638,0.9472159736295103
openmrg,openmrg_20150804T19,rnn,conditional p0.5,radar,8946,0.8631201109924082,0.8675629615469495,0.45381452355981633,0.9492841912884556,0.10599541021227768,0.8532511978097194,0.7793427230046949,0.7339593114241002,1.0618336886993602,1.355899822482713
openmrg,openmrg_20150804T19,rnn,conditional p0.5,gauges,60,0.8285436406246492,0.881147047061779,0.5632646820542291,0.9772727272727273,0.12244897959183673,0.86,0.8166666666666667,0.7333333333333333,1.1136363636363638,0.9472159736295103
openmrg,openmrg_20150804T19,rnn,masked p0.7,radar,8946,0.8654755718027827,0.8661338344666162,0.44537803692100075,0.9348157173317088,0.0986784140969163,0.8480243161094225,0.761234071093226,0.7339593114241002,1.0371611331099604,1.355899822482713
openmrg,openmrg_20150804T19,rnn,masked p0.7,gauges,60,0.8276305668784992,0.8811379127163691,0.5587463087038598,0.9772727272727273,0.10416666666666667,0.8775510204081632,0.8,0.7333333333333333,1.090909090909091,0.9472159736295103
openmrg,openmrg_20150804T19,rnn,conditional p0.7,radar,8946,0.8653267204505012,0.8663214154216664,0.44790884127877195,0.9348157173317088,0.0986784140969163,0.8480243161094225,0.761234071093226,0.7339593114241002,1.0371611331099604,1.355899822482713
openmrg,openmrg_20150804T19,rnn,conditional p0.7,gauges,60,0.8281207337883852,0.8810382756106967,0.5598475324395789,0.9772727272727273,0.10416666666666667,0.8775510204081632,0.8,0.7333333333333333,1.090909090909091,0.9472159736295103
openmrg,openmrg_20150804T19,dynamic,idw,radar,8910,1.6606911038117314,0.8520569715373283,0.9847807949632663,0.9701926016508713,0.10743917873716777,0.868738023542294,0.7980920314253648,0.7342312008978675,1.086976459798227,1.9387090466171795
openmrg,openmrg_20150804T19,dynamic,idw,gauges,60,3.016302936940628,0.8593276939670977,2.130551501208044,1.0,0.2,0.8,0.9166666666666666,0.7333333333333333,1.25,2.3707850120757237
openmrg,openmrg_20150804T19,dynamic,masked p0.3,radar,8910,1.66036551322421,0.8527644926434294,0.9765659411202752,0.9649954142464078,0.0724360858066412,0.8973702914001421,0.7638608305274972,0.7342312008978675,1.040354631611128,1.9387090466171795
openmrg,openmrg_20150804T19,dynamic,masked p0.3,gauges,60,3.0151262989554066,0.8602095050057043,2.1063371365316166,1.0,0.08333333333333333,0.9166666666666666,0.8,0.7333333333333333,1.090909090909091,2.3707850120757237
openmrg,openmrg_20150804T19,dynamic,conditional p0.3,radar,8910,1.6673889525576027,0.850073740949844,0.9968739752965925,0.9659125649648426,0.08060526698675978,0.8905016910935738,0.7713804713804714,0.7342312008978675,1.0505961479669825,1.942618552992664
openmrg,openmrg_20150804T19,dynamic,conditional p0.3,gauges,60,3.020158681813329,0.8590306175363068,2.135625658973234,1.0,0.08333333333333333,0.9166666666666666,0.8,0.7333333333333333,1.090909090909091,2.3707850120757237
openmrg,openmrg_20150804T19,dynamic,masked p0.5,radar,8910,1.6602074841118686,0.8531190827632109,0.9710760841785939,0.9518495872821767,0.053215751862551314,0.9035113174695298,0.7381593714927048,0.7342312008978675,1.005350045857536,1.9387090466171795
openmrg,openmrg_20150804T19,dynamic,masked p0.5,gauges,60,3.0149485513690517,0.8603398668360156,2.097578503645304,0.9772727272727273,0.06521739130434782,0.9148936170212766,0.7666666666666667,0.7333333333333333,1.0454545454545456,2.3707850120757237
openmrg,openmrg_20150804T19,dynamic,conditional p0.5,radar,8910,1.6651004691898048,0.8515088001082692,0.9834550945017473,0.9518495872821767,0.05608609974230711,0.9008969907407407,0.7404040404040404,0.7342312008978675,1.008407214918985,1.942618552992664
openmrg,openmrg_20150804T19,dynamic,conditional p0.5,gauges,60,3.0186711363592234,0.8595743307103701,2.115858608875857,0.9772727272727273,0.06521739130434782,0.9148936170212766,0.7666666666666667,0.7333333333333333,1.0454545454545456,2.3707850120757237
openmrg,openmrg_20150804T19,dynamic,masked p0.7,radar,8910,1.6593314702542208,0.8537671706843796,0.9629003959327582,0.9342708651788444,0.03535353535353535,0.9033402305645877,0.7111111111111111,0.7342312008978675,0.9685111586670744,1.9387090466171795
openmrg,openmrg_20150804T19,dynamic,masked p0.7,gauges,60,3.0145055374914316,0.8606754301269858,2.0870990112149297,0.9545454545454546,0.045454545454545456,0.9130434782608695,0.7333333333333333,0.7333333333333333,1.0,2.3707850120757237
openmrg,openmrg_20150804T19,dynamic,conditional p0.7,radar,8910,1.6615631421942059,0.85321659027446,0.9700881909791035,0.9342708651788444,0.035505759823260215,0.9032067385843062,0.7112233445566779,0.7342312008978675,0.9686640171201468,1.9387090466171795
openmrg,openmrg_20150804T19,dynamic,conditional p0.7,gauges,60,3.0173780138979396,0.8602569504122494,2.0989946611844847,0.9545454545454546,0.045454545454545456,0.9130434782608695,0.7333333333333333,0.7333333333333333,1.0,2.3707850120757237
openmrg,openmrg_20150825T02,rnn,idw,radar,31311,1.2553780284118865,0.8440370846732059,-0.09582076663509409,0.8693013129247212,0.17314088484468151,0.7354320160750167,0.5089265753249657,0.48407907764044583,1.0513294187504123,0.6408010071661795
openmrg,openmrg_20150825T02,rnn,idw,gauges,210,0.6531501283075782,0.9461131070928371,-0.07076767923106053,0.8854166666666666,0.10526315789473684,0.8018867924528302,0.4523809523809524,0.45714285714285713,0.9895833333333334,0.832510756005144
openmrg,openmrg_20150825T02,rnn,masked p0.3,radar,31311,1.2556470507428714,0.8438645386408656,-0.1005512378498361,0.8632974863099558,0.16282789507357645,0.7391820133318269,0.4991855897288493,0.48407907764044583,1.0312067031734513,0.6408010071661795
openmrg,openmrg_20150825T02,rnn,masked p0.3,gauges,210,0.653219776949483,0.9460426270790855,-0.07447771695317185,0.8854166666666666,0.10526315789473684,0.8018867924528302,0.4523809523809524,0.45714285714285713,0.9895833333333334,0.832510756005144
openmrg,openmrg_20150825T02,rnn,conditional p0.3,radar,31311,1.2564846315430511,0.8435751239781055,-0.08563722010026031,0.8800554199379824,0.17405572755417956,0.7423753339269813,0.5157931717287854,0.48407907764044583,1.0655142838292537,0.6408010071661795
openmrg,openmrg_20150825T02,rnn,conditional p0.3,gauges,210,0.6547993068360042,0.9457720848389406,-0.06300708206176842,0.8854166666666666,0.1414141414141414,0.7727272727272727,0.4714285714285714,0.45714285714285713,1.03125,0.832510756005144
openmrg,openmrg_20150825T02,rnn,masked p0.5,radar,31311,1.2561778777744523,0.8436248149207012,-0.10533595271237195,0.8419212245167249,0.14315450211508762,0.7380993695413268,0.47564753600970905,0.48407907764044583,0.9825823052055156,0.6408010071661795
openmrg,openmrg_20150825T02,rnn,masked p0.5,gauges,210,0.6536418456856621,0.9459106163927692,-0.07821174986883672,0.8645833333333334,0.09782608695652174,0.7904761904761904,0.4380952380952381,0.45714285714285713,0.9583333333333334,0.832510756005144
openmrg,openmrg_20150825T02,rnn,conditional p0.5,radar,31311,1.2565842916993968,0.8434264826896921,-0.09716347902267819,0.8437025796661608,0.14421468246001473,0.7386783733826248,0.4772444188943183,0.48407907764044583,0.9858811110378044,0.6408010071661795
openmrg,openmrg_20150825T02,rnn,conditional p0.5,gauges,210,0.654494485432127,0.9457428353549029,-0.07172285261728495,0.8645833333333334,0.09782608695652174,0.7904761904761904,0.4380952380952381,0.45714285714285713,0.9583333333333334,0.832510756005144
openmrg,openmrg_20150825T02,rnn,masked p0.7,radar,31311,1.2571920678758663,0.8432342027751739,-0.1126502977657865,0.8051065514283829,0.12391413597530332,0.7227980809097909,0.44485963399444284,0.48407907764044583,0.9189813287589893,0.6408010071661795
openmrg,openmrg_20150825T02,rnn,masked p0.7,gauges,210,0.6536861534706965,0.9458576812314421,-0.08371528118263882,0.8333333333333334,0.058823529411764705,0.7920792079207921,0.40476190476190477,0.45714285714285713,0.8854166666666667,0.832510756005144
openmrg,openmrg_20150825T02,rnn,conditional p0.7,radar,31311,1.2573160214645107,0.8431373040921423,-0.10896253030046521,0.8051725275450287,0.12390524048815506,0.7228573120890837,0.44489157165213505,0.48407907764044583,0.9190473048756351,0.6408010071661795
openmrg,openmrg_20150825T02,rnn,conditional p0.7,gauges,210,0.6536520590836068,0.9458545309688874,-0.08101067175936838,0.8333333333333334,0.058823529411764705,0.7920792079207921,0.40476190476190477,0.45714285714285713,0.8854166666666667,0.832510756005144
openmrg,openmrg_20150825T02,dynamic,idw,radar,31185,1.4024047348267161,0.8846416620544854,0.4340402073612568,0.8907357128666976,0.26908656197359127,0.6707724529995512,0.5901234567901235,0.4842392175725509,1.2186610158267666,1.1459456311337037
openmrg,openmrg_20150825T02,dynamic,idw,gauges,210,3.362697611788376,0.9192427013797517,1.55120692453088,0.9583333333333334,0.3475177304964539,0.6344827586206897,0.6714285714285714,0.45714285714285713,1.46875,2.435249472558687
openmrg,openmrg_20150825T02,dynamic,masked p0.3,radar,31185,1.4009501873739436,0.884770259039778,0.41124878431363854,0.8634527514734124,0.18536798700487317,0.7216626079256143,0.5132595799262466,0.4842392175725509,1.0599298059731144,1.1459456311337037
openmrg,openmrg_20150825T02,dynamic,masked p0.3,gauges,210,3.3610339371309754,0.9197286987795511,1.5021400177399449,0.9270833333333334,0.14423076923076922,0.8018018018018018,0.49523809523809526,0.45714285714285713,1.0833333333333335,2.435249472558687
openmrg,openmrg_20150825T02,dynamic,conditional p0.3,radar,31185,1.4233174745974866,0.8819174407298656,0.4552085885496091,0.8678895437388252,0.1933279990152028,0.718451924131126,0.5209876543209877,0.4842392175725509,1.0758890139725847,1.1459456311337037
openmrg,openmrg_20150825T02,dynamic,conditional p0.3,gauges,210,3.3694871907839983,0.9188593948785931,1.5443295898930511,0.9270833333333334,0.14423076923076922,0.8018018018018018,0.49523809523809526,0.45714285714285713,1.0833333333333335,2.435249472558687
openmrg,openmrg_20150825T02,dynamic,masked p0.5,radar,31185,1.400028612990049,0.8848154782059853,0.3964640898051146,0.8250446990265545,0.14040292534842003,0.7270658263305322,0.4647747314413981,0.4842392175725509,0.9598039864909609,1.1459456311337037
openmrg,openmrg_20150825T02,dynamic,masked p0.5,gauges,210,3.3606584438830582,0.919838569226615,1.4896843515991316,0.8958333333333334,0.0851063829787234,0.8269230769230769,0.44761904761904764,0.45714285714285713,0.9791666666666667,2.435249472558687
openmrg,openmrg_20150825T02,dynamic,conditional p0.5,radar,31185,1.411359824261195,0.883429747137623,0.419016821657193,0.8260380107277664,0.1417956656346749,0.7268383638270598,0.4660894660894661,0.4842392175725509,0.9625190384742733,1.1459456311337037
openmrg,openmrg_20150825T02,dynamic,conditional p0.5,gauges,210,3.366303626715165,0.9194146144664043,1.5125756807599107,0.8958333333333334,0.0851063829787234,0.8269230769230769,0.44761904761904764,0.45714285714285713,0.9791666666666667,2.435249472558687
openmrg,openmrg_20150825T02,dynamic,masked p0.7,radar,31185,1.398546165187605,0.8848815814656562,0.3774580262776821,0.7783590490695981,0.09972426470588236,0.7165762360543803,0.4186628186628187,0.4842392175725509,0.8645785047347858,1.1459456311337037
openmrg,openmrg_20150825T02,dynamic,masked p0.7,gauges,210,3.360157640453229,0.9198736300129519,1.4752697324900095,0.8541666666666666,0.046511627906976744,0.82,0.4095238095238095,0.45714285714285713,0.8958333333333334,2.435249472558687
openmrg,openmrg_20150825T02,dynamic,conditional p0.7,radar,31185,1.40335588669166,0.884352309820621,0.38785660062804594,0.7784252698496789,0.09978557206310308,0.7165935137771275,0.4187269520602854,0.4842392175725509,0.8647109462949474,1.1459456311337037
openmrg,openmrg_20150825T02,dynamic,conditional p0.7,gauges,210,3.3643562420817092,0.9196218960359781,1.489070967699897,0.8541666666666666,0.046511627906976744,0.82,0.4095238095238095,0.45714285714285713,0.8958333333333334,2.435249472558687
openmrg,openmrg_20150827T01,rnn,idw,radar,35784,1.004409350953287,0.8243664553026133,-0.006666866614803646,0.8074898480974583,0.11065098558886864,0.7337706710400438,0.5061200536552649,0.5574279007377599,0.9079560836215972,0.9298488137289137
openmrg,openmrg_20150827T01,rnn,idw,gauges,240,0.7735059992030606,0.912397805598196,0.12014540646371485,0.8515625,0.043859649122807015,0.8195488721804511,0.475,0.5333333333333333,0.890625,1.06179234049161
openmrg,openmrg_20150827T01,rnn,masked p0.3,radar,35784,1.0054743693261992,0.8242623365445564,-0.012662775562214734,0.7954579636035494,0.10086700289000963,0.7302895015418603,0.49315336463223786,0.5574279007377599,0.8846944402667066,0.9298488137289137
openmrg,openmrg_20150827T01,rnn,masked p0.3,gauges,240,0.7737996745309034,0.9122035261860991,0.11650403578034707,0.8515625,0.035398230088495575,0.8257575757575758,0.4708333333333333,0.5333333333333333,0.8828125,1.06179234049161
openmrg,openmrg_20150827T01,rnn,conditional p0.3,radar,35784,1.01019954769134,0.8223769322735063,0.006690731875512501,0.8144081816814559,0.10653393466065339,0.742323158471943,0.5081041806393919,0.5574279007377599,0.9115155161177119,0.9320927142412512
openmrg,openmrg_20150827T01,rnn,conditional p0.3,gauges,240,0.7736898296192734,0.9126681711608061,0.12858389958435557,0.8671875,0.06722689075630252,0.8161764705882353,0.49583333333333335,0.5333333333333333,0.9296875,1.06179234049161
openmrg,openmrg_20150827T01,rnn,masked p0.5,radar,35784,1.0067912185084562,0.8240605392432897,-0.01878653355997295,0.7684864891963704,0.0813256622318111,0.7195362373263237,0.4662977867203219,0.5574279007377599,0.8365167694390133,0.9298488137289137
openmrg,openmrg_20150827T01,rnn,masked p0.5,gauges,240,0.7741841981172705,0.9120067833723328,0.11329208738749097,0.8359375,0.036036036036036036,0.8106060606060606,0.4625,0.5333333333333333,0.8671875,1.06179234049161
openmrg,openmrg_20150827T01,rnn,conditional p0.5,radar,35784,1.0092971020302026,0.823071145024602,-0.008230756144593676,0.7717451245801373,0.08281696854146807,0.7214697473871678,0.4690364408674268,0.5574279007377599,0.8414297889406928,0.9312613715877677
openmrg,openmrg_20150827T01,rnn,conditional p0.5,gauges,240,0.7738173999261172,0.912358247952212,0.12098898561188132,0.8359375,0.036036036036036036,0.8106060606060606,0.4625,0.5333333333333333,0.8671875,1.06179234049161
openmrg,openmrg_20150827T01,rnn,masked p0.7,radar,35784,1.0089103084817068,0.8236684377093288,-0.02778824266972446,0.7297337945555723,0.06380241831746848,0.6951621376379006,0.43449586407332885,0.5574279007377599,0.7794655837970621,0.9298488137289137
openmrg,openmrg_20150827T01,rnn,masked p0.7,gauges,240,0.7749875197691493,0.9115645167773324,0.10501067220084503,0.7734375,0.019801980198019802,0.7615384615384615,0.42083333333333334,0.5333333333333333,0.7890625,1.06179234049161
openmrg,openmrg_20150827T01,rnn,conditional p0.7,radar,35784,1.009824415110318,0.8232903324768953,-0.022865124560018435,0.7298340602596882,0.06379421221864952,0.6952576531830555,0.43455175497429016,0.5574279007377599,0.779565849501178,0.9301270930735974
openmrg,openmrg_20150827T01,rnn,conditional p0.7,gauges,240,0.7739076280420419,0.9119098771584958,0.1078453968897859,0.7734375,0.019801980198019802,0.7615384615384615,0.42083333333333334,0.5333333333333333,0.7890625,1.06179234049161
openmrg,openmrg_20150827T01,dynamic,idw,radar,35038,1.6728131416250793,0.8038193356448647,0.5186293946424316,0.8842844779310696,0.197134273168477,0.7265350510289443,0.6174724584736572,0.5606198983960272,1.1014101715623885,1.5186526015396615
openmrg,openmrg_20150827T01,dynamic,idw,gauges,240,3.0005115512170515,0.8615741241616613,1.4379389468489214,0.96875,0.3149171270718232,0.6702702702702703,0.7541666666666667,0.5333333333333333,1.4140625,2.7565073285215806
openmrg,openmrg_20150827T01,dynamic,masked p0.3,radar,35038,1.671597012132452,0.8048306225338271,0.49574288939065525,0.8537901542534236,0.12550839503597871,0.7605895691609977,0.547348592956219,0.5606198983960272,0.9763274448913098,1.5186526015396615
openmrg,openmrg_20150827T01,dynamic,masked p0.3,gauges,240,2.998952750563625,0.8620548268988342,1.3769492951522961,0.8828125,0.08130081300813008,0.8188405797101449,0.5125,0.5333333333333333,0.9609374999999999,2.7565073285215806
openmrg,openmrg_20150827T01,dynamic,conditional p0.3,radar,35038,1.7088111211745007,0.797140909713126,0.550265793780681,0.8652446164027898,0.13006091006807596,0.7661377569419401,0.557594611564587,0.5606198983960272,0.9946036756096318,1.5189005364265036
openmrg,openmrg_20150827T01,dynamic,conditional p0.3,gauges,240,3.0072798389587256,0.8612483548714657,1.4224962988136278,0.8828125,0.08130081300813008,0.8188405797101449,0.5125,0.5333333333333333,0.9609374999999999,2.7565073285215806
openmrg,openmrg_20150827T01,dynamic,masked p0.5,radar,35038,1.6696101882186005,0.8056704014314192,0.47806268388941753,0.8091941149518913,0.09332040385602647,0.7469805911931952,0.5003424853016725,0.5606198983960272,0.8924807819579493,1.5186526015396615
openmrg,openmrg_20150827T01,dynamic,masked p0.5,gauges,240,2.9985958820340106,0.8620959049214835,1.3607882898647827,0.8359375,0.036036036036036036,0.8106060606060606,0.4625,0.5333333333333333,0.8671875,2.7565073285215806
openmrg,openmrg_20150827T01,dynamic,conditional p0.5,radar,35038,1.6878734717495654,0.8022398091422216,0.5068772067306055,0.8124522730743776,0.0945761942584818,0.7488972313467855,0.5030538272732462,0.5606198983960272,0.8973171104210151,1.5186526015396615
openmrg,openmrg_20150827T01,dynamic,conditional p0.5,gauges,240,3.0034064748450073,0.8617695569169095,1.3851346752772535,0.8359375,0.036036036036036036,0.8106060606060606,0.4625,0.5333333333333333,0.8671875,2.7565073285215806
openmrg,openmrg_20150827T01,dynamic,masked p0.7,radar,35038,1.6670692553664928,0.8064344226832257,0.4522314651421855,0.7443873135468105,0.07020221289584128,0.7047765942063913,0.4488269878417718,0.5606198983960272,0.8005905411597005,1.5186526015396615
openmrg,openmrg_20150827T01,dynamic,masked p0.7,gauges,240,2.997555577881358,0.8622079956656428,1.3395372927461247,0.7734375,0.019801980198019802,0.7615384615384615,0.42083333333333334,0.5333333333333333,0.7890625,2.7565073285215806
openmrg,openmrg_20150827T01,dynamic,conditional p0.7,radar,35038,1.6747342736218642,0.8051939786357644,0.46469682092781217,0.7445909484294659,0.07024346831097833,0.7049354154617312,0.448969690050802,0.5606198983960272,0.8008450847630199,1.5186526015396615
openmrg,openmrg_20150827T01,dynamic,conditional p0.7,gauges,240,2.999843824805407,0.8622105471508921,1.3515909942447784,0.7734375,0.019801980198019802,0.7615384615384615,0.42083333333333334,0.5333333333333333,0.7890625,2.7565073285215806
openmrg,openmrg_20150831T17,rnn,idw,radar,10437,0.4313199785174215,0.7505805308386084,0.0053786311335422,0.9795938198425809,0.0,0.9795938198425809,0.9658905815847466,0.986011305930823,0.979593819842581,1.1309703089656895
openmrg,openmrg_20150831T17,rnn,idw,gauges,70,0.4446292942102526,0.9100755276788854,-0.2886681905127406,1.0,0.014285714285714285,0.9857142857142858,1.0,0.9857142857142858,1.0144927536231882,0.6059791581855979
openmrg,openmrg_20150831T17,rnn,masked p0.3,radar,10437,0.43139674160713015,0.7506577745615508,0.005161544855836198,0.979496647556117,0.0,0.979496647556117,0.96579476861167,0.986011305930823,0.9794966475561171,1.1309703089656895
openmrg,openmrg_20150831T17,rnn,masked p0.3,gauges,70,0.4446292942102526,0.9100755276788854,-0.2886681905127406,1.0,0.014285714285714285,0.9857142857142858,1.0,0.9857142857142858,1.0144927536231882,0.6059791581855979
openmrg,openmrg_20150831T17,rnn,conditional p0.3,radar,10437,0.4307930637521665,0.7504757768251213,0.00669047431329739,0.9822174715771063,0.0006920415224913495,0.981549815498155,0.9691482226693494,0.986011305930823,0.9828976775823536,1.1309703089656895
openmrg,openmrg_20150831T17,rnn,conditional p0.3,gauges,70,0.4444508706596538,0.9104595460411622,-0.2877358403463146,1.0,0.014285714285714285,0.9857142857142858,1.0,0.9857142857142858,1.0144927536231882,0.6059791581855979
openmrg,openmrg_20150831T17,rnn,masked p0.5,radar,10437,0.4314941799790128,0.7507266101116568,0.004918312439196271,0.9776503741133029,0.0,0.9776503741133029,0.9639743221232154,0.986011305930823,0.9776503741133029,1.1309703089656895
openmrg,openmrg_20150831T17,rnn,masked p0.5,gauges,70,0.4446292942102526,0.9100755276788854,-0.2886681905127406,1.0,0.014285714285714285,0.9857142857142858,1.0,0.9857142857142858,1.0144927536231882,0.6059791581855979
openmrg,openmrg_20150831T17,rnn,conditional p0.5,radar,10437,0.4309535880599616,0.7507068508800981,0.006094122910186517,0.9788164415508697,0.0,0.9788164415508697,0.9651240778001341,0.986011305930823,0.9788164415508697,1.1309703089656895
openmrg,openmrg_20150831T17,rnn,conditional p0.5,gauges,70,0.4444508706596538,0.9104595460411622,-0.2877358403463146,1.0,0.014285714285714285,0.9857142857142858,1.0,0.9857142857142858,1.0144927536231882,0.6059791581855979
openmrg,openmrg_20150831T17,rnn,masked p0.7,radar,10437,0.4318907729598363,0.7506589200576509,0.004360867908704158,0.9742493440870663,0.0,0.9742493440870663,0.960620868065536,0.986011305930823,0.9742493440870664,1.1309703089656895
openmrg,openmrg_20150831T17,rnn,masked p0.7,gauges,70,0.4446292942102526,0.9100755276788854,-0.2886681905127406,1.0,0.014285714285714285,0.9857142857142858,1.0,0.9857142857142858,1.0144927536231882,0.6059791581855979
openmrg,openmrg_20150831T17,rnn,conditional p0.7,radar,10437,0.43145164971849376,0.7507127679736627,0.0052109250098868465,0.9745408609464581,0.0,0.9745408609464581,0.9609083069847657,0.986011305930823,0.9745408609464581,1.1309703089656895
openmrg,openmrg_20150831T17,rnn,conditional p0.7,gauges,70,0.4444508706596538,0.9104595460411622,-0.2877358403463146,1.0,0.014285714285714285,0.9857142857142858,1.0,0.9857142857142858,1.0144927536231882,0.6059791581855979
openmrg,openmrg_20150831T17,dynamic,idw,radar,10395,1.4033746236117608,0.8222358124306509,0.8834265094670204,0.9610731707317073,0.0,0.9610731707317073,0.9476671476671477,0.9860509860509861,0.9610731707317073,2.2786773123777366
openmrg,openmrg_20150831T17,dynamic,idw,gauges,70,1.8173162651268715,0.6804523527566936,1.2459527747727481,1.0,0.014285714285714285,0.9857142857142858,1.0,0.9857142857142858,1.0144927536231882,2.7681486637159853
openmrg,openmrg_20150831T17,dynamic,masked p0.3,radar,10395,1.4038769928829589,0.8223827075590548,0.8810153318608569,0.9479024390243902,0.0,0.9479024390243902,0.9346801346801347,0.9860509860509861,0.9479024390243902,2.2786773123777366
openmrg,openmrg_20150831T17,dynamic,masked p0.3,gauges,70,1.8173162651268715,0.6804523527566936,1.2459527747727481,1.0,0.014285714285714285,0.9857142857142858,1.0,0.9857142857142858,1.0144927536231882,2.7681486637159853
openmrg,openmrg_20150831T17,dynamic,conditional p0.3,radar,10395,1.4098773738770591,0.8172367840304048,0.9048876202821867,0.9504390243902439,0.0,0.9504390243902439,0.9371813371813372,0.9860509860509861,0.950439024390244,2.2786773123777366
openmrg,openmrg_20150831T17,dynamic,conditional p0.3,gauges,70,1.826145287243799,0.6725553342821312,1.2787742948281902,1.0,0.014285714285714285,0.9857142857142858,1.0,0.9857142857142858,1.0144927536231882,2.7681486637159853
openmrg,openmrg_20150831T17,dynamic,masked p0.5,radar,10395,1.4045675490570706,0.8227956042835568,0.87656233723893,0.9257560975609757,0.0,0.9257560975609757,0.9128427128427128,0.9860509860509861,0.9257560975609755,2.2786773123777366
openmrg,openmrg_20150831T17,dynamic,masked p0.5,gauges,70,1.817484162822829,0.6816651185504216,1.2389916326591508,0.9855072463768116,0.014492753623188406,0.9714285714285714,0.9857142857142858,0.9857142857142858,1.0,2.7681486637159853
openmrg,openmrg_20150831T17,dynamic,conditional p0.5,radar,10395,1.4099479295602264,0.8189192115769276,0.8942270200219751,0.9258536585365854,0.0,0.9258536585365854,0.9129389129389129,0.9860509860509861,0.9258536585365853,2.2786773123777366
openmrg,openmrg_20150831T17,dynamic,conditional p0.5,gauges,70,1.8244450101268688,0.6758824199017589,1.2643943856328508,0.9855072463768116,0.014492753623188406,0.9714285714285714,0.9857142857142858,0.9857142857142858,1.0,2.7681486637159853
openmrg,openmrg_20150831T17,dynamic,masked p0.7,radar,10395,1.4058665131387726,0.8238594977945161,0.864588150934722,0.8877073170731707,0.0,0.8877073170731707,0.8753246753246753,0.9860509860509861,0.8877073170731706,2.2786773123777366
openmrg,openmrg_20150831T17,dynamic,masked p0.7,gauges,70,1.816653881985394,0.6855284763636986,1.2233021494273904,0.9565217391304348,0.014925373134328358,0.9428571428571428,0.9571428571428572,0.9857142857142858,0.9710144927536232,2.7681486637159853
openmrg,openmrg_20150831T17,dynamic,conditional p0.7,radar,10395,1.4100106673885753,0.8215581968419001,0.8749135485044228,0.8878048780487805,0.0,0.8878048780487805,0.8754208754208754,0.9860509860509861,0.8878048780487805,2.2786773123777366
openmrg,openmrg_20150831T17,dynamic,conditional p0.7,gauges,70,1.8208825948168887,0.6831010514294827,1.2394812878828287,0.9565217391304348,0.014925373134328358,0.9428571428571428,0.9571428571428572,0.9857142857142858,0.9710144927536232,2.7681486637159853
openrainer,openrainer_20210523T23,rnn,idw,radar,71325,1.0766099573081445,0.7349011427949337,0.23564272461064317,0.8949103563361078,0.14425546820269325,0.7776029141321262,0.7204766912022432,0.6889449702067999,1.0457681271495145,1.26763563447499
openrainer,openrainer_20210523T23,rnn,idw,gauges,3515,1.3182381539557846,0.8386602324495424,0.6223551120956996,0.9475539885412075,0.13585209003215434,0.8247027234369007,0.707823613086771,0.6455192034139402,1.096518289995593,1.4712363980451364
openrainer,openrainer_20210523T23,rnn,masked p0.3,radar,71325,1.0768556673404026,0.7349490262361873,0.23393454727193186,0.8912269276949063,0.1420343233288927,0.7766408342052528,0.7156536978618998,0.6889449702067999,1.0387675776877836,1.26763563447499
openrainer,openrainer_20210523T23,rnn,masked p0.3,gauges,3515,1.3182866901637336,0.8386184775676894,0.6193589266798976,0.9422653151167916,0.1319529029638652,0.8242097147262915,0.7007112375533429,0.6455192034139402,1.0855002203613928,1.4712363980451364
openrainer,openrainer_20210523T23,rnn,conditional p0.3,radar,71325,1.0774004673674553,0.7346615102237123,0.24137725770059726,0.8934247746189381,0.1520781829419036,0.7700349043200674,0.7259165790396074,0.6889449702067999,1.0536640957284438,1.270027897693366
openrainer,openrainer_20210523T23,rnn,conditional p0.3,gauges,3515,1.322471407020269,0.8378942204233238,0.6318316083976241,0.9466725429704715,0.1431990426804946,0.817351598173516,0.7132290184921763,0.6455192034139402,1.104892022917585,1.4712363980451364
openrainer,openrainer_20210523T23,rnn,masked p0.5,radar,71325,1.0777903731767808,0.7346413207776346,0.23121565403783517,0.8823948391298154,0.13769787606395673,0.7734156217112891,0.7049982474588152,0.6889449702067999,1.0233012474816336,1.26763563447499
openrainer,openrainer_20210523T23,rnn,masked p0.5,gauges,3515,1.3183434626582566,0.8385009597801614,0.614864039964566,0.9352137505509035,0.1216887417218543,0.8279360124853687,0.6873399715504979,0.6455192034139402,1.0647862494490965,1.4712363980451364
openrainer,openrainer_20210523T23,rnn,conditional p0.5,radar,71325,1.0778135892534852,0.734542306176642,0.23498175284120792,0.8829646512953051,0.14049128367670363,0.7716028525190731,0.7077462320364528,0.6889449702067999,1.0272899326400617,1.26763563447499
openrainer,openrainer_20210523T23,rnn,conditional p0.5,gauges,3515,1.3198250569240364,0.8382987150425828,0.6208794652933796,0.9352137505509035,0.12566955088586731,0.8243978243978244,0.6904694167852062,0.6455192034139402,1.0696342000881447,1.4712363980451364
openrainer,openrainer_20210523T23,rnn,masked p0.7,radar,71325,1.078861736367284,0.7343819255456512,0.22740282429659642,0.8697775697511142,0.12990370717208527,0.7698126801152738,0.6886926042762005,0.6889449702067999,0.999633692179328,1.26763563447499
openrainer,openrainer_20210523T23,rnn,masked p0.7,gauges,3515,1.3187736569848403,0.838208109470786,0.6085994296139898,0.9219920669898634,0.10864933958244567,0.8288431061806656,0.6677098150782361,0.6455192034139402,1.0343763772587045,1.4712363980451364
openrainer,openrainer_20210523T23,rnn,conditional p0.7,radar,71325,1.0788689704122645,0.734339761885252,0.2287410401495411,0.8698386210545596,0.1303383588679322,0.7695202088396795,0.6890851735015773,0.6889449702067999,1.0002035043448176,1.26763563447499
openrainer,openrainer_20210523T23,rnn,conditional p0.7,gauges,3515,1.319431675472816,0.8381018902132074,0.6108277862059863,0.9219920669898634,0.10864933958244567,0.8288431061806656,0.6677098150782361,0.6455192034139402,1.0343763772587045,1.4712363980451364
openrainer,openrainer_20210523T23,dynamic,idw,radar,71263,2.3137985016749023,0.5254739277320125,0.4386222309840775,0.8956062982502597,0.15271809299905575,0.7711249079238135,0.7281899442908663,0.6888988675750389,1.057034607785224,2.2296523294190584
openrainer,openrainer_20210523T23,dynamic,idw,gauges,3513,2.3675899243218486,0.7045147083871299,0.8096319346173337,0.933392148213498,0.164956590370955,0.7880819366852886,0.7213208084258469,0.645317392541987,1.117776797529775,2.202028885952757
openrainer,openrainer_20210523T23,dynamic,masked p0.3,radar,71263,2.3128106931364343,0.5269829799784399,0.4290890748763603,0.8855845028822846,0.13847495244134433,0.7752358196180524,0.7081374626383958,0.6888988675750389,1.0279265883119795,2.2296523294190584
openrainer,openrainer_20210523T23,dynamic,masked p0.3,gauges,3513,2.364534988632818,0.7057659175428245,0.7934204684099,0.9161887957653286,0.15293637846655792,0.7861468584405753,0.6979789353828636,0.645317392541987,1.0816056462284958,2.202028885952757
openrainer,openrainer_20210523T23,dynamic,conditional p0.3,radar,71263,2.403803414037122,0.5055171090795485,0.4915932092234887,0.8916953537164157,0.14600078033554428,0.7737419799565194,0.7193073544476095,0.6888988675750389,1.0441407125252071,2.332978441113846
openrainer,openrainer_20210523T23,dynamic,conditional p0.3,gauges,3513,2.607766929284614,0.6587487581342851,0.8942343631986245,0.9223643581826202,0.16825775656324582,0.7773234200743494,0.7156276686592656,0.645317392541987,1.1089545655050728,2.3867341998960225
openrainer,openrainer_20210523T23,dynamic,masked p0.5,radar,71263,2.304946588183035,0.5309360695859405,0.40706227078037216,0.8606114924734687,0.11931462875724351,0.7707463013298794,0.6731964694161066,0.6888988675750389,0.9772065263886909,2.2296523294190584
openrainer,openrainer_20210523T23,dynamic,masked p0.5,gauges,3513,2.340378914672679,0.7118664510210377,0.7566255051402062,0.8892809880899868,0.125,0.7890410958904109,0.6558497011101623,0.645317392541987,1.016321129245699,2.202028885952757
openrainer,openrainer_20210523T23,dynamic,conditional p0.5,radar,71263,2.350303858362288,0.5206472711196138,0.43826229036748376,0.8617521846291732,0.12157139594277527,0.7699279318628521,0.6758205520396279,0.6888988675750389,0.9810156234086327,2.2724264640641954
openrainer,openrainer_20210523T23,dynamic,conditional p0.5,gauges,3513,2.4486289283280227,0.691107100347604,0.8009695239036174,0.8897220996912218,0.12910189982728842,0.7860483242400623,0.659265584970111,0.645317392541987,1.0216144684605204,2.262081150108755
openrainer,openrainer_20210523T23,dynamic,masked p0.7,radar,71263,2.288789706322821,0.5371271368021547,0.37457379868507656,0.8284887865887194,0.10095048629531388,0.7579761461051062,0.6348315395085808,0.6888988675750389,0.9215163057869756,2.2296523294190584
openrainer,openrainer_20210523T23,dynamic,masked p0.7,gauges,3513,2.2841014279942637,0.7236832697083466,0.7079596811290858,0.8557565063961182,0.09851301115241635,0.7825736183945139,0.6125818388841446,0.645317392541987,0.949272165857962,2.1939934283426705
openrainer,openrainer_20210523T23,dynamic,conditional p0.7,radar,71263,2.2989003164701827,0.5350940949680247,0.383926051616305,0.8285906341026216,0.10137627852519496,0.7577586528072725,0.6352104177483406,0.6888988675750389,0.9220662823620476,2.2446693006395035
openrainer,openrainer_20210523T23,dynamic,conditional p0.7,gauges,3513,2.301081607396823,0.7202008068794798,0.7218615549864367,0.8557565063961182,0.09935004642525534,0.7819427650141072,0.6131511528608027,0.645317392541987,0.9501543890604321,2.1939934283426705
openrainer,openrainer_20210926T06,rnn,idw,radar,52114,1.302039337918337,0.7928930600379307,0.4504158891859493,0.9089544039553196,0.11732697915925741,0.8109724219056332,0.539547914188126,0.5239474997121695,1.029774766526277,1.0296087332148753
openrainer,openrainer_20210926T06,rnn,idw,gauges,2295,1.213459123654264,0.7747282634328254,0.16444877174013528,0.9366438356164384,0.13654301499605367,0.8158090976882924,0.5520697167755991,0.5089324618736384,1.0847602739726026,0.6003335175112784
openrainer,openrainer_20210926T06,rnn,masked p0.3,radar,52114,1.3024612726159943,0.7927319111309588,0.4487563859446433,0.9047427211133492,0.10922006274113871,0.814399683523439,0.5321602640365353,0.5239474997121695,1.0156747848379417,1.0296087332148753
openrainer,openrainer_20210926T06,rnn,masked p0.3,gauges,2295,1.2138077703046128,0.774521451421409,0.16284061148894602,0.9306506849315068,0.1310951239008793,0.816066066066066,0.5450980392156862,0.5089324618736384,1.0710616438356162,0.6003335175112784
openrainer,openrainer_20210926T06,rnn,conditional p0.3,radar,52114,1.3102279849230256,0.7923312555461325,0.4625631620261279,0.9057681743270464,0.11335771133577113,0.8117635474447763,0.5352496450090187,0.5239474997121695,1.0215711408167003,1.0296087332148753
openrainer,openrainer_20210926T06,rnn,conditional p0.3,gauges,2295,1.2205498641071386,0.7724478327243229,0.17384519480738225,0.9315068493150684,0.13444709626093873,0.8137621540762902,0.5477124183006536,0.5089324618736384,1.0761986301369864,0.6003335175112784
openrainer,openrainer_20210926T06,rnn,masked p0.5,radar,52114,1.3038545442219929,0.7920489627380015,0.4444531907549978,0.8950009155832265,0.099192745770209,0.8147086278170422,0.5205702882142994,0.5239474997121695,0.9935542940853324,1.0296087332148753
openrainer,openrainer_20210926T06,rnn,masked p0.5,gauges,2295,1.2150241936873314,0.7738700422787451,0.1593583433293153,0.9203767123287672,0.12244897959183673,0.8156297420333839,0.5337690631808278,0.5089324618736384,1.0488013698630134,0.6003335175112784
openrainer,openrainer_20210926T06,rnn,conditional p0.5,radar,52114,1.3081161220421271,0.7920586989451063,0.45203685785550807,0.8954037722028932,0.10001472428771258,0.8143694623942442,0.5212802701769198,0.5239474997121695,0.994909357260575,1.0296087332148753
openrainer,openrainer_20210926T06,rnn,conditional p0.5,gauges,2295,1.2190915239999178,0.7725728760057679,0.16522137223555422,0.9212328767123288,0.12306438467807661,0.8157695223654283,0.534640522875817,0.5089324618736384,1.0505136986301369,0.6003335175112784
openrainer,openrainer_20210926T06,rnn,masked p0.7,radar,52114,1.3060704502011764,0.7907187107861761,0.4372396270180161,0.8827321003479216,0.08652315621920716,0.8146207922130594,0.5063130828568139,0.5239474997121695,0.9663431605932978,1.0296087332148753
openrainer,openrainer_20210926T06,rnn,masked p0.7,gauges,2295,1.2161131498994557,0.7731222762741758,0.15270348798733013,0.9092465753424658,0.11204013377926421,0.815668202764977,0.5211328976034858,0.5089324618736384,1.0239726027397258,0.6003335175112784
openrainer,openrainer_20210926T06,rnn,conditional p0.7,radar,52114,1.3070522709183185,0.7910589828096898,0.440003095838722,0.8827321003479216,0.086627003675774,0.8145382041837045,0.5063706489618912,0.5239474997121695,0.9664530305804797,1.0296087332148753
openrainer,openrainer_20210926T06,rnn,conditional p0.7,gauges,2295,1.21800605222963,0.7725005103562689,0.15510441796604124,0.9092465753424658,0.11278195488721804,0.8150422102839601,0.5215686274509804,0.5089324618736384,1.0248287671232876,0.6003335175112784
openrainer,openrainer_20210926T06,dynamic,idw,radar,51975,3.3356418022875016,0.5460955312939139,0.8336652174172547,0.930390929838769,0.16622682588902818,0.7848160223567769,0.5832419432419432,0.5226743626743626,1.1158801442980197,2.428161650281004
openrainer,openrainer_20210926T06,dynamic,idw,gauges,2293,2.6053419462887946,0.542982850400729,0.4683886268927482,0.9519725557461407,0.19096209912536444,0.7773109243697479,0.59834278238116,0.5085041430440471,1.176672384219554,1.373683016993281
openrainer,openrainer_20210926T06,dynamic,masked p0.3,radar,51975,3.332745037010417,0.5472288963480487,0.8227441687888941,0.9203047927556505,0.14203843514070008,0.7986264175051908,0.5606541606541606,0.5226743626743626,1.0726643598615917,2.428161650281004
openrainer,openrainer_20210926T06,dynamic,masked p0.3,gauges,2293,2.6026128963781923,0.5441510083424115,0.4595492679793951,0.9459691252144082,0.1643939393939394,0.7975415762834418,0.5756650675970345,0.5085041430440471,1.1320754716981132,1.373683016993281
openrainer,openrainer_20210926T06,dynamic,conditional p0.3,radar,51975,3.4700453615866653,0.5295248939236975,0.884711904202897,0.9225134359125378,0.15102137606287475,0.7924677460156843,0.567946127946128,0.5226743626743626,1.0866156224692631,2.4909184161637516
openrainer,openrainer_20210926T06,dynamic,conditional p0.3,gauges,2293,2.7565877499024487,0.5180795831957244,0.5131598093222598,0.9485420240137221,0.17339312406576982,0.7911301859799714,0.5835150457915395,0.5085041430440471,1.1475128644939965,1.4166120857672941
openrainer,openrainer_20210926T06,dynamic,masked p0.5,radar,51975,3.324085357984879,0.5483274103815451,0.8004641007156663,0.8968195538540823,0.11741052021446167,0.8012299799388298,0.5311014911014911,0.5226743626743626,1.0161230950452773,2.419595896061205
openrainer,openrainer_20210926T06,dynamic,masked p0.5,gauges,2293,2.5899129754871435,0.5469806890959333,0.4438588067811975,0.9288164665523156,0.14047619047619048,0.806403574087863,0.5494984736153511,0.5085041430440471,1.0806174957118353,1.3733499849361894
openrainer,openrainer_20210926T06,dynamic,conditional p0.5,radar,51975,3.4055236571465772,0.537412674730824,0.829671261539362,0.8976293896782743,0.11977042197595929,0.799927830993308,0.533006253006253,0.5226743626743626,1.0197673562541414,2.4774177882989226
openrainer,openrainer_20210926T06,dynamic,conditional p0.5,gauges,2293,2.697889980845072,0.5287132439341473,0.47460729296103876,0.9288164665523156,0.14454976303317535,0.8028169014084507,0.5521151330135194,0.5085041430440471,1.085763293310463,1.3805261182801296
openrainer,openrainer_20210926T06,dynamic,masked p0.7,radar,51975,3.3006888159318475,0.5521537807215208,0.7713948739809222,0.8730398291982625,0.09185939653852045,0.802198545577541,0.5024723424723425,0.5226743626743626,0.9613487447544726,2.419595896061205
openrainer,openrainer_20210926T06,dynamic,masked p0.7,gauges,2293,2.51665586404229,0.5611335484219868,0.40491445999994613,0.9005145797598628,0.10409556313993173,0.8152173913043478,0.5111208024422155,0.5085041430440471,1.0051457975986278,1.346079589705456
openrainer,openrainer_20210926T06,dynamic,conditional p0.7,radar,51975,3.3385514881221914,0.547162597352606,0.7813035961820467,0.8733343149525141,0.09217877094972067,0.8021978021978022,0.5028186628186628,0.5226743626743626,0.9620113377015388,2.419595896061205
openrainer,openrainer_20210926T06,dynamic,conditional p0.7,gauges,2293,2.5193053085900647,0.5604927178726391,0.41037611698634646,0.9005145797598628,0.10409556313993173,0.8152173913043478,0.5111208024422155,0.5085041430440471,1.0051457975986278,1.346079589705456
openrainer,openrainer_20211005T19,rnn,idw,radar,249720,1.8939940642752753,0.6613816246227322,-0.0027579710168516014,0.685854146231042,0.23123196143314761,0.5685635203602928,0.37878023386192533,0.4245715201025148,0.8921470610427827,1.0393103429080304
openrainer,openrainer_20211005T19,rnn,idw,gauges,10929,1.9228259659934077,0.7416004819488273,0.2504879692566686,0.8026819923371648,0.2405980969642048,0.6399389079801451,0.4038795864214475,0.38210266264068077,1.056992337164751,1.3353883144325842
openrainer,openrainer_20211005T19,rnn,masked p0.3,radar,249720,1.8948980595136948,0.6612990683429391,-0.0069216099301535605,0.6768656153323775,0.22519487810671332,0.5655963808893303,0.3709034118212398,0.4245715201025148,0.8735946578133253,1.0393103429080304
openrainer,openrainer_20211005T19,rnn,masked p0.3,gauges,10929,1.9235673728208018,0.7415128263708808,0.24472938331405092,0.7933429118773946,0.23132250580046404,0.6404407500483279,0.39436361972733097,0.38210266264068077,1.032088122605364,1.3353883144325842
openrainer,openrainer_20211005T19,rnn,conditional p0.3,radar,249720,1.8919135468607369,0.6626158671597313,0.011694344627689368,0.686448351316683,0.23435412436748476,0.5672598031192274,0.38065433285279515,0.4245715201025148,0.8965611559646873,1.0393103429080304
openrainer,openrainer_20211005T19,rnn,conditional p0.3,gauges,10929,1.9308116658336392,0.7404765375596017,0.2716658370998073,0.805316091954023,0.24273812204458456,0.6400837457175486,0.4063500777747278,0.38210266264068077,1.0634578544061304,1.3353883144325842
openrainer,openrainer_20211005T19,rnn,masked p0.5,radar,249720,1.8973451704606883,0.6606999706584024,-0.013189346379446798,0.6559929827208933,0.21323288198097307,0.556969425180582,0.35400048053820277,0.4245715201025148,0.8337829170753791,1.0393103429080304
openrainer,openrainer_20211005T19,rnn,masked p0.5,gauges,10929,1.9257129564210393,0.7410165233926849,0.23514728890334413,0.7686781609195402,0.21207658321060383,0.6369047619047619,0.3727696953060664,0.38210266264068077,0.9755747126436781,1.3353883144325842
openrainer,openrainer_20211005T19,rnn,conditional p0.5,radar,249720,1.8942550812711194,0.6620311333044974,-0.0032451412175314998,0.6583698030634574,0.21640978435356586,0.5570780993120621,0.35672353035399645,0.4245715201025148,0.8401965592695994,1.0393103429080304
openrainer,openrainer_20211005T19,rnn,conditional p0.5,gauges,10929,1.9303225624474325,0.740370216511252,0.24874098305784154,0.7705938697318008,0.2158869395711501,0.6357171078625049,0.3755146856986001,0.38210266264068077,0.9827586206896552,1.3353883144325842
openrainer,openrainer_20211005T19,rnn,masked p0.7,radar,249720,1.9036279893887151,0.6587925763295691,-0.02244221709862082,0.6286689806081642,0.19873536412377082,0.5438656614119259,0.3331170911420791,0.4245715201025148,0.7845959405417641,1.0393103429080304
openrainer,openrainer_20211005T19,rnn,masked p0.7,gauges,10929,1.9273530714412221,0.7405796077536131,0.2223145732130567,0.7385057471264368,0.19456777226429878,0.6267018898597846,0.3503522737670418,0.38210266264068077,0.9169061302681992,1.3353883144325842
openrainer,openrainer_20211005T19,rnn,conditional p0.7,radar,249720,1.9019731490026,0.6595542253871141,-0.018447702691470447,0.6289990945446314,0.1992868034627253,0.5438583614685782,0.333521544129425,0.4245715201025148,0.785548555044141,1.0393103429080304
openrainer,openrainer_20211005T19,rnn,conditional p0.7,gauges,10929,1.9293053865851062,0.7403369345013115,0.22784428235788812,0.7392241379310345,0.19525547445255476,0.6268020304568528,0.3509927715252997,0.38210266264068077,0.9185823754789272,1.3353883144325842
openrainer,openrainer_20211005T19,dynamic,idw,radar,248824,2.80910019262062,0.5495405513626798,0.48523207681495917,0.7838147769058721,0.35137911833674484,0.5501929217668973,0.5124465485644472,0.4240587724656786,1.2084328443079722,1.4208754714464154
openrainer,openrainer_20211005T19,dynamic,idw,gauges,10884,3.215636936277805,0.5744414343793175,0.8337297256695464,0.8635157945502773,0.39325652321247034,0.5536487322201608,0.5422638735758912,0.38101800808526276,1.4231974921630095,1.7266719573556788
openrainer,openrainer_20211005T19,dynamic,masked p0.3,radar,248824,2.802443475245129,0.5516697004626036,0.4523261569302275,0.7552503885666628,0.32272978370798455,0.5553766813018329,0.47288444844548755,0.4240587724656786,1.1151389362750672,1.4208754714464154
openrainer,openrainer_20211005T19,dynamic,masked p0.3,gauges,10884,3.1913095698915486,0.5793270261357563,0.7758149245335251,0.8403665300217025,0.34993471367282225,0.5786153079860534,0.49255788313120175,0.38101800808526276,1.292741741017603,1.7266719573556788
openrainer,openrainer_20211005T19,dynamic,conditional p0.3,radar,248824,3.1431734678797003,0.502906836219266,0.6268139357368292,0.7664240494332613,0.332557525337559,0.5546258829984226,0.4869465967913063,0.4240587724656786,1.1482997839190265,1.524339449665533
openrainer,openrainer_20211005T19,dynamic,conditional p0.3,gauges,10884,3.6580161227292836,0.5178729281849255,1.0274339567466786,0.8500120569086086,0.36199095022624433,0.5734504636408004,0.5076258728408674,0.38101800808526276,1.3322884012539187,1.8706243817301282
openrainer,openrainer_20211005T19,dynamic,masked p0.5,radar,248824,2.766868057776741,0.5582181745229173,0.38014926369940905,0.7038174305318625,0.2861633104243764,0.5489367049309986,0.41810677426614795,0.4240587724656786,0.9859642139580727,1.419680100890263
openrainer,openrainer_20211005T19,dynamic,masked p0.5,gauges,10884,3.1401010682101993,0.5885100055125922,0.6808080460159405,0.8010610079575596,0.28250539956803455,0.6089825847846013,0.4253950753399485,0.38101800808526276,1.1164697371593924,1.7266719573556788
openrainer,openrainer_20211005T19,dynamic,conditional p0.5,radar,248824,2.896797559372301,0.5393140817041692,0.44787271750891855,0.7074377345615831,0.28971482401301707,0.5490170119812008,0.4223587756808025,0.4240587724656786,0.9959911293074035,1.4613814960542368
openrainer,openrainer_20211005T19,dynamic,conditional p0.5,gauges,10884,3.303175700307374,0.5672547399636071,0.770115762242938,0.8027489751627682,0.2879144385026738,0.6060440560713636,0.4295295847115031,0.38101800808526276,1.1273209549071617,1.781441895083377
openrainer,openrainer_20211005T19,dynamic,masked p0.7,radar,248824,2.7158110540584937,0.566892954930061,0.30436603086389336,0.6536070358997688,0.25209300307985943,0.5356083316506423,0.37059126129312286,0.4240587724656786,0.8739148565146518,1.4103662611227028
openrainer,openrainer_20211005T19,dynamic,masked p0.7,gauges,10884,3.0771175619303572,0.5979071251524617,0.5840798269738758,0.7509042681456475,0.2274869759364922,0.6149289099526066,0.37036016170525543,0.38101800808526276,0.9720279720279721,1.7266719573556788
openrainer,openrainer_20211005T19,dynamic,conditional p0.7,radar,248824,2.73946576263915,0.5637695517970804,0.3210455260531737,0.6541093293908032,0.2530653766652598,0.5354460822342901,0.3713588721345208,0.4240587724656786,0.8757250085295121,1.422426157213934
openrainer,openrainer_20211005T19,dynamic,conditional p0.7,gauges,10884,3.126649687774933,0.5913510032335273,0.612448760405502,0.7511454063178201,0.22838741639831558,0.6145196291181693,0.3709114296214627,0.38101800808526276,0.9734748010610079,1.7424365083568285
openrainer,openrainer_20211113T11,rnn,idw,radar,220533,1.3311813731123654,0.7459286275940757,-0.1970301549831689,0.7703452250175584,0.22885625952065475,0.6270007621951219,0.5030675681190571,0.5035890320269529,0.998964505033406,0.7315353440321851
openrainer,openrainer_20211113T11,rnn,idw,gauges,9714,1.5077310281667498,0.7776242384170214,0.32974152941159685,0.8501990362455478,0.23836336336336336,0.6715207678305477,0.5484867201976529,0.4913526868437307,1.1162790697674418,1.215319391707157
openrainer,openrainer_20211113T11,rnn,masked p0.3,radar,220533,1.332283600696372,0.7456705574593668,-0.20023937817594684,0.7622053341497236,0.2262997221409769,0.6232577659644963,0.4961071585658382,0.5035890320269529,0.9851428983053898,0.7315353440321851
openrainer,openrainer_20211113T11,rnn,masked p0.3,gauges,9714,1.5088934718409341,0.7773893082422938,0.3240542419937755,0.8420280745862141,0.2341844512195122,0.6696101299566811,0.5402511838583488,0.4913526868437307,1.0995181227739368,1.215319391707157
openrainer,openrainer_20211113T11,rnn,conditional p0.3,radar,220533,1.3321285031397105,0.7447963919473105,-0.18575124544348953,0.7749554286949162,0.23524968899946685,0.6257770862265783,0.5103091147356631,0.5035890320269529,1.0133443786129768,0.7326389827354601
openrainer,openrainer_20211113T11,rnn,conditional p0.3,gauges,9714,1.516070842850148,0.7760702649441854,0.3477934639607696,0.8514561072700607,0.24893734984291258,0.6640522875816993,0.5570310891496809,0.4913526868437307,1.1336685522732035,1.215319391707157
openrainer,openrainer_20211113T11,rnn,masked p0.5,radar,220533,1.3341970439806556,0.7451821324209401,-0.2052450620380306,0.7410092023987466,0.21744546509195337,0.6144857196191899,0.47685380419256984,0.5035890320269529,0.9469106232779267,0.7314454001716092
openrainer,openrainer_20211113T11,rnn,masked p0.5,gauges,9714,1.5093399989893064,0.7773824472292041,0.31720640146671886,0.8277812696417347,0.21947846700908732,0.6714819850441877,0.5211035618694667,0.4913526868437307,1.0605489210140373,1.215319391707157
openrainer,openrainer_20211113T11,rnn,conditional p0.5,radar,220533,1.3339449637400131,0.7447729802351237,-0.1975460261497093,0.7443858164202489,0.21975574305830833,0.6153697280076224,0.48044510345390484,0.5035890320269529,0.9540420320913395,0.7318988256294207
openrainer,openrainer_20211113T11,rnn,conditional p0.5,gauges,9714,1.5139762964001653,0.7767049004761368,0.3313943446481431,0.8307144353655982,0.22254901960784312,0.6711238997968856,0.5250154416306362,0.4913526868437307,1.0685103708359522,1.215319391707157
openrainer,openrainer_20211113T11,rnn,masked p0.7,radar,220533,1.3371195114327628,0.7444469830889399,-0.212837523699961,0.7115020980028454,0.20336727492690795,0.6021336584622419,0.4497739567320991,0.5035890320269529,0.8931369194474958,0.7314454001716092
openrainer,openrainer_20211113T11,rnn,masked p0.7,gauges,9714,1.511056830009759,0.776828916169822,0.303392657857396,0.7957259585166562,0.20226843100189035,0.6621338912133892,0.4901173563928351,0.4913526868437307,0.9974858579509743,1.215319391707157
openrainer,openrainer_20211113T11,rnn,conditional p0.7,radar,220533,1.3370832926858403,0.7442615308961742,-0.2099713553412711,0.7118622701651389,0.20374268534652068,0.6021769101281924,0.4502138002022373,0.5035890320269529,0.8940103369410577,0.7315353440321851
openrainer,openrainer_20211113T11,rnn,conditional p0.7,gauges,9714,1.5131092674277997,0.7765630583265211,0.309384406570802,0.7961449821914938,0.20268569030633654,0.662136260672591,0.4906320774140416,0.4913526868437307,0.9985334171380683,1.215319391707157
openrainer,openrainer_20211113T11,dynamic,idw,radar,220503,1.6741198008007383,0.6228462111036335,-0.17479529095304036,0.7593399863097597,0.22964885189280068,0.6191787663134084,0.49632431304789504,0.5035214940386299,0.9857063083186223,0.8638514669605636
openrainer,openrainer_20211113T11,dynamic,idw,gauges,9714,1.8987869374693376,0.6717303757660033,0.2475637335411296,0.8256861512675466,0.24588595484117873,0.6505447342357213,0.5379864113650401,0.4913526868437307,1.0949088623507228,1.2804553054547418
openrainer,openrainer_20211113T11,dynamic,masked p0.3,radar,220503,1.673897761171887,0.6241014502889496,-0.18825900552561026,0.7289332420650647,0.21261650419317807,0.6090516398007254,0.4661433177779894,0.5035214940386299,0.9257664733220448,0.8638514669605636
openrainer,openrainer_20211113T11,dynamic,masked p0.3,gauges,9714,1.8977898265697046,0.6729202953977825,0.22778230417752332,0.7971925413785879,0.22441907867916835,0.6477698331630916,0.5050442660078237,0.4913526868437307,1.0278650743767022,1.2804553054547418
openrainer,openrainer_20211113T11,dynamic,conditional p0.3,radar,220503,1.7131009438973235,0.6112220102048325,-0.12992594988405304,0.7410202831718126,0.21953764573076448,0.6132025549485358,0.4780751282295479,0.5035214940386299,0.9494631984724573,0.8820463768569851
openrainer,openrainer_20211113T11,dynamic,conditional p0.3,gauges,9714,2.011923123882211,0.6510919115152909,0.33856491762567953,0.8110203226482297,0.23300970873786409,0.6506975962346613,0.5195593988058472,0.4913526868437307,1.0574062434527551,1.3063996038252146
openrainer,openrainer_20211113T11,dynamic,masked p0.5,radar,220503,1.675400021736456,0.6247176078863035,-0.20801950253160395,0.6822423172533054,0.19481264948179644,0.5855823122415059,0.4266381863285307,0.5035214940386299,0.8473087869726555,0.8631066258958988
openrainer,openrainer_20211113T11,dynamic,masked p0.5,gauges,9714,1.8904460014393636,0.6757429490180327,0.1919024334748889,0.7433479991619526,0.19491717721806218,0.6299715909090909,0.4536751080914145,0.4913526868437307,0.9233186675047141,1.2804553054547418
openrainer,openrainer_20211113T11,dynamic,conditional p0.5,radar,220503,1.6872423396552663,0.6212040177881603,-0.1783972413377548,0.685826998594949,0.19728020240354205,0.5869032387353362,0.4301982285955293,0.5035214940386299,0.8543790755485102,0.8734914633745114
openrainer,openrainer_20211113T11,dynamic,conditional p0.5,gauges,9714,1.9250401636644543,0.6713442064874763,0.24382988321728227,0.7469097003980725,0.19689119170984457,0.6313086594652028,0.4569693226271361,0.4913526868437307,0.9300230463021161,1.2946502692531412
openrainer,openrainer_20211113T11,dynamic,masked p0.7,radar,220503,1.684045100341652,0.6224754723701537,-0.23672380282766192,0.6280848074359621,0.1759235187067193,0.5538259937259262,0.3837680212967624,0.5035214940386299,0.7621681017401015,0.8617032832089169
openrainer,openrainer_20211113T11,dynamic,masked p0.7,gauges,9714,1.8928843457965325,0.6741241291903255,0.1411824781523745,0.6802849360988896,0.16850192061459668,0.5978641134229423,0.40199711756228124,0.4913526868437307,0.8181437251204693,1.2804553054547418
openrainer,openrainer_20211113T11,dynamic,conditional p0.7,radar,220503,1.6864359794138848,0.6218999566648107,-0.2260239610324818,0.6286612386064776,0.17656843545761272,0.5539823008849557,0.3844210736361864,0.5035214940386299,0.7634650718737616,0.8656225833857014
openrainer,openrainer_20211113T11,dynamic,conditional p0.7,gauges,9714,1.90240102811783,0.6736024442696047,0.1615179340112214,0.6807039597737272,0.1690537084398977,0.5979020979020979,0.40251183858348777,0.4913526868437307,0.8191912843075635,1.2804553054547418
openrainer,openrainer_20220505T09,rnn,idw,radar,163080,1.1984349521093351,0.5399659310724091,-0.3195850778292645,0.7409447299643929,0.19147877349462158,0.6303364918301873,0.6407407407407407,0.699178317390238,0.9164196383154127,0.7701579197955266
openrainer,openrainer_20220505T09,rnn,idw,gauges,7284,0.9522441932709417,0.6789376279528162,-0.09390720846813183,0.8043933054393305,0.08142544296237308,0.7508543531326282,0.6895936298736958,0.7874794069192751,0.875697350069735,1.1710080348143141
openrainer,openrainer_20220505T09,rnn,masked p0.3,radar,163080,1.1995514765561723,0.5400718441646204,-0.32264328843000123,0.7336040413253583,0.1902516940948693,0.6257490181410137,0.6334314446897228,0.699178317390238,0.9059655154268473,0.7701579197955266
openrainer,openrainer_20220505T09,rnn,masked p0.3,gauges,7284,0.9535877047316917,0.6790628689763113,-0.09738599696847972,0.7974198047419805,0.07967806841046278,0.7459230267449446,0.6823174080175728,0.7874794069192751,0.8664574616457462,1.1710080348143141
openrainer,openrainer_20220505T09,rnn,conditional p0.3,radar,163080,1.198433730611271,0.5377439554192478,-0.31058109660067423,0.7461981021206434,0.1967466933527185,0.6308893535614183,0.6495155751778269,0.699178317390238,0.9289698479240849,0.7714266762016232
openrainer,openrainer_20220505T09,rnn,conditional p0.3,gauges,7284,0.9532011820428697,0.6762266204084362,-0.07926484345446261,0.814679218967922,0.08480219349784567,0.7574971632355325,0.7009884678747941,0.7874794069192751,0.8901673640167365,1.1710080348143141
openrainer,openrainer_20220505T09,rnn,masked p0.5,radar,163080,1.2011327186787122,0.5400476155859052,-0.32668040540968535,0.717300170142604,0.1851674736485544,0.6167652027027027,0.6154893303899927,0.699178317390238,0.8803038010208556,0.7701579197955266
openrainer,openrainer_20220505T09,rnn,masked p0.5,gauges,7284,0.9560941664945837,0.6789846791623132,-0.10316246319153599,0.7742329149232915,0.07575442247658688,0.7280327868852459,0.6596650192202087,0.7874794069192751,0.8376917712691772,1.1710080348143141
openrainer,openrainer_20220505T09,rnn,conditional p0.5,radar,163080,1.2005270444768839,0.5387040285190838,-0.3198425770914607,0.7215537352440757,0.1868006958447001,0.6189616388681999,0.620382634289919,0.699178317390238,0.8873024504043079,0.770819027348112
openrainer,openrainer_20220505T09,rnn,conditional p0.5,gauges,7284,0.9567528657741151,0.6768437514638539,-0.09219243905782959,0.7798117154811716,0.0771611305962451,0.7320785597381342,0.6654310818231741,0.7874794069192751,0.8450139470013948,1.1710080348143141
openrainer,openrainer_20220505T09,rnn,masked p0.7,radar,163080,1.2033297867735986,0.5402981545466473,-0.33321522167577133,0.6931820175053937,0.1756226792940882,0.6039889958734526,0.5879077753249938,0.699178317390238,0.840855273543702,0.7699378820182312
openrainer,openrainer_20220505T09,rnn,masked p0.7,gauges,7284,0.9596273093377126,0.6795056437492516,-0.1142385905322264,0.7372733612273361,0.06685789938217122,0.700281503560192,0.6221856123009335,0.7874794069192751,0.7900976290097629,1.1710080348143141
openrainer,openrainer_20220505T09,rnn,conditional p0.7,radar,163080,1.203041499769435,0.5397842189401815,-0.3303967084581322,0.693892406728526,0.17574071758969873,0.6044647836749661,0.5885945548197203,0.699178317390238,0.8418375401238356,0.7699378820182312
openrainer,openrainer_20220505T09,rnn,conditional p0.7,gauges,7284,0.9597465766759764,0.6787674843984177,-0.11011403926711105,0.7379707112970711,0.06700462860921313,0.7008278145695365,0.6228720483250961,0.7874794069192751,0.7909693165969317,1.1710080348143141
openrainer,openrainer_20220505T09,dynamic,idw,radar,163080,1.7867922234921698,0.28976112188033054,-0.11646672400491287,0.7789549385206364,0.2050444386764166,0.6486332532443347,0.6851054697081187,0.699178317390238,0.9798723053445826,1.3919058987395916
openrainer,openrainer_20220505T09,dynamic,idw,gauges,7284,2.1375569821637352,0.333715946010411,0.18387360926813767,0.8002092050209205,0.11424160555769973,0.7253476611883691,0.7114222954420648,0.7874794069192751,0.9034170153417016,2.420191421938131
openrainer,openrainer_20220505T09,dynamic,masked p0.3,radar,163080,1.7873075257965314,0.29251917208353967,-0.13063280570466318,0.7518636754310571,0.19440502927163894,0.6363967040308811,0.6525447633063527,0.699178317390238,0.93330234516146,1.3919058987395916
openrainer,openrainer_20220505T09,dynamic,masked p0.3,gauges,7284,2.1337965448811045,0.3384967702689791,0.16179383041759787,0.7660390516039052,0.10509164969450102,0.7028150991682661,0.6740801757276221,0.7874794069192751,0.855997210599721,2.420191421938131
openrainer,openrainer_20220505T09,dynamic,conditional p0.3,radar,163080,1.9018078759754475,0.26583140018677354,-0.03794332510936815,0.7653523004332498,0.20127587911182704,0.6416077874909016,0.6699656610252637,0.699178317390238,0.958218589395029,1.5667843995548878
openrainer,openrainer_20220505T09,dynamic,conditional p0.3,gauges,7284,2.3303255891050045,0.30165791637349026,0.30034013409924176,0.7817294281729428,0.10978757196744093,0.7129909365558912,0.6915156507413509,0.7874794069192751,0.8781380753138076,2.765514146945387
openrainer,openrainer_20220505T09,dynamic,masked p0.5,radar,163080,1.7858110207338918,0.29602450191289775,-0.15871171742487244,0.70046131448317,0.181697096370976,0.60618112268132,0.5984915378955115,0.699178317390238,0.8559927031625476,1.3919058987395916
openrainer,openrainer_20220505T09,dynamic,masked p0.5,gauges,7284,2.1276103871932652,0.34358808721456263,0.12384043458254435,0.7095536959553695,0.0921258086103056,0.6618962432915921,0.6154585392641406,0.7874794069192751,0.7815550906555091,2.420191421938131
openrainer,openrainer_20220505T09,dynamic,conditional p0.5,radar,163080,1.8521063946598313,0.28178137972855005,-0.10647629591451613,0.7054954307063549,0.18484440075798264,0.6081973038567098,0.6051201864115772,0.699178317390238,0.8654733297083019,1.492297812949273
openrainer,openrainer_20220505T09,dynamic,conditional p0.5,gauges,7284,2.253285864964409,0.3225019059382597,0.20658664946669525,0.7163528591352859,0.0941358024691358,0.6667207528800909,0.6227347611202636,0.7874794069192751,0.7907949790794979,2.623453716289921
openrainer,openrainer_20220505T09,dynamic,masked p0.7,radar,163080,1.7719969184356257,0.30185860076612153,-0.20981303792204054,0.6339302941537598,0.16769914561407548,0.5621296253091317,0.5325361785626687,0.699178317390238,0.7616600305204259,1.3573999713771314
openrainer,openrainer_20220505T09,dynamic,masked p0.7,gauges,7284,2.098872628616268,0.3528757858159478,0.04574987548297349,0.6183751743375174,0.0815639564992232,0.5861841018013552,0.5302031850631521,0.7874794069192751,0.6732914923291493,2.3848204746068506
openrainer,openrainer_20220505T09,dynamic,conditional p0.7,radar,163080,1.7909294262963127,0.2979003433737816,-0.19039246705831991,0.6348160881233447,0.16875674682468592,0.562342192561977,0.5339587932303164,0.699178317390238,0.7636947255792741,1.383594570801174
openrainer,openrainer_20220505T09,dynamic,conditional p0.7,gauges,7284,2.129286176473243,0.3471324448362953,0.07634358633732918,0.620118549511855,0.08206451612903226,0.5875454245127189,0.5319879187259747,0.7874794069192751,0.675557880055788,2.4195567040106036
openrainer,openrainer_20220806T09,rnn,idw,radar,275586,3.385897524368196,0.6726450014465232,-0.4738345482834183,0.6553495232576516,0.3573292005682552,0.48032818532818533,0.14048246282467178,0.13776461794140485,1.0197281778433336,0.5688177081452085
openrainer,openrainer_20220806T09,rnn,idw,gauges,12308,6.421409547048899,0.5891218321667705,0.6106201408754723,0.8192883895131086,0.5328350240256273,0.4235237173281704,0.1521774455638609,0.08677283067923301,1.75374531835206,1.5854653816772533
openrainer,openrainer_20220806T09,rnn,masked p0.3,radar,275586,3.3870061901453266,0.6724512966592663,-0.4782472690164302,0.6461570879207712,0.34325641162927667,0.48302748680790736,0.13554389555347515,0.13776461794140485,0.9838803139651269,0.5688177081452085
openrainer,openrainer_20220806T09,rnn,masked p0.3,gauges,12308,6.421369877187519,0.5890487036979134,0.5947787140965801,0.8127340823970037,0.5148127445500279,0.43640020110608346,0.14535261618459538,0.08677283067923301,1.6750936329588015,1.5854653816772533
openrainer,openrainer_20220806T09,rnn,conditional p0.3,radar,275586,3.3881729613845213,0.6693367850752752,-0.45575325391065336,0.6537955012379497,0.3708622699852993,0.4719190843758318,0.14316402139441045,0.13776461794140485,1.0391929621240057,0.5753272938714805
openrainer,openrainer_20220806T09,rnn,conditional p0.3,gauges,12308,6.493883840254262,0.5854103667994077,0.673199276466963,0.8202247191011236,0.5406397482957525,0.4173415912339209,0.1549398765030874,0.08677283067923301,1.7855805243445693,1.6009587742857767
openrainer,openrainer_20220806T09,rnn,masked p0.5,radar,275586,3.3898794285077196,0.6718825918453758,-0.4852512274223578,0.6206079123426224,0.31755778254069394,0.4815450643776824,0.12528212608768224,0.13776461794140485,0.909392614444503,0.5688177081452085
openrainer,openrainer_20220806T09,rnn,masked p0.5,gauges,12308,6.425311132250556,0.5883042066111912,0.5729717267483505,0.7855805243445693,0.4877899877899878,0.44938403856454207,0.13308417289567762,0.08677283067923301,1.5337078651685396,1.5854653816772533
openrainer,openrainer_20220806T09,rnn,conditional p0.5,radar,275586,3.3895470527035068,0.6702111155865409,-0.4729132018183444,0.6217141653057999,0.32571559161286634,0.47812348079727757,0.1270238691370389,0.13776461794140485,0.9220355054522468,0.5747476120016383
openrainer,openrainer_20220806T09,rnn,conditional p0.5,gauges,12308,6.484220352908347,0.5851316571855464,0.6185320780822712,0.7865168539325843,0.4939759036144578,0.4449152542372881,0.13487162820929477,0.08677283067923301,1.5543071161048692,1.6009587742857767
openrainer,openrainer_20220806T09,rnn,masked p0.7,radar,275586,3.3986846066849288,0.6698490744614275,-0.49674712567367485,0.5862087130590529,0.28664380268598355,0.4744505318808757,0.11320966957682901,0.13776461794140485,0.821761576147079,0.5678498067040318
openrainer,openrainer_20220806T09,rnn,masked p0.7,gauges,12308,6.420674571937184,0.5877253435994715,0.5341370649346875,0.7471910112359551,0.4564032697547684,0.45914844649021863,0.11927201819954501,0.08677283067923301,1.3745318352059925,1.5854653816772533
openrainer,openrainer_20220806T09,rnn,conditional p0.7,radar,275586,3.3980335917558824,0.6693492046418515,-0.4920571389792654,0.5862877311278513,0.2879626371517226,0.4739184125361949,0.11343464472070425,0.13776461794140485,0.8233946162355793,0.5717482885042253
openrainer,openrainer_20220806T09,rnn,conditional p0.7,gauges,12308,6.448524331373864,0.5864161930153641,0.5543779410902623,0.7471910112359551,0.4567733151803948,0.45888441633122484,0.1193532661683458,0.08677283067923301,1.3754681647940077,1.6002517786838426
openrainer,openrainer_20220806T09,dynamic,idw,radar,275571,6.974517118737536,0.35758736807676345,0.36237511230378083,0.6937366604305552,0.6699842061721276,0.2880493648865986,0.2895007094360437,0.13771768437172272,2.102131696134489,1.0855250758047936
openrainer,openrainer_20220806T09,dynamic,idw,gauges,12308,25.1786556126413,0.3086757679102221,3.982308224005579,0.8417602996254682,0.7637319316688568,0.22622043281328635,0.30914852128696785,0.08677283067923301,3.562734082397004,3.5978721597439156
openrainer,openrainer_20220806T09,dynamic,masked p0.3,radar,275571,6.937729268468836,0.36081086763191866,0.2714232140954278,0.6547917050934099,0.6252789673683575,0.3129052973544707,0.24064941521422792,0.13771768437172272,1.7474111354114517,1.0835234870041204
openrainer,openrainer_20220806T09,dynamic,masked p0.3,gauges,12308,24.963529103553356,0.3121813098701908,3.5775639274274385,0.8108614232209738,0.7197411003236246,0.26306196840826246,0.25105622359441016,0.08677283067923301,2.8932584269662924,3.58659105329967
openrainer,openrainer_20220806T09,dynamic,conditional p0.3,radar,275571,8.137616950108221,0.30886872277204025,0.6389757125447462,0.6675713419936233,0.6391334074010768,0.3058969838931685,0.254765559510979,0.13771768437172272,1.8499117282812045,1.469820327381699
openrainer,openrainer_20220806T09,dynamic,conditional p0.3,gauges,12308,27.779350007463982,0.28525562091964385,4.92261912674052,0.8183520599250936,0.7345885211053751,0.25064525379982794,0.26754956126096846,0.08677283067923301,3.0833333333333335,5.054086484603742
openrainer,openrainer_20220806T09,dynamic,masked p0.5,radar,275571,6.796422180318259,0.36959899590459555,0.12308037375282654,0.6000895892071355,0.5858820962286795,0.3245500277892577,0.19956381477005927,0.13771768437172272,1.4490790756501806,1.0288608524250757
openrainer,openrainer_20220806T09,dynamic,masked p0.5,gauges,12308,24.672446066294242,0.3166920673233398,3.054422701048032,0.7677902621722846,0.6436332029552368,0.3216947822675559,0.18695157621059474,0.08677283067923301,2.154494382022472,3.5325972766746783
openrainer,openrainer_20220806T09,dynamic,conditional p0.5,radar,275571,7.301617643350733,0.3466796156502876,0.26460098255187114,0.6039103053937973,0.5929780319309524,0.32125986459399225,0.2043357247315574,0.13771768437172272,1.483729018998182,1.1852529544277357
openrainer,openrainer_20220806T09,dynamic,conditional p0.5,gauges,12308,25.906636704282533,0.30738138939559756,3.549906065688713,0.7696629213483146,0.6516949152542373,0.31542594013814274,0.19174520636984074,0.08677283067923301,2.209737827715356,4.189310941060872
openrainer,openrainer_20220806T09,dynamic,masked p0.7,radar,275571,6.553393234865949,0.3825585154667413,-0.05110788162955171,0.5347421675318174,0.5526309988316469,0.3220247540463345,0.16461456394177906,0.13771768437172272,1.1953044715554266,0.89649081642117
openrainer,openrainer_20220806T09,dynamic,masked p0.7,gauges,12308,24.23738588055579,0.31758541704941246,2.5394751287308326,0.6956928838951311,0.5804630152456239,0.3544847328244275,0.14389015274618133,0.08677283067923301,1.6582397003745317,3.3220877144100953
openrainer,openrainer_20220806T09,dynamic,conditional p0.7,radar,275571,6.626889061104581,0.37983841921042427,-0.026816486607022183,0.5354536112355406,0.5545594037702762,0.3212806324110672,0.16554717296087035,0.13771768437172272,1.2020763616241996,0.9382309711741353
openrainer,openrainer_20220806T09,dynamic,conditional p0.7,gauges,12308,24.48596033156095,0.31552501561500884,2.64794278504135,0.6966292134831461,0.5808450704225352,0.354454502143878,0.14421514462138446,0.08677283067923301,1.6619850187265919,3.5394186271446726
openrainer,openrainer_20220817T10,rnn,idw,radar,219726,1.569188208315081,0.7865491008617516,-0.018684792751853085,0.7632430841671571,0.28311345646437996,0.5864691794550257,0.36222386062641654,0.3402237331949792,1.0646637059232702,0.9756615207144873
openrainer,openrainer_20220817T10,rnn,idw,gauges,9438,2.46472044565645,0.7372816563250371,0.353749184067476,0.8686457909719398,0.40484814711618833,0.5460122699386503,0.3802712439076075,0.2605424878152151,1.4595363969093125,0.8203698959602247
openrainer,openrainer_20220817T10,rnn,masked p0.3,radar,219726,1.5696396735160585,0.786498065243677,-0.021119953853030893,0.7541869548932527,0.27723508448068096,0.5849639974269054,0.3550148821714317,0.3402237331949792,1.0434747712558188,0.9756615207144873
openrainer,openrainer_20220817T10,rnn,masked p0.3,gauges,9438,2.46484451287601,0.737209645996061,0.34995042672526666,0.8613257421716145,0.39520274129069105,0.5511319281811085,0.3710531892350074,0.2605424878152151,1.4241561610410736,0.8203698959602247
openrainer,openrainer_20220817T10,rnn,conditional p0.3,radar,219726,1.574347833357746,0.7853039741274339,-0.006429834768640896,0.7602199154582909,0.2868758862133437,0.5821774672703804,0.36269262627090104,0.3402237331949792,1.0660415217507624,0.9765796745684387
openrainer,openrainer_20220817T10,rnn,conditional p0.3,gauges,9438,2.4853475110585386,0.7339799646472576,0.3763971185394772,0.8666124440829606,0.408876560332871,0.5418255784388507,0.3819665183301547,0.2605424878152151,1.4660431069540463,0.823118107672627
openrainer,openrainer_20220817T10,rnn,masked p0.5,radar,219726,1.570723817816036,0.7863033372162882,-0.025677207749430275,0.7374123816148537,0.25666127292340885,0.587759889113978,0.3375112640288359,0.3402237331949792,0.9920273957943174,0.9756615207144873
openrainer,openrainer_20220817T10,rnn,masked p0.5,gauges,9438,2.464664498163686,0.7371410838934894,0.343454058133597,0.8446522976819846,0.3715582450832073,0.5633306211011663,0.35018012290739564,0.2605424878152151,1.3440422936152907,0.8203698959602247
openrainer,openrainer_20220817T10,rnn,conditional p0.5,radar,219726,1.5734164122195042,0.7856239433335085,-0.017507624548340206,0.7389239659692868,0.2592627358427313,0.5870868317568285,0.33939087772953586,0.3402237331949792,0.9975520359569799,0.97610362839828
openrainer,openrainer_20220817T10,rnn,conditional p0.5,gauges,9438,2.4807810142045543,0.7345503403098894,0.36059114089483524,0.8458723058153721,0.37349397590361444,0.5623141389564748,0.3517694426785336,0.2605424878152151,1.3501423342822285,0.823118107672627
openrainer,openrainer_20220817T10,rnn,masked p0.7,radar,219726,1.5720443002683118,0.7860910422633927,-0.03342667697887436,0.7121568837283964,0.23325748192528156,0.5853417187087695,0.316002657855693,0.3402237331949792,0.9288083899620097,0.9756615207144873
openrainer,openrainer_20220817T10,rnn,masked p0.7,gauges,9438,2.460471551372197,0.7375300221711917,0.325101276196784,0.8165921106140708,0.3399079552925707,0.5748640137417692,0.32231404958677684,0.2605424878152151,1.2370882472549816,0.8203698959602247
openrainer,openrainer_20220817T10,rnn,conditional p0.7,radar,219726,1.5728946175339114,0.7858760487493684,-0.03031972177643394,0.7124377976349724,0.23391493217876613,0.5851479927047397,0.31639860553598576,0.3402237331949792,0.9299721761463963,0.9756615207144873
openrainer,openrainer_20220817T10,rnn,conditional p0.7,gauges,9438,2.46280419393285,0.7371897069640705,0.3301454247131619,0.8165921106140708,0.34055829228243023,0.5743707093821511,0.32263191354100446,0.2605424878152151,1.238308255388369,0.8203698959602247
openrainer,openrainer_20220817T10,dynamic,idw,radar,207269,3.162095615409785,0.6397037938128891,0.38650891348912575,0.819260941370768,0.42231349103197297,0.5123856426147263,0.46401053703158696,0.3271883397903208,1.4181756517635955,1.5469597383828757
openrainer,openrainer_20220817T10,dynamic,idw,gauges,8911,3.7915975658190826,0.6848135103776416,0.8121454608754919,0.9016107966913365,0.5121319199057714,0.46320733616640575,0.4763775109415329,0.2577712939064078,1.848062690465825,1.2439045908770623
openrainer,openrainer_20220817T10,dynamic,masked p0.3,radar,207269,3.1509794266203803,0.6423001679216055,0.3553437393497687,0.7964049781762416,0.3850314264893423,0.5314224990406471,0.423719900226276,0.3271883397903208,1.2950336203845698,1.5469597383828757
openrainer,openrainer_20220817T10,dynamic,masked p0.3,gauges,8911,3.7532130320190955,0.6891073138455283,0.7483827905557394,0.8785372224640836,0.47241830065359475,0.49171539961013644,0.42924475367523285,0.2577712939064078,1.6652154984762735,1.2439045908770623
openrainer,openrainer_20220817T10,dynamic,conditional p0.3,radar,207269,3.4571107019348806,0.6044267650081776,0.488695589255679,0.806033974283355,0.402411693323567,0.5224563918757467,0.44131539207503295,0.3271883397903208,1.3488114899138846,1.6591801293086637
openrainer,openrainer_20220817T10,dynamic,conditional p0.3,gauges,8911,4.236845922606144,0.6426141883419072,0.9712026292660916,0.8850674793208533,0.4962834489593657,0.4727906976744186,0.45292335315901694,0.2577712939064078,1.7570744449281672,1.3310583433524554
openrainer,openrainer_20220817T10,dynamic,masked p0.5,radar,207269,3.119300292678639,0.6478689827270389,0.3075088859936925,0.7626076442137548,0.34243283449249196,0.5458373791531219,0.37945375333503806,0.3271883397903208,1.15974106405568,1.5469597383828757
openrainer,openrainer_20220817T10,dynamic,masked p0.5,gauges,8911,3.719662494741774,0.6926244425025483,0.6795539007900939,0.8467566390944711,0.411319612590799,0.5320021881838074,0.37077769049489395,0.2577712939064078,1.438397910317806,1.2439045908770623
openrainer,openrainer_20220817T10,dynamic,conditional p0.5,radar,207269,3.2600207198944173,0.6314131331085402,0.3690475531404249,0.7658074790609886,0.34949960544609643,0.5425673063864018,0.38518543535212696,0.3271883397903208,1.1772590539105816,1.5927629676397541
openrainer,openrainer_20220817T10,dynamic,conditional p0.5,gauges,8911,4.012652541564686,0.6644924387386795,0.7925590578518193,0.8493687418371789,0.42089640842980114,0.5251682368775236,0.37807204578610704,0.2577712939064078,1.4666956900304746,1.3138386564991662
openrainer,openrainer_20220817T10,dynamic,masked p0.7,radar,207269,3.0552714649449437,0.6575751094993265,0.23819202745909163,0.7168367346938775,0.29975656482721863,0.5485184934443617,0.3349415493875109,0.3271883397903208,1.0236964728087767,1.5450839836625534
openrainer,openrainer_20220817T10,dynamic,masked p0.7,gauges,8911,3.6062363536637703,0.7045733056444544,0.5654889492610662,0.7975620374401393,0.3475783475783476,0.5597311335166514,0.31511614858040626,0.2577712939064078,1.222464083587288,1.2439045908770623
openrainer,openrainer_20220817T10,dynamic,conditional p0.7,radar,207269,3.0816937100254647,0.6558364366119901,0.25420475997954006,0.7173233455231803,0.3018055515687344,0.5475440097249111,0.33615253607630663,0.3271883397903208,1.0273976642680194,1.5691431371400268
openrainer,openrainer_20220817T10,dynamic,conditional p0.7,gauges,8911,3.659051492248551,0.7002631768637206,0.5927896207140348,0.7979973878972573,0.35069075451647186,0.5576513538180712,0.31679946133991693,0.2577712939064078,1.2289943404440575,1.2780000208477618
openrainer,openrainer_20220830T11,rnn,idw,radar,204714,3.020545223426504,0.6404256492911645,-0.2340511606691139,0.670301142263759,0.4186125059106978,0.4521020468911418,0.2169416844964194,0.1881649520794865,1.1529335410176533,0.7991383817249381
openrainer,openrainer_20220830T11,rnn,idw,gauges,9186,4.407923067488602,0.6501316581069366,0.48919421439494615,0.7897233201581028,0.5333956095282578,0.4150394682176984,0.2330720661876769,0.1377095580230786,1.692490118577075,1.150769764687484
openrainer,openrainer_20220830T11,rnn,masked p0.3,radar,204714,3.0215616943037986,0.6403381205061789,-0.2415416438114355,0.655711318795431,0.40527431127854957,0.4532046221201464,0.2074601639360278,0.1881649520794865,1.1025441329179646,0.7991383817249381
openrainer,openrainer_20220830T11,rnn,masked p0.3,gauges,9186,4.406244943161931,0.6502465105748698,0.47270161998762683,0.7770750988142292,0.5190802348336595,0.42261392949269133,0.22251251905072936,0.1377095580230786,1.6158102766798417,1.150769764687484
openrainer,openrainer_20220830T11,rnn,conditional p0.3,radar,204714,3.0294768616523426,0.6386400399189792,-0.20860598930002872,0.6684579439252336,0.42464192344647284,0.4476218621792643,0.2186123079027326,0.1881649520794865,1.1618120456905503,0.8202031319762803
openrainer,openrainer_20220830T11,rnn,conditional p0.3,gauges,9186,4.52232996878737,0.6396680174868509,0.5520836080472671,0.7881422924901186,0.5413983440662373,0.4082719082719083,0.23666448944045287,0.1377095580230786,1.7185770750988143,1.1767402133241471
openrainer,openrainer_20220830T11,rnn,masked p0.5,radar,204714,3.025850305271375,0.6393666004881383,-0.2517025506932419,0.6284008307372794,0.3851038967637047,0.45093144560357673,0.19229754682141914,0.1881649520794865,1.0219626168224298,0.7991383817249381
openrainer,openrainer_20220830T11,rnn,masked p0.5,gauges,9186,4.399329649179389,0.6508501861101985,0.44853684115853487,0.7494071146245059,0.4935897435897436,0.433074463225217,0.2037883736120183,0.1377095580230786,1.4798418972332015,1.150769764687484
openrainer,openrainer_20220830T11,rnn,conditional p0.5,radar,204714,3.028585497534334,0.6389797218676988,-0.2336149140556124,0.6322949117341641,0.39055149634671205,0.4499704404374815,0.19521869535058667,0.1881649520794865,1.0374870197300103,0.8145091615173484
openrainer,openrainer_20220830T11,rnn,conditional p0.5,gauges,9186,4.469953719351771,0.6447450438880559,0.49250110770965194,0.7525691699604743,0.4997372569626905,0.4296028880866426,0.2071630742434139,0.1377095580230786,1.5043478260869565,1.1593737033571585
openrainer,openrainer_20220830T11,rnn,masked p0.7,radar,204714,3.0395134822097742,0.6358290610960727,-0.26904077914834446,0.5902128764278297,0.35635015004812864,0.44485099888469287,0.17254315777132975,0.1881649520794865,0.9169781931464175,0.7973238378393822
openrainer,openrainer_20220830T11,rnn,masked p0.7,gauges,9186,4.385078715832296,0.6516808389168974,0.4074293638433697,0.708300395256917,0.4556500607533414,0.4446650124069479,0.17918571739603745,0.1377095580230786,1.3011857707509882,1.150769764687484
openrainer,openrainer_20220830T11,rnn,conditional p0.7,radar,204714,3.0410365813987528,0.6355798571744573,-0.26242136888765466,0.5908618899273105,0.35735260899028687,0.4447397217445678,0.17300233496487782,0.1881649520794865,0.9194184839044652,0.8049266183723403
openrainer,openrainer_20220830T11,rnn,conditional p0.7,gauges,9186,4.415250141722212,0.6493739071308696,0.42453204650393594,0.708300395256917,0.4566403881140085,0.44400396432111,0.179512301328108,0.1377095580230786,1.3035573122529645,1.1563576280040662
openrainer,openrainer_20220830T11,dynamic,idw,radar,204567,4.49736351103263,0.46195392821540354,0.3047844842441061,0.7401113771208494,0.6003906030461418,0.3504355647556032,0.3479153529161595,0.18785043530970294,1.8520870198813364,1.0682701501366396
openrainer,openrainer_20220830T11,dynamic,idw,gauges,9172,8.050566918751551,0.46128246088608954,1.6360107405581652,0.8199203187250996,0.6790393013100436,0.29982517482517484,0.34954208460532055,0.13682948102921935,2.554581673306773,1.8090182833688457
openrainer,openrainer_20220830T11,dynamic,masked p0.3,radar,204567,4.460651485591615,0.46650848675797946,0.23256169579480912,0.6965754137607995,0.5668257949672304,0.36441358654958816,0.30207707010417123,0.18785043530970294,1.6080722389924011,1.060021404462424
openrainer,openrainer_20220830T11,dynamic,masked p0.3,gauges,9172,7.86880553111685,0.47064223271831546,1.439449284931912,0.7912350597609562,0.6393025790047221,0.32935323383084575,0.30015263846489315,0.13682948102921935,2.193625498007968,1.788145759095232
openrainer,openrainer_20220830T11,dynamic,conditional p0.3,radar,204567,5.420730309629637,0.39007649740511713,0.511684239003118,0.7082596023732695,0.5814185967826274,0.35702386105754724,0.31785185293815715,0.18785043530970294,1.6920474653898196,1.2923998208572336
openrainer,openrainer_20220830T11,dynamic,conditional p0.3,gauges,9172,10.794168290426592,0.3586011559353501,2.1122079627996158,0.8007968127490039,0.6586277173913043,0.31465247338760177,0.32097688617531617,0.13682948102921935,2.3458167330677293,2.0890872977594332
openrainer,openrainer_20220830T11,dynamic,masked p0.5,radar,204567,4.365058002497115,0.47670174639904495,0.13141602079842696,0.639351514520662,0.5321348999295412,0.37017115651178206,0.25670318282029847,0.18785043530970294,1.3665296138232537,1.0539808864479898
openrainer,openrainer_20220830T11,dynamic,masked p0.5,gauges,9172,7.441106171360372,0.4921021191645927,1.2041061760173517,0.7266932270916334,0.5856428895956384,0.3584905660377358,0.23996947230702137,0.13682948102921935,1.753784860557769,1.6954764887623857
openrainer,openrainer_20220830T11,dynamic,conditional p0.5,radar,204567,4.869627376990363,0.43337994102008864,0.25917581820236735,0.6434630998230457,0.5383997909199522,0.36758387964738587,0.26186041736937044,0.18785043530970294,1.3939835536587906,1.12658061672193
openrainer,openrainer_20220830T11,dynamic,conditional p0.5,gauges,9172,8.518992812897391,0.44278534129932084,1.5040042293009703,0.7322709163346613,0.5933628318584071,0.35400616332819723,0.24640209332751853,0.13682948102921935,1.8007968127490042,1.9385746126867194
openrainer,openrainer_20220830T11,dynamic,masked p0.7,radar,204567,4.144969364393899,0.4992922399704311,-0.01573421572908329,0.5756739877172895,0.4940188925230439,0.3685341596281673,0.21372459878670558,0.18785043530970294,1.1377381076298532,0.9926632715314265
openrainer,openrainer_20220830T11,dynamic,masked p0.7,gauges,9172,7.022758934045002,0.5128819538766146,0.8953307473900278,0.6565737051792828,0.5277936962750717,0.3786764705882353,0.19025294374182294,0.13682948102921935,1.3904382470119523,1.6312593788514558
openrainer,openrainer_20220830T11,dynamic,conditional p0.7,radar,204567,4.273687549006418,0.48749643429515266,0.015324873621318735,0.5767148953887791,0.49555004210957593,0.3681456502599711,0.21476093407050012,0.18785043530970294,1.1432549182887477,1.0024753833991107
openrainer,openrainer_20220830T11,dynamic,conditional p0.7,gauges,9172,7.178808771378381,0.5058959668519479,0.9617731969498555,0.6589641434262948,0.5287749287749288,0.3788364635822263,0.19134321849105976,0.13682948102921935,1.3984063745019921,1.6312593788514558
openrainer,openrainer_20220929T10,rnn,idw,radar,138618,1.6117767769669462,0.7518508766617639,-0.46851640670181394,0.7122178183698087,0.1727878630186338,0.6199840991254519,0.36043659553593327,0.41863250082961806,0.8609856970532483,0.5848678639389966
openrainer,openrainer_20220929T10,rnn,idw,gauges,5991,2.052402226280802,0.7959947080567128,0.45108123346408546,0.8264261335933691,0.24059139784946237,0.6549459041731066,0.37255883825738606,0.34234685361375394,1.0882496343247197,1.3766044632636183
openrainer,openrainer_20220929T10,rnn,masked p0.3,radar,138618,1.6122377776146428,0.7520023351079398,-0.47176549268770074,0.7036877477166983,0.16688768744261961,0.6167497356894729,0.35359765686995914,0.41863250082961806,0.8446493193175943,0.5848678639389966
openrainer,openrainer_20220929T10,rnn,masked p0.3,gauges,5991,2.0515691648647856,0.7961378848209314,0.44144659016216137,0.8186250609458801,0.2305224564619615,0.6574001566170713,0.3642129861458855,0.34234685361375394,1.0638712823013166,1.3766044632636183
openrainer,openrainer_20220929T10,rnn,conditional p0.3,radar,138618,1.615663409013718,0.7462740584934664,-0.4574936068396275,0.7152162674478718,0.17631182027466857,0.6202588397046955,0.3635025754231052,0.41863250082961806,0.8683094950887472,0.586878900353581
openrainer,openrainer_20220929T10,rnn,conditional p0.3,gauges,5991,2.07097869497871,0.7942915473544335,0.4779169788580748,0.8303266699171136,0.24612660469234174,0.6532412734944381,0.3770655983975964,0.34234685361375394,1.1014139444173574,1.3766044632636183
openrainer,openrainer_20220929T10,rnn,masked p0.5,radar,138618,1.6132162771295775,0.7521324542042455,-0.47643066030540093,0.6783904876787868,0.15554077824016474,0.6030391691303748,0.33630553030630944,0.41863250082961806,0.8033430983973807,0.5848678639389966
openrainer,openrainer_20220929T10,rnn,masked p0.5,gauges,5991,2.0530686999197374,0.7957200076480103,0.430124643773272,0.7957094100438811,0.21083172147001933,0.6562123039806996,0.34518444333166415,0.34234685361375394,1.0082886396879571,1.3766044632636183
openrainer,openrainer_20220929T10,rnn,conditional p0.5,radar,138618,1.6140008753744464,0.7496239787841777,-0.46877978018791033,0.6815095640186111,0.15830247307708678,0.6040813832712165,0.3389603081850842,0.41863250082961806,0.8096846458728245,0.5860617924501527
openrainer,openrainer_20220929T10,rnn,conditional p0.5,gauges,5991,2.0657707072512483,0.7946135003715188,0.4511761410933064,0.7991223793271575,0.212776176753122,0.657177225340818,0.34752128192288434,0.34234685361375394,1.0151145782545101,1.3766044632636183
openrainer,openrainer_20220929T10,rnn,masked p0.7,radar,138618,1.6145599667503254,0.7525517532503566,-0.48344279563900405,0.6448733413751507,0.1405144694533762,0.5833697075512877,0.3141006218528618,0.41863250082961806,0.7503015681544029,0.5848678639389966
openrainer,openrainer_20220929T10,rnn,masked p0.7,gauges,5991,2.053883791042697,0.7952393353475743,0.4124486152484994,0.7596294490492442,0.18514644351464435,0.6478170478170479,0.31914538474378235,0.34234685361375394,0.9322281813749391,1.3766044632636183
openrainer,openrainer_20220929T10,rnn,conditional p0.7,radar,138618,1.6138445635396652,0.7521300336053385,-0.4803323316011824,0.6455454075478201,0.14098007292072737,0.5837046963133784,0.31459839270513207,0.41863250082961806,0.7514906083060486,0.584989928153755
openrainer,openrainer_20220929T10,rnn,conditional p0.7,gauges,5991,2.0617916359323707,0.7945886872137919,0.42246447768248885,0.7606045831301804,0.185378590078329,0.6483790523690773,0.31964613587047236,0.34234685361375394,0.9336908824963432,1.3766044632636183
openrainer,openrainer_20220929T10,dynamic,idw,radar,138618,1.9965484663403255,0.539915246968458,-0.26019326052218916,0.7247458211270033,0.29126573532633426,0.5584220729213693,0.42809014702275316,0.41863250082961806,1.0225917628812684,0.7343408804893695
openrainer,openrainer_20220929T10,dynamic,idw,gauges,5991,4.829758778119016,0.47795328933458275,0.9502860530213728,0.8074110190151146,0.37177541729893776,0.5463543385021445,0.4399933233183108,0.34234685361375394,1.2852267186738178,1.8719201345498147
openrainer,openrainer_20220929T10,dynamic,masked p0.3,radar,138618,1.9742722127203949,0.5502429949581852,-0.28579688657697977,0.6961054626917111,0.25882093906533826,0.5599839192636131,0.39317404666060685,0.41863250082961806,0.9391866276064106,0.7144072480891968
openrainer,openrainer_20220929T10,dynamic,masked p0.3,gauges,5991,4.73408630021761,0.48932181995273955,0.855694173395765,0.7840078010726474,0.3249370277078086,0.5692035398230089,0.39759639459188784,0.34234685361375394,1.1613846903949294,1.8189846059945969
openrainer,openrainer_20220929T10,dynamic,conditional p0.3,radar,138618,2.3419835559337443,0.4417249284485047,-0.19070564576071836,0.7077201447527142,0.2696507326789017,0.561105570204801,0.4056616023893001,0.41863250082961806,0.9690160261933484,0.8166421606967046
openrainer,openrainer_20220929T10,dynamic,conditional p0.3,gauges,5991,5.287972653606606,0.44226021511465924,1.1159386572828258,0.7957094100438811,0.3440514469453376,0.5614035087719298,0.41528960106826907,0.34234685361375394,1.213066796684544,1.937650821028381
openrainer,openrainer_20220929T10,dynamic,masked p0.5,radar,138618,1.9340651430931948,0.5680761230737243,-0.3213859743776938,0.6497845941754266,0.22076875387476752,0.5487607876238848,0.3490888629182357,0.41863250082961806,0.8338790280889196,0.7079367738359672
openrainer,openrainer_20220929T10,dynamic,masked p0.5,gauges,5991,4.704871016284084,0.49424486485915137,0.7705598749915381,0.7298878595806924,0.2567030784508441,0.5829439252336449,0.3361709230512435,0.34234685361375394,0.9819600195026816,1.8189846059945969
openrainer,openrainer_20220929T10,dynamic,conditional p0.5,radar,138618,2.089098472934878,0.5148987096039666,-0.28006606414907165,0.6529381354471825,0.22440791763044235,0.5491861493194962,0.35242897747767243,0.41863250082961806,0.8418576598311218,0.719131599086694
openrainer,openrainer_20220929T10,dynamic,conditional p0.5,gauges,5991,5.0894756772208485,0.4629077556469785,0.8970497190639728,0.7342759629449049,0.2606774668630339,0.5832687838884586,0.3400100150225338,0.34234685361375394,0.9931740614334472,1.834845043261063
openrainer,openrainer_20220929T10,dynamic,masked p0.7,radar,138618,1.866259505914107,0.5981946143875995,-0.36728622551675705,0.5986214027227296,0.1830966042705296,0.5278047891090313,0.3067711264049402,0.41863250082961806,0.7327933827330692,0.6947605265610537
openrainer,openrainer_20220929T10,dynamic,masked p0.7,gauges,5991,4.58850548404099,0.5065423016089553,0.647296478680844,0.6660165772793759,0.1936245572609209,0.5741908364859184,0.2827574695376398,0.34234685361375394,0.8259385665529011,1.5617658709276852
openrainer,openrainer_20220929T10,dynamic,conditional p0.7,radar,138618,1.9006030727444316,0.5844284449378794,-0.3565748609894549,0.5993279338273307,0.18382145874401576,0.5280506505928974,0.30740596459334285,0.41863250082961806,0.7343098397380665,0.6948854265741327
openrainer,openrainer_20220929T10,dynamic,conditional p0.7,gauges,5991,4.700887668130227,0.49777557382801474,0.6803489673970189,0.666504144319844,0.19493521790341578,0.573887489504618,0.28342513770655986,0.34234685361375394,0.8278888347147734,1.5617658709276852
openrainer,openrainer_20221121T17,rnn,idw,radar,133848,1.2904079730381897,0.4189612644217651,-0.23298339231191834,0.8007895535985423,0.11216244456312258,0.72721999277278,0.6435210089056242,0.7134734923196462,0.901955035236709,0.8316282100926998
openrainer,openrainer_20221121T17,rnn,idw,gauges,6068,1.3773580168347317,0.557367632392358,0.20645900568694175,0.8594594594594595,0.10652333251893477,0.779577915156683,0.6745220830586685,0.7012195121951219,0.9619271445358403,1.4780747059274506
openrainer,openrainer_20221121T17,rnn,masked p0.3,radar,133848,1.290845624913575,0.4191227319802252,-0.23431526031874306,0.7958888760903484,0.10863395412112399,0.7255154639175257,0.6370509832048293,0.7134734923196462,0.8928866875399226,0.8316282100926998
openrainer,openrainer_20221121T17,rnn,masked p0.3,gauges,6068,1.3778688826091041,0.5574064344041758,0.20472888434663883,0.854524089306698,0.10531496062992125,0.7764253683536195,0.6697429136453527,0.7012195121951219,0.9551116333725029,1.4780747059274506
openrainer,openrainer_20221121T17,rnn,conditional p0.3,radar,133848,1.2906458852875786,0.4176506681515053,-0.22801081946191337,0.8017843492465732,0.11117302222996112,0.7287054837543064,0.6436031916801147,0.7134734923196462,0.9020702221012178,0.8316282100926998
openrainer,openrainer_20221121T17,rnn,conditional p0.3,gauges,6068,1.3785109188755167,0.5563433847757246,0.21630511961491194,0.8601645123384254,0.1073170731707317,0.7795527156549521,0.6756756756756757,0.7012195121951219,0.9635722679200941,1.4780747059274506
openrainer,openrainer_20221121T17,rnn,masked p0.5,radar,133848,1.2916711992128316,0.41921440879415994,-0.2364959285538223,0.7847995224980889,0.101431551686929,0.7209326933251248,0.6231396808319886,0.7134734923196462,0.8733886928385185,0.8316282100926998
openrainer,openrainer_20221121T17,rnn,masked p0.5,gauges,6068,1.3791718506353918,0.557270442285467,0.20097390787723257,0.8380728554641598,0.09492385786802031,0.7703607690645928,0.6493078444297956,0.7012195121951219,0.9259694477085781,1.4780747059274506
openrainer,openrainer_20221121T17,rnn,conditional p0.5,radar,133848,1.2917814179445986,0.41829917851718185,-0.23321397152495604,0.7866425123302303,0.1021632604278714,0.722014512951127,0.6251120674197598,0.7134734923196462,0.8761531775867305,0.8316282100926998
openrainer,openrainer_20221121T17,rnn,conditional p0.5,gauges,6068,1.3803830443837182,0.5564155166523574,0.20709283481106566,0.8394829612220917,0.09569620253164557,0.7709907187567451,0.6509558338826632,0.7012195121951219,0.928319623971798,1.4780747059274506
openrainer,openrainer_20221121T17,rnn,masked p0.7,radar,133848,1.292433289621162,0.4197064943405953,-0.23974539835285558,0.771542561546436,0.09355969736113674,0.7146321118891971,0.6072933476779631,0.7134734923196462,0.851178571054588,0.8316282100926998
openrainer,openrainer_20221121T17,rnn,masked p0.7,gauges,6068,1.3804038860182062,0.5573817509608193,0.19501233833278975,0.8204465334900117,0.08660387231815803,0.7612298299171392,0.6298615688859591,0.7012195121951219,0.8982373678025852,1.4780747059274506
openrainer,openrainer_20221121T17,rnn,conditional p0.7,radar,133848,1.292424492299846,0.41940522352923,-0.23853759802699748,0.7718148214080024,0.09377497448760036,0.7147317792172531,0.6076519634211942,0.7134734923196462,0.851681204645172,0.8316282100926998
openrainer,openrainer_20221121T17,rnn,conditional p0.7,gauges,6068,1.3810282021660059,0.5570095106770209,0.1973195630001381,0.8206815511163337,0.08682008368200837,0.7612818835840418,0.6301911667765326,0.7012195121951219,0.8987074030552292,1.4780747059274506
openrainer,openrainer_20221121T17,dynamic,idw,radar,133260,1.5667183327393723,0.37181821034440393,-0.16716407129326283,0.813765651162056,0.12751495991870837,0.7272693049738835,0.6646405523037671,0.7125994296863275,0.9326986868293299,1.1053113173721747
openrainer,openrainer_20221121T17,dynamic,idw,gauges,6048,2.007186723015459,0.4396817749744609,0.22333429987214348,0.8593344347415625,0.1234954260953298,0.7665263157894737,0.6868386243386243,0.7005621693121693,0.9804106679254189,1.7358313927675557
openrainer,openrainer_20221121T17,dynamic,masked p0.3,radar,133260,1.5697532429513814,0.37199121217206027,-0.17549001378456053,0.7821421425637893,0.1166284089963011,0.7089350654309086,0.6309395167342038,0.7125994296863275,0.885405587556997,1.1053113173721747
openrainer,openrainer_20221121T17,dynamic,masked p0.3,gauges,6048,2.0098476750366636,0.44044974321633135,0.2080417205673042,0.8189756903469436,0.11025641025641025,0.7435183201199914,0.6448412698412699,0.7005621693121693,0.9204625914562191,1.7358313927675557
openrainer,openrainer_20221121T17,dynamic,conditional p0.3,radar,133260,1.5999002236517081,0.3632002775459031,-0.1229873779640045,0.7912406145680858,0.1215745417134306,0.7131454062262719,0.6418730301665916,0.7125994296863275,0.9007487284253535,1.1293437589874655
openrainer,openrainer_20221121T17,dynamic,conditional p0.3,gauges,6048,2.1024283874008263,0.42315494662246794,0.3059697672103099,0.8262921878687751,0.11635537607269056,0.7452107279693486,0.6550925925925926,0.7005621693121693,0.935095586499882,1.7950570300957984
openrainer,openrainer_20221121T17,dynamic,masked p0.5,radar,133260,1.5748687547432036,0.37134158324096644,-0.1921318736175086,0.7390191762934257,0.10576212441703407,0.6796176678513669,0.5889088998949422,0.7125994296863275,0.8264234791124777,1.10509555637396
openrainer,openrainer_20221121T17,dynamic,masked p0.5,gauges,6048,2.0056525845167825,0.44285200192074003,0.17696279896360956,0.771064432381402,0.09098497495826377,0.7158194566170026,0.5942460317460317,0.7005621693121693,0.8482416804342695,1.7256214123126616
openrainer,openrainer_20221121T17,dynamic,conditional p0.5,radar,133260,1.5945952519588085,0.366008966691358,-0.16373145367358766,0.742125714767115,0.10754131577281074,0.6812078915062879,0.5925634098754314,0.7125994296863275,0.8315519002537883,1.1293437589874655
openrainer,openrainer_20221121T17,dynamic,conditional p0.5,gauges,6048,2.0513208702905397,0.43616971971881174,0.22817932818447773,0.77248052867595,0.09410462219761971,0.7150972252567184,0.5973875661375662,0.7005621693121693,0.8527259853670051,1.7778867918567822
openrainer,openrainer_20221121T17,dynamic,masked p0.7,radar,133260,1.5798470751541918,0.3703840079325314,-0.21937845275826462,0.6867766767409779,0.09708012017333757,0.6395516460239475,0.5420156085847216,0.7125994296863275,0.7606175166647361,1.0971705482281133
openrainer,openrainer_20221121T17,dynamic,masked p0.7,gauges,6048,2.003616800573278,0.4435422253267939,0.1310992926239687,0.707576115175832,0.07125154894671623,0.6711439444817551,0.5337301587301587,0.7005621693121693,0.7618598064668397,1.7256214123126616
openrainer,openrainer_20221121T17,dynamic,conditional p0.7,radar,133260,1.5889680333481595,0.36786744849313446,-0.20895059298989027,0.6871979022967324,0.09741355463347165,0.6397494215913101,0.5425484016208915,0.7125994296863275,0.7613651920262001,1.10905668433994
openrainer,openrainer_20221121T17,dynamic,conditional p0.7,gauges,6048,2.0141272372945966,0.44334348763053366,0.1487760165183596,0.7078121312249233,0.07151702786377709,0.6712175470008953,0.5340608465608465,0.7005621693121693,0.7623318385650224,1.7389327028552786
