network,forecast,metric,lead_min,region,vs,estimate,low,high
openmesh,R|persistence,CSI_1,15,domain,R|extrapolation,-0.1166,-0.1466,-0.0910
openmesh,R|persistence,CSI_1,15,area,R|extrapolation,-0.1202,-0.1538,-0.0907
openmesh,R|persistence,CSI_1,30,domain,R|extrapolation,-0.1204,-0.1509,-0.0958
openmesh,R|persistence,CSI_1,30,area,R|extrapolation,-0.1150,-0.1499,-0.0816
openmesh,R|persistence,CSI_1,60,domain,R|extrapolation,-0.1082,-0.1355,-0.0841
openmesh,R|persistence,CSI_1,60,area,R|extrapolation,-0.0990,-0.1377,-0.0660
openmesh,R|persistence,FSS_10km,15,domain,R|extrapolation,-0.0630,-0.0865,-0.0463
openmesh,R|persistence,FSS_10km,15,area,R|extrapolation,-0.0601,-0.0853,-0.0414
openmesh,R|persistence,FSS_10km,30,domain,R|extrapolation,-0.0855,-0.1187,-0.0627
openmesh,R|persistence,FSS_10km,30,area,R|extrapolation,-0.0786,-0.1144,-0.0506
openmesh,R|persistence,FSS_10km,60,domain,R|extrapolation,-0.0947,-0.1309,-0.0693
openmesh,R|persistence,FSS_10km,60,area,R|extrapolation,-0.0884,-0.1304,-0.0557
openmesh,R|persistence,MAE,15,domain,R|extrapolation,0.2859,0.2312,0.3395
openmesh,R|persistence,MAE,15,area,R|extrapolation,0.2976,0.2173,0.3848
openmesh,R|persistence,MAE,30,domain,R|extrapolation,0.2780,0.2278,0.3290
openmesh,R|persistence,MAE,30,area,R|extrapolation,0.2488,0.1386,0.3643
openmesh,R|persistence,MAE,60,domain,R|extrapolation,0.2301,0.1831,0.2831
openmesh,R|persistence,MAE,60,area,R|extrapolation,0.1532,0.0245,0.2811
openmesh,R|persistence,gauge next-hour RMSE,60,gauges,R|extrapolation,0.3639,0.1358,0.6626
openmesh,R|extrapolation,CSI_1,15,domain,value,0.7943,0.7550,0.8282
openmesh,R|extrapolation,CSI_1,15,area,value,0.8067,0.7591,0.8485
openmesh,R|extrapolation,CSI_1,30,domain,value,0.7179,0.6667,0.7640
openmesh,R|extrapolation,CSI_1,30,area,value,0.7248,0.6626,0.7823
openmesh,R|extrapolation,CSI_1,60,domain,value,0.6186,0.5527,0.6780
openmesh,R|extrapolation,CSI_1,60,area,value,0.6176,0.5405,0.6975
openmesh,R|extrapolation,FSS_10km,15,domain,value,0.9555,0.9458,0.9633
openmesh,R|extrapolation,FSS_10km,15,area,value,0.9562,0.9422,0.9679
openmesh,R|extrapolation,FSS_10km,30,domain,value,0.9120,0.8924,0.9284
openmesh,R|extrapolation,FSS_10km,30,area,value,0.9122,0.8862,0.9346
openmesh,R|extrapolation,FSS_10km,60,domain,value,0.8433,0.8068,0.8732
openmesh,R|extrapolation,FSS_10km,60,area,value,0.8406,0.7925,0.8828
openmesh,R|extrapolation,MAE,15,domain,value,0.5285,0.4343,0.6241
openmesh,R|extrapolation,MAE,15,area,value,0.4916,0.4041,0.5763
openmesh,R|extrapolation,MAE,30,domain,value,0.6850,0.5675,0.7964
openmesh,R|extrapolation,MAE,30,area,value,0.7361,0.5899,0.8758
openmesh,R|extrapolation,MAE,60,domain,value,0.8653,0.7181,1.0070
openmesh,R|extrapolation,MAE,60,area,value,1.0022,0.8385,1.1769
openmesh,R|sprog,CSI_1,15,domain,R|extrapolation,0.0040,0.0015,0.0067
openmesh,R|sprog,CSI_1,15,area,R|extrapolation,0.0034,-0.0030,0.0098
openmesh,R|sprog,CSI_1,30,domain,R|extrapolation,0.0126,0.0081,0.0180
openmesh,R|sprog,CSI_1,30,area,R|extrapolation,0.0150,0.0049,0.0248
openmesh,R|sprog,CSI_1,60,domain,R|extrapolation,0.0180,0.0120,0.0250
openmesh,R|sprog,CSI_1,60,area,R|extrapolation,0.0309,0.0127,0.0460
openmesh,R|sprog,FSS_10km,15,domain,R|extrapolation,-0.0076,-0.0091,-0.0062
openmesh,R|sprog,FSS_10km,15,area,R|extrapolation,-0.0068,-0.0114,-0.0027
openmesh,R|sprog,FSS_10km,30,domain,R|extrapolation,-0.0083,-0.0112,-0.0055
openmesh,R|sprog,FSS_10km,30,area,R|extrapolation,-0.0068,-0.0146,0.0002
openmesh,R|sprog,FSS_10km,60,domain,R|extrapolation,-0.0076,-0.0125,-0.0027
openmesh,R|sprog,FSS_10km,60,area,R|extrapolation,0.0001,-0.0151,0.0120
openmesh,R|sprog,MAE,15,domain,R|extrapolation,0.0187,0.0066,0.0344
openmesh,R|sprog,MAE,15,area,R|extrapolation,-0.0307,-0.0540,-0.0082
openmesh,R|sprog,MAE,30,domain,R|extrapolation,0.0051,-0.0084,0.0229
openmesh,R|sprog,MAE,30,area,R|extrapolation,-0.0666,-0.1164,-0.0170
openmesh,R|sprog,MAE,60,domain,R|extrapolation,-0.0074,-0.0197,0.0076
openmesh,R|sprog,MAE,60,area,R|extrapolation,-0.0521,-0.1511,0.0926
openmesh,R|sprog,gauge next-hour RMSE,60,gauges,R|extrapolation,0.0050,-0.0721,0.0869
openmesh,C|persistence,CSI_1,15,domain,R|extrapolation,-0.7720,-0.8039,-0.7356
openmesh,C|persistence,CSI_1,15,area,R|extrapolation,-0.2408,-0.3378,-0.1710
openmesh,C|persistence,CSI_1,30,domain,R|extrapolation,-0.6945,-0.7377,-0.6472
openmesh,C|persistence,CSI_1,30,area,R|extrapolation,-0.1963,-0.2881,-0.1308
openmesh,C|persistence,CSI_1,60,domain,R|extrapolation,-0.5929,-0.6507,-0.5306
openmesh,C|persistence,CSI_1,60,area,R|extrapolation,-0.1465,-0.2407,-0.0823
openmesh,C|persistence,FSS_10km,15,domain,R|extrapolation,-0.9068,-0.9158,-0.8976
openmesh,C|persistence,FSS_10km,15,area,R|extrapolation,-0.1795,-0.2717,-0.1194
openmesh,C|persistence,FSS_10km,30,domain,R|extrapolation,-0.8612,-0.8756,-0.8445
openmesh,C|persistence,FSS_10km,30,area,R|extrapolation,-0.1693,-0.2573,-0.1096
openmesh,C|persistence,FSS_10km,60,domain,R|extrapolation,-0.7877,-0.8135,-0.7558
openmesh,C|persistence,FSS_10km,60,area,R|extrapolation,-0.1528,-0.2427,-0.0930
openmesh,C|persistence,MAE,15,domain,R|extrapolation,0.7602,0.5801,0.9482
openmesh,C|persistence,MAE,15,area,R|extrapolation,0.5936,0.4718,0.7219
openmesh,C|persistence,MAE,30,domain,R|extrapolation,0.5965,0.4369,0.7767
openmesh,C|persistence,MAE,30,area,R|extrapolation,0.4515,0.3338,0.5905
openmesh,C|persistence,MAE,60,domain,R|extrapolation,0.3866,0.2457,0.5556
openmesh,C|persistence,MAE,60,area,R|extrapolation,0.3020,0.1719,0.4456
openmesh,C|persistence,gauge next-hour RMSE,60,gauges,R|extrapolation,0.3463,0.1001,0.6556
openmesh,C|extrapolation,CSI_1,15,domain,R|extrapolation,-0.7724,-0.8042,-0.7360
openmesh,C|extrapolation,CSI_1,15,area,R|extrapolation,-0.2417,-0.3374,-0.1717
openmesh,C|extrapolation,CSI_1,30,domain,R|extrapolation,-0.6951,-0.7384,-0.6478
openmesh,C|extrapolation,CSI_1,30,area,R|extrapolation,-0.1973,-0.2888,-0.1318
openmesh,C|extrapolation,CSI_1,60,domain,R|extrapolation,-0.5940,-0.6517,-0.5317
openmesh,C|extrapolation,CSI_1,60,area,R|extrapolation,-0.1522,-0.2438,-0.0882
openmesh,C|extrapolation,FSS_10km,15,domain,R|extrapolation,-0.9076,-0.9164,-0.8986
openmesh,C|extrapolation,FSS_10km,15,area,R|extrapolation,-0.1801,-0.2721,-0.1194
openmesh,C|extrapolation,FSS_10km,30,domain,R|extrapolation,-0.8626,-0.8769,-0.8459
openmesh,C|extrapolation,FSS_10km,30,area,R|extrapolation,-0.1698,-0.2588,-0.1095
openmesh,C|extrapolation,FSS_10km,60,domain,R|extrapolation,-0.7901,-0.8157,-0.7580
openmesh,C|extrapolation,FSS_10km,60,area,R|extrapolation,-0.1575,-0.2464,-0.0970
openmesh,C|extrapolation,MAE,15,domain,R|extrapolation,0.7596,0.5795,0.9477
openmesh,C|extrapolation,MAE,15,area,R|extrapolation,0.5806,0.4616,0.7044
openmesh,C|extrapolation,MAE,30,domain,R|extrapolation,0.5959,0.4362,0.7762
openmesh,C|extrapolation,MAE,30,area,R|extrapolation,0.4331,0.3201,0.5692
openmesh,C|extrapolation,MAE,60,domain,R|extrapolation,0.3852,0.2439,0.5550
openmesh,C|extrapolation,MAE,60,area,R|extrapolation,0.2669,0.1504,0.3933
openmesh,C|extrapolation,gauge next-hour RMSE,60,gauges,R|extrapolation,0.3297,0.1011,0.6515
openmesh,C|sprog,CSI_1,15,domain,R|extrapolation,-0.7723,-0.8042,-0.7360
openmesh,C|sprog,CSI_1,15,area,R|extrapolation,-0.2418,-0.3359,-0.1736
openmesh,C|sprog,CSI_1,30,domain,R|extrapolation,-0.6950,-0.7383,-0.6476
openmesh,C|sprog,CSI_1,30,area,R|extrapolation,-0.1961,-0.2877,-0.1330
openmesh,C|sprog,CSI_1,60,domain,R|extrapolation,-0.5940,-0.6516,-0.5314
openmesh,C|sprog,CSI_1,60,area,R|extrapolation,-0.1504,-0.2422,-0.0861
openmesh,C|sprog,FSS_10km,15,domain,R|extrapolation,-0.9076,-0.9164,-0.8985
openmesh,C|sprog,FSS_10km,15,area,R|extrapolation,-0.1799,-0.2704,-0.1195
openmesh,C|sprog,FSS_10km,30,domain,R|extrapolation,-0.8625,-0.8767,-0.8457
openmesh,C|sprog,FSS_10km,30,area,R|extrapolation,-0.1690,-0.2569,-0.1103
openmesh,C|sprog,FSS_10km,60,domain,R|extrapolation,-0.7900,-0.8156,-0.7578
openmesh,C|sprog,FSS_10km,60,area,R|extrapolation,-0.1555,-0.2449,-0.0955
openmesh,C|sprog,MAE,15,domain,R|extrapolation,0.7597,0.5793,0.9478
openmesh,C|sprog,MAE,15,area,R|extrapolation,0.6059,0.4817,0.7392
openmesh,C|sprog,MAE,30,domain,R|extrapolation,0.5961,0.4363,0.7765
openmesh,C|sprog,MAE,30,area,R|extrapolation,0.4675,0.3417,0.6158
openmesh,C|sprog,MAE,60,domain,R|extrapolation,0.3859,0.2447,0.5554
openmesh,C|sprog,MAE,60,area,R|extrapolation,0.3119,0.1809,0.4521
openmesh,C|sprog,gauge next-hour RMSE,60,gauges,R|extrapolation,0.6167,0.1064,1.2823
openmesh,C|extrapolation_Rmotion,CSI_1,15,domain,R|extrapolation,-0.7724,-0.8044,-0.7356
openmesh,C|extrapolation_Rmotion,CSI_1,15,area,R|extrapolation,-0.4654,-0.5516,-0.3840
openmesh,C|extrapolation_Rmotion,CSI_1,30,domain,R|extrapolation,-0.6938,-0.7383,-0.6454
openmesh,C|extrapolation_Rmotion,CSI_1,30,area,R|extrapolation,-0.6097,-0.6831,-0.5273
openmesh,C|extrapolation_Rmotion,CSI_1,60,domain,R|extrapolation,-0.5907,-0.6482,-0.5277
openmesh,C|extrapolation_Rmotion,CSI_1,60,area,R|extrapolation,-0.6066,-0.6897,-0.5264
openmesh,C|extrapolation_Rmotion,FSS_10km,15,domain,R|extrapolation,-0.9078,-0.9170,-0.8983
openmesh,C|extrapolation_Rmotion,FSS_10km,15,area,R|extrapolation,-0.3810,-0.4945,-0.2903
openmesh,C|extrapolation_Rmotion,FSS_10km,30,domain,R|extrapolation,-0.8601,-0.8754,-0.8416
openmesh,C|extrapolation_Rmotion,FSS_10km,30,area,R|extrapolation,-0.6815,-0.7960,-0.5714
openmesh,C|extrapolation_Rmotion,FSS_10km,60,domain,R|extrapolation,-0.7831,-0.8112,-0.7491
openmesh,C|extrapolation_Rmotion,FSS_10km,60,area,R|extrapolation,-0.8173,-0.8659,-0.7574
openmesh,C|extrapolation_Rmotion,MAE,15,domain,R|extrapolation,0.7566,0.5767,0.9452
openmesh,C|extrapolation_Rmotion,MAE,15,area,R|extrapolation,0.6411,0.4903,0.8106
openmesh,C|extrapolation_Rmotion,MAE,30,domain,R|extrapolation,0.5881,0.4285,0.7679
openmesh,C|extrapolation_Rmotion,MAE,30,area,R|extrapolation,0.5410,0.3662,0.7309
openmesh,C|extrapolation_Rmotion,MAE,60,domain,R|extrapolation,0.3737,0.2323,0.5406
openmesh,C|extrapolation_Rmotion,MAE,60,area,R|extrapolation,0.3113,0.1277,0.5204
openmesh,C|extrapolation_Rmotion,gauge next-hour RMSE,60,gauges,R|extrapolation,0.8694,0.5579,1.1798
openmesh,C|sprog_Rmotion,CSI_1,15,domain,R|extrapolation,-0.7726,-0.8046,-0.7359
openmesh,C|sprog_Rmotion,CSI_1,15,area,R|extrapolation,-0.4000,-0.4830,-0.3257
openmesh,C|sprog_Rmotion,CSI_1,30,domain,R|extrapolation,-0.6941,-0.7386,-0.6458
openmesh,C|sprog_Rmotion,CSI_1,30,area,R|extrapolation,-0.5505,-0.6380,-0.4560
openmesh,C|sprog_Rmotion,CSI_1,60,domain,R|extrapolation,-0.5905,-0.6480,-0.5277
openmesh,C|sprog_Rmotion,CSI_1,60,area,R|extrapolation,-0.5877,-0.6720,-0.5030
openmesh,C|sprog_Rmotion,FSS_10km,15,domain,R|extrapolation,-0.9082,-0.9174,-0.8987
openmesh,C|sprog_Rmotion,FSS_10km,15,area,R|extrapolation,-0.3087,-0.4120,-0.2319
openmesh,C|sprog_Rmotion,FSS_10km,30,domain,R|extrapolation,-0.8607,-0.8760,-0.8423
openmesh,C|sprog_Rmotion,FSS_10km,30,area,R|extrapolation,-0.5795,-0.7106,-0.4567
openmesh,C|sprog_Rmotion,FSS_10km,60,domain,R|extrapolation,-0.7827,-0.8118,-0.7490
openmesh,C|sprog_Rmotion,FSS_10km,60,area,R|extrapolation,-0.7775,-0.8362,-0.6990
openmesh,C|sprog_Rmotion,MAE,15,domain,R|extrapolation,0.7581,0.5777,0.9469
openmesh,C|sprog_Rmotion,MAE,15,area,R|extrapolation,0.6912,0.5382,0.8549
openmesh,C|sprog_Rmotion,MAE,30,domain,R|extrapolation,0.5902,0.4301,0.7704
openmesh,C|sprog_Rmotion,MAE,30,area,R|extrapolation,0.5480,0.3785,0.7359
openmesh,C|sprog_Rmotion,MAE,60,domain,R|extrapolation,0.3752,0.2339,0.5420
openmesh,C|sprog_Rmotion,MAE,60,area,R|extrapolation,0.3065,0.1254,0.5108
openmesh,C|sprog_Rmotion,gauge next-hour RMSE,60,gauges,R|extrapolation,0.7874,0.5003,1.0742
openmesh,P|persistence,CSI_1,15,domain,R|extrapolation,-0.7675,-0.7983,-0.7321
openmesh,P|persistence,CSI_1,15,area,R|extrapolation,-0.2175,-0.2584,-0.1838
openmesh,P|persistence,CSI_1,30,domain,R|extrapolation,-0.6898,-0.7337,-0.6423
openmesh,P|persistence,CSI_1,30,area,R|extrapolation,-0.1783,-0.2162,-0.1448
openmesh,P|persistence,CSI_1,60,domain,R|extrapolation,-0.5885,-0.6440,-0.5272
openmesh,P|persistence,CSI_1,60,area,R|extrapolation,-0.1471,-0.1910,-0.1116
openmesh,P|persistence,FSS_10km,15,domain,R|extrapolation,-0.8970,-0.9024,-0.8905
openmesh,P|persistence,FSS_10km,15,area,R|extrapolation,-0.1448,-0.1880,-0.1129
openmesh,P|persistence,FSS_10km,30,domain,R|extrapolation,-0.8512,-0.8631,-0.8363
openmesh,P|persistence,FSS_10km,30,area,R|extrapolation,-0.1400,-0.1849,-0.1057
openmesh,P|persistence,FSS_10km,60,domain,R|extrapolation,-0.7782,-0.8022,-0.7498
openmesh,P|persistence,FSS_10km,60,area,R|extrapolation,-0.1416,-0.1900,-0.1059
openmesh,P|persistence,MAE,15,domain,R|extrapolation,0.7810,0.5955,0.9750
openmesh,P|persistence,MAE,15,area,R|extrapolation,1.0468,0.7190,1.4204
openmesh,P|persistence,MAE,30,domain,R|extrapolation,0.6221,0.4510,0.8118
openmesh,P|persistence,MAE,30,area,R|extrapolation,0.9731,0.6322,1.3602
openmesh,P|persistence,MAE,60,domain,R|extrapolation,0.4178,0.2676,0.6004
openmesh,P|persistence,MAE,60,area,R|extrapolation,0.8406,0.5058,1.2048
openmesh,P|persistence,gauge next-hour RMSE,60,gauges,R|extrapolation,1.0167,0.3599,1.8496
openmesh,P|extrapolation,CSI_1,15,domain,R|extrapolation,-0.7684,-0.7994,-0.7328
openmesh,P|extrapolation,CSI_1,15,area,R|extrapolation,-0.2233,-0.2669,-0.1894
openmesh,P|extrapolation,CSI_1,30,domain,R|extrapolation,-0.6908,-0.7342,-0.6432
openmesh,P|extrapolation,CSI_1,30,area,R|extrapolation,-0.1906,-0.2292,-0.1571
openmesh,P|extrapolation,CSI_1,60,domain,R|extrapolation,-0.5898,-0.6456,-0.5282
openmesh,P|extrapolation,CSI_1,60,area,R|extrapolation,-0.1852,-0.2288,-0.1488
openmesh,P|extrapolation,FSS_10km,15,domain,R|extrapolation,-0.8992,-0.9045,-0.8927
openmesh,P|extrapolation,FSS_10km,15,area,R|extrapolation,-0.1511,-0.1981,-0.1188
openmesh,P|extrapolation,FSS_10km,30,domain,R|extrapolation,-0.8534,-0.8649,-0.8387
openmesh,P|extrapolation,FSS_10km,30,area,R|extrapolation,-0.1519,-0.1983,-0.1181
openmesh,P|extrapolation,FSS_10km,60,domain,R|extrapolation,-0.7810,-0.8046,-0.7523
openmesh,P|extrapolation,FSS_10km,60,area,R|extrapolation,-0.1786,-0.2324,-0.1387
openmesh,P|extrapolation,MAE,15,domain,R|extrapolation,0.7760,0.5911,0.9690
openmesh,P|extrapolation,MAE,15,area,R|extrapolation,1.0143,0.6899,1.3774
openmesh,P|extrapolation,MAE,30,domain,R|extrapolation,0.6160,0.4461,0.8042
openmesh,P|extrapolation,MAE,30,area,R|extrapolation,0.9187,0.5809,1.2943
openmesh,P|extrapolation,MAE,60,domain,R|extrapolation,0.4103,0.2601,0.5916
openmesh,P|extrapolation,MAE,60,area,R|extrapolation,0.7436,0.4232,1.0940
openmesh,P|extrapolation,gauge next-hour RMSE,60,gauges,R|extrapolation,0.7129,0.2835,1.2333
openmesh,P|sprog,CSI_1,15,domain,R|extrapolation,-0.7685,-0.7995,-0.7328
openmesh,P|sprog,CSI_1,15,area,R|extrapolation,-0.2107,-0.2516,-0.1743
openmesh,P|sprog,CSI_1,30,domain,R|extrapolation,-0.6908,-0.7345,-0.6432
openmesh,P|sprog,CSI_1,30,area,R|extrapolation,-0.1783,-0.2163,-0.1447
openmesh,P|sprog,CSI_1,60,domain,R|extrapolation,-0.5897,-0.6457,-0.5277
openmesh,P|sprog,CSI_1,60,area,R|extrapolation,-0.1784,-0.2198,-0.1429
openmesh,P|sprog,FSS_10km,15,domain,R|extrapolation,-0.8993,-0.9047,-0.8927
openmesh,P|sprog,FSS_10km,15,area,R|extrapolation,-0.1486,-0.1943,-0.1149
openmesh,P|sprog,FSS_10km,30,domain,R|extrapolation,-0.8535,-0.8653,-0.8385
openmesh,P|sprog,FSS_10km,30,area,R|extrapolation,-0.1488,-0.1960,-0.1140
openmesh,P|sprog,FSS_10km,60,domain,R|extrapolation,-0.7809,-0.8050,-0.7520
openmesh,P|sprog,FSS_10km,60,area,R|extrapolation,-0.1770,-0.2267,-0.1382
openmesh,P|sprog,MAE,15,domain,R|extrapolation,0.7794,0.5937,0.9735
openmesh,P|sprog,MAE,15,area,R|extrapolation,1.3346,0.9075,1.8171
openmesh,P|sprog,MAE,30,domain,R|extrapolation,0.6204,0.4494,0.8100
openmesh,P|sprog,MAE,30,area,R|extrapolation,1.2567,0.7945,1.7672
openmesh,P|sprog,MAE,60,domain,R|extrapolation,0.4155,0.2652,0.5983
openmesh,P|sprog,MAE,60,area,R|extrapolation,1.0644,0.6129,1.5672
openmesh,P|sprog,gauge next-hour RMSE,60,gauges,R|extrapolation,1.8476,0.9467,2.8731
openmesh,P|extrapolation_Rmotion,CSI_1,15,domain,R|extrapolation,-0.7672,-0.7986,-0.7315
openmesh,P|extrapolation_Rmotion,CSI_1,15,area,R|extrapolation,-0.4177,-0.4714,-0.3629
openmesh,P|extrapolation_Rmotion,CSI_1,30,domain,R|extrapolation,-0.6884,-0.7324,-0.6405
openmesh,P|extrapolation_Rmotion,CSI_1,30,area,R|extrapolation,-0.5855,-0.6546,-0.5074
openmesh,P|extrapolation_Rmotion,CSI_1,60,domain,R|extrapolation,-0.5847,-0.6410,-0.5222
openmesh,P|extrapolation_Rmotion,CSI_1,60,area,R|extrapolation,-0.6014,-0.6870,-0.5165
openmesh,P|extrapolation_Rmotion,FSS_10km,15,domain,R|extrapolation,-0.8966,-0.9024,-0.8895
openmesh,P|extrapolation_Rmotion,FSS_10km,15,area,R|extrapolation,-0.3134,-0.3751,-0.2566
openmesh,P|extrapolation_Rmotion,FSS_10km,30,domain,R|extrapolation,-0.8485,-0.8615,-0.8326
openmesh,P|extrapolation_Rmotion,FSS_10km,30,area,R|extrapolation,-0.6355,-0.7355,-0.5343
openmesh,P|extrapolation_Rmotion,FSS_10km,60,domain,R|extrapolation,-0.7703,-0.7970,-0.7387
openmesh,P|extrapolation_Rmotion,FSS_10km,60,area,R|extrapolation,-0.8060,-0.8607,-0.7387
openmesh,P|extrapolation_Rmotion,MAE,15,domain,R|extrapolation,0.7700,0.5857,0.9641
openmesh,P|extrapolation_Rmotion,MAE,15,area,R|extrapolation,0.9469,0.6645,1.2683
openmesh,P|extrapolation_Rmotion,MAE,30,domain,R|extrapolation,0.6024,0.4353,0.7907
openmesh,P|extrapolation_Rmotion,MAE,30,area,R|extrapolation,0.7026,0.4655,0.9719
openmesh,P|extrapolation_Rmotion,MAE,60,domain,R|extrapolation,0.3937,0.2454,0.5688
openmesh,P|extrapolation_Rmotion,MAE,60,area,R|extrapolation,0.3364,0.1465,0.5428
openmesh,P|extrapolation_Rmotion,gauge next-hour RMSE,60,gauges,R|extrapolation,0.7475,0.4971,1.0380
openmesh,P|sprog_Rmotion,CSI_1,15,domain,R|extrapolation,-0.7674,-0.7989,-0.7315
openmesh,P|sprog_Rmotion,CSI_1,15,area,R|extrapolation,-0.3640,-0.4071,-0.3227
openmesh,P|sprog_Rmotion,CSI_1,30,domain,R|extrapolation,-0.6888,-0.7329,-0.6408
openmesh,P|sprog_Rmotion,CSI_1,30,area,R|extrapolation,-0.5534,-0.6255,-0.4758
openmesh,P|sprog_Rmotion,CSI_1,60,domain,R|extrapolation,-0.5845,-0.6410,-0.5219
openmesh,P|sprog_Rmotion,CSI_1,60,area,R|extrapolation,-0.5988,-0.6843,-0.5121
openmesh,P|sprog_Rmotion,FSS_10km,15,domain,R|extrapolation,-0.8971,-0.9030,-0.8900
openmesh,P|sprog_Rmotion,FSS_10km,15,area,R|extrapolation,-0.2640,-0.3105,-0.2233
openmesh,P|sprog_Rmotion,FSS_10km,30,domain,R|extrapolation,-0.8494,-0.8622,-0.8335
openmesh,P|sprog_Rmotion,FSS_10km,30,area,R|extrapolation,-0.5834,-0.6838,-0.4885
openmesh,P|sprog_Rmotion,FSS_10km,60,domain,R|extrapolation,-0.7701,-0.7971,-0.7388
openmesh,P|sprog_Rmotion,FSS_10km,60,area,R|extrapolation,-0.8004,-0.8569,-0.7288
openmesh,P|sprog_Rmotion,MAE,15,domain,R|extrapolation,0.7761,0.5908,0.9713
openmesh,P|sprog_Rmotion,MAE,15,area,R|extrapolation,1.2761,0.8405,1.7922
openmesh,P|sprog_Rmotion,MAE,30,domain,R|extrapolation,0.6100,0.4409,0.8004
openmesh,P|sprog_Rmotion,MAE,30,area,R|extrapolation,0.7790,0.5014,1.1091
openmesh,P|sprog_Rmotion,MAE,60,domain,R|extrapolation,0.4005,0.2510,0.5789
openmesh,P|sprog_Rmotion,MAE,60,area,R|extrapolation,0.3297,0.1440,0.5300
openmesh,P|sprog_Rmotion,gauge next-hour RMSE,60,gauges,R|extrapolation,0.6807,0.3651,1.0692
openmesh,CP|persistence,CSI_1,15,domain,R|extrapolation,-0.7659,-0.7969,-0.7305
openmesh,CP|persistence,CSI_1,15,area,R|extrapolation,-0.1956,-0.2376,-0.1544
openmesh,CP|persistence,CSI_1,30,domain,R|extrapolation,-0.6883,-0.7319,-0.6411
openmesh,CP|persistence,CSI_1,30,area,R|extrapolation,-0.1604,-0.1986,-0.1234
openmesh,CP|persistence,CSI_1,60,domain,R|extrapolation,-0.5866,-0.6423,-0.5254
openmesh,CP|persistence,CSI_1,60,area,R|extrapolation,-0.1232,-0.1677,-0.0847
openmesh,CP|persistence,FSS_10km,15,domain,R|extrapolation,-0.8939,-0.8996,-0.8871
openmesh,CP|persistence,FSS_10km,15,area,R|extrapolation,-0.1390,-0.1840,-0.1031
openmesh,CP|persistence,FSS_10km,30,domain,R|extrapolation,-0.8481,-0.8597,-0.8332
openmesh,CP|persistence,FSS_10km,30,area,R|extrapolation,-0.1347,-0.1813,-0.0984
openmesh,CP|persistence,FSS_10km,60,domain,R|extrapolation,-0.7742,-0.7976,-0.7453
openmesh,CP|persistence,FSS_10km,60,area,R|extrapolation,-0.1277,-0.1774,-0.0903
openmesh,CP|persistence,MAE,15,domain,R|extrapolation,0.7686,0.5877,0.9591
openmesh,CP|persistence,MAE,15,area,R|extrapolation,0.6827,0.5211,0.8550
openmesh,CP|persistence,MAE,30,domain,R|extrapolation,0.6078,0.4428,0.7925
openmesh,CP|persistence,MAE,30,area,R|extrapolation,0.5854,0.4121,0.7759
openmesh,CP|persistence,MAE,60,domain,R|extrapolation,0.4018,0.2578,0.5767
openmesh,CP|persistence,MAE,60,area,R|extrapolation,0.4667,0.2886,0.6538
openmesh,CP|persistence,gauge next-hour RMSE,60,gauges,R|extrapolation,0.1328,-0.2512,0.5918
openmesh,CP|extrapolation,CSI_1,15,domain,R|extrapolation,-0.7669,-0.7979,-0.7313
openmesh,CP|extrapolation,CSI_1,15,area,R|extrapolation,-0.1962,-0.2395,-0.1552
openmesh,CP|extrapolation,CSI_1,30,domain,R|extrapolation,-0.6894,-0.7331,-0.6419
openmesh,CP|extrapolation,CSI_1,30,area,R|extrapolation,-0.1636,-0.2026,-0.1275
openmesh,CP|extrapolation,CSI_1,60,domain,R|extrapolation,-0.5877,-0.6436,-0.5264
openmesh,CP|extrapolation,CSI_1,60,area,R|extrapolation,-0.1390,-0.1828,-0.1034
openmesh,CP|extrapolation,FSS_10km,15,domain,R|extrapolation,-0.8960,-0.9016,-0.8893
openmesh,CP|extrapolation,FSS_10km,15,area,R|extrapolation,-0.1398,-0.1855,-0.1033
openmesh,CP|extrapolation,FSS_10km,30,domain,R|extrapolation,-0.8504,-0.8618,-0.8351
openmesh,CP|extrapolation,FSS_10km,30,area,R|extrapolation,-0.1369,-0.1830,-0.1005
openmesh,CP|extrapolation,FSS_10km,60,domain,R|extrapolation,-0.7767,-0.8006,-0.7477
openmesh,CP|extrapolation,FSS_10km,60,area,R|extrapolation,-0.1402,-0.1907,-0.1050
openmesh,CP|extrapolation,MAE,15,domain,R|extrapolation,0.7644,0.5838,0.9543
openmesh,CP|extrapolation,MAE,15,area,R|extrapolation,0.6570,0.5000,0.8296
openmesh,CP|extrapolation,MAE,30,domain,R|extrapolation,0.6029,0.4395,0.7860
openmesh,CP|extrapolation,MAE,30,area,R|extrapolation,0.5516,0.3835,0.7398
openmesh,CP|extrapolation,MAE,60,domain,R|extrapolation,0.3954,0.2512,0.5698
openmesh,CP|extrapolation,MAE,60,area,R|extrapolation,0.4153,0.2513,0.5960
openmesh,CP|extrapolation,gauge next-hour RMSE,60,gauges,R|extrapolation,0.0223,-0.3367,0.4186
openmesh,CP|sprog,CSI_1,15,domain,R|extrapolation,-0.7670,-0.7981,-0.7315
openmesh,CP|sprog,CSI_1,15,area,R|extrapolation,-0.1931,-0.2347,-0.1538
openmesh,CP|sprog,CSI_1,30,domain,R|extrapolation,-0.6895,-0.7335,-0.6420
openmesh,CP|sprog,CSI_1,30,area,R|extrapolation,-0.1593,-0.1977,-0.1244
openmesh,CP|sprog,CSI_1,60,domain,R|extrapolation,-0.5879,-0.6439,-0.5265
openmesh,CP|sprog,CSI_1,60,area,R|extrapolation,-0.1386,-0.1822,-0.1021
openmesh,CP|sprog,FSS_10km,15,domain,R|extrapolation,-0.8963,-0.9020,-0.8894
openmesh,CP|sprog,FSS_10km,15,area,R|extrapolation,-0.1394,-0.1855,-0.1034
openmesh,CP|sprog,FSS_10km,30,domain,R|extrapolation,-0.8508,-0.8625,-0.8355
openmesh,CP|sprog,FSS_10km,30,area,R|extrapolation,-0.1369,-0.1840,-0.1005
openmesh,CP|sprog,FSS_10km,60,domain,R|extrapolation,-0.7772,-0.8012,-0.7480
openmesh,CP|sprog,FSS_10km,60,area,R|extrapolation,-0.1419,-0.1914,-0.1066
openmesh,CP|sprog,MAE,15,domain,R|extrapolation,0.7673,0.5863,0.9578
openmesh,CP|sprog,MAE,15,area,R|extrapolation,0.8801,0.6555,1.1155
openmesh,CP|sprog,MAE,30,domain,R|extrapolation,0.6066,0.4421,0.7909
openmesh,CP|sprog,MAE,30,area,R|extrapolation,0.8280,0.5832,1.1093
openmesh,CP|sprog,MAE,60,domain,R|extrapolation,0.4006,0.2559,0.5757
openmesh,CP|sprog,MAE,60,area,R|extrapolation,0.7122,0.4625,0.9880
openmesh,CP|sprog,gauge next-hour RMSE,60,gauges,R|extrapolation,0.7947,0.3273,1.2362
openmesh,CP|extrapolation_Rmotion,CSI_1,15,domain,R|extrapolation,-0.7659,-0.7976,-0.7304
openmesh,CP|extrapolation_Rmotion,CSI_1,15,area,R|extrapolation,-0.4012,-0.4577,-0.3411
openmesh,CP|extrapolation_Rmotion,CSI_1,30,domain,R|extrapolation,-0.6869,-0.7308,-0.6393
openmesh,CP|extrapolation_Rmotion,CSI_1,30,area,R|extrapolation,-0.5748,-0.6453,-0.4950
openmesh,CP|extrapolation_Rmotion,CSI_1,60,domain,R|extrapolation,-0.5827,-0.6390,-0.5208
openmesh,CP|extrapolation_Rmotion,CSI_1,60,area,R|extrapolation,-0.6007,-0.6843,-0.5165
openmesh,CP|extrapolation_Rmotion,FSS_10km,15,domain,R|extrapolation,-0.8940,-0.9003,-0.8862
openmesh,CP|extrapolation_Rmotion,FSS_10km,15,area,R|extrapolation,-0.3004,-0.3700,-0.2396
openmesh,CP|extrapolation_Rmotion,FSS_10km,30,domain,R|extrapolation,-0.8454,-0.8583,-0.8283
openmesh,CP|extrapolation_Rmotion,FSS_10km,30,area,R|extrapolation,-0.6176,-0.7245,-0.5138
openmesh,CP|extrapolation_Rmotion,FSS_10km,60,domain,R|extrapolation,-0.7663,-0.7931,-0.7347
openmesh,CP|extrapolation_Rmotion,FSS_10km,60,area,R|extrapolation,-0.8049,-0.8586,-0.7403
openmesh,CP|extrapolation_Rmotion,MAE,15,domain,R|extrapolation,0.7592,0.5788,0.9499
openmesh,CP|extrapolation_Rmotion,MAE,15,area,R|extrapolation,0.7232,0.5385,0.9351
openmesh,CP|extrapolation_Rmotion,MAE,30,domain,R|extrapolation,0.5905,0.4296,0.7730
openmesh,CP|extrapolation_Rmotion,MAE,30,area,R|extrapolation,0.5982,0.4073,0.8166
openmesh,CP|extrapolation_Rmotion,MAE,60,domain,R|extrapolation,0.3785,0.2358,0.5465
openmesh,CP|extrapolation_Rmotion,MAE,60,area,R|extrapolation,0.3238,0.1382,0.5343
openmesh,CP|extrapolation_Rmotion,gauge next-hour RMSE,60,gauges,R|extrapolation,0.7060,0.4776,0.9475
openmesh,CP|sprog_Rmotion,CSI_1,15,domain,R|extrapolation,-0.7662,-0.7980,-0.7306
openmesh,CP|sprog_Rmotion,CSI_1,15,area,R|extrapolation,-0.3401,-0.3865,-0.2939
openmesh,CP|sprog_Rmotion,CSI_1,30,domain,R|extrapolation,-0.6874,-0.7315,-0.6398
openmesh,CP|sprog_Rmotion,CSI_1,30,area,R|extrapolation,-0.5294,-0.6049,-0.4480
openmesh,CP|sprog_Rmotion,CSI_1,60,domain,R|extrapolation,-0.5827,-0.6390,-0.5208
openmesh,CP|sprog_Rmotion,CSI_1,60,area,R|extrapolation,-0.5930,-0.6780,-0.5101
openmesh,CP|sprog_Rmotion,FSS_10km,15,domain,R|extrapolation,-0.8947,-0.9009,-0.8870
openmesh,CP|sprog_Rmotion,FSS_10km,15,area,R|extrapolation,-0.2438,-0.2956,-0.1987
openmesh,CP|sprog_Rmotion,FSS_10km,30,domain,R|extrapolation,-0.8465,-0.8595,-0.8299
openmesh,CP|sprog_Rmotion,FSS_10km,30,area,R|extrapolation,-0.5447,-0.6542,-0.4400
openmesh,CP|sprog_Rmotion,FSS_10km,60,domain,R|extrapolation,-0.7663,-0.7932,-0.7339
openmesh,CP|sprog_Rmotion,FSS_10km,60,area,R|extrapolation,-0.7883,-0.8430,-0.7189
openmesh,CP|sprog_Rmotion,MAE,15,domain,R|extrapolation,0.7648,0.5835,0.9565
openmesh,CP|sprog_Rmotion,MAE,15,area,R|extrapolation,0.9894,0.7060,1.3157
openmesh,CP|sprog_Rmotion,MAE,30,domain,R|extrapolation,0.5974,0.4346,0.7815
openmesh,CP|sprog_Rmotion,MAE,30,area,R|extrapolation,0.6661,0.4417,0.9313
openmesh,CP|sprog_Rmotion,MAE,60,domain,R|extrapolation,0.3849,0.2412,0.5540
openmesh,CP|sprog_Rmotion,MAE,60,area,R|extrapolation,0.3163,0.1340,0.5191
openmesh,CP|sprog_Rmotion,gauge next-hour RMSE,60,gauges,R|extrapolation,0.5029,0.2665,0.7733
openmesh,RC|persistence,CSI_1,15,domain,R|extrapolation,-0.1195,-0.1496,-0.0940
openmesh,RC|persistence,CSI_1,15,area,R|extrapolation,-0.2078,-0.2471,-0.1692
openmesh,RC|persistence,CSI_1,30,domain,R|extrapolation,-0.1225,-0.1531,-0.0978
openmesh,RC|persistence,CSI_1,30,area,R|extrapolation,-0.1735,-0.2136,-0.1335
openmesh,RC|persistence,CSI_1,60,domain,R|extrapolation,-0.1095,-0.1365,-0.0855
openmesh,RC|persistence,CSI_1,60,area,R|extrapolation,-0.1275,-0.1739,-0.0854
openmesh,RC|persistence,FSS_10km,15,domain,R|extrapolation,-0.0648,-0.0890,-0.0479
openmesh,RC|persistence,FSS_10km,15,area,R|extrapolation,-0.1317,-0.1718,-0.0993
openmesh,RC|persistence,FSS_10km,30,domain,R|extrapolation,-0.0868,-0.1202,-0.0642
openmesh,RC|persistence,FSS_10km,30,area,R|extrapolation,-0.1295,-0.1757,-0.0953
openmesh,RC|persistence,FSS_10km,60,domain,R|extrapolation,-0.0954,-0.1317,-0.0699
openmesh,RC|persistence,FSS_10km,60,area,R|extrapolation,-0.1154,-0.1630,-0.0787
openmesh,RC|persistence,MAE,15,domain,R|extrapolation,0.2952,0.2397,0.3487
openmesh,RC|persistence,MAE,15,area,R|extrapolation,0.6114,0.4908,0.7286
openmesh,RC|persistence,MAE,30,domain,R|extrapolation,0.2857,0.2356,0.3376
openmesh,RC|persistence,MAE,30,area,R|extrapolation,0.4860,0.3645,0.6073
openmesh,RC|persistence,MAE,60,domain,R|extrapolation,0.2376,0.1902,0.2901
openmesh,RC|persistence,MAE,60,area,R|extrapolation,0.3400,0.2123,0.4752
openmesh,RC|persistence,gauge next-hour RMSE,60,gauges,R|extrapolation,0.4955,0.2692,0.6593
openmesh,RC|extrapolation,CSI_1,15,domain,R|extrapolation,-0.0070,-0.0089,-0.0054
openmesh,RC|extrapolation,CSI_1,15,area,R|extrapolation,-0.1098,-0.1450,-0.0786
openmesh,RC|extrapolation,CSI_1,30,domain,R|extrapolation,-0.0069,-0.0092,-0.0048
openmesh,RC|extrapolation,CSI_1,30,area,R|extrapolation,-0.0393,-0.0629,-0.0222
openmesh,RC|extrapolation,CSI_1,60,domain,R|extrapolation,-0.0068,-0.0099,-0.0041
openmesh,RC|extrapolation,CSI_1,60,area,R|extrapolation,-0.0068,-0.0140,-0.0007
openmesh,RC|extrapolation,FSS_10km,15,domain,R|extrapolation,-0.0033,-0.0044,-0.0024
openmesh,RC|extrapolation,FSS_10km,15,area,R|extrapolation,-0.0652,-0.0896,-0.0460
openmesh,RC|extrapolation,FSS_10km,30,domain,R|extrapolation,-0.0036,-0.0053,-0.0024
openmesh,RC|extrapolation,FSS_10km,30,area,R|extrapolation,-0.0225,-0.0364,-0.0125
openmesh,RC|extrapolation,FSS_10km,60,domain,R|extrapolation,-0.0044,-0.0066,-0.0026
openmesh,RC|extrapolation,FSS_10km,60,area,R|extrapolation,-0.0031,-0.0095,0.0028
openmesh,RC|extrapolation,MAE,15,domain,R|extrapolation,0.0176,0.0138,0.0214
openmesh,RC|extrapolation,MAE,15,area,R|extrapolation,0.2553,0.1851,0.3247
openmesh,RC|extrapolation,MAE,30,domain,R|extrapolation,0.0169,0.0127,0.0214
openmesh,RC|extrapolation,MAE,30,area,R|extrapolation,0.0753,0.0417,0.1154
openmesh,RC|extrapolation,MAE,60,domain,R|extrapolation,0.0147,0.0100,0.0201
openmesh,RC|extrapolation,MAE,60,area,R|extrapolation,-0.0013,-0.0237,0.0183
openmesh,RC|extrapolation,gauge next-hour RMSE,60,gauges,R|extrapolation,-0.0430,-0.1042,0.0122
openmesh,RC|sprog,CSI_1,15,domain,R|extrapolation,-0.0027,-0.0058,0.0002
openmesh,RC|sprog,CSI_1,15,area,R|extrapolation,-0.1187,-0.1564,-0.0839
openmesh,RC|sprog,CSI_1,30,domain,R|extrapolation,0.0072,0.0017,0.0130
openmesh,RC|sprog,CSI_1,30,area,R|extrapolation,-0.0276,-0.0555,-0.0019
openmesh,RC|sprog,CSI_1,60,domain,R|extrapolation,0.0128,0.0049,0.0211
openmesh,RC|sprog,CSI_1,60,area,R|extrapolation,0.0202,0.0003,0.0379
openmesh,RC|sprog,FSS_10km,15,domain,R|extrapolation,-0.0111,-0.0134,-0.0093
openmesh,RC|sprog,FSS_10km,15,area,R|extrapolation,-0.0827,-0.1115,-0.0589
openmesh,RC|sprog,FSS_10km,30,domain,R|extrapolation,-0.0114,-0.0150,-0.0082
openmesh,RC|sprog,FSS_10km,30,area,R|extrapolation,-0.0325,-0.0537,-0.0153
openmesh,RC|sprog,FSS_10km,60,domain,R|extrapolation,-0.0113,-0.0172,-0.0055
openmesh,RC|sprog,FSS_10km,60,area,R|extrapolation,-0.0064,-0.0213,0.0049
openmesh,RC|sprog,MAE,15,domain,R|extrapolation,0.0334,0.0209,0.0494
openmesh,RC|sprog,MAE,15,area,R|extrapolation,0.2835,0.1760,0.4151
openmesh,RC|sprog,MAE,30,domain,R|extrapolation,0.0154,0.0033,0.0311
openmesh,RC|sprog,MAE,30,area,R|extrapolation,0.0555,-0.0382,0.1759
openmesh,RC|sprog,MAE,60,domain,R|extrapolation,-0.0005,-0.0135,0.0144
openmesh,RC|sprog,MAE,60,area,R|extrapolation,-0.0499,-0.1438,0.0814
openmesh,RC|sprog,gauge next-hour RMSE,60,gauges,R|extrapolation,0.1588,-0.1086,0.6054
openmesh,RC|extrapolation_Rmotion,CSI_1,15,domain,R|extrapolation,-0.0048,-0.0062,-0.0037
openmesh,RC|extrapolation_Rmotion,CSI_1,15,area,R|extrapolation,-0.0984,-0.1312,-0.0707
openmesh,RC|extrapolation_Rmotion,CSI_1,30,domain,R|extrapolation,-0.0033,-0.0046,-0.0020
openmesh,RC|extrapolation_Rmotion,CSI_1,30,area,R|extrapolation,-0.0251,-0.0424,-0.0118
openmesh,RC|extrapolation_Rmotion,CSI_1,60,domain,R|extrapolation,-0.0020,-0.0036,-0.0005
openmesh,RC|extrapolation_Rmotion,CSI_1,60,area,R|extrapolation,-0.0025,-0.0086,0.0009
openmesh,RC|extrapolation_Rmotion,FSS_10km,15,domain,R|extrapolation,-0.0024,-0.0032,-0.0018
openmesh,RC|extrapolation_Rmotion,FSS_10km,15,area,R|extrapolation,-0.0572,-0.0802,-0.0405
openmesh,RC|extrapolation_Rmotion,FSS_10km,30,domain,R|extrapolation,-0.0018,-0.0026,-0.0010
openmesh,RC|extrapolation_Rmotion,FSS_10km,30,area,R|extrapolation,-0.0132,-0.0243,-0.0058
openmesh,RC|extrapolation_Rmotion,FSS_10km,60,domain,R|extrapolation,-0.0011,-0.0021,-0.0001
openmesh,RC|extrapolation_Rmotion,FSS_10km,60,area,R|extrapolation,-0.0009,-0.0052,0.0014
openmesh,RC|extrapolation_Rmotion,MAE,15,domain,R|extrapolation,0.0122,0.0095,0.0149
openmesh,RC|extrapolation_Rmotion,MAE,15,area,R|extrapolation,0.2281,0.1644,0.2961
openmesh,RC|extrapolation_Rmotion,MAE,30,domain,R|extrapolation,0.0091,0.0069,0.0115
openmesh,RC|extrapolation_Rmotion,MAE,30,area,R|extrapolation,0.0550,0.0271,0.0871
openmesh,RC|extrapolation_Rmotion,MAE,60,domain,R|extrapolation,0.0071,0.0040,0.0104
openmesh,RC|extrapolation_Rmotion,MAE,60,area,R|extrapolation,-0.0017,-0.0063,0.0024
openmesh,RC|extrapolation_Rmotion,gauge next-hour RMSE,60,gauges,R|extrapolation,-0.0692,-0.1124,-0.0299
openmesh,RC|sprog_Rmotion,CSI_1,15,domain,R|extrapolation,-0.0019,-0.0048,0.0009
openmesh,RC|sprog_Rmotion,CSI_1,15,area,R|extrapolation,-0.1092,-0.1420,-0.0783
openmesh,RC|sprog_Rmotion,CSI_1,30,domain,R|extrapolation,0.0087,0.0034,0.0146
openmesh,RC|sprog_Rmotion,CSI_1,30,area,R|extrapolation,-0.0136,-0.0363,0.0063
openmesh,RC|sprog_Rmotion,CSI_1,60,domain,R|extrapolation,0.0156,0.0085,0.0236
openmesh,RC|sprog_Rmotion,CSI_1,60,area,R|extrapolation,0.0265,0.0089,0.0430
openmesh,RC|sprog_Rmotion,FSS_10km,15,domain,R|extrapolation,-0.0110,-0.0133,-0.0091
openmesh,RC|sprog_Rmotion,FSS_10km,15,area,R|extrapolation,-0.0758,-0.1023,-0.0542
openmesh,RC|sprog_Rmotion,FSS_10km,30,domain,R|extrapolation,-0.0108,-0.0144,-0.0075
openmesh,RC|sprog_Rmotion,FSS_10km,30,area,R|extrapolation,-0.0235,-0.0417,-0.0101
openmesh,RC|sprog_Rmotion,FSS_10km,60,domain,R|extrapolation,-0.0095,-0.0151,-0.0039
openmesh,RC|sprog_Rmotion,FSS_10km,60,area,R|extrapolation,-0.0024,-0.0169,0.0089
openmesh,RC|sprog_Rmotion,MAE,15,domain,R|extrapolation,0.0327,0.0202,0.0485
openmesh,RC|sprog_Rmotion,MAE,15,area,R|extrapolation,0.2626,0.1527,0.3989
openmesh,RC|sprog_Rmotion,MAE,30,domain,R|extrapolation,0.0150,0.0018,0.0322
openmesh,RC|sprog_Rmotion,MAE,30,area,R|extrapolation,0.0396,-0.0594,0.1643
openmesh,RC|sprog_Rmotion,MAE,60,domain,R|extrapolation,-0.0005,-0.0145,0.0148
openmesh,RC|sprog_Rmotion,MAE,60,area,R|extrapolation,-0.0525,-0.1481,0.0867
openmesh,RC|sprog_Rmotion,gauge next-hour RMSE,60,gauges,R|extrapolation,0.1246,-0.1340,0.5742
openmesh,RP|persistence,CSI_1,15,domain,R|extrapolation,-0.1211,-0.1515,-0.0963
openmesh,RP|persistence,CSI_1,15,area,R|extrapolation,-0.2251,-0.2627,-0.1907
openmesh,RP|persistence,CSI_1,30,domain,R|extrapolation,-0.1238,-0.1544,-0.0998
openmesh,RP|persistence,CSI_1,30,area,R|extrapolation,-0.1871,-0.2253,-0.1551
openmesh,RP|persistence,CSI_1,60,domain,R|extrapolation,-0.1113,-0.1386,-0.0872
openmesh,RP|persistence,CSI_1,60,area,R|extrapolation,-0.1534,-0.1960,-0.1163
openmesh,RP|persistence,FSS_10km,15,domain,R|extrapolation,-0.0656,-0.0893,-0.0486
openmesh,RP|persistence,FSS_10km,15,area,R|extrapolation,-0.1370,-0.1765,-0.1080
openmesh,RP|persistence,FSS_10km,30,domain,R|extrapolation,-0.0874,-0.1202,-0.0650
openmesh,RP|persistence,FSS_10km,30,area,R|extrapolation,-0.1329,-0.1761,-0.1015
openmesh,RP|persistence,FSS_10km,60,domain,R|extrapolation,-0.0966,-0.1328,-0.0713
openmesh,RP|persistence,FSS_10km,60,area,R|extrapolation,-0.1341,-0.1801,-0.0987
openmesh,RP|persistence,MAE,15,domain,R|extrapolation,0.3198,0.2640,0.3743
openmesh,RP|persistence,MAE,15,area,R|extrapolation,1.1064,0.7675,1.4844
openmesh,RP|persistence,MAE,30,domain,R|extrapolation,0.3141,0.2588,0.3713
openmesh,RP|persistence,MAE,30,area,R|extrapolation,1.0372,0.6806,1.4251
openmesh,RP|persistence,MAE,60,domain,R|extrapolation,0.2705,0.2180,0.3241
openmesh,RP|persistence,MAE,60,area,R|extrapolation,0.8941,0.5603,1.2749
openmesh,RP|persistence,gauge next-hour RMSE,60,gauges,R|extrapolation,0.9871,0.5426,1.5130
openmesh,RP|extrapolation,CSI_1,15,domain,R|extrapolation,-0.0100,-0.0115,-0.0087
openmesh,RP|extrapolation,CSI_1,15,area,R|extrapolation,-0.1330,-0.1605,-0.1089
openmesh,RP|extrapolation,CSI_1,30,domain,R|extrapolation,-0.0101,-0.0122,-0.0081
openmesh,RP|extrapolation,CSI_1,30,area,R|extrapolation,-0.0540,-0.0714,-0.0391
openmesh,RP|extrapolation,CSI_1,60,domain,R|extrapolation,-0.0109,-0.0145,-0.0074
openmesh,RP|extrapolation,CSI_1,60,area,R|extrapolation,-0.0090,-0.0211,0.0004
openmesh,RP|extrapolation,FSS_10km,15,domain,R|extrapolation,-0.0043,-0.0052,-0.0036
openmesh,RP|extrapolation,FSS_10km,15,area,R|extrapolation,-0.0727,-0.0966,-0.0560
openmesh,RP|extrapolation,FSS_10km,30,domain,R|extrapolation,-0.0050,-0.0061,-0.0039
openmesh,RP|extrapolation,FSS_10km,30,area,R|extrapolation,-0.0311,-0.0440,-0.0210
openmesh,RP|extrapolation,FSS_10km,60,domain,R|extrapolation,-0.0063,-0.0084,-0.0042
openmesh,RP|extrapolation,FSS_10km,60,area,R|extrapolation,-0.0049,-0.0147,0.0024
openmesh,RP|extrapolation,MAE,15,domain,R|extrapolation,0.0396,0.0258,0.0560
openmesh,RP|extrapolation,MAE,15,area,R|extrapolation,0.6821,0.4295,0.9859
openmesh,RP|extrapolation,MAE,30,domain,R|extrapolation,0.0394,0.0246,0.0570
openmesh,RP|extrapolation,MAE,30,area,R|extrapolation,0.2869,0.1296,0.4812
openmesh,RP|extrapolation,MAE,60,domain,R|extrapolation,0.0436,0.0256,0.0659
openmesh,RP|extrapolation,MAE,60,area,R|extrapolation,0.0703,0.0254,0.1309
openmesh,RP|extrapolation,gauge next-hour RMSE,60,gauges,R|extrapolation,-0.0694,-0.3098,0.1894
openmesh,RP|sprog,CSI_1,15,domain,R|extrapolation,-0.0086,-0.0116,-0.0056
openmesh,RP|sprog,CSI_1,15,area,R|extrapolation,-0.1259,-0.1590,-0.0980
openmesh,RP|sprog,CSI_1,30,domain,R|extrapolation,0.0013,-0.0042,0.0076
openmesh,RP|sprog,CSI_1,30,area,R|extrapolation,-0.0353,-0.0569,-0.0177
openmesh,RP|sprog,CSI_1,60,domain,R|extrapolation,0.0066,-0.0024,0.0168
openmesh,RP|sprog,CSI_1,60,area,R|extrapolation,0.0157,-0.0081,0.0368
openmesh,RP|sprog,FSS_10km,15,domain,R|extrapolation,-0.0140,-0.0164,-0.0118
openmesh,RP|sprog,FSS_10km,15,area,R|extrapolation,-0.0848,-0.1150,-0.0638
openmesh,RP|sprog,FSS_10km,30,domain,R|extrapolation,-0.0145,-0.0181,-0.0109
openmesh,RP|sprog,FSS_10km,30,area,R|extrapolation,-0.0387,-0.0581,-0.0252
openmesh,RP|sprog,FSS_10km,60,domain,R|extrapolation,-0.0148,-0.0208,-0.0084
openmesh,RP|sprog,FSS_10km,60,area,R|extrapolation,-0.0099,-0.0297,0.0058
openmesh,RP|sprog,MAE,15,domain,R|extrapolation,0.0601,0.0410,0.0819
openmesh,RP|sprog,MAE,15,area,R|extrapolation,0.6687,0.3951,1.0130
openmesh,RP|sprog,MAE,30,domain,R|extrapolation,0.0428,0.0235,0.0658
openmesh,RP|sprog,MAE,30,area,R|extrapolation,0.1876,0.0504,0.3670
openmesh,RP|sprog,MAE,60,domain,R|extrapolation,0.0314,0.0071,0.0583
openmesh,RP|sprog,MAE,60,area,R|extrapolation,-0.0023,-0.1039,0.1403
openmesh,RP|sprog,gauge next-hour RMSE,60,gauges,R|extrapolation,-0.0984,-0.3768,0.1821
openmesh,RP|extrapolation_Rmotion,CSI_1,15,domain,R|extrapolation,-0.0068,-0.0081,-0.0057
openmesh,RP|extrapolation_Rmotion,CSI_1,15,area,R|extrapolation,-0.1271,-0.1541,-0.1035
openmesh,RP|extrapolation_Rmotion,CSI_1,30,domain,R|extrapolation,-0.0051,-0.0062,-0.0041
openmesh,RP|extrapolation_Rmotion,CSI_1,30,area,R|extrapolation,-0.0475,-0.0635,-0.0330
openmesh,RP|extrapolation_Rmotion,CSI_1,60,domain,R|extrapolation,-0.0037,-0.0052,-0.0025
openmesh,RP|extrapolation_Rmotion,CSI_1,60,area,R|extrapolation,-0.0047,-0.0128,-0.0002
openmesh,RP|extrapolation_Rmotion,FSS_10km,15,domain,R|extrapolation,-0.0031,-0.0039,-0.0025
openmesh,RP|extrapolation_Rmotion,FSS_10km,15,area,R|extrapolation,-0.0687,-0.0927,-0.0521
openmesh,RP|extrapolation_Rmotion,FSS_10km,30,domain,R|extrapolation,-0.0025,-0.0032,-0.0019
openmesh,RP|extrapolation_Rmotion,FSS_10km,30,area,R|extrapolation,-0.0265,-0.0391,-0.0172
openmesh,RP|extrapolation_Rmotion,FSS_10km,60,domain,R|extrapolation,-0.0019,-0.0028,-0.0011
openmesh,RP|extrapolation_Rmotion,FSS_10km,60,area,R|extrapolation,-0.0023,-0.0089,0.0015
openmesh,RP|extrapolation_Rmotion,MAE,15,domain,R|extrapolation,0.0331,0.0209,0.0471
openmesh,RP|extrapolation_Rmotion,MAE,15,area,R|extrapolation,0.6236,0.3993,0.9005
openmesh,RP|extrapolation_Rmotion,MAE,30,domain,R|extrapolation,0.0308,0.0184,0.0448
openmesh,RP|extrapolation_Rmotion,MAE,30,area,R|extrapolation,0.2547,0.1253,0.4282
openmesh,RP|extrapolation_Rmotion,MAE,60,domain,R|extrapolation,0.0339,0.0191,0.0514
openmesh,RP|extrapolation_Rmotion,MAE,60,area,R|extrapolation,0.0242,0.0075,0.0476
openmesh,RP|extrapolation_Rmotion,gauge next-hour RMSE,60,gauges,R|extrapolation,-0.0204,-0.2971,0.2927
openmesh,RP|sprog_Rmotion,CSI_1,15,domain,R|extrapolation,-0.0061,-0.0091,-0.0033
openmesh,RP|sprog_Rmotion,CSI_1,15,area,R|extrapolation,-0.1229,-0.1562,-0.0952
openmesh,RP|sprog_Rmotion,CSI_1,30,domain,R|extrapolation,0.0055,0.0006,0.0111
openmesh,RP|sprog_Rmotion,CSI_1,30,area,R|extrapolation,-0.0300,-0.0504,-0.0137
openmesh,RP|sprog_Rmotion,CSI_1,60,domain,R|extrapolation,0.0134,0.0060,0.0219
openmesh,RP|sprog_Rmotion,CSI_1,60,area,R|extrapolation,0.0193,-0.0013,0.0361
openmesh,RP|sprog_Rmotion,FSS_10km,15,domain,R|extrapolation,-0.0131,-0.0156,-0.0109
openmesh,RP|sprog_Rmotion,FSS_10km,15,area,R|extrapolation,-0.0825,-0.1126,-0.0618
openmesh,RP|sprog_Rmotion,FSS_10km,30,domain,R|extrapolation,-0.0126,-0.0163,-0.0090
openmesh,RP|sprog_Rmotion,FSS_10km,30,area,R|extrapolation,-0.0348,-0.0530,-0.0219
openmesh,RP|sprog_Rmotion,FSS_10km,60,domain,R|extrapolation,-0.0108,-0.0167,-0.0049
openmesh,RP|sprog_Rmotion,FSS_10km,60,area,R|extrapolation,-0.0080,-0.0265,0.0062
openmesh,RP|sprog_Rmotion,MAE,15,domain,R|extrapolation,0.0570,0.0400,0.0776
openmesh,RP|sprog_Rmotion,MAE,15,area,R|extrapolation,0.6094,0.3636,0.9176
openmesh,RP|sprog_Rmotion,MAE,30,domain,R|extrapolation,0.0382,0.0211,0.0579
openmesh,RP|sprog_Rmotion,MAE,30,area,R|extrapolation,0.1593,0.0423,0.3063
openmesh,RP|sprog_Rmotion,MAE,60,domain,R|extrapolation,0.0253,0.0042,0.0502
openmesh,RP|sprog_Rmotion,MAE,60,area,R|extrapolation,-0.0175,-0.1148,0.1233
openmesh,RP|sprog_Rmotion,gauge next-hour RMSE,60,gauges,R|extrapolation,-0.1041,-0.3897,0.1799
openmesh,RCP|persistence,CSI_1,15,domain,R|extrapolation,-0.1207,-0.1511,-0.0958
openmesh,RCP|persistence,CSI_1,15,area,R|extrapolation,-0.2136,-0.2498,-0.1790
openmesh,RCP|persistence,CSI_1,30,domain,R|extrapolation,-0.1233,-0.1542,-0.0992
openmesh,RCP|persistence,CSI_1,30,area,R|extrapolation,-0.1754,-0.2133,-0.1410
openmesh,RCP|persistence,CSI_1,60,domain,R|extrapolation,-0.1107,-0.1379,-0.0866
openmesh,RCP|persistence,CSI_1,60,area,R|extrapolation,-0.1409,-0.1827,-0.1018
openmesh,RCP|persistence,FSS_10km,15,domain,R|extrapolation,-0.0653,-0.0890,-0.0484
openmesh,RCP|persistence,FSS_10km,15,area,R|extrapolation,-0.1297,-0.1683,-0.1012
openmesh,RCP|persistence,FSS_10km,30,domain,R|extrapolation,-0.0871,-0.1200,-0.0646
openmesh,RCP|persistence,FSS_10km,30,area,R|extrapolation,-0.1247,-0.1654,-0.0937
openmesh,RCP|persistence,FSS_10km,60,domain,R|extrapolation,-0.0962,-0.1323,-0.0708
openmesh,RCP|persistence,FSS_10km,60,area,R|extrapolation,-0.1227,-0.1663,-0.0878
openmesh,RCP|persistence,MAE,15,domain,R|extrapolation,0.3138,0.2592,0.3688
openmesh,RCP|persistence,MAE,15,area,R|extrapolation,0.9328,0.6805,1.2100
openmesh,RCP|persistence,MAE,30,domain,R|extrapolation,0.3073,0.2551,0.3616
openmesh,RCP|persistence,MAE,30,area,R|extrapolation,0.8516,0.5807,1.1350
openmesh,RCP|persistence,MAE,60,domain,R|extrapolation,0.2627,0.2113,0.3142
openmesh,RCP|persistence,MAE,60,area,R|extrapolation,0.7133,0.4648,0.9851
openmesh,RCP|persistence,gauge next-hour RMSE,60,gauges,R|extrapolation,0.6890,0.3366,1.1263
openmesh,RCP|extrapolation,CSI_1,15,domain,R|extrapolation,-0.0095,-0.0109,-0.0083
openmesh,RCP|extrapolation,CSI_1,15,area,R|extrapolation,-0.1254,-0.1545,-0.1018
openmesh,RCP|extrapolation,CSI_1,30,domain,R|extrapolation,-0.0095,-0.0114,-0.0075
openmesh,RCP|extrapolation,CSI_1,30,area,R|extrapolation,-0.0495,-0.0672,-0.0341
openmesh,RCP|extrapolation,CSI_1,60,domain,R|extrapolation,-0.0095,-0.0124,-0.0065
openmesh,RCP|extrapolation,CSI_1,60,area,R|extrapolation,-0.0088,-0.0198,-0.0014
openmesh,RCP|extrapolation,FSS_10km,15,domain,R|extrapolation,-0.0042,-0.0050,-0.0034
openmesh,RCP|extrapolation,FSS_10km,15,area,R|extrapolation,-0.0680,-0.0933,-0.0519
openmesh,RCP|extrapolation,FSS_10km,30,domain,R|extrapolation,-0.0046,-0.0059,-0.0035
openmesh,RCP|extrapolation,FSS_10km,30,area,R|extrapolation,-0.0275,-0.0413,-0.0169
openmesh,RCP|extrapolation,FSS_10km,60,domain,R|extrapolation,-0.0053,-0.0073,-0.0034
openmesh,RCP|extrapolation,FSS_10km,60,area,R|extrapolation,-0.0040,-0.0124,0.0020
openmesh,RCP|extrapolation,MAE,15,domain,R|extrapolation,0.0339,0.0234,0.0466
openmesh,RCP|extrapolation,MAE,15,area,R|extrapolation,0.5565,0.3614,0.7854
openmesh,RCP|extrapolation,MAE,30,domain,R|extrapolation,0.0330,0.0218,0.0462
openmesh,RCP|extrapolation,MAE,30,area,R|extrapolation,0.2328,0.1120,0.3895
openmesh,RCP|extrapolation,MAE,60,domain,R|extrapolation,0.0351,0.0214,0.0518
openmesh,RCP|extrapolation,MAE,60,area,R|extrapolation,0.0570,0.0168,0.1074
openmesh,RCP|extrapolation,gauge next-hour RMSE,60,gauges,R|extrapolation,-0.1283,-0.3137,0.0602
openmesh,RCP|sprog,CSI_1,15,domain,R|extrapolation,-0.0072,-0.0102,-0.0042
openmesh,RCP|sprog,CSI_1,15,area,R|extrapolation,-0.1234,-0.1589,-0.0944
openmesh,RCP|sprog,CSI_1,30,domain,R|extrapolation,0.0026,-0.0030,0.0092
openmesh,RCP|sprog,CSI_1,30,area,R|extrapolation,-0.0332,-0.0573,-0.0128
openmesh,RCP|sprog,CSI_1,60,domain,R|extrapolation,0.0086,-0.0002,0.0183
openmesh,RCP|sprog,CSI_1,60,area,R|extrapolation,0.0171,-0.0045,0.0354
openmesh,RCP|sprog,FSS_10km,15,domain,R|extrapolation,-0.0133,-0.0157,-0.0112
openmesh,RCP|sprog,FSS_10km,15,area,R|extrapolation,-0.0839,-0.1153,-0.0624
openmesh,RCP|sprog,FSS_10km,30,domain,R|extrapolation,-0.0139,-0.0177,-0.0104
openmesh,RCP|sprog,FSS_10km,30,area,R|extrapolation,-0.0375,-0.0577,-0.0228
openmesh,RCP|sprog,FSS_10km,60,domain,R|extrapolation,-0.0136,-0.0200,-0.0074
openmesh,RCP|sprog,FSS_10km,60,area,R|extrapolation,-0.0088,-0.0263,0.0047
openmesh,RCP|sprog,MAE,15,domain,R|extrapolation,0.0536,0.0370,0.0730
openmesh,RCP|sprog,MAE,15,area,R|extrapolation,0.5557,0.3343,0.8331
openmesh,RCP|sprog,MAE,30,domain,R|extrapolation,0.0359,0.0194,0.0561
openmesh,RCP|sprog,MAE,30,area,R|extrapolation,0.1515,0.0365,0.2933
openmesh,RCP|sprog,MAE,60,domain,R|extrapolation,0.0247,0.0033,0.0484
openmesh,RCP|sprog,MAE,60,area,R|extrapolation,-0.0074,-0.1098,0.1416
openmesh,RCP|sprog,gauge next-hour RMSE,60,gauges,R|extrapolation,-0.1152,-0.3843,0.1617
openmesh,RCP|extrapolation_Rmotion,CSI_1,15,domain,R|extrapolation,-0.0064,-0.0077,-0.0052
openmesh,RCP|extrapolation_Rmotion,CSI_1,15,area,R|extrapolation,-0.1191,-0.1476,-0.0959
openmesh,RCP|extrapolation_Rmotion,CSI_1,30,domain,R|extrapolation,-0.0046,-0.0057,-0.0036
openmesh,RCP|extrapolation_Rmotion,CSI_1,30,area,R|extrapolation,-0.0429,-0.0589,-0.0299
openmesh,RCP|extrapolation_Rmotion,CSI_1,60,domain,R|extrapolation,-0.0031,-0.0045,-0.0017
openmesh,RCP|extrapolation_Rmotion,CSI_1,60,area,R|extrapolation,-0.0046,-0.0123,-0.0005
openmesh,RCP|extrapolation_Rmotion,FSS_10km,15,domain,R|extrapolation,-0.0029,-0.0037,-0.0023
openmesh,RCP|extrapolation_Rmotion,FSS_10km,15,area,R|extrapolation,-0.0636,-0.0888,-0.0476
openmesh,RCP|extrapolation_Rmotion,FSS_10km,30,domain,R|extrapolation,-0.0022,-0.0029,-0.0016
openmesh,RCP|extrapolation_Rmotion,FSS_10km,30,area,R|extrapolation,-0.0231,-0.0355,-0.0143
openmesh,RCP|extrapolation_Rmotion,FSS_10km,60,domain,R|extrapolation,-0.0015,-0.0023,-0.0006
openmesh,RCP|extrapolation_Rmotion,FSS_10km,60,area,R|extrapolation,-0.0022,-0.0083,0.0010
openmesh,RCP|extrapolation_Rmotion,MAE,15,domain,R|extrapolation,0.0275,0.0181,0.0380
openmesh,RCP|extrapolation_Rmotion,MAE,15,area,R|extrapolation,0.5158,0.3361,0.7284
openmesh,RCP|extrapolation_Rmotion,MAE,30,domain,R|extrapolation,0.0245,0.0151,0.0352
openmesh,RCP|extrapolation_Rmotion,MAE,30,area,R|extrapolation,0.2071,0.1060,0.3449
openmesh,RCP|extrapolation_Rmotion,MAE,60,domain,R|extrapolation,0.0263,0.0151,0.0391
openmesh,RCP|extrapolation_Rmotion,MAE,60,area,R|extrapolation,0.0194,0.0051,0.0390
openmesh,RCP|extrapolation_Rmotion,gauge next-hour RMSE,60,gauges,R|extrapolation,-0.0928,-0.2926,0.1334
openmesh,RCP|sprog_Rmotion,CSI_1,15,domain,R|extrapolation,-0.0051,-0.0082,-0.0023
openmesh,RCP|sprog_Rmotion,CSI_1,15,area,R|extrapolation,-0.1191,-0.1537,-0.0904
openmesh,RCP|sprog_Rmotion,CSI_1,30,domain,R|extrapolation,0.0064,0.0012,0.0124
openmesh,RCP|sprog_Rmotion,CSI_1,30,area,R|extrapolation,-0.0260,-0.0489,-0.0067
openmesh,RCP|sprog_Rmotion,CSI_1,60,domain,R|extrapolation,0.0143,0.0070,0.0229
openmesh,RCP|sprog_Rmotion,CSI_1,60,area,R|extrapolation,0.0195,-0.0005,0.0363
openmesh,RCP|sprog_Rmotion,FSS_10km,15,domain,R|extrapolation,-0.0126,-0.0152,-0.0105
openmesh,RCP|sprog_Rmotion,FSS_10km,15,area,R|extrapolation,-0.0808,-0.1117,-0.0600
openmesh,RCP|sprog_Rmotion,FSS_10km,30,domain,R|extrapolation,-0.0121,-0.0158,-0.0085
openmesh,RCP|sprog_Rmotion,FSS_10km,30,area,R|extrapolation,-0.0330,-0.0524,-0.0187
openmesh,RCP|sprog_Rmotion,FSS_10km,60,domain,R|extrapolation,-0.0102,-0.0161,-0.0043
openmesh,RCP|sprog_Rmotion,FSS_10km,60,area,R|extrapolation,-0.0078,-0.0251,0.0054
openmesh,RCP|sprog_Rmotion,MAE,15,domain,R|extrapolation,0.0509,0.0356,0.0694
openmesh,RCP|sprog_Rmotion,MAE,15,area,R|extrapolation,0.5188,0.3178,0.7758
openmesh,RCP|sprog_Rmotion,MAE,30,domain,R|extrapolation,0.0317,0.0170,0.0495
openmesh,RCP|sprog_Rmotion,MAE,30,area,R|extrapolation,0.1317,0.0233,0.2564
openmesh,RCP|sprog_Rmotion,MAE,60,domain,R|extrapolation,0.0184,-0.0002,0.0401
openmesh,RCP|sprog_Rmotion,MAE,60,area,R|extrapolation,-0.0224,-0.1188,0.1134
openmesh,RCP|sprog_Rmotion,gauge next-hour RMSE,60,gauges,R|extrapolation,-0.1212,-0.3760,0.1670
openmesh,R|steps_mean,CSI_1,15,domain,R|extrapolation,-0.0117,-0.0172,-0.0068
openmesh,R|steps_mean,CSI_1,15,area,R|extrapolation,-0.0135,-0.0234,-0.0045
openmesh,R|steps_mean,CSI_1,30,domain,R|extrapolation,0.0080,-0.0009,0.0160
openmesh,R|steps_mean,CSI_1,30,area,R|extrapolation,0.0125,-0.0085,0.0308
openmesh,R|steps_mean,CSI_1,60,domain,R|extrapolation,0.0292,0.0151,0.0415
openmesh,R|steps_mean,CSI_1,60,area,R|extrapolation,0.0356,0.0115,0.0574
openmesh,R|steps_mean,FSS_10km,15,domain,R|extrapolation,-0.0169,-0.0200,-0.0141
openmesh,R|steps_mean,FSS_10km,15,area,R|extrapolation,-0.0145,-0.0211,-0.0087
openmesh,R|steps_mean,FSS_10km,30,domain,R|extrapolation,-0.0102,-0.0154,-0.0056
openmesh,R|steps_mean,FSS_10km,30,area,R|extrapolation,-0.0043,-0.0170,0.0078
openmesh,R|steps_mean,FSS_10km,60,domain,R|extrapolation,0.0048,-0.0048,0.0136
openmesh,R|steps_mean,FSS_10km,60,area,R|extrapolation,0.0083,-0.0097,0.0257
openmesh,R|steps_mean,MAE,15,domain,R|extrapolation,0.0463,0.0276,0.0691
openmesh,R|steps_mean,MAE,15,area,R|extrapolation,0.0221,0.0026,0.0431
openmesh,R|steps_mean,MAE,30,domain,R|extrapolation,-0.0069,-0.0219,0.0113
openmesh,R|steps_mean,MAE,30,area,R|extrapolation,-0.0765,-0.1305,-0.0287
openmesh,R|steps_mean,MAE,60,domain,R|extrapolation,-0.0757,-0.1048,-0.0485
openmesh,R|steps_mean,MAE,60,area,R|extrapolation,-0.1866,-0.2766,-0.1025
openmesh,R|steps_mean,gauge next-hour RMSE,60,gauges,R|extrapolation,0.0486,-0.0668,0.1500
openmesh,RCP|steps_mean,CSI_1,15,domain,R|extrapolation,-0.0216,-0.0271,-0.0166
openmesh,RCP|steps_mean,CSI_1,15,area,R|extrapolation,-0.1164,-0.1475,-0.0913
openmesh,RCP|steps_mean,CSI_1,30,domain,R|extrapolation,0.0000,-0.0091,0.0078
openmesh,RCP|steps_mean,CSI_1,30,area,R|extrapolation,-0.0274,-0.0541,-0.0014
openmesh,RCP|steps_mean,CSI_1,60,domain,R|extrapolation,0.0222,0.0079,0.0344
openmesh,RCP|steps_mean,CSI_1,60,area,R|extrapolation,0.0261,0.0011,0.0483
openmesh,RCP|steps_mean,FSS_10km,15,domain,R|extrapolation,-0.0219,-0.0253,-0.0186
openmesh,RCP|steps_mean,FSS_10km,15,area,R|extrapolation,-0.0781,-0.1057,-0.0578
openmesh,RCP|steps_mean,FSS_10km,30,domain,R|extrapolation,-0.0145,-0.0198,-0.0099
openmesh,RCP|steps_mean,FSS_10km,30,area,R|extrapolation,-0.0311,-0.0503,-0.0132
openmesh,RCP|steps_mean,FSS_10km,60,domain,R|extrapolation,0.0008,-0.0091,0.0095
openmesh,RCP|steps_mean,FSS_10km,60,area,R|extrapolation,0.0023,-0.0167,0.0196
openmesh,RCP|steps_mean,MAE,15,domain,R|extrapolation,0.0677,0.0470,0.0911
openmesh,RCP|steps_mean,MAE,15,area,R|extrapolation,0.2916,0.2046,0.3862
openmesh,RCP|steps_mean,MAE,30,domain,R|extrapolation,0.0102,-0.0058,0.0289
openmesh,RCP|steps_mean,MAE,30,area,R|extrapolation,0.0215,-0.0515,0.0948
openmesh,RCP|steps_mean,MAE,60,domain,R|extrapolation,-0.0638,-0.0911,-0.0377
openmesh,RCP|steps_mean,MAE,60,area,R|extrapolation,-0.1700,-0.2612,-0.0822
openmesh,RCP|steps_mean,gauge next-hour RMSE,60,gauges,R|extrapolation,-0.1379,-0.2790,0.0323
openmesh,CP|steps_mean,CSI_1,15,domain,R|extrapolation,-0.7643,-0.7953,-0.7285
openmesh,CP|steps_mean,CSI_1,15,area,R|extrapolation,-0.3286,-0.3730,-0.2848
openmesh,CP|steps_mean,CSI_1,30,domain,R|extrapolation,-0.6815,-0.7234,-0.6342
openmesh,CP|steps_mean,CSI_1,30,area,R|extrapolation,-0.5115,-0.5867,-0.4304
openmesh,CP|steps_mean,CSI_1,60,domain,R|extrapolation,-0.5706,-0.6244,-0.5118
openmesh,CP|steps_mean,CSI_1,60,area,R|extrapolation,-0.5870,-0.6695,-0.5074
openmesh,CP|steps_mean,FSS_10km,15,domain,R|extrapolation,-0.8907,-0.8967,-0.8833
openmesh,CP|steps_mean,FSS_10km,15,area,R|extrapolation,-0.2327,-0.2824,-0.1902
openmesh,CP|steps_mean,FSS_10km,30,domain,R|extrapolation,-0.8344,-0.8472,-0.8192
openmesh,CP|steps_mean,FSS_10km,30,area,R|extrapolation,-0.5169,-0.6233,-0.4181
openmesh,CP|steps_mean,FSS_10km,60,domain,R|extrapolation,-0.7411,-0.7663,-0.7109
openmesh,CP|steps_mean,FSS_10km,60,area,R|extrapolation,-0.7768,-0.8302,-0.7083
openmesh,CP|steps_mean,MAE,15,domain,R|extrapolation,0.7602,0.5794,0.9507
openmesh,CP|steps_mean,MAE,15,area,R|extrapolation,0.8793,0.6306,1.1743
openmesh,CP|steps_mean,MAE,30,domain,R|extrapolation,0.5848,0.4252,0.7657
openmesh,CP|steps_mean,MAE,30,area,R|extrapolation,0.5928,0.3952,0.8174
openmesh,CP|steps_mean,MAE,60,domain,R|extrapolation,0.3548,0.2168,0.5137
openmesh,CP|steps_mean,MAE,60,area,R|extrapolation,0.3040,0.1237,0.5047
openmesh,CP|steps_mean,gauge next-hour RMSE,60,gauges,R|extrapolation,0.5032,0.2562,0.7782
openmesh,learned|in-R>tgt-R,CSI_1,15,domain,R|extrapolation,-0.0526,-0.0750,-0.0344
openmesh,learned|in-R>tgt-R,CSI_1,15,area,R|extrapolation,-0.0574,-0.0827,-0.0369
openmesh,learned|in-R>tgt-R,CSI_1,30,domain,R|extrapolation,-0.0455,-0.0721,-0.0231
openmesh,learned|in-R>tgt-R,CSI_1,30,area,R|extrapolation,-0.0474,-0.0822,-0.0175
openmesh,learned|in-R>tgt-R,CSI_1,60,domain,R|extrapolation,-0.0699,-0.1005,-0.0403
openmesh,learned|in-R>tgt-R,CSI_1,60,area,R|extrapolation,-0.0668,-0.1131,-0.0285
openmesh,learned|in-R>tgt-R,FSS_10km,15,domain,R|extrapolation,-0.0436,-0.0621,-0.0300
openmesh,learned|in-R>tgt-R,FSS_10km,15,area,R|extrapolation,-0.0427,-0.0637,-0.0274
openmesh,learned|in-R>tgt-R,FSS_10km,30,domain,R|extrapolation,-0.0544,-0.0816,-0.0338
openmesh,learned|in-R>tgt-R,FSS_10km,30,area,R|extrapolation,-0.0529,-0.0876,-0.0271
openmesh,learned|in-R>tgt-R,FSS_10km,60,domain,R|extrapolation,-0.0803,-0.1167,-0.0519
openmesh,learned|in-R>tgt-R,FSS_10km,60,area,R|extrapolation,-0.0777,-0.1250,-0.0426
openmesh,learned|in-R>tgt-R,MAE,15,domain,R|extrapolation,0.1396,0.1110,0.1707
openmesh,learned|in-R>tgt-R,MAE,15,area,R|extrapolation,0.1697,0.1214,0.2252
openmesh,learned|in-R>tgt-R,MAE,30,domain,R|extrapolation,0.1370,0.1000,0.1812
openmesh,learned|in-R>tgt-R,MAE,30,area,R|extrapolation,0.1227,0.0151,0.2233
openmesh,learned|in-R>tgt-R,MAE,60,domain,R|extrapolation,0.1428,0.0851,0.2082
openmesh,learned|in-R>tgt-R,MAE,60,area,R|extrapolation,0.0910,-0.0505,0.2294
openmesh,learned|in-R>tgt-R,gauge next-hour RMSE,60,gauges,R|extrapolation,0.4464,0.2471,0.6296
openmesh,learned|in-C>tgt-R,CSI_1,15,domain,R|extrapolation,-0.5202,-0.5435,-0.4997
openmesh,learned|in-C>tgt-R,CSI_1,15,area,R|extrapolation,-0.2391,-0.3373,-0.1710
openmesh,learned|in-C>tgt-R,CSI_1,30,domain,R|extrapolation,-0.4307,-0.4592,-0.4057
openmesh,learned|in-C>tgt-R,CSI_1,30,area,R|extrapolation,-0.1923,-0.2842,-0.1259
openmesh,learned|in-C>tgt-R,CSI_1,60,domain,R|extrapolation,-0.3349,-0.3702,-0.3018
openmesh,learned|in-C>tgt-R,CSI_1,60,area,R|extrapolation,-0.1577,-0.2546,-0.0904
openmesh,learned|in-C>tgt-R,FSS_10km,15,domain,R|extrapolation,-0.3964,-0.4426,-0.3610
openmesh,learned|in-C>tgt-R,FSS_10km,15,area,R|extrapolation,-0.1806,-0.2692,-0.1225
openmesh,learned|in-C>tgt-R,FSS_10km,30,domain,R|extrapolation,-0.3398,-0.3869,-0.3029
openmesh,learned|in-C>tgt-R,FSS_10km,30,area,R|extrapolation,-0.1664,-0.2529,-0.1042
openmesh,learned|in-C>tgt-R,FSS_10km,60,domain,R|extrapolation,-0.2719,-0.3138,-0.2379
openmesh,learned|in-C>tgt-R,FSS_10km,60,area,R|extrapolation,-0.1632,-0.2600,-0.0995
openmesh,learned|in-C>tgt-R,MAE,15,domain,R|extrapolation,1.0040,0.9080,1.1005
openmesh,learned|in-C>tgt-R,MAE,15,area,R|extrapolation,1.1463,0.8711,1.4461
openmesh,learned|in-C>tgt-R,MAE,30,domain,R|extrapolation,0.8422,0.7859,0.9034
openmesh,learned|in-C>tgt-R,MAE,30,area,R|extrapolation,0.5402,0.3927,0.6881
openmesh,learned|in-C>tgt-R,MAE,60,domain,R|extrapolation,0.6767,0.6203,0.7384
openmesh,learned|in-C>tgt-R,MAE,60,area,R|extrapolation,0.4866,0.3067,0.6842
openmesh,learned|in-C>tgt-R,gauge next-hour RMSE,60,gauges,R|extrapolation,0.9611,0.4007,1.6176
openmesh,learned|in-P>tgt-R,CSI_1,15,domain,R|extrapolation,-0.4694,-0.4929,-0.4466
openmesh,learned|in-P>tgt-R,CSI_1,15,area,R|extrapolation,-0.1981,-0.2409,-0.1589
openmesh,learned|in-P>tgt-R,CSI_1,30,domain,R|extrapolation,-0.3894,-0.4124,-0.3673
openmesh,learned|in-P>tgt-R,CSI_1,30,area,R|extrapolation,-0.1730,-0.2127,-0.1381
openmesh,learned|in-P>tgt-R,CSI_1,60,domain,R|extrapolation,-0.3039,-0.3308,-0.2784
openmesh,learned|in-P>tgt-R,CSI_1,60,area,R|extrapolation,-0.1688,-0.2188,-0.1276
openmesh,learned|in-P>tgt-R,FSS_10km,15,domain,R|extrapolation,-0.3579,-0.4110,-0.3141
openmesh,learned|in-P>tgt-R,FSS_10km,15,area,R|extrapolation,-0.1453,-0.1929,-0.1096
openmesh,learned|in-P>tgt-R,FSS_10km,30,domain,R|extrapolation,-0.3118,-0.3585,-0.2730
openmesh,learned|in-P>tgt-R,FSS_10km,30,area,R|extrapolation,-0.1462,-0.1947,-0.1087
openmesh,learned|in-P>tgt-R,FSS_10km,60,domain,R|extrapolation,-0.2700,-0.3068,-0.2364
openmesh,learned|in-P>tgt-R,FSS_10km,60,area,R|extrapolation,-0.1536,-0.2095,-0.1124
openmesh,learned|in-P>tgt-R,MAE,15,domain,R|extrapolation,1.0246,0.9341,1.1209
openmesh,learned|in-P>tgt-R,MAE,15,area,R|extrapolation,1.8320,1.3297,2.3822
openmesh,learned|in-P>tgt-R,MAE,30,domain,R|extrapolation,0.8480,0.7935,0.9096
openmesh,learned|in-P>tgt-R,MAE,30,area,R|extrapolation,0.3598,0.2540,0.4689
openmesh,learned|in-P>tgt-R,MAE,60,domain,R|extrapolation,0.6670,0.6188,0.7139
openmesh,learned|in-P>tgt-R,MAE,60,area,R|extrapolation,0.6828,0.5304,0.8374
openmesh,learned|in-P>tgt-R,gauge next-hour RMSE,60,gauges,R|extrapolation,0.5150,-0.0022,1.1141
openmesh,learned|in-CP>tgt-R,CSI_1,15,domain,R|extrapolation,-0.4734,-0.4978,-0.4498
openmesh,learned|in-CP>tgt-R,CSI_1,15,area,R|extrapolation,-0.2230,-0.2627,-0.1854
openmesh,learned|in-CP>tgt-R,CSI_1,30,domain,R|extrapolation,-0.4057,-0.4274,-0.3844
openmesh,learned|in-CP>tgt-R,CSI_1,30,area,R|extrapolation,-0.1783,-0.2138,-0.1429
openmesh,learned|in-CP>tgt-R,CSI_1,60,domain,R|extrapolation,-0.3263,-0.3540,-0.3003
openmesh,learned|in-CP>tgt-R,CSI_1,60,area,R|extrapolation,-0.1419,-0.1866,-0.1028
openmesh,learned|in-CP>tgt-R,FSS_10km,15,domain,R|extrapolation,-0.3487,-0.3990,-0.3069
openmesh,learned|in-CP>tgt-R,FSS_10km,15,area,R|extrapolation,-0.1735,-0.2202,-0.1365
openmesh,learned|in-CP>tgt-R,FSS_10km,30,domain,R|extrapolation,-0.2967,-0.3370,-0.2632
openmesh,learned|in-CP>tgt-R,FSS_10km,30,area,R|extrapolation,-0.1625,-0.2077,-0.1257
openmesh,learned|in-CP>tgt-R,FSS_10km,60,domain,R|extrapolation,-0.2402,-0.2669,-0.2164
openmesh,learned|in-CP>tgt-R,FSS_10km,60,area,R|extrapolation,-0.1549,-0.2087,-0.1135
openmesh,learned|in-CP>tgt-R,MAE,15,domain,R|extrapolation,0.9421,0.8592,1.0311
openmesh,learned|in-CP>tgt-R,MAE,15,area,R|extrapolation,1.6344,1.2682,2.0742
openmesh,learned|in-CP>tgt-R,MAE,30,domain,R|extrapolation,0.7915,0.7220,0.8698
openmesh,learned|in-CP>tgt-R,MAE,30,area,R|extrapolation,1.4083,0.9669,2.0124
openmesh,learned|in-CP>tgt-R,MAE,60,domain,R|extrapolation,0.6033,0.5479,0.6653
openmesh,learned|in-CP>tgt-R,MAE,60,area,R|extrapolation,0.9412,0.7210,1.1884
openmesh,learned|in-CP>tgt-R,gauge next-hour RMSE,60,gauges,R|extrapolation,5.0167,0.7859,9.1018
openmesh,learned|in-RC>tgt-R,CSI_1,15,domain,R|extrapolation,-0.0748,-0.0996,-0.0539
openmesh,learned|in-RC>tgt-R,CSI_1,15,area,R|extrapolation,-0.0982,-0.1270,-0.0728
openmesh,learned|in-RC>tgt-R,CSI_1,30,domain,R|extrapolation,-0.0548,-0.0822,-0.0325
openmesh,learned|in-RC>tgt-R,CSI_1,30,area,R|extrapolation,-0.0605,-0.0872,-0.0358
openmesh,learned|in-RC>tgt-R,CSI_1,60,domain,R|extrapolation,-0.0655,-0.0938,-0.0376
openmesh,learned|in-RC>tgt-R,CSI_1,60,area,R|extrapolation,-0.0592,-0.0991,-0.0274
openmesh,learned|in-RC>tgt-R,FSS_10km,15,domain,R|extrapolation,-0.0580,-0.0799,-0.0408
openmesh,learned|in-RC>tgt-R,FSS_10km,15,area,R|extrapolation,-0.0631,-0.0877,-0.0444
openmesh,learned|in-RC>tgt-R,FSS_10km,30,domain,R|extrapolation,-0.0621,-0.0901,-0.0419
openmesh,learned|in-RC>tgt-R,FSS_10km,30,area,R|extrapolation,-0.0582,-0.0836,-0.0361
openmesh,learned|in-RC>tgt-R,FSS_10km,60,domain,R|extrapolation,-0.0778,-0.1128,-0.0506
openmesh,learned|in-RC>tgt-R,FSS_10km,60,area,R|extrapolation,-0.0679,-0.1075,-0.0394
openmesh,learned|in-RC>tgt-R,MAE,15,domain,R|extrapolation,0.1670,0.1375,0.1995
openmesh,learned|in-RC>tgt-R,MAE,15,area,R|extrapolation,0.2815,0.2147,0.3569
openmesh,learned|in-RC>tgt-R,MAE,30,domain,R|extrapolation,0.1368,0.0977,0.1829
openmesh,learned|in-RC>tgt-R,MAE,30,area,R|extrapolation,0.1543,0.0640,0.2454
openmesh,learned|in-RC>tgt-R,MAE,60,domain,R|extrapolation,0.1188,0.0626,0.1805
openmesh,learned|in-RC>tgt-R,MAE,60,area,R|extrapolation,0.0316,-0.0797,0.1382
openmesh,learned|in-RC>tgt-R,gauge next-hour RMSE,60,gauges,R|extrapolation,0.5625,0.3042,0.7845
openmesh,learned|in-RP>tgt-R,CSI_1,15,domain,R|extrapolation,-0.0546,-0.0781,-0.0357
openmesh,learned|in-RP>tgt-R,CSI_1,15,area,R|extrapolation,-0.0730,-0.0979,-0.0508
openmesh,learned|in-RP>tgt-R,CSI_1,30,domain,R|extrapolation,-0.0468,-0.0753,-0.0238
openmesh,learned|in-RP>tgt-R,CSI_1,30,area,R|extrapolation,-0.0596,-0.0892,-0.0322
openmesh,learned|in-RP>tgt-R,CSI_1,60,domain,R|extrapolation,-0.0934,-0.1253,-0.0623
openmesh,learned|in-RP>tgt-R,CSI_1,60,area,R|extrapolation,-0.0958,-0.1356,-0.0625
openmesh,learned|in-RP>tgt-R,FSS_10km,15,domain,R|extrapolation,-0.0455,-0.0655,-0.0308
openmesh,learned|in-RP>tgt-R,FSS_10km,15,area,R|extrapolation,-0.0519,-0.0735,-0.0343
openmesh,learned|in-RP>tgt-R,FSS_10km,30,domain,R|extrapolation,-0.0546,-0.0838,-0.0339
openmesh,learned|in-RP>tgt-R,FSS_10km,30,area,R|extrapolation,-0.0578,-0.0872,-0.0342
openmesh,learned|in-RP>tgt-R,FSS_10km,60,domain,R|extrapolation,-0.0981,-0.1375,-0.0667
openmesh,learned|in-RP>tgt-R,FSS_10km,60,area,R|extrapolation,-0.0957,-0.1396,-0.0633
openmesh,learned|in-RP>tgt-R,MAE,15,domain,R|extrapolation,0.1531,0.1224,0.1873
openmesh,learned|in-RP>tgt-R,MAE,15,area,R|extrapolation,0.1556,0.1079,0.2058
openmesh,learned|in-RP>tgt-R,MAE,30,domain,R|extrapolation,0.1573,0.1158,0.2070
openmesh,learned|in-RP>tgt-R,MAE,30,area,R|extrapolation,0.1493,0.0545,0.2402
openmesh,learned|in-RP>tgt-R,MAE,60,domain,R|extrapolation,0.1911,0.1276,0.2629
openmesh,learned|in-RP>tgt-R,MAE,60,area,R|extrapolation,0.1416,0.0117,0.2799
openmesh,learned|in-RP>tgt-R,gauge next-hour RMSE,60,gauges,R|extrapolation,0.5227,0.3188,0.7096
openmesh,learned|in-RCP>tgt-R,CSI_1,15,domain,R|extrapolation,-0.1319,-0.1608,-0.1060
openmesh,learned|in-RCP>tgt-R,CSI_1,15,area,R|extrapolation,-0.1966,-0.2467,-0.1484
openmesh,learned|in-RCP>tgt-R,CSI_1,30,domain,R|extrapolation,-0.1337,-0.1612,-0.1083
openmesh,learned|in-RCP>tgt-R,CSI_1,30,area,R|extrapolation,-0.1347,-0.1722,-0.0991
openmesh,learned|in-RCP>tgt-R,CSI_1,60,domain,R|extrapolation,-0.1150,-0.1429,-0.0861
openmesh,learned|in-RCP>tgt-R,CSI_1,60,area,R|extrapolation,-0.0992,-0.1391,-0.0674
openmesh,learned|in-RCP>tgt-R,FSS_10km,15,domain,R|extrapolation,-0.0980,-0.1279,-0.0751
openmesh,learned|in-RCP>tgt-R,FSS_10km,15,area,R|extrapolation,-0.1269,-0.1723,-0.0891
openmesh,learned|in-RCP>tgt-R,FSS_10km,30,domain,R|extrapolation,-0.1200,-0.1531,-0.0928
openmesh,learned|in-RCP>tgt-R,FSS_10km,30,area,R|extrapolation,-0.0991,-0.1376,-0.0683
openmesh,learned|in-RCP>tgt-R,FSS_10km,60,domain,R|extrapolation,-0.1218,-0.1593,-0.0916
openmesh,learned|in-RCP>tgt-R,FSS_10km,60,area,R|extrapolation,-0.0908,-0.1313,-0.0613
openmesh,learned|in-RCP>tgt-R,MAE,15,domain,R|extrapolation,0.2260,0.1878,0.2660
openmesh,learned|in-RCP>tgt-R,MAE,15,area,R|extrapolation,0.3677,0.3002,0.4528
openmesh,learned|in-RCP>tgt-R,MAE,30,domain,R|extrapolation,0.2202,0.1757,0.2675
openmesh,learned|in-RCP>tgt-R,MAE,30,area,R|extrapolation,0.2031,0.1143,0.2998
openmesh,learned|in-RCP>tgt-R,MAE,60,domain,R|extrapolation,0.1677,0.1111,0.2299
openmesh,learned|in-RCP>tgt-R,MAE,60,area,R|extrapolation,0.0351,-0.0769,0.1476
openmesh,learned|in-RCP>tgt-R,gauge next-hour RMSE,60,gauges,R|extrapolation,0.5245,0.2866,0.7370
openmesh,learned|in-R>tgt-RCP,CSI_1,15,domain,R|extrapolation,-0.0595,-0.0839,-0.0387
openmesh,learned|in-R>tgt-RCP,CSI_1,15,area,R|extrapolation,-0.0702,-0.1028,-0.0449
openmesh,learned|in-R>tgt-RCP,CSI_1,30,domain,R|extrapolation,-0.0501,-0.0788,-0.0272
openmesh,learned|in-R>tgt-RCP,CSI_1,30,area,R|extrapolation,-0.0594,-0.0940,-0.0295
openmesh,learned|in-R>tgt-RCP,CSI_1,60,domain,R|extrapolation,-0.0528,-0.0824,-0.0243
openmesh,learned|in-R>tgt-RCP,CSI_1,60,area,R|extrapolation,-0.0508,-0.0935,-0.0133
openmesh,learned|in-R>tgt-RCP,FSS_10km,15,domain,R|extrapolation,-0.0505,-0.0719,-0.0343
openmesh,learned|in-R>tgt-RCP,FSS_10km,15,area,R|extrapolation,-0.0530,-0.0803,-0.0333
openmesh,learned|in-R>tgt-RCP,FSS_10km,30,domain,R|extrapolation,-0.0583,-0.0876,-0.0370
openmesh,learned|in-R>tgt-RCP,FSS_10km,30,area,R|extrapolation,-0.0631,-0.0988,-0.0371
openmesh,learned|in-R>tgt-RCP,FSS_10km,60,domain,R|extrapolation,-0.0683,-0.1035,-0.0415
openmesh,learned|in-R>tgt-RCP,FSS_10km,60,area,R|extrapolation,-0.0674,-0.1135,-0.0337
openmesh,learned|in-R>tgt-RCP,MAE,15,domain,R|extrapolation,0.1388,0.1083,0.1745
openmesh,learned|in-R>tgt-RCP,MAE,15,area,R|extrapolation,0.1658,0.1159,0.2188
openmesh,learned|in-R>tgt-RCP,MAE,30,domain,R|extrapolation,0.1399,0.1011,0.1878
openmesh,learned|in-R>tgt-RCP,MAE,30,area,R|extrapolation,0.1226,0.0270,0.2157
openmesh,learned|in-R>tgt-RCP,MAE,60,domain,R|extrapolation,0.0973,0.0431,0.1585
openmesh,learned|in-R>tgt-RCP,MAE,60,area,R|extrapolation,0.0320,-0.0962,0.1517
openmesh,learned|in-R>tgt-RCP,gauge next-hour RMSE,60,gauges,R|extrapolation,0.3902,0.2088,0.5614
openmesh,learned|in-C>tgt-RCP,CSI_1,15,domain,R|extrapolation,-0.4939,-0.5205,-0.4703
openmesh,learned|in-C>tgt-RCP,CSI_1,15,area,R|extrapolation,-0.2480,-0.3330,-0.1858
openmesh,learned|in-C>tgt-RCP,CSI_1,30,domain,R|extrapolation,-0.4091,-0.4377,-0.3832
openmesh,learned|in-C>tgt-RCP,CSI_1,30,area,R|extrapolation,-0.2022,-0.2749,-0.1459
openmesh,learned|in-C>tgt-RCP,CSI_1,60,domain,R|extrapolation,-0.3143,-0.3478,-0.2830
openmesh,learned|in-C>tgt-RCP,CSI_1,60,area,R|extrapolation,-0.1511,-0.1988,-0.1084
openmesh,learned|in-C>tgt-RCP,FSS_10km,15,domain,R|extrapolation,-0.3899,-0.4471,-0.3460
openmesh,learned|in-C>tgt-RCP,FSS_10km,15,area,R|extrapolation,-0.1851,-0.2610,-0.1304
openmesh,learned|in-C>tgt-RCP,FSS_10km,30,domain,R|extrapolation,-0.3325,-0.3832,-0.2917
openmesh,learned|in-C>tgt-RCP,FSS_10km,30,area,R|extrapolation,-0.1715,-0.2432,-0.1191
openmesh,learned|in-C>tgt-RCP,FSS_10km,60,domain,R|extrapolation,-0.2707,-0.3141,-0.2348
openmesh,learned|in-C>tgt-RCP,FSS_10km,60,area,R|extrapolation,-0.1506,-0.2094,-0.1039
openmesh,learned|in-C>tgt-RCP,MAE,15,domain,R|extrapolation,0.9813,0.9009,1.0657
openmesh,learned|in-C>tgt-RCP,MAE,15,area,R|extrapolation,1.1694,0.9500,1.4058
openmesh,learned|in-C>tgt-RCP,MAE,30,domain,R|extrapolation,0.8414,0.7828,0.9062
openmesh,learned|in-C>tgt-RCP,MAE,30,area,R|extrapolation,0.9031,0.7023,1.1079
openmesh,learned|in-C>tgt-RCP,MAE,60,domain,R|extrapolation,0.6769,0.6258,0.7279
openmesh,learned|in-C>tgt-RCP,MAE,60,area,R|extrapolation,0.8183,0.6177,1.0419
openmesh,learned|in-C>tgt-RCP,gauge next-hour RMSE,60,gauges,R|extrapolation,1.0216,0.3950,1.7491
openmesh,learned|in-P>tgt-RCP,CSI_1,15,domain,R|extrapolation,-0.4795,-0.5048,-0.4566
openmesh,learned|in-P>tgt-RCP,CSI_1,15,area,R|extrapolation,-0.2270,-0.2741,-0.1864
openmesh,learned|in-P>tgt-RCP,CSI_1,30,domain,R|extrapolation,-0.4041,-0.4283,-0.3809
openmesh,learned|in-P>tgt-RCP,CSI_1,30,area,R|extrapolation,-0.1863,-0.2250,-0.1502
openmesh,learned|in-P>tgt-RCP,CSI_1,60,domain,R|extrapolation,-0.3249,-0.3544,-0.2974
openmesh,learned|in-P>tgt-RCP,CSI_1,60,area,R|extrapolation,-0.1929,-0.2428,-0.1501
openmesh,learned|in-P>tgt-RCP,FSS_10km,15,domain,R|extrapolation,-0.3321,-0.3807,-0.2934
openmesh,learned|in-P>tgt-RCP,FSS_10km,15,area,R|extrapolation,-0.1697,-0.2198,-0.1321
openmesh,learned|in-P>tgt-RCP,FSS_10km,30,domain,R|extrapolation,-0.2895,-0.3318,-0.2557
openmesh,learned|in-P>tgt-RCP,FSS_10km,30,area,R|extrapolation,-0.1641,-0.2119,-0.1255
openmesh,learned|in-P>tgt-RCP,FSS_10km,60,domain,R|extrapolation,-0.2439,-0.2754,-0.2177
openmesh,learned|in-P>tgt-RCP,FSS_10km,60,area,R|extrapolation,-0.1970,-0.2616,-0.1491
openmesh,learned|in-P>tgt-RCP,MAE,15,domain,R|extrapolation,1.0289,0.9486,1.1179
openmesh,learned|in-P>tgt-RCP,MAE,15,area,R|extrapolation,1.9294,1.3104,2.6144
openmesh,learned|in-P>tgt-RCP,MAE,30,domain,R|extrapolation,0.8759,0.8183,0.9406
openmesh,learned|in-P>tgt-RCP,MAE,30,area,R|extrapolation,1.3085,0.8973,1.7478
openmesh,learned|in-P>tgt-RCP,MAE,60,domain,R|extrapolation,0.6788,0.6249,0.7357
openmesh,learned|in-P>tgt-RCP,MAE,60,area,R|extrapolation,0.5895,0.3732,0.8100
openmesh,learned|in-P>tgt-RCP,gauge next-hour RMSE,60,gauges,R|extrapolation,2.9050,1.9539,3.9203
openmesh,learned|in-CP>tgt-RCP,CSI_1,15,domain,R|extrapolation,-0.4733,-0.4978,-0.4494
openmesh,learned|in-CP>tgt-RCP,CSI_1,15,area,R|extrapolation,-0.2092,-0.2508,-0.1712
openmesh,learned|in-CP>tgt-RCP,CSI_1,30,domain,R|extrapolation,-0.3933,-0.4173,-0.3698
openmesh,learned|in-CP>tgt-RCP,CSI_1,30,area,R|extrapolation,-0.1648,-0.2056,-0.1270
openmesh,learned|in-CP>tgt-RCP,CSI_1,60,domain,R|extrapolation,-0.3135,-0.3419,-0.2864
openmesh,learned|in-CP>tgt-RCP,CSI_1,60,area,R|extrapolation,-0.1382,-0.1859,-0.0974
openmesh,learned|in-CP>tgt-RCP,FSS_10km,15,domain,R|extrapolation,-0.3274,-0.3754,-0.2893
openmesh,learned|in-CP>tgt-RCP,FSS_10km,15,area,R|extrapolation,-0.1634,-0.2144,-0.1248
openmesh,learned|in-CP>tgt-RCP,FSS_10km,30,domain,R|extrapolation,-0.2765,-0.3189,-0.2430
openmesh,learned|in-CP>tgt-RCP,FSS_10km,30,area,R|extrapolation,-0.1509,-0.2013,-0.1107
openmesh,learned|in-CP>tgt-RCP,FSS_10km,60,domain,R|extrapolation,-0.2298,-0.2613,-0.2022
openmesh,learned|in-CP>tgt-RCP,FSS_10km,60,area,R|extrapolation,-0.1516,-0.2053,-0.1084
openmesh,learned|in-CP>tgt-RCP,MAE,15,domain,R|extrapolation,0.9562,0.8681,1.0492
openmesh,learned|in-CP>tgt-RCP,MAE,15,area,R|extrapolation,1.6396,1.3181,1.9757
openmesh,learned|in-CP>tgt-RCP,MAE,30,domain,R|extrapolation,0.8071,0.7365,0.8862
openmesh,learned|in-CP>tgt-RCP,MAE,30,area,R|extrapolation,1.2248,0.9905,1.4845
openmesh,learned|in-CP>tgt-RCP,MAE,60,domain,R|extrapolation,0.6182,0.5646,0.6752
openmesh,learned|in-CP>tgt-RCP,MAE,60,area,R|extrapolation,0.5376,0.3730,0.7089
openmesh,learned|in-CP>tgt-RCP,gauge next-hour RMSE,60,gauges,R|extrapolation,1.1291,0.2815,2.0937
openmesh,learned|in-RC>tgt-RCP,CSI_1,15,domain,R|extrapolation,-0.0591,-0.0829,-0.0394
openmesh,learned|in-RC>tgt-RCP,CSI_1,15,area,R|extrapolation,-0.1173,-0.1506,-0.0882
openmesh,learned|in-RC>tgt-RCP,CSI_1,30,domain,R|extrapolation,-0.0438,-0.0688,-0.0234
openmesh,learned|in-RC>tgt-RCP,CSI_1,30,area,R|extrapolation,-0.0721,-0.1020,-0.0432
openmesh,learned|in-RC>tgt-RCP,CSI_1,60,domain,R|extrapolation,-0.0587,-0.0863,-0.0308
openmesh,learned|in-RC>tgt-RCP,CSI_1,60,area,R|extrapolation,-0.0614,-0.0985,-0.0286
openmesh,learned|in-RC>tgt-RCP,FSS_10km,15,domain,R|extrapolation,-0.0492,-0.0698,-0.0338
openmesh,learned|in-RC>tgt-RCP,FSS_10km,15,area,R|extrapolation,-0.0840,-0.1175,-0.0576
openmesh,learned|in-RC>tgt-RCP,FSS_10km,30,domain,R|extrapolation,-0.0548,-0.0809,-0.0358
openmesh,learned|in-RC>tgt-RCP,FSS_10km,30,area,R|extrapolation,-0.0693,-0.1030,-0.0417
openmesh,learned|in-RC>tgt-RCP,FSS_10km,60,domain,R|extrapolation,-0.0707,-0.1046,-0.0444
openmesh,learned|in-RC>tgt-RCP,FSS_10km,60,area,R|extrapolation,-0.0691,-0.1061,-0.0404
openmesh,learned|in-RC>tgt-RCP,MAE,15,domain,R|extrapolation,0.1227,0.0963,0.1530
openmesh,learned|in-RC>tgt-RCP,MAE,15,area,R|extrapolation,0.2283,0.1670,0.3002
openmesh,learned|in-RC>tgt-RCP,MAE,30,domain,R|extrapolation,0.0925,0.0624,0.1290
openmesh,learned|in-RC>tgt-RCP,MAE,30,area,R|extrapolation,0.0843,-0.0068,0.1733
openmesh,learned|in-RC>tgt-RCP,MAE,60,domain,R|extrapolation,0.1002,0.0479,0.1599
openmesh,learned|in-RC>tgt-RCP,MAE,60,area,R|extrapolation,0.0056,-0.1120,0.1132
openmesh,learned|in-RC>tgt-RCP,gauge next-hour RMSE,60,gauges,R|extrapolation,0.1901,0.0449,0.3395
openmesh,learned|in-RP>tgt-RCP,CSI_1,15,domain,R|extrapolation,-0.0682,-0.0900,-0.0500
openmesh,learned|in-RP>tgt-RCP,CSI_1,15,area,R|extrapolation,-0.1235,-0.1572,-0.0943
openmesh,learned|in-RP>tgt-RCP,CSI_1,30,domain,R|extrapolation,-0.0313,-0.0521,-0.0137
openmesh,learned|in-RP>tgt-RCP,CSI_1,30,area,R|extrapolation,-0.0734,-0.1061,-0.0416
openmesh,learned|in-RP>tgt-RCP,CSI_1,60,domain,R|extrapolation,-0.0330,-0.0605,-0.0067
openmesh,learned|in-RP>tgt-RCP,CSI_1,60,area,R|extrapolation,-0.0532,-0.0988,-0.0123
openmesh,learned|in-RP>tgt-RCP,FSS_10km,15,domain,R|extrapolation,-0.0516,-0.0703,-0.0372
openmesh,learned|in-RP>tgt-RCP,FSS_10km,15,area,R|extrapolation,-0.0907,-0.1229,-0.0668
openmesh,learned|in-RP>tgt-RCP,FSS_10km,30,domain,R|extrapolation,-0.0439,-0.0647,-0.0278
openmesh,learned|in-RP>tgt-RCP,FSS_10km,30,area,R|extrapolation,-0.0743,-0.1054,-0.0477
openmesh,learned|in-RP>tgt-RCP,FSS_10km,60,domain,R|extrapolation,-0.0523,-0.0831,-0.0285
openmesh,learned|in-RP>tgt-RCP,FSS_10km,60,area,R|extrapolation,-0.0706,-0.1163,-0.0349
openmesh,learned|in-RP>tgt-RCP,MAE,15,domain,R|extrapolation,0.1603,0.1330,0.1896
openmesh,learned|in-RP>tgt-RCP,MAE,15,area,R|extrapolation,0.3402,0.2562,0.4324
openmesh,learned|in-RP>tgt-RCP,MAE,30,domain,R|extrapolation,0.0779,0.0507,0.1106
openmesh,learned|in-RP>tgt-RCP,MAE,30,area,R|extrapolation,0.1161,0.0135,0.2042
openmesh,learned|in-RP>tgt-RCP,MAE,60,domain,R|extrapolation,0.0547,0.0084,0.1099
openmesh,learned|in-RP>tgt-RCP,MAE,60,area,R|extrapolation,0.0354,-0.1046,0.1692
openmesh,learned|in-RP>tgt-RCP,gauge next-hour RMSE,60,gauges,R|extrapolation,-0.0884,-0.2334,0.0943
openmesh,learned|in-RCP>tgt-RCP,CSI_1,15,domain,R|extrapolation,-0.0897,-0.1164,-0.0671
openmesh,learned|in-RCP>tgt-RCP,CSI_1,15,area,R|extrapolation,-0.1479,-0.1845,-0.1166
openmesh,learned|in-RCP>tgt-RCP,CSI_1,30,domain,R|extrapolation,-0.1010,-0.1310,-0.0755
openmesh,learned|in-RCP>tgt-RCP,CSI_1,30,area,R|extrapolation,-0.1069,-0.1435,-0.0756
openmesh,learned|in-RCP>tgt-RCP,CSI_1,60,domain,R|extrapolation,-0.1114,-0.1402,-0.0829
openmesh,learned|in-RCP>tgt-RCP,CSI_1,60,area,R|extrapolation,-0.0838,-0.1299,-0.0467
openmesh,learned|in-RCP>tgt-RCP,FSS_10km,15,domain,R|extrapolation,-0.0698,-0.0953,-0.0506
openmesh,learned|in-RCP>tgt-RCP,FSS_10km,15,area,R|extrapolation,-0.1040,-0.1413,-0.0771
openmesh,learned|in-RCP>tgt-RCP,FSS_10km,30,domain,R|extrapolation,-0.0941,-0.1279,-0.0679
openmesh,learned|in-RCP>tgt-RCP,FSS_10km,30,area,R|extrapolation,-0.0951,-0.1318,-0.0668
openmesh,learned|in-RCP>tgt-RCP,FSS_10km,60,domain,R|extrapolation,-0.1145,-0.1516,-0.0838
openmesh,learned|in-RCP>tgt-RCP,FSS_10km,60,area,R|extrapolation,-0.0922,-0.1384,-0.0584
openmesh,learned|in-RCP>tgt-RCP,MAE,15,domain,R|extrapolation,0.1581,0.1291,0.1894
openmesh,learned|in-RCP>tgt-RCP,MAE,15,area,R|extrapolation,0.2548,0.1947,0.3252
openmesh,learned|in-RCP>tgt-RCP,MAE,30,domain,R|extrapolation,0.1890,0.1485,0.2378
openmesh,learned|in-RCP>tgt-RCP,MAE,30,area,R|extrapolation,0.1509,0.0569,0.2499
openmesh,learned|in-RCP>tgt-RCP,MAE,60,domain,R|extrapolation,0.1984,0.1344,0.2681
openmesh,learned|in-RCP>tgt-RCP,MAE,60,area,R|extrapolation,0.0497,-0.0721,0.1664
openmesh,learned|in-RCP>tgt-RCP,gauge next-hour RMSE,60,gauges,R|extrapolation,0.1082,-0.0284,0.2457
openmesh,learned|hybrid,CSI_1,15,domain,R|extrapolation,-0.0120,-0.0187,-0.0071
openmesh,learned|hybrid,CSI_1,15,area,R|extrapolation,-0.0355,-0.0479,-0.0262
openmesh,learned|hybrid,CSI_1,30,domain,R|extrapolation,-0.0353,-0.0451,-0.0274
openmesh,learned|hybrid,CSI_1,30,area,R|extrapolation,-0.0923,-0.1109,-0.0751
openmesh,learned|hybrid,CSI_1,60,domain,R|extrapolation,-0.0167,-0.0281,-0.0068
openmesh,learned|hybrid,CSI_1,60,area,R|extrapolation,-0.0292,-0.0416,-0.0151
openmesh,learned|hybrid,FSS_10km,15,domain,R|extrapolation,-0.0065,-0.0112,-0.0033
openmesh,learned|hybrid,FSS_10km,15,area,R|extrapolation,-0.0191,-0.0297,-0.0124
openmesh,learned|hybrid,FSS_10km,30,domain,R|extrapolation,-0.0212,-0.0305,-0.0146
openmesh,learned|hybrid,FSS_10km,30,area,R|extrapolation,-0.0628,-0.0829,-0.0481
openmesh,learned|hybrid,FSS_10km,60,domain,R|extrapolation,-0.0087,-0.0204,-0.0001
openmesh,learned|hybrid,FSS_10km,60,area,R|extrapolation,-0.0217,-0.0339,-0.0109
openmesh,learned|hybrid,MAE,15,domain,R|extrapolation,0.0342,0.0218,0.0494
openmesh,learned|hybrid,MAE,15,area,R|extrapolation,0.0643,0.0433,0.0897
openmesh,learned|hybrid,MAE,30,domain,R|extrapolation,0.0456,0.0180,0.0779
openmesh,learned|hybrid,MAE,30,area,R|extrapolation,0.1137,0.0533,0.1728
openmesh,learned|hybrid,MAE,60,domain,R|extrapolation,-0.0247,-0.0649,0.0199
openmesh,learned|hybrid,MAE,60,area,R|extrapolation,-0.0343,-0.0995,0.0362
openmesh,learned|hybrid,gauge next-hour RMSE,60,gauges,R|extrapolation,0.2454,0.1060,0.3664
openmesh,learned_raw|in-R>tgt-R,CSI_1,15,domain,R|extrapolation,-0.0556,-0.0777,-0.0370
openmesh,learned_raw|in-R>tgt-R,CSI_1,15,area,R|extrapolation,-0.0604,-0.0866,-0.0385
openmesh,learned_raw|in-R>tgt-R,CSI_1,30,domain,R|extrapolation,-0.0476,-0.0760,-0.0236
openmesh,learned_raw|in-R>tgt-R,CSI_1,30,area,R|extrapolation,-0.0526,-0.0914,-0.0167
openmesh,learned_raw|in-R>tgt-R,CSI_1,60,domain,R|extrapolation,-0.0604,-0.0920,-0.0301
openmesh,learned_raw|in-R>tgt-R,CSI_1,60,area,R|extrapolation,-0.0641,-0.1151,-0.0158
openmesh,learned_raw|in-R>tgt-R,FSS_10km,15,domain,R|extrapolation,-0.0468,-0.0658,-0.0324
openmesh,learned_raw|in-R>tgt-R,FSS_10km,15,area,R|extrapolation,-0.0454,-0.0673,-0.0291
openmesh,learned_raw|in-R>tgt-R,FSS_10km,30,domain,R|extrapolation,-0.0577,-0.0872,-0.0362
openmesh,learned_raw|in-R>tgt-R,FSS_10km,30,area,R|extrapolation,-0.0580,-0.0953,-0.0280
openmesh,learned_raw|in-R>tgt-R,FSS_10km,60,domain,R|extrapolation,-0.0798,-0.1170,-0.0486
openmesh,learned_raw|in-R>tgt-R,FSS_10km,60,area,R|extrapolation,-0.0837,-0.1368,-0.0411
openmesh,learned_raw|in-R>tgt-R,MAE,15,domain,R|extrapolation,0.1478,0.1120,0.1874
openmesh,learned_raw|in-R>tgt-R,MAE,15,area,R|extrapolation,0.1694,0.1129,0.2322
openmesh,learned_raw|in-R>tgt-R,MAE,30,domain,R|extrapolation,0.1549,0.1015,0.2259
openmesh,learned_raw|in-R>tgt-R,MAE,30,area,R|extrapolation,0.1339,0.0203,0.2595
openmesh,learned_raw|in-R>tgt-R,MAE,60,domain,R|extrapolation,0.2469,0.1439,0.3693
openmesh,learned_raw|in-R>tgt-R,MAE,60,area,R|extrapolation,0.1783,-0.0062,0.3829
openmesh,learned_raw|in-R>tgt-R,gauge next-hour RMSE,60,gauges,R|extrapolation,0.3779,0.2128,0.5569
openmesh,learned_raw|in-C>tgt-R,CSI_1,15,domain,R|extrapolation,-0.4252,-0.4684,-0.3782
openmesh,learned_raw|in-C>tgt-R,CSI_1,15,area,R|extrapolation,-0.2324,-0.3240,-0.1704
openmesh,learned_raw|in-C>tgt-R,CSI_1,30,domain,R|extrapolation,-0.3485,-0.3909,-0.3037
openmesh,learned_raw|in-C>tgt-R,CSI_1,30,area,R|extrapolation,-0.1875,-0.2735,-0.1258
openmesh,learned_raw|in-C>tgt-R,CSI_1,60,domain,R|extrapolation,-0.2584,-0.3004,-0.2155
openmesh,learned_raw|in-C>tgt-R,CSI_1,60,area,R|extrapolation,-0.1301,-0.2190,-0.0712
openmesh,learned_raw|in-C>tgt-R,FSS_10km,15,domain,R|extrapolation,-0.3978,-0.4757,-0.3287
openmesh,learned_raw|in-C>tgt-R,FSS_10km,15,area,R|extrapolation,-0.1794,-0.2648,-0.1238
openmesh,learned_raw|in-C>tgt-R,FSS_10km,30,domain,R|extrapolation,-0.3546,-0.4232,-0.2910
openmesh,learned_raw|in-C>tgt-R,FSS_10km,30,area,R|extrapolation,-0.1680,-0.2538,-0.1106
openmesh,learned_raw|in-C>tgt-R,FSS_10km,60,domain,R|extrapolation,-0.2953,-0.3561,-0.2367
openmesh,learned_raw|in-C>tgt-R,FSS_10km,60,area,R|extrapolation,-0.1426,-0.2300,-0.0869
openmesh,learned_raw|in-C>tgt-R,MAE,15,domain,R|extrapolation,1.0142,0.9412,1.1007
openmesh,learned_raw|in-C>tgt-R,MAE,15,area,R|extrapolation,0.8136,0.6083,1.0433
openmesh,learned_raw|in-C>tgt-R,MAE,30,domain,R|extrapolation,0.8153,0.7369,0.9049
openmesh,learned_raw|in-C>tgt-R,MAE,30,area,R|extrapolation,0.4120,0.2871,0.5305
openmesh,learned_raw|in-C>tgt-R,MAE,60,domain,R|extrapolation,0.6114,0.5191,0.7057
openmesh,learned_raw|in-C>tgt-R,MAE,60,area,R|extrapolation,0.2212,0.0739,0.3857
openmesh,learned_raw|in-C>tgt-R,gauge next-hour RMSE,60,gauges,R|extrapolation,0.6339,0.3443,0.9671
openmesh,learned_raw|in-P>tgt-R,CSI_1,15,domain,R|extrapolation,-0.4221,-0.4641,-0.3741
openmesh,learned_raw|in-P>tgt-R,CSI_1,15,area,R|extrapolation,-0.2295,-0.2744,-0.1883
openmesh,learned_raw|in-P>tgt-R,CSI_1,30,domain,R|extrapolation,-0.3497,-0.3912,-0.3051
openmesh,learned_raw|in-P>tgt-R,CSI_1,30,area,R|extrapolation,-0.2139,-0.2595,-0.1716
openmesh,learned_raw|in-P>tgt-R,CSI_1,60,domain,R|extrapolation,-0.2631,-0.3052,-0.2200
openmesh,learned_raw|in-P>tgt-R,CSI_1,60,area,R|extrapolation,-0.2119,-0.2720,-0.1605
openmesh,learned_raw|in-P>tgt-R,FSS_10km,15,domain,R|extrapolation,-0.3933,-0.4690,-0.3251
openmesh,learned_raw|in-P>tgt-R,FSS_10km,15,area,R|extrapolation,-0.1486,-0.1950,-0.1139
openmesh,learned_raw|in-P>tgt-R,FSS_10km,30,domain,R|extrapolation,-0.3542,-0.4223,-0.2895
openmesh,learned_raw|in-P>tgt-R,FSS_10km,30,area,R|extrapolation,-0.1559,-0.2073,-0.1155
openmesh,learned_raw|in-P>tgt-R,FSS_10km,60,domain,R|extrapolation,-0.2998,-0.3602,-0.2393
openmesh,learned_raw|in-P>tgt-R,FSS_10km,60,area,R|extrapolation,-0.2008,-0.2693,-0.1433
openmesh,learned_raw|in-P>tgt-R,MAE,15,domain,R|extrapolation,0.9502,0.8846,1.0240
openmesh,learned_raw|in-P>tgt-R,MAE,15,area,R|extrapolation,1.0413,0.8334,1.2622
openmesh,learned_raw|in-P>tgt-R,MAE,30,domain,R|extrapolation,0.7672,0.6938,0.8458
openmesh,learned_raw|in-P>tgt-R,MAE,30,area,R|extrapolation,0.4151,0.3046,0.5125
openmesh,learned_raw|in-P>tgt-R,MAE,60,domain,R|extrapolation,0.5638,0.4736,0.6580
openmesh,learned_raw|in-P>tgt-R,MAE,60,area,R|extrapolation,0.3096,0.1516,0.4590
openmesh,learned_raw|in-P>tgt-R,gauge next-hour RMSE,60,gauges,R|extrapolation,0.0659,-0.2018,0.3948
openmesh,learned_raw|in-CP>tgt-R,CSI_1,15,domain,R|extrapolation,-0.4212,-0.4630,-0.3736
openmesh,learned_raw|in-CP>tgt-R,CSI_1,15,area,R|extrapolation,-0.2239,-0.2610,-0.1890
openmesh,learned_raw|in-CP>tgt-R,CSI_1,30,domain,R|extrapolation,-0.3446,-0.3855,-0.3008
openmesh,learned_raw|in-CP>tgt-R,CSI_1,30,area,R|extrapolation,-0.1756,-0.2124,-0.1443
openmesh,learned_raw|in-CP>tgt-R,CSI_1,60,domain,R|extrapolation,-0.2568,-0.2965,-0.2151
openmesh,learned_raw|in-CP>tgt-R,CSI_1,60,area,R|extrapolation,-0.1361,-0.1802,-0.0996
openmesh,learned_raw|in-CP>tgt-R,FSS_10km,15,domain,R|extrapolation,-0.3927,-0.4687,-0.3234
openmesh,learned_raw|in-CP>tgt-R,FSS_10km,15,area,R|extrapolation,-0.1766,-0.2261,-0.1369
openmesh,learned_raw|in-CP>tgt-R,FSS_10km,30,domain,R|extrapolation,-0.3494,-0.4178,-0.2856
openmesh,learned_raw|in-CP>tgt-R,FSS_10km,30,area,R|extrapolation,-0.1619,-0.2088,-0.1255
openmesh,learned_raw|in-CP>tgt-R,FSS_10km,60,domain,R|extrapolation,-0.2925,-0.3512,-0.2334
openmesh,learned_raw|in-CP>tgt-R,FSS_10km,60,area,R|extrapolation,-0.1497,-0.2012,-0.1118
openmesh,learned_raw|in-CP>tgt-R,MAE,15,domain,R|extrapolation,1.0869,1.0043,1.1755
openmesh,learned_raw|in-CP>tgt-R,MAE,15,area,R|extrapolation,1.2565,0.9619,1.6237
openmesh,learned_raw|in-CP>tgt-R,MAE,30,domain,R|extrapolation,0.9895,0.8899,1.0950
openmesh,learned_raw|in-CP>tgt-R,MAE,30,area,R|extrapolation,1.1922,0.8003,1.7421
openmesh,learned_raw|in-CP>tgt-R,MAE,60,domain,R|extrapolation,0.6099,0.5108,0.7091
openmesh,learned_raw|in-CP>tgt-R,MAE,60,area,R|extrapolation,0.4832,0.3214,0.6719
openmesh,learned_raw|in-CP>tgt-R,gauge next-hour RMSE,60,gauges,R|extrapolation,3.9260,0.3639,7.4041
openmesh,learned_raw|in-RC>tgt-R,CSI_1,15,domain,R|extrapolation,-0.0632,-0.0884,-0.0421
openmesh,learned_raw|in-RC>tgt-R,CSI_1,15,area,R|extrapolation,-0.0765,-0.1038,-0.0528
openmesh,learned_raw|in-RC>tgt-R,CSI_1,30,domain,R|extrapolation,-0.0654,-0.0937,-0.0407
openmesh,learned_raw|in-RC>tgt-R,CSI_1,30,area,R|extrapolation,-0.0632,-0.0986,-0.0310
openmesh,learned_raw|in-RC>tgt-R,CSI_1,60,domain,R|extrapolation,-0.0620,-0.0909,-0.0337
openmesh,learned_raw|in-RC>tgt-R,CSI_1,60,area,R|extrapolation,-0.0588,-0.1063,-0.0178
openmesh,learned_raw|in-RC>tgt-R,FSS_10km,15,domain,R|extrapolation,-0.0533,-0.0762,-0.0366
openmesh,learned_raw|in-RC>tgt-R,FSS_10km,15,area,R|extrapolation,-0.0524,-0.0757,-0.0340
openmesh,learned_raw|in-RC>tgt-R,FSS_10km,30,domain,R|extrapolation,-0.0749,-0.1068,-0.0505
openmesh,learned_raw|in-RC>tgt-R,FSS_10km,30,area,R|extrapolation,-0.0647,-0.0989,-0.0354
openmesh,learned_raw|in-RC>tgt-R,FSS_10km,60,domain,R|extrapolation,-0.0831,-0.1199,-0.0529
openmesh,learned_raw|in-RC>tgt-R,FSS_10km,60,area,R|extrapolation,-0.0718,-0.1184,-0.0343
openmesh,learned_raw|in-RC>tgt-R,MAE,15,domain,R|extrapolation,0.2022,0.1442,0.2682
openmesh,learned_raw|in-RC>tgt-R,MAE,15,area,R|extrapolation,0.2133,0.1606,0.2696
openmesh,learned_raw|in-RC>tgt-R,MAE,30,domain,R|extrapolation,0.2680,0.1849,0.3800
openmesh,learned_raw|in-RC>tgt-R,MAE,30,area,R|extrapolation,0.1495,0.0491,0.2513
openmesh,learned_raw|in-RC>tgt-R,MAE,60,domain,R|extrapolation,0.2465,0.1411,0.3693
openmesh,learned_raw|in-RC>tgt-R,MAE,60,area,R|extrapolation,0.1163,-0.0292,0.2537
openmesh,learned_raw|in-RC>tgt-R,gauge next-hour RMSE,60,gauges,R|extrapolation,0.3544,0.1927,0.5089
openmesh,learned_raw|in-RP>tgt-R,CSI_1,15,domain,R|extrapolation,-0.0622,-0.0855,-0.0425
openmesh,learned_raw|in-RP>tgt-R,CSI_1,15,area,R|extrapolation,-0.0874,-0.1151,-0.0630
openmesh,learned_raw|in-RP>tgt-R,CSI_1,30,domain,R|extrapolation,-0.0504,-0.0799,-0.0259
openmesh,learned_raw|in-RP>tgt-R,CSI_1,30,area,R|extrapolation,-0.0624,-0.0951,-0.0310
openmesh,learned_raw|in-RP>tgt-R,CSI_1,60,domain,R|extrapolation,-0.0777,-0.1101,-0.0458
openmesh,learned_raw|in-RP>tgt-R,CSI_1,60,area,R|extrapolation,-0.0750,-0.1210,-0.0345
openmesh,learned_raw|in-RP>tgt-R,FSS_10km,15,domain,R|extrapolation,-0.0521,-0.0726,-0.0364
openmesh,learned_raw|in-RP>tgt-R,FSS_10km,15,area,R|extrapolation,-0.0629,-0.0867,-0.0430
openmesh,learned_raw|in-RP>tgt-R,FSS_10km,30,domain,R|extrapolation,-0.0602,-0.0918,-0.0373
openmesh,learned_raw|in-RP>tgt-R,FSS_10km,30,area,R|extrapolation,-0.0610,-0.0949,-0.0340
openmesh,learned_raw|in-RP>tgt-R,FSS_10km,60,domain,R|extrapolation,-0.0931,-0.1340,-0.0591
openmesh,learned_raw|in-RP>tgt-R,FSS_10km,60,area,R|extrapolation,-0.0816,-0.1308,-0.0430
openmesh,learned_raw|in-RP>tgt-R,MAE,15,domain,R|extrapolation,0.1664,0.1256,0.2146
openmesh,learned_raw|in-RP>tgt-R,MAE,15,area,R|extrapolation,0.2180,0.1527,0.2879
openmesh,learned_raw|in-RP>tgt-R,MAE,30,domain,R|extrapolation,0.1834,0.1186,0.2697
openmesh,learned_raw|in-RP>tgt-R,MAE,30,area,R|extrapolation,0.1524,0.0433,0.2603
openmesh,learned_raw|in-RP>tgt-R,MAE,60,domain,R|extrapolation,0.3103,0.1908,0.4585
openmesh,learned_raw|in-RP>tgt-R,MAE,60,area,R|extrapolation,0.2000,0.0138,0.4197
openmesh,learned_raw|in-RP>tgt-R,gauge next-hour RMSE,60,gauges,R|extrapolation,0.4690,0.2786,0.6652
openmesh,learned_raw|in-RCP>tgt-R,CSI_1,15,domain,R|extrapolation,-0.1016,-0.1348,-0.0746
openmesh,learned_raw|in-RCP>tgt-R,CSI_1,15,area,R|extrapolation,-0.1605,-0.1961,-0.1292
openmesh,learned_raw|in-RCP>tgt-R,CSI_1,30,domain,R|extrapolation,-0.1016,-0.1310,-0.0754
openmesh,learned_raw|in-RCP>tgt-R,CSI_1,30,area,R|extrapolation,-0.1232,-0.1550,-0.0952
openmesh,learned_raw|in-RCP>tgt-R,CSI_1,60,domain,R|extrapolation,-0.0878,-0.1151,-0.0589
openmesh,learned_raw|in-RCP>tgt-R,CSI_1,60,area,R|extrapolation,-0.0881,-0.1288,-0.0534
openmesh,learned_raw|in-RCP>tgt-R,FSS_10km,15,domain,R|extrapolation,-0.0764,-0.1070,-0.0541
openmesh,learned_raw|in-RCP>tgt-R,FSS_10km,15,area,R|extrapolation,-0.1048,-0.1404,-0.0787
openmesh,learned_raw|in-RCP>tgt-R,FSS_10km,30,domain,R|extrapolation,-0.0942,-0.1279,-0.0686
openmesh,learned_raw|in-RCP>tgt-R,FSS_10km,30,area,R|extrapolation,-0.0934,-0.1268,-0.0664
openmesh,learned_raw|in-RCP>tgt-R,FSS_10km,60,domain,R|extrapolation,-0.0995,-0.1371,-0.0674
openmesh,learned_raw|in-RCP>tgt-R,FSS_10km,60,area,R|extrapolation,-0.0864,-0.1280,-0.0542
openmesh,learned_raw|in-RCP>tgt-R,MAE,15,domain,R|extrapolation,0.3021,0.2177,0.3925
openmesh,learned_raw|in-RCP>tgt-R,MAE,15,area,R|extrapolation,0.3823,0.2957,0.4923
openmesh,learned_raw|in-RCP>tgt-R,MAE,30,domain,R|extrapolation,0.2674,0.1853,0.3728
openmesh,learned_raw|in-RCP>tgt-R,MAE,30,area,R|extrapolation,0.2725,0.1697,0.3911
openmesh,learned_raw|in-RCP>tgt-R,MAE,60,domain,R|extrapolation,0.3248,0.2191,0.4442
openmesh,learned_raw|in-RCP>tgt-R,MAE,60,area,R|extrapolation,0.1101,-0.0207,0.2463
openmesh,learned_raw|in-RCP>tgt-R,gauge next-hour RMSE,60,gauges,R|extrapolation,0.3720,0.2053,0.5517
openmesh,learned_raw|in-R>tgt-RCP,CSI_1,15,domain,R|extrapolation,-0.0754,-0.1021,-0.0524
openmesh,learned_raw|in-R>tgt-RCP,CSI_1,15,area,R|extrapolation,-0.0887,-0.1238,-0.0579
openmesh,learned_raw|in-R>tgt-RCP,CSI_1,30,domain,R|extrapolation,-0.0614,-0.0938,-0.0352
openmesh,learned_raw|in-R>tgt-RCP,CSI_1,30,area,R|extrapolation,-0.0744,-0.1172,-0.0346
openmesh,learned_raw|in-R>tgt-RCP,CSI_1,60,domain,R|extrapolation,-0.0512,-0.0823,-0.0224
openmesh,learned_raw|in-R>tgt-RCP,CSI_1,60,area,R|extrapolation,-0.0568,-0.1063,-0.0106
openmesh,learned_raw|in-R>tgt-RCP,FSS_10km,15,domain,R|extrapolation,-0.0634,-0.0882,-0.0447
openmesh,learned_raw|in-R>tgt-RCP,FSS_10km,15,area,R|extrapolation,-0.0678,-0.1000,-0.0437
openmesh,learned_raw|in-R>tgt-RCP,FSS_10km,30,domain,R|extrapolation,-0.0703,-0.1056,-0.0459
openmesh,learned_raw|in-R>tgt-RCP,FSS_10km,30,area,R|extrapolation,-0.0765,-0.1190,-0.0427
openmesh,learned_raw|in-R>tgt-RCP,FSS_10km,60,domain,R|extrapolation,-0.0716,-0.1069,-0.0427
openmesh,learned_raw|in-R>tgt-RCP,FSS_10km,60,area,R|extrapolation,-0.0767,-0.1286,-0.0341
openmesh,learned_raw|in-R>tgt-RCP,MAE,15,domain,R|extrapolation,0.2479,0.1919,0.3128
openmesh,learned_raw|in-R>tgt-RCP,MAE,15,area,R|extrapolation,0.2631,0.1882,0.3497
openmesh,learned_raw|in-R>tgt-RCP,MAE,30,domain,R|extrapolation,0.2126,0.1339,0.3101
openmesh,learned_raw|in-R>tgt-RCP,MAE,30,area,R|extrapolation,0.2002,0.0732,0.3381
openmesh,learned_raw|in-R>tgt-RCP,MAE,60,domain,R|extrapolation,0.2304,0.1354,0.3396
openmesh,learned_raw|in-R>tgt-RCP,MAE,60,area,R|extrapolation,0.1544,-0.0137,0.3309
openmesh,learned_raw|in-R>tgt-RCP,gauge next-hour RMSE,60,gauges,R|extrapolation,0.2802,0.1162,0.4809
openmesh,learned_raw|in-C>tgt-RCP,CSI_1,15,domain,R|extrapolation,-0.4290,-0.4718,-0.3822
openmesh,learned_raw|in-C>tgt-RCP,CSI_1,15,area,R|extrapolation,-0.2995,-0.3555,-0.2469
openmesh,learned_raw|in-C>tgt-RCP,CSI_1,30,domain,R|extrapolation,-0.3524,-0.3940,-0.3082
openmesh,learned_raw|in-C>tgt-RCP,CSI_1,30,area,R|extrapolation,-0.2627,-0.3150,-0.2098
openmesh,learned_raw|in-C>tgt-RCP,CSI_1,60,domain,R|extrapolation,-0.2620,-0.3033,-0.2199
openmesh,learned_raw|in-C>tgt-RCP,CSI_1,60,area,R|extrapolation,-0.1975,-0.2564,-0.1433
openmesh,learned_raw|in-C>tgt-RCP,FSS_10km,15,domain,R|extrapolation,-0.4015,-0.4785,-0.3317
openmesh,learned_raw|in-C>tgt-RCP,FSS_10km,15,area,R|extrapolation,-0.2240,-0.2958,-0.1678
openmesh,learned_raw|in-C>tgt-RCP,FSS_10km,30,domain,R|extrapolation,-0.3582,-0.4258,-0.2925
openmesh,learned_raw|in-C>tgt-RCP,FSS_10km,30,area,R|extrapolation,-0.2240,-0.2934,-0.1665
openmesh,learned_raw|in-C>tgt-RCP,FSS_10km,60,domain,R|extrapolation,-0.2989,-0.3591,-0.2393
openmesh,learned_raw|in-C>tgt-RCP,FSS_10km,60,area,R|extrapolation,-0.2058,-0.2770,-0.1437
openmesh,learned_raw|in-C>tgt-RCP,MAE,15,domain,R|extrapolation,1.0243,0.9457,1.1149
openmesh,learned_raw|in-C>tgt-RCP,MAE,15,area,R|extrapolation,0.9334,0.7619,1.1314
openmesh,learned_raw|in-C>tgt-RCP,MAE,30,domain,R|extrapolation,0.8249,0.7431,0.9181
openmesh,learned_raw|in-C>tgt-RCP,MAE,30,area,R|extrapolation,0.6590,0.5002,0.8337
openmesh,learned_raw|in-C>tgt-RCP,MAE,60,domain,R|extrapolation,0.6294,0.5274,0.7334
openmesh,learned_raw|in-C>tgt-RCP,MAE,60,area,R|extrapolation,0.4693,0.2765,0.6681
openmesh,learned_raw|in-C>tgt-RCP,gauge next-hour RMSE,60,gauges,R|extrapolation,0.5101,0.1632,0.9498
openmesh,learned_raw|in-P>tgt-RCP,CSI_1,15,domain,R|extrapolation,-0.4276,-0.4697,-0.3797
openmesh,learned_raw|in-P>tgt-RCP,CSI_1,15,area,R|extrapolation,-0.3048,-0.3605,-0.2513
openmesh,learned_raw|in-P>tgt-RCP,CSI_1,30,domain,R|extrapolation,-0.3519,-0.3935,-0.3077
openmesh,learned_raw|in-P>tgt-RCP,CSI_1,30,area,R|extrapolation,-0.2513,-0.3038,-0.2008
openmesh,learned_raw|in-P>tgt-RCP,CSI_1,60,domain,R|extrapolation,-0.2617,-0.3033,-0.2199
openmesh,learned_raw|in-P>tgt-RCP,CSI_1,60,area,R|extrapolation,-0.1960,-0.2561,-0.1421
openmesh,learned_raw|in-P>tgt-RCP,FSS_10km,15,domain,R|extrapolation,-0.3993,-0.4749,-0.3300
openmesh,learned_raw|in-P>tgt-RCP,FSS_10km,15,area,R|extrapolation,-0.2081,-0.2720,-0.1547
openmesh,learned_raw|in-P>tgt-RCP,FSS_10km,30,domain,R|extrapolation,-0.3571,-0.4251,-0.2919
openmesh,learned_raw|in-P>tgt-RCP,FSS_10km,30,area,R|extrapolation,-0.1926,-0.2548,-0.1399
openmesh,learned_raw|in-P>tgt-RCP,FSS_10km,60,domain,R|extrapolation,-0.2971,-0.3565,-0.2375
openmesh,learned_raw|in-P>tgt-RCP,FSS_10km,60,area,R|extrapolation,-0.1862,-0.2510,-0.1301
openmesh,learned_raw|in-P>tgt-RCP,MAE,15,domain,R|extrapolation,1.3042,1.2122,1.4043
openmesh,learned_raw|in-P>tgt-RCP,MAE,15,area,R|extrapolation,1.8188,1.3536,2.3492
openmesh,learned_raw|in-P>tgt-RCP,MAE,30,domain,R|extrapolation,1.0310,0.9240,1.1417
openmesh,learned_raw|in-P>tgt-RCP,MAE,30,area,R|extrapolation,1.0559,0.8023,1.3223
openmesh,learned_raw|in-P>tgt-RCP,MAE,60,domain,R|extrapolation,0.9306,0.7848,1.0717
openmesh,learned_raw|in-P>tgt-RCP,MAE,60,area,R|extrapolation,0.6129,0.4371,0.7950
openmesh,learned_raw|in-P>tgt-RCP,gauge next-hour RMSE,60,gauges,R|extrapolation,1.7514,0.9913,2.5863
openmesh,learned_raw|in-CP>tgt-RCP,CSI_1,15,domain,R|extrapolation,-0.4213,-0.4634,-0.3731
openmesh,learned_raw|in-CP>tgt-RCP,CSI_1,15,area,R|extrapolation,-0.2151,-0.2601,-0.1745
openmesh,learned_raw|in-CP>tgt-RCP,CSI_1,30,domain,R|extrapolation,-0.3444,-0.3856,-0.3000
openmesh,learned_raw|in-CP>tgt-RCP,CSI_1,30,area,R|extrapolation,-0.1651,-0.2112,-0.1237
openmesh,learned_raw|in-CP>tgt-RCP,CSI_1,60,domain,R|extrapolation,-0.2554,-0.2957,-0.2138
openmesh,learned_raw|in-CP>tgt-RCP,CSI_1,60,area,R|extrapolation,-0.1210,-0.1674,-0.0813
openmesh,learned_raw|in-CP>tgt-RCP,FSS_10km,15,domain,R|extrapolation,-0.3934,-0.4693,-0.3247
openmesh,learned_raw|in-CP>tgt-RCP,FSS_10km,15,area,R|extrapolation,-0.1706,-0.2246,-0.1277
openmesh,learned_raw|in-CP>tgt-RCP,FSS_10km,30,domain,R|extrapolation,-0.3497,-0.4188,-0.2852
openmesh,learned_raw|in-CP>tgt-RCP,FSS_10km,30,area,R|extrapolation,-0.1522,-0.2062,-0.1101
openmesh,learned_raw|in-CP>tgt-RCP,FSS_10km,60,domain,R|extrapolation,-0.2919,-0.3509,-0.2320
openmesh,learned_raw|in-CP>tgt-RCP,FSS_10km,60,area,R|extrapolation,-0.1390,-0.1933,-0.0985
openmesh,learned_raw|in-CP>tgt-RCP,MAE,15,domain,R|extrapolation,1.0824,1.0019,1.1701
openmesh,learned_raw|in-CP>tgt-RCP,MAE,15,area,R|extrapolation,1.2010,0.9900,1.4334
openmesh,learned_raw|in-CP>tgt-RCP,MAE,30,domain,R|extrapolation,0.8264,0.7488,0.9176
openmesh,learned_raw|in-CP>tgt-RCP,MAE,30,area,R|extrapolation,0.6583,0.4988,0.8232
openmesh,learned_raw|in-CP>tgt-RCP,MAE,60,domain,R|extrapolation,0.6362,0.5264,0.7412
openmesh,learned_raw|in-CP>tgt-RCP,MAE,60,area,R|extrapolation,0.2958,0.1384,0.4513
openmesh,learned_raw|in-CP>tgt-RCP,gauge next-hour RMSE,60,gauges,R|extrapolation,0.4651,-0.1849,1.2249
openmesh,learned_raw|in-RC>tgt-RCP,CSI_1,15,domain,R|extrapolation,-0.0691,-0.0937,-0.0487
openmesh,learned_raw|in-RC>tgt-RCP,CSI_1,15,area,R|extrapolation,-0.1282,-0.1646,-0.0971
openmesh,learned_raw|in-RC>tgt-RCP,CSI_1,30,domain,R|extrapolation,-0.0612,-0.0876,-0.0379
openmesh,learned_raw|in-RC>tgt-RCP,CSI_1,30,area,R|extrapolation,-0.0944,-0.1351,-0.0583
openmesh,learned_raw|in-RC>tgt-RCP,CSI_1,60,domain,R|extrapolation,-0.0619,-0.0905,-0.0339
openmesh,learned_raw|in-RC>tgt-RCP,CSI_1,60,area,R|extrapolation,-0.0745,-0.1211,-0.0348
openmesh,learned_raw|in-RC>tgt-RCP,FSS_10km,15,domain,R|extrapolation,-0.0587,-0.0813,-0.0421
openmesh,learned_raw|in-RC>tgt-RCP,FSS_10km,15,area,R|extrapolation,-0.0960,-0.1316,-0.0671
openmesh,learned_raw|in-RC>tgt-RCP,FSS_10km,30,domain,R|extrapolation,-0.0713,-0.1009,-0.0490
openmesh,learned_raw|in-RC>tgt-RCP,FSS_10km,30,area,R|extrapolation,-0.0914,-0.1319,-0.0590
openmesh,learned_raw|in-RC>tgt-RCP,FSS_10km,60,domain,R|extrapolation,-0.0811,-0.1165,-0.0512
openmesh,learned_raw|in-RC>tgt-RCP,FSS_10km,60,area,R|extrapolation,-0.0855,-0.1328,-0.0482
openmesh,learned_raw|in-RC>tgt-RCP,MAE,15,domain,R|extrapolation,0.1746,0.1325,0.2230
openmesh,learned_raw|in-RC>tgt-RCP,MAE,15,area,R|extrapolation,0.3703,0.2900,0.4611
openmesh,learned_raw|in-RC>tgt-RCP,MAE,30,domain,R|extrapolation,0.2031,0.1415,0.2826
openmesh,learned_raw|in-RC>tgt-RCP,MAE,30,area,R|extrapolation,0.3151,0.2053,0.4341
openmesh,learned_raw|in-RC>tgt-RCP,MAE,60,domain,R|extrapolation,0.2209,0.1295,0.3260
openmesh,learned_raw|in-RC>tgt-RCP,MAE,60,area,R|extrapolation,0.1286,-0.0217,0.2791
openmesh,learned_raw|in-RC>tgt-RCP,gauge next-hour RMSE,60,gauges,R|extrapolation,0.1042,-0.0550,0.3174
openmesh,learned_raw|in-RP>tgt-RCP,CSI_1,15,domain,R|extrapolation,-0.0729,-0.0953,-0.0528
openmesh,learned_raw|in-RP>tgt-RCP,CSI_1,15,area,R|extrapolation,-0.1590,-0.2055,-0.1205
openmesh,learned_raw|in-RP>tgt-RCP,CSI_1,30,domain,R|extrapolation,-0.0507,-0.0749,-0.0291
openmesh,learned_raw|in-RP>tgt-RCP,CSI_1,30,area,R|extrapolation,-0.1056,-0.1506,-0.0641
openmesh,learned_raw|in-RP>tgt-RCP,CSI_1,60,domain,R|extrapolation,-0.0526,-0.0793,-0.0268
openmesh,learned_raw|in-RP>tgt-RCP,CSI_1,60,area,R|extrapolation,-0.0856,-0.1393,-0.0367
openmesh,learned_raw|in-RP>tgt-RCP,FSS_10km,15,domain,R|extrapolation,-0.0615,-0.0831,-0.0446
openmesh,learned_raw|in-RP>tgt-RCP,FSS_10km,15,area,R|extrapolation,-0.1214,-0.1711,-0.0863
openmesh,learned_raw|in-RP>tgt-RCP,FSS_10km,30,domain,R|extrapolation,-0.0640,-0.0907,-0.0436
openmesh,learned_raw|in-RP>tgt-RCP,FSS_10km,30,area,R|extrapolation,-0.1013,-0.1456,-0.0655
openmesh,learned_raw|in-RP>tgt-RCP,FSS_10km,60,domain,R|extrapolation,-0.0753,-0.1083,-0.0471
openmesh,learned_raw|in-RP>tgt-RCP,FSS_10km,60,area,R|extrapolation,-0.1017,-0.1556,-0.0566
openmesh,learned_raw|in-RP>tgt-RCP,MAE,15,domain,R|extrapolation,0.3018,0.2320,0.3775
openmesh,learned_raw|in-RP>tgt-RCP,MAE,15,area,R|extrapolation,1.1379,0.8573,1.4385
openmesh,learned_raw|in-RP>tgt-RCP,MAE,30,domain,R|extrapolation,0.3110,0.2342,0.3970
openmesh,learned_raw|in-RP>tgt-RCP,MAE,30,area,R|extrapolation,0.8433,0.6442,1.0335
openmesh,learned_raw|in-RP>tgt-RCP,MAE,60,domain,R|extrapolation,0.2334,0.1368,0.3455
openmesh,learned_raw|in-RP>tgt-RCP,MAE,60,area,R|extrapolation,0.3751,0.1840,0.5756
openmesh,learned_raw|in-RP>tgt-RCP,gauge next-hour RMSE,60,gauges,R|extrapolation,0.2566,-0.2207,0.7593
openmesh,learned_raw|in-RCP>tgt-RCP,CSI_1,15,domain,R|extrapolation,-0.0919,-0.1234,-0.0650
openmesh,learned_raw|in-RCP>tgt-RCP,CSI_1,15,area,R|extrapolation,-0.1727,-0.2196,-0.1324
openmesh,learned_raw|in-RCP>tgt-RCP,CSI_1,30,domain,R|extrapolation,-0.0946,-0.1293,-0.0643
openmesh,learned_raw|in-RCP>tgt-RCP,CSI_1,30,area,R|extrapolation,-0.1431,-0.1900,-0.1003
openmesh,learned_raw|in-RCP>tgt-RCP,CSI_1,60,domain,R|extrapolation,-0.0857,-0.1143,-0.0558
openmesh,learned_raw|in-RCP>tgt-RCP,CSI_1,60,area,R|extrapolation,-0.1076,-0.1617,-0.0612
openmesh,learned_raw|in-RCP>tgt-RCP,FSS_10km,15,domain,R|extrapolation,-0.0750,-0.1053,-0.0522
openmesh,learned_raw|in-RCP>tgt-RCP,FSS_10km,15,area,R|extrapolation,-0.1293,-0.1789,-0.0933
openmesh,learned_raw|in-RCP>tgt-RCP,FSS_10km,30,domain,R|extrapolation,-0.0968,-0.1374,-0.0667
openmesh,learned_raw|in-RCP>tgt-RCP,FSS_10km,30,area,R|extrapolation,-0.1327,-0.1813,-0.0921
openmesh,learned_raw|in-RCP>tgt-RCP,FSS_10km,60,domain,R|extrapolation,-0.1049,-0.1435,-0.0712
openmesh,learned_raw|in-RCP>tgt-RCP,FSS_10km,60,area,R|extrapolation,-0.1228,-0.1761,-0.0795
openmesh,learned_raw|in-RCP>tgt-RCP,MAE,15,domain,R|extrapolation,0.2759,0.2090,0.3452
openmesh,learned_raw|in-RCP>tgt-RCP,MAE,15,area,R|extrapolation,0.5599,0.4538,0.6703
openmesh,learned_raw|in-RCP>tgt-RCP,MAE,30,domain,R|extrapolation,0.3259,0.2171,0.4678
openmesh,learned_raw|in-RCP>tgt-RCP,MAE,30,area,R|extrapolation,0.5653,0.4110,0.7281
openmesh,learned_raw|in-RCP>tgt-RCP,MAE,60,domain,R|extrapolation,0.3956,0.2578,0.5684
openmesh,learned_raw|in-RCP>tgt-RCP,MAE,60,area,R|extrapolation,0.4421,0.2752,0.6067
openmesh,learned_raw|in-RCP>tgt-RCP,gauge next-hour RMSE,60,gauges,R|extrapolation,0.1213,-0.2109,0.5215
openmesh,learned_raw|hybrid,CSI_1,15,domain,R|extrapolation,-0.0099,-0.0181,-0.0041
openmesh,learned_raw|hybrid,CSI_1,15,area,R|extrapolation,-0.0232,-0.0361,-0.0135
openmesh,learned_raw|hybrid,CSI_1,30,domain,R|extrapolation,-0.0165,-0.0322,-0.0044
openmesh,learned_raw|hybrid,CSI_1,30,area,R|extrapolation,-0.0168,-0.0268,-0.0091
openmesh,learned_raw|hybrid,CSI_1,60,domain,R|extrapolation,-0.0203,-0.0402,-0.0006
openmesh,learned_raw|hybrid,CSI_1,60,area,R|extrapolation,0.0043,-0.0165,0.0214
openmesh,learned_raw|hybrid,FSS_10km,15,domain,R|extrapolation,-0.0066,-0.0124,-0.0028
openmesh,learned_raw|hybrid,FSS_10km,15,area,R|extrapolation,-0.0127,-0.0229,-0.0066
openmesh,learned_raw|hybrid,FSS_10km,30,domain,R|extrapolation,-0.0177,-0.0321,-0.0077
openmesh,learned_raw|hybrid,FSS_10km,30,area,R|extrapolation,-0.0112,-0.0205,-0.0049
openmesh,learned_raw|hybrid,FSS_10km,60,domain,R|extrapolation,-0.0330,-0.0540,-0.0145
openmesh,learned_raw|hybrid,FSS_10km,60,area,R|extrapolation,-0.0024,-0.0198,0.0111
openmesh,learned_raw|hybrid,MAE,15,domain,R|extrapolation,0.0920,0.0701,0.1169
openmesh,learned_raw|hybrid,MAE,15,area,R|extrapolation,0.0625,0.0350,0.0967
openmesh,learned_raw|hybrid,MAE,30,domain,R|extrapolation,0.1488,0.0870,0.2308
openmesh,learned_raw|hybrid,MAE,30,area,R|extrapolation,0.1899,0.0904,0.3076
openmesh,learned_raw|hybrid,MAE,60,domain,R|extrapolation,0.3070,0.2256,0.4219
openmesh,learned_raw|hybrid,MAE,60,area,R|extrapolation,0.4520,0.3299,0.6057
openmesh,learned_raw|hybrid,gauge next-hour RMSE,60,gauges,R|extrapolation,0.3437,0.0496,0.7559
