network,forecast,metric,lead_min,region,vs,estimate,low,high
openmrg,R|persistence,CSI_1,15,domain,R|extrapolation,-0.1877,-0.2105,-0.1671
openmrg,R|persistence,CSI_1,15,area,R|extrapolation,-0.1899,-0.2129,-0.1684
openmrg,R|persistence,CSI_1,30,domain,R|extrapolation,-0.1714,-0.1921,-0.1488
openmrg,R|persistence,CSI_1,30,area,R|extrapolation,-0.1734,-0.1948,-0.1499
openmrg,R|persistence,CSI_1,60,domain,R|extrapolation,-0.1399,-0.1771,-0.1096
openmrg,R|persistence,CSI_1,60,area,R|extrapolation,-0.1432,-0.1804,-0.1130
openmrg,R|persistence,FSS_10km,15,domain,R|extrapolation,-0.1276,-0.1744,-0.0999
openmrg,R|persistence,FSS_10km,15,area,R|extrapolation,-0.1305,-0.1773,-0.1007
openmrg,R|persistence,FSS_10km,30,domain,R|extrapolation,-0.1781,-0.2299,-0.1429
openmrg,R|persistence,FSS_10km,30,area,R|extrapolation,-0.1804,-0.2335,-0.1438
openmrg,R|persistence,FSS_10km,60,domain,R|extrapolation,-0.1993,-0.2584,-0.1456
openmrg,R|persistence,FSS_10km,60,area,R|extrapolation,-0.2039,-0.2653,-0.1482
openmrg,R|persistence,MAE,15,domain,R|extrapolation,0.2090,0.1603,0.2573
openmrg,R|persistence,MAE,15,area,R|extrapolation,0.2112,0.1588,0.2619
openmrg,R|persistence,MAE,30,domain,R|extrapolation,0.2077,0.1564,0.2577
openmrg,R|persistence,MAE,30,area,R|extrapolation,0.2098,0.1564,0.2625
openmrg,R|persistence,MAE,60,domain,R|extrapolation,0.1548,0.0740,0.2184
openmrg,R|persistence,MAE,60,area,R|extrapolation,0.1600,0.0745,0.2264
openmrg,R|persistence,gauge next-hour RMSE,60,gauges,R|extrapolation,0.5006,0.2293,0.7218
openmrg,R|extrapolation,CSI_1,15,domain,value,0.5852,0.4992,0.6404
openmrg,R|extrapolation,CSI_1,15,area,value,0.5835,0.4982,0.6374
openmrg,R|extrapolation,CSI_1,30,domain,value,0.4735,0.3790,0.5365
openmrg,R|extrapolation,CSI_1,30,area,value,0.4753,0.3801,0.5381
openmrg,R|extrapolation,CSI_1,60,domain,value,0.3462,0.2598,0.4179
openmrg,R|extrapolation,CSI_1,60,area,value,0.3498,0.2630,0.4199
openmrg,R|extrapolation,FSS_10km,15,domain,value,0.9230,0.8935,0.9392
openmrg,R|extrapolation,FSS_10km,15,area,value,0.9227,0.8940,0.9389
openmrg,R|extrapolation,FSS_10km,30,domain,value,0.8436,0.7932,0.8721
openmrg,R|extrapolation,FSS_10km,30,area,value,0.8450,0.7954,0.8733
openmrg,R|extrapolation,FSS_10km,60,domain,value,0.7114,0.6350,0.7595
openmrg,R|extrapolation,FSS_10km,60,area,value,0.7152,0.6396,0.7616
openmrg,R|extrapolation,MAE,15,domain,value,0.3768,0.2840,0.4629
openmrg,R|extrapolation,MAE,15,area,value,0.3761,0.2853,0.4619
openmrg,R|extrapolation,MAE,30,domain,value,0.4858,0.3733,0.5920
openmrg,R|extrapolation,MAE,30,area,value,0.4898,0.3777,0.5990
openmrg,R|extrapolation,MAE,60,domain,value,0.5827,0.4370,0.7174
openmrg,R|extrapolation,MAE,60,area,value,0.5926,0.4506,0.7226
openmrg,R|sprog,CSI_1,15,domain,R|extrapolation,-0.0007,-0.0064,0.0052
openmrg,R|sprog,CSI_1,15,area,R|extrapolation,0.0005,-0.0052,0.0060
openmrg,R|sprog,CSI_1,30,domain,R|extrapolation,0.0101,0.0031,0.0172
openmrg,R|sprog,CSI_1,30,area,R|extrapolation,0.0096,0.0025,0.0167
openmrg,R|sprog,CSI_1,60,domain,R|extrapolation,0.0066,-0.0018,0.0158
openmrg,R|sprog,CSI_1,60,area,R|extrapolation,0.0073,-0.0015,0.0170
openmrg,R|sprog,FSS_10km,15,domain,R|extrapolation,-0.0220,-0.0306,-0.0164
openmrg,R|sprog,FSS_10km,15,area,R|extrapolation,-0.0211,-0.0299,-0.0157
openmrg,R|sprog,FSS_10km,30,domain,R|extrapolation,-0.0214,-0.0303,-0.0151
openmrg,R|sprog,FSS_10km,30,area,R|extrapolation,-0.0220,-0.0310,-0.0158
openmrg,R|sprog,FSS_10km,60,domain,R|extrapolation,-0.0294,-0.0412,-0.0190
openmrg,R|sprog,FSS_10km,60,area,R|extrapolation,-0.0287,-0.0415,-0.0176
openmrg,R|sprog,MAE,15,domain,R|extrapolation,0.0395,0.0253,0.0541
openmrg,R|sprog,MAE,15,area,R|extrapolation,0.0326,0.0206,0.0449
openmrg,R|sprog,MAE,30,domain,R|extrapolation,0.0393,0.0224,0.0562
openmrg,R|sprog,MAE,30,area,R|extrapolation,0.0358,0.0200,0.0522
openmrg,R|sprog,MAE,60,domain,R|extrapolation,0.0671,0.0431,0.0975
openmrg,R|sprog,MAE,60,area,R|extrapolation,0.0684,0.0432,0.1001
openmrg,R|sprog,gauge next-hour RMSE,60,gauges,R|extrapolation,0.1084,-0.0018,0.2245
openmrg,C|persistence,CSI_1,15,domain,R|extrapolation,-0.2857,-0.3362,-0.2458
openmrg,C|persistence,CSI_1,15,area,R|extrapolation,-0.2736,-0.3218,-0.2355
openmrg,C|persistence,CSI_1,30,domain,R|extrapolation,-0.2181,-0.2749,-0.1691
openmrg,C|persistence,CSI_1,30,area,R|extrapolation,-0.2152,-0.2701,-0.1675
openmrg,C|persistence,CSI_1,60,domain,R|extrapolation,-0.1600,-0.2311,-0.1068
openmrg,C|persistence,CSI_1,60,area,R|extrapolation,-0.1617,-0.2315,-0.1086
openmrg,C|persistence,FSS_10km,15,domain,R|extrapolation,-0.3452,-0.4323,-0.2806
openmrg,C|persistence,FSS_10km,15,area,R|extrapolation,-0.3349,-0.4242,-0.2699
openmrg,C|persistence,FSS_10km,30,domain,R|extrapolation,-0.3291,-0.4166,-0.2614
openmrg,C|persistence,FSS_10km,30,area,R|extrapolation,-0.3262,-0.4121,-0.2607
openmrg,C|persistence,FSS_10km,60,domain,R|extrapolation,-0.3053,-0.3968,-0.2341
openmrg,C|persistence,FSS_10km,60,area,R|extrapolation,-0.3083,-0.3996,-0.2367
openmrg,C|persistence,MAE,15,domain,R|extrapolation,0.3472,0.2712,0.4179
openmrg,C|persistence,MAE,15,area,R|extrapolation,0.3513,0.2773,0.4219
openmrg,C|persistence,MAE,30,domain,R|extrapolation,0.3021,0.2280,0.3700
openmrg,C|persistence,MAE,30,area,R|extrapolation,0.3075,0.2324,0.3763
openmrg,C|persistence,MAE,60,domain,R|extrapolation,0.2366,0.1417,0.3323
openmrg,C|persistence,MAE,60,area,R|extrapolation,0.2460,0.1482,0.3461
openmrg,C|persistence,gauge next-hour RMSE,60,gauges,R|extrapolation,0.3215,0.0908,0.5150
openmrg,C|extrapolation,CSI_1,15,domain,R|extrapolation,-0.2699,-0.3230,-0.2294
openmrg,C|extrapolation,CSI_1,15,area,R|extrapolation,-0.2556,-0.3069,-0.2169
openmrg,C|extrapolation,CSI_1,30,domain,R|extrapolation,-0.1965,-0.2525,-0.1475
openmrg,C|extrapolation,CSI_1,30,area,R|extrapolation,-0.1912,-0.2443,-0.1435
openmrg,C|extrapolation,CSI_1,60,domain,R|extrapolation,-0.1342,-0.2003,-0.0818
openmrg,C|extrapolation,CSI_1,60,area,R|extrapolation,-0.1341,-0.1994,-0.0813
openmrg,C|extrapolation,FSS_10km,15,domain,R|extrapolation,-0.3230,-0.4090,-0.2592
openmrg,C|extrapolation,FSS_10km,15,area,R|extrapolation,-0.3106,-0.3971,-0.2476
openmrg,C|extrapolation,FSS_10km,30,domain,R|extrapolation,-0.2924,-0.3735,-0.2305
openmrg,C|extrapolation,FSS_10km,30,area,R|extrapolation,-0.2870,-0.3677,-0.2259
openmrg,C|extrapolation,FSS_10km,60,domain,R|extrapolation,-0.2571,-0.3438,-0.1914
openmrg,C|extrapolation,FSS_10km,60,area,R|extrapolation,-0.2570,-0.3411,-0.1913
openmrg,C|extrapolation,MAE,15,domain,R|extrapolation,0.3017,0.2346,0.3699
openmrg,C|extrapolation,MAE,15,area,R|extrapolation,0.3053,0.2401,0.3725
openmrg,C|extrapolation,MAE,30,domain,R|extrapolation,0.2371,0.1815,0.2943
openmrg,C|extrapolation,MAE,30,area,R|extrapolation,0.2414,0.1877,0.2951
openmrg,C|extrapolation,MAE,60,domain,R|extrapolation,0.1491,0.0844,0.2129
openmrg,C|extrapolation,MAE,60,area,R|extrapolation,0.1537,0.0860,0.2188
openmrg,C|extrapolation,gauge next-hour RMSE,60,gauges,R|extrapolation,0.0625,-0.1074,0.2168
openmrg,C|sprog,CSI_1,15,domain,R|extrapolation,-0.2658,-0.3177,-0.2260
openmrg,C|sprog,CSI_1,15,area,R|extrapolation,-0.2511,-0.3005,-0.2132
openmrg,C|sprog,CSI_1,30,domain,R|extrapolation,-0.1908,-0.2461,-0.1420
openmrg,C|sprog,CSI_1,30,area,R|extrapolation,-0.1848,-0.2362,-0.1378
openmrg,C|sprog,CSI_1,60,domain,R|extrapolation,-0.1291,-0.1961,-0.0743
openmrg,C|sprog,CSI_1,60,area,R|extrapolation,-0.1286,-0.1947,-0.0744
openmrg,C|sprog,FSS_10km,15,domain,R|extrapolation,-0.3244,-0.4089,-0.2625
openmrg,C|sprog,FSS_10km,15,area,R|extrapolation,-0.3125,-0.3986,-0.2508
openmrg,C|sprog,FSS_10km,30,domain,R|extrapolation,-0.2943,-0.3727,-0.2335
openmrg,C|sprog,FSS_10km,30,area,R|extrapolation,-0.2885,-0.3645,-0.2284
openmrg,C|sprog,FSS_10km,60,domain,R|extrapolation,-0.2583,-0.3415,-0.1955
openmrg,C|sprog,FSS_10km,60,area,R|extrapolation,-0.2577,-0.3381,-0.1952
openmrg,C|sprog,MAE,15,domain,R|extrapolation,0.3151,0.2458,0.3845
openmrg,C|sprog,MAE,15,area,R|extrapolation,0.3240,0.2545,0.3921
openmrg,C|sprog,MAE,30,domain,R|extrapolation,0.2544,0.1947,0.3150
openmrg,C|sprog,MAE,30,area,R|extrapolation,0.2631,0.2036,0.3215
openmrg,C|sprog,MAE,60,domain,R|extrapolation,0.1736,0.1062,0.2440
openmrg,C|sprog,MAE,60,area,R|extrapolation,0.1813,0.1099,0.2538
openmrg,C|sprog,gauge next-hour RMSE,60,gauges,R|extrapolation,0.0752,-0.1028,0.2303
openmrg,C|extrapolation_Rmotion,CSI_1,15,domain,R|extrapolation,-0.2431,-0.2965,-0.2023
openmrg,C|extrapolation_Rmotion,CSI_1,15,area,R|extrapolation,-0.2236,-0.2748,-0.1849
openmrg,C|extrapolation_Rmotion,CSI_1,30,domain,R|extrapolation,-0.1535,-0.2045,-0.1096
openmrg,C|extrapolation_Rmotion,CSI_1,30,area,R|extrapolation,-0.1451,-0.1951,-0.1016
openmrg,C|extrapolation_Rmotion,CSI_1,60,domain,R|extrapolation,-0.0871,-0.1546,-0.0265
openmrg,C|extrapolation_Rmotion,CSI_1,60,area,R|extrapolation,-0.0866,-0.1531,-0.0252
openmrg,C|extrapolation_Rmotion,FSS_10km,15,domain,R|extrapolation,-0.2907,-0.3710,-0.2340
openmrg,C|extrapolation_Rmotion,FSS_10km,15,area,R|extrapolation,-0.2694,-0.3542,-0.2118
openmrg,C|extrapolation_Rmotion,FSS_10km,30,domain,R|extrapolation,-0.2346,-0.3010,-0.1838
openmrg,C|extrapolation_Rmotion,FSS_10km,30,area,R|extrapolation,-0.2241,-0.2885,-0.1748
openmrg,C|extrapolation_Rmotion,FSS_10km,60,domain,R|extrapolation,-0.1784,-0.2498,-0.1152
openmrg,C|extrapolation_Rmotion,FSS_10km,60,area,R|extrapolation,-0.1765,-0.2473,-0.1132
openmrg,C|extrapolation_Rmotion,MAE,15,domain,R|extrapolation,0.2452,0.1943,0.2960
openmrg,C|extrapolation_Rmotion,MAE,15,area,R|extrapolation,0.2451,0.1951,0.2945
openmrg,C|extrapolation_Rmotion,MAE,30,domain,R|extrapolation,0.1491,0.1116,0.1903
openmrg,C|extrapolation_Rmotion,MAE,30,area,R|extrapolation,0.1499,0.1134,0.1903
openmrg,C|extrapolation_Rmotion,MAE,60,domain,R|extrapolation,0.0595,0.0059,0.1142
openmrg,C|extrapolation_Rmotion,MAE,60,area,R|extrapolation,0.0618,0.0061,0.1181
openmrg,C|extrapolation_Rmotion,gauge next-hour RMSE,60,gauges,R|extrapolation,-0.1763,-0.3611,-0.0117
openmrg,C|sprog_Rmotion,CSI_1,15,domain,R|extrapolation,-0.2457,-0.2970,-0.2063
openmrg,C|sprog_Rmotion,CSI_1,15,area,R|extrapolation,-0.2268,-0.2743,-0.1899
openmrg,C|sprog_Rmotion,CSI_1,30,domain,R|extrapolation,-0.1566,-0.2072,-0.1124
openmrg,C|sprog_Rmotion,CSI_1,30,area,R|extrapolation,-0.1483,-0.1963,-0.1053
openmrg,C|sprog_Rmotion,CSI_1,60,domain,R|extrapolation,-0.0859,-0.1530,-0.0242
openmrg,C|sprog_Rmotion,CSI_1,60,area,R|extrapolation,-0.0852,-0.1529,-0.0218
openmrg,C|sprog_Rmotion,FSS_10km,15,domain,R|extrapolation,-0.3028,-0.3820,-0.2478
openmrg,C|sprog_Rmotion,FSS_10km,15,area,R|extrapolation,-0.2828,-0.3648,-0.2269
openmrg,C|sprog_Rmotion,FSS_10km,30,domain,R|extrapolation,-0.2486,-0.3149,-0.1990
openmrg,C|sprog_Rmotion,FSS_10km,30,area,R|extrapolation,-0.2383,-0.3009,-0.1894
openmrg,C|sprog_Rmotion,FSS_10km,60,domain,R|extrapolation,-0.1888,-0.2623,-0.1252
openmrg,C|sprog_Rmotion,FSS_10km,60,area,R|extrapolation,-0.1864,-0.2599,-0.1231
openmrg,C|sprog_Rmotion,MAE,15,domain,R|extrapolation,0.2713,0.2137,0.3261
openmrg,C|sprog_Rmotion,MAE,15,area,R|extrapolation,0.2757,0.2212,0.3297
openmrg,C|sprog_Rmotion,MAE,30,domain,R|extrapolation,0.1789,0.1367,0.2202
openmrg,C|sprog_Rmotion,MAE,30,area,R|extrapolation,0.1821,0.1411,0.2231
openmrg,C|sprog_Rmotion,MAE,60,domain,R|extrapolation,0.0876,0.0294,0.1452
openmrg,C|sprog_Rmotion,MAE,60,area,R|extrapolation,0.0910,0.0309,0.1492
openmrg,C|sprog_Rmotion,gauge next-hour RMSE,60,gauges,R|extrapolation,-0.1455,-0.3147,-0.0033
openmrg,P|persistence,CSI_1,15,domain,R|extrapolation,-0.3226,-0.3645,-0.2859
openmrg,P|persistence,CSI_1,15,area,R|extrapolation,-0.3070,-0.3483,-0.2741
openmrg,P|persistence,CSI_1,30,domain,R|extrapolation,-0.2468,-0.2981,-0.1944
openmrg,P|persistence,CSI_1,30,area,R|extrapolation,-0.2410,-0.2896,-0.1904
openmrg,P|persistence,CSI_1,60,domain,R|extrapolation,-0.1882,-0.2506,-0.1387
openmrg,P|persistence,CSI_1,60,area,R|extrapolation,-0.1894,-0.2508,-0.1383
openmrg,P|persistence,FSS_10km,15,domain,R|extrapolation,-0.3742,-0.4609,-0.3123
openmrg,P|persistence,FSS_10km,15,area,R|extrapolation,-0.3525,-0.4421,-0.2912
openmrg,P|persistence,FSS_10km,30,domain,R|extrapolation,-0.3510,-0.4362,-0.2871
openmrg,P|persistence,FSS_10km,30,area,R|extrapolation,-0.3400,-0.4253,-0.2763
openmrg,P|persistence,FSS_10km,60,domain,R|extrapolation,-0.3383,-0.4302,-0.2749
openmrg,P|persistence,FSS_10km,60,area,R|extrapolation,-0.3375,-0.4304,-0.2756
openmrg,P|persistence,MAE,15,domain,R|extrapolation,0.2738,0.2076,0.3395
openmrg,P|persistence,MAE,15,area,R|extrapolation,0.2786,0.2124,0.3436
openmrg,P|persistence,MAE,30,domain,R|extrapolation,0.2150,0.1552,0.2784
openmrg,P|persistence,MAE,30,area,R|extrapolation,0.2213,0.1603,0.2834
openmrg,P|persistence,MAE,60,domain,R|extrapolation,0.1315,0.0498,0.2218
openmrg,P|persistence,MAE,60,area,R|extrapolation,0.1391,0.0524,0.2318
openmrg,P|persistence,gauge next-hour RMSE,60,gauges,R|extrapolation,0.2362,-0.0102,0.4272
openmrg,P|extrapolation,CSI_1,15,domain,R|extrapolation,-0.3256,-0.3686,-0.2916
openmrg,P|extrapolation,CSI_1,15,area,R|extrapolation,-0.3086,-0.3503,-0.2789
openmrg,P|extrapolation,CSI_1,30,domain,R|extrapolation,-0.2470,-0.2960,-0.2003
openmrg,P|extrapolation,CSI_1,30,area,R|extrapolation,-0.2405,-0.2886,-0.1950
openmrg,P|extrapolation,CSI_1,60,domain,R|extrapolation,-0.1862,-0.2446,-0.1365
openmrg,P|extrapolation,CSI_1,60,area,R|extrapolation,-0.1860,-0.2434,-0.1371
openmrg,P|extrapolation,FSS_10km,15,domain,R|extrapolation,-0.3752,-0.4676,-0.3096
openmrg,P|extrapolation,FSS_10km,15,area,R|extrapolation,-0.3515,-0.4495,-0.2867
openmrg,P|extrapolation,FSS_10km,30,domain,R|extrapolation,-0.3455,-0.4279,-0.2870
openmrg,P|extrapolation,FSS_10km,30,area,R|extrapolation,-0.3338,-0.4174,-0.2752
openmrg,P|extrapolation,FSS_10km,60,domain,R|extrapolation,-0.3281,-0.4069,-0.2721
openmrg,P|extrapolation,FSS_10km,60,area,R|extrapolation,-0.3253,-0.4030,-0.2709
openmrg,P|extrapolation,MAE,15,domain,R|extrapolation,0.2424,0.1828,0.2993
openmrg,P|extrapolation,MAE,15,area,R|extrapolation,0.2451,0.1878,0.3017
openmrg,P|extrapolation,MAE,30,domain,R|extrapolation,0.1645,0.1172,0.2151
openmrg,P|extrapolation,MAE,30,area,R|extrapolation,0.1690,0.1209,0.2192
openmrg,P|extrapolation,MAE,60,domain,R|extrapolation,0.0542,-0.0133,0.1245
openmrg,P|extrapolation,MAE,60,area,R|extrapolation,0.0587,-0.0126,0.1313
openmrg,P|extrapolation,gauge next-hour RMSE,60,gauges,R|extrapolation,0.0577,-0.1346,0.1988
openmrg,P|sprog,CSI_1,15,domain,R|extrapolation,-0.3207,-0.3631,-0.2869
openmrg,P|sprog,CSI_1,15,area,R|extrapolation,-0.3036,-0.3441,-0.2744
openmrg,P|sprog,CSI_1,30,domain,R|extrapolation,-0.2373,-0.2858,-0.1912
openmrg,P|sprog,CSI_1,30,area,R|extrapolation,-0.2302,-0.2770,-0.1861
openmrg,P|sprog,CSI_1,60,domain,R|extrapolation,-0.1780,-0.2371,-0.1291
openmrg,P|sprog,CSI_1,60,area,R|extrapolation,-0.1775,-0.2350,-0.1292
openmrg,P|sprog,FSS_10km,15,domain,R|extrapolation,-0.3743,-0.4670,-0.3071
openmrg,P|sprog,FSS_10km,15,area,R|extrapolation,-0.3512,-0.4452,-0.2845
openmrg,P|sprog,FSS_10km,30,domain,R|extrapolation,-0.3379,-0.4205,-0.2793
openmrg,P|sprog,FSS_10km,30,area,R|extrapolation,-0.3260,-0.4098,-0.2697
openmrg,P|sprog,FSS_10km,60,domain,R|extrapolation,-0.3206,-0.3971,-0.2646
openmrg,P|sprog,FSS_10km,60,area,R|extrapolation,-0.3175,-0.3928,-0.2637
openmrg,P|sprog,MAE,15,domain,R|extrapolation,0.2539,0.1924,0.3134
openmrg,P|sprog,MAE,15,area,R|extrapolation,0.2592,0.1983,0.3184
openmrg,P|sprog,MAE,30,domain,R|extrapolation,0.1782,0.1280,0.2320
openmrg,P|sprog,MAE,30,area,R|extrapolation,0.1842,0.1327,0.2379
openmrg,P|sprog,MAE,60,domain,R|extrapolation,0.0688,-0.0059,0.1479
openmrg,P|sprog,MAE,60,area,R|extrapolation,0.0745,-0.0037,0.1565
openmrg,P|sprog,gauge next-hour RMSE,60,gauges,R|extrapolation,0.2020,-0.0711,0.4541
openmrg,P|extrapolation_Rmotion,CSI_1,15,domain,R|extrapolation,-0.3004,-0.3401,-0.2675
openmrg,P|extrapolation_Rmotion,CSI_1,15,area,R|extrapolation,-0.2802,-0.3171,-0.2508
openmrg,P|extrapolation_Rmotion,CSI_1,30,domain,R|extrapolation,-0.2137,-0.2535,-0.1700
openmrg,P|extrapolation_Rmotion,CSI_1,30,area,R|extrapolation,-0.2056,-0.2429,-0.1621
openmrg,P|extrapolation_Rmotion,CSI_1,60,domain,R|extrapolation,-0.1386,-0.1913,-0.0792
openmrg,P|extrapolation_Rmotion,CSI_1,60,area,R|extrapolation,-0.1386,-0.1908,-0.0783
openmrg,P|extrapolation_Rmotion,FSS_10km,15,domain,R|extrapolation,-0.3388,-0.4107,-0.2867
openmrg,P|extrapolation_Rmotion,FSS_10km,15,area,R|extrapolation,-0.3102,-0.3855,-0.2581
openmrg,P|extrapolation_Rmotion,FSS_10km,30,domain,R|extrapolation,-0.2935,-0.3508,-0.2482
openmrg,P|extrapolation_Rmotion,FSS_10km,30,area,R|extrapolation,-0.2800,-0.3362,-0.2355
openmrg,P|extrapolation_Rmotion,FSS_10km,60,domain,R|extrapolation,-0.2386,-0.2961,-0.1754
openmrg,P|extrapolation_Rmotion,FSS_10km,60,area,R|extrapolation,-0.2374,-0.2942,-0.1738
openmrg,P|extrapolation_Rmotion,MAE,15,domain,R|extrapolation,0.2010,0.1559,0.2460
openmrg,P|extrapolation_Rmotion,MAE,15,area,R|extrapolation,0.2007,0.1573,0.2451
openmrg,P|extrapolation_Rmotion,MAE,30,domain,R|extrapolation,0.1069,0.0696,0.1450
openmrg,P|extrapolation_Rmotion,MAE,30,area,R|extrapolation,0.1076,0.0706,0.1462
openmrg,P|extrapolation_Rmotion,MAE,60,domain,R|extrapolation,0.0126,-0.0576,0.0713
openmrg,P|extrapolation_Rmotion,MAE,60,area,R|extrapolation,0.0136,-0.0594,0.0735
openmrg,P|extrapolation_Rmotion,gauge next-hour RMSE,60,gauges,R|extrapolation,-0.0762,-0.2808,0.0893
openmrg,P|sprog_Rmotion,CSI_1,15,domain,R|extrapolation,-0.2959,-0.3372,-0.2614
openmrg,P|sprog_Rmotion,CSI_1,15,area,R|extrapolation,-0.2760,-0.3130,-0.2447
openmrg,P|sprog_Rmotion,CSI_1,30,domain,R|extrapolation,-0.2112,-0.2492,-0.1692
openmrg,P|sprog_Rmotion,CSI_1,30,area,R|extrapolation,-0.2038,-0.2405,-0.1610
openmrg,P|sprog_Rmotion,CSI_1,60,domain,R|extrapolation,-0.1400,-0.1936,-0.0794
openmrg,P|sprog_Rmotion,CSI_1,60,area,R|extrapolation,-0.1402,-0.1958,-0.0784
openmrg,P|sprog_Rmotion,FSS_10km,15,domain,R|extrapolation,-0.3403,-0.4138,-0.2876
openmrg,P|sprog_Rmotion,FSS_10km,15,area,R|extrapolation,-0.3135,-0.3900,-0.2597
openmrg,P|sprog_Rmotion,FSS_10km,30,domain,R|extrapolation,-0.2981,-0.3509,-0.2530
openmrg,P|sprog_Rmotion,FSS_10km,30,area,R|extrapolation,-0.2860,-0.3375,-0.2415
openmrg,P|sprog_Rmotion,FSS_10km,60,domain,R|extrapolation,-0.2499,-0.3042,-0.1908
openmrg,P|sprog_Rmotion,FSS_10km,60,area,R|extrapolation,-0.2487,-0.3036,-0.1872
openmrg,P|sprog_Rmotion,MAE,15,domain,R|extrapolation,0.2191,0.1687,0.2671
openmrg,P|sprog_Rmotion,MAE,15,area,R|extrapolation,0.2212,0.1720,0.2696
openmrg,P|sprog_Rmotion,MAE,30,domain,R|extrapolation,0.1286,0.0896,0.1668
openmrg,P|sprog_Rmotion,MAE,30,area,R|extrapolation,0.1313,0.0916,0.1712
openmrg,P|sprog_Rmotion,MAE,60,domain,R|extrapolation,0.0359,-0.0370,0.1032
openmrg,P|sprog_Rmotion,MAE,60,area,R|extrapolation,0.0388,-0.0367,0.1091
openmrg,P|sprog_Rmotion,gauge next-hour RMSE,60,gauges,R|extrapolation,-0.0585,-0.2821,0.1114
openmrg,CP|persistence,CSI_1,15,domain,R|extrapolation,-0.2831,-0.3334,-0.2436
openmrg,CP|persistence,CSI_1,15,area,R|extrapolation,-0.2712,-0.3186,-0.2328
openmrg,CP|persistence,CSI_1,30,domain,R|extrapolation,-0.2164,-0.2731,-0.1678
openmrg,CP|persistence,CSI_1,30,area,R|extrapolation,-0.2136,-0.2686,-0.1661
openmrg,CP|persistence,CSI_1,60,domain,R|extrapolation,-0.1573,-0.2289,-0.1039
openmrg,CP|persistence,CSI_1,60,area,R|extrapolation,-0.1594,-0.2299,-0.1065
openmrg,CP|persistence,FSS_10km,15,domain,R|extrapolation,-0.3401,-0.4284,-0.2736
openmrg,CP|persistence,FSS_10km,15,area,R|extrapolation,-0.3296,-0.4189,-0.2636
openmrg,CP|persistence,FSS_10km,30,domain,R|extrapolation,-0.3244,-0.4125,-0.2562
openmrg,CP|persistence,FSS_10km,30,area,R|extrapolation,-0.3213,-0.4073,-0.2547
openmrg,CP|persistence,FSS_10km,60,domain,R|extrapolation,-0.2993,-0.3950,-0.2265
openmrg,CP|persistence,FSS_10km,60,area,R|extrapolation,-0.3026,-0.3962,-0.2296
openmrg,CP|persistence,MAE,15,domain,R|extrapolation,0.3360,0.2605,0.4059
openmrg,CP|persistence,MAE,15,area,R|extrapolation,0.3390,0.2643,0.4078
openmrg,CP|persistence,MAE,30,domain,R|extrapolation,0.2926,0.2208,0.3589
openmrg,CP|persistence,MAE,30,area,R|extrapolation,0.2970,0.2233,0.3625
openmrg,CP|persistence,MAE,60,domain,R|extrapolation,0.2272,0.1350,0.3195
openmrg,CP|persistence,MAE,60,area,R|extrapolation,0.2357,0.1405,0.3309
openmrg,CP|persistence,gauge next-hour RMSE,60,gauges,R|extrapolation,0.3159,0.0859,0.5089
openmrg,CP|extrapolation,CSI_1,15,domain,R|extrapolation,-0.2651,-0.3185,-0.2243
openmrg,CP|extrapolation,CSI_1,15,area,R|extrapolation,-0.2505,-0.3024,-0.2119
openmrg,CP|extrapolation,CSI_1,30,domain,R|extrapolation,-0.1905,-0.2457,-0.1422
openmrg,CP|extrapolation,CSI_1,30,area,R|extrapolation,-0.1851,-0.2377,-0.1377
openmrg,CP|extrapolation,CSI_1,60,domain,R|extrapolation,-0.1326,-0.1973,-0.0791
openmrg,CP|extrapolation,CSI_1,60,area,R|extrapolation,-0.1326,-0.1979,-0.0784
openmrg,CP|extrapolation,FSS_10km,15,domain,R|extrapolation,-0.3146,-0.3980,-0.2507
openmrg,CP|extrapolation,FSS_10km,15,area,R|extrapolation,-0.3015,-0.3846,-0.2376
openmrg,CP|extrapolation,FSS_10km,30,domain,R|extrapolation,-0.2827,-0.3651,-0.2207
openmrg,CP|extrapolation,FSS_10km,30,area,R|extrapolation,-0.2768,-0.3564,-0.2147
openmrg,CP|extrapolation,FSS_10km,60,domain,R|extrapolation,-0.2512,-0.3382,-0.1868
openmrg,CP|extrapolation,FSS_10km,60,area,R|extrapolation,-0.2511,-0.3369,-0.1871
openmrg,CP|extrapolation,MAE,15,domain,R|extrapolation,0.2877,0.2224,0.3533
openmrg,CP|extrapolation,MAE,15,area,R|extrapolation,0.2904,0.2269,0.3556
openmrg,CP|extrapolation,MAE,30,domain,R|extrapolation,0.2218,0.1698,0.2759
openmrg,CP|extrapolation,MAE,30,area,R|extrapolation,0.2253,0.1731,0.2755
openmrg,CP|extrapolation,MAE,60,domain,R|extrapolation,0.1296,0.0707,0.1870
openmrg,CP|extrapolation,MAE,60,area,R|extrapolation,0.1344,0.0724,0.1928
openmrg,CP|extrapolation,gauge next-hour RMSE,60,gauges,R|extrapolation,0.0184,-0.1557,0.1696
openmrg,CP|sprog,CSI_1,15,domain,R|extrapolation,-0.2604,-0.3113,-0.2214
openmrg,CP|sprog,CSI_1,15,area,R|extrapolation,-0.2454,-0.2946,-0.2078
openmrg,CP|sprog,CSI_1,30,domain,R|extrapolation,-0.1837,-0.2372,-0.1354
openmrg,CP|sprog,CSI_1,30,area,R|extrapolation,-0.1776,-0.2285,-0.1309
openmrg,CP|sprog,CSI_1,60,domain,R|extrapolation,-0.1266,-0.1943,-0.0710
openmrg,CP|sprog,CSI_1,60,area,R|extrapolation,-0.1263,-0.1929,-0.0708
openmrg,CP|sprog,FSS_10km,15,domain,R|extrapolation,-0.3170,-0.3988,-0.2550
openmrg,CP|sprog,FSS_10km,15,area,R|extrapolation,-0.3045,-0.3890,-0.2429
openmrg,CP|sprog,FSS_10km,30,domain,R|extrapolation,-0.2844,-0.3615,-0.2231
openmrg,CP|sprog,FSS_10km,30,area,R|extrapolation,-0.2782,-0.3524,-0.2193
openmrg,CP|sprog,FSS_10km,60,domain,R|extrapolation,-0.2537,-0.3363,-0.1926
openmrg,CP|sprog,FSS_10km,60,area,R|extrapolation,-0.2531,-0.3328,-0.1927
openmrg,CP|sprog,MAE,15,domain,R|extrapolation,0.3007,0.2344,0.3666
openmrg,CP|sprog,MAE,15,area,R|extrapolation,0.3084,0.2416,0.3735
openmrg,CP|sprog,MAE,30,domain,R|extrapolation,0.2384,0.1824,0.2946
openmrg,CP|sprog,MAE,30,area,R|extrapolation,0.2461,0.1895,0.2991
openmrg,CP|sprog,MAE,60,domain,R|extrapolation,0.1524,0.0909,0.2135
openmrg,CP|sprog,MAE,60,area,R|extrapolation,0.1592,0.0945,0.2205
openmrg,CP|sprog,gauge next-hour RMSE,60,gauges,R|extrapolation,0.0427,-0.1436,0.1978
openmrg,CP|extrapolation_Rmotion,CSI_1,15,domain,R|extrapolation,-0.2403,-0.2937,-0.1997
openmrg,CP|extrapolation_Rmotion,CSI_1,15,area,R|extrapolation,-0.2206,-0.2721,-0.1819
openmrg,CP|extrapolation_Rmotion,CSI_1,30,domain,R|extrapolation,-0.1515,-0.2023,-0.1078
openmrg,CP|extrapolation_Rmotion,CSI_1,30,area,R|extrapolation,-0.1431,-0.1928,-0.0995
openmrg,CP|extrapolation_Rmotion,CSI_1,60,domain,R|extrapolation,-0.0858,-0.1526,-0.0257
openmrg,CP|extrapolation_Rmotion,CSI_1,60,area,R|extrapolation,-0.0854,-0.1504,-0.0241
openmrg,CP|extrapolation_Rmotion,FSS_10km,15,domain,R|extrapolation,-0.2859,-0.3656,-0.2294
openmrg,CP|extrapolation_Rmotion,FSS_10km,15,area,R|extrapolation,-0.2644,-0.3480,-0.2068
openmrg,CP|extrapolation_Rmotion,FSS_10km,30,domain,R|extrapolation,-0.2307,-0.2975,-0.1798
openmrg,CP|extrapolation_Rmotion,FSS_10km,30,area,R|extrapolation,-0.2204,-0.2850,-0.1712
openmrg,CP|extrapolation_Rmotion,FSS_10km,60,domain,R|extrapolation,-0.1762,-0.2464,-0.1121
openmrg,CP|extrapolation_Rmotion,FSS_10km,60,area,R|extrapolation,-0.1744,-0.2452,-0.1101
openmrg,CP|extrapolation_Rmotion,MAE,15,domain,R|extrapolation,0.2353,0.1840,0.2861
openmrg,CP|extrapolation_Rmotion,MAE,15,area,R|extrapolation,0.2347,0.1853,0.2840
openmrg,CP|extrapolation_Rmotion,MAE,30,domain,R|extrapolation,0.1410,0.1030,0.1818
openmrg,CP|extrapolation_Rmotion,MAE,30,area,R|extrapolation,0.1417,0.1050,0.1808
openmrg,CP|extrapolation_Rmotion,MAE,60,domain,R|extrapolation,0.0523,-0.0011,0.1071
openmrg,CP|extrapolation_Rmotion,MAE,60,area,R|extrapolation,0.0543,-0.0016,0.1095
openmrg,CP|extrapolation_Rmotion,gauge next-hour RMSE,60,gauges,R|extrapolation,-0.1815,-0.3648,-0.0232
openmrg,CP|sprog_Rmotion,CSI_1,15,domain,R|extrapolation,-0.2419,-0.2923,-0.2027
openmrg,CP|sprog_Rmotion,CSI_1,15,area,R|extrapolation,-0.2226,-0.2693,-0.1860
openmrg,CP|sprog_Rmotion,CSI_1,30,domain,R|extrapolation,-0.1551,-0.2052,-0.1103
openmrg,CP|sprog_Rmotion,CSI_1,30,area,R|extrapolation,-0.1466,-0.1949,-0.1034
openmrg,CP|sprog_Rmotion,CSI_1,60,domain,R|extrapolation,-0.0845,-0.1524,-0.0220
openmrg,CP|sprog_Rmotion,CSI_1,60,area,R|extrapolation,-0.0836,-0.1512,-0.0208
openmrg,CP|sprog_Rmotion,FSS_10km,15,domain,R|extrapolation,-0.2972,-0.3743,-0.2422
openmrg,CP|sprog_Rmotion,FSS_10km,15,area,R|extrapolation,-0.2768,-0.3568,-0.2204
openmrg,CP|sprog_Rmotion,FSS_10km,30,domain,R|extrapolation,-0.2462,-0.3110,-0.1973
openmrg,CP|sprog_Rmotion,FSS_10km,30,area,R|extrapolation,-0.2356,-0.2983,-0.1867
openmrg,CP|sprog_Rmotion,FSS_10km,60,domain,R|extrapolation,-0.1868,-0.2602,-0.1228
openmrg,CP|sprog_Rmotion,FSS_10km,60,area,R|extrapolation,-0.1843,-0.2571,-0.1198
openmrg,CP|sprog_Rmotion,MAE,15,domain,R|extrapolation,0.2591,0.2040,0.3131
openmrg,CP|sprog_Rmotion,MAE,15,area,R|extrapolation,0.2624,0.2099,0.3136
openmrg,CP|sprog_Rmotion,MAE,30,domain,R|extrapolation,0.1700,0.1297,0.2094
openmrg,CP|sprog_Rmotion,MAE,30,area,R|extrapolation,0.1727,0.1335,0.2140
openmrg,CP|sprog_Rmotion,MAE,60,domain,R|extrapolation,0.0787,0.0211,0.1337
openmrg,CP|sprog_Rmotion,MAE,60,area,R|extrapolation,0.0816,0.0219,0.1387
openmrg,CP|sprog_Rmotion,gauge next-hour RMSE,60,gauges,R|extrapolation,-0.1574,-0.3204,-0.0168
openmrg,RC|persistence,CSI_1,15,domain,R|extrapolation,-0.2813,-0.3245,-0.2436
openmrg,RC|persistence,CSI_1,15,area,R|extrapolation,-0.2868,-0.3318,-0.2478
openmrg,RC|persistence,CSI_1,30,domain,R|extrapolation,-0.2309,-0.2812,-0.1817
openmrg,RC|persistence,CSI_1,30,area,R|extrapolation,-0.2341,-0.2863,-0.1839
openmrg,RC|persistence,CSI_1,60,domain,R|extrapolation,-0.1742,-0.2361,-0.1207
openmrg,RC|persistence,CSI_1,60,area,R|extrapolation,-0.1790,-0.2399,-0.1269
openmrg,RC|persistence,FSS_10km,15,domain,R|extrapolation,-0.2964,-0.3760,-0.2396
openmrg,RC|persistence,FSS_10km,15,area,R|extrapolation,-0.3094,-0.3911,-0.2504
openmrg,RC|persistence,FSS_10km,30,domain,R|extrapolation,-0.3082,-0.3867,-0.2455
openmrg,RC|persistence,FSS_10km,30,area,R|extrapolation,-0.3145,-0.3968,-0.2506
openmrg,RC|persistence,FSS_10km,60,domain,R|extrapolation,-0.2948,-0.3828,-0.2258
openmrg,RC|persistence,FSS_10km,60,area,R|extrapolation,-0.3036,-0.3878,-0.2344
openmrg,RC|persistence,MAE,15,domain,R|extrapolation,0.4064,0.3165,0.4849
openmrg,RC|persistence,MAE,15,area,R|extrapolation,0.4209,0.3276,0.5037
openmrg,RC|persistence,MAE,30,domain,R|extrapolation,0.3868,0.2987,0.4633
openmrg,RC|persistence,MAE,30,area,R|extrapolation,0.3958,0.3062,0.4705
openmrg,RC|persistence,MAE,60,domain,R|extrapolation,0.3168,0.2160,0.4175
openmrg,RC|persistence,MAE,60,area,R|extrapolation,0.3294,0.2224,0.4342
openmrg,RC|persistence,gauge next-hour RMSE,60,gauges,R|extrapolation,0.5034,0.2289,0.7305
openmrg,RC|extrapolation,CSI_1,15,domain,R|extrapolation,-0.2059,-0.2556,-0.1681
openmrg,RC|extrapolation,CSI_1,15,area,R|extrapolation,-0.2136,-0.2646,-0.1742
openmrg,RC|extrapolation,CSI_1,30,domain,R|extrapolation,-0.1524,-0.2035,-0.1087
openmrg,RC|extrapolation,CSI_1,30,area,R|extrapolation,-0.1554,-0.2078,-0.1110
openmrg,RC|extrapolation,CSI_1,60,domain,R|extrapolation,-0.1094,-0.1711,-0.0563
openmrg,RC|extrapolation,CSI_1,60,area,R|extrapolation,-0.1112,-0.1718,-0.0580
openmrg,RC|extrapolation,FSS_10km,15,domain,R|extrapolation,-0.2214,-0.2990,-0.1695
openmrg,RC|extrapolation,FSS_10km,15,area,R|extrapolation,-0.2350,-0.3187,-0.1787
openmrg,RC|extrapolation,FSS_10km,30,domain,R|extrapolation,-0.1995,-0.2699,-0.1488
openmrg,RC|extrapolation,FSS_10km,30,area,R|extrapolation,-0.2047,-0.2779,-0.1506
openmrg,RC|extrapolation,FSS_10km,60,domain,R|extrapolation,-0.1795,-0.2634,-0.1099
openmrg,RC|extrapolation,FSS_10km,60,area,R|extrapolation,-0.1819,-0.2649,-0.1127
openmrg,RC|extrapolation,MAE,15,domain,R|extrapolation,0.2329,0.1806,0.2843
openmrg,RC|extrapolation,MAE,15,area,R|extrapolation,0.2486,0.1937,0.3023
openmrg,RC|extrapolation,MAE,30,domain,R|extrapolation,0.1883,0.1446,0.2301
openmrg,RC|extrapolation,MAE,30,area,R|extrapolation,0.1949,0.1501,0.2386
openmrg,RC|extrapolation,MAE,60,domain,R|extrapolation,0.1269,0.0859,0.1666
openmrg,RC|extrapolation,MAE,60,area,R|extrapolation,0.1315,0.0884,0.1724
openmrg,RC|extrapolation,gauge next-hour RMSE,60,gauges,R|extrapolation,-0.1466,-0.3193,0.0090
openmrg,RC|sprog,CSI_1,15,domain,R|extrapolation,-0.2073,-0.2518,-0.1726
openmrg,RC|sprog,CSI_1,15,area,R|extrapolation,-0.2157,-0.2626,-0.1787
openmrg,RC|sprog,CSI_1,30,domain,R|extrapolation,-0.1467,-0.1948,-0.1043
openmrg,RC|sprog,CSI_1,30,area,R|extrapolation,-0.1506,-0.1994,-0.1067
openmrg,RC|sprog,CSI_1,60,domain,R|extrapolation,-0.0995,-0.1597,-0.0448
openmrg,RC|sprog,CSI_1,60,area,R|extrapolation,-0.1015,-0.1611,-0.0471
openmrg,RC|sprog,FSS_10km,15,domain,R|extrapolation,-0.2467,-0.3199,-0.1952
openmrg,RC|sprog,FSS_10km,15,area,R|extrapolation,-0.2612,-0.3406,-0.2056
openmrg,RC|sprog,FSS_10km,30,domain,R|extrapolation,-0.2250,-0.2913,-0.1741
openmrg,RC|sprog,FSS_10km,30,area,R|extrapolation,-0.2311,-0.2991,-0.1776
openmrg,RC|sprog,FSS_10km,60,domain,R|extrapolation,-0.2000,-0.2731,-0.1373
openmrg,RC|sprog,FSS_10km,60,area,R|extrapolation,-0.2023,-0.2752,-0.1406
openmrg,RC|sprog,MAE,15,domain,R|extrapolation,0.3012,0.2351,0.3627
openmrg,RC|sprog,MAE,15,area,R|extrapolation,0.3175,0.2502,0.3807
openmrg,RC|sprog,MAE,30,domain,R|extrapolation,0.2500,0.1965,0.3010
openmrg,RC|sprog,MAE,30,area,R|extrapolation,0.2580,0.2044,0.3087
openmrg,RC|sprog,MAE,60,domain,R|extrapolation,0.1876,0.1390,0.2345
openmrg,RC|sprog,MAE,60,area,R|extrapolation,0.1929,0.1413,0.2416
openmrg,RC|sprog,gauge next-hour RMSE,60,gauges,R|extrapolation,0.0768,-0.1230,0.2604
openmrg,RC|extrapolation_Rmotion,CSI_1,15,domain,R|extrapolation,-0.1654,-0.2140,-0.1277
openmrg,RC|extrapolation_Rmotion,CSI_1,15,area,R|extrapolation,-0.1738,-0.2254,-0.1332
openmrg,RC|extrapolation_Rmotion,CSI_1,30,domain,R|extrapolation,-0.0985,-0.1440,-0.0621
openmrg,RC|extrapolation_Rmotion,CSI_1,30,area,R|extrapolation,-0.1017,-0.1495,-0.0631
openmrg,RC|extrapolation_Rmotion,CSI_1,60,domain,R|extrapolation,-0.0498,-0.0929,-0.0173
openmrg,RC|extrapolation_Rmotion,CSI_1,60,area,R|extrapolation,-0.0511,-0.0947,-0.0180
openmrg,RC|extrapolation_Rmotion,FSS_10km,15,domain,R|extrapolation,-0.1833,-0.2579,-0.1339
openmrg,RC|extrapolation_Rmotion,FSS_10km,15,area,R|extrapolation,-0.1958,-0.2763,-0.1424
openmrg,RC|extrapolation_Rmotion,FSS_10km,30,domain,R|extrapolation,-0.1357,-0.1986,-0.0905
openmrg,RC|extrapolation_Rmotion,FSS_10km,30,area,R|extrapolation,-0.1401,-0.2056,-0.0924
openmrg,RC|extrapolation_Rmotion,FSS_10km,60,domain,R|extrapolation,-0.0883,-0.1394,-0.0461
openmrg,RC|extrapolation_Rmotion,FSS_10km,60,area,R|extrapolation,-0.0892,-0.1401,-0.0466
openmrg,RC|extrapolation_Rmotion,MAE,15,domain,R|extrapolation,0.1891,0.1493,0.2275
openmrg,RC|extrapolation_Rmotion,MAE,15,area,R|extrapolation,0.2040,0.1609,0.2452
openmrg,RC|extrapolation_Rmotion,MAE,30,domain,R|extrapolation,0.1371,0.1032,0.1724
openmrg,RC|extrapolation_Rmotion,MAE,30,area,R|extrapolation,0.1428,0.1073,0.1795
openmrg,RC|extrapolation_Rmotion,MAE,60,domain,R|extrapolation,0.0887,0.0477,0.1357
openmrg,RC|extrapolation_Rmotion,MAE,60,area,R|extrapolation,0.0913,0.0477,0.1419
openmrg,RC|extrapolation_Rmotion,gauge next-hour RMSE,60,gauges,R|extrapolation,-0.1785,-0.3579,-0.0236
openmrg,RC|sprog_Rmotion,CSI_1,15,domain,R|extrapolation,-0.1798,-0.2256,-0.1453
openmrg,RC|sprog_Rmotion,CSI_1,15,area,R|extrapolation,-0.1885,-0.2377,-0.1507
openmrg,RC|sprog_Rmotion,CSI_1,30,domain,R|extrapolation,-0.1014,-0.1449,-0.0669
openmrg,RC|sprog_Rmotion,CSI_1,30,area,R|extrapolation,-0.1048,-0.1509,-0.0688
openmrg,RC|sprog_Rmotion,CSI_1,60,domain,R|extrapolation,-0.0418,-0.0860,-0.0083
openmrg,RC|sprog_Rmotion,CSI_1,60,area,R|extrapolation,-0.0428,-0.0876,-0.0085
openmrg,RC|sprog_Rmotion,FSS_10km,15,domain,R|extrapolation,-0.2189,-0.2923,-0.1703
openmrg,RC|sprog_Rmotion,FSS_10km,15,area,R|extrapolation,-0.2323,-0.3119,-0.1790
openmrg,RC|sprog_Rmotion,FSS_10km,30,domain,R|extrapolation,-0.1714,-0.2329,-0.1238
openmrg,RC|sprog_Rmotion,FSS_10km,30,area,R|extrapolation,-0.1762,-0.2425,-0.1252
openmrg,RC|sprog_Rmotion,FSS_10km,60,domain,R|extrapolation,-0.1153,-0.1670,-0.0718
openmrg,RC|sprog_Rmotion,FSS_10km,60,area,R|extrapolation,-0.1161,-0.1682,-0.0714
openmrg,RC|sprog_Rmotion,MAE,15,domain,R|extrapolation,0.2698,0.2120,0.3223
openmrg,RC|sprog_Rmotion,MAE,15,area,R|extrapolation,0.2854,0.2244,0.3396
openmrg,RC|sprog_Rmotion,MAE,30,domain,R|extrapolation,0.2134,0.1641,0.2583
openmrg,RC|sprog_Rmotion,MAE,30,area,R|extrapolation,0.2210,0.1697,0.2682
openmrg,RC|sprog_Rmotion,MAE,60,domain,R|extrapolation,0.1503,0.1036,0.2016
openmrg,RC|sprog_Rmotion,MAE,60,area,R|extrapolation,0.1541,0.1042,0.2081
openmrg,RC|sprog_Rmotion,gauge next-hour RMSE,60,gauges,R|extrapolation,-0.0144,-0.1475,0.1170
openmrg,RP|persistence,CSI_1,15,domain,R|extrapolation,-0.2744,-0.3035,-0.2483
openmrg,RP|persistence,CSI_1,15,area,R|extrapolation,-0.2807,-0.3137,-0.2518
openmrg,RP|persistence,CSI_1,30,domain,R|extrapolation,-0.2257,-0.2646,-0.1842
openmrg,RP|persistence,CSI_1,30,area,R|extrapolation,-0.2293,-0.2708,-0.1860
openmrg,RP|persistence,CSI_1,60,domain,R|extrapolation,-0.1732,-0.2254,-0.1294
openmrg,RP|persistence,CSI_1,60,area,R|extrapolation,-0.1774,-0.2293,-0.1340
openmrg,RP|persistence,FSS_10km,15,domain,R|extrapolation,-0.2578,-0.3239,-0.2126
openmrg,RP|persistence,FSS_10km,15,area,R|extrapolation,-0.2690,-0.3365,-0.2201
openmrg,RP|persistence,FSS_10km,30,domain,R|extrapolation,-0.2751,-0.3413,-0.2259
openmrg,RP|persistence,FSS_10km,30,area,R|extrapolation,-0.2800,-0.3521,-0.2269
openmrg,RP|persistence,FSS_10km,60,domain,R|extrapolation,-0.2732,-0.3538,-0.2164
openmrg,RP|persistence,FSS_10km,60,area,R|extrapolation,-0.2790,-0.3592,-0.2197
openmrg,RP|persistence,MAE,15,domain,R|extrapolation,0.3331,0.2552,0.4074
openmrg,RP|persistence,MAE,15,area,R|extrapolation,0.3439,0.2601,0.4207
openmrg,RP|persistence,MAE,30,domain,R|extrapolation,0.3129,0.2370,0.3856
openmrg,RP|persistence,MAE,30,area,R|extrapolation,0.3194,0.2414,0.3926
openmrg,RP|persistence,MAE,60,domain,R|extrapolation,0.2406,0.1372,0.3415
openmrg,RP|persistence,MAE,60,area,R|extrapolation,0.2493,0.1402,0.3542
openmrg,RP|persistence,gauge next-hour RMSE,60,gauges,R|extrapolation,0.6072,0.2316,0.8880
openmrg,RP|extrapolation,CSI_1,15,domain,R|extrapolation,-0.1898,-0.2211,-0.1657
openmrg,RP|extrapolation,CSI_1,15,area,R|extrapolation,-0.1976,-0.2329,-0.1720
openmrg,RP|extrapolation,CSI_1,30,domain,R|extrapolation,-0.1441,-0.1761,-0.1139
openmrg,RP|extrapolation,CSI_1,30,area,R|extrapolation,-0.1480,-0.1811,-0.1170
openmrg,RP|extrapolation,CSI_1,60,domain,R|extrapolation,-0.1156,-0.1577,-0.0744
openmrg,RP|extrapolation,CSI_1,60,area,R|extrapolation,-0.1183,-0.1598,-0.0775
openmrg,RP|extrapolation,FSS_10km,15,domain,R|extrapolation,-0.1766,-0.2268,-0.1412
openmrg,RP|extrapolation,FSS_10km,15,area,R|extrapolation,-0.1886,-0.2438,-0.1490
openmrg,RP|extrapolation,FSS_10km,30,domain,R|extrapolation,-0.1641,-0.2069,-0.1330
openmrg,RP|extrapolation,FSS_10km,30,area,R|extrapolation,-0.1701,-0.2159,-0.1369
openmrg,RP|extrapolation,FSS_10km,60,domain,R|extrapolation,-0.1694,-0.2136,-0.1282
openmrg,RP|extrapolation,FSS_10km,60,area,R|extrapolation,-0.1732,-0.2157,-0.1329
openmrg,RP|extrapolation,MAE,15,domain,R|extrapolation,0.1714,0.1300,0.2113
openmrg,RP|extrapolation,MAE,15,area,R|extrapolation,0.1827,0.1400,0.2269
openmrg,RP|extrapolation,MAE,30,domain,R|extrapolation,0.1363,0.0986,0.1762
openmrg,RP|extrapolation,MAE,30,area,R|extrapolation,0.1422,0.1020,0.1821
openmrg,RP|extrapolation,MAE,60,domain,R|extrapolation,0.0985,0.0361,0.1603
openmrg,RP|extrapolation,MAE,60,area,R|extrapolation,0.1029,0.0353,0.1683
openmrg,RP|extrapolation,gauge next-hour RMSE,60,gauges,R|extrapolation,0.0060,-0.2567,0.2658
openmrg,RP|sprog,CSI_1,15,domain,R|extrapolation,-0.1815,-0.2121,-0.1584
openmrg,RP|sprog,CSI_1,15,area,R|extrapolation,-0.1884,-0.2212,-0.1634
openmrg,RP|sprog,CSI_1,30,domain,R|extrapolation,-0.1317,-0.1615,-0.1040
openmrg,RP|sprog,CSI_1,30,area,R|extrapolation,-0.1358,-0.1668,-0.1079
openmrg,RP|sprog,CSI_1,60,domain,R|extrapolation,-0.1058,-0.1515,-0.0640
openmrg,RP|sprog,CSI_1,60,area,R|extrapolation,-0.1075,-0.1533,-0.0650
openmrg,RP|sprog,FSS_10km,15,domain,R|extrapolation,-0.1937,-0.2436,-0.1601
openmrg,RP|sprog,FSS_10km,15,area,R|extrapolation,-0.2049,-0.2600,-0.1657
openmrg,RP|sprog,FSS_10km,30,domain,R|extrapolation,-0.1800,-0.2212,-0.1503
openmrg,RP|sprog,FSS_10km,30,area,R|extrapolation,-0.1869,-0.2326,-0.1541
openmrg,RP|sprog,FSS_10km,60,domain,R|extrapolation,-0.1847,-0.2294,-0.1413
openmrg,RP|sprog,FSS_10km,60,area,R|extrapolation,-0.1872,-0.2323,-0.1449
openmrg,RP|sprog,MAE,15,domain,R|extrapolation,0.2305,0.1740,0.2822
openmrg,RP|sprog,MAE,15,area,R|extrapolation,0.2392,0.1794,0.2932
openmrg,RP|sprog,MAE,30,domain,R|extrapolation,0.1896,0.1379,0.2379
openmrg,RP|sprog,MAE,30,area,R|extrapolation,0.1949,0.1416,0.2451
openmrg,RP|sprog,MAE,60,domain,R|extrapolation,0.1545,0.0812,0.2261
openmrg,RP|sprog,MAE,60,area,R|extrapolation,0.1596,0.0845,0.2325
openmrg,RP|sprog,gauge next-hour RMSE,60,gauges,R|extrapolation,0.1956,-0.1155,0.5487
openmrg,RP|extrapolation_Rmotion,CSI_1,15,domain,R|extrapolation,-0.1465,-0.1786,-0.1218
openmrg,RP|extrapolation_Rmotion,CSI_1,15,area,R|extrapolation,-0.1562,-0.1913,-0.1285
openmrg,RP|extrapolation_Rmotion,CSI_1,30,domain,R|extrapolation,-0.0949,-0.1229,-0.0706
openmrg,RP|extrapolation_Rmotion,CSI_1,30,area,R|extrapolation,-0.0988,-0.1281,-0.0731
openmrg,RP|extrapolation_Rmotion,CSI_1,60,domain,R|extrapolation,-0.0551,-0.0796,-0.0301
openmrg,RP|extrapolation_Rmotion,CSI_1,60,area,R|extrapolation,-0.0568,-0.0812,-0.0317
openmrg,RP|extrapolation_Rmotion,FSS_10km,15,domain,R|extrapolation,-0.1421,-0.1928,-0.1091
openmrg,RP|extrapolation_Rmotion,FSS_10km,15,area,R|extrapolation,-0.1544,-0.2104,-0.1176
openmrg,RP|extrapolation_Rmotion,FSS_10km,30,domain,R|extrapolation,-0.1085,-0.1431,-0.0812
openmrg,RP|extrapolation_Rmotion,FSS_10km,30,area,R|extrapolation,-0.1131,-0.1514,-0.0831
openmrg,RP|extrapolation_Rmotion,FSS_10km,60,domain,R|extrapolation,-0.0768,-0.1025,-0.0526
openmrg,RP|extrapolation_Rmotion,FSS_10km,60,area,R|extrapolation,-0.0788,-0.1044,-0.0546
openmrg,RP|extrapolation_Rmotion,MAE,15,domain,R|extrapolation,0.1319,0.0970,0.1669
openmrg,RP|extrapolation_Rmotion,MAE,15,area,R|extrapolation,0.1432,0.1051,0.1810
openmrg,RP|extrapolation_Rmotion,MAE,30,domain,R|extrapolation,0.0947,0.0603,0.1317
openmrg,RP|extrapolation_Rmotion,MAE,30,area,R|extrapolation,0.0994,0.0634,0.1387
openmrg,RP|extrapolation_Rmotion,MAE,60,domain,R|extrapolation,0.0670,0.0182,0.1143
openmrg,RP|extrapolation_Rmotion,MAE,60,area,R|extrapolation,0.0690,0.0176,0.1201
openmrg,RP|extrapolation_Rmotion,gauge next-hour RMSE,60,gauges,R|extrapolation,-0.1055,-0.2993,0.0594
openmrg,RP|sprog_Rmotion,CSI_1,15,domain,R|extrapolation,-0.1533,-0.1822,-0.1298
openmrg,RP|sprog_Rmotion,CSI_1,15,area,R|extrapolation,-0.1603,-0.1918,-0.1336
openmrg,RP|sprog_Rmotion,CSI_1,30,domain,R|extrapolation,-0.0920,-0.1152,-0.0694
openmrg,RP|sprog_Rmotion,CSI_1,30,area,R|extrapolation,-0.0959,-0.1201,-0.0725
openmrg,RP|sprog_Rmotion,CSI_1,60,domain,R|extrapolation,-0.0524,-0.0787,-0.0274
openmrg,RP|sprog_Rmotion,CSI_1,60,area,R|extrapolation,-0.0539,-0.0793,-0.0291
openmrg,RP|sprog_Rmotion,FSS_10km,15,domain,R|extrapolation,-0.1667,-0.2158,-0.1328
openmrg,RP|sprog_Rmotion,FSS_10km,15,area,R|extrapolation,-0.1768,-0.2323,-0.1385
openmrg,RP|sprog_Rmotion,FSS_10km,30,domain,R|extrapolation,-0.1323,-0.1655,-0.1053
openmrg,RP|sprog_Rmotion,FSS_10km,30,area,R|extrapolation,-0.1374,-0.1754,-0.1087
openmrg,RP|sprog_Rmotion,FSS_10km,60,domain,R|extrapolation,-0.1043,-0.1305,-0.0812
openmrg,RP|sprog_Rmotion,FSS_10km,60,area,R|extrapolation,-0.1064,-0.1329,-0.0837
openmrg,RP|sprog_Rmotion,MAE,15,domain,R|extrapolation,0.1983,0.1505,0.2425
openmrg,RP|sprog_Rmotion,MAE,15,area,R|extrapolation,0.2071,0.1570,0.2539
openmrg,RP|sprog_Rmotion,MAE,30,domain,R|extrapolation,0.1492,0.1057,0.1928
openmrg,RP|sprog_Rmotion,MAE,30,area,R|extrapolation,0.1553,0.1101,0.2009
openmrg,RP|sprog_Rmotion,MAE,60,domain,R|extrapolation,0.1272,0.0642,0.1926
openmrg,RP|sprog_Rmotion,MAE,60,area,R|extrapolation,0.1301,0.0637,0.1999
openmrg,RP|sprog_Rmotion,gauge next-hour RMSE,60,gauges,R|extrapolation,0.0612,-0.1209,0.2522
openmrg,RCP|persistence,CSI_1,15,domain,R|extrapolation,-0.2835,-0.3242,-0.2473
openmrg,RCP|persistence,CSI_1,15,area,R|extrapolation,-0.2882,-0.3322,-0.2508
openmrg,RCP|persistence,CSI_1,30,domain,R|extrapolation,-0.2319,-0.2815,-0.1832
openmrg,RCP|persistence,CSI_1,30,area,R|extrapolation,-0.2346,-0.2853,-0.1855
openmrg,RCP|persistence,CSI_1,60,domain,R|extrapolation,-0.1762,-0.2372,-0.1241
openmrg,RCP|persistence,CSI_1,60,area,R|extrapolation,-0.1806,-0.2413,-0.1295
openmrg,RCP|persistence,FSS_10km,15,domain,R|extrapolation,-0.2927,-0.3723,-0.2358
openmrg,RCP|persistence,FSS_10km,15,area,R|extrapolation,-0.3038,-0.3851,-0.2437
openmrg,RCP|persistence,FSS_10km,30,domain,R|extrapolation,-0.3045,-0.3833,-0.2402
openmrg,RCP|persistence,FSS_10km,30,area,R|extrapolation,-0.3093,-0.3927,-0.2458
openmrg,RCP|persistence,FSS_10km,60,domain,R|extrapolation,-0.2939,-0.3832,-0.2240
openmrg,RCP|persistence,FSS_10km,60,area,R|extrapolation,-0.3011,-0.3883,-0.2310
openmrg,RCP|persistence,MAE,15,domain,R|extrapolation,0.3901,0.3042,0.4673
openmrg,RCP|persistence,MAE,15,area,R|extrapolation,0.4016,0.3116,0.4812
openmrg,RCP|persistence,MAE,30,domain,R|extrapolation,0.3683,0.2857,0.4400
openmrg,RCP|persistence,MAE,30,area,R|extrapolation,0.3749,0.2907,0.4464
openmrg,RCP|persistence,MAE,60,domain,R|extrapolation,0.2962,0.1969,0.3933
openmrg,RCP|persistence,MAE,60,area,R|extrapolation,0.3067,0.2032,0.4070
openmrg,RCP|persistence,gauge next-hour RMSE,60,gauges,R|extrapolation,0.4712,0.2045,0.6935
openmrg,RCP|extrapolation,CSI_1,15,domain,R|extrapolation,-0.2076,-0.2550,-0.1709
openmrg,RCP|extrapolation,CSI_1,15,area,R|extrapolation,-0.2145,-0.2621,-0.1766
openmrg,RCP|extrapolation,CSI_1,30,domain,R|extrapolation,-0.1553,-0.2015,-0.1134
openmrg,RCP|extrapolation,CSI_1,30,area,R|extrapolation,-0.1591,-0.2060,-0.1166
openmrg,RCP|extrapolation,CSI_1,60,domain,R|extrapolation,-0.1159,-0.1704,-0.0624
openmrg,RCP|extrapolation,CSI_1,60,area,R|extrapolation,-0.1177,-0.1718,-0.0648
openmrg,RCP|extrapolation,FSS_10km,15,domain,R|extrapolation,-0.2148,-0.2882,-0.1640
openmrg,RCP|extrapolation,FSS_10km,15,area,R|extrapolation,-0.2269,-0.3070,-0.1724
openmrg,RCP|extrapolation,FSS_10km,30,domain,R|extrapolation,-0.1975,-0.2611,-0.1508
openmrg,RCP|extrapolation,FSS_10km,30,area,R|extrapolation,-0.2034,-0.2704,-0.1535
openmrg,RCP|extrapolation,FSS_10km,60,domain,R|extrapolation,-0.1860,-0.2605,-0.1235
openmrg,RCP|extrapolation,FSS_10km,60,area,R|extrapolation,-0.1882,-0.2613,-0.1268
openmrg,RCP|extrapolation,MAE,15,domain,R|extrapolation,0.2235,0.1736,0.2735
openmrg,RCP|extrapolation,MAE,15,area,R|extrapolation,0.2372,0.1846,0.2896
openmrg,RCP|extrapolation,MAE,30,domain,R|extrapolation,0.1763,0.1340,0.2153
openmrg,RCP|extrapolation,MAE,30,area,R|extrapolation,0.1825,0.1392,0.2223
openmrg,RCP|extrapolation,MAE,60,domain,R|extrapolation,0.1086,0.0620,0.1508
openmrg,RCP|extrapolation,MAE,60,area,R|extrapolation,0.1119,0.0618,0.1571
openmrg,RCP|extrapolation,gauge next-hour RMSE,60,gauges,R|extrapolation,-0.1315,-0.3032,0.0149
openmrg,RCP|sprog,CSI_1,15,domain,R|extrapolation,-0.2072,-0.2487,-0.1741
openmrg,RCP|sprog,CSI_1,15,area,R|extrapolation,-0.2145,-0.2591,-0.1794
openmrg,RCP|sprog,CSI_1,30,domain,R|extrapolation,-0.1482,-0.1917,-0.1076
openmrg,RCP|sprog,CSI_1,30,area,R|extrapolation,-0.1523,-0.1969,-0.1111
openmrg,RCP|sprog,CSI_1,60,domain,R|extrapolation,-0.1061,-0.1624,-0.0544
openmrg,RCP|sprog,CSI_1,60,area,R|extrapolation,-0.1077,-0.1631,-0.0555
openmrg,RCP|sprog,FSS_10km,15,domain,R|extrapolation,-0.2414,-0.3102,-0.1905
openmrg,RCP|sprog,FSS_10km,15,area,R|extrapolation,-0.2542,-0.3295,-0.1998
openmrg,RCP|sprog,FSS_10km,30,domain,R|extrapolation,-0.2228,-0.2827,-0.1750
openmrg,RCP|sprog,FSS_10km,30,area,R|extrapolation,-0.2294,-0.2911,-0.1797
openmrg,RCP|sprog,FSS_10km,60,domain,R|extrapolation,-0.2090,-0.2727,-0.1537
openmrg,RCP|sprog,FSS_10km,60,area,R|extrapolation,-0.2110,-0.2754,-0.1557
openmrg,RCP|sprog,MAE,15,domain,R|extrapolation,0.2888,0.2250,0.3495
openmrg,RCP|sprog,MAE,15,area,R|extrapolation,0.3033,0.2363,0.3651
openmrg,RCP|sprog,MAE,30,domain,R|extrapolation,0.2323,0.1834,0.2791
openmrg,RCP|sprog,MAE,30,area,R|extrapolation,0.2397,0.1905,0.2884
openmrg,RCP|sprog,MAE,60,domain,R|extrapolation,0.1734,0.1190,0.2265
openmrg,RCP|sprog,MAE,60,area,R|extrapolation,0.1768,0.1202,0.2328
openmrg,RCP|sprog,gauge next-hour RMSE,60,gauges,R|extrapolation,0.0186,-0.1658,0.1878
openmrg,RCP|extrapolation_Rmotion,CSI_1,15,domain,R|extrapolation,-0.1639,-0.2112,-0.1265
openmrg,RCP|extrapolation_Rmotion,CSI_1,15,area,R|extrapolation,-0.1722,-0.2234,-0.1324
openmrg,RCP|extrapolation_Rmotion,CSI_1,30,domain,R|extrapolation,-0.0984,-0.1424,-0.0622
openmrg,RCP|extrapolation_Rmotion,CSI_1,30,area,R|extrapolation,-0.1016,-0.1471,-0.0633
openmrg,RCP|extrapolation_Rmotion,CSI_1,60,domain,R|extrapolation,-0.0501,-0.0907,-0.0175
openmrg,RCP|extrapolation_Rmotion,CSI_1,60,area,R|extrapolation,-0.0516,-0.0935,-0.0189
openmrg,RCP|extrapolation_Rmotion,FSS_10km,15,domain,R|extrapolation,-0.1753,-0.2478,-0.1279
openmrg,RCP|extrapolation_Rmotion,FSS_10km,15,area,R|extrapolation,-0.1873,-0.2647,-0.1361
openmrg,RCP|extrapolation_Rmotion,FSS_10km,30,domain,R|extrapolation,-0.1298,-0.1889,-0.0851
openmrg,RCP|extrapolation_Rmotion,FSS_10km,30,area,R|extrapolation,-0.1340,-0.1965,-0.0870
openmrg,RCP|extrapolation_Rmotion,FSS_10km,60,domain,R|extrapolation,-0.0834,-0.1334,-0.0422
openmrg,RCP|extrapolation_Rmotion,FSS_10km,60,area,R|extrapolation,-0.0847,-0.1352,-0.0432
openmrg,RCP|extrapolation_Rmotion,MAE,15,domain,R|extrapolation,0.1772,0.1378,0.2155
openmrg,RCP|extrapolation_Rmotion,MAE,15,area,R|extrapolation,0.1908,0.1485,0.2329
openmrg,RCP|extrapolation_Rmotion,MAE,30,domain,R|extrapolation,0.1268,0.0923,0.1626
openmrg,RCP|extrapolation_Rmotion,MAE,30,area,R|extrapolation,0.1321,0.0955,0.1704
openmrg,RCP|extrapolation_Rmotion,MAE,60,domain,R|extrapolation,0.0792,0.0377,0.1238
openmrg,RCP|extrapolation_Rmotion,MAE,60,area,R|extrapolation,0.0813,0.0364,0.1288
openmrg,RCP|extrapolation_Rmotion,gauge next-hour RMSE,60,gauges,R|extrapolation,-0.1846,-0.3612,-0.0312
openmrg,RCP|sprog_Rmotion,CSI_1,15,domain,R|extrapolation,-0.1774,-0.2212,-0.1436
openmrg,RCP|sprog_Rmotion,CSI_1,15,area,R|extrapolation,-0.1850,-0.2321,-0.1481
openmrg,RCP|sprog_Rmotion,CSI_1,30,domain,R|extrapolation,-0.1005,-0.1430,-0.0670
openmrg,RCP|sprog_Rmotion,CSI_1,30,area,R|extrapolation,-0.1035,-0.1474,-0.0681
openmrg,RCP|sprog_Rmotion,CSI_1,60,domain,R|extrapolation,-0.0432,-0.0857,-0.0097
openmrg,RCP|sprog_Rmotion,CSI_1,60,area,R|extrapolation,-0.0440,-0.0872,-0.0095
openmrg,RCP|sprog_Rmotion,FSS_10km,15,domain,R|extrapolation,-0.2106,-0.2824,-0.1630
openmrg,RCP|sprog_Rmotion,FSS_10km,15,area,R|extrapolation,-0.2226,-0.3009,-0.1686
openmrg,RCP|sprog_Rmotion,FSS_10km,30,domain,R|extrapolation,-0.1670,-0.2282,-0.1193
openmrg,RCP|sprog_Rmotion,FSS_10km,30,area,R|extrapolation,-0.1716,-0.2367,-0.1216
openmrg,RCP|sprog_Rmotion,FSS_10km,60,domain,R|extrapolation,-0.1170,-0.1669,-0.0733
openmrg,RCP|sprog_Rmotion,FSS_10km,60,area,R|extrapolation,-0.1176,-0.1681,-0.0726
openmrg,RCP|sprog_Rmotion,MAE,15,domain,R|extrapolation,0.2561,0.2019,0.3058
openmrg,RCP|sprog_Rmotion,MAE,15,area,R|extrapolation,0.2692,0.2119,0.3211
openmrg,RCP|sprog_Rmotion,MAE,30,domain,R|extrapolation,0.1992,0.1535,0.2425
openmrg,RCP|sprog_Rmotion,MAE,30,area,R|extrapolation,0.2063,0.1581,0.2520
openmrg,RCP|sprog_Rmotion,MAE,60,domain,R|extrapolation,0.1434,0.0930,0.1964
openmrg,RCP|sprog_Rmotion,MAE,60,area,R|extrapolation,0.1469,0.0927,0.2032
openmrg,RCP|sprog_Rmotion,gauge next-hour RMSE,60,gauges,R|extrapolation,-0.0689,-0.2140,0.0606
openmrg,R|steps_mean,CSI_1,15,domain,R|extrapolation,-0.0266,-0.0380,-0.0129
openmrg,R|steps_mean,CSI_1,15,area,R|extrapolation,-0.0251,-0.0368,-0.0120
openmrg,R|steps_mean,CSI_1,30,domain,R|extrapolation,-0.0026,-0.0209,0.0151
openmrg,R|steps_mean,CSI_1,30,area,R|extrapolation,-0.0023,-0.0211,0.0157
openmrg,R|steps_mean,CSI_1,60,domain,R|extrapolation,0.0143,-0.0043,0.0347
openmrg,R|steps_mean,CSI_1,60,area,R|extrapolation,0.0145,-0.0044,0.0350
openmrg,R|steps_mean,FSS_10km,15,domain,R|extrapolation,-0.0458,-0.0570,-0.0360
openmrg,R|steps_mean,FSS_10km,15,area,R|extrapolation,-0.0456,-0.0572,-0.0356
openmrg,R|steps_mean,FSS_10km,30,domain,R|extrapolation,-0.0338,-0.0542,-0.0191
openmrg,R|steps_mean,FSS_10km,30,area,R|extrapolation,-0.0337,-0.0554,-0.0178
openmrg,R|steps_mean,FSS_10km,60,domain,R|extrapolation,-0.0051,-0.0228,0.0159
openmrg,R|steps_mean,FSS_10km,60,area,R|extrapolation,-0.0050,-0.0234,0.0163
openmrg,R|steps_mean,MAE,15,domain,R|extrapolation,0.0187,0.0068,0.0322
openmrg,R|steps_mean,MAE,15,area,R|extrapolation,0.0176,0.0057,0.0313
openmrg,R|steps_mean,MAE,30,domain,R|extrapolation,-0.0096,-0.0170,-0.0023
openmrg,R|steps_mean,MAE,30,area,R|extrapolation,-0.0101,-0.0173,-0.0027
openmrg,R|steps_mean,MAE,60,domain,R|extrapolation,-0.0547,-0.0927,-0.0252
openmrg,R|steps_mean,MAE,60,area,R|extrapolation,-0.0565,-0.0939,-0.0267
openmrg,R|steps_mean,gauge next-hour RMSE,60,gauges,R|extrapolation,-0.0945,-0.1815,-0.0202
openmrg,RCP|steps_mean,CSI_1,15,domain,R|extrapolation,-0.2025,-0.2415,-0.1702
openmrg,RCP|steps_mean,CSI_1,15,area,R|extrapolation,-0.2078,-0.2486,-0.1739
openmrg,RCP|steps_mean,CSI_1,30,domain,R|extrapolation,-0.1411,-0.1800,-0.1042
openmrg,RCP|steps_mean,CSI_1,30,area,R|extrapolation,-0.1433,-0.1835,-0.1067
openmrg,RCP|steps_mean,CSI_1,60,domain,R|extrapolation,-0.0952,-0.1475,-0.0438
openmrg,RCP|steps_mean,CSI_1,60,area,R|extrapolation,-0.0971,-0.1473,-0.0466
openmrg,RCP|steps_mean,FSS_10km,15,domain,R|extrapolation,-0.2321,-0.3043,-0.1787
openmrg,RCP|steps_mean,FSS_10km,15,area,R|extrapolation,-0.2425,-0.3201,-0.1845
openmrg,RCP|steps_mean,FSS_10km,30,domain,R|extrapolation,-0.2012,-0.2610,-0.1560
openmrg,RCP|steps_mean,FSS_10km,30,area,R|extrapolation,-0.2050,-0.2671,-0.1580
openmrg,RCP|steps_mean,FSS_10km,60,domain,R|extrapolation,-0.1705,-0.2301,-0.1113
openmrg,RCP|steps_mean,FSS_10km,60,area,R|extrapolation,-0.1728,-0.2297,-0.1154
openmrg,RCP|steps_mean,MAE,15,domain,R|extrapolation,0.2097,0.1629,0.2553
openmrg,RCP|steps_mean,MAE,15,area,R|extrapolation,0.2212,0.1718,0.2699
openmrg,RCP|steps_mean,MAE,30,domain,R|extrapolation,0.1430,0.1050,0.1799
openmrg,RCP|steps_mean,MAE,30,area,R|extrapolation,0.1477,0.1081,0.1851
openmrg,RCP|steps_mean,MAE,60,domain,R|extrapolation,0.0599,0.0041,0.1034
openmrg,RCP|steps_mean,MAE,60,area,R|extrapolation,0.0606,0.0024,0.1067
openmrg,RCP|steps_mean,gauge next-hour RMSE,60,gauges,R|extrapolation,-0.1700,-0.3410,-0.0322
openmrg,CP|steps_mean,CSI_1,15,domain,R|extrapolation,-0.2488,-0.3069,-0.2076
openmrg,CP|steps_mean,CSI_1,15,area,R|extrapolation,-0.2320,-0.2853,-0.1926
openmrg,CP|steps_mean,CSI_1,30,domain,R|extrapolation,-0.1579,-0.2238,-0.1105
openmrg,CP|steps_mean,CSI_1,30,area,R|extrapolation,-0.1518,-0.2163,-0.1049
openmrg,CP|steps_mean,CSI_1,60,domain,R|extrapolation,-0.0890,-0.1702,-0.0246
openmrg,CP|steps_mean,CSI_1,60,area,R|extrapolation,-0.0887,-0.1693,-0.0236
openmrg,CP|steps_mean,FSS_10km,15,domain,R|extrapolation,-0.3078,-0.3920,-0.2449
openmrg,CP|steps_mean,FSS_10km,15,area,R|extrapolation,-0.2913,-0.3744,-0.2251
openmrg,CP|steps_mean,FSS_10km,30,domain,R|extrapolation,-0.2525,-0.3460,-0.1874
openmrg,CP|steps_mean,FSS_10km,30,area,R|extrapolation,-0.2454,-0.3365,-0.1822
openmrg,CP|steps_mean,FSS_10km,60,domain,R|extrapolation,-0.1925,-0.2938,-0.1172
openmrg,CP|steps_mean,FSS_10km,60,area,R|extrapolation,-0.1921,-0.2927,-0.1164
openmrg,CP|steps_mean,MAE,15,domain,R|extrapolation,0.2360,0.1845,0.2867
openmrg,CP|steps_mean,MAE,15,area,R|extrapolation,0.2377,0.1885,0.2870
openmrg,CP|steps_mean,MAE,30,domain,R|extrapolation,0.1421,0.1052,0.1821
openmrg,CP|steps_mean,MAE,30,area,R|extrapolation,0.1433,0.1064,0.1818
openmrg,CP|steps_mean,MAE,60,domain,R|extrapolation,0.0442,-0.0066,0.0893
openmrg,CP|steps_mean,MAE,60,area,R|extrapolation,0.0449,-0.0081,0.0921
openmrg,CP|steps_mean,gauge next-hour RMSE,60,gauges,R|extrapolation,-0.1895,-0.3557,-0.0574
openmrg,learned|in-R>tgt-R,CSI_1,15,domain,R|extrapolation,-0.0920,-0.1078,-0.0740
openmrg,learned|in-R>tgt-R,CSI_1,15,area,R|extrapolation,-0.0930,-0.1091,-0.0743
openmrg,learned|in-R>tgt-R,CSI_1,30,domain,R|extrapolation,-0.0663,-0.0858,-0.0436
openmrg,learned|in-R>tgt-R,CSI_1,30,area,R|extrapolation,-0.0685,-0.0870,-0.0475
openmrg,learned|in-R>tgt-R,CSI_1,60,domain,R|extrapolation,-0.0542,-0.0914,-0.0216
openmrg,learned|in-R>tgt-R,CSI_1,60,area,R|extrapolation,-0.0576,-0.0941,-0.0265
openmrg,learned|in-R>tgt-R,FSS_10km,15,domain,R|extrapolation,-0.1247,-0.1682,-0.0942
openmrg,learned|in-R>tgt-R,FSS_10km,15,area,R|extrapolation,-0.1257,-0.1695,-0.0946
openmrg,learned|in-R>tgt-R,FSS_10km,30,domain,R|extrapolation,-0.1396,-0.1820,-0.1042
openmrg,learned|in-R>tgt-R,FSS_10km,30,area,R|extrapolation,-0.1408,-0.1853,-0.1050
openmrg,learned|in-R>tgt-R,FSS_10km,60,domain,R|extrapolation,-0.1428,-0.1862,-0.1032
openmrg,learned|in-R>tgt-R,FSS_10km,60,area,R|extrapolation,-0.1459,-0.1886,-0.1078
openmrg,learned|in-R>tgt-R,MAE,15,domain,R|extrapolation,0.0866,0.0586,0.1113
openmrg,learned|in-R>tgt-R,MAE,15,area,R|extrapolation,0.0889,0.0606,0.1146
openmrg,learned|in-R>tgt-R,MAE,30,domain,R|extrapolation,0.0707,0.0349,0.1053
openmrg,learned|in-R>tgt-R,MAE,30,area,R|extrapolation,0.0701,0.0307,0.1076
openmrg,learned|in-R>tgt-R,MAE,60,domain,R|extrapolation,0.0275,-0.0442,0.0826
openmrg,learned|in-R>tgt-R,MAE,60,area,R|extrapolation,0.0278,-0.0446,0.0844
openmrg,learned|in-R>tgt-R,gauge next-hour RMSE,60,gauges,R|extrapolation,-0.0776,-0.2102,0.0281
openmrg,learned|in-C>tgt-R,CSI_1,15,domain,R|extrapolation,-0.3289,-0.3827,-0.2864
openmrg,learned|in-C>tgt-R,CSI_1,15,area,R|extrapolation,-0.3217,-0.3754,-0.2793
openmrg,learned|in-C>tgt-R,CSI_1,30,domain,R|extrapolation,-0.2590,-0.3132,-0.1996
openmrg,learned|in-C>tgt-R,CSI_1,30,area,R|extrapolation,-0.2564,-0.3094,-0.1979
openmrg,learned|in-C>tgt-R,CSI_1,60,domain,R|extrapolation,-0.1980,-0.2716,-0.1272
openmrg,learned|in-C>tgt-R,CSI_1,60,area,R|extrapolation,-0.2000,-0.2726,-0.1287
openmrg,learned|in-C>tgt-R,FSS_10km,15,domain,R|extrapolation,-0.4086,-0.4994,-0.3467
openmrg,learned|in-C>tgt-R,FSS_10km,15,area,R|extrapolation,-0.4003,-0.4918,-0.3378
openmrg,learned|in-C>tgt-R,FSS_10km,30,domain,R|extrapolation,-0.3975,-0.4582,-0.3564
openmrg,learned|in-C>tgt-R,FSS_10km,30,area,R|extrapolation,-0.3935,-0.4553,-0.3511
openmrg,learned|in-C>tgt-R,FSS_10km,60,domain,R|extrapolation,-0.3632,-0.4462,-0.2904
openmrg,learned|in-C>tgt-R,FSS_10km,60,area,R|extrapolation,-0.3642,-0.4475,-0.2908
openmrg,learned|in-C>tgt-R,MAE,15,domain,R|extrapolation,0.2218,0.1800,0.2612
openmrg,learned|in-C>tgt-R,MAE,15,area,R|extrapolation,0.2171,0.1777,0.2556
openmrg,learned|in-C>tgt-R,MAE,30,domain,R|extrapolation,0.1415,0.1138,0.1732
openmrg,learned|in-C>tgt-R,MAE,30,area,R|extrapolation,0.1387,0.1081,0.1734
openmrg,learned|in-C>tgt-R,MAE,60,domain,R|extrapolation,0.0300,-0.0267,0.0826
openmrg,learned|in-C>tgt-R,MAE,60,area,R|extrapolation,0.0295,-0.0286,0.0835
openmrg,learned|in-C>tgt-R,gauge next-hour RMSE,60,gauges,R|extrapolation,0.0678,-0.1254,0.2113
openmrg,learned|in-P>tgt-R,CSI_1,15,domain,R|extrapolation,-0.3017,-0.3356,-0.2668
openmrg,learned|in-P>tgt-R,CSI_1,15,area,R|extrapolation,-0.2942,-0.3264,-0.2596
openmrg,learned|in-P>tgt-R,CSI_1,30,domain,R|extrapolation,-0.2238,-0.2586,-0.1823
openmrg,learned|in-P>tgt-R,CSI_1,30,area,R|extrapolation,-0.2214,-0.2545,-0.1815
openmrg,learned|in-P>tgt-R,CSI_1,60,domain,R|extrapolation,-0.1542,-0.2127,-0.0993
openmrg,learned|in-P>tgt-R,CSI_1,60,area,R|extrapolation,-0.1567,-0.2132,-0.1028
openmrg,learned|in-P>tgt-R,FSS_10km,15,domain,R|extrapolation,-0.3713,-0.4627,-0.3059
openmrg,learned|in-P>tgt-R,FSS_10km,15,area,R|extrapolation,-0.3646,-0.4569,-0.2992
openmrg,learned|in-P>tgt-R,FSS_10km,30,domain,R|extrapolation,-0.3337,-0.3959,-0.2771
openmrg,learned|in-P>tgt-R,FSS_10km,30,area,R|extrapolation,-0.3311,-0.3958,-0.2742
openmrg,learned|in-P>tgt-R,FSS_10km,60,domain,R|extrapolation,-0.2952,-0.3611,-0.2447
openmrg,learned|in-P>tgt-R,FSS_10km,60,area,R|extrapolation,-0.2988,-0.3611,-0.2516
openmrg,learned|in-P>tgt-R,MAE,15,domain,R|extrapolation,0.2559,0.2120,0.2958
openmrg,learned|in-P>tgt-R,MAE,15,area,R|extrapolation,0.2580,0.2137,0.2965
openmrg,learned|in-P>tgt-R,MAE,30,domain,R|extrapolation,0.1774,0.1427,0.2138
openmrg,learned|in-P>tgt-R,MAE,30,area,R|extrapolation,0.1795,0.1421,0.2190
openmrg,learned|in-P>tgt-R,MAE,60,domain,R|extrapolation,0.0745,0.0134,0.1282
openmrg,learned|in-P>tgt-R,MAE,60,area,R|extrapolation,0.0773,0.0141,0.1340
openmrg,learned|in-P>tgt-R,gauge next-hour RMSE,60,gauges,R|extrapolation,-0.0457,-0.2237,0.0863
openmrg,learned|in-CP>tgt-R,CSI_1,15,domain,R|extrapolation,-0.2794,-0.3110,-0.2500
openmrg,learned|in-CP>tgt-R,CSI_1,15,area,R|extrapolation,-0.2685,-0.3008,-0.2397
openmrg,learned|in-CP>tgt-R,CSI_1,30,domain,R|extrapolation,-0.2168,-0.2458,-0.1800
openmrg,learned|in-CP>tgt-R,CSI_1,30,area,R|extrapolation,-0.2135,-0.2427,-0.1770
openmrg,learned|in-CP>tgt-R,CSI_1,60,domain,R|extrapolation,-0.1271,-0.1669,-0.0872
openmrg,learned|in-CP>tgt-R,CSI_1,60,area,R|extrapolation,-0.1274,-0.1670,-0.0866
openmrg,learned|in-CP>tgt-R,FSS_10km,15,domain,R|extrapolation,-0.3386,-0.4102,-0.2900
openmrg,learned|in-CP>tgt-R,FSS_10km,15,area,R|extrapolation,-0.3270,-0.4008,-0.2782
openmrg,learned|in-CP>tgt-R,FSS_10km,30,domain,R|extrapolation,-0.3223,-0.3646,-0.2906
openmrg,learned|in-CP>tgt-R,FSS_10km,30,area,R|extrapolation,-0.3169,-0.3598,-0.2852
openmrg,learned|in-CP>tgt-R,FSS_10km,60,domain,R|extrapolation,-0.2516,-0.2966,-0.2117
openmrg,learned|in-CP>tgt-R,FSS_10km,60,area,R|extrapolation,-0.2513,-0.2979,-0.2110
openmrg,learned|in-CP>tgt-R,MAE,15,domain,R|extrapolation,0.1902,0.1525,0.2264
openmrg,learned|in-CP>tgt-R,MAE,15,area,R|extrapolation,0.1874,0.1528,0.2203
openmrg,learned|in-CP>tgt-R,MAE,30,domain,R|extrapolation,0.1148,0.0882,0.1401
openmrg,learned|in-CP>tgt-R,MAE,30,area,R|extrapolation,0.1134,0.0883,0.1389
openmrg,learned|in-CP>tgt-R,MAE,60,domain,R|extrapolation,0.0079,-0.0462,0.0542
openmrg,learned|in-CP>tgt-R,MAE,60,area,R|extrapolation,0.0071,-0.0464,0.0548
openmrg,learned|in-CP>tgt-R,gauge next-hour RMSE,60,gauges,R|extrapolation,0.0239,-0.1754,0.1837
openmrg,learned|in-RC>tgt-R,CSI_1,15,domain,R|extrapolation,-0.0975,-0.1110,-0.0806
openmrg,learned|in-RC>tgt-R,CSI_1,15,area,R|extrapolation,-0.0974,-0.1104,-0.0802
openmrg,learned|in-RC>tgt-R,CSI_1,30,domain,R|extrapolation,-0.0847,-0.1008,-0.0627
openmrg,learned|in-RC>tgt-R,CSI_1,30,area,R|extrapolation,-0.0853,-0.0999,-0.0646
openmrg,learned|in-RC>tgt-R,CSI_1,60,domain,R|extrapolation,-0.1176,-0.1725,-0.0652
openmrg,learned|in-RC>tgt-R,CSI_1,60,area,R|extrapolation,-0.1215,-0.1778,-0.0693
openmrg,learned|in-RC>tgt-R,FSS_10km,15,domain,R|extrapolation,-0.1255,-0.1646,-0.0969
openmrg,learned|in-RC>tgt-R,FSS_10km,15,area,R|extrapolation,-0.1259,-0.1641,-0.0974
openmrg,learned|in-RC>tgt-R,FSS_10km,30,domain,R|extrapolation,-0.1443,-0.1861,-0.1069
openmrg,learned|in-RC>tgt-R,FSS_10km,30,area,R|extrapolation,-0.1436,-0.1856,-0.1059
openmrg,learned|in-RC>tgt-R,FSS_10km,60,domain,R|extrapolation,-0.2132,-0.2770,-0.1481
openmrg,learned|in-RC>tgt-R,FSS_10km,60,area,R|extrapolation,-0.2176,-0.2808,-0.1514
openmrg,learned|in-RC>tgt-R,MAE,15,domain,R|extrapolation,0.0825,0.0583,0.1072
openmrg,learned|in-RC>tgt-R,MAE,15,area,R|extrapolation,0.0844,0.0602,0.1093
openmrg,learned|in-RC>tgt-R,MAE,30,domain,R|extrapolation,0.0557,0.0201,0.0884
openmrg,learned|in-RC>tgt-R,MAE,30,area,R|extrapolation,0.0536,0.0156,0.0874
openmrg,learned|in-RC>tgt-R,MAE,60,domain,R|extrapolation,0.0049,-0.0600,0.0583
openmrg,learned|in-RC>tgt-R,MAE,60,area,R|extrapolation,0.0043,-0.0611,0.0580
openmrg,learned|in-RC>tgt-R,gauge next-hour RMSE,60,gauges,R|extrapolation,-0.0527,-0.2111,0.0674
openmrg,learned|in-RP>tgt-R,CSI_1,15,domain,R|extrapolation,-0.0885,-0.1026,-0.0709
openmrg,learned|in-RP>tgt-R,CSI_1,15,area,R|extrapolation,-0.0898,-0.1039,-0.0720
openmrg,learned|in-RP>tgt-R,CSI_1,30,domain,R|extrapolation,-0.0560,-0.0759,-0.0331
openmrg,learned|in-RP>tgt-R,CSI_1,30,area,R|extrapolation,-0.0578,-0.0763,-0.0368
openmrg,learned|in-RP>tgt-R,CSI_1,60,domain,R|extrapolation,-0.0479,-0.0880,-0.0146
openmrg,learned|in-RP>tgt-R,CSI_1,60,area,R|extrapolation,-0.0506,-0.0890,-0.0185
openmrg,learned|in-RP>tgt-R,FSS_10km,15,domain,R|extrapolation,-0.1226,-0.1622,-0.0924
openmrg,learned|in-RP>tgt-R,FSS_10km,15,area,R|extrapolation,-0.1242,-0.1644,-0.0928
openmrg,learned|in-RP>tgt-R,FSS_10km,30,domain,R|extrapolation,-0.1298,-0.1646,-0.1017
openmrg,learned|in-RP>tgt-R,FSS_10km,30,area,R|extrapolation,-0.1310,-0.1670,-0.1021
openmrg,learned|in-RP>tgt-R,FSS_10km,60,domain,R|extrapolation,-0.1411,-0.1887,-0.1049
openmrg,learned|in-RP>tgt-R,FSS_10km,60,area,R|extrapolation,-0.1440,-0.1907,-0.1116
openmrg,learned|in-RP>tgt-R,MAE,15,domain,R|extrapolation,0.0809,0.0540,0.1074
openmrg,learned|in-RP>tgt-R,MAE,15,area,R|extrapolation,0.0832,0.0562,0.1094
openmrg,learned|in-RP>tgt-R,MAE,30,domain,R|extrapolation,0.0505,0.0171,0.0811
openmrg,learned|in-RP>tgt-R,MAE,30,area,R|extrapolation,0.0506,0.0160,0.0833
openmrg,learned|in-RP>tgt-R,MAE,60,domain,R|extrapolation,0.0046,-0.0587,0.0608
openmrg,learned|in-RP>tgt-R,MAE,60,area,R|extrapolation,0.0049,-0.0588,0.0622
openmrg,learned|in-RP>tgt-R,gauge next-hour RMSE,60,gauges,R|extrapolation,-0.0568,-0.1977,0.0564
openmrg,learned|in-RCP>tgt-R,CSI_1,15,domain,R|extrapolation,-0.1063,-0.1234,-0.0877
openmrg,learned|in-RCP>tgt-R,CSI_1,15,area,R|extrapolation,-0.1083,-0.1254,-0.0891
openmrg,learned|in-RCP>tgt-R,CSI_1,30,domain,R|extrapolation,-0.0796,-0.1025,-0.0548
openmrg,learned|in-RCP>tgt-R,CSI_1,30,area,R|extrapolation,-0.0817,-0.1033,-0.0586
openmrg,learned|in-RCP>tgt-R,CSI_1,60,domain,R|extrapolation,-0.0537,-0.0951,-0.0199
openmrg,learned|in-RCP>tgt-R,CSI_1,60,area,R|extrapolation,-0.0567,-0.0962,-0.0238
openmrg,learned|in-RCP>tgt-R,FSS_10km,15,domain,R|extrapolation,-0.1414,-0.1865,-0.1094
openmrg,learned|in-RCP>tgt-R,FSS_10km,15,area,R|extrapolation,-0.1441,-0.1900,-0.1118
openmrg,learned|in-RCP>tgt-R,FSS_10km,30,domain,R|extrapolation,-0.1641,-0.2047,-0.1317
openmrg,learned|in-RCP>tgt-R,FSS_10km,30,area,R|extrapolation,-0.1663,-0.2082,-0.1331
openmrg,learned|in-RCP>tgt-R,FSS_10km,60,domain,R|extrapolation,-0.1577,-0.2023,-0.1240
openmrg,learned|in-RCP>tgt-R,FSS_10km,60,area,R|extrapolation,-0.1612,-0.2033,-0.1306
openmrg,learned|in-RCP>tgt-R,MAE,15,domain,R|extrapolation,0.0970,0.0681,0.1264
openmrg,learned|in-RCP>tgt-R,MAE,15,area,R|extrapolation,0.1011,0.0705,0.1327
openmrg,learned|in-RCP>tgt-R,MAE,30,domain,R|extrapolation,0.0829,0.0454,0.1226
openmrg,learned|in-RCP>tgt-R,MAE,30,area,R|extrapolation,0.0848,0.0449,0.1267
openmrg,learned|in-RCP>tgt-R,MAE,60,domain,R|extrapolation,0.0383,-0.0270,0.0973
openmrg,learned|in-RCP>tgt-R,MAE,60,area,R|extrapolation,0.0405,-0.0254,0.1013
openmrg,learned|in-RCP>tgt-R,gauge next-hour RMSE,60,gauges,R|extrapolation,-0.0332,-0.1776,0.0760
openmrg,learned|in-R>tgt-RCP,CSI_1,15,domain,R|extrapolation,-0.1761,-0.1932,-0.1535
openmrg,learned|in-R>tgt-RCP,CSI_1,15,area,R|extrapolation,-0.1764,-0.1930,-0.1530
openmrg,learned|in-R>tgt-RCP,CSI_1,30,domain,R|extrapolation,-0.1194,-0.1416,-0.0894
openmrg,learned|in-R>tgt-RCP,CSI_1,30,area,R|extrapolation,-0.1210,-0.1428,-0.0919
openmrg,learned|in-R>tgt-RCP,CSI_1,60,domain,R|extrapolation,-0.0640,-0.1037,-0.0244
openmrg,learned|in-R>tgt-RCP,CSI_1,60,area,R|extrapolation,-0.0665,-0.1040,-0.0277
openmrg,learned|in-R>tgt-RCP,FSS_10km,15,domain,R|extrapolation,-0.2456,-0.3025,-0.1995
openmrg,learned|in-R>tgt-RCP,FSS_10km,15,area,R|extrapolation,-0.2467,-0.3062,-0.2010
openmrg,learned|in-R>tgt-RCP,FSS_10km,30,domain,R|extrapolation,-0.2354,-0.2799,-0.1893
openmrg,learned|in-R>tgt-RCP,FSS_10km,30,area,R|extrapolation,-0.2366,-0.2829,-0.1893
openmrg,learned|in-R>tgt-RCP,FSS_10km,60,domain,R|extrapolation,-0.1987,-0.2396,-0.1610
openmrg,learned|in-R>tgt-RCP,FSS_10km,60,area,R|extrapolation,-0.2009,-0.2383,-0.1647
openmrg,learned|in-R>tgt-RCP,MAE,15,domain,R|extrapolation,0.2873,0.2176,0.3539
openmrg,learned|in-R>tgt-RCP,MAE,15,area,R|extrapolation,0.2908,0.2183,0.3592
openmrg,learned|in-R>tgt-RCP,MAE,30,domain,R|extrapolation,0.2541,0.1768,0.3302
openmrg,learned|in-R>tgt-RCP,MAE,30,area,R|extrapolation,0.2556,0.1760,0.3360
openmrg,learned|in-R>tgt-RCP,MAE,60,domain,R|extrapolation,0.1831,0.0765,0.2834
openmrg,learned|in-R>tgt-RCP,MAE,60,area,R|extrapolation,0.1882,0.0808,0.2888
openmrg,learned|in-R>tgt-RCP,gauge next-hour RMSE,60,gauges,R|extrapolation,0.0914,-0.1412,0.2999
openmrg,learned|in-C>tgt-RCP,CSI_1,15,domain,R|extrapolation,-0.2698,-0.3074,-0.2346
openmrg,learned|in-C>tgt-RCP,CSI_1,15,area,R|extrapolation,-0.2621,-0.3011,-0.2281
openmrg,learned|in-C>tgt-RCP,CSI_1,30,domain,R|extrapolation,-0.1838,-0.2252,-0.1454
openmrg,learned|in-C>tgt-RCP,CSI_1,30,area,R|extrapolation,-0.1817,-0.2215,-0.1423
openmrg,learned|in-C>tgt-RCP,CSI_1,60,domain,R|extrapolation,-0.1086,-0.1687,-0.0557
openmrg,learned|in-C>tgt-RCP,CSI_1,60,area,R|extrapolation,-0.1111,-0.1697,-0.0591
openmrg,learned|in-C>tgt-RCP,FSS_10km,15,domain,R|extrapolation,-0.3595,-0.4458,-0.2931
openmrg,learned|in-C>tgt-RCP,FSS_10km,15,area,R|extrapolation,-0.3511,-0.4375,-0.2863
openmrg,learned|in-C>tgt-RCP,FSS_10km,30,domain,R|extrapolation,-0.3129,-0.3809,-0.2571
openmrg,learned|in-C>tgt-RCP,FSS_10km,30,area,R|extrapolation,-0.3100,-0.3764,-0.2527
openmrg,learned|in-C>tgt-RCP,FSS_10km,60,domain,R|extrapolation,-0.2475,-0.3073,-0.1993
openmrg,learned|in-C>tgt-RCP,FSS_10km,60,area,R|extrapolation,-0.2505,-0.3081,-0.2028
openmrg,learned|in-C>tgt-RCP,MAE,15,domain,R|extrapolation,0.3038,0.2442,0.3642
openmrg,learned|in-C>tgt-RCP,MAE,15,area,R|extrapolation,0.3017,0.2439,0.3612
openmrg,learned|in-C>tgt-RCP,MAE,30,domain,R|extrapolation,0.2111,0.1632,0.2633
openmrg,learned|in-C>tgt-RCP,MAE,30,area,R|extrapolation,0.2113,0.1634,0.2637
openmrg,learned|in-C>tgt-RCP,MAE,60,domain,R|extrapolation,0.1181,0.0576,0.1783
openmrg,learned|in-C>tgt-RCP,MAE,60,area,R|extrapolation,0.1221,0.0587,0.1850
openmrg,learned|in-C>tgt-RCP,gauge next-hour RMSE,60,gauges,R|extrapolation,-0.0838,-0.2997,0.0959
openmrg,learned|in-P>tgt-RCP,CSI_1,15,domain,R|extrapolation,-0.3019,-0.3300,-0.2674
openmrg,learned|in-P>tgt-RCP,CSI_1,15,area,R|extrapolation,-0.2952,-0.3227,-0.2625
openmrg,learned|in-P>tgt-RCP,CSI_1,30,domain,R|extrapolation,-0.2110,-0.2447,-0.1702
openmrg,learned|in-P>tgt-RCP,CSI_1,30,area,R|extrapolation,-0.2094,-0.2407,-0.1696
openmrg,learned|in-P>tgt-RCP,CSI_1,60,domain,R|extrapolation,-0.1334,-0.1874,-0.0861
openmrg,learned|in-P>tgt-RCP,CSI_1,60,area,R|extrapolation,-0.1354,-0.1868,-0.0893
openmrg,learned|in-P>tgt-RCP,FSS_10km,15,domain,R|extrapolation,-0.4121,-0.4963,-0.3455
openmrg,learned|in-P>tgt-RCP,FSS_10km,15,area,R|extrapolation,-0.4054,-0.4917,-0.3392
openmrg,learned|in-P>tgt-RCP,FSS_10km,30,domain,R|extrapolation,-0.3608,-0.4249,-0.2980
openmrg,learned|in-P>tgt-RCP,FSS_10km,30,area,R|extrapolation,-0.3577,-0.4247,-0.2948
openmrg,learned|in-P>tgt-RCP,FSS_10km,60,domain,R|extrapolation,-0.2960,-0.3525,-0.2486
openmrg,learned|in-P>tgt-RCP,FSS_10km,60,area,R|extrapolation,-0.2969,-0.3505,-0.2488
openmrg,learned|in-P>tgt-RCP,MAE,15,domain,R|extrapolation,0.3596,0.2920,0.4231
openmrg,learned|in-P>tgt-RCP,MAE,15,area,R|extrapolation,0.3591,0.2891,0.4232
openmrg,learned|in-P>tgt-RCP,MAE,30,domain,R|extrapolation,0.3095,0.2367,0.3837
openmrg,learned|in-P>tgt-RCP,MAE,30,area,R|extrapolation,0.3140,0.2388,0.3911
openmrg,learned|in-P>tgt-RCP,MAE,60,domain,R|extrapolation,0.1994,0.1061,0.2864
openmrg,learned|in-P>tgt-RCP,MAE,60,area,R|extrapolation,0.2012,0.1042,0.2917
openmrg,learned|in-P>tgt-RCP,gauge next-hour RMSE,60,gauges,R|extrapolation,-0.0398,-0.2475,0.1357
openmrg,learned|in-CP>tgt-RCP,CSI_1,15,domain,R|extrapolation,-0.2609,-0.2952,-0.2271
openmrg,learned|in-CP>tgt-RCP,CSI_1,15,area,R|extrapolation,-0.2499,-0.2860,-0.2170
openmrg,learned|in-CP>tgt-RCP,CSI_1,30,domain,R|extrapolation,-0.1783,-0.2150,-0.1433
openmrg,learned|in-CP>tgt-RCP,CSI_1,30,area,R|extrapolation,-0.1744,-0.2112,-0.1391
openmrg,learned|in-CP>tgt-RCP,CSI_1,60,domain,R|extrapolation,-0.1095,-0.1618,-0.0640
openmrg,learned|in-CP>tgt-RCP,CSI_1,60,area,R|extrapolation,-0.1111,-0.1627,-0.0653
openmrg,learned|in-CP>tgt-RCP,FSS_10km,15,domain,R|extrapolation,-0.3340,-0.4156,-0.2749
openmrg,learned|in-CP>tgt-RCP,FSS_10km,15,area,R|extrapolation,-0.3234,-0.4061,-0.2644
openmrg,learned|in-CP>tgt-RCP,FSS_10km,30,domain,R|extrapolation,-0.2893,-0.3540,-0.2345
openmrg,learned|in-CP>tgt-RCP,FSS_10km,30,area,R|extrapolation,-0.2841,-0.3487,-0.2297
openmrg,learned|in-CP>tgt-RCP,FSS_10km,60,domain,R|extrapolation,-0.2389,-0.2939,-0.1887
openmrg,learned|in-CP>tgt-RCP,FSS_10km,60,area,R|extrapolation,-0.2405,-0.2955,-0.1899
openmrg,learned|in-CP>tgt-RCP,MAE,15,domain,R|extrapolation,0.2830,0.2259,0.3406
openmrg,learned|in-CP>tgt-RCP,MAE,15,area,R|extrapolation,0.2824,0.2272,0.3372
openmrg,learned|in-CP>tgt-RCP,MAE,30,domain,R|extrapolation,0.1843,0.1449,0.2281
openmrg,learned|in-CP>tgt-RCP,MAE,30,area,R|extrapolation,0.1834,0.1444,0.2249
openmrg,learned|in-CP>tgt-RCP,MAE,60,domain,R|extrapolation,0.1015,0.0371,0.1646
openmrg,learned|in-CP>tgt-RCP,MAE,60,area,R|extrapolation,0.1031,0.0377,0.1663
openmrg,learned|in-CP>tgt-RCP,gauge next-hour RMSE,60,gauges,R|extrapolation,-0.1376,-0.3109,0.0047
openmrg,learned|in-RC>tgt-RCP,CSI_1,15,domain,R|extrapolation,-0.1943,-0.2134,-0.1701
openmrg,learned|in-RC>tgt-RCP,CSI_1,15,area,R|extrapolation,-0.1971,-0.2158,-0.1730
openmrg,learned|in-RC>tgt-RCP,CSI_1,30,domain,R|extrapolation,-0.1328,-0.1538,-0.1053
openmrg,learned|in-RC>tgt-RCP,CSI_1,30,area,R|extrapolation,-0.1351,-0.1545,-0.1087
openmrg,learned|in-RC>tgt-RCP,CSI_1,60,domain,R|extrapolation,-0.0697,-0.1114,-0.0273
openmrg,learned|in-RC>tgt-RCP,CSI_1,60,area,R|extrapolation,-0.0734,-0.1124,-0.0324
openmrg,learned|in-RC>tgt-RCP,FSS_10km,15,domain,R|extrapolation,-0.2606,-0.3230,-0.2142
openmrg,learned|in-RC>tgt-RCP,FSS_10km,15,area,R|extrapolation,-0.2652,-0.3297,-0.2174
openmrg,learned|in-RC>tgt-RCP,FSS_10km,30,domain,R|extrapolation,-0.2458,-0.2942,-0.1983
openmrg,learned|in-RC>tgt-RCP,FSS_10km,30,area,R|extrapolation,-0.2483,-0.2984,-0.2000
openmrg,learned|in-RC>tgt-RCP,FSS_10km,60,domain,R|extrapolation,-0.1861,-0.2220,-0.1494
openmrg,learned|in-RC>tgt-RCP,FSS_10km,60,area,R|extrapolation,-0.1904,-0.2261,-0.1568
openmrg,learned|in-RC>tgt-RCP,MAE,15,domain,R|extrapolation,0.2687,0.2085,0.3248
openmrg,learned|in-RC>tgt-RCP,MAE,15,area,R|extrapolation,0.2786,0.2160,0.3362
openmrg,learned|in-RC>tgt-RCP,MAE,30,domain,R|extrapolation,0.1971,0.1468,0.2536
openmrg,learned|in-RC>tgt-RCP,MAE,30,area,R|extrapolation,0.2015,0.1477,0.2600
openmrg,learned|in-RC>tgt-RCP,MAE,60,domain,R|extrapolation,0.1311,0.0429,0.2137
openmrg,learned|in-RC>tgt-RCP,MAE,60,area,R|extrapolation,0.1351,0.0433,0.2209
openmrg,learned|in-RC>tgt-RCP,gauge next-hour RMSE,60,gauges,R|extrapolation,-0.0933,-0.2426,0.0634
openmrg,learned|in-RP>tgt-RCP,CSI_1,15,domain,R|extrapolation,-0.1868,-0.2031,-0.1646
openmrg,learned|in-RP>tgt-RCP,CSI_1,15,area,R|extrapolation,-0.1868,-0.2036,-0.1644
openmrg,learned|in-RP>tgt-RCP,CSI_1,30,domain,R|extrapolation,-0.1233,-0.1446,-0.0928
openmrg,learned|in-RP>tgt-RCP,CSI_1,30,area,R|extrapolation,-0.1241,-0.1447,-0.0958
openmrg,learned|in-RP>tgt-RCP,CSI_1,60,domain,R|extrapolation,-0.0951,-0.1257,-0.0589
openmrg,learned|in-RP>tgt-RCP,CSI_1,60,area,R|extrapolation,-0.0986,-0.1276,-0.0647
openmrg,learned|in-RP>tgt-RCP,FSS_10km,15,domain,R|extrapolation,-0.2465,-0.2985,-0.2056
openmrg,learned|in-RP>tgt-RCP,FSS_10km,15,area,R|extrapolation,-0.2477,-0.3025,-0.2042
openmrg,learned|in-RP>tgt-RCP,FSS_10km,30,domain,R|extrapolation,-0.2204,-0.2638,-0.1763
openmrg,learned|in-RP>tgt-RCP,FSS_10km,30,area,R|extrapolation,-0.2204,-0.2667,-0.1756
openmrg,learned|in-RP>tgt-RCP,FSS_10km,60,domain,R|extrapolation,-0.1993,-0.2317,-0.1622
openmrg,learned|in-RP>tgt-RCP,FSS_10km,60,area,R|extrapolation,-0.2022,-0.2321,-0.1692
openmrg,learned|in-RP>tgt-RCP,MAE,15,domain,R|extrapolation,0.2679,0.2121,0.3204
openmrg,learned|in-RP>tgt-RCP,MAE,15,area,R|extrapolation,0.2711,0.2134,0.3240
openmrg,learned|in-RP>tgt-RCP,MAE,30,domain,R|extrapolation,0.2029,0.1464,0.2579
openmrg,learned|in-RP>tgt-RCP,MAE,30,area,R|extrapolation,0.1997,0.1427,0.2560
openmrg,learned|in-RP>tgt-RCP,MAE,60,domain,R|extrapolation,0.1077,0.0155,0.1794
openmrg,learned|in-RP>tgt-RCP,MAE,60,area,R|extrapolation,0.1062,0.0158,0.1796
openmrg,learned|in-RP>tgt-RCP,gauge next-hour RMSE,60,gauges,R|extrapolation,-0.1469,-0.3144,0.0023
openmrg,learned|in-RCP>tgt-RCP,CSI_1,15,domain,R|extrapolation,-0.1798,-0.2041,-0.1569
openmrg,learned|in-RCP>tgt-RCP,CSI_1,15,area,R|extrapolation,-0.1842,-0.2085,-0.1615
openmrg,learned|in-RCP>tgt-RCP,CSI_1,30,domain,R|extrapolation,-0.1288,-0.1557,-0.0966
openmrg,learned|in-RCP>tgt-RCP,CSI_1,30,area,R|extrapolation,-0.1323,-0.1590,-0.1012
openmrg,learned|in-RCP>tgt-RCP,CSI_1,60,domain,R|extrapolation,-0.0949,-0.1353,-0.0594
openmrg,learned|in-RCP>tgt-RCP,CSI_1,60,area,R|extrapolation,-0.0991,-0.1383,-0.0650
openmrg,learned|in-RCP>tgt-RCP,FSS_10km,15,domain,R|extrapolation,-0.2318,-0.2849,-0.1923
openmrg,learned|in-RCP>tgt-RCP,FSS_10km,15,area,R|extrapolation,-0.2389,-0.2939,-0.1974
openmrg,learned|in-RCP>tgt-RCP,FSS_10km,30,domain,R|extrapolation,-0.2309,-0.2803,-0.1921
openmrg,learned|in-RCP>tgt-RCP,FSS_10km,30,area,R|extrapolation,-0.2352,-0.2862,-0.1950
openmrg,learned|in-RCP>tgt-RCP,FSS_10km,60,domain,R|extrapolation,-0.2232,-0.2670,-0.1879
openmrg,learned|in-RCP>tgt-RCP,FSS_10km,60,area,R|extrapolation,-0.2282,-0.2717,-0.1932
openmrg,learned|in-RCP>tgt-RCP,MAE,15,domain,R|extrapolation,0.2631,0.2016,0.3227
openmrg,learned|in-RCP>tgt-RCP,MAE,15,area,R|extrapolation,0.2750,0.2087,0.3370
openmrg,learned|in-RCP>tgt-RCP,MAE,30,domain,R|extrapolation,0.2223,0.1663,0.2866
openmrg,learned|in-RCP>tgt-RCP,MAE,30,area,R|extrapolation,0.2295,0.1690,0.2965
openmrg,learned|in-RCP>tgt-RCP,MAE,60,domain,R|extrapolation,0.1844,0.1023,0.2743
openmrg,learned|in-RCP>tgt-RCP,MAE,60,area,R|extrapolation,0.1937,0.1095,0.2861
openmrg,learned|in-RCP>tgt-RCP,gauge next-hour RMSE,60,gauges,R|extrapolation,0.0216,-0.1707,0.2199
openmrg,learned|hybrid,CSI_1,15,domain,R|extrapolation,-0.0203,-0.0273,-0.0115
openmrg,learned|hybrid,CSI_1,15,area,R|extrapolation,-0.0185,-0.0254,-0.0095
openmrg,learned|hybrid,CSI_1,30,domain,R|extrapolation,-0.0086,-0.0178,0.0047
openmrg,learned|hybrid,CSI_1,30,area,R|extrapolation,-0.0091,-0.0183,0.0037
openmrg,learned|hybrid,CSI_1,60,domain,R|extrapolation,0.0024,-0.0215,0.0233
openmrg,learned|hybrid,CSI_1,60,area,R|extrapolation,0.0015,-0.0219,0.0228
openmrg,learned|hybrid,FSS_10km,15,domain,R|extrapolation,-0.0224,-0.0309,-0.0158
openmrg,learned|hybrid,FSS_10km,15,area,R|extrapolation,-0.0203,-0.0281,-0.0137
openmrg,learned|hybrid,FSS_10km,30,domain,R|extrapolation,-0.0285,-0.0363,-0.0208
openmrg,learned|hybrid,FSS_10km,30,area,R|extrapolation,-0.0282,-0.0362,-0.0195
openmrg,learned|hybrid,FSS_10km,60,domain,R|extrapolation,-0.0511,-0.0747,-0.0283
openmrg,learned|hybrid,FSS_10km,60,area,R|extrapolation,-0.0518,-0.0754,-0.0279
openmrg,learned|hybrid,MAE,15,domain,R|extrapolation,0.0811,0.0611,0.1007
openmrg,learned|hybrid,MAE,15,area,R|extrapolation,0.0700,0.0541,0.0847
openmrg,learned|hybrid,MAE,30,domain,R|extrapolation,0.1121,0.0833,0.1367
openmrg,learned|hybrid,MAE,30,area,R|extrapolation,0.1048,0.0784,0.1273
openmrg,learned|hybrid,MAE,60,domain,R|extrapolation,0.3045,0.2199,0.3942
openmrg,learned|hybrid,MAE,60,area,R|extrapolation,0.3087,0.2231,0.3966
openmrg,learned|hybrid,gauge next-hour RMSE,60,gauges,R|extrapolation,0.1206,0.0349,0.2123
openmrg,learned_raw|in-R>tgt-R,CSI_1,15,domain,R|extrapolation,-0.0991,-0.1142,-0.0806
openmrg,learned_raw|in-R>tgt-R,CSI_1,15,area,R|extrapolation,-0.1000,-0.1153,-0.0815
openmrg,learned_raw|in-R>tgt-R,CSI_1,30,domain,R|extrapolation,-0.0661,-0.0858,-0.0447
openmrg,learned_raw|in-R>tgt-R,CSI_1,30,area,R|extrapolation,-0.0681,-0.0863,-0.0473
openmrg,learned_raw|in-R>tgt-R,CSI_1,60,domain,R|extrapolation,-0.0545,-0.0917,-0.0218
openmrg,learned_raw|in-R>tgt-R,CSI_1,60,area,R|extrapolation,-0.0579,-0.0948,-0.0268
openmrg,learned_raw|in-R>tgt-R,FSS_10km,15,domain,R|extrapolation,-0.1378,-0.1814,-0.1073
openmrg,learned_raw|in-R>tgt-R,FSS_10km,15,area,R|extrapolation,-0.1388,-0.1833,-0.1074
openmrg,learned_raw|in-R>tgt-R,FSS_10km,30,domain,R|extrapolation,-0.1427,-0.1860,-0.1063
openmrg,learned_raw|in-R>tgt-R,FSS_10km,30,area,R|extrapolation,-0.1440,-0.1877,-0.1075
openmrg,learned_raw|in-R>tgt-R,FSS_10km,60,domain,R|extrapolation,-0.1428,-0.1870,-0.1027
openmrg,learned_raw|in-R>tgt-R,FSS_10km,60,area,R|extrapolation,-0.1458,-0.1885,-0.1073
openmrg,learned_raw|in-R>tgt-R,MAE,15,domain,R|extrapolation,0.1361,0.1003,0.1692
openmrg,learned_raw|in-R>tgt-R,MAE,15,area,R|extrapolation,0.1383,0.1012,0.1721
openmrg,learned_raw|in-R>tgt-R,MAE,30,domain,R|extrapolation,0.1189,0.0794,0.1570
openmrg,learned_raw|in-R>tgt-R,MAE,30,area,R|extrapolation,0.1182,0.0758,0.1595
openmrg,learned_raw|in-R>tgt-R,MAE,60,domain,R|extrapolation,0.0821,0.0043,0.1434
openmrg,learned_raw|in-R>tgt-R,MAE,60,area,R|extrapolation,0.0812,0.0013,0.1428
openmrg,learned_raw|in-R>tgt-R,gauge next-hour RMSE,60,gauges,R|extrapolation,-0.0866,-0.2150,0.0319
openmrg,learned_raw|in-C>tgt-R,CSI_1,15,domain,R|extrapolation,-0.3107,-0.3477,-0.2772
openmrg,learned_raw|in-C>tgt-R,CSI_1,15,area,R|extrapolation,-0.3043,-0.3417,-0.2706
openmrg,learned_raw|in-C>tgt-R,CSI_1,30,domain,R|extrapolation,-0.2441,-0.2936,-0.1921
openmrg,learned_raw|in-C>tgt-R,CSI_1,30,area,R|extrapolation,-0.2414,-0.2916,-0.1890
openmrg,learned_raw|in-C>tgt-R,CSI_1,60,domain,R|extrapolation,-0.2067,-0.2811,-0.1335
openmrg,learned_raw|in-C>tgt-R,CSI_1,60,area,R|extrapolation,-0.2086,-0.2834,-0.1347
openmrg,learned_raw|in-C>tgt-R,FSS_10km,15,domain,R|extrapolation,-0.4042,-0.4812,-0.3482
openmrg,learned_raw|in-C>tgt-R,FSS_10km,15,area,R|extrapolation,-0.3962,-0.4727,-0.3414
openmrg,learned_raw|in-C>tgt-R,FSS_10km,30,domain,R|extrapolation,-0.3809,-0.4411,-0.3370
openmrg,learned_raw|in-C>tgt-R,FSS_10km,30,area,R|extrapolation,-0.3766,-0.4373,-0.3319
openmrg,learned_raw|in-C>tgt-R,FSS_10km,60,domain,R|extrapolation,-0.3775,-0.4612,-0.3022
openmrg,learned_raw|in-C>tgt-R,FSS_10km,60,area,R|extrapolation,-0.3782,-0.4639,-0.3013
openmrg,learned_raw|in-C>tgt-R,MAE,15,domain,R|extrapolation,0.3496,0.3014,0.3911
openmrg,learned_raw|in-C>tgt-R,MAE,15,area,R|extrapolation,0.3398,0.2904,0.3816
openmrg,learned_raw|in-C>tgt-R,MAE,30,domain,R|extrapolation,0.2500,0.2059,0.2914
openmrg,learned_raw|in-C>tgt-R,MAE,30,area,R|extrapolation,0.2433,0.1962,0.2868
openmrg,learned_raw|in-C>tgt-R,MAE,60,domain,R|extrapolation,0.1259,0.0427,0.1954
openmrg,learned_raw|in-C>tgt-R,MAE,60,area,R|extrapolation,0.1220,0.0386,0.1913
openmrg,learned_raw|in-C>tgt-R,gauge next-hour RMSE,60,gauges,R|extrapolation,0.0231,-0.1631,0.1598
openmrg,learned_raw|in-P>tgt-R,CSI_1,15,domain,R|extrapolation,-0.3022,-0.3364,-0.2677
openmrg,learned_raw|in-P>tgt-R,CSI_1,15,area,R|extrapolation,-0.2944,-0.3265,-0.2600
openmrg,learned_raw|in-P>tgt-R,CSI_1,30,domain,R|extrapolation,-0.2296,-0.2674,-0.1861
openmrg,learned_raw|in-P>tgt-R,CSI_1,30,area,R|extrapolation,-0.2265,-0.2619,-0.1848
openmrg,learned_raw|in-P>tgt-R,CSI_1,60,domain,R|extrapolation,-0.1989,-0.2671,-0.1272
openmrg,learned_raw|in-P>tgt-R,CSI_1,60,area,R|extrapolation,-0.2002,-0.2678,-0.1279
openmrg,learned_raw|in-P>tgt-R,FSS_10km,15,domain,R|extrapolation,-0.3709,-0.4617,-0.3058
openmrg,learned_raw|in-P>tgt-R,FSS_10km,15,area,R|extrapolation,-0.3637,-0.4568,-0.2983
openmrg,learned_raw|in-P>tgt-R,FSS_10km,30,domain,R|extrapolation,-0.3293,-0.3906,-0.2779
openmrg,learned_raw|in-P>tgt-R,FSS_10km,30,area,R|extrapolation,-0.3256,-0.3884,-0.2736
openmrg,learned_raw|in-P>tgt-R,FSS_10km,60,domain,R|extrapolation,-0.3465,-0.4190,-0.2688
openmrg,learned_raw|in-P>tgt-R,FSS_10km,60,area,R|extrapolation,-0.3465,-0.4179,-0.2674
openmrg,learned_raw|in-P>tgt-R,MAE,15,domain,R|extrapolation,0.3279,0.2793,0.3701
openmrg,learned_raw|in-P>tgt-R,MAE,15,area,R|extrapolation,0.3286,0.2782,0.3727
openmrg,learned_raw|in-P>tgt-R,MAE,30,domain,R|extrapolation,0.2401,0.1976,0.2810
openmrg,learned_raw|in-P>tgt-R,MAE,30,area,R|extrapolation,0.2410,0.1968,0.2839
openmrg,learned_raw|in-P>tgt-R,MAE,60,domain,R|extrapolation,0.0778,0.0078,0.1340
openmrg,learned_raw|in-P>tgt-R,MAE,60,area,R|extrapolation,0.0756,0.0047,0.1343
openmrg,learned_raw|in-P>tgt-R,gauge next-hour RMSE,60,gauges,R|extrapolation,-0.0628,-0.2469,0.0688
openmrg,learned_raw|in-CP>tgt-R,CSI_1,15,domain,R|extrapolation,-0.2738,-0.3042,-0.2452
openmrg,learned_raw|in-CP>tgt-R,CSI_1,15,area,R|extrapolation,-0.2630,-0.2936,-0.2358
openmrg,learned_raw|in-CP>tgt-R,CSI_1,30,domain,R|extrapolation,-0.2185,-0.2477,-0.1813
openmrg,learned_raw|in-CP>tgt-R,CSI_1,30,area,R|extrapolation,-0.2151,-0.2446,-0.1774
openmrg,learned_raw|in-CP>tgt-R,CSI_1,60,domain,R|extrapolation,-0.1713,-0.2246,-0.1189
openmrg,learned_raw|in-CP>tgt-R,CSI_1,60,area,R|extrapolation,-0.1726,-0.2277,-0.1192
openmrg,learned_raw|in-CP>tgt-R,FSS_10km,15,domain,R|extrapolation,-0.3356,-0.4099,-0.2848
openmrg,learned_raw|in-CP>tgt-R,FSS_10km,15,area,R|extrapolation,-0.3245,-0.3990,-0.2719
openmrg,learned_raw|in-CP>tgt-R,FSS_10km,30,domain,R|extrapolation,-0.3240,-0.3658,-0.2930
openmrg,learned_raw|in-CP>tgt-R,FSS_10km,30,area,R|extrapolation,-0.3185,-0.3624,-0.2876
openmrg,learned_raw|in-CP>tgt-R,FSS_10km,60,domain,R|extrapolation,-0.3084,-0.3658,-0.2574
openmrg,learned_raw|in-CP>tgt-R,FSS_10km,60,area,R|extrapolation,-0.3095,-0.3715,-0.2558
openmrg,learned_raw|in-CP>tgt-R,MAE,15,domain,R|extrapolation,0.2423,0.2041,0.2764
openmrg,learned_raw|in-CP>tgt-R,MAE,15,area,R|extrapolation,0.2345,0.1974,0.2680
openmrg,learned_raw|in-CP>tgt-R,MAE,30,domain,R|extrapolation,0.1676,0.1368,0.1973
openmrg,learned_raw|in-CP>tgt-R,MAE,30,area,R|extrapolation,0.1629,0.1309,0.1934
openmrg,learned_raw|in-CP>tgt-R,MAE,60,domain,R|extrapolation,0.0584,-0.0093,0.1134
openmrg,learned_raw|in-CP>tgt-R,MAE,60,area,R|extrapolation,0.0540,-0.0146,0.1103
openmrg,learned_raw|in-CP>tgt-R,gauge next-hour RMSE,60,gauges,R|extrapolation,-0.0093,-0.2125,0.1446
openmrg,learned_raw|in-RC>tgt-R,CSI_1,15,domain,R|extrapolation,-0.1128,-0.1277,-0.0948
openmrg,learned_raw|in-RC>tgt-R,CSI_1,15,area,R|extrapolation,-0.1124,-0.1264,-0.0944
openmrg,learned_raw|in-RC>tgt-R,CSI_1,30,domain,R|extrapolation,-0.0828,-0.0986,-0.0612
openmrg,learned_raw|in-RC>tgt-R,CSI_1,30,area,R|extrapolation,-0.0834,-0.0984,-0.0627
openmrg,learned_raw|in-RC>tgt-R,CSI_1,60,domain,R|extrapolation,-0.1095,-0.1629,-0.0586
openmrg,learned_raw|in-RC>tgt-R,CSI_1,60,area,R|extrapolation,-0.1133,-0.1661,-0.0621
openmrg,learned_raw|in-RC>tgt-R,FSS_10km,15,domain,R|extrapolation,-0.1490,-0.1919,-0.1171
openmrg,learned_raw|in-RC>tgt-R,FSS_10km,15,area,R|extrapolation,-0.1490,-0.1914,-0.1172
openmrg,learned_raw|in-RC>tgt-R,FSS_10km,30,domain,R|extrapolation,-0.1479,-0.1892,-0.1096
openmrg,learned_raw|in-RC>tgt-R,FSS_10km,30,area,R|extrapolation,-0.1469,-0.1893,-0.1088
openmrg,learned_raw|in-RC>tgt-R,FSS_10km,60,domain,R|extrapolation,-0.2036,-0.2621,-0.1431
openmrg,learned_raw|in-RC>tgt-R,FSS_10km,60,area,R|extrapolation,-0.2076,-0.2663,-0.1469
openmrg,learned_raw|in-RC>tgt-R,MAE,15,domain,R|extrapolation,0.1431,0.1099,0.1770
openmrg,learned_raw|in-RC>tgt-R,MAE,15,area,R|extrapolation,0.1448,0.1114,0.1784
openmrg,learned_raw|in-RC>tgt-R,MAE,30,domain,R|extrapolation,0.1087,0.0653,0.1466
openmrg,learned_raw|in-RC>tgt-R,MAE,30,area,R|extrapolation,0.1051,0.0605,0.1446
openmrg,learned_raw|in-RC>tgt-R,MAE,60,domain,R|extrapolation,0.0685,-0.0088,0.1303
openmrg,learned_raw|in-RC>tgt-R,MAE,60,area,R|extrapolation,0.0660,-0.0120,0.1292
openmrg,learned_raw|in-RC>tgt-R,gauge next-hour RMSE,60,gauges,R|extrapolation,-0.0786,-0.2314,0.0360
openmrg,learned_raw|in-RP>tgt-R,CSI_1,15,domain,R|extrapolation,-0.1092,-0.1209,-0.0941
openmrg,learned_raw|in-RP>tgt-R,CSI_1,15,area,R|extrapolation,-0.1100,-0.1211,-0.0954
openmrg,learned_raw|in-RP>tgt-R,CSI_1,30,domain,R|extrapolation,-0.0762,-0.0957,-0.0522
openmrg,learned_raw|in-RP>tgt-R,CSI_1,30,area,R|extrapolation,-0.0779,-0.0951,-0.0566
openmrg,learned_raw|in-RP>tgt-R,CSI_1,60,domain,R|extrapolation,-0.0556,-0.0956,-0.0216
openmrg,learned_raw|in-RP>tgt-R,CSI_1,60,area,R|extrapolation,-0.0586,-0.0967,-0.0262
openmrg,learned_raw|in-RP>tgt-R,FSS_10km,15,domain,R|extrapolation,-0.1540,-0.1943,-0.1242
openmrg,learned_raw|in-RP>tgt-R,FSS_10km,15,area,R|extrapolation,-0.1555,-0.1959,-0.1244
openmrg,learned_raw|in-RP>tgt-R,FSS_10km,30,domain,R|extrapolation,-0.1637,-0.1994,-0.1342
openmrg,learned_raw|in-RP>tgt-R,FSS_10km,30,area,R|extrapolation,-0.1649,-0.2021,-0.1344
openmrg,learned_raw|in-RP>tgt-R,FSS_10km,60,domain,R|extrapolation,-0.1593,-0.2037,-0.1237
openmrg,learned_raw|in-RP>tgt-R,FSS_10km,60,area,R|extrapolation,-0.1622,-0.2052,-0.1303
openmrg,learned_raw|in-RP>tgt-R,MAE,15,domain,R|extrapolation,0.1741,0.1383,0.2108
openmrg,learned_raw|in-RP>tgt-R,MAE,15,area,R|extrapolation,0.1772,0.1407,0.2139
openmrg,learned_raw|in-RP>tgt-R,MAE,30,domain,R|extrapolation,0.1657,0.1297,0.2032
openmrg,learned_raw|in-RP>tgt-R,MAE,30,area,R|extrapolation,0.1673,0.1287,0.2070
openmrg,learned_raw|in-RP>tgt-R,MAE,60,domain,R|extrapolation,0.1300,0.0554,0.1969
openmrg,learned_raw|in-RP>tgt-R,MAE,60,area,R|extrapolation,0.1305,0.0549,0.1985
openmrg,learned_raw|in-RP>tgt-R,gauge next-hour RMSE,60,gauges,R|extrapolation,-0.0299,-0.1582,0.1110
openmrg,learned_raw|in-RCP>tgt-R,CSI_1,15,domain,R|extrapolation,-0.1250,-0.1410,-0.1071
openmrg,learned_raw|in-RCP>tgt-R,CSI_1,15,area,R|extrapolation,-0.1265,-0.1421,-0.1088
openmrg,learned_raw|in-RCP>tgt-R,CSI_1,30,domain,R|extrapolation,-0.0974,-0.1202,-0.0711
openmrg,learned_raw|in-RCP>tgt-R,CSI_1,30,area,R|extrapolation,-0.0997,-0.1216,-0.0750
openmrg,learned_raw|in-RCP>tgt-R,CSI_1,60,domain,R|extrapolation,-0.0537,-0.0947,-0.0197
openmrg,learned_raw|in-RCP>tgt-R,CSI_1,60,area,R|extrapolation,-0.0566,-0.0958,-0.0235
openmrg,learned_raw|in-RCP>tgt-R,FSS_10km,15,domain,R|extrapolation,-0.1695,-0.2150,-0.1367
openmrg,learned_raw|in-RCP>tgt-R,FSS_10km,15,area,R|extrapolation,-0.1719,-0.2186,-0.1386
openmrg,learned_raw|in-RCP>tgt-R,FSS_10km,30,domain,R|extrapolation,-0.1927,-0.2342,-0.1604
openmrg,learned_raw|in-RCP>tgt-R,FSS_10km,30,area,R|extrapolation,-0.1950,-0.2384,-0.1618
openmrg,learned_raw|in-RCP>tgt-R,FSS_10km,60,domain,R|extrapolation,-0.1564,-0.2012,-0.1236
openmrg,learned_raw|in-RCP>tgt-R,FSS_10km,60,area,R|extrapolation,-0.1599,-0.2016,-0.1296
openmrg,learned_raw|in-RCP>tgt-R,MAE,15,domain,R|extrapolation,0.1753,0.1370,0.2155
openmrg,learned_raw|in-RCP>tgt-R,MAE,15,area,R|extrapolation,0.1811,0.1414,0.2236
openmrg,learned_raw|in-RCP>tgt-R,MAE,30,domain,R|extrapolation,0.1945,0.1519,0.2407
openmrg,learned_raw|in-RCP>tgt-R,MAE,30,area,R|extrapolation,0.1981,0.1532,0.2465
openmrg,learned_raw|in-RCP>tgt-R,MAE,60,domain,R|extrapolation,0.1142,0.0384,0.1812
openmrg,learned_raw|in-RCP>tgt-R,MAE,60,area,R|extrapolation,0.1158,0.0405,0.1851
openmrg,learned_raw|in-RCP>tgt-R,gauge next-hour RMSE,60,gauges,R|extrapolation,-0.0109,-0.1450,0.1281
openmrg,learned_raw|in-R>tgt-RCP,CSI_1,15,domain,R|extrapolation,-0.1960,-0.2135,-0.1708
openmrg,learned_raw|in-R>tgt-RCP,CSI_1,15,area,R|extrapolation,-0.1962,-0.2133,-0.1707
openmrg,learned_raw|in-R>tgt-RCP,CSI_1,30,domain,R|extrapolation,-0.1434,-0.1677,-0.1100
openmrg,learned_raw|in-R>tgt-RCP,CSI_1,30,area,R|extrapolation,-0.1450,-0.1694,-0.1128
openmrg,learned_raw|in-R>tgt-RCP,CSI_1,60,domain,R|extrapolation,-0.0734,-0.1133,-0.0331
openmrg,learned_raw|in-R>tgt-RCP,CSI_1,60,area,R|extrapolation,-0.0759,-0.1136,-0.0371
openmrg,learned_raw|in-R>tgt-RCP,FSS_10km,15,domain,R|extrapolation,-0.2736,-0.3323,-0.2255
openmrg,learned_raw|in-R>tgt-RCP,FSS_10km,15,area,R|extrapolation,-0.2748,-0.3351,-0.2279
openmrg,learned_raw|in-R>tgt-RCP,FSS_10km,30,domain,R|extrapolation,-0.2739,-0.3175,-0.2254
openmrg,learned_raw|in-R>tgt-RCP,FSS_10km,30,area,R|extrapolation,-0.2751,-0.3193,-0.2259
openmrg,learned_raw|in-R>tgt-RCP,FSS_10km,60,domain,R|extrapolation,-0.2156,-0.2565,-0.1773
openmrg,learned_raw|in-R>tgt-RCP,FSS_10km,60,area,R|extrapolation,-0.2177,-0.2565,-0.1822
openmrg,learned_raw|in-R>tgt-RCP,MAE,15,domain,R|extrapolation,0.4420,0.3497,0.5271
openmrg,learned_raw|in-R>tgt-RCP,MAE,15,area,R|extrapolation,0.4457,0.3506,0.5347
openmrg,learned_raw|in-R>tgt-RCP,MAE,30,domain,R|extrapolation,0.4804,0.3731,0.5826
openmrg,learned_raw|in-R>tgt-RCP,MAE,30,area,R|extrapolation,0.4828,0.3732,0.5857
openmrg,learned_raw|in-R>tgt-RCP,MAE,60,domain,R|extrapolation,0.3477,0.2230,0.4596
openmrg,learned_raw|in-R>tgt-RCP,MAE,60,area,R|extrapolation,0.3534,0.2261,0.4673
openmrg,learned_raw|in-R>tgt-RCP,gauge next-hour RMSE,60,gauges,R|extrapolation,0.2598,-0.0246,0.5234
openmrg,learned_raw|in-C>tgt-RCP,CSI_1,15,domain,R|extrapolation,-0.2898,-0.3219,-0.2539
openmrg,learned_raw|in-C>tgt-RCP,CSI_1,15,area,R|extrapolation,-0.2833,-0.3155,-0.2490
openmrg,learned_raw|in-C>tgt-RCP,CSI_1,30,domain,R|extrapolation,-0.1975,-0.2356,-0.1572
openmrg,learned_raw|in-C>tgt-RCP,CSI_1,30,area,R|extrapolation,-0.1960,-0.2317,-0.1547
openmrg,learned_raw|in-C>tgt-RCP,CSI_1,60,domain,R|extrapolation,-0.1096,-0.1685,-0.0581
openmrg,learned_raw|in-C>tgt-RCP,CSI_1,60,area,R|extrapolation,-0.1121,-0.1699,-0.0610
openmrg,learned_raw|in-C>tgt-RCP,FSS_10km,15,domain,R|extrapolation,-0.3987,-0.4825,-0.3377
openmrg,learned_raw|in-C>tgt-RCP,FSS_10km,15,area,R|extrapolation,-0.3911,-0.4725,-0.3289
openmrg,learned_raw|in-C>tgt-RCP,FSS_10km,30,domain,R|extrapolation,-0.3436,-0.4051,-0.2863
openmrg,learned_raw|in-C>tgt-RCP,FSS_10km,30,area,R|extrapolation,-0.3405,-0.4025,-0.2840
openmrg,learned_raw|in-C>tgt-RCP,FSS_10km,60,domain,R|extrapolation,-0.2531,-0.3130,-0.2044
openmrg,learned_raw|in-C>tgt-RCP,FSS_10km,60,area,R|extrapolation,-0.2559,-0.3154,-0.2089
openmrg,learned_raw|in-C>tgt-RCP,MAE,15,domain,R|extrapolation,0.5036,0.4137,0.5912
openmrg,learned_raw|in-C>tgt-RCP,MAE,15,area,R|extrapolation,0.5040,0.4157,0.5943
openmrg,learned_raw|in-C>tgt-RCP,MAE,30,domain,R|extrapolation,0.3862,0.3116,0.4615
openmrg,learned_raw|in-C>tgt-RCP,MAE,30,area,R|extrapolation,0.3870,0.3120,0.4638
openmrg,learned_raw|in-C>tgt-RCP,MAE,60,domain,R|extrapolation,0.2201,0.1423,0.2969
openmrg,learned_raw|in-C>tgt-RCP,MAE,60,area,R|extrapolation,0.2224,0.1410,0.3035
openmrg,learned_raw|in-C>tgt-RCP,gauge next-hour RMSE,60,gauges,R|extrapolation,0.0618,-0.1622,0.2579
openmrg,learned_raw|in-P>tgt-RCP,CSI_1,15,domain,R|extrapolation,-0.2818,-0.3133,-0.2464
openmrg,learned_raw|in-P>tgt-RCP,CSI_1,15,area,R|extrapolation,-0.2750,-0.3053,-0.2401
openmrg,learned_raw|in-P>tgt-RCP,CSI_1,30,domain,R|extrapolation,-0.1967,-0.2347,-0.1558
openmrg,learned_raw|in-P>tgt-RCP,CSI_1,30,area,R|extrapolation,-0.1946,-0.2305,-0.1546
openmrg,learned_raw|in-P>tgt-RCP,CSI_1,60,domain,R|extrapolation,-0.1283,-0.2033,-0.0710
openmrg,learned_raw|in-P>tgt-RCP,CSI_1,60,area,R|extrapolation,-0.1293,-0.2026,-0.0726
openmrg,learned_raw|in-P>tgt-RCP,FSS_10km,15,domain,R|extrapolation,-0.3751,-0.4626,-0.3083
openmrg,learned_raw|in-P>tgt-RCP,FSS_10km,15,area,R|extrapolation,-0.3685,-0.4567,-0.3030
openmrg,learned_raw|in-P>tgt-RCP,FSS_10km,30,domain,R|extrapolation,-0.3301,-0.3987,-0.2673
openmrg,learned_raw|in-P>tgt-RCP,FSS_10km,30,area,R|extrapolation,-0.3269,-0.3956,-0.2640
openmrg,learned_raw|in-P>tgt-RCP,FSS_10km,60,domain,R|extrapolation,-0.2594,-0.3621,-0.1940
openmrg,learned_raw|in-P>tgt-RCP,FSS_10km,60,area,R|extrapolation,-0.2604,-0.3604,-0.1981
openmrg,learned_raw|in-P>tgt-RCP,MAE,15,domain,R|extrapolation,0.3445,0.2899,0.3961
openmrg,learned_raw|in-P>tgt-RCP,MAE,15,area,R|extrapolation,0.3372,0.2793,0.3917
openmrg,learned_raw|in-P>tgt-RCP,MAE,30,domain,R|extrapolation,0.2871,0.2277,0.3495
openmrg,learned_raw|in-P>tgt-RCP,MAE,30,area,R|extrapolation,0.2850,0.2243,0.3517
openmrg,learned_raw|in-P>tgt-RCP,MAE,60,domain,R|extrapolation,0.1303,0.0502,0.1973
openmrg,learned_raw|in-P>tgt-RCP,MAE,60,area,R|extrapolation,0.1257,0.0440,0.1959
openmrg,learned_raw|in-P>tgt-RCP,gauge next-hour RMSE,60,gauges,R|extrapolation,-0.1041,-0.2990,0.0467
openmrg,learned_raw|in-CP>tgt-RCP,CSI_1,15,domain,R|extrapolation,-0.2709,-0.3047,-0.2369
openmrg,learned_raw|in-CP>tgt-RCP,CSI_1,15,area,R|extrapolation,-0.2614,-0.2950,-0.2284
openmrg,learned_raw|in-CP>tgt-RCP,CSI_1,30,domain,R|extrapolation,-0.1849,-0.2197,-0.1498
openmrg,learned_raw|in-CP>tgt-RCP,CSI_1,30,area,R|extrapolation,-0.1816,-0.2164,-0.1456
openmrg,learned_raw|in-CP>tgt-RCP,CSI_1,60,domain,R|extrapolation,-0.1102,-0.1627,-0.0640
openmrg,learned_raw|in-CP>tgt-RCP,CSI_1,60,area,R|extrapolation,-0.1117,-0.1644,-0.0648
openmrg,learned_raw|in-CP>tgt-RCP,FSS_10km,15,domain,R|extrapolation,-0.3558,-0.4365,-0.2949
openmrg,learned_raw|in-CP>tgt-RCP,FSS_10km,15,area,R|extrapolation,-0.3469,-0.4287,-0.2873
openmrg,learned_raw|in-CP>tgt-RCP,FSS_10km,30,domain,R|extrapolation,-0.3063,-0.3702,-0.2525
openmrg,learned_raw|in-CP>tgt-RCP,FSS_10km,30,area,R|extrapolation,-0.3020,-0.3672,-0.2485
openmrg,learned_raw|in-CP>tgt-RCP,FSS_10km,60,domain,R|extrapolation,-0.2365,-0.2910,-0.1853
openmrg,learned_raw|in-CP>tgt-RCP,FSS_10km,60,area,R|extrapolation,-0.2382,-0.2937,-0.1873
openmrg,learned_raw|in-CP>tgt-RCP,MAE,15,domain,R|extrapolation,0.4006,0.3303,0.4692
openmrg,learned_raw|in-CP>tgt-RCP,MAE,15,area,R|extrapolation,0.3979,0.3255,0.4662
openmrg,learned_raw|in-CP>tgt-RCP,MAE,30,domain,R|extrapolation,0.2846,0.2339,0.3394
openmrg,learned_raw|in-CP>tgt-RCP,MAE,30,area,R|extrapolation,0.2814,0.2310,0.3347
openmrg,learned_raw|in-CP>tgt-RCP,MAE,60,domain,R|extrapolation,0.1646,0.0903,0.2316
openmrg,learned_raw|in-CP>tgt-RCP,MAE,60,area,R|extrapolation,0.1627,0.0853,0.2330
openmrg,learned_raw|in-CP>tgt-RCP,gauge next-hour RMSE,60,gauges,R|extrapolation,-0.1307,-0.3098,0.0133
openmrg,learned_raw|in-RC>tgt-RCP,CSI_1,15,domain,R|extrapolation,-0.2097,-0.2299,-0.1833
openmrg,learned_raw|in-RC>tgt-RCP,CSI_1,15,area,R|extrapolation,-0.2124,-0.2322,-0.1866
openmrg,learned_raw|in-RC>tgt-RCP,CSI_1,30,domain,R|extrapolation,-0.1517,-0.1756,-0.1196
openmrg,learned_raw|in-RC>tgt-RCP,CSI_1,30,area,R|extrapolation,-0.1542,-0.1761,-0.1230
openmrg,learned_raw|in-RC>tgt-RCP,CSI_1,60,domain,R|extrapolation,-0.0757,-0.1160,-0.0335
openmrg,learned_raw|in-RC>tgt-RCP,CSI_1,60,area,R|extrapolation,-0.0794,-0.1177,-0.0398
openmrg,learned_raw|in-RC>tgt-RCP,FSS_10km,15,domain,R|extrapolation,-0.2844,-0.3470,-0.2370
openmrg,learned_raw|in-RC>tgt-RCP,FSS_10km,15,area,R|extrapolation,-0.2891,-0.3529,-0.2397
openmrg,learned_raw|in-RC>tgt-RCP,FSS_10km,30,domain,R|extrapolation,-0.2799,-0.3292,-0.2314
openmrg,learned_raw|in-RC>tgt-RCP,FSS_10km,30,area,R|extrapolation,-0.2828,-0.3322,-0.2332
openmrg,learned_raw|in-RC>tgt-RCP,FSS_10km,60,domain,R|extrapolation,-0.2030,-0.2379,-0.1661
openmrg,learned_raw|in-RC>tgt-RCP,FSS_10km,60,area,R|extrapolation,-0.2071,-0.2416,-0.1713
openmrg,learned_raw|in-RC>tgt-RCP,MAE,15,domain,R|extrapolation,0.3642,0.2877,0.4311
openmrg,learned_raw|in-RC>tgt-RCP,MAE,15,area,R|extrapolation,0.3759,0.2966,0.4449
openmrg,learned_raw|in-RC>tgt-RCP,MAE,30,domain,R|extrapolation,0.3408,0.2751,0.4104
openmrg,learned_raw|in-RC>tgt-RCP,MAE,30,area,R|extrapolation,0.3473,0.2784,0.4196
openmrg,learned_raw|in-RC>tgt-RCP,MAE,60,domain,R|extrapolation,0.2834,0.1821,0.3853
openmrg,learned_raw|in-RC>tgt-RCP,MAE,60,area,R|extrapolation,0.2887,0.1835,0.3938
openmrg,learned_raw|in-RC>tgt-RCP,gauge next-hour RMSE,60,gauges,R|extrapolation,0.0174,-0.1411,0.2013
openmrg,learned_raw|in-RP>tgt-RCP,CSI_1,15,domain,R|extrapolation,-0.1917,-0.2086,-0.1692
openmrg,learned_raw|in-RP>tgt-RCP,CSI_1,15,area,R|extrapolation,-0.1916,-0.2091,-0.1686
openmrg,learned_raw|in-RP>tgt-RCP,CSI_1,30,domain,R|extrapolation,-0.1297,-0.1515,-0.0992
openmrg,learned_raw|in-RP>tgt-RCP,CSI_1,30,area,R|extrapolation,-0.1307,-0.1520,-0.1022
openmrg,learned_raw|in-RP>tgt-RCP,CSI_1,60,domain,R|extrapolation,-0.0970,-0.1298,-0.0603
openmrg,learned_raw|in-RP>tgt-RCP,CSI_1,60,area,R|extrapolation,-0.1008,-0.1318,-0.0668
openmrg,learned_raw|in-RP>tgt-RCP,FSS_10km,15,domain,R|extrapolation,-0.2544,-0.3074,-0.2131
openmrg,learned_raw|in-RP>tgt-RCP,FSS_10km,15,area,R|extrapolation,-0.2555,-0.3113,-0.2117
openmrg,learned_raw|in-RP>tgt-RCP,FSS_10km,30,domain,R|extrapolation,-0.2318,-0.2765,-0.1861
openmrg,learned_raw|in-RP>tgt-RCP,FSS_10km,30,area,R|extrapolation,-0.2320,-0.2791,-0.1865
openmrg,learned_raw|in-RP>tgt-RCP,FSS_10km,60,domain,R|extrapolation,-0.2099,-0.2453,-0.1702
openmrg,learned_raw|in-RP>tgt-RCP,FSS_10km,60,area,R|extrapolation,-0.2133,-0.2460,-0.1752
openmrg,learned_raw|in-RP>tgt-RCP,MAE,15,domain,R|extrapolation,0.3221,0.2620,0.3768
openmrg,learned_raw|in-RP>tgt-RCP,MAE,15,area,R|extrapolation,0.3252,0.2625,0.3810
openmrg,learned_raw|in-RP>tgt-RCP,MAE,30,domain,R|extrapolation,0.2817,0.2185,0.3437
openmrg,learned_raw|in-RP>tgt-RCP,MAE,30,area,R|extrapolation,0.2781,0.2151,0.3395
openmrg,learned_raw|in-RP>tgt-RCP,MAE,60,domain,R|extrapolation,0.2281,0.1211,0.3158
openmrg,learned_raw|in-RP>tgt-RCP,MAE,60,area,R|extrapolation,0.2261,0.1192,0.3156
openmrg,learned_raw|in-RP>tgt-RCP,gauge next-hour RMSE,60,gauges,R|extrapolation,-0.1221,-0.3003,0.0348
openmrg,learned_raw|in-RCP>tgt-RCP,CSI_1,15,domain,R|extrapolation,-0.1886,-0.2117,-0.1640
openmrg,learned_raw|in-RCP>tgt-RCP,CSI_1,15,area,R|extrapolation,-0.1927,-0.2161,-0.1680
openmrg,learned_raw|in-RCP>tgt-RCP,CSI_1,30,domain,R|extrapolation,-0.1374,-0.1659,-0.1044
openmrg,learned_raw|in-RCP>tgt-RCP,CSI_1,30,area,R|extrapolation,-0.1410,-0.1690,-0.1093
openmrg,learned_raw|in-RCP>tgt-RCP,CSI_1,60,domain,R|extrapolation,-0.0994,-0.1418,-0.0613
openmrg,learned_raw|in-RCP>tgt-RCP,CSI_1,60,area,R|extrapolation,-0.1040,-0.1455,-0.0667
openmrg,learned_raw|in-RCP>tgt-RCP,FSS_10km,15,domain,R|extrapolation,-0.2466,-0.3017,-0.2046
openmrg,learned_raw|in-RCP>tgt-RCP,FSS_10km,15,area,R|extrapolation,-0.2534,-0.3112,-0.2099
openmrg,learned_raw|in-RCP>tgt-RCP,FSS_10km,30,domain,R|extrapolation,-0.2471,-0.2963,-0.2058
openmrg,learned_raw|in-RCP>tgt-RCP,FSS_10km,30,area,R|extrapolation,-0.2516,-0.3028,-0.2097
openmrg,learned_raw|in-RCP>tgt-RCP,FSS_10km,60,domain,R|extrapolation,-0.2376,-0.2844,-0.2014
openmrg,learned_raw|in-RCP>tgt-RCP,FSS_10km,60,area,R|extrapolation,-0.2434,-0.2898,-0.2072
openmrg,learned_raw|in-RCP>tgt-RCP,MAE,15,domain,R|extrapolation,0.3348,0.2602,0.4067
openmrg,learned_raw|in-RCP>tgt-RCP,MAE,15,area,R|extrapolation,0.3485,0.2676,0.4218
openmrg,learned_raw|in-RCP>tgt-RCP,MAE,30,domain,R|extrapolation,0.3180,0.2500,0.3947
openmrg,learned_raw|in-RCP>tgt-RCP,MAE,30,area,R|extrapolation,0.3270,0.2539,0.4072
openmrg,learned_raw|in-RCP>tgt-RCP,MAE,60,domain,R|extrapolation,0.3303,0.2365,0.4364
openmrg,learned_raw|in-RCP>tgt-RCP,MAE,60,area,R|extrapolation,0.3420,0.2459,0.4514
openmrg,learned_raw|in-RCP>tgt-RCP,gauge next-hour RMSE,60,gauges,R|extrapolation,0.0959,-0.1214,0.3317
openmrg,learned_raw|hybrid,CSI_1,15,domain,R|extrapolation,-0.0231,-0.0306,-0.0137
openmrg,learned_raw|hybrid,CSI_1,15,area,R|extrapolation,-0.0209,-0.0288,-0.0109
openmrg,learned_raw|hybrid,CSI_1,30,domain,R|extrapolation,-0.0117,-0.0223,0.0040
openmrg,learned_raw|hybrid,CSI_1,30,area,R|extrapolation,-0.0123,-0.0225,0.0025
openmrg,learned_raw|hybrid,CSI_1,60,domain,R|extrapolation,0.0049,-0.0184,0.0255
openmrg,learned_raw|hybrid,CSI_1,60,area,R|extrapolation,0.0039,-0.0190,0.0248
openmrg,learned_raw|hybrid,FSS_10km,15,domain,R|extrapolation,-0.0264,-0.0363,-0.0188
openmrg,learned_raw|hybrid,FSS_10km,15,area,R|extrapolation,-0.0239,-0.0332,-0.0165
openmrg,learned_raw|hybrid,FSS_10km,30,domain,R|extrapolation,-0.0370,-0.0469,-0.0270
openmrg,learned_raw|hybrid,FSS_10km,30,area,R|extrapolation,-0.0367,-0.0476,-0.0259
openmrg,learned_raw|hybrid,FSS_10km,60,domain,R|extrapolation,-0.0447,-0.0681,-0.0221
openmrg,learned_raw|hybrid,FSS_10km,60,area,R|extrapolation,-0.0455,-0.0687,-0.0220
openmrg,learned_raw|hybrid,MAE,15,domain,R|extrapolation,0.1064,0.0816,0.1297
openmrg,learned_raw|hybrid,MAE,15,area,R|extrapolation,0.0938,0.0730,0.1120
openmrg,learned_raw|hybrid,MAE,30,domain,R|extrapolation,0.1668,0.1285,0.2009
openmrg,learned_raw|hybrid,MAE,30,area,R|extrapolation,0.1579,0.1229,0.1881
openmrg,learned_raw|hybrid,MAE,60,domain,R|extrapolation,0.3454,0.2760,0.4186
openmrg,learned_raw|hybrid,MAE,60,area,R|extrapolation,0.3480,0.2766,0.4215
openmrg,learned_raw|hybrid,gauge next-hour RMSE,60,gauges,R|extrapolation,0.1646,0.0500,0.2762
