link,method,n,mean_ref,mean_est,bias,rel_bias,mae,rmse,nrmse,corr,pod,far,csi,total_est,total_radar,event,ptype,link_set
3/sublink_3,impl1_dynamic,17,2.8276,2.6525,-0.1751,-0.0619,0.932,1.3179,0.4661,0.8365,0.9412,0.0,0.9412,45.093,48.0692,rain#5 2023-11-21,rain,shared8
8/sublink_1,impl1_dynamic,17,2.8125,2.3678,-0.4448,-0.1581,0.9131,1.2625,0.4489,0.8478,1.0,0.0,1.0,40.2523,47.8133,rain#5 2023-11-21,rain,shared8
12/sublink_2,impl1_dynamic,17,2.4871,1.9574,-0.5297,-0.213,0.9817,1.3728,0.552,0.7412,1.0,0.0,1.0,33.2751,42.28,rain#5 2023-11-21,rain,shared8
20/sublink_2,impl1_dynamic,17,2.5318,2.5578,0.026,0.0103,0.5131,0.6875,0.2715,0.9106,1.0,0.0,1.0,43.4826,43.0414,rain#5 2023-11-21,rain,shared8
31/sublink_1,impl1_dynamic,17,2.4882,2.1124,-0.3758,-0.151,0.85,1.0831,0.4353,0.7747,0.9412,0.0,0.9412,35.9115,42.3,rain#5 2023-11-21,rain,shared8
40/sublink_1,impl1_dynamic,17,2.5572,2.277,-0.2802,-0.1096,0.8407,1.2942,0.5061,0.7844,0.8824,0.0,0.8824,38.7097,43.4727,rain#5 2023-11-21,rain,shared8
45/sublink_1,impl1_dynamic,17,2.5604,2.287,-0.2734,-0.1068,0.8215,1.0953,0.4278,0.8506,0.8824,0.0,0.8824,38.8796,43.5273,rain#5 2023-11-21,rain,shared8
34/sublink_1,impl1_dynamic,17,2.4647,2.5873,0.1226,0.0497,0.872,1.174,0.4763,0.774,0.9412,0.0,0.9412,43.9834,41.9,rain#5 2023-11-21,rain,shared8
3/sublink_3,impl2_classical_dynamic,17,2.8276,2.6851,-0.1425,-0.0504,0.9646,1.3923,0.4924,0.8229,0.9412,0.0,0.9412,45.6466,48.0692,rain#5 2023-11-21,rain,shared8
8/sublink_1,impl2_classical_dynamic,17,2.8125,2.4031,-0.4095,-0.1456,0.9246,1.2851,0.4569,0.837,1.0,0.0,1.0,40.8525,47.8133,rain#5 2023-11-21,rain,shared8
12/sublink_2,impl2_classical_dynamic,17,2.4871,2.0521,-0.435,-0.1749,1.0764,1.6579,0.6666,0.6893,1.0,0.0,1.0,34.8853,42.28,rain#5 2023-11-21,rain,shared8
20/sublink_2,impl2_classical_dynamic,17,2.5318,2.6221,0.0902,0.0356,0.5639,0.7538,0.2977,0.9015,1.0,0.0,1.0,44.5749,43.0414,rain#5 2023-11-21,rain,shared8
31/sublink_1,impl2_classical_dynamic,17,2.4882,2.1975,-0.2908,-0.1169,0.912,1.1152,0.4482,0.7739,0.9412,0.0,0.9412,37.3569,42.3,rain#5 2023-11-21,rain,shared8
40/sublink_1,impl2_classical_dynamic,17,2.5572,2.4828,-0.0744,-0.0291,1.0465,1.9618,0.7672,0.683,0.8824,0.0,0.8824,42.2081,43.4727,rain#5 2023-11-21,rain,shared8
45/sublink_1,impl2_classical_dynamic,17,2.5604,2.4344,-0.126,-0.0492,0.9689,1.5724,0.6141,0.7717,0.8824,0.0,0.8824,41.3855,43.5273,rain#5 2023-11-21,rain,shared8
34/sublink_1,impl2_classical_dynamic,17,2.4647,2.6415,0.1768,0.0717,0.9263,1.2749,0.5173,0.7678,0.9412,0.0,0.9412,44.9056,41.9,rain#5 2023-11-21,rain,shared8
3/sublink_3,impl2_classical_constant,17,2.8276,1.6832,-1.1444,-0.4047,1.3679,1.6751,0.5924,0.867,0.4706,0.0,0.4706,28.6137,48.0692,rain#5 2023-11-21,rain,shared8
8/sublink_1,impl2_classical_constant,17,2.8125,2.5476,-0.2649,-0.0942,0.7797,1.3609,0.4839,0.8844,0.7647,0.0,0.7647,43.3098,47.8133,rain#5 2023-11-21,rain,shared8
12/sublink_2,impl2_classical_constant,17,2.4871,0.7029,-1.7841,-0.7174,1.7841,2.0214,0.8128,0.7619,0.4118,0.0,0.4118,11.9496,42.28,rain#5 2023-11-21,rain,shared8
20/sublink_2,impl2_classical_constant,17,2.5318,2.804,0.2721,0.1075,1.2836,1.731,0.6837,0.7858,0.8235,0.0,0.8235,47.6678,43.0414,rain#5 2023-11-21,rain,shared8
31/sublink_1,impl2_classical_constant,17,2.4882,0.1015,-2.3867,-0.9592,2.3867,2.7902,1.1213,0.6522,0.3529,0.0,0.3529,1.7254,42.3,rain#5 2023-11-21,rain,shared8
40/sublink_1,impl2_classical_constant,17,2.5572,1.584,-0.9732,-0.3806,0.9835,1.4332,0.5605,0.8346,0.5294,0.0,0.5294,26.9281,43.4727,rain#5 2023-11-21,rain,shared8
45/sublink_1,impl2_classical_constant,17,2.5604,1.0908,-1.4696,-0.574,1.4696,1.7793,0.6949,0.8217,0.4118,0.0,0.4118,18.5443,43.5273,rain#5 2023-11-21,rain,shared8
34/sublink_1,impl2_classical_constant,17,2.4647,0.8711,-1.5937,-0.6466,1.5937,1.9247,0.7809,0.7184,0.5294,0.0,0.5294,14.8079,41.9,rain#5 2023-11-21,rain,shared8
3/sublink_3,impl2_pycomlink,17,2.8276,2.4044,-0.4232,-0.1497,1.1715,1.5806,0.559,0.8341,0.7059,0.0,0.7059,40.8748,48.0692,rain#5 2023-11-21,rain,shared8
8/sublink_1,impl2_pycomlink,17,2.8125,2.1338,-0.6787,-0.2413,1.0393,1.3397,0.4763,0.8619,0.8824,0.0,0.8824,36.2747,47.8133,rain#5 2023-11-21,rain,shared8
12/sublink_2,impl2_pycomlink,17,2.4871,1.5546,-0.9325,-0.3749,1.4909,1.765,0.7097,0.7167,0.7059,0.0,0.7059,26.4275,42.28,rain#5 2023-11-21,rain,shared8
20/sublink_2,impl2_pycomlink,17,2.5318,1.9529,-0.579,-0.2287,0.7798,0.8719,0.3444,0.9318,0.8235,0.0,0.8235,33.1989,43.0414,rain#5 2023-11-21,rain,shared8
31/sublink_1,impl2_pycomlink,17,2.4882,1.0738,-1.4144,-0.5684,1.4226,1.6117,0.6477,0.867,0.6471,0.0,0.6471,18.255,42.3,rain#5 2023-11-21,rain,shared8
40/sublink_1,impl2_pycomlink,17,2.5572,2.8495,0.2923,0.1143,1.036,2.3854,0.9328,0.7206,0.8824,0.0,0.8824,48.4418,43.4727,rain#5 2023-11-21,rain,shared8
45/sublink_1,impl2_pycomlink,17,2.5604,2.0538,-0.5066,-0.1979,1.1847,1.5971,0.6237,0.7881,0.8235,0.0,0.8235,34.9152,43.5273,rain#5 2023-11-21,rain,shared8
34/sublink_1,impl2_pycomlink,17,2.4647,2.4284,-0.0363,-0.0147,0.5727,0.7793,0.3162,0.9603,0.7059,0.0,0.7059,41.2826,41.9,rain#5 2023-11-21,rain,shared8
3/sublink_3,impl2_nearby,17,2.8276,2.6215,-0.2061,-0.0729,0.7081,0.9226,0.3263,0.933,0.8235,0.0,0.8235,44.5657,48.0692,rain#5 2023-11-21,rain,shared8
8/sublink_1,impl2_nearby,17,2.8125,2.1318,-0.6807,-0.242,0.8155,1.0116,0.3597,0.9431,0.8235,0.0,0.8235,36.2414,47.8133,rain#5 2023-11-21,rain,shared8
12/sublink_2,impl2_nearby,17,2.4871,1.5496,-0.9374,-0.3769,0.9374,1.0114,0.4067,0.9648,0.7059,0.0,0.7059,26.344,42.28,rain#5 2023-11-21,rain,shared8
20/sublink_2,impl2_nearby,17,2.5318,2.4123,-0.1195,-0.0472,0.5787,1.0195,0.4027,0.8543,0.9412,0.0,0.9412,41.0091,43.0414,rain#5 2023-11-21,rain,shared8
31/sublink_1,impl2_nearby,17,2.4882,1.3223,-1.1659,-0.4686,1.1659,1.2986,0.5219,0.96,0.7059,0.0,0.7059,22.4799,42.3,rain#5 2023-11-21,rain,shared8
40/sublink_1,impl2_nearby,17,2.5572,1.8676,-0.6896,-0.2697,0.8369,0.9429,0.3687,0.9305,0.7647,0.0,0.7647,31.7497,43.4727,rain#5 2023-11-21,rain,shared8
45/sublink_1,impl2_nearby,17,2.5604,1.8709,-0.6896,-0.2693,0.8294,0.914,0.357,0.9413,0.7059,0.0,0.7059,31.8046,43.5273,rain#5 2023-11-21,rain,shared8
34/sublink_1,impl2_nearby,17,2.4647,2.0956,-0.3691,-0.1497,0.6562,0.8567,0.3476,0.8981,0.7059,0.0,0.7059,35.6257,41.9,rain#5 2023-11-21,rain,shared8
3/sublink_3,impl1_dynamic,17,2.8276,2.6525,-0.1751,-0.0619,0.932,1.3179,0.4661,0.8365,0.9412,0.0,0.9412,45.093,48.0692,rain#5 2023-11-21,rain,selected
8/sublink_1,impl1_dynamic,17,2.8125,2.3678,-0.4448,-0.1581,0.9131,1.2625,0.4489,0.8478,1.0,0.0,1.0,40.2523,47.8133,rain#5 2023-11-21,rain,selected
12/sublink_2,impl1_dynamic,17,2.4871,1.9574,-0.5297,-0.213,0.9817,1.3728,0.552,0.7412,1.0,0.0,1.0,33.2751,42.28,rain#5 2023-11-21,rain,selected
20/sublink_2,impl1_dynamic,17,2.5318,2.5578,0.026,0.0103,0.5131,0.6875,0.2715,0.9106,1.0,0.0,1.0,43.4826,43.0414,rain#5 2023-11-21,rain,selected
31/sublink_1,impl1_dynamic,17,2.4882,2.1124,-0.3758,-0.151,0.85,1.0831,0.4353,0.7747,0.9412,0.0,0.9412,35.9115,42.3,rain#5 2023-11-21,rain,selected
34/sublink_1,impl1_dynamic,17,2.4647,2.5873,0.1226,0.0497,0.872,1.174,0.4763,0.774,0.9412,0.0,0.9412,43.9834,41.9,rain#5 2023-11-21,rain,selected
40/sublink_1,impl1_dynamic,17,2.5572,2.277,-0.2802,-0.1096,0.8407,1.2942,0.5061,0.7844,0.8824,0.0,0.8824,38.7097,43.4727,rain#5 2023-11-21,rain,selected
3/sublink_3,impl2_classical_dynamic,17,2.8276,2.6851,-0.1425,-0.0504,0.9646,1.3923,0.4924,0.8229,0.9412,0.0,0.9412,45.6466,48.0692,rain#5 2023-11-21,rain,selected
8/sublink_1,impl2_classical_dynamic,17,2.8125,2.4031,-0.4095,-0.1456,0.9246,1.2851,0.4569,0.837,1.0,0.0,1.0,40.8525,47.8133,rain#5 2023-11-21,rain,selected
12/sublink_2,impl2_classical_dynamic,17,2.4871,2.0521,-0.435,-0.1749,1.0764,1.6579,0.6666,0.6893,1.0,0.0,1.0,34.8853,42.28,rain#5 2023-11-21,rain,selected
20/sublink_2,impl2_classical_dynamic,17,2.5318,2.6221,0.0902,0.0356,0.5639,0.7538,0.2977,0.9015,1.0,0.0,1.0,44.5749,43.0414,rain#5 2023-11-21,rain,selected
31/sublink_1,impl2_classical_dynamic,17,2.4882,2.1975,-0.2908,-0.1169,0.912,1.1152,0.4482,0.7739,0.9412,0.0,0.9412,37.3569,42.3,rain#5 2023-11-21,rain,selected
34/sublink_1,impl2_classical_dynamic,17,2.4647,2.6415,0.1768,0.0717,0.9263,1.2749,0.5173,0.7678,0.9412,0.0,0.9412,44.9056,41.9,rain#5 2023-11-21,rain,selected
40/sublink_1,impl2_classical_dynamic,17,2.5572,2.4828,-0.0744,-0.0291,1.0465,1.9618,0.7672,0.683,0.8824,0.0,0.8824,42.2081,43.4727,rain#5 2023-11-21,rain,selected
3/sublink_3,impl2_classical_constant,17,2.8276,1.6832,-1.1444,-0.4047,1.3679,1.6751,0.5924,0.867,0.4706,0.0,0.4706,28.6137,48.0692,rain#5 2023-11-21,rain,selected
8/sublink_1,impl2_classical_constant,17,2.8125,2.5476,-0.2649,-0.0942,0.7797,1.3609,0.4839,0.8844,0.7647,0.0,0.7647,43.3098,47.8133,rain#5 2023-11-21,rain,selected
12/sublink_2,impl2_classical_constant,17,2.4871,0.7029,-1.7841,-0.7174,1.7841,2.0214,0.8128,0.7619,0.4118,0.0,0.4118,11.9496,42.28,rain#5 2023-11-21,rain,selected
20/sublink_2,impl2_classical_constant,17,2.5318,2.804,0.2721,0.1075,1.2836,1.731,0.6837,0.7858,0.8235,0.0,0.8235,47.6678,43.0414,rain#5 2023-11-21,rain,selected
31/sublink_1,impl2_classical_constant,17,2.4882,0.1015,-2.3867,-0.9592,2.3867,2.7902,1.1213,0.6522,0.3529,0.0,0.3529,1.7254,42.3,rain#5 2023-11-21,rain,selected
34/sublink_1,impl2_classical_constant,17,2.4647,0.8711,-1.5937,-0.6466,1.5937,1.9247,0.7809,0.7184,0.5294,0.0,0.5294,14.8079,41.9,rain#5 2023-11-21,rain,selected
40/sublink_1,impl2_classical_constant,17,2.5572,1.584,-0.9732,-0.3806,0.9835,1.4332,0.5605,0.8346,0.5294,0.0,0.5294,26.9281,43.4727,rain#5 2023-11-21,rain,selected
3/sublink_3,impl2_pycomlink,17,2.8276,2.4044,-0.4232,-0.1497,1.1715,1.5806,0.559,0.8341,0.7059,0.0,0.7059,40.8748,48.0692,rain#5 2023-11-21,rain,selected
8/sublink_1,impl2_pycomlink,17,2.8125,2.1338,-0.6787,-0.2413,1.0393,1.3397,0.4763,0.8619,0.8824,0.0,0.8824,36.2747,47.8133,rain#5 2023-11-21,rain,selected
12/sublink_2,impl2_pycomlink,17,2.4871,1.5546,-0.9325,-0.3749,1.4909,1.765,0.7097,0.7167,0.7059,0.0,0.7059,26.4275,42.28,rain#5 2023-11-21,rain,selected
20/sublink_2,impl2_pycomlink,17,2.5318,1.9529,-0.579,-0.2287,0.7798,0.8719,0.3444,0.9318,0.8235,0.0,0.8235,33.1989,43.0414,rain#5 2023-11-21,rain,selected
31/sublink_1,impl2_pycomlink,17,2.4882,1.0738,-1.4144,-0.5684,1.4226,1.6117,0.6477,0.867,0.6471,0.0,0.6471,18.255,42.3,rain#5 2023-11-21,rain,selected
34/sublink_1,impl2_pycomlink,17,2.4647,2.4284,-0.0363,-0.0147,0.5727,0.7793,0.3162,0.9603,0.7059,0.0,0.7059,41.2826,41.9,rain#5 2023-11-21,rain,selected
40/sublink_1,impl2_pycomlink,17,2.5572,2.8495,0.2923,0.1143,1.036,2.3854,0.9328,0.7206,0.8824,0.0,0.8824,48.4418,43.4727,rain#5 2023-11-21,rain,selected
3/sublink_3,impl2_nearby,17,2.8276,2.6215,-0.2061,-0.0729,0.7081,0.9226,0.3263,0.933,0.8235,0.0,0.8235,44.5657,48.0692,rain#5 2023-11-21,rain,selected
8/sublink_1,impl2_nearby,17,2.8125,2.1318,-0.6807,-0.242,0.8155,1.0116,0.3597,0.9431,0.8235,0.0,0.8235,36.2414,47.8133,rain#5 2023-11-21,rain,selected
12/sublink_2,impl2_nearby,17,2.4871,1.5496,-0.9374,-0.3769,0.9374,1.0114,0.4067,0.9648,0.7059,0.0,0.7059,26.344,42.28,rain#5 2023-11-21,rain,selected
20/sublink_2,impl2_nearby,17,2.5318,2.4123,-0.1195,-0.0472,0.5787,1.0195,0.4027,0.8543,0.9412,0.0,0.9412,41.0091,43.0414,rain#5 2023-11-21,rain,selected
31/sublink_1,impl2_nearby,17,2.4882,1.3223,-1.1659,-0.4686,1.1659,1.2986,0.5219,0.96,0.7059,0.0,0.7059,22.4799,42.3,rain#5 2023-11-21,rain,selected
34/sublink_1,impl2_nearby,17,2.4647,2.0956,-0.3691,-0.1497,0.6562,0.8567,0.3476,0.8981,0.7059,0.0,0.7059,35.6257,41.9,rain#5 2023-11-21,rain,selected
40/sublink_1,impl2_nearby,17,2.5572,1.8676,-0.6896,-0.2697,0.8369,0.9429,0.3687,0.9305,0.7647,0.0,0.7647,31.7497,43.4727,rain#5 2023-11-21,rain,selected
1/sublink_1,impl1_dynamic,17,2.6012,3.4236,0.8224,0.3162,1.5566,2.2923,0.8812,0.6717,1.0,0.0,1.0,58.2014,44.22,rain#5 2023-11-21,rain,qc
2/sublink_3,impl1_dynamic,17,2.524,2.8906,0.3666,0.1453,2.0482,2.4539,0.9722,-0.1392,1.0,0.0,1.0,49.1406,42.9077,rain#5 2023-11-21,rain,qc
3/sublink_3,impl1_dynamic,17,2.8276,2.6525,-0.1751,-0.0619,0.932,1.3179,0.4661,0.8365,0.9412,0.0,0.9412,45.093,48.0692,rain#5 2023-11-21,rain,qc
4/sublink_1,impl1_dynamic,17,2.3992,3.2909,0.8918,0.3717,2.2737,2.9745,1.2398,0.5174,0.8235,0.0,0.8235,55.9461,40.7857,rain#5 2023-11-21,rain,qc
6/sublink_2,impl1_dynamic,17,2.8882,12.3488,9.4606,3.2755,9.4606,13.6051,4.7105,0.4491,1.0,0.0,1.0,209.9294,49.1,rain#5 2023-11-21,rain,qc
8/sublink_1,impl1_dynamic,17,2.8125,2.3678,-0.4448,-0.1581,0.9131,1.2625,0.4489,0.8478,1.0,0.0,1.0,40.2523,47.8133,rain#5 2023-11-21,rain,qc
11/sublink_2,impl1_dynamic,17,2.7458,2.796,0.0503,0.0183,2.1414,2.6184,0.9536,0.1935,1.0,0.1176,0.8824,47.5326,46.6778,rain#5 2023-11-21,rain,qc
12/sublink_2,impl1_dynamic,17,2.4871,1.9574,-0.5297,-0.213,0.9817,1.3728,0.552,0.7412,1.0,0.0,1.0,33.2751,42.28,rain#5 2023-11-21,rain,qc
13/sublink_2,impl1_dynamic,17,2.8403,2.6127,-0.2276,-0.0801,3.2195,3.7286,1.3127,-0.4491,0.8235,0.0,0.8235,44.4158,48.2857,rain#5 2023-11-21,rain,qc
16/sublink_1,impl1_dynamic,17,2.9471,7.4057,4.4587,1.5129,4.6089,5.6634,1.9217,0.0723,1.0,0.0,1.0,125.8974,50.1,rain#5 2023-11-21,rain,qc
17/sublink_2,impl1_dynamic,17,2.5224,3.0437,0.5213,0.2067,1.9321,2.4737,0.9807,0.5427,0.9412,0.0,0.9412,51.7421,42.88,rain#5 2023-11-21,rain,qc
18/sublink_2,impl1_dynamic,17,2.7471,8.6421,5.895,2.1459,6.2413,7.2546,2.6408,-0.0996,1.0,0.0,1.0,146.9153,46.7,rain#5 2023-11-21,rain,qc
19/sublink_2,impl1_dynamic,17,2.4903,1.8354,-0.6549,-0.263,1.3974,1.8081,0.7261,0.5434,0.9412,0.0,0.9412,31.2024,42.3353,rain#5 2023-11-21,rain,qc
20/sublink_2,impl1_dynamic,17,2.5318,2.5578,0.026,0.0103,0.5131,0.6875,0.2715,0.9106,1.0,0.0,1.0,43.4826,43.0414,rain#5 2023-11-21,rain,qc
22/sublink_1,impl1_dynamic,17,2.7458,8.6444,5.8986,2.1483,6.0772,8.0677,2.9383,0.7588,1.0,0.0625,0.9375,146.9547,46.6778,rain#5 2023-11-21,rain,qc
26/sublink_1,impl1_dynamic,17,2.8088,5.1164,2.3075,0.8215,2.6115,3.1675,1.1277,0.3926,1.0,0.0,1.0,86.9782,47.75,rain#5 2023-11-21,rain,qc
27/sublink_1,impl1_dynamic,17,2.6092,4.3009,1.6917,0.6483,1.8127,2.2539,0.8638,0.6345,0.9412,0.0,0.9412,73.1159,44.3571,rain#5 2023-11-21,rain,qc
29/sublink_1,impl1_dynamic,17,2.5176,8.522,6.0044,2.3849,6.6078,9.8557,3.9146,0.5679,1.0,0.0,1.0,144.8745,42.8,rain#5 2023-11-21,rain,qc
30/sublink_1,impl1_dynamic,17,2.8882,5.0521,2.1638,0.7492,2.842,3.5753,1.2379,0.3475,1.0,0.0,1.0,85.8852,49.1,rain#5 2023-11-21,rain,qc
31/sublink_1,impl1_dynamic,17,2.4882,2.1124,-0.3758,-0.151,0.85,1.0831,0.4353,0.7747,0.9412,0.0,0.9412,35.9115,42.3,rain#5 2023-11-21,rain,qc
32/sublink_1,impl1_dynamic,17,2.3777,0.4895,-1.8882,-0.7941,1.8882,2.2334,0.9393,0.8849,0.8824,0.0,0.8824,8.3216,40.4211,rain#5 2023-11-21,rain,qc
34/sublink_1,impl1_dynamic,17,2.4647,2.5873,0.1226,0.0497,0.872,1.174,0.4763,0.774,0.9412,0.0,0.9412,43.9834,41.9,rain#5 2023-11-21,rain,qc
38/sublink_1,impl1_dynamic,17,2.5294,2.9457,0.4163,0.1646,1.0025,1.8249,0.7215,0.7299,0.9412,0.0,0.9412,50.0774,43.0,rain#5 2023-11-21,rain,qc
40/sublink_1,impl1_dynamic,17,2.5572,2.277,-0.2802,-0.1096,0.8407,1.2942,0.5061,0.7844,0.8824,0.0,0.8824,38.7097,43.4727,rain#5 2023-11-21,rain,qc
55/sublink_1,impl1_dynamic,17,2.6387,1.1608,-1.4779,-0.5601,2.1551,2.5959,0.9838,-0.0746,1.0,0.0,1.0,19.7331,44.8571,rain#5 2023-11-21,rain,qc
1/sublink_1,impl2_classical_dynamic,17,2.6012,3.8197,1.2185,0.4684,1.9527,3.7216,1.4308,0.5756,1.0,0.0,1.0,64.9345,44.22,rain#5 2023-11-21,rain,qc
2/sublink_3,impl2_classical_dynamic,17,2.524,2.8906,0.3666,0.1453,2.0482,2.4539,0.9722,-0.1392,1.0,0.0,1.0,49.1406,42.9077,rain#5 2023-11-21,rain,qc
3/sublink_3,impl2_classical_dynamic,17,2.8276,2.6851,-0.1425,-0.0504,0.9646,1.3923,0.4924,0.8229,0.9412,0.0,0.9412,45.6466,48.0692,rain#5 2023-11-21,rain,qc
4/sublink_1,impl2_classical_dynamic,17,2.3992,3.2909,0.8918,0.3717,2.2737,2.9745,1.2398,0.5174,0.8235,0.0,0.8235,55.9461,40.7857,rain#5 2023-11-21,rain,qc
6/sublink_2,impl2_classical_dynamic,17,2.8882,12.3488,9.4606,3.2755,9.4606,13.6051,4.7105,0.4491,1.0,0.0,1.0,209.9294,49.1,rain#5 2023-11-21,rain,qc
8/sublink_1,impl2_classical_dynamic,17,2.8125,2.4031,-0.4095,-0.1456,0.9246,1.2851,0.4569,0.837,1.0,0.0,1.0,40.8525,47.8133,rain#5 2023-11-21,rain,qc
11/sublink_2,impl2_classical_dynamic,17,2.7458,2.796,0.0503,0.0183,2.1414,2.6184,0.9536,0.1935,1.0,0.1176,0.8824,47.5326,46.6778,rain#5 2023-11-21,rain,qc
12/sublink_2,impl2_classical_dynamic,17,2.4871,2.0521,-0.435,-0.1749,1.0764,1.6579,0.6666,0.6893,1.0,0.0,1.0,34.8853,42.28,rain#5 2023-11-21,rain,qc
13/sublink_2,impl2_classical_dynamic,17,2.8403,2.6127,-0.2276,-0.0801,3.2195,3.7286,1.3127,-0.4491,0.8235,0.0,0.8235,44.4158,48.2857,rain#5 2023-11-21,rain,qc
16/sublink_1,impl2_classical_dynamic,17,2.9471,7.4057,4.4587,1.5129,4.6089,5.6634,1.9217,0.0723,1.0,0.0,1.0,125.8974,50.1,rain#5 2023-11-21,rain,qc
17/sublink_2,impl2_classical_dynamic,17,2.5224,3.0437,0.5213,0.2067,1.9321,2.4737,0.9807,0.5427,0.9412,0.0,0.9412,51.7421,42.88,rain#5 2023-11-21,rain,qc
18/sublink_2,impl2_classical_dynamic,17,2.7471,8.6421,5.895,2.1459,6.2413,7.2546,2.6408,-0.0996,1.0,0.0,1.0,146.9153,46.7,rain#5 2023-11-21,rain,qc
19/sublink_2,impl2_classical_dynamic,17,2.4903,1.8354,-0.6549,-0.263,1.3974,1.8081,0.7261,0.5434,0.9412,0.0,0.9412,31.2024,42.3353,rain#5 2023-11-21,rain,qc
20/sublink_2,impl2_classical_dynamic,17,2.5318,2.6221,0.0902,0.0356,0.5639,0.7538,0.2977,0.9015,1.0,0.0,1.0,44.5749,43.0414,rain#5 2023-11-21,rain,qc
22/sublink_1,impl2_classical_dynamic,17,2.7458,8.8161,6.0704,2.2108,6.249,8.4011,3.0597,0.7523,1.0,0.0625,0.9375,149.8745,46.6778,rain#5 2023-11-21,rain,qc
26/sublink_1,impl2_classical_dynamic,17,2.8088,6.2524,3.4435,1.226,3.5894,4.647,1.6544,0.5444,1.0,0.0,1.0,106.29,47.75,rain#5 2023-11-21,rain,qc
27/sublink_1,impl2_classical_dynamic,17,2.6092,6.14,3.5307,1.3532,3.5845,5.3431,2.0477,0.4921,1.0,0.0,1.0,104.3795,44.3571,rain#5 2023-11-21,rain,qc
29/sublink_1,impl2_classical_dynamic,17,2.5176,8.522,6.0044,2.3849,6.6078,9.8557,3.9146,0.5679,1.0,0.0,1.0,144.8745,42.8,rain#5 2023-11-21,rain,qc
30/sublink_1,impl2_classical_dynamic,17,2.8882,5.0521,2.1638,0.7492,2.842,3.5753,1.2379,0.3475,1.0,0.0,1.0,85.8852,49.1,rain#5 2023-11-21,rain,qc
31/sublink_1,impl2_classical_dynamic,17,2.4882,2.1975,-0.2908,-0.1169,0.912,1.1152,0.4482,0.7739,0.9412,0.0,0.9412,37.3569,42.3,rain#5 2023-11-21,rain,qc
32/sublink_1,impl2_classical_dynamic,17,2.3777,0.5071,-1.8707,-0.7867,1.8707,2.2017,0.926,0.8726,0.8824,0.0,0.8824,8.6199,40.4211,rain#5 2023-11-21,rain,qc
34/sublink_1,impl2_classical_dynamic,17,2.4647,2.6415,0.1768,0.0717,0.9263,1.2749,0.5173,0.7678,0.9412,0.0,0.9412,44.9056,41.9,rain#5 2023-11-21,rain,qc
38/sublink_1,impl2_classical_dynamic,17,2.5294,3.7926,1.2632,0.4994,1.8494,4.2603,1.6843,0.5202,0.9412,0.0,0.9412,64.4746,43.0,rain#5 2023-11-21,rain,qc
40/sublink_1,impl2_classical_dynamic,17,2.5572,2.4828,-0.0744,-0.0291,1.0465,1.9618,0.7672,0.683,0.8824,0.0,0.8824,42.2081,43.4727,rain#5 2023-11-21,rain,qc
55/sublink_1,impl2_classical_dynamic,17,2.6387,1.1608,-1.4779,-0.5601,2.1551,2.5959,0.9838,-0.0746,1.0,0.0,1.0,19.7331,44.8571,rain#5 2023-11-21,rain,qc
1/sublink_1,impl2_classical_constant,17,2.6012,2.888,0.2869,0.1103,1.4012,1.9556,0.7518,0.7932,0.8235,0.0,0.8235,49.0968,44.22,rain#5 2023-11-21,rain,qc
2/sublink_3,impl2_classical_constant,17,2.524,0.0,-2.524,-1.0,2.524,2.959,1.1723,,0.0,,0.0,0.0,42.9077,rain#5 2023-11-21,rain,qc
3/sublink_3,impl2_classical_constant,17,2.8276,1.6832,-1.1444,-0.4047,1.3679,1.6751,0.5924,0.867,0.4706,0.0,0.4706,28.6137,48.0692,rain#5 2023-11-21,rain,qc
4/sublink_1,impl2_classical_constant,17,2.3992,0.0,-2.3992,-1.0,2.3992,2.7623,1.1514,,0.0,,0.0,0.0,40.7857,rain#5 2023-11-21,rain,qc
6/sublink_2,impl2_classical_constant,17,2.8882,0.8919,-1.9963,-0.6912,2.15,2.7329,0.9462,0.6491,0.4118,0.0,0.4118,15.1624,49.1,rain#5 2023-11-21,rain,qc
8/sublink_1,impl2_classical_constant,17,2.8125,2.5476,-0.2649,-0.0942,0.7797,1.3609,0.4839,0.8844,0.7647,0.0,0.7647,43.3098,47.8133,rain#5 2023-11-21,rain,qc
11/sublink_2,impl2_classical_constant,17,2.7458,0.1113,-2.6345,-0.9595,2.7749,3.6625,1.3339,-0.1092,0.1333,0.3333,0.125,1.8913,46.6778,rain#5 2023-11-21,rain,qc
12/sublink_2,impl2_classical_constant,17,2.4871,0.7029,-1.7841,-0.7174,1.7841,2.0214,0.8128,0.7619,0.4118,0.0,0.4118,11.9496,42.28,rain#5 2023-11-21,rain,qc
13/sublink_2,impl2_classical_constant,17,2.8403,0.0,-2.8403,-1.0,2.8403,3.6099,1.271,,0.0,,0.0,0.0,48.2857,rain#5 2023-11-21,rain,qc
16/sublink_1,impl2_classical_constant,17,2.9471,0.0552,-2.8918,-0.9813,2.8918,3.7347,1.2673,0.7936,0.2941,0.0,0.2941,0.9387,50.1,rain#5 2023-11-21,rain,qc
17/sublink_2,impl2_classical_constant,17,2.5224,0.2043,-2.318,-0.919,2.318,2.8028,1.1112,0.1857,0.2353,0.0,0.2353,3.4735,42.88,rain#5 2023-11-21,rain,qc
18/sublink_2,impl2_classical_constant,17,2.7471,0.0649,-2.6821,-0.9764,2.6821,3.3884,1.2335,0.4825,0.1176,0.0,0.1176,1.1037,46.7,rain#5 2023-11-21,rain,qc
19/sublink_2,impl2_classical_constant,17,2.4903,0.0,-2.4903,-1.0,2.4903,2.8906,1.1607,,0.0,,0.0,0.0,42.3353,rain#5 2023-11-21,rain,qc
20/sublink_2,impl2_classical_constant,17,2.5318,2.804,0.2721,0.1075,1.2836,1.731,0.6837,0.7858,0.8235,0.0,0.8235,47.6678,43.0414,rain#5 2023-11-21,rain,qc
22/sublink_1,impl2_classical_constant,17,2.7458,10.4936,7.7478,2.8217,8.4761,12.7938,4.6595,0.884,0.8,0.0769,0.75,178.3905,46.6778,rain#5 2023-11-21,rain,qc
26/sublink_1,impl2_classical_constant,17,2.8088,0.1907,-2.6181,-0.9321,2.6181,3.2839,1.1692,0.5224,0.1176,0.0,0.1176,3.2426,47.75,rain#5 2023-11-21,rain,qc
27/sublink_1,impl2_classical_constant,17,2.6092,1.1027,-1.5065,-0.5774,2.6159,3.4561,1.3246,0.2071,0.5294,0.0,0.5294,18.746,44.3571,rain#5 2023-11-21,rain,qc
29/sublink_1,impl2_classical_constant,17,2.5176,0.7134,-1.8042,-0.7166,1.8042,2.2313,0.8863,0.5845,0.4118,0.0,0.4118,12.1284,42.8,rain#5 2023-11-21,rain,qc
30/sublink_1,impl2_classical_constant,17,2.8882,0.2643,-2.6239,-0.9085,2.6239,3.3082,1.1454,0.7321,0.3529,0.0,0.3529,4.4939,49.1,rain#5 2023-11-21,rain,qc
31/sublink_1,impl2_classical_constant,17,2.4882,0.1015,-2.3867,-0.9592,2.3867,2.7902,1.1213,0.6522,0.3529,0.0,0.3529,1.7254,42.3,rain#5 2023-11-21,rain,qc
32/sublink_1,impl2_classical_constant,17,2.3777,0.0419,-2.3358,-0.9824,2.3358,2.7661,1.1633,0.4449,0.1176,0.0,0.1176,0.7123,40.4211,rain#5 2023-11-21,rain,qc
34/sublink_1,impl2_classical_constant,17,2.4647,0.8711,-1.5937,-0.6466,1.5937,1.9247,0.7809,0.7184,0.5294,0.0,0.5294,14.8079,41.9,rain#5 2023-11-21,rain,qc
38/sublink_1,impl2_classical_constant,17,2.5294,0.9893,-1.5402,-0.6089,1.5402,1.8189,0.7191,0.8141,0.4118,0.0,0.4118,16.8173,43.0,rain#5 2023-11-21,rain,qc
40/sublink_1,impl2_classical_constant,17,2.5572,1.584,-0.9732,-0.3806,0.9835,1.4332,0.5605,0.8346,0.5294,0.0,0.5294,26.9281,43.4727,rain#5 2023-11-21,rain,qc
55/sublink_1,impl2_classical_constant,17,2.6387,0.0286,-2.61,-0.9892,2.6404,3.2855,1.2452,-0.3078,0.0588,0.0,0.0588,0.4863,44.8571,rain#5 2023-11-21,rain,qc
1/sublink_1,impl2_pycomlink,17,2.6012,4.8838,2.2826,0.8775,2.3701,4.9678,1.9098,0.6861,0.9412,0.0,0.9412,83.0243,44.22,rain#5 2023-11-21,rain,qc
2/sublink_3,impl2_pycomlink,17,2.524,0.051,-2.473,-0.9798,2.473,2.9376,1.1639,-0.2658,0.1176,0.0,0.1176,0.867,42.9077,rain#5 2023-11-21,rain,qc
3/sublink_3,impl2_pycomlink,17,2.8276,2.4044,-0.4232,-0.1497,1.1715,1.5806,0.559,0.8341,0.7059,0.0,0.7059,40.8748,48.0692,rain#5 2023-11-21,rain,qc
4/sublink_1,impl2_pycomlink,17,2.3992,0.1913,-2.2078,-0.9203,2.2078,2.5544,1.0647,0.3455,0.2941,0.0,0.2941,3.2526,40.7857,rain#5 2023-11-21,rain,qc
6/sublink_2,impl2_pycomlink,17,2.8882,3.2781,0.3898,0.135,3.0041,6.4095,2.2192,0.4291,0.6471,0.0,0.6471,55.7272,49.1,rain#5 2023-11-21,rain,qc
8/sublink_1,impl2_pycomlink,17,2.8125,2.1338,-0.6787,-0.2413,1.0393,1.3397,0.4763,0.8619,0.8824,0.0,0.8824,36.2747,47.8133,rain#5 2023-11-21,rain,qc
11/sublink_2,impl2_pycomlink,17,2.7458,0.217,-2.5288,-0.921,2.8849,3.7644,1.371,-0.3435,0.1333,0.3333,0.125,3.6885,46.6778,rain#5 2023-11-21,rain,qc
12/sublink_2,impl2_pycomlink,17,2.4871,1.5546,-0.9325,-0.3749,1.4909,1.765,0.7097,0.7167,0.7059,0.0,0.7059,26.4275,42.28,rain#5 2023-11-21,rain,qc
13/sublink_2,impl2_pycomlink,17,2.8403,0.0945,-2.7459,-0.9667,2.7738,3.6022,1.2682,-0.4022,0.1765,0.0,0.1765,1.6061,48.2857,rain#5 2023-11-21,rain,qc
16/sublink_1,impl2_pycomlink,17,2.9471,0.2748,-2.6722,-0.9067,2.6835,3.6596,1.2418,0.1454,0.1176,0.0,0.1176,4.672,50.1,rain#5 2023-11-21,rain,qc
17/sublink_2,impl2_pycomlink,17,2.5224,0.4108,-2.1116,-0.8371,2.1116,2.5796,1.0227,0.4075,0.4118,0.0,0.4118,6.9831,42.88,rain#5 2023-11-21,rain,qc
18/sublink_2,impl2_pycomlink,17,2.7471,0.0,-2.7471,-1.0,2.7471,3.4864,1.2691,,0.0,,0.0,0.0,46.7,rain#5 2023-11-21,rain,qc
19/sublink_2,impl2_pycomlink,17,2.4903,0.3101,-2.1803,-0.8755,2.1803,2.5655,1.0302,0.4151,0.2353,0.0,0.2353,5.271,42.3353,rain#5 2023-11-21,rain,qc
20/sublink_2,impl2_pycomlink,17,2.5318,1.9529,-0.579,-0.2287,0.7798,0.8719,0.3444,0.9318,0.8235,0.0,0.8235,33.1989,43.0414,rain#5 2023-11-21,rain,qc
22/sublink_1,impl2_pycomlink,17,2.7458,9.7324,6.9866,2.5445,7.0545,10.7455,3.9135,0.849,0.9333,0.0,0.9333,165.4502,46.6778,rain#5 2023-11-21,rain,qc
26/sublink_1,impl2_pycomlink,17,2.8088,0.3085,-2.5003,-0.8902,2.5003,3.1882,1.1351,0.502,0.2353,0.0,0.2353,5.2452,47.75,rain#5 2023-11-21,rain,qc
27/sublink_1,impl2_pycomlink,17,2.6092,1.5298,-1.0795,-0.4137,2.3225,3.0731,1.1778,0.3981,0.6471,0.0,0.6471,26.0064,44.3571,rain#5 2023-11-21,rain,qc
29/sublink_1,impl2_pycomlink,17,2.5176,1.6318,-0.8859,-0.3519,2.5265,3.9671,1.5757,0.4021,0.4118,0.0,0.4118,27.7403,42.8,rain#5 2023-11-21,rain,qc
30/sublink_1,impl2_pycomlink,17,2.8882,0.3983,-2.4899,-0.8621,2.5588,3.3518,1.1605,0.319,0.1765,0.0,0.1765,6.7714,49.1,rain#5 2023-11-21,rain,qc
31/sublink_1,impl2_pycomlink,17,2.4882,1.0738,-1.4144,-0.5684,1.4226,1.6117,0.6477,0.867,0.6471,0.0,0.6471,18.255,42.3,rain#5 2023-11-21,rain,qc
32/sublink_1,impl2_pycomlink,17,2.3777,0.1254,-2.2523,-0.9472,2.2523,2.6778,1.1262,0.5253,0.3529,0.0,0.3529,2.1323,40.4211,rain#5 2023-11-21,rain,qc
34/sublink_1,impl2_pycomlink,17,2.4647,2.4284,-0.0363,-0.0147,0.5727,0.7793,0.3162,0.9603,0.7059,0.0,0.7059,41.2826,41.9,rain#5 2023-11-21,rain,qc
38/sublink_1,impl2_pycomlink,17,2.5294,3.3443,0.8149,0.3222,1.8983,4.1068,1.6236,0.5675,0.7059,0.0,0.7059,56.8531,43.0,rain#5 2023-11-21,rain,qc
40/sublink_1,impl2_pycomlink,17,2.5572,2.8495,0.2923,0.1143,1.036,2.3854,0.9328,0.7206,0.8824,0.0,0.8824,48.4418,43.4727,rain#5 2023-11-21,rain,qc
55/sublink_1,impl2_pycomlink,17,2.6387,0.0005,-2.6382,-0.9998,2.6382,3.2853,1.2451,-0.2348,0.0,,0.0,0.0078,44.8571,rain#5 2023-11-21,rain,qc
1/sublink_1,impl2_nearby,17,2.6012,3.9098,1.3086,0.5031,1.795,4.1457,1.5938,0.6788,0.8824,0.0,0.8824,66.4658,44.22,rain#5 2023-11-21,rain,qc
2/sublink_3,impl2_nearby,17,2.524,0.8658,-1.6582,-0.657,1.6582,1.994,0.79,0.8572,0.8235,0.0,0.8235,14.7186,42.9077,rain#5 2023-11-21,rain,qc
3/sublink_3,impl2_nearby,17,2.8276,2.8034,-0.0242,-0.0086,0.8027,1.0694,0.3782,0.9192,0.8235,0.0,0.8235,47.6579,48.0692,rain#5 2023-11-21,rain,qc
4/sublink_1,impl2_nearby,17,2.3992,4.7085,2.3094,0.9626,3.1189,5.238,2.1833,0.673,0.6471,0.0,0.6471,80.0447,40.7857,rain#5 2023-11-21,rain,qc
6/sublink_2,impl2_nearby,0,,,,,,,,,,,,0.0,0.0,rain#5 2023-11-21,rain,qc
8/sublink_1,impl2_nearby,17,2.8125,2.1318,-0.6807,-0.242,0.8155,1.0116,0.3597,0.9431,0.8235,0.0,0.8235,36.2414,47.8133,rain#5 2023-11-21,rain,qc
11/sublink_2,impl2_nearby,11,4.0283,0.1453,-3.883,-0.9639,3.883,4.4032,1.0931,0.4377,0.1818,0.0,0.1818,1.5984,44.3111,rain#5 2023-11-21,rain,qc
12/sublink_2,impl2_nearby,17,2.4871,1.5496,-0.9374,-0.3769,0.9374,1.0114,0.4067,0.9648,0.7059,0.0,0.7059,26.344,42.28,rain#5 2023-11-21,rain,qc
13/sublink_2,impl2_nearby,17,2.8403,4.6939,1.8535,0.6526,2.2721,2.8107,0.9896,0.7286,0.8824,0.0,0.8824,79.7959,48.2857,rain#5 2023-11-21,rain,qc
16/sublink_1,impl2_nearby,1,1.8,0.6957,-1.1043,-0.6135,1.1043,1.1043,0.6135,,1.0,0.0,1.0,0.6957,1.8,rain#5 2023-11-21,rain,qc
17/sublink_2,impl2_nearby,7,0.8514,0.1514,-0.7001,-0.8222,0.7001,0.7795,0.9155,0.4375,0.4286,0.0,0.4286,1.0595,5.96,rain#5 2023-11-21,rain,qc
18/sublink_2,impl2_nearby,3,4.3,1.1071,-3.1929,-0.7425,3.1929,3.4456,0.8013,0.8032,0.6667,0.0,0.6667,3.3213,12.9,rain#5 2023-11-21,rain,qc
19/sublink_2,impl2_nearby,17,2.4903,0.6809,-1.8094,-0.7266,1.9159,2.3086,0.927,0.4929,0.4706,0.0,0.4706,11.5761,42.3353,rain#5 2023-11-21,rain,qc
20/sublink_2,impl2_nearby,17,2.5318,2.4123,-0.1195,-0.0472,0.5787,1.0195,0.4027,0.8543,0.9412,0.0,0.9412,41.0091,43.0414,rain#5 2023-11-21,rain,qc
22/sublink_1,impl2_nearby,12,1.4222,7.8441,6.4219,4.5154,6.4435,9.8754,6.9436,0.8796,1.0,0.0909,0.9091,94.1289,17.0667,rain#5 2023-11-21,rain,qc
26/sublink_1,impl2_nearby,3,4.4583,0.3199,-4.1384,-0.9282,4.1384,4.7907,1.0746,-0.8225,0.3333,0.0,0.3333,0.9597,13.375,rain#5 2023-11-21,rain,qc
27/sublink_1,impl2_nearby,2,3.7143,0.1748,-3.5395,-0.9529,3.5395,3.854,1.0376,,1.0,0.0,1.0,0.3497,7.4286,rain#5 2023-11-21,rain,qc
29/sublink_1,impl2_nearby,2,0.6,0.1007,-0.4993,-0.8321,0.4993,0.6402,1.067,,0.5,0.0,0.5,0.2015,1.2,rain#5 2023-11-21,rain,qc
30/sublink_1,impl2_nearby,17,2.8882,0.7961,-2.0921,-0.7243,2.3211,2.973,1.0294,0.434,0.7647,0.0,0.7647,13.5345,49.1,rain#5 2023-11-21,rain,qc
31/sublink_1,impl2_nearby,17,2.4882,1.3223,-1.1659,-0.4686,1.1659,1.2986,0.5219,0.96,0.7059,0.0,0.7059,22.4799,42.3,rain#5 2023-11-21,rain,qc
32/sublink_1,impl2_nearby,17,2.3777,0.3229,-2.0549,-0.8642,2.0549,2.4256,1.0202,0.9185,0.7059,0.0,0.7059,5.4886,40.4211,rain#5 2023-11-21,rain,qc
34/sublink_1,impl2_nearby,17,2.4647,2.0956,-0.3691,-0.1497,0.6562,0.8567,0.3476,0.8981,0.7059,0.0,0.7059,35.6257,41.9,rain#5 2023-11-21,rain,qc
38/sublink_1,impl2_nearby,17,2.5294,2.3868,-0.1426,-0.0564,0.7178,0.9717,0.3841,0.9417,0.7059,0.0,0.7059,40.5762,43.0,rain#5 2023-11-21,rain,qc
40/sublink_1,impl2_nearby,17,2.5572,2.3846,-0.1726,-0.0675,1.2869,2.2008,0.8606,0.7093,0.7647,0.0,0.7647,40.5384,43.4727,rain#5 2023-11-21,rain,qc
55/sublink_1,impl2_nearby,17,2.6387,0.1661,-2.4725,-0.937,2.6021,3.2056,1.2149,-0.1785,0.2941,0.0,0.2941,2.824,44.8571,rain#5 2023-11-21,rain,qc
3/sublink_3,impl1_dynamic,23,2.0147,2.025,0.0103,0.0051,0.52,0.726,0.3604,0.9417,0.8636,0.0,0.8636,46.5758,46.3385,rain#4 2023-12-10,rain,shared8
8/sublink_1,impl1_dynamic,23,2.0128,1.8338,-0.179,-0.0889,0.4401,0.5943,0.2953,0.9519,0.8182,0.0,0.8182,42.1769,46.2933,rain#4 2023-12-10,rain,shared8
12/sublink_2,impl1_dynamic,23,2.1626,2.2904,0.1278,0.0591,0.732,1.1401,0.5272,0.8936,0.8095,0.0,0.8095,52.6796,49.74,rain#4 2023-12-10,rain,shared8
20/sublink_2,impl1_dynamic,23,2.1885,2.5956,0.4071,0.186,0.5616,0.7547,0.3448,0.9557,1.0,0.0435,0.9565,59.698,50.3345,rain#4 2023-12-10,rain,shared8
31/sublink_1,impl1_dynamic,23,2.2143,2.2546,0.0403,0.0182,1.0091,1.4281,0.645,0.7795,0.8571,0.1,0.7826,51.8553,50.9286,rain#4 2023-12-10,rain,shared8
40/sublink_1,impl1_dynamic,23,2.2296,2.2041,-0.0255,-0.0114,0.9158,1.1813,0.5298,0.8599,0.8571,0.0,0.8571,50.695,51.2818,rain#4 2023-12-10,rain,shared8
45/sublink_1,impl1_dynamic,23,2.2273,2.2738,0.0465,0.0209,1.0373,1.3466,0.6046,0.8586,0.8571,0.0,0.8571,52.2971,51.2273,rain#4 2023-12-10,rain,shared8
34/sublink_1,impl1_dynamic,23,2.2092,2.1973,-0.0119,-0.0054,0.4344,0.5747,0.2601,0.9646,0.8636,0.0,0.8636,50.5385,50.8111,rain#4 2023-12-10,rain,shared8
3/sublink_3,impl2_classical_dynamic,23,2.0147,2.0363,0.0216,0.0107,0.5313,0.7364,0.3655,0.9413,0.8636,0.0,0.8636,46.8348,46.3385,rain#4 2023-12-10,rain,shared8
8/sublink_1,impl2_classical_dynamic,23,2.0128,1.8402,-0.1725,-0.0857,0.4359,0.5964,0.2963,0.9515,0.8182,0.0,0.8182,42.3253,46.2933,rain#4 2023-12-10,rain,shared8
12/sublink_2,impl2_classical_dynamic,23,2.1626,2.3127,0.1501,0.0694,0.7155,1.1054,0.5112,0.9051,0.8095,0.0,0.8095,53.1921,49.74,rain#4 2023-12-10,rain,shared8
20/sublink_2,impl2_classical_dynamic,23,2.1885,2.6411,0.4527,0.2068,0.59,0.7968,0.3641,0.9563,1.0,0.0435,0.9565,60.7458,50.3345,rain#4 2023-12-10,rain,shared8
31/sublink_1,impl2_classical_dynamic,23,2.2143,2.2546,0.0403,0.0182,1.0091,1.4281,0.645,0.7795,0.8571,0.1,0.7826,51.8553,50.9286,rain#4 2023-12-10,rain,shared8
40/sublink_1,impl2_classical_dynamic,23,2.2296,2.2041,-0.0255,-0.0114,0.9158,1.1813,0.5298,0.8599,0.8571,0.0,0.8571,50.695,51.2818,rain#4 2023-12-10,rain,shared8
45/sublink_1,impl2_classical_dynamic,23,2.2273,2.2965,0.0693,0.0311,1.0304,1.3467,0.6046,0.8627,0.8571,0.0,0.8571,52.8205,51.2273,rain#4 2023-12-10,rain,shared8
34/sublink_1,impl2_classical_dynamic,23,2.2092,2.2173,0.0081,0.0037,0.4266,0.5655,0.256,0.9672,0.8636,0.0,0.8636,50.9981,50.8111,rain#4 2023-12-10,rain,shared8
3/sublink_3,impl2_classical_constant,23,2.0147,1.6862,-0.3285,-0.163,0.4791,0.7187,0.3567,0.9364,0.8182,0.0,0.8182,38.7835,46.3385,rain#4 2023-12-10,rain,shared8
8/sublink_1,impl2_classical_constant,23,2.0128,1.6418,-0.371,-0.1843,0.4662,0.6991,0.3473,0.9449,0.8182,0.0,0.8182,37.761,46.2933,rain#4 2023-12-10,rain,shared8
12/sublink_2,impl2_classical_constant,23,2.1626,1.4731,-0.6895,-0.3188,0.693,0.9647,0.4461,0.9401,0.619,0.0,0.619,33.8822,49.74,rain#4 2023-12-10,rain,shared8
20/sublink_2,impl2_classical_constant,23,2.1885,1.8713,-0.3171,-0.1449,0.5843,0.6965,0.3183,0.9508,0.8182,0.0,0.8182,43.0401,50.3345,rain#4 2023-12-10,rain,shared8
31/sublink_1,impl2_classical_constant,23,2.2143,0.8392,-1.3751,-0.621,1.3751,1.7752,0.8017,0.8917,0.619,0.0,0.619,19.3015,50.9286,rain#4 2023-12-10,rain,shared8
40/sublink_1,impl2_classical_constant,23,2.2296,1.393,-0.8367,-0.3753,0.8507,1.0691,0.4795,0.9382,0.619,0.0,0.619,32.0381,51.2818,rain#4 2023-12-10,rain,shared8
45/sublink_1,impl2_classical_constant,23,2.2273,1.3404,-0.8869,-0.3982,0.9701,1.2032,0.5402,0.9036,0.5714,0.0,0.5714,30.8294,51.2273,rain#4 2023-12-10,rain,shared8
34/sublink_1,impl2_classical_constant,23,2.2092,1.3893,-0.8199,-0.3711,0.8562,1.0507,0.4756,0.9447,0.6364,0.0,0.6364,31.9532,50.8111,rain#4 2023-12-10,rain,shared8
3/sublink_3,impl2_pycomlink,23,2.0147,1.8005,-0.2142,-0.1063,0.4454,0.6535,0.3244,0.9402,0.9091,0.0,0.9091,41.4117,46.3385,rain#4 2023-12-10,rain,shared8
8/sublink_1,impl2_pycomlink,23,2.0128,1.5434,-0.4694,-0.2332,0.4956,0.8038,0.3993,0.9501,0.9545,0.0,0.9545,35.4973,46.2933,rain#4 2023-12-10,rain,shared8
12/sublink_2,impl2_pycomlink,23,2.1626,1.5323,-0.6303,-0.2914,0.7025,0.9763,0.4514,0.9278,0.8095,0.0,0.8095,35.2438,49.74,rain#4 2023-12-10,rain,shared8
20/sublink_2,impl2_pycomlink,23,2.1885,1.8666,-0.3218,-0.147,0.571,0.6919,0.3162,0.9487,0.8636,0.0,0.8636,42.9329,50.3345,rain#4 2023-12-10,rain,shared8
31/sublink_1,impl2_pycomlink,23,2.2143,0.8723,-1.342,-0.6061,1.342,1.7416,0.7865,0.9097,0.619,0.0,0.619,20.062,50.9286,rain#4 2023-12-10,rain,shared8
40/sublink_1,impl2_pycomlink,23,2.2296,1.5708,-0.6588,-0.2955,0.693,0.9264,0.4155,0.9427,0.7619,0.0,0.7619,36.1294,51.2818,rain#4 2023-12-10,rain,shared8
45/sublink_1,impl2_pycomlink,23,2.2273,1.5147,-0.7125,-0.3199,0.8103,1.0527,0.4726,0.9126,0.7143,0.0,0.7143,34.839,51.2273,rain#4 2023-12-10,rain,shared8
34/sublink_1,impl2_pycomlink,23,2.2092,1.4514,-0.7578,-0.343,0.7937,0.98,0.4436,0.9518,0.6364,0.0,0.6364,33.3819,50.8111,rain#4 2023-12-10,rain,shared8
3/sublink_3,impl2_nearby,20,2.2354,1.6698,-0.5656,-0.253,0.5938,0.9132,0.4085,0.9426,1.0,0.0,1.0,33.3959,44.7077,rain#4 2023-12-10,rain,shared8
8/sublink_1,impl2_nearby,20,2.236,1.6127,-0.6233,-0.2787,0.6761,1.0095,0.4515,0.9331,1.0,0.0,1.0,32.2549,44.72,rain#4 2023-12-10,rain,shared8
12/sublink_2,impl2_nearby,20,2.417,1.7768,-0.6402,-0.2649,0.694,0.95,0.393,0.9385,0.9444,0.0,0.9444,35.5352,48.34,rain#4 2023-12-10,rain,shared8
20/sublink_2,impl2_nearby,19,2.463,1.7883,-0.6747,-0.2739,0.7082,1.0891,0.4422,0.9233,1.0,0.0,1.0,33.9772,46.7966,rain#4 2023-12-10,rain,shared8
31/sublink_1,impl2_nearby,21,2.3633,0.9,-1.4632,-0.6192,1.4632,1.8994,0.8037,0.8655,0.6842,0.0,0.6842,18.9009,49.6286,rain#4 2023-12-10,rain,shared8
40/sublink_1,impl2_nearby,21,2.3779,1.5242,-0.8537,-0.359,0.9594,1.2071,0.5076,0.9066,0.7895,0.0,0.7895,32.0091,49.9364,rain#4 2023-12-10,rain,shared8
45/sublink_1,impl2_nearby,21,2.3771,1.7891,-0.5879,-0.2473,0.7427,0.9043,0.3804,0.9332,0.9474,0.0,0.9474,37.5715,49.9182,rain#4 2023-12-10,rain,shared8
34/sublink_1,impl2_nearby,20,2.4689,1.6983,-0.7706,-0.3121,0.8456,1.047,0.4241,0.9366,0.7368,0.0,0.7368,33.9657,49.3778,rain#4 2023-12-10,rain,shared8
3/sublink_3,impl1_dynamic,23,2.0147,2.025,0.0103,0.0051,0.52,0.726,0.3604,0.9417,0.8636,0.0,0.8636,46.5758,46.3385,rain#4 2023-12-10,rain,selected
8/sublink_1,impl1_dynamic,23,2.0128,1.8338,-0.179,-0.0889,0.4401,0.5943,0.2953,0.9519,0.8182,0.0,0.8182,42.1769,46.2933,rain#4 2023-12-10,rain,selected
12/sublink_2,impl1_dynamic,23,2.1626,2.2904,0.1278,0.0591,0.732,1.1401,0.5272,0.8936,0.8095,0.0,0.8095,52.6796,49.74,rain#4 2023-12-10,rain,selected
20/sublink_2,impl1_dynamic,23,2.1885,2.5956,0.4071,0.186,0.5616,0.7547,0.3448,0.9557,1.0,0.0435,0.9565,59.698,50.3345,rain#4 2023-12-10,rain,selected
31/sublink_1,impl1_dynamic,23,2.2143,2.2546,0.0403,0.0182,1.0091,1.4281,0.645,0.7795,0.8571,0.1,0.7826,51.8553,50.9286,rain#4 2023-12-10,rain,selected
34/sublink_1,impl1_dynamic,23,2.2092,2.1973,-0.0119,-0.0054,0.4344,0.5747,0.2601,0.9646,0.8636,0.0,0.8636,50.5385,50.8111,rain#4 2023-12-10,rain,selected
40/sublink_1,impl1_dynamic,23,2.2296,2.2041,-0.0255,-0.0114,0.9158,1.1813,0.5298,0.8599,0.8571,0.0,0.8571,50.695,51.2818,rain#4 2023-12-10,rain,selected
3/sublink_3,impl2_classical_dynamic,23,2.0147,2.0363,0.0216,0.0107,0.5313,0.7364,0.3655,0.9413,0.8636,0.0,0.8636,46.8348,46.3385,rain#4 2023-12-10,rain,selected
8/sublink_1,impl2_classical_dynamic,23,2.0128,1.8402,-0.1725,-0.0857,0.4359,0.5964,0.2963,0.9515,0.8182,0.0,0.8182,42.3253,46.2933,rain#4 2023-12-10,rain,selected
12/sublink_2,impl2_classical_dynamic,23,2.1626,2.3127,0.1501,0.0694,0.7155,1.1054,0.5112,0.9051,0.8095,0.0,0.8095,53.1921,49.74,rain#4 2023-12-10,rain,selected
20/sublink_2,impl2_classical_dynamic,23,2.1885,2.6411,0.4527,0.2068,0.59,0.7968,0.3641,0.9563,1.0,0.0435,0.9565,60.7458,50.3345,rain#4 2023-12-10,rain,selected
31/sublink_1,impl2_classical_dynamic,23,2.2143,2.2546,0.0403,0.0182,1.0091,1.4281,0.645,0.7795,0.8571,0.1,0.7826,51.8553,50.9286,rain#4 2023-12-10,rain,selected
34/sublink_1,impl2_classical_dynamic,23,2.2092,2.2173,0.0081,0.0037,0.4266,0.5655,0.256,0.9672,0.8636,0.0,0.8636,50.9981,50.8111,rain#4 2023-12-10,rain,selected
40/sublink_1,impl2_classical_dynamic,23,2.2296,2.2041,-0.0255,-0.0114,0.9158,1.1813,0.5298,0.8599,0.8571,0.0,0.8571,50.695,51.2818,rain#4 2023-12-10,rain,selected
3/sublink_3,impl2_classical_constant,23,2.0147,1.6862,-0.3285,-0.163,0.4791,0.7187,0.3567,0.9364,0.8182,0.0,0.8182,38.7835,46.3385,rain#4 2023-12-10,rain,selected
8/sublink_1,impl2_classical_constant,23,2.0128,1.6418,-0.371,-0.1843,0.4662,0.6991,0.3473,0.9449,0.8182,0.0,0.8182,37.761,46.2933,rain#4 2023-12-10,rain,selected
12/sublink_2,impl2_classical_constant,23,2.1626,1.4731,-0.6895,-0.3188,0.693,0.9647,0.4461,0.9401,0.619,0.0,0.619,33.8822,49.74,rain#4 2023-12-10,rain,selected
20/sublink_2,impl2_classical_constant,23,2.1885,1.8713,-0.3171,-0.1449,0.5843,0.6965,0.3183,0.9508,0.8182,0.0,0.8182,43.0401,50.3345,rain#4 2023-12-10,rain,selected
31/sublink_1,impl2_classical_constant,23,2.2143,0.8392,-1.3751,-0.621,1.3751,1.7752,0.8017,0.8917,0.619,0.0,0.619,19.3015,50.9286,rain#4 2023-12-10,rain,selected
34/sublink_1,impl2_classical_constant,23,2.2092,1.3893,-0.8199,-0.3711,0.8562,1.0507,0.4756,0.9447,0.6364,0.0,0.6364,31.9532,50.8111,rain#4 2023-12-10,rain,selected
40/sublink_1,impl2_classical_constant,23,2.2296,1.393,-0.8367,-0.3753,0.8507,1.0691,0.4795,0.9382,0.619,0.0,0.619,32.0381,51.2818,rain#4 2023-12-10,rain,selected
3/sublink_3,impl2_pycomlink,23,2.0147,1.8005,-0.2142,-0.1063,0.4454,0.6535,0.3244,0.9402,0.9091,0.0,0.9091,41.4117,46.3385,rain#4 2023-12-10,rain,selected
8/sublink_1,impl2_pycomlink,23,2.0128,1.5434,-0.4694,-0.2332,0.4956,0.8038,0.3993,0.9501,0.9545,0.0,0.9545,35.4973,46.2933,rain#4 2023-12-10,rain,selected
12/sublink_2,impl2_pycomlink,23,2.1626,1.5323,-0.6303,-0.2914,0.7025,0.9763,0.4514,0.9278,0.8095,0.0,0.8095,35.2438,49.74,rain#4 2023-12-10,rain,selected
20/sublink_2,impl2_pycomlink,23,2.1885,1.8666,-0.3218,-0.147,0.571,0.6919,0.3162,0.9487,0.8636,0.0,0.8636,42.9329,50.3345,rain#4 2023-12-10,rain,selected
31/sublink_1,impl2_pycomlink,23,2.2143,0.8723,-1.342,-0.6061,1.342,1.7416,0.7865,0.9097,0.619,0.0,0.619,20.062,50.9286,rain#4 2023-12-10,rain,selected
34/sublink_1,impl2_pycomlink,23,2.2092,1.4514,-0.7578,-0.343,0.7937,0.98,0.4436,0.9518,0.6364,0.0,0.6364,33.3819,50.8111,rain#4 2023-12-10,rain,selected
40/sublink_1,impl2_pycomlink,23,2.2296,1.5708,-0.6588,-0.2955,0.693,0.9264,0.4155,0.9427,0.7619,0.0,0.7619,36.1294,51.2818,rain#4 2023-12-10,rain,selected
3/sublink_3,impl2_nearby,19,2.2688,1.7094,-0.5594,-0.2466,0.5899,0.9141,0.4029,0.9454,1.0,0.0,1.0,32.4783,43.1077,rain#4 2023-12-10,rain,selected
8/sublink_1,impl2_nearby,19,2.2716,1.6366,-0.635,-0.2795,0.685,1.0145,0.4466,0.9342,1.0,0.0,1.0,31.0958,43.16,rain#4 2023-12-10,rain,selected
12/sublink_2,impl2_nearby,19,2.4316,1.8817,-0.5499,-0.2262,0.6476,0.9102,0.3743,0.937,0.9412,0.0,0.9412,35.7515,46.2,rain#4 2023-12-10,rain,selected
20/sublink_2,impl2_nearby,17,2.6483,1.96,-0.6883,-0.2599,0.7257,1.1267,0.4255,0.9189,1.0,0.0,1.0,33.3203,45.0207,rain#4 2023-12-10,rain,selected
31/sublink_1,impl2_nearby,19,2.482,0.9985,-1.4834,-0.5977,1.4834,1.9315,0.7782,0.8718,0.8235,0.0,0.8235,18.9717,47.1571,rain#4 2023-12-10,rain,selected
34/sublink_1,impl2_nearby,19,2.4842,1.7895,-0.6947,-0.2796,0.7882,0.9808,0.3948,0.9458,0.7778,0.0,0.7778,34.0014,47.2,rain#4 2023-12-10,rain,selected
40/sublink_1,impl2_nearby,19,2.5124,1.6786,-0.8338,-0.3319,0.9488,1.1735,0.4671,0.9201,0.8333,0.0,0.8333,31.8934,47.7364,rain#4 2023-12-10,rain,selected
1/sublink_1,impl1_dynamic,23,2.2043,2.8272,0.6228,0.2826,0.9362,1.3711,0.622,0.9369,0.8571,0.0,0.8571,65.0255,50.7,rain#4 2023-12-10,rain,qc
2/sublink_3,impl1_dynamic,23,2.1485,2.2254,0.0769,0.0358,1.7537,2.3907,1.1127,0.1859,0.9524,0.0909,0.8696,51.1838,49.4154,rain#4 2023-12-10,rain,qc
3/sublink_3,impl1_dynamic,23,2.0147,2.025,0.0103,0.0051,0.52,0.726,0.3604,0.9417,0.8636,0.0,0.8636,46.5758,46.3385,rain#4 2023-12-10,rain,qc
4/sublink_1,impl1_dynamic,23,2.1733,2.3377,0.1644,0.0756,2.0118,2.7956,1.2863,0.5374,0.5714,0.0,0.5714,53.7661,49.9857,rain#4 2023-12-10,rain,qc
6/sublink_2,impl1_dynamic,23,1.9304,9.9436,8.0131,4.1509,8.0131,10.548,5.4641,0.8976,1.0,0.0435,0.9565,228.7018,44.4,rain#4 2023-12-10,rain,qc
8/sublink_1,impl1_dynamic,23,2.0128,1.8338,-0.179,-0.0889,0.4401,0.5943,0.2953,0.9519,0.8182,0.0,0.8182,42.1769,46.2933,rain#4 2023-12-10,rain,qc
11/sublink_2,impl1_dynamic,23,1.8696,2.3226,0.453,0.2423,1.4633,1.8373,0.9827,0.1972,1.0,0.0435,0.9565,53.4195,43.0,rain#4 2023-12-10,rain,qc
12/sublink_2,impl1_dynamic,23,2.1626,2.2904,0.1278,0.0591,0.732,1.1401,0.5272,0.8936,0.8095,0.0,0.8095,52.6796,49.74,rain#4 2023-12-10,rain,qc
13/sublink_2,impl1_dynamic,23,2.0099,1.424,-0.5859,-0.2915,1.8498,2.5767,1.282,0.1955,0.8095,0.0556,0.7727,32.7519,46.2286,rain#4 2023-12-10,rain,qc
16/sublink_1,impl1_dynamic,23,2.013,9.5751,7.562,3.7565,7.562,7.8646,3.9068,0.6447,1.0,0.087,0.913,220.2263,46.3,rain#4 2023-12-10,rain,qc
17/sublink_2,impl1_dynamic,23,2.213,3.355,1.1419,0.516,1.3142,1.9962,0.902,0.8853,0.9091,0.0,0.9091,77.1647,50.9,rain#4 2023-12-10,rain,qc
18/sublink_2,impl1_dynamic,23,2.0,8.7154,6.7154,3.3577,6.7154,7.3223,3.6612,0.4792,1.0,0.0435,0.9565,200.4544,46.0,rain#4 2023-12-10,rain,qc
19/sublink_2,impl1_dynamic,23,2.1811,0.3615,-1.8196,-0.8343,2.1309,2.7281,1.2508,0.0041,0.5714,0.1429,0.5217,8.3142,50.1647,rain#4 2023-12-10,rain,qc
20/sublink_2,impl1_dynamic,23,2.1885,2.5956,0.4071,0.186,0.5616,0.7547,0.3448,0.9557,1.0,0.0435,0.9565,59.698,50.3345,rain#4 2023-12-10,rain,qc
22/sublink_1,impl1_dynamic,23,1.8696,5.8594,3.9898,2.1341,4.1521,5.9332,3.1736,0.9297,1.0,0.0435,0.9565,134.7657,43.0,rain#4 2023-12-10,rain,qc
26/sublink_1,impl1_dynamic,23,1.9565,7.6551,5.6986,2.9126,5.6986,6.8834,3.5182,0.8232,1.0,0.0435,0.9565,176.0671,45.0,rain#4 2023-12-10,rain,qc
27/sublink_1,impl1_dynamic,23,2.2155,0.3096,-1.906,-0.8603,1.9884,2.5901,1.1691,0.46,0.65,0.1333,0.5909,7.1201,50.9571,rain#4 2023-12-10,rain,qc
29/sublink_1,impl1_dynamic,23,2.2174,9.4551,7.2377,3.2641,7.5933,12.3311,5.5611,0.7116,0.9091,0.0,0.9091,217.4682,51.0,rain#4 2023-12-10,rain,qc
30/sublink_1,impl1_dynamic,23,2.0261,4.3862,2.3602,1.1649,2.3602,2.7689,1.3666,0.784,1.0,0.0435,0.9565,100.8835,46.6,rain#4 2023-12-10,rain,qc
31/sublink_1,impl1_dynamic,23,2.2143,2.2546,0.0403,0.0182,1.0091,1.4281,0.645,0.7795,0.8571,0.1,0.7826,51.8553,50.9286,rain#4 2023-12-10,rain,qc
32/sublink_1,impl1_dynamic,23,2.2192,0.6075,-1.6117,-0.7262,1.6117,2.1564,0.9717,0.9116,0.6667,0.0,0.6667,13.9729,51.0421,rain#4 2023-12-10,rain,qc
34/sublink_1,impl1_dynamic,23,2.2092,2.1973,-0.0119,-0.0054,0.4344,0.5747,0.2601,0.9646,0.8636,0.0,0.8636,50.5385,50.8111,rain#4 2023-12-10,rain,qc
38/sublink_1,impl1_dynamic,23,2.2278,2.9548,0.727,0.3263,1.0402,1.6592,0.7448,0.8883,0.9091,0.0,0.9091,67.9615,51.24,rain#4 2023-12-10,rain,qc
40/sublink_1,impl1_dynamic,23,2.2296,2.2041,-0.0255,-0.0114,0.9158,1.1813,0.5298,0.8599,0.8571,0.0,0.8571,50.695,51.2818,rain#4 2023-12-10,rain,qc
55/sublink_1,impl1_dynamic,23,2.1329,1.3133,-0.8196,-0.3843,0.9704,1.4972,0.702,0.8108,1.0,0.0435,0.9565,30.2065,49.0571,rain#4 2023-12-10,rain,qc
1/sublink_1,impl2_classical_dynamic,23,2.2043,2.8354,0.6311,0.2863,0.9444,1.3882,0.6298,0.9369,0.8571,0.0,0.8571,65.2152,50.7,rain#4 2023-12-10,rain,qc
2/sublink_3,impl2_classical_dynamic,23,2.1485,2.2254,0.0769,0.0358,1.7537,2.3907,1.1127,0.1859,0.9524,0.0909,0.8696,51.1838,49.4154,rain#4 2023-12-10,rain,qc
3/sublink_3,impl2_classical_dynamic,23,2.0147,2.0363,0.0216,0.0107,0.5313,0.7364,0.3655,0.9413,0.8636,0.0,0.8636,46.8348,46.3385,rain#4 2023-12-10,rain,qc
4/sublink_1,impl2_classical_dynamic,23,2.1733,2.3377,0.1644,0.0756,2.0118,2.7956,1.2863,0.5374,0.5714,0.0,0.5714,53.7661,49.9857,rain#4 2023-12-10,rain,qc
6/sublink_2,impl2_classical_dynamic,23,1.9304,9.9436,8.0131,4.1509,8.0131,10.548,5.4641,0.8976,1.0,0.0435,0.9565,228.7018,44.4,rain#4 2023-12-10,rain,qc
8/sublink_1,impl2_classical_dynamic,23,2.0128,1.8402,-0.1725,-0.0857,0.4359,0.5964,0.2963,0.9515,0.8182,0.0,0.8182,42.3253,46.2933,rain#4 2023-12-10,rain,qc
11/sublink_2,impl2_classical_dynamic,23,1.8696,2.3226,0.453,0.2423,1.4633,1.8373,0.9827,0.1972,1.0,0.0435,0.9565,53.4195,43.0,rain#4 2023-12-10,rain,qc
12/sublink_2,impl2_classical_dynamic,23,2.1626,2.3127,0.1501,0.0694,0.7155,1.1054,0.5112,0.9051,0.8095,0.0,0.8095,53.1921,49.74,rain#4 2023-12-10,rain,qc
13/sublink_2,impl2_classical_dynamic,23,2.0099,1.424,-0.5859,-0.2915,1.8498,2.5767,1.282,0.1955,0.8095,0.0556,0.7727,32.7519,46.2286,rain#4 2023-12-10,rain,qc
16/sublink_1,impl2_classical_dynamic,23,2.013,9.5751,7.562,3.7565,7.562,7.8646,3.9068,0.6447,1.0,0.087,0.913,220.2263,46.3,rain#4 2023-12-10,rain,qc
17/sublink_2,impl2_classical_dynamic,23,2.213,3.355,1.1419,0.516,1.3142,1.9962,0.902,0.8853,0.9091,0.0,0.9091,77.1647,50.9,rain#4 2023-12-10,rain,qc
18/sublink_2,impl2_classical_dynamic,23,2.0,8.7154,6.7154,3.3577,6.7154,7.3223,3.6612,0.4792,1.0,0.0435,0.9565,200.4544,46.0,rain#4 2023-12-10,rain,qc
19/sublink_2,impl2_classical_dynamic,23,2.1811,0.3615,-1.8196,-0.8343,2.1309,2.7281,1.2508,0.0041,0.5714,0.1429,0.5217,8.3142,50.1647,rain#4 2023-12-10,rain,qc
20/sublink_2,impl2_classical_dynamic,23,2.1885,2.6411,0.4527,0.2068,0.59,0.7968,0.3641,0.9563,1.0,0.0435,0.9565,60.7458,50.3345,rain#4 2023-12-10,rain,qc
22/sublink_1,impl2_classical_dynamic,23,1.8696,5.8594,3.9898,2.1341,4.1521,5.9332,3.1736,0.9297,1.0,0.0435,0.9565,134.7657,43.0,rain#4 2023-12-10,rain,qc
26/sublink_1,impl2_classical_dynamic,23,1.9565,8.5909,6.6344,3.3909,6.6344,8.7307,4.4624,0.7377,1.0,0.0435,0.9565,197.5915,45.0,rain#4 2023-12-10,rain,qc
27/sublink_1,impl2_classical_dynamic,23,2.2155,0.3096,-1.906,-0.8603,1.9884,2.5901,1.1691,0.46,0.65,0.1333,0.5909,7.1201,50.9571,rain#4 2023-12-10,rain,qc
29/sublink_1,impl2_classical_dynamic,23,2.2174,11.0283,8.8109,3.9735,9.1664,16.7595,7.5582,0.6127,0.9091,0.0,0.9091,253.6503,51.0,rain#4 2023-12-10,rain,qc
30/sublink_1,impl2_classical_dynamic,23,2.0261,4.3862,2.3602,1.1649,2.3602,2.7689,1.3666,0.784,1.0,0.0435,0.9565,100.8835,46.6,rain#4 2023-12-10,rain,qc
31/sublink_1,impl2_classical_dynamic,23,2.2143,2.2546,0.0403,0.0182,1.0091,1.4281,0.645,0.7795,0.8571,0.1,0.7826,51.8553,50.9286,rain#4 2023-12-10,rain,qc
32/sublink_1,impl2_classical_dynamic,23,2.2192,0.614,-1.6052,-0.7233,1.6052,2.1437,0.966,0.9193,0.6667,0.0,0.6667,14.1229,51.0421,rain#4 2023-12-10,rain,qc
34/sublink_1,impl2_classical_dynamic,23,2.2092,2.2173,0.0081,0.0037,0.4266,0.5655,0.256,0.9672,0.8636,0.0,0.8636,50.9981,50.8111,rain#4 2023-12-10,rain,qc
38/sublink_1,impl2_classical_dynamic,23,2.2278,3.0344,0.8066,0.3621,1.1198,1.9158,0.86,0.8498,0.9091,0.0,0.9091,69.7915,51.24,rain#4 2023-12-10,rain,qc
40/sublink_1,impl2_classical_dynamic,23,2.2296,2.2041,-0.0255,-0.0114,0.9158,1.1813,0.5298,0.8599,0.8571,0.0,0.8571,50.695,51.2818,rain#4 2023-12-10,rain,qc
55/sublink_1,impl2_classical_dynamic,23,2.1329,1.3133,-0.8196,-0.3843,0.9704,1.4972,0.702,0.8108,1.0,0.0435,0.9565,30.2065,49.0571,rain#4 2023-12-10,rain,qc
1/sublink_1,impl2_classical_constant,23,2.2043,1.8703,-0.334,-0.1515,1.0552,1.3139,0.596,0.834,0.6667,0.0,0.6667,43.0178,50.7,rain#4 2023-12-10,rain,qc
2/sublink_3,impl2_classical_constant,23,2.1485,0.0,-2.1485,-1.0,2.1485,2.9147,1.3566,,0.0,,0.0,0.0,49.4154,rain#4 2023-12-10,rain,qc
3/sublink_3,impl2_classical_constant,23,2.0147,1.6862,-0.3285,-0.163,0.4791,0.7187,0.3567,0.9364,0.8182,0.0,0.8182,38.7835,46.3385,rain#4 2023-12-10,rain,qc
4/sublink_1,impl2_classical_constant,23,2.1733,0.0262,-2.1471,-0.988,2.1471,2.9472,1.3561,-0.0463,0.0952,0.0,0.0952,0.6023,49.9857,rain#4 2023-12-10,rain,qc
6/sublink_2,impl2_classical_constant,23,1.9304,1.2017,-0.7287,-0.3775,1.0516,1.3875,0.7188,0.832,0.5,0.0,0.5,27.6397,44.4,rain#4 2023-12-10,rain,qc
8/sublink_1,impl2_classical_constant,23,2.0128,1.6418,-0.371,-0.1843,0.4662,0.6991,0.3473,0.9449,0.8182,0.0,0.8182,37.761,46.2933,rain#4 2023-12-10,rain,qc
11/sublink_2,impl2_classical_constant,23,1.8696,0.0121,-1.8575,-0.9935,1.8575,2.4964,1.3353,0.2488,0.0455,0.0,0.0455,0.2775,43.0,rain#4 2023-12-10,rain,qc
12/sublink_2,impl2_classical_constant,23,2.1626,1.4731,-0.6895,-0.3188,0.693,0.9647,0.4461,0.9401,0.619,0.0,0.619,33.8822,49.74,rain#4 2023-12-10,rain,qc
13/sublink_2,impl2_classical_constant,23,2.0099,0.0,-2.0099,-1.0,2.0099,2.7385,1.3625,,0.0,,0.0,0.0,46.2286,rain#4 2023-12-10,rain,qc
16/sublink_1,impl2_classical_constant,23,2.013,0.7454,-1.2676,-0.6297,1.3509,1.9189,0.9532,0.7364,0.9048,0.05,0.8636,17.1449,46.3,rain#4 2023-12-10,rain,qc
17/sublink_2,impl2_classical_constant,23,2.213,0.8589,-1.3541,-0.6119,1.4937,2.0607,0.9312,0.6087,0.4545,0.0,0.4545,19.7554,50.9,rain#4 2023-12-10,rain,qc
18/sublink_2,impl2_classical_constant,23,2.0,0.2882,-1.7118,-0.8559,1.7271,2.312,1.156,0.7244,0.4091,0.0,0.4091,6.6284,46.0,rain#4 2023-12-10,rain,qc
19/sublink_2,impl2_classical_constant,23,2.1811,0.0,-2.1811,-1.0,2.1811,2.9393,1.3476,,0.0,,0.0,0.0,50.1647,rain#4 2023-12-10,rain,qc
20/sublink_2,impl2_classical_constant,23,2.1885,1.8713,-0.3171,-0.1449,0.5843,0.6965,0.3183,0.9508,0.8182,0.0,0.8182,43.0401,50.3345,rain#4 2023-12-10,rain,qc
22/sublink_1,impl2_classical_constant,23,1.8696,8.8313,6.9617,3.7237,7.0139,9.3463,4.9992,0.7688,0.9091,0.0476,0.8696,203.1192,43.0,rain#4 2023-12-10,rain,qc
26/sublink_1,impl2_classical_constant,23,1.9565,1.8063,-0.1502,-0.0768,1.7654,3.0313,1.5493,0.4832,0.6364,0.0,0.6364,41.5449,45.0,rain#4 2023-12-10,rain,qc
27/sublink_1,impl2_classical_constant,23,2.2155,0.0,-2.2155,-1.0,2.2155,2.9032,1.3104,,0.0,,0.0,0.0,50.9571,rain#4 2023-12-10,rain,qc
29/sublink_1,impl2_classical_constant,23,2.2174,7.4924,5.275,2.3789,6.3541,11.8561,5.3469,0.5258,0.5909,0.0,0.5909,172.3246,51.0,rain#4 2023-12-10,rain,qc
30/sublink_1,impl2_classical_constant,23,2.0261,0.1116,-1.9145,-0.9449,1.9145,2.5825,1.2746,0.7068,0.3636,0.0,0.3636,2.5662,46.6,rain#4 2023-12-10,rain,qc
31/sublink_1,impl2_classical_constant,23,2.2143,0.8392,-1.3751,-0.621,1.3751,1.7752,0.8017,0.8917,0.619,0.0,0.619,19.3015,50.9286,rain#4 2023-12-10,rain,qc
32/sublink_1,impl2_classical_constant,23,2.2192,0.3187,-1.9005,-0.8564,1.9005,2.5169,1.1342,0.9335,0.5238,0.0,0.5238,7.3304,51.0421,rain#4 2023-12-10,rain,qc
34/sublink_1,impl2_classical_constant,23,2.2092,1.3893,-0.8199,-0.3711,0.8562,1.0507,0.4756,0.9447,0.6364,0.0,0.6364,31.9532,50.8111,rain#4 2023-12-10,rain,qc
38/sublink_1,impl2_classical_constant,23,2.2278,1.6643,-0.5635,-0.2529,1.0118,1.313,0.5894,0.8285,0.5909,0.0,0.5909,38.2793,51.24,rain#4 2023-12-10,rain,qc
40/sublink_1,impl2_classical_constant,23,2.2296,1.393,-0.8367,-0.3753,0.8507,1.0691,0.4795,0.9382,0.619,0.0,0.619,32.0381,51.2818,rain#4 2023-12-10,rain,qc
55/sublink_1,impl2_classical_constant,23,2.1329,0.01,-2.123,-0.9953,2.123,2.7907,1.3084,0.3606,0.0455,0.0,0.0455,0.2292,49.0571,rain#4 2023-12-10,rain,qc
1/sublink_1,impl2_pycomlink,23,2.2043,2.281,0.0766,0.0348,0.8493,1.1731,0.5322,0.873,0.9048,0.0,0.9048,52.4626,50.7,rain#4 2023-12-10,rain,qc
2/sublink_3,impl2_pycomlink,23,2.1485,0.1424,-2.0061,-0.9337,2.0061,2.7509,1.2804,0.3874,0.2857,0.0,0.2857,3.2751,49.4154,rain#4 2023-12-10,rain,qc
3/sublink_3,impl2_pycomlink,23,2.0147,1.8005,-0.2142,-0.1063,0.4454,0.6535,0.3244,0.9402,0.9091,0.0,0.9091,41.4117,46.3385,rain#4 2023-12-10,rain,qc
4/sublink_1,impl2_pycomlink,23,2.1733,0.7414,-1.4319,-0.6589,1.7582,2.5625,1.1791,0.3079,0.2857,0.1429,0.2727,17.0512,49.9857,rain#4 2023-12-10,rain,qc
6/sublink_2,impl2_pycomlink,23,1.9304,2.4694,0.539,0.2792,1.0262,1.8414,0.9539,0.9288,0.6364,0.0,0.6364,56.7968,44.4,rain#4 2023-12-10,rain,qc
8/sublink_1,impl2_pycomlink,23,2.0128,1.5434,-0.4694,-0.2332,0.4956,0.8038,0.3993,0.9501,0.9545,0.0,0.9545,35.4973,46.2933,rain#4 2023-12-10,rain,qc
11/sublink_2,impl2_pycomlink,23,1.8696,0.0133,-1.8563,-0.9929,1.8563,2.506,1.3404,-0.0591,0.0455,0.0,0.0455,0.3049,43.0,rain#4 2023-12-10,rain,qc
12/sublink_2,impl2_pycomlink,23,2.1626,1.5323,-0.6303,-0.2914,0.7025,0.9763,0.4514,0.9278,0.8095,0.0,0.8095,35.2438,49.74,rain#4 2023-12-10,rain,qc
13/sublink_2,impl2_pycomlink,23,2.0099,0.0453,-1.9646,-0.9775,1.9815,2.7198,1.3532,-0.1615,0.1429,0.25,0.1364,1.042,46.2286,rain#4 2023-12-10,rain,qc
16/sublink_1,impl2_pycomlink,23,2.013,0.0,-2.013,-1.0,2.013,2.733,1.3576,,0.0,,0.0,0.0,46.3,rain#4 2023-12-10,rain,qc
17/sublink_2,impl2_pycomlink,23,2.213,1.4208,-0.7923,-0.358,1.2765,1.7268,0.7803,0.6718,0.5909,0.0,0.5909,32.678,50.9,rain#4 2023-12-10,rain,qc
18/sublink_2,impl2_pycomlink,23,2.0,0.0,-2.0,-1.0,2.0,2.6986,1.3493,,0.0,,0.0,0.0,46.0,rain#4 2023-12-10,rain,qc
19/sublink_2,impl2_pycomlink,23,2.1811,0.1109,-2.0702,-0.9491,2.077,2.8016,1.2845,0.5024,0.2857,0.1429,0.2727,2.5511,50.1647,rain#4 2023-12-10,rain,qc
20/sublink_2,impl2_pycomlink,23,2.1885,1.8666,-0.3218,-0.147,0.571,0.6919,0.3162,0.9487,0.8636,0.0,0.8636,42.9329,50.3345,rain#4 2023-12-10,rain,qc
22/sublink_1,impl2_pycomlink,23,1.8696,7.6504,5.7808,3.0921,5.7808,7.7268,4.133,0.7608,1.0,0.0435,0.9565,175.9592,43.0,rain#4 2023-12-10,rain,qc
26/sublink_1,impl2_pycomlink,23,1.9565,2.4353,0.4788,0.2447,2.1642,3.8539,1.9698,0.4508,0.6364,0.0,0.6364,56.0117,45.0,rain#4 2023-12-10,rain,qc
27/sublink_1,impl2_pycomlink,23,2.2155,0.0,-2.2155,-1.0,2.2155,2.9032,1.3104,,0.0,,0.0,0.0,50.9571,rain#4 2023-12-10,rain,qc
29/sublink_1,impl2_pycomlink,23,2.2174,7.649,5.4316,2.4495,6.3106,11.4554,5.1661,0.559,0.6364,0.0,0.6364,175.9263,51.0,rain#4 2023-12-10,rain,qc
30/sublink_1,impl2_pycomlink,23,2.0261,0.7109,-1.3152,-0.6491,1.3728,1.8632,0.9196,0.7321,0.5,0.0833,0.4783,16.3496,46.6,rain#4 2023-12-10,rain,qc
31/sublink_1,impl2_pycomlink,23,2.2143,0.8723,-1.342,-0.6061,1.342,1.7416,0.7865,0.9097,0.619,0.0,0.619,20.062,50.9286,rain#4 2023-12-10,rain,qc
32/sublink_1,impl2_pycomlink,23,2.2192,0.4244,-1.7949,-0.8088,1.7949,2.396,1.0796,0.9412,0.619,0.0,0.619,9.7603,51.0421,rain#4 2023-12-10,rain,qc
34/sublink_1,impl2_pycomlink,23,2.2092,1.4514,-0.7578,-0.343,0.7937,0.98,0.4436,0.9518,0.6364,0.0,0.6364,33.3819,50.8111,rain#4 2023-12-10,rain,qc
38/sublink_1,impl2_pycomlink,23,2.2278,2.0244,-0.2034,-0.0913,0.7572,1.1369,0.5103,0.8744,0.6818,0.0,0.6818,46.5612,51.24,rain#4 2023-12-10,rain,qc
40/sublink_1,impl2_pycomlink,23,2.2296,1.5708,-0.6588,-0.2955,0.693,0.9264,0.4155,0.9427,0.7619,0.0,0.7619,36.1294,51.2818,rain#4 2023-12-10,rain,qc
55/sublink_1,impl2_pycomlink,23,2.1329,0.0075,-2.1254,-0.9965,2.1254,2.8012,1.3133,-0.0239,0.0455,0.0,0.0455,0.1732,49.0571,rain#4 2023-12-10,rain,qc
1/sublink_1,impl2_nearby,21,2.3952,2.3424,-0.0528,-0.022,1.1223,1.3695,0.5718,0.8146,0.9,0.0,0.9,49.1914,50.3,rain#4 2023-12-10,rain,qc
2/sublink_3,impl2_nearby,23,2.1485,0.1167,-2.0318,-0.9457,2.0318,2.7895,1.2984,0.2771,0.2857,0.0,0.2857,2.6836,49.4154,rain#4 2023-12-10,rain,qc
3/sublink_3,impl2_nearby,21,2.1725,1.6271,-0.5454,-0.251,0.5729,0.8955,0.4122,0.9439,1.0,0.0,1.0,34.1701,45.6231,rain#4 2023-12-10,rain,qc
4/sublink_1,impl2_nearby,21,2.3497,1.9797,-0.37,-0.1575,1.1335,1.4009,0.5962,0.7449,0.9474,0.1,0.8571,41.573,49.3429,rain#4 2023-12-10,rain,qc
6/sublink_2,impl2_nearby,0,,,,,,,,,,,,0.0,0.0,rain#4 2023-12-10,rain,qc
8/sublink_1,impl2_nearby,21,2.1705,1.5292,-0.6413,-0.2955,0.6823,1.0026,0.4619,0.9371,1.0,0.0,1.0,32.1123,45.58,rain#4 2023-12-10,rain,qc
11/sublink_2,impl2_nearby,20,2.065,0.2331,-1.8319,-0.8871,1.8388,2.449,1.1859,0.3671,0.5789,0.0833,0.55,4.6628,41.3,rain#4 2023-12-10,rain,qc
12/sublink_2,impl2_nearby,21,2.34,1.6618,-0.6782,-0.2898,0.7228,0.965,0.4124,0.9402,0.8421,0.0,0.8421,34.8986,49.14,rain#4 2023-12-10,rain,qc
13/sublink_2,impl2_nearby,21,2.1701,0.0079,-2.1622,-0.9964,2.1698,2.8642,1.3198,-0.2493,0.0,1.0,0.0,0.1649,45.5714,rain#4 2023-12-10,rain,qc
16/sublink_1,impl2_nearby,0,,,,,,,,,,,,0.0,0.0,rain#4 2023-12-10,rain,qc
17/sublink_2,impl2_nearby,9,1.6667,1.2755,-0.3912,-0.2347,0.7339,1.0232,0.6139,0.8468,0.875,0.0,0.875,11.4793,15.0,rain#4 2023-12-10,rain,qc
18/sublink_2,impl2_nearby,0,,,,,,,,,,,,0.0,0.0,rain#4 2023-12-10,rain,qc
19/sublink_2,impl2_nearby,21,2.3602,0.191,-2.1693,-0.9191,2.1756,2.8268,1.1977,0.5556,0.4211,0.0,0.4211,4.01,49.5647,rain#4 2023-12-10,rain,qc
20/sublink_2,impl2_nearby,21,2.37,1.6483,-0.7217,-0.3045,0.7481,1.0992,0.4638,0.9223,1.0,0.0,1.0,34.6137,49.769,rain#4 2023-12-10,rain,qc
22/sublink_1,impl2_nearby,12,2.0731,5.6917,3.6185,1.7454,3.6185,4.9032,2.3651,0.9092,1.0,0.0833,0.9167,68.3,24.8778,rain#4 2023-12-10,rain,qc
26/sublink_1,impl2_nearby,20,1.915,0.7316,-1.1834,-0.618,1.3651,1.9243,1.0049,0.6484,0.8947,0.0,0.8947,14.6313,38.3,rain#4 2023-12-10,rain,qc
27/sublink_1,impl2_nearby,23,2.2155,0.0003,-2.2152,-0.9999,2.2152,2.9026,1.3101,0.3116,0.0,,0.0,0.0072,50.9571,rain#4 2023-12-10,rain,qc
29/sublink_1,impl2_nearby,11,2.7182,15.9418,13.2236,4.8649,14.0564,15.57,5.7281,0.2214,1.0,0.0,1.0,175.3597,29.9,rain#4 2023-12-10,rain,qc
30/sublink_1,impl2_nearby,21,2.1833,0.5845,-1.5989,-0.7323,1.6414,2.1937,1.0047,0.8261,0.85,0.0556,0.8095,12.274,45.85,rain#4 2023-12-10,rain,qc
31/sublink_1,impl2_nearby,21,2.3966,0.9,-1.4966,-0.6244,1.4966,1.9108,0.7973,0.8636,0.6842,0.0,0.6842,18.9009,50.3286,rain#4 2023-12-10,rain,qc
32/sublink_1,impl2_nearby,21,2.4095,0.3215,-2.088,-0.8666,2.088,2.696,1.1189,0.911,0.6842,0.0,0.6842,6.7517,50.6,rain#4 2023-12-10,rain,qc
34/sublink_1,impl2_nearby,21,2.3958,1.5904,-0.8053,-0.3361,0.8768,1.0692,0.4463,0.936,0.7,0.0,0.7,33.3994,50.3111,rain#4 2023-12-10,rain,qc
38/sublink_1,impl2_nearby,21,2.4114,2.1659,-0.2456,-0.1018,0.6199,0.7772,0.3223,0.9364,0.9,0.0,0.9,45.483,50.64,rain#4 2023-12-10,rain,qc
40/sublink_1,impl2_nearby,21,2.4242,1.5234,-0.9008,-0.3716,1.0048,1.2253,0.5055,0.9037,0.75,0.0,0.75,31.9913,50.9091,rain#4 2023-12-10,rain,qc
55/sublink_1,impl2_nearby,21,2.3068,0.1258,-2.181,-0.9455,2.181,2.7726,1.2019,0.7503,0.45,0.0,0.45,2.6411,48.4429,rain#4 2023-12-10,rain,qc
3/sublink_3,impl1_dynamic,25,2.8523,2.5983,-0.254,-0.089,2.1062,3.8648,1.355,0.5539,0.4286,0.0,0.4286,64.958,71.3077,rain#2 2023-12-17,rain,shared8
8/sublink_1,impl1_dynamic,25,2.8336,2.6833,-0.1503,-0.0531,1.1916,1.8051,0.637,0.864,1.0,0.0455,0.9545,67.0815,70.84,rain#2 2023-12-17,rain,shared8
12/sublink_2,impl1_dynamic,25,2.732,2.6702,-0.0618,-0.0226,0.7406,1.2599,0.4612,0.9405,0.9524,0.0,0.9524,66.7539,68.3,rain#2 2023-12-17,rain,shared8
20/sublink_2,impl1_dynamic,25,2.7448,2.1126,-0.6322,-0.2303,1.2442,2.2566,0.8221,0.8225,0.7727,0.0,0.7727,52.816,68.6207,rain#2 2023-12-17,rain,shared8
31/sublink_1,impl1_dynamic,25,2.7286,1.9026,-0.826,-0.3027,1.395,2.4114,0.8838,0.8301,0.7619,0.0588,0.7273,47.5638,68.2143,rain#2 2023-12-17,rain,shared8
40/sublink_1,impl1_dynamic,25,2.7164,2.664,-0.0523,-0.0193,0.5561,0.7457,0.2745,0.9786,0.7143,0.0625,0.6818,66.6008,67.9091,rain#2 2023-12-17,rain,shared8
45/sublink_1,impl1_dynamic,25,2.7076,2.6771,-0.0305,-0.0113,0.7562,1.0612,0.3919,0.9557,0.7619,0.0,0.7619,66.9277,67.6909,rain#2 2023-12-17,rain,shared8
34/sublink_1,impl1_dynamic,25,2.6991,2.7018,0.0027,0.001,0.9661,1.4915,0.5526,0.9176,0.7619,0.0588,0.7273,67.5459,67.4778,rain#2 2023-12-17,rain,shared8
3/sublink_3,impl2_classical_dynamic,25,2.8523,4.084,1.2317,0.4318,2.4075,4.4761,1.5693,0.6726,0.619,0.0,0.619,102.0998,71.3077,rain#2 2023-12-17,rain,shared8
8/sublink_1,impl2_classical_dynamic,25,2.8336,2.6833,-0.1503,-0.0531,1.1916,1.8051,0.637,0.864,1.0,0.0455,0.9545,67.0815,70.84,rain#2 2023-12-17,rain,shared8
12/sublink_2,impl2_classical_dynamic,25,2.732,2.7575,0.0255,0.0093,0.678,1.141,0.4177,0.9499,0.9524,0.0,0.9524,68.9385,68.3,rain#2 2023-12-17,rain,shared8
20/sublink_2,impl2_classical_dynamic,25,2.7448,2.2102,-0.5347,-0.1948,1.1685,2.1675,0.7897,0.8374,0.8636,0.0,0.8636,55.2541,68.6207,rain#2 2023-12-17,rain,shared8
31/sublink_1,impl2_classical_dynamic,25,2.7286,2.0986,-0.6299,-0.2309,1.2152,2.0524,0.7522,0.8787,0.8095,0.0556,0.7727,52.4656,68.2143,rain#2 2023-12-17,rain,shared8
40/sublink_1,impl2_classical_dynamic,25,2.7164,2.6944,-0.022,-0.0081,0.563,0.7419,0.2731,0.9788,0.7143,0.0625,0.6818,67.3595,67.9091,rain#2 2023-12-17,rain,shared8
45/sublink_1,impl2_classical_dynamic,25,2.7076,2.7698,0.0621,0.0229,0.6731,0.9516,0.3515,0.9655,0.7619,0.0,0.7619,69.2444,67.6909,rain#2 2023-12-17,rain,shared8
34/sublink_1,impl2_classical_dynamic,25,2.6991,2.9078,0.2087,0.0773,0.7874,1.2379,0.4586,0.9444,0.8571,0.0526,0.8182,72.6955,67.4778,rain#2 2023-12-17,rain,shared8
3/sublink_3,impl2_classical_constant,25,2.8523,0.0,-2.8523,-1.0,2.8523,4.5136,1.5824,,0.0,,0.0,0.0,71.3077,rain#2 2023-12-17,rain,shared8
8/sublink_1,impl2_classical_constant,25,2.8336,1.9848,-0.8488,-0.2996,0.9247,1.5863,0.5598,0.9348,0.7143,0.0,0.7143,49.6189,70.84,rain#2 2023-12-17,rain,shared8
12/sublink_2,impl2_classical_constant,25,2.732,1.7528,-0.9792,-0.3584,1.0106,1.6551,0.6058,0.9362,0.619,0.0,0.619,43.8204,68.3,rain#2 2023-12-17,rain,shared8
20/sublink_2,impl2_classical_constant,25,2.7448,0.0,-2.7448,-1.0,2.7448,4.5466,1.6564,,0.0,,0.0,0.0,68.6207,rain#2 2023-12-17,rain,shared8
31/sublink_1,impl2_classical_constant,25,2.7286,0.0,-2.7286,-1.0,2.7286,4.6094,1.6893,,0.0,,0.0,0.0,68.2143,rain#2 2023-12-17,rain,shared8
40/sublink_1,impl2_classical_constant,25,2.7164,0.0,-2.7164,-1.0,2.7164,4.5208,1.6643,,0.0,,0.0,0.0,67.9091,rain#2 2023-12-17,rain,shared8
45/sublink_1,impl2_classical_constant,25,2.7076,2.5011,-0.2066,-0.0763,0.635,0.972,0.359,0.9716,0.6667,0.0,0.6667,62.5265,67.6909,rain#2 2023-12-17,rain,shared8
34/sublink_1,impl2_classical_constant,25,2.6991,0.0,-2.6991,-1.0,2.6991,4.5818,1.6975,,0.0,,0.0,0.0,67.4778,rain#2 2023-12-17,rain,shared8
3/sublink_3,impl2_pycomlink,25,2.8523,0.0,-2.8523,-1.0,2.8523,4.5136,1.5824,,0.0,,0.0,0.0,71.3077,rain#2 2023-12-17,rain,shared8
8/sublink_1,impl2_pycomlink,25,2.8336,2.2131,-0.6205,-0.219,0.7808,1.5117,0.5335,0.9437,1.0,0.0455,0.9545,55.3265,70.84,rain#2 2023-12-17,rain,shared8
12/sublink_2,impl2_pycomlink,25,2.732,1.8936,-0.8384,-0.3069,0.8609,1.4849,0.5435,0.9564,0.7143,0.0,0.7143,47.3403,68.3,rain#2 2023-12-17,rain,shared8
20/sublink_2,impl2_pycomlink,25,2.7448,0.0,-2.7448,-1.0,2.7448,4.5466,1.6564,,0.0,,0.0,0.0,68.6207,rain#2 2023-12-17,rain,shared8
31/sublink_1,impl2_pycomlink,25,2.7286,0.0,-2.7286,-1.0,2.7286,4.6094,1.6893,,0.0,,0.0,0.0,68.2143,rain#2 2023-12-17,rain,shared8
40/sublink_1,impl2_pycomlink,25,2.7164,0.0,-2.7164,-1.0,2.7164,4.5208,1.6643,,0.0,,0.0,0.0,67.9091,rain#2 2023-12-17,rain,shared8
45/sublink_1,impl2_pycomlink,25,2.7076,2.2103,-0.4973,-0.1837,0.568,0.9431,0.3483,0.9774,0.7619,0.0,0.7619,55.258,67.6909,rain#2 2023-12-17,rain,shared8
34/sublink_1,impl2_pycomlink,25,2.6991,0.0,-2.6991,-1.0,2.6991,4.5818,1.6975,,0.0,,0.0,0.0,67.4778,rain#2 2023-12-17,rain,shared8
3/sublink_3,impl2_nearby,3,0.2641,0.0,-0.2641,-1.0,0.2641,0.3481,1.3182,,0.0,,0.0,0.0,0.7923,rain#2 2023-12-17,rain,shared8
8/sublink_1,impl2_nearby,3,0.2844,0.0,-0.2844,-1.0,0.2844,0.365,1.2832,,0.0,,0.0,0.0,0.8533,rain#2 2023-12-17,rain,shared8
12/sublink_2,impl2_nearby,3,0.1,0.0,-0.1,-1.0,0.1,0.1732,1.7321,,0.0,,0.0,0.0,0.3,rain#2 2023-12-17,rain,shared8
20/sublink_2,impl2_nearby,3,0.1966,0.0,-0.1966,-1.0,0.1966,0.2596,1.3207,,0.0,,0.0,0.0,0.5897,rain#2 2023-12-17,rain,shared8
31/sublink_1,impl2_nearby,3,0.2333,0.0,-0.2333,-1.0,0.2333,0.2887,1.2372,,0.0,,0.0,0.0,0.7,rain#2 2023-12-17,rain,shared8
40/sublink_1,impl2_nearby,3,0.3424,0.0,-0.3424,-1.0,0.3424,0.4295,1.2544,,0.0,,0.0,0.0,1.0273,rain#2 2023-12-17,rain,shared8
45/sublink_1,impl2_nearby,3,0.3424,0.0,-0.3424,-1.0,0.3424,0.4295,1.2544,,0.0,,0.0,0.0,1.0273,rain#2 2023-12-17,rain,shared8
34/sublink_1,impl2_nearby,3,0.2148,0.0,-0.2148,-1.0,0.2148,0.2814,1.3099,,0.0,,0.0,0.0,0.6444,rain#2 2023-12-17,rain,shared8
3/sublink_3,impl1_dynamic,25,2.8523,2.5983,-0.254,-0.089,2.1062,3.8648,1.355,0.5539,0.4286,0.0,0.4286,64.958,71.3077,rain#2 2023-12-17,rain,selected
8/sublink_1,impl1_dynamic,25,2.8336,2.6833,-0.1503,-0.0531,1.1916,1.8051,0.637,0.864,1.0,0.0455,0.9545,67.0815,70.84,rain#2 2023-12-17,rain,selected
12/sublink_2,impl1_dynamic,25,2.732,2.6702,-0.0618,-0.0226,0.7406,1.2599,0.4612,0.9405,0.9524,0.0,0.9524,66.7539,68.3,rain#2 2023-12-17,rain,selected
20/sublink_2,impl1_dynamic,25,2.7448,2.1126,-0.6322,-0.2303,1.2442,2.2566,0.8221,0.8225,0.7727,0.0,0.7727,52.816,68.6207,rain#2 2023-12-17,rain,selected
31/sublink_1,impl1_dynamic,25,2.7286,1.9026,-0.826,-0.3027,1.395,2.4114,0.8838,0.8301,0.7619,0.0588,0.7273,47.5638,68.2143,rain#2 2023-12-17,rain,selected
34/sublink_1,impl1_dynamic,25,2.6991,2.7018,0.0027,0.001,0.9661,1.4915,0.5526,0.9176,0.7619,0.0588,0.7273,67.5459,67.4778,rain#2 2023-12-17,rain,selected
40/sublink_1,impl1_dynamic,25,2.7164,2.664,-0.0523,-0.0193,0.5561,0.7457,0.2745,0.9786,0.7143,0.0625,0.6818,66.6008,67.9091,rain#2 2023-12-17,rain,selected
3/sublink_3,impl2_classical_dynamic,25,2.8523,4.084,1.2317,0.4318,2.4075,4.4761,1.5693,0.6726,0.619,0.0,0.619,102.0998,71.3077,rain#2 2023-12-17,rain,selected
8/sublink_1,impl2_classical_dynamic,25,2.8336,2.6833,-0.1503,-0.0531,1.1916,1.8051,0.637,0.864,1.0,0.0455,0.9545,67.0815,70.84,rain#2 2023-12-17,rain,selected
12/sublink_2,impl2_classical_dynamic,25,2.732,2.7575,0.0255,0.0093,0.678,1.141,0.4177,0.9499,0.9524,0.0,0.9524,68.9385,68.3,rain#2 2023-12-17,rain,selected
20/sublink_2,impl2_classical_dynamic,25,2.7448,2.2102,-0.5347,-0.1948,1.1685,2.1675,0.7897,0.8374,0.8636,0.0,0.8636,55.2541,68.6207,rain#2 2023-12-17,rain,selected
31/sublink_1,impl2_classical_dynamic,25,2.7286,2.0986,-0.6299,-0.2309,1.2152,2.0524,0.7522,0.8787,0.8095,0.0556,0.7727,52.4656,68.2143,rain#2 2023-12-17,rain,selected
34/sublink_1,impl2_classical_dynamic,25,2.6991,2.9078,0.2087,0.0773,0.7874,1.2379,0.4586,0.9444,0.8571,0.0526,0.8182,72.6955,67.4778,rain#2 2023-12-17,rain,selected
40/sublink_1,impl2_classical_dynamic,25,2.7164,2.6944,-0.022,-0.0081,0.563,0.7419,0.2731,0.9788,0.7143,0.0625,0.6818,67.3595,67.9091,rain#2 2023-12-17,rain,selected
3/sublink_3,impl2_classical_constant,25,2.8523,0.0,-2.8523,-1.0,2.8523,4.5136,1.5824,,0.0,,0.0,0.0,71.3077,rain#2 2023-12-17,rain,selected
8/sublink_1,impl2_classical_constant,25,2.8336,1.9848,-0.8488,-0.2996,0.9247,1.5863,0.5598,0.9348,0.7143,0.0,0.7143,49.6189,70.84,rain#2 2023-12-17,rain,selected
12/sublink_2,impl2_classical_constant,25,2.732,1.7528,-0.9792,-0.3584,1.0106,1.6551,0.6058,0.9362,0.619,0.0,0.619,43.8204,68.3,rain#2 2023-12-17,rain,selected
20/sublink_2,impl2_classical_constant,25,2.7448,0.0,-2.7448,-1.0,2.7448,4.5466,1.6564,,0.0,,0.0,0.0,68.6207,rain#2 2023-12-17,rain,selected
31/sublink_1,impl2_classical_constant,25,2.7286,0.0,-2.7286,-1.0,2.7286,4.6094,1.6893,,0.0,,0.0,0.0,68.2143,rain#2 2023-12-17,rain,selected
34/sublink_1,impl2_classical_constant,25,2.6991,0.0,-2.6991,-1.0,2.6991,4.5818,1.6975,,0.0,,0.0,0.0,67.4778,rain#2 2023-12-17,rain,selected
40/sublink_1,impl2_classical_constant,25,2.7164,0.0,-2.7164,-1.0,2.7164,4.5208,1.6643,,0.0,,0.0,0.0,67.9091,rain#2 2023-12-17,rain,selected
3/sublink_3,impl2_pycomlink,25,2.8523,0.0,-2.8523,-1.0,2.8523,4.5136,1.5824,,0.0,,0.0,0.0,71.3077,rain#2 2023-12-17,rain,selected
8/sublink_1,impl2_pycomlink,25,2.8336,2.2131,-0.6205,-0.219,0.7808,1.5117,0.5335,0.9437,1.0,0.0455,0.9545,55.3265,70.84,rain#2 2023-12-17,rain,selected
12/sublink_2,impl2_pycomlink,25,2.732,1.8936,-0.8384,-0.3069,0.8609,1.4849,0.5435,0.9564,0.7143,0.0,0.7143,47.3403,68.3,rain#2 2023-12-17,rain,selected
20/sublink_2,impl2_pycomlink,25,2.7448,0.0,-2.7448,-1.0,2.7448,4.5466,1.6564,,0.0,,0.0,0.0,68.6207,rain#2 2023-12-17,rain,selected
31/sublink_1,impl2_pycomlink,25,2.7286,0.0,-2.7286,-1.0,2.7286,4.6094,1.6893,,0.0,,0.0,0.0,68.2143,rain#2 2023-12-17,rain,selected
34/sublink_1,impl2_pycomlink,25,2.6991,0.0,-2.6991,-1.0,2.6991,4.5818,1.6975,,0.0,,0.0,0.0,67.4778,rain#2 2023-12-17,rain,selected
40/sublink_1,impl2_pycomlink,25,2.7164,0.0,-2.7164,-1.0,2.7164,4.5208,1.6643,,0.0,,0.0,0.0,67.9091,rain#2 2023-12-17,rain,selected
3/sublink_3,impl2_nearby,3,0.2641,0.0,-0.2641,-1.0,0.2641,0.3481,1.3182,,0.0,,0.0,0.0,0.7923,rain#2 2023-12-17,rain,selected
8/sublink_1,impl2_nearby,3,0.2844,0.0,-0.2844,-1.0,0.2844,0.365,1.2832,,0.0,,0.0,0.0,0.8533,rain#2 2023-12-17,rain,selected
12/sublink_2,impl2_nearby,3,0.1,0.0,-0.1,-1.0,0.1,0.1732,1.7321,,0.0,,0.0,0.0,0.3,rain#2 2023-12-17,rain,selected
20/sublink_2,impl2_nearby,3,0.1966,0.0,-0.1966,-1.0,0.1966,0.2596,1.3207,,0.0,,0.0,0.0,0.5897,rain#2 2023-12-17,rain,selected
31/sublink_1,impl2_nearby,3,0.2333,0.0,-0.2333,-1.0,0.2333,0.2887,1.2372,,0.0,,0.0,0.0,0.7,rain#2 2023-12-17,rain,selected
34/sublink_1,impl2_nearby,3,0.2148,0.0,-0.2148,-1.0,0.2148,0.2814,1.3099,,0.0,,0.0,0.0,0.6444,rain#2 2023-12-17,rain,selected
40/sublink_1,impl2_nearby,3,0.3424,0.0,-0.3424,-1.0,0.3424,0.4295,1.2544,,0.0,,0.0,0.0,1.0273,rain#2 2023-12-17,rain,selected
1/sublink_1,impl1_dynamic,25,2.6744,4.112,1.4376,0.5375,1.6809,2.7226,1.018,0.9587,1.0,0.0455,0.9545,102.7998,66.86,rain#2 2023-12-17,rain,qc
2/sublink_3,impl1_dynamic,25,2.7554,2.3401,-0.4153,-0.1507,2.054,2.9003,1.0526,0.6003,1.0,0.1667,0.8333,58.5024,68.8846,rain#2 2023-12-17,rain,qc
8/sublink_1,impl1_dynamic,25,2.8336,2.6833,-0.1503,-0.0531,1.1916,1.8051,0.637,0.864,1.0,0.0455,0.9545,67.0815,70.84,rain#2 2023-12-17,rain,qc
11/sublink_2,impl1_dynamic,25,2.9578,2.4384,-0.5194,-0.1756,1.9701,3.0159,1.0196,0.5175,1.0,0.12,0.88,60.9606,73.9444,rain#2 2023-12-17,rain,qc
12/sublink_2,impl1_dynamic,25,2.732,2.6702,-0.0618,-0.0226,0.7406,1.2599,0.4612,0.9405,0.9524,0.0,0.9524,66.7539,68.3,rain#2 2023-12-17,rain,qc
13/sublink_2,impl1_dynamic,25,2.8937,0.8711,-2.0226,-0.699,2.4995,3.7956,1.3117,0.2989,1.0,0.0455,0.9545,21.7786,72.3429,rain#2 2023-12-17,rain,qc
16/sublink_1,impl1_dynamic,25,2.904,11.6647,8.7607,3.0168,8.7607,9.1578,3.1535,0.7242,1.0,0.16,0.84,291.6163,72.6,rain#2 2023-12-17,rain,qc
19/sublink_2,impl1_dynamic,25,2.7334,1.4595,-1.2739,-0.466,1.5923,2.1271,0.7782,0.9171,0.4762,0.2308,0.4167,36.4879,68.3353,rain#2 2023-12-17,rain,qc
22/sublink_1,impl1_dynamic,25,2.9578,7.8807,4.923,1.6644,5.0479,6.3754,2.1555,0.7186,1.0,0.0833,0.9167,197.0186,73.9445,rain#2 2023-12-17,rain,qc
27/sublink_1,impl1_dynamic,25,2.6086,0.1009,-2.5076,-0.9613,2.5451,4.2556,1.6314,0.7209,0.2857,0.1429,0.2727,2.5234,65.2143,rain#2 2023-12-17,rain,qc
29/sublink_1,impl1_dynamic,25,2.76,8.6882,5.9282,2.1479,5.9282,9.0156,3.2665,0.9157,1.0,0.125,0.875,217.2048,69.0,rain#2 2023-12-17,rain,qc
30/sublink_1,impl1_dynamic,25,2.896,5.2143,2.3183,0.8005,2.9055,3.1681,1.094,0.7823,1.0,0.16,0.84,130.3569,72.4,rain#2 2023-12-17,rain,qc
1/sublink_1,impl2_classical_dynamic,25,2.6744,4.1694,1.495,0.559,1.7383,2.8141,1.0522,0.9629,1.0,0.0455,0.9545,104.2355,66.86,rain#2 2023-12-17,rain,qc
2/sublink_3,impl2_classical_dynamic,25,2.7554,2.3401,-0.4153,-0.1507,2.054,2.9003,1.0526,0.6003,1.0,0.1667,0.8333,58.5024,68.8846,rain#2 2023-12-17,rain,qc
8/sublink_1,impl2_classical_dynamic,25,2.8336,2.6833,-0.1503,-0.0531,1.1916,1.8051,0.637,0.864,1.0,0.0455,0.9545,67.0815,70.84,rain#2 2023-12-17,rain,qc
11/sublink_2,impl2_classical_dynamic,25,2.9578,2.4384,-0.5194,-0.1756,1.9701,3.0159,1.0196,0.5175,1.0,0.12,0.88,60.9606,73.9444,rain#2 2023-12-17,rain,qc
12/sublink_2,impl2_classical_dynamic,25,2.732,2.7575,0.0255,0.0093,0.678,1.141,0.4177,0.9499,0.9524,0.0,0.9524,68.9385,68.3,rain#2 2023-12-17,rain,qc
13/sublink_2,impl2_classical_dynamic,25,2.8937,0.8711,-2.0226,-0.699,2.4995,3.7956,1.3117,0.2989,1.0,0.0455,0.9545,21.7786,72.3429,rain#2 2023-12-17,rain,qc
16/sublink_1,impl2_classical_dynamic,25,2.904,11.7499,8.8459,3.0461,8.8459,9.2598,3.1886,0.7302,1.0,0.16,0.84,293.7476,72.6,rain#2 2023-12-17,rain,qc
19/sublink_2,impl2_classical_dynamic,25,2.7334,1.4595,-1.2739,-0.466,1.5923,2.1271,0.7782,0.9171,0.4762,0.2308,0.4167,36.4879,68.3353,rain#2 2023-12-17,rain,qc
22/sublink_1,impl2_classical_dynamic,25,2.9578,7.9291,4.9713,1.6808,5.0711,6.4154,2.169,0.7273,1.0,0.0833,0.9167,198.2275,73.9445,rain#2 2023-12-17,rain,qc
27/sublink_1,impl2_classical_dynamic,25,2.6086,0.1619,-2.4467,-0.9379,2.4842,4.116,1.5779,0.8245,0.3333,0.125,0.3182,4.0471,65.2143,rain#2 2023-12-17,rain,qc
29/sublink_1,impl2_classical_dynamic,25,2.76,8.9767,6.2167,2.2524,6.2167,9.6106,3.4821,0.9292,1.0,0.125,0.875,224.4169,69.0,rain#2 2023-12-17,rain,qc
30/sublink_1,impl2_classical_dynamic,25,2.896,5.3201,2.4241,0.8371,3.0114,3.3108,1.1432,0.7767,1.0,0.16,0.84,133.0028,72.4,rain#2 2023-12-17,rain,qc
1/sublink_1,impl2_classical_constant,25,2.6744,3.589,0.9146,0.342,1.5386,3.0258,1.1314,0.9718,0.6667,0.0,0.6667,89.7245,66.86,rain#2 2023-12-17,rain,qc
2/sublink_3,impl2_classical_constant,25,2.7554,0.1745,-2.5809,-0.9367,2.5809,4.1377,1.5017,0.7096,0.2,0.0,0.2,4.3615,68.8846,rain#2 2023-12-17,rain,qc
8/sublink_1,impl2_classical_constant,25,2.8336,1.9848,-0.8488,-0.2996,0.9247,1.5863,0.5598,0.9348,0.7143,0.0,0.7143,49.6189,70.84,rain#2 2023-12-17,rain,qc
11/sublink_2,impl2_classical_constant,25,2.9578,0.7864,-2.1714,-0.7341,2.1865,3.5446,1.1984,0.6564,0.8636,0.05,0.8261,19.6604,73.9444,rain#2 2023-12-17,rain,qc
12/sublink_2,impl2_classical_constant,25,2.732,1.7528,-0.9792,-0.3584,1.0106,1.6551,0.6058,0.9362,0.619,0.0,0.619,43.8204,68.3,rain#2 2023-12-17,rain,qc
13/sublink_2,impl2_classical_constant,25,2.8937,0.0,-2.8937,-1.0,2.8937,4.4368,1.5332,,0.0,,0.0,0.0,72.3429,rain#2 2023-12-17,rain,qc
16/sublink_1,impl2_classical_constant,25,2.904,0.1016,-2.8024,-0.965,2.8024,4.2883,1.4767,0.5404,0.0952,0.0,0.0952,2.5389,72.6,rain#2 2023-12-17,rain,qc
19/sublink_2,impl2_classical_constant,25,2.7334,0.698,-2.0354,-0.7446,2.0354,3.0989,1.1337,0.85,0.2857,0.0,0.2857,17.451,68.3353,rain#2 2023-12-17,rain,qc
22/sublink_1,impl2_classical_constant,25,2.9578,13.5193,10.5615,3.5708,10.8442,13.7368,4.6443,0.9174,0.9091,0.0909,0.8333,337.9818,73.9445,rain#2 2023-12-17,rain,qc
27/sublink_1,impl2_classical_constant,25,2.6086,0.0414,-2.5672,-0.9841,2.5672,4.2811,1.6412,0.6962,0.1429,0.0,0.1429,1.0352,65.2143,rain#2 2023-12-17,rain,qc
29/sublink_1,impl2_classical_constant,25,2.76,3.4241,0.6641,0.2406,2.1554,3.5786,1.2966,0.9477,0.5238,0.0,0.5238,85.6019,69.0,rain#2 2023-12-17,rain,qc
30/sublink_1,impl2_classical_constant,25,2.896,1.1594,-1.7366,-0.5997,1.7409,2.505,0.865,0.8661,0.5238,0.0,0.5238,28.9842,72.4,rain#2 2023-12-17,rain,qc
1/sublink_1,impl2_pycomlink,25,2.6744,3.2098,0.5354,0.2002,1.0187,2.1031,0.7864,0.9719,0.9048,0.0,0.9048,80.2438,66.86,rain#2 2023-12-17,rain,qc
2/sublink_3,impl2_pycomlink,25,2.7554,0.3205,-2.4349,-0.8837,2.4457,3.8999,1.4154,0.8053,0.5,0.0909,0.4762,8.0118,68.8846,rain#2 2023-12-17,rain,qc
8/sublink_1,impl2_pycomlink,25,2.8336,2.2131,-0.6205,-0.219,0.7808,1.5117,0.5335,0.9437,1.0,0.0455,0.9545,55.3265,70.84,rain#2 2023-12-17,rain,qc
11/sublink_2,impl2_pycomlink,25,2.9578,0.1716,-2.7861,-0.942,2.7861,4.2995,1.4536,0.3725,0.1364,0.0,0.1364,4.291,73.9444,rain#2 2023-12-17,rain,qc
12/sublink_2,impl2_pycomlink,25,2.732,1.8936,-0.8384,-0.3069,0.8609,1.4849,0.5435,0.9564,0.7143,0.0,0.7143,47.3403,68.3,rain#2 2023-12-17,rain,qc
13/sublink_2,impl2_pycomlink,25,2.8937,0.1139,-2.7798,-0.9606,2.8572,4.369,1.5098,0.0176,0.1905,0.0,0.1905,2.8487,72.3429,rain#2 2023-12-17,rain,qc
16/sublink_1,impl2_pycomlink,25,2.904,0.7209,-2.1831,-0.7518,2.5759,3.6114,1.2436,0.5872,0.5238,0.2143,0.4583,18.0217,72.6,rain#2 2023-12-17,rain,qc
19/sublink_2,impl2_pycomlink,25,2.7334,0.8217,-1.9118,-0.6994,2.0206,3.0485,1.1153,0.8623,0.4286,0.1818,0.3913,20.5415,68.3353,rain#2 2023-12-17,rain,qc
22/sublink_1,impl2_pycomlink,25,2.9578,10.783,7.8252,2.6456,7.8252,9.8485,3.3297,0.9559,1.0,0.0833,0.9167,269.5746,73.9445,rain#2 2023-12-17,rain,qc
27/sublink_1,impl2_pycomlink,25,2.6086,0.04,-2.5686,-0.9847,2.5686,4.2846,1.6425,0.708,0.1429,0.0,0.1429,0.999,65.2143,rain#2 2023-12-17,rain,qc
29/sublink_1,impl2_pycomlink,25,2.76,3.1029,0.3429,0.1242,1.4588,2.3403,0.848,0.9507,0.619,0.0,0.619,77.5732,69.0,rain#2 2023-12-17,rain,qc
30/sublink_1,impl2_pycomlink,25,2.896,1.1643,-1.7317,-0.598,1.7319,2.4933,0.861,0.8849,0.5714,0.0,0.5714,29.1081,72.4,rain#2 2023-12-17,rain,qc
1/sublink_1,impl2_nearby,15,2.8013,4.0051,1.2038,0.4297,1.4405,2.9483,1.0525,0.9866,0.9167,0.0,0.9167,60.0772,42.02,rain#2 2023-12-17,rain,qc
2/sublink_3,impl2_nearby,25,2.7554,0.5644,-2.191,-0.7952,2.2168,3.5763,1.2979,0.7811,0.7,0.0667,0.6667,14.1093,68.8846,rain#2 2023-12-17,rain,qc
8/sublink_1,impl2_nearby,23,2.9128,1.495,-1.4178,-0.4867,1.4322,2.8607,0.9821,0.784,0.9474,0.0526,0.9,34.3847,66.9933,rain#2 2023-12-17,rain,qc
11/sublink_2,impl2_nearby,17,3.2013,0.3919,-2.8094,-0.8776,2.8181,4.4242,1.382,0.9081,0.7857,0.0,0.7857,6.6624,54.4222,rain#2 2023-12-17,rain,qc
12/sublink_2,impl2_nearby,25,2.732,1.4948,-1.2372,-0.4528,1.2372,2.5438,0.9311,0.828,0.7619,0.0,0.7619,37.3709,68.3,rain#2 2023-12-17,rain,qc
13/sublink_2,impl2_nearby,25,2.8937,0.7744,-2.1194,-0.7324,2.133,3.4531,1.1933,0.6857,0.7143,0.0625,0.6818,19.3591,72.3429,rain#2 2023-12-17,rain,qc
16/sublink_1,impl2_nearby,0,,,,,,,,,,,,0.0,0.0,rain#2 2023-12-17,rain,qc
19/sublink_2,impl2_nearby,25,2.7334,0.7713,-1.9621,-0.7178,1.9621,3.0961,1.1327,0.8776,0.381,0.0,0.381,19.2824,68.3353,rain#2 2023-12-17,rain,qc
22/sublink_1,impl2_nearby,10,0.5633,4.5298,3.9665,7.041,3.9665,5.2176,9.2621,0.8204,1.0,0.2222,0.7778,45.2979,5.6333,rain#2 2023-12-17,rain,qc
27/sublink_1,impl2_nearby,25,2.6086,0.0152,-2.5934,-0.9942,2.6238,4.3767,1.6778,-0.1515,0.0,1.0,0.0,0.3801,65.2143,rain#2 2023-12-17,rain,qc
29/sublink_1,impl2_nearby,0,,,,,,,,,,,,0.0,0.0,rain#2 2023-12-17,rain,qc
30/sublink_1,impl2_nearby,25,2.896,0.8777,-2.0183,-0.6969,2.0183,2.9994,1.0357,0.909,0.619,0.0,0.619,21.943,72.4,rain#2 2023-12-17,rain,qc
3/sublink_3,impl1_dynamic,23,0.6816,3.5494,2.8678,4.2074,3.0271,5.5993,8.2149,0.4774,0.8667,0.1875,0.7222,81.6364,15.6769,mix#1 2024-01-06,mix,shared8
8/sublink_1,impl1_dynamic,23,0.6823,2.3715,1.6892,2.4756,2.0474,3.757,5.5062,0.4397,0.8,0.0769,0.75,54.5438,15.6933,mix#1 2024-01-06,mix,shared8
12/sublink_2,impl1_dynamic,23,0.8522,1.0601,0.2079,0.244,0.8114,1.2294,1.4427,0.4758,0.8125,0.2353,0.65,24.3819,19.6,mix#1 2024-01-06,mix,shared8
20/sublink_2,impl1_dynamic,23,0.8247,1.4846,0.6599,0.8001,1.0851,1.8443,2.2362,0.437,0.875,0.2222,0.7,34.1466,18.969,mix#1 2024-01-06,mix,shared8
31/sublink_1,impl1_dynamic,23,0.8248,1.428,0.6032,0.7312,0.895,1.508,1.8283,0.6557,0.75,0.2941,0.5714,32.8439,18.9714,mix#1 2024-01-06,mix,shared8
40/sublink_1,impl1_dynamic,23,0.7885,1.0869,0.2984,0.3784,0.7,1.0189,1.2921,0.5759,0.75,0.3333,0.5455,24.9985,18.1364,mix#1 2024-01-06,mix,shared8
45/sublink_1,impl1_dynamic,23,0.7862,0.5502,-0.236,-0.3002,0.3523,0.5955,0.7574,0.8107,0.75,0.0769,0.7059,12.6539,18.0818,mix#1 2024-01-06,mix,shared8
34/sublink_1,impl1_dynamic,23,0.8164,1.5315,0.715,0.8758,0.942,1.2595,1.5427,0.7822,0.875,0.3,0.6364,35.2236,18.7778,mix#1 2024-01-06,mix,shared8
3/sublink_3,impl2_classical_dynamic,23,0.6816,3.8832,3.2016,4.6971,3.3551,6.306,9.2517,0.4708,0.8667,0.1875,0.7222,89.3132,15.6769,mix#1 2024-01-06,mix,shared8
8/sublink_1,impl2_classical_dynamic,23,0.6823,2.7639,2.0815,3.0507,2.4301,4.5465,6.6634,0.4431,0.8,0.0769,0.75,63.5688,15.6933,mix#1 2024-01-06,mix,shared8
12/sublink_2,impl2_classical_dynamic,23,0.8522,1.0601,0.2079,0.244,0.8114,1.2294,1.4427,0.4758,0.8125,0.2353,0.65,24.3819,19.6,mix#1 2024-01-06,mix,shared8
20/sublink_2,impl2_classical_dynamic,23,0.8247,1.4846,0.6599,0.8001,1.0851,1.8443,2.2362,0.437,0.875,0.2222,0.7,34.1466,18.969,mix#1 2024-01-06,mix,shared8
31/sublink_1,impl2_classical_dynamic,23,0.8248,1.428,0.6032,0.7312,0.895,1.508,1.8283,0.6557,0.75,0.2941,0.5714,32.8439,18.9714,mix#1 2024-01-06,mix,shared8
40/sublink_1,impl2_classical_dynamic,23,0.7885,1.0869,0.2984,0.3784,0.7,1.0189,1.2921,0.5759,0.75,0.3333,0.5455,24.9985,18.1364,mix#1 2024-01-06,mix,shared8
45/sublink_1,impl2_classical_dynamic,23,0.7862,0.5502,-0.236,-0.3002,0.3523,0.5955,0.7574,0.8107,0.75,0.0769,0.7059,12.6539,18.0818,mix#1 2024-01-06,mix,shared8
34/sublink_1,impl2_classical_dynamic,23,0.8164,1.5315,0.715,0.8758,0.942,1.2595,1.5427,0.7822,0.875,0.3,0.6364,35.2236,18.7778,mix#1 2024-01-06,mix,shared8
3/sublink_3,impl2_classical_constant,23,0.6816,2.9818,2.3001,3.3746,2.8546,5.5166,8.0935,0.4336,0.6,0.0,0.6,68.5803,15.6769,mix#1 2024-01-06,mix,shared8
8/sublink_1,impl2_classical_constant,23,0.6823,2.2506,1.5682,2.2984,2.1318,4.0017,5.8649,0.442,0.6,0.0,0.6,51.7627,15.6933,mix#1 2024-01-06,mix,shared8
12/sublink_2,impl2_classical_constant,23,0.8522,0.6694,-0.1828,-0.2145,0.4956,0.7107,0.834,0.7947,0.625,0.0,0.625,15.3966,19.6,mix#1 2024-01-06,mix,shared8
20/sublink_2,impl2_classical_constant,23,0.8247,1.5116,0.6868,0.8328,1.0638,1.8011,2.1839,0.6787,0.6875,0.2143,0.5789,34.7657,18.969,mix#1 2024-01-06,mix,shared8
31/sublink_1,impl2_classical_constant,23,0.8248,0.4232,-0.4016,-0.4869,0.6818,1.0,1.2124,0.5071,0.4375,0.0,0.4375,9.7339,18.9714,mix#1 2024-01-06,mix,shared8
40/sublink_1,impl2_classical_constant,23,0.7885,0.4719,-0.3167,-0.4016,0.4167,0.637,0.8079,0.8097,0.5,0.0,0.5,10.853,18.1364,mix#1 2024-01-06,mix,shared8
45/sublink_1,impl2_classical_constant,23,0.7862,0.1804,-0.6058,-0.7705,0.6058,0.8991,1.1436,0.8078,0.3125,0.0,0.3125,4.1493,18.0818,mix#1 2024-01-06,mix,shared8
34/sublink_1,impl2_classical_constant,23,0.8164,0.5076,-0.3088,-0.3783,0.5075,0.7342,0.8993,0.8089,0.4375,0.125,0.4118,11.6745,18.7778,mix#1 2024-01-06,mix,shared8
3/sublink_3,impl2_pycomlink,23,0.6816,2.8658,2.1842,3.2044,2.5303,4.9795,7.3055,0.4711,0.7333,0.0,0.7333,65.9126,15.6769,mix#1 2024-01-06,mix,shared8
8/sublink_1,impl2_pycomlink,23,0.6823,2.3242,1.6419,2.4064,1.9887,3.7881,5.5517,0.5035,0.6667,0.0,0.6667,53.4574,15.6933,mix#1 2024-01-06,mix,shared8
12/sublink_2,impl2_pycomlink,23,0.8522,0.9201,0.0679,0.0797,0.4381,0.6761,0.7933,0.8363,0.875,0.0,0.875,21.1616,19.6,mix#1 2024-01-06,mix,shared8
20/sublink_2,impl2_pycomlink,23,0.8247,1.3204,0.4956,0.601,0.7097,1.3628,1.6525,0.7348,0.875,0.0667,0.8235,30.3688,18.969,mix#1 2024-01-06,mix,shared8
31/sublink_1,impl2_pycomlink,23,0.8248,0.651,-0.1739,-0.2108,0.5907,0.8788,1.0654,0.6364,0.625,0.0,0.625,14.9726,18.9714,mix#1 2024-01-06,mix,shared8
40/sublink_1,impl2_pycomlink,23,0.7885,0.7343,-0.0542,-0.0688,0.4241,0.5512,0.699,0.834,0.6875,0.1538,0.6111,16.889,18.1364,mix#1 2024-01-06,mix,shared8
45/sublink_1,impl2_pycomlink,23,0.7862,0.3302,-0.4559,-0.5799,0.4571,0.6758,0.8596,0.9114,0.5625,0.0,0.5625,7.5955,18.0818,mix#1 2024-01-06,mix,shared8
34/sublink_1,impl2_pycomlink,23,0.8164,0.2582,-0.5582,-0.6837,0.5605,0.8246,1.01,0.803,0.375,0.0,0.375,5.9386,18.7778,mix#1 2024-01-06,mix,shared8
3/sublink_3,impl2_nearby,22,0.6976,0.7971,0.0996,0.1428,0.7603,1.2702,1.8209,0.4104,0.6429,0.0,0.6429,17.5371,15.3462,mix#1 2024-01-06,mix,shared8
8/sublink_1,impl2_nearby,22,0.6988,0.63,-0.0688,-0.0985,0.6459,1.0374,1.4846,0.4021,0.6429,0.0,0.6429,13.8593,15.3733,mix#1 2024-01-06,mix,shared8
12/sublink_2,impl2_nearby,22,0.8718,0.6829,-0.1889,-0.2167,0.4294,0.6691,0.7675,0.7884,0.8,0.25,0.6316,15.0239,19.18,mix#1 2024-01-06,mix,shared8
20/sublink_2,impl2_nearby,22,0.8445,1.4724,0.6279,0.7435,0.7855,1.2803,1.516,0.7065,0.9333,0.3333,0.6364,32.3934,18.5793,mix#1 2024-01-06,mix,shared8
31/sublink_1,impl2_nearby,23,0.8248,0.4436,-0.3813,-0.4622,0.6066,0.9551,1.1579,0.5147,0.75,0.2,0.6316,10.2019,18.9714,mix#1 2024-01-06,mix,shared8
40/sublink_1,impl2_nearby,22,0.8062,0.5393,-0.2669,-0.331,0.357,0.5651,0.7009,0.8733,0.7333,0.2667,0.5789,11.8649,17.7364,mix#1 2024-01-06,mix,shared8
45/sublink_1,impl2_nearby,23,0.7862,0.3279,-0.4583,-0.583,0.4746,0.7276,0.9255,0.8792,0.625,0.0,0.625,7.541,18.0818,mix#1 2024-01-06,mix,shared8
34/sublink_1,impl2_nearby,23,0.8164,0.5165,-0.2999,-0.3674,0.4334,0.6562,0.8037,0.8063,0.6875,0.3529,0.5,11.8793,18.7778,mix#1 2024-01-06,mix,shared8
3/sublink_3,impl1_dynamic,23,0.6816,3.5494,2.8678,4.2074,3.0271,5.5993,8.2149,0.4774,0.8667,0.1875,0.7222,81.6364,15.6769,mix#1 2024-01-06,mix,selected
8/sublink_1,impl1_dynamic,23,0.6823,2.3715,1.6892,2.4756,2.0474,3.757,5.5062,0.4397,0.8,0.0769,0.75,54.5438,15.6933,mix#1 2024-01-06,mix,selected
12/sublink_2,impl1_dynamic,23,0.8522,1.0601,0.2079,0.244,0.8114,1.2294,1.4427,0.4758,0.8125,0.2353,0.65,24.3819,19.6,mix#1 2024-01-06,mix,selected
20/sublink_2,impl1_dynamic,23,0.8247,1.4846,0.6599,0.8001,1.0851,1.8443,2.2362,0.437,0.875,0.2222,0.7,34.1466,18.969,mix#1 2024-01-06,mix,selected
31/sublink_1,impl1_dynamic,23,0.8248,1.428,0.6032,0.7312,0.895,1.508,1.8283,0.6557,0.75,0.2941,0.5714,32.8439,18.9714,mix#1 2024-01-06,mix,selected
34/sublink_1,impl1_dynamic,23,0.8164,1.5315,0.715,0.8758,0.942,1.2595,1.5427,0.7822,0.875,0.3,0.6364,35.2236,18.7778,mix#1 2024-01-06,mix,selected
40/sublink_1,impl1_dynamic,23,0.7885,1.0869,0.2984,0.3784,0.7,1.0189,1.2921,0.5759,0.75,0.3333,0.5455,24.9985,18.1364,mix#1 2024-01-06,mix,selected
3/sublink_3,impl2_classical_dynamic,23,0.6816,3.8832,3.2016,4.6971,3.3551,6.306,9.2517,0.4708,0.8667,0.1875,0.7222,89.3132,15.6769,mix#1 2024-01-06,mix,selected
8/sublink_1,impl2_classical_dynamic,23,0.6823,2.7639,2.0815,3.0507,2.4301,4.5465,6.6634,0.4431,0.8,0.0769,0.75,63.5688,15.6933,mix#1 2024-01-06,mix,selected
12/sublink_2,impl2_classical_dynamic,23,0.8522,1.0601,0.2079,0.244,0.8114,1.2294,1.4427,0.4758,0.8125,0.2353,0.65,24.3819,19.6,mix#1 2024-01-06,mix,selected
20/sublink_2,impl2_classical_dynamic,23,0.8247,1.4846,0.6599,0.8001,1.0851,1.8443,2.2362,0.437,0.875,0.2222,0.7,34.1466,18.969,mix#1 2024-01-06,mix,selected
31/sublink_1,impl2_classical_dynamic,23,0.8248,1.428,0.6032,0.7312,0.895,1.508,1.8283,0.6557,0.75,0.2941,0.5714,32.8439,18.9714,mix#1 2024-01-06,mix,selected
34/sublink_1,impl2_classical_dynamic,23,0.8164,1.5315,0.715,0.8758,0.942,1.2595,1.5427,0.7822,0.875,0.3,0.6364,35.2236,18.7778,mix#1 2024-01-06,mix,selected
40/sublink_1,impl2_classical_dynamic,23,0.7885,1.0869,0.2984,0.3784,0.7,1.0189,1.2921,0.5759,0.75,0.3333,0.5455,24.9985,18.1364,mix#1 2024-01-06,mix,selected
3/sublink_3,impl2_classical_constant,23,0.6816,2.9818,2.3001,3.3746,2.8546,5.5166,8.0935,0.4336,0.6,0.0,0.6,68.5803,15.6769,mix#1 2024-01-06,mix,selected
8/sublink_1,impl2_classical_constant,23,0.6823,2.2506,1.5682,2.2984,2.1318,4.0017,5.8649,0.442,0.6,0.0,0.6,51.7627,15.6933,mix#1 2024-01-06,mix,selected
12/sublink_2,impl2_classical_constant,23,0.8522,0.6694,-0.1828,-0.2145,0.4956,0.7107,0.834,0.7947,0.625,0.0,0.625,15.3966,19.6,mix#1 2024-01-06,mix,selected
20/sublink_2,impl2_classical_constant,23,0.8247,1.5116,0.6868,0.8328,1.0638,1.8011,2.1839,0.6787,0.6875,0.2143,0.5789,34.7657,18.969,mix#1 2024-01-06,mix,selected
31/sublink_1,impl2_classical_constant,23,0.8248,0.4232,-0.4016,-0.4869,0.6818,1.0,1.2124,0.5071,0.4375,0.0,0.4375,9.7339,18.9714,mix#1 2024-01-06,mix,selected
34/sublink_1,impl2_classical_constant,23,0.8164,0.5076,-0.3088,-0.3783,0.5075,0.7342,0.8993,0.8089,0.4375,0.125,0.4118,11.6745,18.7778,mix#1 2024-01-06,mix,selected
40/sublink_1,impl2_classical_constant,23,0.7885,0.4719,-0.3167,-0.4016,0.4167,0.637,0.8079,0.8097,0.5,0.0,0.5,10.853,18.1364,mix#1 2024-01-06,mix,selected
3/sublink_3,impl2_pycomlink,23,0.6816,2.8658,2.1842,3.2044,2.5303,4.9795,7.3055,0.4711,0.7333,0.0,0.7333,65.9126,15.6769,mix#1 2024-01-06,mix,selected
8/sublink_1,impl2_pycomlink,23,0.6823,2.3242,1.6419,2.4064,1.9887,3.7881,5.5517,0.5035,0.6667,0.0,0.6667,53.4574,15.6933,mix#1 2024-01-06,mix,selected
12/sublink_2,impl2_pycomlink,23,0.8522,0.9201,0.0679,0.0797,0.4381,0.6761,0.7933,0.8363,0.875,0.0,0.875,21.1616,19.6,mix#1 2024-01-06,mix,selected
20/sublink_2,impl2_pycomlink,23,0.8247,1.3204,0.4956,0.601,0.7097,1.3628,1.6525,0.7348,0.875,0.0667,0.8235,30.3688,18.969,mix#1 2024-01-06,mix,selected
31/sublink_1,impl2_pycomlink,23,0.8248,0.651,-0.1739,-0.2108,0.5907,0.8788,1.0654,0.6364,0.625,0.0,0.625,14.9726,18.9714,mix#1 2024-01-06,mix,selected
34/sublink_1,impl2_pycomlink,23,0.8164,0.2582,-0.5582,-0.6837,0.5605,0.8246,1.01,0.803,0.375,0.0,0.375,5.9386,18.7778,mix#1 2024-01-06,mix,selected
40/sublink_1,impl2_pycomlink,23,0.7885,0.7343,-0.0542,-0.0688,0.4241,0.5512,0.699,0.834,0.6875,0.1538,0.6111,16.889,18.1364,mix#1 2024-01-06,mix,selected
3/sublink_3,impl2_nearby,22,0.6976,0.7971,0.0996,0.1428,0.7603,1.2702,1.8209,0.4104,0.6429,0.0,0.6429,17.5371,15.3462,mix#1 2024-01-06,mix,selected
8/sublink_1,impl2_nearby,22,0.6988,0.63,-0.0688,-0.0985,0.6459,1.0374,1.4846,0.4021,0.6429,0.0,0.6429,13.8593,15.3733,mix#1 2024-01-06,mix,selected
12/sublink_2,impl2_nearby,22,0.8718,0.6829,-0.1889,-0.2167,0.4294,0.6691,0.7675,0.7884,0.8,0.25,0.6316,15.0239,19.18,mix#1 2024-01-06,mix,selected
20/sublink_2,impl2_nearby,22,0.8445,1.4724,0.6279,0.7435,0.7855,1.2803,1.516,0.7065,0.9333,0.3333,0.6364,32.3934,18.5793,mix#1 2024-01-06,mix,selected
31/sublink_1,impl2_nearby,22,0.8442,0.5,-0.3441,-0.4076,0.6479,1.0188,1.2069,0.4433,0.8,0.2,0.6667,11.0011,18.5714,mix#1 2024-01-06,mix,selected
34/sublink_1,impl2_nearby,22,0.8354,0.5398,-0.2955,-0.3538,0.4351,0.6656,0.7968,0.8049,0.7333,0.3529,0.5238,11.8757,18.3778,mix#1 2024-01-06,mix,selected
40/sublink_1,impl2_nearby,22,0.8062,0.5347,-0.2715,-0.3368,0.3616,0.5708,0.708,0.872,0.7333,0.2667,0.5789,11.7636,17.7364,mix#1 2024-01-06,mix,selected
1/sublink_1,impl1_dynamic,23,0.773,2.2241,1.451,1.877,1.5546,1.982,2.5639,0.798,0.875,0.3333,0.6087,51.1534,17.78,mix#1 2024-01-06,mix,qc
2/sublink_3,impl1_dynamic,23,0.8786,2.5327,1.6541,1.8827,1.7349,2.214,2.5199,0.5791,0.9375,0.3182,0.6522,58.2523,20.2077,mix#1 2024-01-06,mix,qc
3/sublink_3,impl1_dynamic,23,0.6816,3.5494,2.8678,4.2074,3.0271,5.5993,8.2149,0.4774,0.8667,0.1875,0.7222,81.6364,15.6769,mix#1 2024-01-06,mix,qc
4/sublink_1,impl1_dynamic,23,0.8776,4.77,3.8924,4.435,4.7922,9.9399,11.3257,0.2245,0.6875,0.2143,0.5789,109.7102,20.1857,mix#1 2024-01-06,mix,qc
6/sublink_2,impl1_dynamic,23,0.6739,6.1898,5.5159,8.1849,5.5159,6.8413,10.1516,0.5395,1.0,0.3478,0.6522,142.3659,15.5,mix#1 2024-01-06,mix,qc
8/sublink_1,impl1_dynamic,23,0.6823,2.3715,1.6892,2.4756,2.0474,3.757,5.5062,0.4397,0.8,0.0769,0.75,54.5438,15.6933,mix#1 2024-01-06,mix,qc
11/sublink_2,impl1_dynamic,23,0.6391,2.1957,1.5566,2.4355,1.8374,2.4124,3.7745,-0.1349,0.9375,0.3182,0.6522,50.5016,14.7,mix#1 2024-01-06,mix,qc
12/sublink_2,impl1_dynamic,23,0.8522,1.0601,0.2079,0.244,0.8114,1.2294,1.4427,0.4758,0.8125,0.2353,0.65,24.3819,19.6,mix#1 2024-01-06,mix,qc
13/sublink_2,impl1_dynamic,23,0.6925,10.2147,9.5221,13.7495,9.574,18.0602,26.078,0.8157,0.9375,0.3182,0.6522,234.9378,15.9286,mix#1 2024-01-06,mix,qc
16/sublink_1,impl1_dynamic,23,0.6783,9.1286,8.4503,12.4588,8.4503,8.7506,12.9015,0.3595,1.0,0.3478,0.6522,209.9574,15.6,mix#1 2024-01-06,mix,qc
17/sublink_2,impl1_dynamic,23,0.8183,5.8576,5.0393,6.1586,5.0393,7.4042,9.0487,0.2609,1.0,0.3043,0.6957,134.7243,18.82,mix#1 2024-01-06,mix,qc
18/sublink_2,impl1_dynamic,23,0.6826,7.4912,6.8086,9.9744,6.9738,7.9172,11.5984,0.0486,0.8,0.4,0.5217,172.2981,15.7,mix#1 2024-01-06,mix,qc
19/sublink_2,impl1_dynamic,23,0.844,4.1323,3.2883,3.8962,3.8173,7.8849,9.3424,0.5879,0.625,0.3333,0.4762,95.0434,19.4118,mix#1 2024-01-06,mix,qc
20/sublink_2,impl1_dynamic,23,0.8247,1.4846,0.6599,0.8001,1.0851,1.8443,2.2362,0.437,0.875,0.2222,0.7,34.1466,18.969,mix#1 2024-01-06,mix,qc
22/sublink_1,impl1_dynamic,23,0.6391,4.422,3.7828,5.9187,3.9214,8.5756,13.4176,0.5249,0.8125,0.2778,0.619,101.7049,14.7,mix#1 2024-01-06,mix,qc
26/sublink_1,impl1_dynamic,23,0.6783,5.7508,5.0725,7.4787,5.0725,5.6967,8.399,0.5477,1.0,0.3478,0.6522,132.2683,15.6,mix#1 2024-01-06,mix,qc
27/sublink_1,impl1_dynamic,23,0.7758,0.3686,-0.4072,-0.5249,0.6492,0.882,1.1369,0.5119,0.6875,0.2667,0.55,8.4772,17.8429,mix#1 2024-01-06,mix,qc
29/sublink_1,impl1_dynamic,23,0.8217,5.5474,4.7257,5.7509,4.7263,7.9003,9.6141,0.4861,1.0,0.3043,0.6957,127.5912,18.9,mix#1 2024-01-06,mix,qc
30/sublink_1,impl1_dynamic,23,0.687,3.0224,2.3354,3.3997,2.3659,2.5827,3.7596,0.3009,1.0,0.3043,0.6957,69.5145,15.8,mix#1 2024-01-06,mix,qc
31/sublink_1,impl1_dynamic,23,0.8248,1.428,0.6032,0.7312,0.895,1.508,1.8283,0.6557,0.75,0.2941,0.5714,32.8439,18.9714,mix#1 2024-01-06,mix,qc
32/sublink_1,impl1_dynamic,23,0.8032,0.3324,-0.4708,-0.5862,0.5045,0.8208,1.0219,0.7802,0.8125,0.1333,0.7222,7.6452,18.4737,mix#1 2024-01-06,mix,qc
34/sublink_1,impl1_dynamic,23,0.8164,1.5315,0.715,0.8758,0.942,1.2595,1.5427,0.7822,0.875,0.3,0.6364,35.2236,18.7778,mix#1 2024-01-06,mix,qc
38/sublink_1,impl1_dynamic,23,0.8104,3.2906,2.4802,3.0603,2.8782,6.9989,8.636,0.1642,0.8125,0.3158,0.5909,75.6835,18.64,mix#1 2024-01-06,mix,qc
40/sublink_1,impl1_dynamic,23,0.7885,1.0869,0.2984,0.3784,0.7,1.0189,1.2921,0.5759,0.75,0.3333,0.5455,24.9985,18.1364,mix#1 2024-01-06,mix,qc
55/sublink_1,impl1_dynamic,23,0.7174,1.2443,0.5269,0.7345,0.9153,1.2647,1.763,0.2916,1.0,0.3043,0.6957,28.6196,16.5,mix#1 2024-01-06,mix,qc
1/sublink_1,impl2_classical_dynamic,23,0.773,2.2241,1.451,1.877,1.5546,1.982,2.5639,0.798,0.875,0.3333,0.6087,51.1534,17.78,mix#1 2024-01-06,mix,qc
2/sublink_3,impl2_classical_dynamic,23,0.8786,2.5327,1.6541,1.8827,1.7349,2.214,2.5199,0.5791,0.9375,0.3182,0.6522,58.2523,20.2077,mix#1 2024-01-06,mix,qc
3/sublink_3,impl2_classical_dynamic,23,0.6816,3.8832,3.2016,4.6971,3.3551,6.306,9.2517,0.4708,0.8667,0.1875,0.7222,89.3132,15.6769,mix#1 2024-01-06,mix,qc
4/sublink_1,impl2_classical_dynamic,23,0.8776,4.77,3.8924,4.435,4.7922,9.9399,11.3257,0.2245,0.6875,0.2143,0.5789,109.7102,20.1857,mix#1 2024-01-06,mix,qc
6/sublink_2,impl2_classical_dynamic,23,0.6739,6.1898,5.5159,8.1849,5.5159,6.8413,10.1516,0.5395,1.0,0.3478,0.6522,142.3659,15.5,mix#1 2024-01-06,mix,qc
8/sublink_1,impl2_classical_dynamic,23,0.6823,2.7639,2.0815,3.0507,2.4301,4.5465,6.6634,0.4431,0.8,0.0769,0.75,63.5688,15.6933,mix#1 2024-01-06,mix,qc
11/sublink_2,impl2_classical_dynamic,23,0.6391,2.1957,1.5566,2.4355,1.8374,2.4124,3.7745,-0.1349,0.9375,0.3182,0.6522,50.5016,14.7,mix#1 2024-01-06,mix,qc
12/sublink_2,impl2_classical_dynamic,23,0.8522,1.0601,0.2079,0.244,0.8114,1.2294,1.4427,0.4758,0.8125,0.2353,0.65,24.3819,19.6,mix#1 2024-01-06,mix,qc
13/sublink_2,impl2_classical_dynamic,23,0.6925,15.092,14.3994,20.792,14.4513,32.3468,46.7071,0.7813,0.9375,0.3182,0.6522,347.1154,15.9286,mix#1 2024-01-06,mix,qc
16/sublink_1,impl2_classical_dynamic,23,0.6783,9.1286,8.4503,12.4588,8.4503,8.7506,12.9015,0.3595,1.0,0.3478,0.6522,209.9574,15.6,mix#1 2024-01-06,mix,qc
17/sublink_2,impl2_classical_dynamic,23,0.8183,5.8576,5.0393,6.1586,5.0393,7.4042,9.0487,0.2609,1.0,0.3043,0.6957,134.7243,18.82,mix#1 2024-01-06,mix,qc
18/sublink_2,impl2_classical_dynamic,23,0.6826,10.8013,10.1187,14.8236,10.1187,11.3154,16.5767,0.1658,1.0,0.3478,0.6522,248.4306,15.7,mix#1 2024-01-06,mix,qc
19/sublink_2,impl2_classical_dynamic,23,0.844,4.8592,4.0152,4.7574,4.46,9.617,11.3947,0.6302,0.625,0.3333,0.4762,111.7618,19.4118,mix#1 2024-01-06,mix,qc
20/sublink_2,impl2_classical_dynamic,23,0.8247,1.4846,0.6599,0.8001,1.0851,1.8443,2.2362,0.437,0.875,0.2222,0.7,34.1466,18.969,mix#1 2024-01-06,mix,qc
22/sublink_1,impl2_classical_dynamic,23,0.6391,4.422,3.7828,5.9187,3.9214,8.5756,13.4176,0.5249,0.8125,0.2778,0.619,101.7049,14.7,mix#1 2024-01-06,mix,qc
26/sublink_1,impl2_classical_dynamic,23,0.6783,6.24,5.5617,8.1999,5.5617,6.6684,9.8316,0.5814,1.0,0.3478,0.6522,143.5191,15.6,mix#1 2024-01-06,mix,qc
27/sublink_1,impl2_classical_dynamic,23,0.7758,0.3686,-0.4072,-0.5249,0.6492,0.882,1.1369,0.5119,0.6875,0.2667,0.55,8.4772,17.8429,mix#1 2024-01-06,mix,qc
29/sublink_1,impl2_classical_dynamic,23,0.8217,6.0398,5.218,6.35,5.2186,8.7142,10.6046,0.5434,1.0,0.3043,0.6957,138.9144,18.9,mix#1 2024-01-06,mix,qc
30/sublink_1,impl2_classical_dynamic,23,0.687,3.0224,2.3354,3.3997,2.3659,2.5827,3.7596,0.3009,1.0,0.3043,0.6957,69.5145,15.8,mix#1 2024-01-06,mix,qc
31/sublink_1,impl2_classical_dynamic,23,0.8248,1.428,0.6032,0.7312,0.895,1.508,1.8283,0.6557,0.75,0.2941,0.5714,32.8439,18.9714,mix#1 2024-01-06,mix,qc
32/sublink_1,impl2_classical_dynamic,23,0.8032,0.3324,-0.4708,-0.5862,0.5045,0.8208,1.0219,0.7802,0.8125,0.1333,0.7222,7.6452,18.4737,mix#1 2024-01-06,mix,qc
34/sublink_1,impl2_classical_dynamic,23,0.8164,1.5315,0.715,0.8758,0.942,1.2595,1.5427,0.7822,0.875,0.3,0.6364,35.2236,18.7778,mix#1 2024-01-06,mix,qc
38/sublink_1,impl2_classical_dynamic,23,0.8104,3.2906,2.4802,3.0603,2.8782,6.9989,8.636,0.1642,0.8125,0.3158,0.5909,75.6835,18.64,mix#1 2024-01-06,mix,qc
40/sublink_1,impl2_classical_dynamic,23,0.7885,1.0869,0.2984,0.3784,0.7,1.0189,1.2921,0.5759,0.75,0.3333,0.5455,24.9985,18.1364,mix#1 2024-01-06,mix,qc
55/sublink_1,impl2_classical_dynamic,23,0.7174,1.2443,0.5269,0.7345,0.9153,1.2647,1.763,0.2916,1.0,0.3043,0.6957,28.6196,16.5,mix#1 2024-01-06,mix,qc
1/sublink_1,impl2_classical_constant,23,0.773,1.2229,0.4499,0.5819,0.9588,1.4241,1.8421,0.799,0.5,0.2727,0.4211,28.127,17.78,mix#1 2024-01-06,mix,qc
2/sublink_3,impl2_classical_constant,23,0.8786,0.0,-0.8786,-1.0,0.8786,1.3459,1.5319,,0.0,,0.0,0.0,20.2077,mix#1 2024-01-06,mix,qc
3/sublink_3,impl2_classical_constant,23,0.6816,2.9818,2.3001,3.3746,2.8546,5.5166,8.0935,0.4336,0.6,0.0,0.6,68.5803,15.6769,mix#1 2024-01-06,mix,qc
4/sublink_1,impl2_classical_constant,23,0.8776,3.5417,2.6641,3.0355,3.4392,7.2507,8.2616,0.5177,0.375,0.0,0.375,81.4592,20.1857,mix#1 2024-01-06,mix,qc
6/sublink_2,impl2_classical_constant,23,0.6739,0.4409,-0.233,-0.3458,0.5857,0.9579,1.4214,0.4959,0.4,0.0,0.4,10.1403,15.5,mix#1 2024-01-06,mix,qc
8/sublink_1,impl2_classical_constant,23,0.6823,2.2506,1.5682,2.2984,2.1318,4.0017,5.8649,0.442,0.6,0.0,0.6,51.7627,15.6933,mix#1 2024-01-06,mix,qc
11/sublink_2,impl2_classical_constant,23,0.6391,0.0949,-0.5442,-0.8515,0.5689,0.8608,1.3469,0.0871,0.25,0.2,0.2353,2.1831,14.7,mix#1 2024-01-06,mix,qc
12/sublink_2,impl2_classical_constant,23,0.8522,0.6694,-0.1828,-0.2145,0.4956,0.7107,0.834,0.7947,0.625,0.0,0.625,15.3966,19.6,mix#1 2024-01-06,mix,qc
13/sublink_2,impl2_classical_constant,23,0.6925,11.0671,10.3746,14.9803,10.9708,31.4894,45.4691,0.7314,0.3125,0.0,0.3125,254.5436,15.9286,mix#1 2024-01-06,mix,qc
16/sublink_1,impl2_classical_constant,23,0.6783,0.8366,0.1583,0.2334,0.6386,0.9568,1.4107,0.279,0.8667,0.3158,0.619,19.2414,15.6,mix#1 2024-01-06,mix,qc
17/sublink_2,impl2_classical_constant,23,0.8183,0.3897,-0.4286,-0.5238,0.5052,0.8236,1.0065,0.735,0.4375,0.0,0.4375,8.962,18.82,mix#1 2024-01-06,mix,qc
18/sublink_2,impl2_classical_constant,23,0.6826,0.6532,-0.0294,-0.0431,0.8599,1.3702,2.0072,0.4341,0.6,0.1818,0.5294,15.0228,15.7,mix#1 2024-01-06,mix,qc
19/sublink_2,impl2_classical_constant,23,0.844,3.3868,2.5428,3.0129,3.1805,7.7964,9.2375,0.6811,0.3125,0.0,0.3125,77.8966,19.4118,mix#1 2024-01-06,mix,qc
20/sublink_2,impl2_classical_constant,23,0.8247,1.5116,0.6868,0.8328,1.0638,1.8011,2.1839,0.6787,0.6875,0.2143,0.5789,34.7657,18.969,mix#1 2024-01-06,mix,qc
22/sublink_1,impl2_classical_constant,23,0.6391,6.1829,5.5438,8.674,5.9406,10.0744,15.7626,0.7567,0.5,0.1111,0.4706,142.2072,14.7,mix#1 2024-01-06,mix,qc
26/sublink_1,impl2_classical_constant,23,0.6783,0.513,-0.1653,-0.2437,0.9045,1.3275,1.9572,0.4093,0.2667,0.6,0.1905,11.7986,15.6,mix#1 2024-01-06,mix,qc
27/sublink_1,impl2_classical_constant,23,0.7758,0.0,-0.7758,-1.0,0.7758,1.1828,1.5247,,0.0,,0.0,0.0,17.8429,mix#1 2024-01-06,mix,qc
29/sublink_1,impl2_classical_constant,23,0.8217,2.9315,2.1097,2.5674,2.4719,4.7733,5.8088,0.8173,0.625,0.0,0.625,67.4242,18.9,mix#1 2024-01-06,mix,qc
30/sublink_1,impl2_classical_constant,23,0.687,0.3662,-0.3207,-0.4669,0.6058,0.9271,1.3495,0.3211,0.375,0.0,0.375,8.4228,15.8,mix#1 2024-01-06,mix,qc
31/sublink_1,impl2_classical_constant,23,0.8248,0.4232,-0.4016,-0.4869,0.6818,1.0,1.2124,0.5071,0.4375,0.0,0.4375,9.7339,18.9714,mix#1 2024-01-06,mix,qc
32/sublink_1,impl2_classical_constant,23,0.8032,0.0751,-0.7281,-0.9065,0.7281,1.0757,1.3393,0.8035,0.25,0.0,0.25,1.728,18.4737,mix#1 2024-01-06,mix,qc
34/sublink_1,impl2_classical_constant,23,0.8164,0.5076,-0.3088,-0.3783,0.5075,0.7342,0.8993,0.8089,0.4375,0.125,0.4118,11.6745,18.7778,mix#1 2024-01-06,mix,qc
38/sublink_1,impl2_classical_constant,23,0.8104,2.4054,1.5949,1.968,2.2739,5.7772,7.1285,0.1909,0.625,0.0,0.625,55.3232,18.64,mix#1 2024-01-06,mix,qc
40/sublink_1,impl2_classical_constant,23,0.7885,0.4719,-0.3167,-0.4016,0.4167,0.637,0.8079,0.8097,0.5,0.0,0.5,10.853,18.1364,mix#1 2024-01-06,mix,qc
55/sublink_1,impl2_classical_constant,23,0.7174,0.0008,-0.7166,-0.9989,0.7166,1.0757,1.4994,-0.0122,0.0,,0.0,0.0185,16.5,mix#1 2024-01-06,mix,qc
1/sublink_1,impl2_pycomlink,23,0.773,1.0584,0.2854,0.3691,0.6934,1.0359,1.34,0.8317,0.625,0.1667,0.5556,24.3434,17.78,mix#1 2024-01-06,mix,qc
2/sublink_3,impl2_pycomlink,23,0.8786,0.2529,-0.6257,-0.7122,0.6596,0.9797,1.1151,0.7588,0.5625,0.1,0.5294,5.8158,20.2077,mix#1 2024-01-06,mix,qc
3/sublink_3,impl2_pycomlink,23,0.6816,2.8658,2.1842,3.2044,2.5303,4.9795,7.3055,0.4711,0.7333,0.0,0.7333,65.9126,15.6769,mix#1 2024-01-06,mix,qc
4/sublink_1,impl2_pycomlink,23,0.8776,4.2824,3.4047,3.8794,4.1529,8.2356,9.3838,0.5566,0.4375,0.0,0.4375,98.4942,20.1857,mix#1 2024-01-06,mix,qc
6/sublink_2,impl2_pycomlink,23,0.6739,0.6504,-0.0235,-0.0349,0.6311,1.0774,1.5987,0.5453,0.5333,0.0,0.5333,14.959,15.5,mix#1 2024-01-06,mix,qc
8/sublink_1,impl2_pycomlink,23,0.6823,2.3242,1.6419,2.4064,1.9887,3.7881,5.5517,0.5035,0.6667,0.0,0.6667,53.4574,15.6933,mix#1 2024-01-06,mix,qc
11/sublink_2,impl2_pycomlink,23,0.6391,0.0116,-0.6276,-0.9819,0.6276,0.9043,1.4149,0.1519,0.125,0.0,0.125,0.2658,14.7,mix#1 2024-01-06,mix,qc
12/sublink_2,impl2_pycomlink,23,0.8522,0.9201,0.0679,0.0797,0.4381,0.6761,0.7933,0.8363,0.875,0.0,0.875,21.1616,19.6,mix#1 2024-01-06,mix,qc
13/sublink_2,impl2_pycomlink,23,0.6925,12.7924,12.0999,17.4715,12.575,33.9271,48.9889,0.7403,0.4375,0.2222,0.3889,294.2253,15.9286,mix#1 2024-01-06,mix,qc
16/sublink_1,impl2_pycomlink,23,0.6783,0.0,-0.6783,-1.0,0.6783,0.9864,1.4544,,0.0,,0.0,0.0,15.6,mix#1 2024-01-06,mix,qc
17/sublink_2,impl2_pycomlink,23,0.8183,1.0728,0.2545,0.3111,0.5642,0.8922,1.0904,0.8528,0.8125,0.0,0.8125,24.6741,18.82,mix#1 2024-01-06,mix,qc
18/sublink_2,impl2_pycomlink,23,0.6826,0.397,-0.2856,-0.4184,0.7031,1.0283,1.5065,0.4585,0.3333,0.0,0.3333,9.1309,15.7,mix#1 2024-01-06,mix,qc
19/sublink_2,impl2_pycomlink,23,0.844,3.5231,2.6791,3.1744,3.2426,7.8861,9.3438,0.6863,0.4375,0.0,0.4375,81.0321,19.4118,mix#1 2024-01-06,mix,qc
20/sublink_2,impl2_pycomlink,23,0.8247,1.3204,0.4956,0.601,0.7097,1.3628,1.6525,0.7348,0.875,0.0667,0.8235,30.3688,18.969,mix#1 2024-01-06,mix,qc
22/sublink_1,impl2_pycomlink,23,0.6391,5.6746,5.0355,7.8787,5.2652,9.2181,14.4229,0.7897,0.6875,0.0833,0.6471,130.5168,14.7,mix#1 2024-01-06,mix,qc
26/sublink_1,impl2_pycomlink,23,0.6783,0.3843,-0.294,-0.4334,0.6551,0.9258,1.3649,0.5415,0.2,0.5714,0.1579,8.8388,15.6,mix#1 2024-01-06,mix,qc
27/sublink_1,impl2_pycomlink,23,0.7758,0.0,-0.7758,-1.0,0.7758,1.1828,1.5247,,0.0,,0.0,0.0,17.8429,mix#1 2024-01-06,mix,qc
29/sublink_1,impl2_pycomlink,23,0.8217,5.2351,4.4134,5.3708,4.7633,8.487,10.3281,0.8139,0.625,0.0,0.625,120.4079,18.9,mix#1 2024-01-06,mix,qc
30/sublink_1,impl2_pycomlink,23,0.687,0.0,-0.687,-1.0,0.687,1.0022,1.4589,,0.0,,0.0,0.0,15.8,mix#1 2024-01-06,mix,qc
31/sublink_1,impl2_pycomlink,23,0.8248,0.651,-0.1739,-0.2108,0.5907,0.8788,1.0654,0.6364,0.625,0.0,0.625,14.9726,18.9714,mix#1 2024-01-06,mix,qc
32/sublink_1,impl2_pycomlink,23,0.8032,0.1654,-0.6378,-0.794,0.6378,0.9376,1.1673,0.9072,0.4375,0.0,0.4375,3.8048,18.4737,mix#1 2024-01-06,mix,qc
34/sublink_1,impl2_pycomlink,23,0.8164,0.2582,-0.5582,-0.6837,0.5605,0.8246,1.01,0.803,0.375,0.0,0.375,5.9386,18.7778,mix#1 2024-01-06,mix,qc
38/sublink_1,impl2_pycomlink,23,0.8104,2.5234,1.713,2.1136,2.0796,5.5261,6.8187,0.2343,0.6875,0.0,0.6875,58.0384,18.64,mix#1 2024-01-06,mix,qc
40/sublink_1,impl2_pycomlink,23,0.7885,0.7343,-0.0542,-0.0688,0.4241,0.5512,0.699,0.834,0.6875,0.1538,0.6111,16.889,18.1364,mix#1 2024-01-06,mix,qc
55/sublink_1,impl2_pycomlink,23,0.7174,0.0106,-0.7068,-0.9852,0.7068,1.0712,1.4931,-0.0578,0.125,0.0,0.125,0.2435,16.5,mix#1 2024-01-06,mix,qc
1/sublink_1,impl2_nearby,22,0.79,1.9939,1.2039,1.5239,1.4005,1.7379,2.1998,0.8022,0.8,0.3684,0.5455,43.8649,17.38,mix#1 2024-01-06,mix,qc
2/sublink_3,impl2_nearby,22,0.9,0.3296,-0.5704,-0.6338,0.6545,1.012,1.1244,0.6266,0.6,0.3077,0.4737,7.2509,19.8,mix#1 2024-01-06,mix,qc
3/sublink_3,impl2_nearby,22,0.6976,0.7971,0.0996,0.1428,0.7603,1.2702,1.8209,0.4104,0.6429,0.0,0.6429,17.5371,15.3462,mix#1 2024-01-06,mix,qc
4/sublink_1,impl2_nearby,22,0.8948,9.3388,8.444,9.4367,8.5115,9.6929,10.8324,0.3024,0.9333,0.3333,0.6364,205.4539,19.6857,mix#1 2024-01-06,mix,qc
6/sublink_2,impl2_nearby,0,,,,,,,,,,,,0.0,0.0,mix#1 2024-01-06,mix,qc
8/sublink_1,impl2_nearby,22,0.6988,0.63,-0.0688,-0.0985,0.6459,1.0374,1.4846,0.4021,0.6429,0.0,0.6429,13.8593,15.3733,mix#1 2024-01-06,mix,qc
11/sublink_2,impl2_nearby,22,0.6424,0.2253,-0.4171,-0.6493,0.5253,0.8188,1.2746,0.1067,0.7333,0.0833,0.6875,4.9569,14.1333,mix#1 2024-01-06,mix,qc
12/sublink_2,impl2_nearby,22,0.8718,0.6829,-0.1889,-0.2167,0.4294,0.6691,0.7675,0.7884,0.8,0.25,0.6316,15.0239,19.18,mix#1 2024-01-06,mix,qc
13/sublink_2,impl2_nearby,22,0.7104,5.5724,4.862,6.8441,5.053,13.3937,18.854,0.6562,0.7333,0.3889,0.5,122.5917,15.6286,mix#1 2024-01-06,mix,qc
16/sublink_1,impl2_nearby,0,,,,,,,,,,,,0.0,0.0,mix#1 2024-01-06,mix,qc
17/sublink_2,impl2_nearby,7,1.38,1.4288,0.0488,0.0353,0.633,0.758,0.5493,0.7449,0.8571,0.0,0.8571,10.0014,9.66,mix#1 2024-01-06,mix,qc
18/sublink_2,impl2_nearby,21,0.7143,0.9804,0.2661,0.3726,0.6768,0.8961,1.2546,0.2767,1.0,0.35,0.65,20.589,15.0,mix#1 2024-01-06,mix,qc
19/sublink_2,impl2_nearby,22,0.8634,2.6524,1.789,2.0722,2.5124,5.7416,6.6502,0.5171,0.8,0.3684,0.5455,58.353,18.9941,mix#1 2024-01-06,mix,qc
20/sublink_2,impl2_nearby,22,0.8445,1.4724,0.6279,0.7435,0.7855,1.2803,1.516,0.7065,0.9333,0.3333,0.6364,32.3934,18.5793,mix#1 2024-01-06,mix,qc
22/sublink_1,impl2_nearby,7,0.9952,12.1984,11.2032,11.2568,11.3872,14.2483,14.3165,0.9333,0.7143,0.0,0.7143,85.3891,6.9667,mix#1 2024-01-06,mix,qc
26/sublink_1,impl2_nearby,14,0.3429,1.7431,1.4002,4.0841,1.4441,1.8982,5.5365,-0.3467,1.0,0.5714,0.4286,24.4035,4.8,mix#1 2024-01-06,mix,qc
27/sublink_1,impl2_nearby,22,0.7929,0.0018,-0.7911,-0.9977,0.7911,1.2055,1.5205,-0.0463,0.0,,0.0,0.0394,17.4429,mix#1 2024-01-06,mix,qc
29/sublink_1,impl2_nearby,17,0.8765,3.1643,2.2878,2.6103,2.4505,2.7765,3.1678,0.3149,1.0,0.4118,0.5882,53.7927,14.9,mix#1 2024-01-06,mix,qc
30/sublink_1,impl2_nearby,22,0.7023,0.2312,-0.4711,-0.6708,0.5473,0.7976,1.1357,0.5203,0.7333,0.1538,0.6471,5.0859,15.45,mix#1 2024-01-06,mix,qc
31/sublink_1,impl2_nearby,22,0.8442,0.4616,-0.3825,-0.4531,0.6169,0.9734,1.1531,0.5096,0.8,0.2,0.6667,10.1562,18.5714,mix#1 2024-01-06,mix,qc
32/sublink_1,impl2_nearby,22,0.8215,0.1387,-0.6828,-0.8311,0.7094,1.0666,1.2983,0.8042,0.5333,0.0,0.5333,3.0521,18.0737,mix#1 2024-01-06,mix,qc
34/sublink_1,impl2_nearby,22,0.8354,0.537,-0.2983,-0.3572,0.4379,0.6672,0.7987,0.8047,0.7333,0.3529,0.5238,11.8141,18.3778,mix#1 2024-01-06,mix,qc
38/sublink_1,impl2_nearby,17,0.3641,2.0216,1.6575,4.552,1.8714,5.6569,15.5359,0.3293,0.7,0.125,0.6364,34.367,6.19,mix#1 2024-01-06,mix,qc
40/sublink_1,impl2_nearby,22,0.8062,0.5347,-0.2715,-0.3368,0.3616,0.5708,0.708,0.872,0.7333,0.2667,0.5789,11.7636,17.7364,mix#1 2024-01-06,mix,qc
55/sublink_1,impl2_nearby,22,0.7351,0.1125,-0.6226,-0.847,0.6517,1.0091,1.3728,0.2288,0.5333,0.0,0.5333,2.4748,16.1714,mix#1 2024-01-06,mix,qc
3/sublink_3,impl1_dynamic,19,3.0227,2.7496,-0.273,-0.0903,1.1608,1.9626,0.6493,0.7678,1.0,0.0,1.0,52.243,57.4308,rain#3 2024-01-09,rain,shared8
8/sublink_1,impl1_dynamic,19,3.0239,2.5903,-0.4335,-0.1434,1.0212,1.8784,0.6212,0.7747,1.0,0.0,1.0,49.2163,57.4533,rain#3 2024-01-09,rain,shared8
12/sublink_2,impl1_dynamic,19,2.9421,2.2892,-0.6529,-0.2219,1.0004,1.9202,0.6527,0.7903,0.9333,0.0667,0.875,43.4943,55.9,rain#3 2024-01-09,rain,shared8
20/sublink_2,impl1_dynamic,19,2.9962,2.2622,-0.734,-0.245,1.3384,2.1658,0.7229,0.7037,0.9375,0.0,0.9375,42.9814,56.9276,rain#3 2024-01-09,rain,shared8
31/sublink_1,impl1_dynamic,19,2.9955,2.115,-0.8805,-0.2939,1.8193,2.6542,0.8861,0.5272,0.9333,0.0,0.9333,40.1852,56.9143,rain#3 2024-01-09,rain,shared8
40/sublink_1,impl1_dynamic,19,3.0622,2.3986,-0.6636,-0.2167,1.2804,2.0753,0.6777,0.7198,0.9333,0.0,0.9333,45.5739,58.1818,rain#3 2024-01-09,rain,shared8
45/sublink_1,impl1_dynamic,19,3.0689,2.5801,-0.4888,-0.1593,0.9861,1.69,0.5507,0.8207,0.9333,0.0,0.9333,49.0221,58.3091,rain#3 2024-01-09,rain,shared8
34/sublink_1,impl1_dynamic,19,3.0117,2.8402,-0.1715,-0.0569,1.9268,2.5199,0.8367,0.5253,0.9375,0.1667,0.7895,53.9641,57.2222,rain#3 2024-01-09,rain,shared8
3/sublink_3,impl2_classical_dynamic,19,3.0227,2.7546,-0.2681,-0.0887,1.1558,1.9456,0.6437,0.7715,1.0,0.0,1.0,52.3377,57.4308,rain#3 2024-01-09,rain,shared8
8/sublink_1,impl2_classical_dynamic,19,3.0239,2.5903,-0.4335,-0.1434,1.0212,1.8784,0.6212,0.7747,1.0,0.0,1.0,49.2163,57.4533,rain#3 2024-01-09,rain,shared8
12/sublink_2,impl2_classical_dynamic,19,2.9421,2.2976,-0.6445,-0.2191,0.992,1.8913,0.6428,0.7968,0.9333,0.0667,0.875,43.6542,55.9,rain#3 2024-01-09,rain,shared8
20/sublink_2,impl2_classical_dynamic,19,2.9962,2.3422,-0.654,-0.2183,1.2583,2.0938,0.6988,0.7214,0.9375,0.0,0.9375,44.502,56.9276,rain#3 2024-01-09,rain,shared8
31/sublink_1,impl2_classical_dynamic,19,2.9955,2.15,-0.8454,-0.2822,1.7843,2.6136,0.8725,0.5436,0.9333,0.0,0.9333,40.8509,56.9143,rain#3 2024-01-09,rain,shared8
40/sublink_1,impl2_classical_dynamic,19,3.0622,2.4024,-0.6598,-0.2155,1.2766,2.0635,0.6739,0.7233,0.9333,0.0,0.9333,45.6464,58.1818,rain#3 2024-01-09,rain,shared8
45/sublink_1,impl2_classical_dynamic,19,3.0689,2.5879,-0.481,-0.1567,0.9805,1.6742,0.5455,0.8242,0.9333,0.0,0.9333,49.1701,58.3091,rain#3 2024-01-09,rain,shared8
34/sublink_1,impl2_classical_dynamic,19,3.0117,2.8515,-0.1602,-0.0532,1.9155,2.4993,0.8299,0.534,0.9375,0.1667,0.7895,54.1792,57.2222,rain#3 2024-01-09,rain,shared8
3/sublink_3,impl2_classical_constant,19,3.0227,3.0094,-0.0132,-0.0044,0.9058,1.3468,0.4456,0.9248,0.8125,0.0,0.8125,57.1795,57.4308,rain#3 2024-01-09,rain,shared8
8/sublink_1,impl2_classical_constant,19,3.0239,3.1008,0.0769,0.0254,0.7351,1.189,0.3932,0.9258,0.9375,0.0,0.9375,58.9144,57.4533,rain#3 2024-01-09,rain,shared8
12/sublink_2,impl2_classical_constant,19,2.9421,1.943,-0.9991,-0.3396,0.9991,1.4819,0.5037,0.9323,0.8667,0.0,0.8667,36.9169,55.9,rain#3 2024-01-09,rain,shared8
20/sublink_2,impl2_classical_constant,19,2.9962,3.2118,0.2156,0.072,0.6689,0.9552,0.3188,0.9511,0.8125,0.0,0.8125,61.0243,56.9276,rain#3 2024-01-09,rain,shared8
31/sublink_1,impl2_classical_constant,19,2.9955,0.1386,-2.8569,-0.9537,2.8569,4.0171,1.3411,0.2584,0.2667,0.0,0.2667,2.6333,56.9143,rain#3 2024-01-09,rain,shared8
40/sublink_1,impl2_classical_constant,19,3.0622,2.7883,-0.2739,-0.0895,0.6917,0.9349,0.3053,0.9537,0.8667,0.0,0.8667,52.977,58.1818,rain#3 2024-01-09,rain,shared8
45/sublink_1,impl2_classical_constant,19,3.0689,2.6194,-0.4495,-0.1465,0.8819,1.1654,0.3798,0.9388,0.8667,0.0,0.8667,49.7683,58.3091,rain#3 2024-01-09,rain,shared8
34/sublink_1,impl2_classical_constant,19,3.0117,4.3837,1.372,0.4556,1.5433,2.1163,0.7027,0.9473,0.875,0.0667,0.8235,83.2902,57.2222,rain#3 2024-01-09,rain,shared8
3/sublink_3,impl2_pycomlink,19,3.0227,3.0082,-0.0144,-0.0048,0.6432,1.1312,0.3742,0.9301,1.0,0.0588,0.9412,57.1564,57.4308,rain#3 2024-01-09,rain,shared8
8/sublink_1,impl2_pycomlink,19,3.0239,2.9932,-0.0307,-0.0101,0.5644,1.0824,0.3579,0.9263,1.0,0.0588,0.9412,56.8706,57.4533,rain#3 2024-01-09,rain,shared8
12/sublink_2,impl2_pycomlink,19,2.9421,2.1487,-0.7934,-0.2697,0.8005,1.2795,0.4349,0.9506,0.8667,0.0,0.8667,40.8252,55.9,rain#3 2024-01-09,rain,shared8
20/sublink_2,impl2_pycomlink,19,2.9962,2.2673,-0.7289,-0.2433,0.731,1.2494,0.417,0.9476,0.8125,0.0,0.8125,43.0793,56.9276,rain#3 2024-01-09,rain,shared8
31/sublink_1,impl2_pycomlink,19,2.9955,2.4863,-0.5092,-0.17,0.6904,1.0364,0.346,0.9587,0.9333,0.0667,0.875,47.2401,56.9143,rain#3 2024-01-09,rain,shared8
40/sublink_1,impl2_pycomlink,19,3.0622,2.7337,-0.3285,-0.1073,0.5564,0.8752,0.2858,0.958,0.9333,0.0,0.9333,51.9411,58.1818,rain#3 2024-01-09,rain,shared8
45/sublink_1,impl2_pycomlink,19,3.0689,2.9794,-0.0895,-0.0292,0.5957,0.9143,0.2979,0.955,0.9333,0.0,0.9333,56.6093,58.3091,rain#3 2024-01-09,rain,shared8
34/sublink_1,impl2_pycomlink,19,3.0117,3.2568,0.2451,0.0814,0.828,1.0096,0.3352,0.9481,0.875,0.0667,0.8235,61.8798,57.2222,rain#3 2024-01-09,rain,shared8
3/sublink_3,impl2_nearby,19,3.0227,2.3214,-0.7012,-0.232,0.8493,1.3914,0.4603,0.907,0.875,0.0,0.875,44.1075,57.4308,rain#3 2024-01-09,rain,shared8
8/sublink_1,impl2_nearby,19,3.0239,2.3313,-0.6926,-0.229,0.7426,1.377,0.4554,0.9175,0.9375,0.0,0.9375,44.2947,57.4533,rain#3 2024-01-09,rain,shared8
12/sublink_2,impl2_nearby,19,2.9421,1.7109,-1.2312,-0.4185,1.2312,1.7622,0.5989,0.9328,0.8667,0.0,0.8667,32.5064,55.9,rain#3 2024-01-09,rain,shared8
20/sublink_2,impl2_nearby,19,2.9962,2.4941,-0.5021,-0.1676,0.699,1.2545,0.4187,0.9308,0.9375,0.0,0.9375,47.3884,56.9276,rain#3 2024-01-09,rain,shared8
31/sublink_1,impl2_nearby,19,2.9955,2.4926,-0.5029,-0.1679,0.6832,1.0049,0.3355,0.9581,0.9333,0.0667,0.875,47.36,56.9143,rain#3 2024-01-09,rain,shared8
40/sublink_1,impl2_nearby,19,3.0622,2.2884,-0.7738,-0.2527,0.8592,1.2473,0.4073,0.9427,0.9333,0.0,0.9333,43.4796,58.1818,rain#3 2024-01-09,rain,shared8
45/sublink_1,impl2_nearby,19,3.0689,2.8834,-0.1855,-0.0604,0.6171,1.0026,0.3267,0.9451,0.9333,0.0,0.9333,54.7853,58.3091,rain#3 2024-01-09,rain,shared8
34/sublink_1,impl2_nearby,19,3.0117,3.4482,0.4365,0.1449,0.9652,1.2168,0.404,0.9408,0.875,0.0667,0.8235,65.515,57.2222,rain#3 2024-01-09,rain,shared8
3/sublink_3,impl1_dynamic,19,3.0227,2.7496,-0.273,-0.0903,1.1608,1.9626,0.6493,0.7678,1.0,0.0,1.0,52.243,57.4308,rain#3 2024-01-09,rain,selected
8/sublink_1,impl1_dynamic,19,3.0239,2.5903,-0.4335,-0.1434,1.0212,1.8784,0.6212,0.7747,1.0,0.0,1.0,49.2163,57.4533,rain#3 2024-01-09,rain,selected
12/sublink_2,impl1_dynamic,19,2.9421,2.2892,-0.6529,-0.2219,1.0004,1.9202,0.6527,0.7903,0.9333,0.0667,0.875,43.4943,55.9,rain#3 2024-01-09,rain,selected
20/sublink_2,impl1_dynamic,19,2.9962,2.2622,-0.734,-0.245,1.3384,2.1658,0.7229,0.7037,0.9375,0.0,0.9375,42.9814,56.9276,rain#3 2024-01-09,rain,selected
31/sublink_1,impl1_dynamic,19,2.9955,2.115,-0.8805,-0.2939,1.8193,2.6542,0.8861,0.5272,0.9333,0.0,0.9333,40.1852,56.9143,rain#3 2024-01-09,rain,selected
34/sublink_1,impl1_dynamic,19,3.0117,2.8402,-0.1715,-0.0569,1.9268,2.5199,0.8367,0.5253,0.9375,0.1667,0.7895,53.9641,57.2222,rain#3 2024-01-09,rain,selected
40/sublink_1,impl1_dynamic,19,3.0622,2.3986,-0.6636,-0.2167,1.2804,2.0753,0.6777,0.7198,0.9333,0.0,0.9333,45.5739,58.1818,rain#3 2024-01-09,rain,selected
3/sublink_3,impl2_classical_dynamic,19,3.0227,2.7546,-0.2681,-0.0887,1.1558,1.9456,0.6437,0.7715,1.0,0.0,1.0,52.3377,57.4308,rain#3 2024-01-09,rain,selected
8/sublink_1,impl2_classical_dynamic,19,3.0239,2.5903,-0.4335,-0.1434,1.0212,1.8784,0.6212,0.7747,1.0,0.0,1.0,49.2163,57.4533,rain#3 2024-01-09,rain,selected
12/sublink_2,impl2_classical_dynamic,19,2.9421,2.2976,-0.6445,-0.2191,0.992,1.8913,0.6428,0.7968,0.9333,0.0667,0.875,43.6542,55.9,rain#3 2024-01-09,rain,selected
20/sublink_2,impl2_classical_dynamic,19,2.9962,2.3422,-0.654,-0.2183,1.2583,2.0938,0.6988,0.7214,0.9375,0.0,0.9375,44.502,56.9276,rain#3 2024-01-09,rain,selected
31/sublink_1,impl2_classical_dynamic,19,2.9955,2.15,-0.8454,-0.2822,1.7843,2.6136,0.8725,0.5436,0.9333,0.0,0.9333,40.8509,56.9143,rain#3 2024-01-09,rain,selected
34/sublink_1,impl2_classical_dynamic,19,3.0117,2.8515,-0.1602,-0.0532,1.9155,2.4993,0.8299,0.534,0.9375,0.1667,0.7895,54.1792,57.2222,rain#3 2024-01-09,rain,selected
40/sublink_1,impl2_classical_dynamic,19,3.0622,2.4024,-0.6598,-0.2155,1.2766,2.0635,0.6739,0.7233,0.9333,0.0,0.9333,45.6464,58.1818,rain#3 2024-01-09,rain,selected
3/sublink_3,impl2_classical_constant,19,3.0227,3.0094,-0.0132,-0.0044,0.9058,1.3468,0.4456,0.9248,0.8125,0.0,0.8125,57.1795,57.4308,rain#3 2024-01-09,rain,selected
8/sublink_1,impl2_classical_constant,19,3.0239,3.1008,0.0769,0.0254,0.7351,1.189,0.3932,0.9258,0.9375,0.0,0.9375,58.9144,57.4533,rain#3 2024-01-09,rain,selected
12/sublink_2,impl2_classical_constant,19,2.9421,1.943,-0.9991,-0.3396,0.9991,1.4819,0.5037,0.9323,0.8667,0.0,0.8667,36.9169,55.9,rain#3 2024-01-09,rain,selected
20/sublink_2,impl2_classical_constant,19,2.9962,3.2118,0.2156,0.072,0.6689,0.9552,0.3188,0.9511,0.8125,0.0,0.8125,61.0243,56.9276,rain#3 2024-01-09,rain,selected
31/sublink_1,impl2_classical_constant,19,2.9955,0.1386,-2.8569,-0.9537,2.8569,4.0171,1.3411,0.2584,0.2667,0.0,0.2667,2.6333,56.9143,rain#3 2024-01-09,rain,selected
34/sublink_1,impl2_classical_constant,19,3.0117,4.3837,1.372,0.4556,1.5433,2.1163,0.7027,0.9473,0.875,0.0667,0.8235,83.2902,57.2222,rain#3 2024-01-09,rain,selected
40/sublink_1,impl2_classical_constant,19,3.0622,2.7883,-0.2739,-0.0895,0.6917,0.9349,0.3053,0.9537,0.8667,0.0,0.8667,52.977,58.1818,rain#3 2024-01-09,rain,selected
3/sublink_3,impl2_pycomlink,19,3.0227,3.0082,-0.0144,-0.0048,0.6432,1.1312,0.3742,0.9301,1.0,0.0588,0.9412,57.1564,57.4308,rain#3 2024-01-09,rain,selected
8/sublink_1,impl2_pycomlink,19,3.0239,2.9932,-0.0307,-0.0101,0.5644,1.0824,0.3579,0.9263,1.0,0.0588,0.9412,56.8706,57.4533,rain#3 2024-01-09,rain,selected
12/sublink_2,impl2_pycomlink,19,2.9421,2.1487,-0.7934,-0.2697,0.8005,1.2795,0.4349,0.9506,0.8667,0.0,0.8667,40.8252,55.9,rain#3 2024-01-09,rain,selected
20/sublink_2,impl2_pycomlink,19,2.9962,2.2673,-0.7289,-0.2433,0.731,1.2494,0.417,0.9476,0.8125,0.0,0.8125,43.0793,56.9276,rain#3 2024-01-09,rain,selected
31/sublink_1,impl2_pycomlink,19,2.9955,2.4863,-0.5092,-0.17,0.6904,1.0364,0.346,0.9587,0.9333,0.0667,0.875,47.2401,56.9143,rain#3 2024-01-09,rain,selected
34/sublink_1,impl2_pycomlink,19,3.0117,3.2568,0.2451,0.0814,0.828,1.0096,0.3352,0.9481,0.875,0.0667,0.8235,61.8798,57.2222,rain#3 2024-01-09,rain,selected
40/sublink_1,impl2_pycomlink,19,3.0622,2.7337,-0.3285,-0.1073,0.5564,0.8752,0.2858,0.958,0.9333,0.0,0.9333,51.9411,58.1818,rain#3 2024-01-09,rain,selected
3/sublink_3,impl2_nearby,19,3.0227,2.3214,-0.7012,-0.232,0.8493,1.3914,0.4603,0.907,0.875,0.0,0.875,44.1075,57.4308,rain#3 2024-01-09,rain,selected
8/sublink_1,impl2_nearby,19,3.0239,2.3313,-0.6926,-0.229,0.7426,1.377,0.4554,0.9175,0.9375,0.0,0.9375,44.2947,57.4533,rain#3 2024-01-09,rain,selected
12/sublink_2,impl2_nearby,19,2.9421,1.7109,-1.2312,-0.4185,1.2312,1.7622,0.5989,0.9328,0.8667,0.0,0.8667,32.5064,55.9,rain#3 2024-01-09,rain,selected
20/sublink_2,impl2_nearby,19,2.9962,2.4952,-0.501,-0.1672,0.7,1.2545,0.4187,0.9308,0.9375,0.0,0.9375,47.4085,56.9276,rain#3 2024-01-09,rain,selected
31/sublink_1,impl2_nearby,19,2.9955,2.4933,-0.5022,-0.1677,0.6838,1.0049,0.3355,0.9581,0.9333,0.0667,0.875,47.372,56.9143,rain#3 2024-01-09,rain,selected
34/sublink_1,impl2_nearby,19,3.0117,3.4894,0.4778,0.1586,1.0065,1.2291,0.4081,0.9389,0.875,0.125,0.7778,66.2995,57.2222,rain#3 2024-01-09,rain,selected
40/sublink_1,impl2_nearby,19,3.0622,2.2884,-0.7738,-0.2527,0.8592,1.2473,0.4073,0.9427,0.9333,0.0,0.9333,43.4796,58.1818,rain#3 2024-01-09,rain,selected
1/sublink_1,impl1_dynamic,19,3.1232,3.305,0.1818,0.0582,1.565,2.3012,0.7368,0.7585,0.8824,0.0,0.8824,62.7942,59.34,rain#3 2024-01-09,rain,qc
2/sublink_3,impl1_dynamic,19,2.9409,2.4079,-0.533,-0.1812,2.1014,2.7075,0.9207,0.4611,1.0,0.0625,0.9375,45.7494,55.8769,rain#3 2024-01-09,rain,qc
3/sublink_3,impl1_dynamic,19,3.0227,2.7496,-0.273,-0.0903,1.1608,1.9626,0.6493,0.7678,1.0,0.0,1.0,52.243,57.4308,rain#3 2024-01-09,rain,qc
4/sublink_1,impl1_dynamic,19,2.9707,3.3006,0.3299,0.1111,2.1289,3.3043,1.1123,0.4584,0.8,0.0,0.8,62.7116,56.4429,rain#3 2024-01-09,rain,qc
6/sublink_2,impl1_dynamic,19,2.8947,9.0209,6.1262,2.1163,6.1262,7.693,2.6576,0.7984,1.0,0.1579,0.8421,171.3976,55.0,rain#3 2024-01-09,rain,qc
8/sublink_1,impl1_dynamic,19,3.0239,2.5903,-0.4335,-0.1434,1.0212,1.8784,0.6212,0.7747,1.0,0.0,1.0,49.2163,57.4533,rain#3 2024-01-09,rain,qc
11/sublink_2,impl1_dynamic,19,3.2404,2.1322,-1.1081,-0.342,2.5755,3.2822,1.0129,0.1367,0.875,0.1765,0.7368,40.5122,61.5667,rain#3 2024-01-09,rain,qc
12/sublink_2,impl1_dynamic,19,2.9421,2.2892,-0.6529,-0.2219,1.0004,1.9202,0.6527,0.7903,0.9333,0.0667,0.875,43.4943,55.9,rain#3 2024-01-09,rain,qc
13/sublink_2,impl1_dynamic,19,3.003,2.4943,-0.5087,-0.1694,2.8001,3.713,1.2364,0.1232,1.0,0.0,1.0,47.3924,57.0571,rain#3 2024-01-09,rain,qc
16/sublink_1,impl1_dynamic,19,3.0526,9.0975,6.0448,1.9802,6.0448,6.7792,2.2208,0.1803,1.0,0.1579,0.8421,172.8517,58.0,rain#3 2024-01-09,rain,qc
17/sublink_2,impl1_dynamic,19,3.0126,3.8612,0.8486,0.2817,1.2669,1.7045,0.5658,0.8646,1.0,0.1579,0.8421,73.3628,57.24,rain#3 2024-01-09,rain,qc
18/sublink_2,impl1_dynamic,19,3.0263,11.98,8.9537,2.9586,9.0222,9.9718,3.295,0.2607,1.0,0.1579,0.8421,227.6206,57.5,rain#3 2024-01-09,rain,qc
19/sublink_2,impl1_dynamic,19,2.9585,1.3265,-1.632,-0.5516,1.6351,2.479,0.8379,0.7678,0.6667,0.0,0.6667,25.2036,56.2118,rain#3 2024-01-09,rain,qc
20/sublink_2,impl1_dynamic,19,2.9962,2.2622,-0.734,-0.245,1.3384,2.1658,0.7229,0.7037,0.9375,0.0,0.9375,42.9814,56.9276,rain#3 2024-01-09,rain,qc
22/sublink_1,impl1_dynamic,19,3.2404,8.1927,4.9523,1.5283,5.6955,7.7564,2.3937,0.5281,1.0,0.1111,0.8889,155.6612,61.5667,rain#3 2024-01-09,rain,qc
26/sublink_1,impl1_dynamic,19,2.9487,7.0144,4.0657,1.3788,4.221,5.1297,1.7397,0.7557,1.0,0.1579,0.8421,133.2728,56.025,rain#3 2024-01-09,rain,qc
27/sublink_1,impl1_dynamic,19,3.1654,0.4359,-2.7295,-0.8623,2.7489,3.8324,1.2107,0.6376,0.8235,0.0,0.8235,8.2818,60.1429,rain#3 2024-01-09,rain,qc
29/sublink_1,impl1_dynamic,19,3.0105,6.093,3.0825,1.0239,3.2235,4.3068,1.4306,0.9177,1.0,0.0,1.0,115.7674,57.2,rain#3 2024-01-09,rain,qc
30/sublink_1,impl1_dynamic,19,3.0316,3.547,0.5154,0.17,2.478,2.9,0.9566,0.2681,1.0,0.1579,0.8421,67.3934,57.6,rain#3 2024-01-09,rain,qc
31/sublink_1,impl1_dynamic,19,2.9955,2.115,-0.8805,-0.2939,1.8193,2.6542,0.8861,0.5272,0.9333,0.0,0.9333,40.1852,56.9143,rain#3 2024-01-09,rain,qc
32/sublink_1,impl1_dynamic,19,3.0532,0.7633,-2.2899,-0.75,2.2899,3.5109,1.1499,0.5864,0.875,0.0,0.875,14.5018,58.0105,rain#3 2024-01-09,rain,qc
34/sublink_1,impl1_dynamic,19,3.0117,2.8402,-0.1715,-0.0569,1.9268,2.5199,0.8367,0.5253,0.9375,0.1667,0.7895,53.9641,57.2222,rain#3 2024-01-09,rain,qc
38/sublink_1,impl1_dynamic,19,3.0221,3.112,0.0899,0.0297,1.348,2.1219,0.7021,0.8064,1.0,0.0,1.0,59.1273,57.42,rain#3 2024-01-09,rain,qc
40/sublink_1,impl1_dynamic,19,3.0622,2.3986,-0.6636,-0.2167,1.2804,2.0753,0.6777,0.7198,0.9333,0.0,0.9333,45.5739,58.1818,rain#3 2024-01-09,rain,qc
55/sublink_1,impl1_dynamic,19,3.1564,2.3765,-0.7798,-0.2471,2.9169,4.081,1.2929,-0.0046,1.0,0.1111,0.8889,45.1543,59.9714,rain#3 2024-01-09,rain,qc
1/sublink_1,impl2_classical_dynamic,19,3.1232,3.3262,0.203,0.065,1.5438,2.2517,0.721,0.7698,0.8824,0.0,0.8824,63.1976,59.34,rain#3 2024-01-09,rain,qc
2/sublink_3,impl2_classical_dynamic,19,2.9409,2.4395,-0.5014,-0.1705,2.0698,2.686,0.9133,0.4743,1.0,0.0625,0.9375,46.3508,55.8769,rain#3 2024-01-09,rain,qc
3/sublink_3,impl2_classical_dynamic,19,3.0227,2.7546,-0.2681,-0.0887,1.1558,1.9456,0.6437,0.7715,1.0,0.0,1.0,52.3377,57.4308,rain#3 2024-01-09,rain,qc
4/sublink_1,impl2_classical_dynamic,19,2.9707,3.3006,0.3299,0.1111,2.1289,3.3043,1.1123,0.4584,0.8,0.0,0.8,62.7116,56.4429,rain#3 2024-01-09,rain,qc
6/sublink_2,impl2_classical_dynamic,19,2.8947,9.1381,6.2434,2.1568,6.2434,7.7119,2.6641,0.8299,1.0,0.1579,0.8421,173.6241,55.0,rain#3 2024-01-09,rain,qc
8/sublink_1,impl2_classical_dynamic,19,3.0239,2.5903,-0.4335,-0.1434,1.0212,1.8784,0.6212,0.7747,1.0,0.0,1.0,49.2163,57.4533,rain#3 2024-01-09,rain,qc
11/sublink_2,impl2_classical_dynamic,19,3.2404,2.1322,-1.1081,-0.342,2.5755,3.2822,1.0129,0.1367,0.875,0.1765,0.7368,40.5122,61.5667,rain#3 2024-01-09,rain,qc
12/sublink_2,impl2_classical_dynamic,19,2.9421,2.2976,-0.6445,-0.2191,0.992,1.8913,0.6428,0.7968,0.9333,0.0667,0.875,43.6542,55.9,rain#3 2024-01-09,rain,qc
13/sublink_2,impl2_classical_dynamic,19,3.003,2.4943,-0.5087,-0.1694,2.8001,3.713,1.2364,0.1232,1.0,0.0,1.0,47.3924,57.0571,rain#3 2024-01-09,rain,qc
16/sublink_1,impl2_classical_dynamic,19,3.0526,9.1332,6.0805,1.9919,6.0805,6.7963,2.2264,0.2145,1.0,0.1579,0.8421,173.5302,58.0,rain#3 2024-01-09,rain,qc
17/sublink_2,impl2_classical_dynamic,19,3.0126,3.8612,0.8486,0.2817,1.2669,1.7045,0.5658,0.8646,1.0,0.1579,0.8421,73.3628,57.24,rain#3 2024-01-09,rain,qc
18/sublink_2,impl2_classical_dynamic,19,3.0263,12.3845,9.3582,3.0923,9.4267,10.7222,3.543,0.2314,1.0,0.1579,0.8421,235.3057,57.5,rain#3 2024-01-09,rain,qc
19/sublink_2,impl2_classical_dynamic,19,2.9585,1.3857,-1.5728,-0.5316,1.5759,2.3127,0.7817,0.8146,0.6667,0.0,0.6667,26.3278,56.2118,rain#3 2024-01-09,rain,qc
20/sublink_2,impl2_classical_dynamic,19,2.9962,2.3422,-0.654,-0.2183,1.2583,2.0938,0.6988,0.7214,0.9375,0.0,0.9375,44.502,56.9276,rain#3 2024-01-09,rain,qc
22/sublink_1,impl2_classical_dynamic,19,3.2404,8.2239,4.9836,1.538,5.6767,7.7615,2.3953,0.5356,1.0,0.1111,0.8889,156.2549,61.5667,rain#3 2024-01-09,rain,qc
26/sublink_1,impl2_classical_dynamic,19,2.9487,9.6255,6.6768,2.2643,6.8321,9.7082,3.2924,0.8191,1.0,0.1579,0.8421,182.884,56.025,rain#3 2024-01-09,rain,qc
27/sublink_1,impl2_classical_dynamic,19,3.1654,0.4359,-2.7295,-0.8623,2.7489,3.8324,1.2107,0.6376,0.8235,0.0,0.8235,8.2818,60.1429,rain#3 2024-01-09,rain,qc
29/sublink_1,impl2_classical_dynamic,19,3.0105,9.4216,6.4111,2.1295,6.5521,10.7168,3.5598,0.7961,1.0,0.0,1.0,179.0102,57.2,rain#3 2024-01-09,rain,qc
30/sublink_1,impl2_classical_dynamic,19,3.0316,3.5662,0.5346,0.1764,2.4588,2.8577,0.9426,0.2989,1.0,0.1579,0.8421,67.7583,57.6,rain#3 2024-01-09,rain,qc
31/sublink_1,impl2_classical_dynamic,19,2.9955,2.15,-0.8454,-0.2822,1.7843,2.6136,0.8725,0.5436,0.9333,0.0,0.9333,40.8509,56.9143,rain#3 2024-01-09,rain,qc
32/sublink_1,impl2_classical_dynamic,19,3.0532,0.7644,-2.2888,-0.7496,2.2888,3.5081,1.149,0.5904,0.875,0.0,0.875,14.5236,58.0105,rain#3 2024-01-09,rain,qc
34/sublink_1,impl2_classical_dynamic,19,3.0117,2.8515,-0.1602,-0.0532,1.9155,2.4993,0.8299,0.534,0.9375,0.1667,0.7895,54.1792,57.2222,rain#3 2024-01-09,rain,qc
38/sublink_1,impl2_classical_dynamic,19,3.0221,3.1585,0.1364,0.0451,1.3602,2.1375,0.7073,0.8122,1.0,0.0,1.0,60.0117,57.42,rain#3 2024-01-09,rain,qc
40/sublink_1,impl2_classical_dynamic,19,3.0622,2.4024,-0.6598,-0.2155,1.2766,2.0635,0.6739,0.7233,0.9333,0.0,0.9333,45.6464,58.1818,rain#3 2024-01-09,rain,qc
55/sublink_1,impl2_classical_dynamic,19,3.1564,2.3765,-0.7798,-0.2471,2.9169,4.081,1.2929,-0.0046,1.0,0.1111,0.8889,45.1543,59.9714,rain#3 2024-01-09,rain,qc
1/sublink_1,impl2_classical_constant,19,3.1232,4.3372,1.2141,0.3887,1.422,2.4711,0.7912,0.9413,0.8235,0.0,0.8235,82.4073,59.34,rain#3 2024-01-09,rain,qc
2/sublink_3,impl2_classical_constant,19,2.9409,0.114,-2.8269,-0.9613,2.8269,3.9169,1.3319,0.5448,0.2,0.0,0.2,2.1652,55.8769,rain#3 2024-01-09,rain,qc
3/sublink_3,impl2_classical_constant,19,3.0227,3.0094,-0.0132,-0.0044,0.9058,1.3468,0.4456,0.9248,0.8125,0.0,0.8125,57.1795,57.4308,rain#3 2024-01-09,rain,qc
4/sublink_1,impl2_classical_constant,19,2.9707,0.2323,-2.7384,-0.9218,2.7384,3.859,1.299,0.3296,0.1333,0.0,0.1333,4.4135,56.4429,rain#3 2024-01-09,rain,qc
6/sublink_2,impl2_classical_constant,19,2.8947,1.3265,-1.5682,-0.5418,1.5682,2.0184,0.6973,0.9069,0.5,0.0,0.5,25.2037,55.0,rain#3 2024-01-09,rain,qc
8/sublink_1,impl2_classical_constant,19,3.0239,3.1008,0.0769,0.0254,0.7351,1.189,0.3932,0.9258,0.9375,0.0,0.9375,58.9144,57.4533,rain#3 2024-01-09,rain,qc
11/sublink_2,impl2_classical_constant,19,3.2404,0.3922,-2.8482,-0.879,2.8482,3.8827,1.1982,0.5164,0.625,0.0,0.625,7.4512,61.5667,rain#3 2024-01-09,rain,qc
12/sublink_2,impl2_classical_constant,19,2.9421,1.943,-0.9991,-0.3396,0.9991,1.4819,0.5037,0.9323,0.8667,0.0,0.8667,36.9169,55.9,rain#3 2024-01-09,rain,qc
13/sublink_2,impl2_classical_constant,19,3.003,0.2013,-2.8017,-0.933,2.8017,3.8125,1.2696,0.553,0.125,0.0,0.125,3.8242,57.0571,rain#3 2024-01-09,rain,qc
16/sublink_1,impl2_classical_constant,19,3.0526,0.1513,-2.9013,-0.9504,2.9228,4.0373,1.3226,0.5504,0.5625,0.1,0.5294,2.875,58.0,rain#3 2024-01-09,rain,qc
17/sublink_2,impl2_classical_constant,19,3.0126,0.0523,-2.9604,-0.9827,2.9604,4.0616,1.3482,0.7346,0.1875,0.0,0.1875,0.9929,57.24,rain#3 2024-01-09,rain,qc
18/sublink_2,impl2_classical_constant,19,3.0263,0.104,-2.9223,-0.9656,2.9223,4.0823,1.3489,0.104,0.125,0.0,0.125,1.9756,57.5,rain#3 2024-01-09,rain,qc
19/sublink_2,impl2_classical_constant,19,2.9585,0.1206,-2.8379,-0.9592,2.8379,3.9395,1.3316,0.6576,0.3333,0.0,0.3333,2.291,56.2118,rain#3 2024-01-09,rain,qc
20/sublink_2,impl2_classical_constant,19,2.9962,3.2118,0.2156,0.072,0.6689,0.9552,0.3188,0.9511,0.8125,0.0,0.8125,61.0243,56.9276,rain#3 2024-01-09,rain,qc
22/sublink_1,impl2_classical_constant,19,3.2404,15.4253,12.185,3.7604,12.1989,14.4389,4.456,0.8379,1.0,0.0588,0.9412,293.0811,61.5667,rain#3 2024-01-09,rain,qc
26/sublink_1,impl2_classical_constant,19,2.9487,4.5911,1.6424,0.557,3.2088,5.7347,1.9448,0.8386,0.9375,0.0,0.9375,87.2314,56.025,rain#3 2024-01-09,rain,qc
27/sublink_1,impl2_classical_constant,19,3.1654,0.0,-3.1654,-1.0,3.1654,4.2738,1.3502,,0.0,,0.0,0.0,60.1429,rain#3 2024-01-09,rain,qc
29/sublink_1,impl2_classical_constant,19,3.0105,4.2147,1.2042,0.4,3.9188,6.3415,2.1064,0.6126,0.4375,0.0,0.4375,80.0801,57.2,rain#3 2024-01-09,rain,qc
30/sublink_1,impl2_classical_constant,19,3.0316,0.2128,-2.8188,-0.9298,2.8188,3.84,1.2667,0.8416,0.5,0.0,0.5,4.0427,57.6,rain#3 2024-01-09,rain,qc
31/sublink_1,impl2_classical_constant,19,2.9955,0.1386,-2.8569,-0.9537,2.8569,4.0171,1.3411,0.2584,0.2667,0.0,0.2667,2.6333,56.9143,rain#3 2024-01-09,rain,qc
32/sublink_1,impl2_classical_constant,19,3.0532,1.2125,-1.8407,-0.6029,1.8416,2.6999,0.8843,0.9393,0.875,0.0,0.875,23.0377,58.0105,rain#3 2024-01-09,rain,qc
34/sublink_1,impl2_classical_constant,19,3.0117,4.3837,1.372,0.4556,1.5433,2.1163,0.7027,0.9473,0.875,0.0667,0.8235,83.2902,57.2222,rain#3 2024-01-09,rain,qc
38/sublink_1,impl2_classical_constant,19,3.0221,3.4237,0.4016,0.1329,1.3245,2.1423,0.7089,0.9186,0.8667,0.0,0.8667,65.0511,57.42,rain#3 2024-01-09,rain,qc
40/sublink_1,impl2_classical_constant,19,3.0622,2.7883,-0.2739,-0.0895,0.6917,0.9349,0.3053,0.9537,0.8667,0.0,0.8667,52.977,58.1818,rain#3 2024-01-09,rain,qc
55/sublink_1,impl2_classical_constant,19,3.1564,0.0096,-3.1468,-0.997,3.1468,4.2821,1.3566,0.4082,0.0625,0.0,0.0625,0.1815,59.9714,rain#3 2024-01-09,rain,qc
1/sublink_1,impl2_pycomlink,19,3.1232,3.5534,0.4303,0.1378,0.9862,1.5773,0.505,0.9361,0.8235,0.0667,0.7778,67.515,59.34,rain#3 2024-01-09,rain,qc
2/sublink_3,impl2_pycomlink,19,2.9409,0.3487,-2.5922,-0.8814,2.5963,3.7768,1.2842,0.3102,0.4667,0.0,0.4667,6.6248,55.8769,rain#3 2024-01-09,rain,qc
3/sublink_3,impl2_pycomlink,19,3.0227,3.0082,-0.0144,-0.0048,0.6432,1.1312,0.3742,0.9301,1.0,0.0588,0.9412,57.1564,57.4308,rain#3 2024-01-09,rain,qc
4/sublink_1,impl2_pycomlink,19,2.9707,1.3411,-1.6296,-0.5485,1.6395,2.45,0.8247,0.7867,0.8,0.0,0.8,25.4812,56.4429,rain#3 2024-01-09,rain,qc
6/sublink_2,impl2_pycomlink,19,2.8947,2.0028,-0.8919,-0.3081,1.0187,1.4975,0.5173,0.9083,0.625,0.0,0.625,38.0541,55.0,rain#3 2024-01-09,rain,qc
8/sublink_1,impl2_pycomlink,19,3.0239,2.9932,-0.0307,-0.0101,0.5644,1.0824,0.3579,0.9263,1.0,0.0588,0.9412,56.8706,57.4533,rain#3 2024-01-09,rain,qc
11/sublink_2,impl2_pycomlink,19,3.2404,0.1337,-3.1067,-0.9587,3.1067,4.107,1.2674,0.5684,0.1875,0.0,0.1875,2.5403,61.5667,rain#3 2024-01-09,rain,qc
12/sublink_2,impl2_pycomlink,19,2.9421,2.1487,-0.7934,-0.2697,0.8005,1.2795,0.4349,0.9506,0.8667,0.0,0.8667,40.8252,55.9,rain#3 2024-01-09,rain,qc
13/sublink_2,impl2_pycomlink,19,3.003,0.438,-2.565,-0.8541,2.6931,3.7795,1.2586,0.2489,0.3125,0.0,0.3125,8.3219,57.0571,rain#3 2024-01-09,rain,qc
16/sublink_1,impl2_pycomlink,19,3.0526,0.0244,-3.0283,-0.992,3.0563,4.2053,1.3776,0.0791,0.0625,0.5,0.0588,0.4632,58.0,rain#3 2024-01-09,rain,qc
17/sublink_2,impl2_pycomlink,19,3.0126,0.3745,-2.6381,-0.8757,2.6381,3.6032,1.196,0.6998,0.4375,0.0,0.4375,7.1155,57.24,rain#3 2024-01-09,rain,qc
18/sublink_2,impl2_pycomlink,19,3.0263,0.3317,-2.6946,-0.8904,2.9069,4.0748,1.3465,0.0656,0.1875,0.0,0.1875,6.3031,57.5,rain#3 2024-01-09,rain,qc
19/sublink_2,impl2_pycomlink,19,2.9585,0.9393,-2.0192,-0.6825,2.0192,2.6487,0.8953,0.9189,0.5333,0.0,0.5333,17.8463,56.2118,rain#3 2024-01-09,rain,qc
20/sublink_2,impl2_pycomlink,19,2.9962,2.2673,-0.7289,-0.2433,0.731,1.2494,0.417,0.9476,0.8125,0.0,0.8125,43.0793,56.9276,rain#3 2024-01-09,rain,qc
22/sublink_1,impl2_pycomlink,19,3.2404,15.2513,12.011,3.7067,12.011,13.6493,4.2123,0.8399,1.0,0.1579,0.8421,289.7753,61.5667,rain#3 2024-01-09,rain,qc
26/sublink_1,impl2_pycomlink,19,2.9487,2.092,-0.8567,-0.2905,1.7606,2.441,0.8278,0.8098,0.5,0.0,0.5,39.7472,56.025,rain#3 2024-01-09,rain,qc
27/sublink_1,impl2_pycomlink,19,3.1654,0.0,-3.1654,-1.0,3.1654,4.2738,1.3502,,0.0,,0.0,0.0,60.1429,rain#3 2024-01-09,rain,qc
29/sublink_1,impl2_pycomlink,19,3.0105,3.5002,0.4896,0.1626,3.1564,4.8797,1.6209,0.6322,0.4375,0.0,0.4375,66.5031,57.2,rain#3 2024-01-09,rain,qc
30/sublink_1,impl2_pycomlink,19,3.0316,0.0498,-2.9818,-0.9836,2.9818,4.1038,1.3537,0.7623,0.1875,0.0,0.1875,0.9464,57.6,rain#3 2024-01-09,rain,qc
31/sublink_1,impl2_pycomlink,19,2.9955,2.4863,-0.5092,-0.17,0.6904,1.0364,0.346,0.9587,0.9333,0.0667,0.875,47.2401,56.9143,rain#3 2024-01-09,rain,qc
32/sublink_1,impl2_pycomlink,19,3.0532,1.0724,-1.9808,-0.6488,2.0207,2.9453,0.9647,0.9343,0.875,0.0667,0.8235,20.3749,58.0105,rain#3 2024-01-09,rain,qc
34/sublink_1,impl2_pycomlink,19,3.0117,3.2568,0.2451,0.0814,0.828,1.0096,0.3352,0.9481,0.875,0.0667,0.8235,61.8798,57.2222,rain#3 2024-01-09,rain,qc
38/sublink_1,impl2_pycomlink,19,3.0221,3.2074,0.1853,0.0613,1.0429,1.6786,0.5554,0.9253,0.8667,0.0,0.8667,60.9414,57.42,rain#3 2024-01-09,rain,qc
40/sublink_1,impl2_pycomlink,19,3.0622,2.7337,-0.3285,-0.1073,0.5564,0.8752,0.2858,0.958,0.9333,0.0,0.9333,51.9411,58.1818,rain#3 2024-01-09,rain,qc
55/sublink_1,impl2_pycomlink,19,3.1564,0.0002,-3.1562,-0.9999,3.1562,4.2999,1.3623,0.1776,0.0,,0.0,0.0043,59.9714,rain#3 2024-01-09,rain,qc
1/sublink_1,impl2_nearby,19,3.1232,3.4882,0.3651,0.1169,1.0931,1.8721,0.5994,0.9075,0.8824,0.0,0.8824,66.2765,59.34,rain#3 2024-01-09,rain,qc
2/sublink_3,impl2_nearby,19,2.9409,0.8432,-2.0977,-0.7133,2.0977,2.9929,1.0177,0.7703,0.9333,0.0,0.9333,16.0212,55.8769,rain#3 2024-01-09,rain,qc
3/sublink_3,impl2_nearby,19,3.0227,2.3214,-0.7012,-0.232,0.8493,1.3914,0.4603,0.907,0.875,0.0,0.875,44.1075,57.4308,rain#3 2024-01-09,rain,qc
4/sublink_1,impl2_nearby,19,2.9707,3.7761,0.8054,0.2711,2.4831,3.4567,1.1636,0.7198,0.7333,0.1538,0.6471,71.7455,56.4429,rain#3 2024-01-09,rain,qc
6/sublink_2,impl2_nearby,0,,,,,,,,,,,,0.0,0.0,rain#3 2024-01-09,rain,qc
8/sublink_1,impl2_nearby,19,3.0239,2.3313,-0.6926,-0.229,0.7426,1.377,0.4554,0.9175,0.9375,0.0,0.9375,44.2947,57.4533,rain#3 2024-01-09,rain,qc
11/sublink_2,impl2_nearby,17,3.6216,0.4152,-3.2064,-0.8854,3.2064,4.187,1.1561,0.3578,0.625,0.0,0.625,7.0576,61.5667,rain#3 2024-01-09,rain,qc
12/sublink_2,impl2_nearby,19,2.9421,1.7109,-1.2312,-0.4185,1.2312,1.7622,0.5989,0.9328,0.8667,0.0,0.8667,32.5064,55.9,rain#3 2024-01-09,rain,qc
13/sublink_2,impl2_nearby,19,3.003,1.3273,-1.6757,-0.558,1.6783,2.6437,0.8804,0.7006,0.875,0.0,0.875,25.2188,57.0571,rain#3 2024-01-09,rain,qc
16/sublink_1,impl2_nearby,0,,,,,,,,,,,,0.0,0.0,rain#3 2024-01-09,rain,qc
17/sublink_2,impl2_nearby,12,3.5817,2.1424,-1.4392,-0.4018,1.4737,1.7238,0.4813,0.9348,0.8333,0.0,0.8333,25.7093,42.98,rain#3 2024-01-09,rain,qc
18/sublink_2,impl2_nearby,1,0.0,0.0,0.0,,0.0,0.0,,,,,,0.0,0.0,rain#3 2024-01-09,rain,qc
19/sublink_2,impl2_nearby,19,2.9585,0.7603,-2.1983,-0.743,2.1983,2.9135,0.9848,0.8883,0.5333,0.0,0.5333,14.445,56.2118,rain#3 2024-01-09,rain,qc
20/sublink_2,impl2_nearby,19,2.9962,2.4962,-0.5,-0.1669,0.701,1.2545,0.4187,0.9308,0.9375,0.0,0.9375,47.4279,56.9276,rain#3 2024-01-09,rain,qc
22/sublink_1,impl2_nearby,9,2.584,9.6566,7.0726,2.7371,7.1696,8.6792,3.3589,0.7963,1.0,0.0,1.0,86.9091,23.2556,rain#3 2024-01-09,rain,qc
26/sublink_1,impl2_nearby,9,3.2333,1.6382,-1.5951,-0.4933,1.9103,2.6197,0.8102,0.8705,0.8333,0.0,0.8333,14.7438,29.1,rain#3 2024-01-09,rain,qc
27/sublink_1,impl2_nearby,19,3.1654,0.0021,-3.1633,-0.9993,3.1633,4.2699,1.3489,0.4109,0.0,,0.0,0.0394,60.1429,rain#3 2024-01-09,rain,qc
29/sublink_1,impl2_nearby,8,2.6125,1.2714,-1.3411,-0.5133,1.4641,2.2768,0.8715,0.8446,0.8,0.0,0.8,10.1716,20.9,rain#3 2024-01-09,rain,qc
30/sublink_1,impl2_nearby,19,3.0316,0.5171,-2.5144,-0.8294,2.5271,3.4951,1.1529,0.7655,0.8125,0.0714,0.7647,9.8256,57.6,rain#3 2024-01-09,rain,qc
31/sublink_1,impl2_nearby,19,2.9955,2.4939,-0.5016,-0.1675,0.6844,1.005,0.3355,0.9581,0.9333,0.0667,0.875,47.3839,56.9143,rain#3 2024-01-09,rain,qc
32/sublink_1,impl2_nearby,19,3.0532,0.7697,-2.2834,-0.7479,2.2928,3.2655,1.0696,0.9358,0.875,0.0,0.875,14.625,58.0105,rain#3 2024-01-09,rain,qc
34/sublink_1,impl2_nearby,19,3.0117,3.5179,0.5062,0.1681,1.0208,1.2352,0.4101,0.9381,0.9375,0.1176,0.8333,66.8394,57.2222,rain#3 2024-01-09,rain,qc
38/sublink_1,impl2_nearby,19,3.0221,2.7108,-0.3113,-0.103,1.0719,1.5365,0.5084,0.9092,0.8667,0.0,0.8667,51.5059,57.42,rain#3 2024-01-09,rain,qc
40/sublink_1,impl2_nearby,19,3.0622,2.2884,-0.7738,-0.2527,0.8592,1.2473,0.4073,0.9427,0.9333,0.0,0.9333,43.4796,58.1818,rain#3 2024-01-09,rain,qc
55/sublink_1,impl2_nearby,19,3.1564,0.1282,-3.0282,-0.9594,3.0282,4.095,1.2974,0.7125,0.3125,0.0,0.3125,2.4349,59.9714,rain#3 2024-01-09,rain,qc
3/sublink_3,impl1_dynamic,18,0.6932,0.9353,0.2421,0.3493,0.7716,1.3285,1.9166,0.6002,0.3333,0.1667,0.3125,16.8347,12.4769,mix#3 2024-01-16,mix,shared8
8/sublink_1,impl1_dynamic,18,0.6907,0.7746,0.0838,0.1214,0.6535,1.0861,1.5724,0.5891,0.3333,0.1667,0.3125,13.9422,12.4333,mix#3 2024-01-16,mix,shared8
12/sublink_2,impl1_dynamic,18,0.6944,1.8525,1.1581,1.6676,1.6093,2.6458,3.8099,0.7532,0.5333,0.1111,0.5,33.3454,12.5,mix#3 2024-01-16,mix,shared8
20/sublink_2,impl1_dynamic,18,0.7019,0.5148,-0.1871,-0.2666,0.3743,0.4577,0.6521,0.8699,0.4286,0.1429,0.4,9.2659,12.6345,mix#3 2024-01-16,mix,shared8
31/sublink_1,impl1_dynamic,18,0.7024,1.0608,0.3585,0.5103,0.8511,1.2864,1.8314,0.7479,0.7333,0.2143,0.6111,19.0951,12.6429,mix#3 2024-01-16,mix,shared8
40/sublink_1,impl1_dynamic,18,0.7202,1.8054,1.0852,1.5068,1.5163,2.8645,3.9774,0.8534,0.5714,0.0,0.5714,32.4972,12.9636,mix#3 2024-01-16,mix,shared8
45/sublink_1,impl1_dynamic,18,0.7263,1.6887,0.9624,1.3252,1.4652,2.9499,4.0617,0.7883,0.4286,0.0,0.4286,30.3965,13.0727,mix#3 2024-01-16,mix,shared8
34/sublink_1,impl1_dynamic,18,0.7173,1.5173,0.8,1.1153,1.2699,2.064,2.8775,0.7965,0.4,0.1429,0.375,27.311,12.9111,mix#3 2024-01-16,mix,shared8
3/sublink_3,impl2_classical_dynamic,18,0.6932,0.9353,0.2421,0.3493,0.7716,1.3285,1.9166,0.6002,0.3333,0.1667,0.3125,16.8347,12.4769,mix#3 2024-01-16,mix,shared8
8/sublink_1,impl2_classical_dynamic,18,0.6907,0.7746,0.0838,0.1214,0.6535,1.0861,1.5724,0.5891,0.3333,0.1667,0.3125,13.9422,12.4333,mix#3 2024-01-16,mix,shared8
12/sublink_2,impl2_classical_dynamic,18,0.6944,2.3682,1.6737,2.4102,2.1249,3.203,4.6123,0.5771,0.5333,0.2727,0.4444,42.6272,12.5,mix#3 2024-01-16,mix,shared8
20/sublink_2,impl2_classical_dynamic,18,0.7019,0.5148,-0.1871,-0.2666,0.3743,0.4577,0.6521,0.8699,0.4286,0.1429,0.4,9.2659,12.6345,mix#3 2024-01-16,mix,shared8
31/sublink_1,impl2_classical_dynamic,18,0.7024,2.0582,1.3558,1.9304,1.5231,2.7704,3.9443,0.7614,0.9333,0.1765,0.7778,37.0482,12.6429,mix#3 2024-01-16,mix,shared8
40/sublink_1,impl2_classical_dynamic,18,0.7202,1.8054,1.0852,1.5068,1.5163,2.8645,3.9774,0.8534,0.5714,0.0,0.5714,32.4972,12.9636,mix#3 2024-01-16,mix,shared8
45/sublink_1,impl2_classical_dynamic,18,0.7263,1.6887,0.9624,1.3252,1.4652,2.9499,4.0617,0.7883,0.4286,0.0,0.4286,30.3965,13.0727,mix#3 2024-01-16,mix,shared8
34/sublink_1,impl2_classical_dynamic,18,0.7173,1.5173,0.8,1.1153,1.2699,2.064,2.8775,0.7965,0.4,0.1429,0.375,27.311,12.9111,mix#3 2024-01-16,mix,shared8
3/sublink_3,impl2_classical_constant,18,0.6932,0.5993,-0.0938,-0.1354,0.7888,1.2464,1.7982,0.3228,0.2667,0.0,0.2667,10.7878,12.4769,mix#3 2024-01-16,mix,shared8
8/sublink_1,impl2_classical_constant,18,0.6907,0.5672,-0.1235,-0.1788,0.7056,1.0905,1.5787,0.3946,0.3333,0.0,0.3333,10.2103,12.4333,mix#3 2024-01-16,mix,shared8
12/sublink_2,impl2_classical_constant,18,0.6944,1.8064,1.1119,1.6012,1.6586,3.2805,4.7239,0.3928,0.3333,0.0,0.3333,32.5148,12.5,mix#3 2024-01-16,mix,shared8
20/sublink_2,impl2_classical_constant,18,0.7019,0.429,-0.2729,-0.3888,0.351,0.4522,0.6443,0.8794,0.4286,0.0,0.4286,7.7217,12.6345,mix#3 2024-01-16,mix,shared8
31/sublink_1,impl2_classical_constant,18,0.7024,0.7019,-0.0005,-0.0007,0.7518,1.2959,1.8449,0.5991,0.2667,0.0,0.2667,12.6334,12.6429,mix#3 2024-01-16,mix,shared8
40/sublink_1,impl2_classical_constant,18,0.7202,1.8261,1.1059,1.5355,1.6211,2.9137,4.0457,0.6418,0.3571,0.0,0.3571,32.8698,12.9636,mix#3 2024-01-16,mix,shared8
45/sublink_1,impl2_classical_constant,18,0.7263,1.5547,0.8284,1.1407,1.438,2.5928,3.5701,0.6275,0.3571,0.0,0.3571,27.9845,13.0727,mix#3 2024-01-16,mix,shared8
34/sublink_1,impl2_classical_constant,18,0.7173,1.0753,0.358,0.4991,0.9928,1.7398,2.4255,0.4496,0.3333,0.0,0.3333,19.3551,12.9111,mix#3 2024-01-16,mix,shared8
3/sublink_3,impl2_pycomlink,18,0.6932,0.7437,0.0506,0.073,0.792,1.2307,1.7755,0.3711,0.3333,0.1667,0.3125,13.3872,12.4769,mix#3 2024-01-16,mix,shared8
8/sublink_1,impl2_pycomlink,18,0.6907,0.6669,-0.0238,-0.0345,0.7108,1.0281,1.4884,0.4201,0.4,0.1429,0.375,12.0049,12.4333,mix#3 2024-01-16,mix,shared8
12/sublink_2,impl2_pycomlink,18,0.6944,2.6771,1.9827,2.855,2.5237,4.139,5.9602,0.135,0.3333,0.2857,0.2941,48.188,12.5,mix#3 2024-01-16,mix,shared8
20/sublink_2,impl2_pycomlink,18,0.7019,0.3684,-0.3335,-0.4751,0.4012,0.5002,0.7126,0.8724,0.4286,0.1429,0.4,6.632,12.6345,mix#3 2024-01-16,mix,shared8
31/sublink_1,impl2_pycomlink,18,0.7024,1.0126,0.3102,0.4416,0.8802,1.5041,2.1415,0.6269,0.3333,0.0,0.3333,18.2263,12.6429,mix#3 2024-01-16,mix,shared8
40/sublink_1,impl2_pycomlink,18,0.7202,1.934,1.2138,1.6853,1.7159,2.6535,3.6843,0.5445,0.3571,0.2857,0.3125,34.8113,12.9636,mix#3 2024-01-16,mix,shared8
45/sublink_1,impl2_pycomlink,18,0.7263,1.8199,1.0936,1.5059,1.6402,2.5983,3.5776,0.5537,0.3571,0.2857,0.3125,32.7584,13.0727,mix#3 2024-01-16,mix,shared8
34/sublink_1,impl2_pycomlink,18,0.7173,1.4006,0.6833,0.9527,1.2312,1.9057,2.6568,0.3857,0.4,0.25,0.3529,25.2114,12.9111,mix#3 2024-01-16,mix,shared8
3/sublink_3,impl2_nearby,18,0.6932,0.4917,-0.2014,-0.2906,0.7685,1.0792,1.5569,0.2744,0.3333,0.1667,0.3125,8.8514,12.4769,mix#3 2024-01-16,mix,shared8
8/sublink_1,impl2_nearby,18,0.6907,0.5137,-0.1771,-0.2564,0.7117,0.9881,1.4304,0.3564,0.3333,0.1667,0.3125,9.2459,12.4333,mix#3 2024-01-16,mix,shared8
12/sublink_2,impl2_nearby,18,0.6944,2.9164,2.222,3.1996,2.7636,4.474,6.4425,0.1416,0.3333,0.2857,0.2941,52.4956,12.5,mix#3 2024-01-16,mix,shared8
20/sublink_2,impl2_nearby,18,0.7019,0.2637,-0.4383,-0.6244,0.474,0.6168,0.8787,0.8594,0.4286,0.0,0.4286,4.7457,12.6345,mix#3 2024-01-16,mix,shared8
31/sublink_1,impl2_nearby,18,0.7024,1.6477,0.9453,1.3458,1.5424,2.4445,3.4803,0.2367,0.3333,0.2857,0.2941,29.6578,12.6429,mix#3 2024-01-16,mix,shared8
40/sublink_1,impl2_nearby,18,0.7202,2.2091,1.4889,2.0673,1.9897,3.1082,4.3157,0.4902,0.3571,0.2857,0.3125,39.7632,12.9636,mix#3 2024-01-16,mix,shared8
45/sublink_1,impl2_nearby,18,0.7263,1.8896,1.1633,1.6018,1.7319,2.7227,3.749,0.4843,0.3571,0.2857,0.3125,34.0124,13.0727,mix#3 2024-01-16,mix,shared8
34/sublink_1,impl2_nearby,18,0.7173,0.9585,0.2412,0.3363,1.0166,1.4376,2.0043,0.3052,0.3333,0.2857,0.2941,17.2535,12.9111,mix#3 2024-01-16,mix,shared8
3/sublink_3,impl1_dynamic,18,0.6932,0.9353,0.2421,0.3493,0.7716,1.3285,1.9166,0.6002,0.3333,0.1667,0.3125,16.8347,12.4769,mix#3 2024-01-16,mix,selected
8/sublink_1,impl1_dynamic,18,0.6907,0.7746,0.0838,0.1214,0.6535,1.0861,1.5724,0.5891,0.3333,0.1667,0.3125,13.9422,12.4333,mix#3 2024-01-16,mix,selected
12/sublink_2,impl1_dynamic,18,0.6944,1.8525,1.1581,1.6676,1.6093,2.6458,3.8099,0.7532,0.5333,0.1111,0.5,33.3454,12.5,mix#3 2024-01-16,mix,selected
20/sublink_2,impl1_dynamic,18,0.7019,0.5148,-0.1871,-0.2666,0.3743,0.4577,0.6521,0.8699,0.4286,0.1429,0.4,9.2659,12.6345,mix#3 2024-01-16,mix,selected
31/sublink_1,impl1_dynamic,18,0.7024,1.0608,0.3585,0.5103,0.8511,1.2864,1.8314,0.7479,0.7333,0.2143,0.6111,19.0951,12.6429,mix#3 2024-01-16,mix,selected
34/sublink_1,impl1_dynamic,18,0.7173,1.5173,0.8,1.1153,1.2699,2.064,2.8775,0.7965,0.4,0.1429,0.375,27.311,12.9111,mix#3 2024-01-16,mix,selected
40/sublink_1,impl1_dynamic,18,0.7202,1.8054,1.0852,1.5068,1.5163,2.8645,3.9774,0.8534,0.5714,0.0,0.5714,32.4972,12.9636,mix#3 2024-01-16,mix,selected
3/sublink_3,impl2_classical_dynamic,18,0.6932,0.9353,0.2421,0.3493,0.7716,1.3285,1.9166,0.6002,0.3333,0.1667,0.3125,16.8347,12.4769,mix#3 2024-01-16,mix,selected
8/sublink_1,impl2_classical_dynamic,18,0.6907,0.7746,0.0838,0.1214,0.6535,1.0861,1.5724,0.5891,0.3333,0.1667,0.3125,13.9422,12.4333,mix#3 2024-01-16,mix,selected
12/sublink_2,impl2_classical_dynamic,18,0.6944,2.3682,1.6737,2.4102,2.1249,3.203,4.6123,0.5771,0.5333,0.2727,0.4444,42.6272,12.5,mix#3 2024-01-16,mix,selected
20/sublink_2,impl2_classical_dynamic,18,0.7019,0.5148,-0.1871,-0.2666,0.3743,0.4577,0.6521,0.8699,0.4286,0.1429,0.4,9.2659,12.6345,mix#3 2024-01-16,mix,selected
31/sublink_1,impl2_classical_dynamic,18,0.7024,2.0582,1.3558,1.9304,1.5231,2.7704,3.9443,0.7614,0.9333,0.1765,0.7778,37.0482,12.6429,mix#3 2024-01-16,mix,selected
34/sublink_1,impl2_classical_dynamic,18,0.7173,1.5173,0.8,1.1153,1.2699,2.064,2.8775,0.7965,0.4,0.1429,0.375,27.311,12.9111,mix#3 2024-01-16,mix,selected
40/sublink_1,impl2_classical_dynamic,18,0.7202,1.8054,1.0852,1.5068,1.5163,2.8645,3.9774,0.8534,0.5714,0.0,0.5714,32.4972,12.9636,mix#3 2024-01-16,mix,selected
3/sublink_3,impl2_classical_constant,18,0.6932,0.5993,-0.0938,-0.1354,0.7888,1.2464,1.7982,0.3228,0.2667,0.0,0.2667,10.7878,12.4769,mix#3 2024-01-16,mix,selected
8/sublink_1,impl2_classical_constant,18,0.6907,0.5672,-0.1235,-0.1788,0.7056,1.0905,1.5787,0.3946,0.3333,0.0,0.3333,10.2103,12.4333,mix#3 2024-01-16,mix,selected
12/sublink_2,impl2_classical_constant,18,0.6944,1.8064,1.1119,1.6012,1.6586,3.2805,4.7239,0.3928,0.3333,0.0,0.3333,32.5148,12.5,mix#3 2024-01-16,mix,selected
20/sublink_2,impl2_classical_constant,18,0.7019,0.429,-0.2729,-0.3888,0.351,0.4522,0.6443,0.8794,0.4286,0.0,0.4286,7.7217,12.6345,mix#3 2024-01-16,mix,selected
31/sublink_1,impl2_classical_constant,18,0.7024,0.7019,-0.0005,-0.0007,0.7518,1.2959,1.8449,0.5991,0.2667,0.0,0.2667,12.6334,12.6429,mix#3 2024-01-16,mix,selected
34/sublink_1,impl2_classical_constant,18,0.7173,1.0753,0.358,0.4991,0.9928,1.7398,2.4255,0.4496,0.3333,0.0,0.3333,19.3551,12.9111,mix#3 2024-01-16,mix,selected
40/sublink_1,impl2_classical_constant,18,0.7202,1.8261,1.1059,1.5355,1.6211,2.9137,4.0457,0.6418,0.3571,0.0,0.3571,32.8698,12.9636,mix#3 2024-01-16,mix,selected
3/sublink_3,impl2_pycomlink,18,0.6932,0.7437,0.0506,0.073,0.792,1.2307,1.7755,0.3711,0.3333,0.1667,0.3125,13.3872,12.4769,mix#3 2024-01-16,mix,selected
8/sublink_1,impl2_pycomlink,18,0.6907,0.6669,-0.0238,-0.0345,0.7108,1.0281,1.4884,0.4201,0.4,0.1429,0.375,12.0049,12.4333,mix#3 2024-01-16,mix,selected
12/sublink_2,impl2_pycomlink,18,0.6944,2.6771,1.9827,2.855,2.5237,4.139,5.9602,0.135,0.3333,0.2857,0.2941,48.188,12.5,mix#3 2024-01-16,mix,selected
20/sublink_2,impl2_pycomlink,18,0.7019,0.3684,-0.3335,-0.4751,0.4012,0.5002,0.7126,0.8724,0.4286,0.1429,0.4,6.632,12.6345,mix#3 2024-01-16,mix,selected
31/sublink_1,impl2_pycomlink,18,0.7024,1.0126,0.3102,0.4416,0.8802,1.5041,2.1415,0.6269,0.3333,0.0,0.3333,18.2263,12.6429,mix#3 2024-01-16,mix,selected
34/sublink_1,impl2_pycomlink,18,0.7173,1.4006,0.6833,0.9527,1.2312,1.9057,2.6568,0.3857,0.4,0.25,0.3529,25.2114,12.9111,mix#3 2024-01-16,mix,selected
40/sublink_1,impl2_pycomlink,18,0.7202,1.934,1.2138,1.6853,1.7159,2.6535,3.6843,0.5445,0.3571,0.2857,0.3125,34.8113,12.9636,mix#3 2024-01-16,mix,selected
3/sublink_3,impl2_nearby,18,0.6932,0.4917,-0.2014,-0.2906,0.7685,1.0792,1.5569,0.2744,0.3333,0.1667,0.3125,8.8514,12.4769,mix#3 2024-01-16,mix,selected
8/sublink_1,impl2_nearby,18,0.6907,0.5137,-0.1771,-0.2564,0.7117,0.9881,1.4304,0.3564,0.3333,0.1667,0.3125,9.2459,12.4333,mix#3 2024-01-16,mix,selected
12/sublink_2,impl2_nearby,18,0.6944,2.8061,2.1117,3.0408,2.6533,4.3146,6.213,0.1278,0.3333,0.2857,0.2941,50.51,12.5,mix#3 2024-01-16,mix,selected
20/sublink_2,impl2_nearby,18,0.7019,0.2637,-0.4383,-0.6244,0.474,0.6168,0.8787,0.8594,0.4286,0.0,0.4286,4.7457,12.6345,mix#3 2024-01-16,mix,selected
31/sublink_1,impl2_nearby,18,0.7024,1.6477,0.9453,1.3458,1.5424,2.4445,3.4803,0.2367,0.3333,0.2857,0.2941,29.6578,12.6429,mix#3 2024-01-16,mix,selected
34/sublink_1,impl2_nearby,18,0.7173,1.098,0.3807,0.5308,1.1489,1.6695,2.3275,0.2608,0.3333,0.2857,0.2941,19.764,12.9111,mix#3 2024-01-16,mix,selected
40/sublink_1,impl2_nearby,18,0.7202,2.2091,1.4889,2.0673,1.9897,3.1082,4.3157,0.4902,0.3571,0.2857,0.3125,39.7632,12.9636,mix#3 2024-01-16,mix,selected
1/sublink_1,impl1_dynamic,18,0.7456,2.2511,1.5055,2.0193,1.9116,3.0411,4.0789,0.4047,0.6,0.1,0.5625,40.5191,13.42,mix#3 2024-01-16,mix,qc
2/sublink_3,impl1_dynamic,18,0.6876,2.0689,1.3813,2.0089,1.4076,1.6924,2.4613,0.4216,1.0,0.2222,0.7778,37.2405,12.3769,mix#3 2024-01-16,mix,qc
3/sublink_3,impl1_dynamic,18,0.6932,0.9353,0.2421,0.3493,0.7716,1.3285,1.9166,0.6002,0.3333,0.1667,0.3125,16.8347,12.4769,mix#3 2024-01-16,mix,qc
4/sublink_1,impl1_dynamic,18,0.6905,1.8955,1.205,1.7452,1.6306,2.9564,4.2817,0.8713,0.4615,0.0,0.4615,34.1194,12.4286,mix#3 2024-01-16,mix,qc
6/sublink_2,impl1_dynamic,18,0.7056,7.8447,7.1391,10.1185,7.1391,8.7682,12.4273,0.6397,1.0,0.2222,0.7778,141.2045,12.7,mix#3 2024-01-16,mix,qc
8/sublink_1,impl1_dynamic,18,0.6907,0.7746,0.0838,0.1214,0.6535,1.0861,1.5724,0.5891,0.3333,0.1667,0.3125,13.9422,12.4333,mix#3 2024-01-16,mix,qc
11/sublink_2,impl1_dynamic,18,0.5765,0.8741,0.2975,0.516,0.8979,1.2424,2.1549,-0.2828,0.8571,0.2,0.7059,15.7331,10.3778,mix#3 2024-01-16,mix,qc
12/sublink_2,impl1_dynamic,18,0.6944,1.8525,1.1581,1.6676,1.6093,2.6458,3.8099,0.7532,0.5333,0.1111,0.5,33.3454,12.5,mix#3 2024-01-16,mix,qc
13/sublink_2,impl1_dynamic,18,0.6857,0.8065,0.1208,0.1761,0.6398,1.1103,1.6192,0.8036,0.3333,0.0,0.3333,14.517,12.3429,mix#3 2024-01-16,mix,qc
16/sublink_1,impl1_dynamic,18,0.6722,12.0398,11.3676,16.9105,11.3676,12.2504,18.2237,0.1802,1.0,0.2222,0.7778,216.7167,12.1,mix#3 2024-01-16,mix,qc
17/sublink_2,impl1_dynamic,18,0.6967,0.651,-0.0457,-0.0656,0.6994,0.8715,1.2509,0.294,0.6429,0.3077,0.5,11.7171,12.54,mix#3 2024-01-16,mix,qc
18/sublink_2,impl1_dynamic,18,0.6889,10.9511,10.2622,14.8968,10.2622,10.499,15.2405,0.318,1.0,0.2778,0.7222,197.1205,12.4,mix#3 2024-01-16,mix,qc
19/sublink_2,impl1_dynamic,18,0.6977,0.4125,-0.2852,-0.4087,0.9289,1.2546,1.7982,-0.2666,0.3333,0.1667,0.3125,7.4258,12.5588,mix#3 2024-01-16,mix,qc
20/sublink_2,impl1_dynamic,18,0.7019,0.5148,-0.1871,-0.2666,0.3743,0.4577,0.6521,0.8699,0.4286,0.1429,0.4,9.2659,12.6345,mix#3 2024-01-16,mix,qc
22/sublink_1,impl1_dynamic,18,0.5765,1.4447,0.8681,1.5058,0.9679,1.8866,3.2722,0.7605,1.0,0.125,0.875,26.0045,10.3778,mix#3 2024-01-16,mix,qc
26/sublink_1,impl1_dynamic,18,0.6875,3.4385,2.751,4.0014,2.751,3.3888,4.9291,0.4915,1.0,0.2778,0.7222,61.8921,12.375,mix#3 2024-01-16,mix,qc
27/sublink_1,impl1_dynamic,18,0.7706,0.338,-0.4326,-0.5614,0.4764,0.7431,0.9643,0.7613,0.8667,0.0,0.8667,6.0842,13.8714,mix#3 2024-01-16,mix,qc
29/sublink_1,impl1_dynamic,18,0.6944,3.6016,2.9072,4.1863,3.0287,5.0778,7.312,0.051,0.8571,0.2,0.7059,64.8291,12.5,mix#3 2024-01-16,mix,qc
30/sublink_1,impl1_dynamic,18,0.6861,4.9247,4.2385,6.1776,4.2385,4.5213,6.5898,0.4759,1.0,0.1667,0.8333,88.6438,12.35,mix#3 2024-01-16,mix,qc
31/sublink_1,impl1_dynamic,18,0.7024,1.0608,0.3585,0.5103,0.8511,1.2864,1.8314,0.7479,0.7333,0.2143,0.6111,19.0951,12.6429,mix#3 2024-01-16,mix,qc
32/sublink_1,impl1_dynamic,18,0.7251,0.513,-0.2122,-0.2926,0.4556,0.5818,0.8023,0.828,0.4,0.0,0.4,9.2334,13.0526,mix#3 2024-01-16,mix,qc
34/sublink_1,impl1_dynamic,18,0.7173,1.5173,0.8,1.1153,1.2699,2.064,2.8775,0.7965,0.4,0.1429,0.375,27.311,12.9111,mix#3 2024-01-16,mix,qc
38/sublink_1,impl1_dynamic,18,0.7028,1.2973,0.5946,0.846,0.9601,1.722,2.4503,0.9386,0.6429,0.1,0.6,23.3522,12.65,mix#3 2024-01-16,mix,qc
40/sublink_1,impl1_dynamic,18,0.7202,1.8054,1.0852,1.5068,1.5163,2.8645,3.9774,0.8534,0.5714,0.0,0.5714,32.4972,12.9636,mix#3 2024-01-16,mix,qc
55/sublink_1,impl1_dynamic,18,0.7183,1.9944,1.2762,1.7768,1.3022,1.6535,2.3022,0.6914,1.0,0.2222,0.7778,35.9,12.9286,mix#3 2024-01-16,mix,qc
1/sublink_1,impl2_classical_dynamic,18,0.7456,2.2511,1.5055,2.0193,1.9116,3.0411,4.0789,0.4047,0.6,0.1,0.5625,40.5191,13.42,mix#3 2024-01-16,mix,qc
2/sublink_3,impl2_classical_dynamic,18,0.6876,2.0689,1.3813,2.0089,1.4076,1.6924,2.4613,0.4216,1.0,0.2222,0.7778,37.2405,12.3769,mix#3 2024-01-16,mix,qc
3/sublink_3,impl2_classical_dynamic,18,0.6932,0.9353,0.2421,0.3493,0.7716,1.3285,1.9166,0.6002,0.3333,0.1667,0.3125,16.8347,12.4769,mix#3 2024-01-16,mix,qc
4/sublink_1,impl2_classical_dynamic,18,0.6905,1.8955,1.205,1.7452,1.6306,2.9564,4.2817,0.8713,0.4615,0.0,0.4615,34.1194,12.4286,mix#3 2024-01-16,mix,qc
6/sublink_2,impl2_classical_dynamic,18,0.7056,7.8447,7.1391,10.1185,7.1391,8.7682,12.4273,0.6397,1.0,0.2222,0.7778,141.2045,12.7,mix#3 2024-01-16,mix,qc
8/sublink_1,impl2_classical_dynamic,18,0.6907,0.7746,0.0838,0.1214,0.6535,1.0861,1.5724,0.5891,0.3333,0.1667,0.3125,13.9422,12.4333,mix#3 2024-01-16,mix,qc
11/sublink_2,impl2_classical_dynamic,18,0.5765,0.8741,0.2975,0.516,0.8979,1.2424,2.1549,-0.2828,0.8571,0.2,0.7059,15.7331,10.3778,mix#3 2024-01-16,mix,qc
12/sublink_2,impl2_classical_dynamic,18,0.6944,2.3682,1.6737,2.4102,2.1249,3.203,4.6123,0.5771,0.5333,0.2727,0.4444,42.6272,12.5,mix#3 2024-01-16,mix,qc
13/sublink_2,impl2_classical_dynamic,18,0.6857,0.8065,0.1208,0.1761,0.6398,1.1103,1.6192,0.8036,0.3333,0.0,0.3333,14.517,12.3429,mix#3 2024-01-16,mix,qc
16/sublink_1,impl2_classical_dynamic,18,0.6722,12.0398,11.3676,16.9105,11.3676,12.2504,18.2237,0.1802,1.0,0.2222,0.7778,216.7167,12.1,mix#3 2024-01-16,mix,qc
17/sublink_2,impl2_classical_dynamic,18,0.6967,0.651,-0.0457,-0.0656,0.6994,0.8715,1.2509,0.294,0.6429,0.3077,0.5,11.7171,12.54,mix#3 2024-01-16,mix,qc
18/sublink_2,impl2_classical_dynamic,18,0.6889,10.9511,10.2622,14.8968,10.2622,10.499,15.2405,0.318,1.0,0.2778,0.7222,197.1205,12.4,mix#3 2024-01-16,mix,qc
19/sublink_2,impl2_classical_dynamic,18,0.6977,0.4125,-0.2852,-0.4087,0.9289,1.2546,1.7982,-0.2666,0.3333,0.1667,0.3125,7.4258,12.5588,mix#3 2024-01-16,mix,qc
20/sublink_2,impl2_classical_dynamic,18,0.7019,0.5148,-0.1871,-0.2666,0.3743,0.4577,0.6521,0.8699,0.4286,0.1429,0.4,9.2659,12.6345,mix#3 2024-01-16,mix,qc
22/sublink_1,impl2_classical_dynamic,18,0.5765,1.4447,0.8681,1.5058,0.9679,1.8866,3.2722,0.7605,1.0,0.125,0.875,26.0045,10.3778,mix#3 2024-01-16,mix,qc
26/sublink_1,impl2_classical_dynamic,18,0.6875,3.4385,2.751,4.0014,2.751,3.3888,4.9291,0.4915,1.0,0.2778,0.7222,61.8921,12.375,mix#3 2024-01-16,mix,qc
27/sublink_1,impl2_classical_dynamic,18,0.7706,0.338,-0.4326,-0.5614,0.4764,0.7431,0.9643,0.7613,0.8667,0.0,0.8667,6.0842,13.8714,mix#3 2024-01-16,mix,qc
29/sublink_1,impl2_classical_dynamic,18,0.6944,3.6016,2.9072,4.1863,3.0287,5.0778,7.312,0.051,0.8571,0.2,0.7059,64.8291,12.5,mix#3 2024-01-16,mix,qc
30/sublink_1,impl2_classical_dynamic,18,0.6861,4.9247,4.2385,6.1776,4.2385,4.5213,6.5898,0.4759,1.0,0.1667,0.8333,88.6438,12.35,mix#3 2024-01-16,mix,qc
31/sublink_1,impl2_classical_dynamic,18,0.7024,2.0582,1.3558,1.9304,1.5231,2.7704,3.9443,0.7614,0.9333,0.1765,0.7778,37.0482,12.6429,mix#3 2024-01-16,mix,qc
32/sublink_1,impl2_classical_dynamic,18,0.7251,0.513,-0.2122,-0.2926,0.4556,0.5818,0.8023,0.828,0.4,0.0,0.4,9.2334,13.0526,mix#3 2024-01-16,mix,qc
34/sublink_1,impl2_classical_dynamic,18,0.7173,1.5173,0.8,1.1153,1.2699,2.064,2.8775,0.7965,0.4,0.1429,0.375,27.311,12.9111,mix#3 2024-01-16,mix,qc
38/sublink_1,impl2_classical_dynamic,18,0.7028,1.2973,0.5946,0.846,0.9601,1.722,2.4503,0.9386,0.6429,0.1,0.6,23.3522,12.65,mix#3 2024-01-16,mix,qc
40/sublink_1,impl2_classical_dynamic,18,0.7202,1.8054,1.0852,1.5068,1.5163,2.8645,3.9774,0.8534,0.5714,0.0,0.5714,32.4972,12.9636,mix#3 2024-01-16,mix,qc
55/sublink_1,impl2_classical_dynamic,18,0.7183,1.9944,1.2762,1.7768,1.3022,1.6535,2.3022,0.6914,1.0,0.2222,0.7778,35.9,12.9286,mix#3 2024-01-16,mix,qc
1/sublink_1,impl2_classical_constant,18,0.7456,1.0158,0.2703,0.3625,0.9198,1.6774,2.2499,0.431,0.3333,0.0,0.3333,18.2852,13.42,mix#3 2024-01-16,mix,qc
2/sublink_3,impl2_classical_constant,18,0.6876,0.0,-0.6876,-1.0,0.6876,0.9943,1.446,,0.0,,0.0,0.0,12.3769,mix#3 2024-01-16,mix,qc
3/sublink_3,impl2_classical_constant,18,0.6932,0.5993,-0.0938,-0.1354,0.7888,1.2464,1.7982,0.3228,0.2667,0.0,0.2667,10.7878,12.4769,mix#3 2024-01-16,mix,qc
4/sublink_1,impl2_classical_constant,18,0.6905,0.0,-0.6905,-1.0,0.6905,1.0117,1.4653,,0.0,,0.0,0.0,12.4286,mix#3 2024-01-16,mix,qc
6/sublink_2,impl2_classical_constant,18,0.7056,0.7521,0.0465,0.0659,0.9201,2.1473,3.0434,0.5991,0.2143,0.0,0.2143,13.5374,12.7,mix#3 2024-01-16,mix,qc
8/sublink_1,impl2_classical_constant,18,0.6907,0.5672,-0.1235,-0.1788,0.7056,1.0905,1.5787,0.3946,0.3333,0.0,0.3333,10.2103,12.4333,mix#3 2024-01-16,mix,qc
11/sublink_2,impl2_classical_constant,18,0.5765,0.0866,-0.49,-0.8498,0.5526,0.8551,1.4831,-0.0818,0.2143,0.25,0.2,1.5584,10.3778,mix#3 2024-01-16,mix,qc
12/sublink_2,impl2_classical_constant,18,0.6944,1.8064,1.1119,1.6012,1.6586,3.2805,4.7239,0.3928,0.3333,0.0,0.3333,32.5148,12.5,mix#3 2024-01-16,mix,qc
13/sublink_2,impl2_classical_constant,18,0.6857,0.0,-0.6857,-1.0,0.6857,0.9845,1.4358,,0.0,,0.0,0.0,12.3429,mix#3 2024-01-16,mix,qc
16/sublink_1,impl2_classical_constant,18,0.6722,0.3508,-0.3214,-0.4781,0.5262,0.7695,1.1447,0.2881,0.6429,0.1,0.6,6.3151,12.1,mix#3 2024-01-16,mix,qc
17/sublink_2,impl2_classical_constant,18,0.6967,0.0,-0.6967,-1.0,0.6967,1.0241,1.47,,0.0,,0.0,0.0,12.54,mix#3 2024-01-16,mix,qc
18/sublink_2,impl2_classical_constant,18,0.6889,0.0069,-0.682,-0.9899,0.682,1.0237,1.486,0.2811,0.0,,0.0,0.1248,12.4,mix#3 2024-01-16,mix,qc
19/sublink_2,impl2_classical_constant,18,0.6977,0.0,-0.6977,-1.0,0.6977,1.0117,1.45,,0.0,,0.0,0.0,12.5588,mix#3 2024-01-16,mix,qc
20/sublink_2,impl2_classical_constant,18,0.7019,0.429,-0.2729,-0.3888,0.351,0.4522,0.6443,0.8794,0.4286,0.0,0.4286,7.7217,12.6345,mix#3 2024-01-16,mix,qc
22/sublink_1,impl2_classical_constant,18,0.5765,0.4521,-0.1244,-0.2158,0.5537,0.8985,1.5584,0.4458,0.2857,0.0,0.2857,8.1384,10.3778,mix#3 2024-01-16,mix,qc
26/sublink_1,impl2_classical_constant,18,0.6875,0.0564,-0.6311,-0.9179,0.6311,0.9186,1.3361,0.916,0.3077,0.0,0.3077,1.0158,12.375,mix#3 2024-01-16,mix,qc
27/sublink_1,impl2_classical_constant,18,0.7706,0.0,-0.7706,-1.0,0.7706,1.1315,1.4683,,0.0,,0.0,0.0,13.8714,mix#3 2024-01-16,mix,qc
29/sublink_1,impl2_classical_constant,18,0.6944,0.0023,-0.6921,-0.9966,0.6921,1.0164,1.4637,0.0669,0.0,,0.0,0.042,12.5,mix#3 2024-01-16,mix,qc
30/sublink_1,impl2_classical_constant,18,0.6861,0.104,-0.5821,-0.8484,0.6139,0.8434,1.2293,0.533,0.1333,0.3333,0.125,1.8728,12.35,mix#3 2024-01-16,mix,qc
31/sublink_1,impl2_classical_constant,18,0.7024,0.7019,-0.0005,-0.0007,0.7518,1.2959,1.8449,0.5991,0.2667,0.0,0.2667,12.6334,12.6429,mix#3 2024-01-16,mix,qc
32/sublink_1,impl2_classical_constant,18,0.7251,0.3773,-0.3478,-0.4797,0.5874,0.7893,1.0885,0.5231,0.3333,0.0,0.3333,6.7917,13.0526,mix#3 2024-01-16,mix,qc
34/sublink_1,impl2_classical_constant,18,0.7173,1.0753,0.358,0.4991,0.9928,1.7398,2.4255,0.4496,0.3333,0.0,0.3333,19.3551,12.9111,mix#3 2024-01-16,mix,qc
38/sublink_1,impl2_classical_constant,18,0.7028,1.1271,0.4244,0.6038,0.928,1.3869,1.9734,0.8037,0.3571,0.0,0.3571,20.2885,12.65,mix#3 2024-01-16,mix,qc
40/sublink_1,impl2_classical_constant,18,0.7202,1.8261,1.1059,1.5355,1.6211,2.9137,4.0457,0.6418,0.3571,0.0,0.3571,32.8698,12.9636,mix#3 2024-01-16,mix,qc
55/sublink_1,impl2_classical_constant,18,0.7183,0.001,-0.7172,-0.9986,0.7172,1.0801,1.5038,0.525,0.0,,0.0,0.0185,12.9286,mix#3 2024-01-16,mix,qc
1/sublink_1,impl2_pycomlink,18,0.7456,2.2094,1.4638,1.9634,2.0266,3.7809,5.0713,0.0081,0.4,0.1429,0.375,39.7689,13.42,mix#3 2024-01-16,mix,qc
2/sublink_3,impl2_pycomlink,18,0.6876,0.0117,-0.6759,-0.983,0.6759,0.9883,1.4372,-0.0485,0.0714,0.0,0.0714,0.2108,12.3769,mix#3 2024-01-16,mix,qc
3/sublink_3,impl2_pycomlink,18,0.6932,0.7437,0.0506,0.073,0.792,1.2307,1.7755,0.3711,0.3333,0.1667,0.3125,13.3872,12.4769,mix#3 2024-01-16,mix,qc
4/sublink_1,impl2_pycomlink,18,0.6905,0.5195,-0.1709,-0.2476,0.5307,0.7529,1.0904,0.6529,0.3846,0.0,0.3846,9.3518,12.4286,mix#3 2024-01-16,mix,qc
6/sublink_2,impl2_pycomlink,18,0.7056,1.0608,0.3552,0.5034,1.0285,2.647,3.7516,0.6548,0.3571,0.0,0.3571,19.0936,12.7,mix#3 2024-01-16,mix,qc
8/sublink_1,impl2_pycomlink,18,0.6907,0.6669,-0.0238,-0.0345,0.7108,1.0281,1.4884,0.4201,0.4,0.1429,0.375,12.0049,12.4333,mix#3 2024-01-16,mix,qc
11/sublink_2,impl2_pycomlink,18,0.5765,0.0,-0.5765,-1.0,0.5765,0.8772,1.5214,,0.0,,0.0,0.0,10.3778,mix#3 2024-01-16,mix,qc
12/sublink_2,impl2_pycomlink,18,0.6944,2.6771,1.9827,2.855,2.5237,4.139,5.9602,0.135,0.3333,0.2857,0.2941,48.188,12.5,mix#3 2024-01-16,mix,qc
13/sublink_2,impl2_pycomlink,18,0.6857,0.2611,-0.4247,-0.6193,0.4526,0.593,0.8648,0.8114,0.2667,0.0,0.2667,4.6992,12.3429,mix#3 2024-01-16,mix,qc
16/sublink_1,impl2_pycomlink,18,0.6722,0.1516,-0.5206,-0.7744,0.7407,1.0127,1.5065,-0.2941,0.2143,0.25,0.2,2.7297,12.1,mix#3 2024-01-16,mix,qc
17/sublink_2,impl2_pycomlink,18,0.6967,0.0268,-0.6698,-0.9615,0.68,1.02,1.4641,-0.1462,0.0714,0.0,0.0714,0.4827,12.54,mix#3 2024-01-16,mix,qc
18/sublink_2,impl2_pycomlink,18,0.6889,0.0,-0.6889,-1.0,0.6889,1.0323,1.4984,,0.0,,0.0,0.0,12.4,mix#3 2024-01-16,mix,qc
19/sublink_2,impl2_pycomlink,18,0.6977,0.0,-0.6977,-1.0,0.6977,1.0117,1.45,,0.0,,0.0,0.0,12.5588,mix#3 2024-01-16,mix,qc
20/sublink_2,impl2_pycomlink,18,0.7019,0.3684,-0.3335,-0.4751,0.4012,0.5002,0.7126,0.8724,0.4286,0.1429,0.4,6.632,12.6345,mix#3 2024-01-16,mix,qc
22/sublink_1,impl2_pycomlink,18,0.5765,0.4444,-0.1321,-0.2292,0.3631,0.5094,0.8835,0.9224,0.3571,0.0,0.3571,7.9994,10.3778,mix#3 2024-01-16,mix,qc
26/sublink_1,impl2_pycomlink,18,0.6875,0.0,-0.6875,-1.0,0.6875,1.0298,1.4979,,0.0,,0.0,0.0,12.375,mix#3 2024-01-16,mix,qc
27/sublink_1,impl2_pycomlink,18,0.7706,0.0,-0.7706,-1.0,0.7706,1.1315,1.4683,,0.0,,0.0,0.0,13.8714,mix#3 2024-01-16,mix,qc
29/sublink_1,impl2_pycomlink,18,0.6944,0.2428,-0.4516,-0.6503,0.7457,1.0437,1.5029,0.0682,0.2857,0.0,0.2857,4.3708,12.5,mix#3 2024-01-16,mix,qc
30/sublink_1,impl2_pycomlink,18,0.6861,0.2777,-0.4084,-0.5952,0.4997,0.6635,0.967,0.7315,0.2667,0.0,0.2667,4.9987,12.35,mix#3 2024-01-16,mix,qc
31/sublink_1,impl2_pycomlink,18,0.7024,1.0126,0.3102,0.4416,0.8802,1.5041,2.1415,0.6269,0.3333,0.0,0.3333,18.2263,12.6429,mix#3 2024-01-16,mix,qc
32/sublink_1,impl2_pycomlink,18,0.7251,0.4393,-0.2859,-0.3943,0.5782,0.7413,1.0222,0.5558,0.4,0.0,0.4,7.9066,13.0526,mix#3 2024-01-16,mix,qc
34/sublink_1,impl2_pycomlink,18,0.7173,1.4006,0.6833,0.9527,1.2312,1.9057,2.6568,0.3857,0.4,0.25,0.3529,25.2114,12.9111,mix#3 2024-01-16,mix,qc
38/sublink_1,impl2_pycomlink,18,0.7028,1.3519,0.6491,0.9237,1.133,1.5403,2.1917,0.7184,0.4286,0.25,0.375,24.3346,12.65,mix#3 2024-01-16,mix,qc
40/sublink_1,impl2_pycomlink,18,0.7202,1.934,1.2138,1.6853,1.7159,2.6535,3.6843,0.5445,0.3571,0.2857,0.3125,34.8113,12.9636,mix#3 2024-01-16,mix,qc
55/sublink_1,impl2_pycomlink,18,0.7183,0.0,-0.7183,-1.0,0.7183,1.0825,1.5071,,0.0,,0.0,0.0,12.9286,mix#3 2024-01-16,mix,qc
1/sublink_1,impl2_nearby,18,0.7456,2.0268,1.2813,1.7186,1.9363,3.6916,4.9515,-0.0584,0.4,0.1429,0.375,36.4832,13.42,mix#3 2024-01-16,mix,qc
2/sublink_3,impl2_nearby,16,0.7385,0.0,-0.7385,-1.0,0.7385,1.0471,1.4179,,0.0,,0.0,0.0,11.8154,mix#3 2024-01-16,mix,qc
3/sublink_3,impl2_nearby,18,0.6932,0.4917,-0.2014,-0.2906,0.7685,1.0792,1.5569,0.2744,0.3333,0.1667,0.3125,8.8514,12.4769,mix#3 2024-01-16,mix,qc
4/sublink_1,impl2_nearby,18,0.6905,0.2695,-0.4209,-0.6096,0.534,0.7833,1.1345,0.507,0.3846,0.0,0.3846,4.8518,12.4286,mix#3 2024-01-16,mix,qc
6/sublink_2,impl2_nearby,0,,,,,,,,,,,,0.0,0.0,mix#3 2024-01-16,mix,qc
8/sublink_1,impl2_nearby,18,0.6907,0.5137,-0.1771,-0.2564,0.7117,0.9881,1.4304,0.3564,0.3333,0.1667,0.3125,9.2459,12.4333,mix#3 2024-01-16,mix,qc
11/sublink_2,impl2_nearby,18,0.5765,0.0678,-0.5088,-0.8824,0.5923,0.8698,1.5087,-0.2045,0.1429,0.3333,0.1333,1.22,10.3778,mix#3 2024-01-16,mix,qc
12/sublink_2,impl2_nearby,18,0.6944,2.8624,2.1679,3.1218,2.7095,4.3662,6.2873,0.1481,0.3333,0.2857,0.2941,51.5225,12.5,mix#3 2024-01-16,mix,qc
13/sublink_2,impl2_nearby,18,0.6857,0.0183,-0.6674,-0.9733,0.6674,0.9495,1.3847,0.7231,0.0667,0.0,0.0667,0.3297,12.3429,mix#3 2024-01-16,mix,qc
16/sublink_1,impl2_nearby,0,,,,,,,,,,,,0.0,0.0,mix#3 2024-01-16,mix,qc
17/sublink_2,impl2_nearby,18,0.6967,0.0767,-0.6199,-0.8899,0.6212,0.9189,1.319,0.6321,0.3571,0.0,0.3571,1.3812,12.54,mix#3 2024-01-16,mix,qc
18/sublink_2,impl2_nearby,7,1.2,0.3328,-0.8672,-0.7226,0.8672,1.1788,0.9824,0.6396,0.8,0.0,0.8,2.3299,8.4,mix#3 2024-01-16,mix,qc
19/sublink_2,impl2_nearby,18,0.6977,0.0,-0.6977,-1.0,0.6977,1.0117,1.45,,0.0,,0.0,0.0,12.5588,mix#3 2024-01-16,mix,qc
20/sublink_2,impl2_nearby,18,0.7019,0.2637,-0.4383,-0.6244,0.474,0.6168,0.8787,0.8594,0.4286,0.0,0.4286,4.7457,12.6345,mix#3 2024-01-16,mix,qc
22/sublink_1,impl2_nearby,18,0.5765,0.755,0.1784,0.3095,0.716,1.1413,1.9796,0.4177,0.3571,0.1667,0.3333,13.5893,10.3778,mix#3 2024-01-16,mix,qc
26/sublink_1,impl2_nearby,7,0.2786,0.0,-0.2786,-1.0,0.2786,0.3672,1.3181,,0.0,,0.0,0.0,1.95,mix#3 2024-01-16,mix,qc
27/sublink_1,impl2_nearby,18,0.7706,0.0008,-0.7698,-0.999,0.7698,1.1302,1.4666,0.3306,0.0,,0.0,0.0143,13.8714,mix#3 2024-01-16,mix,qc
29/sublink_1,impl2_nearby,0,,,,,,,,,,,,0.0,0.0,mix#3 2024-01-16,mix,qc
30/sublink_1,impl2_nearby,16,0.7344,0.2651,-0.4693,-0.639,0.5567,0.7737,1.0536,0.5542,0.4286,0.1429,0.4,4.2415,11.75,mix#3 2024-01-16,mix,qc
31/sublink_1,impl2_nearby,18,0.7024,1.6477,0.9453,1.3458,1.5424,2.4445,3.4803,0.2367,0.3333,0.2857,0.2941,29.6578,12.6429,mix#3 2024-01-16,mix,qc
32/sublink_1,impl2_nearby,18,0.7251,0.3727,-0.3525,-0.4861,0.6169,0.7795,1.075,0.4682,0.4,0.1429,0.375,6.7083,13.0526,mix#3 2024-01-16,mix,qc
34/sublink_1,impl2_nearby,18,0.7173,0.9711,0.2538,0.3538,1.0292,1.459,2.0341,0.2959,0.3333,0.2857,0.2941,17.4797,12.9111,mix#3 2024-01-16,mix,qc
38/sublink_1,impl2_nearby,18,0.7028,0.812,0.1092,0.1554,0.6182,0.8004,1.1389,0.7271,0.3571,0.2857,0.3125,14.6162,12.65,mix#3 2024-01-16,mix,qc
40/sublink_1,impl2_nearby,18,0.7202,2.2091,1.4889,2.0673,1.9897,3.1082,4.3157,0.4902,0.3571,0.2857,0.3125,39.7632,12.9636,mix#3 2024-01-16,mix,qc
55/sublink_1,impl2_nearby,18,0.7183,0.0328,-0.6855,-0.9544,0.6942,1.0359,1.4422,0.4167,0.0714,0.0,0.0714,0.5899,12.9286,mix#3 2024-01-16,mix,qc
3/sublink_3,impl1_dynamic,5,0.2969,0.0,-0.2969,-1.0,0.2969,0.3335,1.1232,,0.0,,0.0,0.0,1.4846,snow#2 2024-01-19,snow,shared8
8/sublink_1,impl1_dynamic,5,0.2973,0.2423,-0.055,-0.1851,0.2709,0.3146,1.0582,0.1644,0.5,0.0,0.5,1.2115,1.4867,snow#2 2024-01-19,snow,shared8
12/sublink_2,impl1_dynamic,5,0.228,0.0,-0.228,-1.0,0.228,0.277,1.2148,,0.0,,0.0,0.0,1.14,snow#2 2024-01-19,snow,shared8
20/sublink_2,impl1_dynamic,5,0.2234,0.0,-0.2234,-1.0,0.2234,0.2674,1.1968,,0.0,,0.0,0.0,1.1172,snow#2 2024-01-19,snow,shared8
31/sublink_1,impl1_dynamic,5,0.1829,0.0883,-0.0946,-0.5173,0.1728,0.228,1.2468,-0.1558,0.0,1.0,0.0,0.4414,0.9143,snow#2 2024-01-19,snow,shared8
40/sublink_1,impl1_dynamic,5,0.1709,0.0,-0.1709,-1.0,0.1709,0.2542,1.4871,,0.0,,0.0,0.0,0.8545,snow#2 2024-01-19,snow,shared8
45/sublink_1,impl1_dynamic,5,0.1709,0.0,-0.1709,-1.0,0.1709,0.2542,1.4871,,0.0,,0.0,0.0,0.8545,snow#2 2024-01-19,snow,shared8
34/sublink_1,impl1_dynamic,5,0.1778,0.0627,-0.115,-0.647,0.1939,0.2474,1.3919,-0.2048,0.0,1.0,0.0,0.3137,0.8889,snow#2 2024-01-19,snow,shared8
3/sublink_3,impl2_classical_dynamic,5,0.2969,0.0,-0.2969,-1.0,0.2969,0.3335,1.1232,,0.0,,0.0,0.0,1.4846,snow#2 2024-01-19,snow,shared8
8/sublink_1,impl2_classical_dynamic,5,0.2973,0.2423,-0.055,-0.1851,0.2709,0.3146,1.0582,0.1644,0.5,0.0,0.5,1.2115,1.4867,snow#2 2024-01-19,snow,shared8
12/sublink_2,impl2_classical_dynamic,5,0.228,0.0,-0.228,-1.0,0.228,0.277,1.2148,,0.0,,0.0,0.0,1.14,snow#2 2024-01-19,snow,shared8
20/sublink_2,impl2_classical_dynamic,5,0.2234,0.0,-0.2234,-1.0,0.2234,0.2674,1.1968,,0.0,,0.0,0.0,1.1172,snow#2 2024-01-19,snow,shared8
31/sublink_1,impl2_classical_dynamic,5,0.1829,0.0883,-0.0946,-0.5173,0.1728,0.228,1.2468,-0.1558,0.0,1.0,0.0,0.4414,0.9143,snow#2 2024-01-19,snow,shared8
40/sublink_1,impl2_classical_dynamic,5,0.1709,0.0,-0.1709,-1.0,0.1709,0.2542,1.4871,,0.0,,0.0,0.0,0.8545,snow#2 2024-01-19,snow,shared8
45/sublink_1,impl2_classical_dynamic,5,0.1709,0.0,-0.1709,-1.0,0.1709,0.2542,1.4871,,0.0,,0.0,0.0,0.8545,snow#2 2024-01-19,snow,shared8
34/sublink_1,impl2_classical_dynamic,5,0.1778,0.0627,-0.115,-0.647,0.1939,0.2474,1.3919,-0.2048,0.0,1.0,0.0,0.3137,0.8889,snow#2 2024-01-19,snow,shared8
3/sublink_3,impl2_classical_constant,5,0.2969,0.0,-0.2969,-1.0,0.2969,0.3335,1.1232,,0.0,,0.0,0.0,1.4846,snow#2 2024-01-19,snow,shared8
8/sublink_1,impl2_classical_constant,5,0.2973,0.0,-0.2973,-1.0,0.2973,0.3348,1.1259,,0.0,,0.0,0.0,1.4867,snow#2 2024-01-19,snow,shared8
12/sublink_2,impl2_classical_constant,5,0.228,0.0,-0.228,-1.0,0.228,0.277,1.2148,,0.0,,0.0,0.0,1.14,snow#2 2024-01-19,snow,shared8
20/sublink_2,impl2_classical_constant,5,0.2234,0.0,-0.2234,-1.0,0.2234,0.2674,1.1968,,0.0,,0.0,0.0,1.1172,snow#2 2024-01-19,snow,shared8
31/sublink_1,impl2_classical_constant,5,0.1829,0.0,-0.1829,-1.0,0.1829,0.2484,1.3586,,0.0,,0.0,0.0,0.9143,snow#2 2024-01-19,snow,shared8
40/sublink_1,impl2_classical_constant,5,0.1709,0.0,-0.1709,-1.0,0.1709,0.2542,1.4871,,0.0,,0.0,0.0,0.8545,snow#2 2024-01-19,snow,shared8
45/sublink_1,impl2_classical_constant,5,0.1709,0.0,-0.1709,-1.0,0.1709,0.2542,1.4871,,0.0,,0.0,0.0,0.8545,snow#2 2024-01-19,snow,shared8
34/sublink_1,impl2_classical_constant,5,0.1778,0.0,-0.1778,-1.0,0.1778,0.2487,1.3987,,0.0,,0.0,0.0,0.8889,snow#2 2024-01-19,snow,shared8
3/sublink_3,impl2_pycomlink,5,0.2969,0.0,-0.2969,-1.0,0.2969,0.3335,1.1232,,0.0,,0.0,0.0,1.4846,snow#2 2024-01-19,snow,shared8
8/sublink_1,impl2_pycomlink,5,0.2973,0.0,-0.2973,-1.0,0.2973,0.3348,1.1259,,0.0,,0.0,0.0,1.4867,snow#2 2024-01-19,snow,shared8
12/sublink_2,impl2_pycomlink,5,0.228,0.0,-0.228,-1.0,0.228,0.277,1.2148,,0.0,,0.0,0.0,1.14,snow#2 2024-01-19,snow,shared8
20/sublink_2,impl2_pycomlink,5,0.2234,0.0,-0.2234,-1.0,0.2234,0.2674,1.1968,,0.0,,0.0,0.0,1.1172,snow#2 2024-01-19,snow,shared8
31/sublink_1,impl2_pycomlink,5,0.1829,0.0,-0.1829,-1.0,0.1829,0.2484,1.3586,,0.0,,0.0,0.0,0.9143,snow#2 2024-01-19,snow,shared8
40/sublink_1,impl2_pycomlink,5,0.1709,0.0,-0.1709,-1.0,0.1709,0.2542,1.4871,,0.0,,0.0,0.0,0.8545,snow#2 2024-01-19,snow,shared8
45/sublink_1,impl2_pycomlink,5,0.1709,0.0,-0.1709,-1.0,0.1709,0.2542,1.4871,,0.0,,0.0,0.0,0.8545,snow#2 2024-01-19,snow,shared8
34/sublink_1,impl2_pycomlink,5,0.1778,0.0,-0.1778,-1.0,0.1778,0.2487,1.3987,,0.0,,0.0,0.0,0.8889,snow#2 2024-01-19,snow,shared8
3/sublink_3,impl2_nearby,5,0.2969,0.0,-0.2969,-1.0,0.2969,0.3335,1.1232,,0.0,,0.0,0.0,1.4846,snow#2 2024-01-19,snow,shared8
8/sublink_1,impl2_nearby,5,0.2973,0.0,-0.2973,-1.0,0.2973,0.3348,1.1259,,0.0,,0.0,0.0,1.4867,snow#2 2024-01-19,snow,shared8
12/sublink_2,impl2_nearby,5,0.228,0.0,-0.228,-1.0,0.228,0.277,1.2148,,0.0,,0.0,0.0,1.14,snow#2 2024-01-19,snow,shared8
20/sublink_2,impl2_nearby,5,0.2234,0.0,-0.2234,-1.0,0.2234,0.2674,1.1968,,0.0,,0.0,0.0,1.1172,snow#2 2024-01-19,snow,shared8
31/sublink_1,impl2_nearby,5,0.1829,0.0,-0.1829,-1.0,0.1829,0.2484,1.3586,,0.0,,0.0,0.0,0.9143,snow#2 2024-01-19,snow,shared8
40/sublink_1,impl2_nearby,5,0.1709,0.0,-0.1709,-1.0,0.1709,0.2542,1.4871,,0.0,,0.0,0.0,0.8545,snow#2 2024-01-19,snow,shared8
45/sublink_1,impl2_nearby,5,0.1709,0.0,-0.1709,-1.0,0.1709,0.2542,1.4871,,0.0,,0.0,0.0,0.8545,snow#2 2024-01-19,snow,shared8
34/sublink_1,impl2_nearby,5,0.1778,0.0,-0.1778,-1.0,0.1778,0.2487,1.3987,,0.0,,0.0,0.0,0.8889,snow#2 2024-01-19,snow,shared8
3/sublink_3,impl1_dynamic,5,0.2969,0.0,-0.2969,-1.0,0.2969,0.3335,1.1232,,0.0,,0.0,0.0,1.4846,snow#2 2024-01-19,snow,selected
8/sublink_1,impl1_dynamic,5,0.2973,0.2423,-0.055,-0.1851,0.2709,0.3146,1.0582,0.1644,0.5,0.0,0.5,1.2115,1.4867,snow#2 2024-01-19,snow,selected
12/sublink_2,impl1_dynamic,5,0.228,0.0,-0.228,-1.0,0.228,0.277,1.2148,,0.0,,0.0,0.0,1.14,snow#2 2024-01-19,snow,selected
20/sublink_2,impl1_dynamic,5,0.2234,0.0,-0.2234,-1.0,0.2234,0.2674,1.1968,,0.0,,0.0,0.0,1.1172,snow#2 2024-01-19,snow,selected
31/sublink_1,impl1_dynamic,5,0.1829,0.0883,-0.0946,-0.5173,0.1728,0.228,1.2468,-0.1558,0.0,1.0,0.0,0.4414,0.9143,snow#2 2024-01-19,snow,selected
34/sublink_1,impl1_dynamic,5,0.1778,0.0627,-0.115,-0.647,0.1939,0.2474,1.3919,-0.2048,0.0,1.0,0.0,0.3137,0.8889,snow#2 2024-01-19,snow,selected
40/sublink_1,impl1_dynamic,5,0.1709,0.0,-0.1709,-1.0,0.1709,0.2542,1.4871,,0.0,,0.0,0.0,0.8545,snow#2 2024-01-19,snow,selected
3/sublink_3,impl2_classical_dynamic,5,0.2969,0.0,-0.2969,-1.0,0.2969,0.3335,1.1232,,0.0,,0.0,0.0,1.4846,snow#2 2024-01-19,snow,selected
8/sublink_1,impl2_classical_dynamic,5,0.2973,0.2423,-0.055,-0.1851,0.2709,0.3146,1.0582,0.1644,0.5,0.0,0.5,1.2115,1.4867,snow#2 2024-01-19,snow,selected
12/sublink_2,impl2_classical_dynamic,5,0.228,0.0,-0.228,-1.0,0.228,0.277,1.2148,,0.0,,0.0,0.0,1.14,snow#2 2024-01-19,snow,selected
20/sublink_2,impl2_classical_dynamic,5,0.2234,0.0,-0.2234,-1.0,0.2234,0.2674,1.1968,,0.0,,0.0,0.0,1.1172,snow#2 2024-01-19,snow,selected
31/sublink_1,impl2_classical_dynamic,5,0.1829,0.0883,-0.0946,-0.5173,0.1728,0.228,1.2468,-0.1558,0.0,1.0,0.0,0.4414,0.9143,snow#2 2024-01-19,snow,selected
34/sublink_1,impl2_classical_dynamic,5,0.1778,0.0627,-0.115,-0.647,0.1939,0.2474,1.3919,-0.2048,0.0,1.0,0.0,0.3137,0.8889,snow#2 2024-01-19,snow,selected
40/sublink_1,impl2_classical_dynamic,5,0.1709,0.0,-0.1709,-1.0,0.1709,0.2542,1.4871,,0.0,,0.0,0.0,0.8545,snow#2 2024-01-19,snow,selected
3/sublink_3,impl2_classical_constant,5,0.2969,0.0,-0.2969,-1.0,0.2969,0.3335,1.1232,,0.0,,0.0,0.0,1.4846,snow#2 2024-01-19,snow,selected
8/sublink_1,impl2_classical_constant,5,0.2973,0.0,-0.2973,-1.0,0.2973,0.3348,1.1259,,0.0,,0.0,0.0,1.4867,snow#2 2024-01-19,snow,selected
12/sublink_2,impl2_classical_constant,5,0.228,0.0,-0.228,-1.0,0.228,0.277,1.2148,,0.0,,0.0,0.0,1.14,snow#2 2024-01-19,snow,selected
20/sublink_2,impl2_classical_constant,5,0.2234,0.0,-0.2234,-1.0,0.2234,0.2674,1.1968,,0.0,,0.0,0.0,1.1172,snow#2 2024-01-19,snow,selected
31/sublink_1,impl2_classical_constant,5,0.1829,0.0,-0.1829,-1.0,0.1829,0.2484,1.3586,,0.0,,0.0,0.0,0.9143,snow#2 2024-01-19,snow,selected
34/sublink_1,impl2_classical_constant,5,0.1778,0.0,-0.1778,-1.0,0.1778,0.2487,1.3987,,0.0,,0.0,0.0,0.8889,snow#2 2024-01-19,snow,selected
40/sublink_1,impl2_classical_constant,5,0.1709,0.0,-0.1709,-1.0,0.1709,0.2542,1.4871,,0.0,,0.0,0.0,0.8545,snow#2 2024-01-19,snow,selected
3/sublink_3,impl2_pycomlink,5,0.2969,0.0,-0.2969,-1.0,0.2969,0.3335,1.1232,,0.0,,0.0,0.0,1.4846,snow#2 2024-01-19,snow,selected
8/sublink_1,impl2_pycomlink,5,0.2973,0.0,-0.2973,-1.0,0.2973,0.3348,1.1259,,0.0,,0.0,0.0,1.4867,snow#2 2024-01-19,snow,selected
12/sublink_2,impl2_pycomlink,5,0.228,0.0,-0.228,-1.0,0.228,0.277,1.2148,,0.0,,0.0,0.0,1.14,snow#2 2024-01-19,snow,selected
20/sublink_2,impl2_pycomlink,5,0.2234,0.0,-0.2234,-1.0,0.2234,0.2674,1.1968,,0.0,,0.0,0.0,1.1172,snow#2 2024-01-19,snow,selected
31/sublink_1,impl2_pycomlink,5,0.1829,0.0,-0.1829,-1.0,0.1829,0.2484,1.3586,,0.0,,0.0,0.0,0.9143,snow#2 2024-01-19,snow,selected
34/sublink_1,impl2_pycomlink,5,0.1778,0.0,-0.1778,-1.0,0.1778,0.2487,1.3987,,0.0,,0.0,0.0,0.8889,snow#2 2024-01-19,snow,selected
40/sublink_1,impl2_pycomlink,5,0.1709,0.0,-0.1709,-1.0,0.1709,0.2542,1.4871,,0.0,,0.0,0.0,0.8545,snow#2 2024-01-19,snow,selected
3/sublink_3,impl2_nearby,5,0.2969,0.0,-0.2969,-1.0,0.2969,0.3335,1.1232,,0.0,,0.0,0.0,1.4846,snow#2 2024-01-19,snow,selected
8/sublink_1,impl2_nearby,5,0.2973,0.0,-0.2973,-1.0,0.2973,0.3348,1.1259,,0.0,,0.0,0.0,1.4867,snow#2 2024-01-19,snow,selected
12/sublink_2,impl2_nearby,5,0.228,0.0,-0.228,-1.0,0.228,0.277,1.2148,,0.0,,0.0,0.0,1.14,snow#2 2024-01-19,snow,selected
20/sublink_2,impl2_nearby,5,0.2234,0.0,-0.2234,-1.0,0.2234,0.2674,1.1968,,0.0,,0.0,0.0,1.1172,snow#2 2024-01-19,snow,selected
31/sublink_1,impl2_nearby,5,0.1829,0.0,-0.1829,-1.0,0.1829,0.2484,1.3586,,0.0,,0.0,0.0,0.9143,snow#2 2024-01-19,snow,selected
34/sublink_1,impl2_nearby,5,0.1778,0.0,-0.1778,-1.0,0.1778,0.2487,1.3987,,0.0,,0.0,0.0,0.8889,snow#2 2024-01-19,snow,selected
40/sublink_1,impl2_nearby,5,0.1709,0.0,-0.1709,-1.0,0.1709,0.2542,1.4871,,0.0,,0.0,0.0,0.8545,snow#2 2024-01-19,snow,selected
1/sublink_1,impl1_dynamic,5,0.184,0.0036,-0.1804,-0.9807,0.184,0.2578,1.4013,-0.5571,0.0,,0.0,0.0178,0.92,snow#2 2024-01-19,snow,qc
2/sublink_3,impl1_dynamic,5,0.3092,2.8268,2.5175,8.1412,2.5175,2.5205,8.1508,0.4487,1.0,0.0,1.0,14.1338,1.5462,snow#2 2024-01-19,snow,qc
3/sublink_3,impl1_dynamic,5,0.2969,0.0,-0.2969,-1.0,0.2969,0.3335,1.1232,,0.0,,0.0,0.0,1.4846,snow#2 2024-01-19,snow,qc
4/sublink_1,impl1_dynamic,5,0.34,0.0,-0.34,-1.0,0.34,0.355,1.044,,0.0,,0.0,0.0,1.7,snow#2 2024-01-19,snow,qc
6/sublink_2,impl1_dynamic,5,0.34,3.047,2.707,7.9617,2.707,3.363,9.8911,-0.2939,1.0,0.0,1.0,15.2349,1.7,snow#2 2024-01-19,snow,qc
8/sublink_1,impl1_dynamic,5,0.2973,0.2423,-0.055,-0.1851,0.2709,0.3146,1.0582,0.1644,0.5,0.0,0.5,1.2115,1.4867,snow#2 2024-01-19,snow,qc
11/sublink_2,impl1_dynamic,5,0.24,0.8491,0.6091,2.5379,0.6091,0.7697,3.207,0.0853,1.0,0.2,0.8,4.2455,1.2,snow#2 2024-01-19,snow,qc
12/sublink_2,impl1_dynamic,5,0.228,0.0,-0.228,-1.0,0.228,0.277,1.2148,,0.0,,0.0,0.0,1.14,snow#2 2024-01-19,snow,qc
13/sublink_2,impl1_dynamic,5,0.3,0.0,-0.3,-1.0,0.3,0.3275,1.0915,,0.0,,0.0,0.0,1.5,snow#2 2024-01-19,snow,qc
16/sublink_1,impl1_dynamic,5,0.32,6.2834,5.9634,18.6356,5.9634,6.1035,19.0735,-0.2012,1.0,0.0,1.0,31.4169,1.6,snow#2 2024-01-19,snow,qc
17/sublink_2,impl1_dynamic,5,0.24,0.0,-0.24,-1.0,0.24,0.2757,1.1487,,0.0,,0.0,0.0,1.2,snow#2 2024-01-19,snow,qc
18/sublink_2,impl1_dynamic,5,0.3,10.7553,10.4553,34.851,10.4553,10.9955,36.6518,-0.8196,1.0,0.2,0.8,53.7765,1.5,snow#2 2024-01-19,snow,qc
19/sublink_2,impl1_dynamic,5,0.2141,0.238,0.0238,0.1113,0.1117,0.1319,0.6162,0.545,1.0,0.4,0.6,1.1898,1.0706,snow#2 2024-01-19,snow,qc
20/sublink_2,impl1_dynamic,5,0.2234,0.0,-0.2234,-1.0,0.2234,0.2674,1.1968,,0.0,,0.0,0.0,1.1172,snow#2 2024-01-19,snow,qc
22/sublink_1,impl1_dynamic,5,0.24,0.0214,-0.2186,-0.911,0.2229,0.2546,1.061,0.2827,0.0,,0.0,0.1068,1.2,snow#2 2024-01-19,snow,qc
26/sublink_1,impl1_dynamic,5,0.31,2.9924,2.6824,8.6528,2.6824,2.7854,8.9853,-0.209,1.0,0.2,0.8,14.9618,1.55,snow#2 2024-01-19,snow,qc
27/sublink_1,impl1_dynamic,5,0.16,0.0423,-0.1177,-0.7357,0.1725,0.2343,1.4644,-0.1291,0.0,,0.0,0.2115,0.8,snow#2 2024-01-19,snow,qc
29/sublink_1,impl1_dynamic,5,0.24,0.0084,-0.2316,-0.965,0.2316,0.2702,1.1257,-0.1474,0.0,,0.0,0.042,1.2,snow#2 2024-01-19,snow,qc
30/sublink_1,impl1_dynamic,5,0.32,2.7461,2.4261,7.5814,2.4261,2.6149,8.1715,0.6125,1.0,0.0,1.0,13.7303,1.6,snow#2 2024-01-19,snow,qc
31/sublink_1,impl1_dynamic,5,0.1829,0.0883,-0.0946,-0.5173,0.1728,0.228,1.2468,-0.1558,0.0,1.0,0.0,0.4414,0.9143,snow#2 2024-01-19,snow,qc
32/sublink_1,impl1_dynamic,5,0.2126,0.0,-0.2126,-1.0,0.2126,0.2739,1.2884,,0.0,,0.0,0.0,1.0632,snow#2 2024-01-19,snow,qc
34/sublink_1,impl1_dynamic,5,0.1778,0.0627,-0.115,-0.647,0.1939,0.2474,1.3919,-0.2048,0.0,1.0,0.0,0.3137,0.8889,snow#2 2024-01-19,snow,qc
38/sublink_1,impl1_dynamic,5,0.21,0.1545,-0.0555,-0.2644,0.3063,0.3614,1.7208,-0.5866,0.3333,0.5,0.25,0.7724,1.05,snow#2 2024-01-19,snow,qc
40/sublink_1,impl1_dynamic,5,0.1709,0.0,-0.1709,-1.0,0.1709,0.2542,1.4871,,0.0,,0.0,0.0,0.8545,snow#2 2024-01-19,snow,qc
55/sublink_1,impl1_dynamic,5,0.2629,1.3426,1.0797,4.1077,1.0797,1.2795,4.8675,-0.7091,1.0,0.2,0.8,6.7129,1.3143,snow#2 2024-01-19,snow,qc
1/sublink_1,impl2_classical_dynamic,5,0.184,0.0036,-0.1804,-0.9807,0.184,0.2578,1.4013,-0.5571,0.0,,0.0,0.0178,0.92,snow#2 2024-01-19,snow,qc
2/sublink_3,impl2_classical_dynamic,5,0.3092,2.8268,2.5175,8.1412,2.5175,2.5205,8.1508,0.4487,1.0,0.0,1.0,14.1338,1.5462,snow#2 2024-01-19,snow,qc
3/sublink_3,impl2_classical_dynamic,5,0.2969,0.0,-0.2969,-1.0,0.2969,0.3335,1.1232,,0.0,,0.0,0.0,1.4846,snow#2 2024-01-19,snow,qc
4/sublink_1,impl2_classical_dynamic,5,0.34,0.0,-0.34,-1.0,0.34,0.355,1.044,,0.0,,0.0,0.0,1.7,snow#2 2024-01-19,snow,qc
6/sublink_2,impl2_classical_dynamic,5,0.34,3.047,2.707,7.9617,2.707,3.363,9.8911,-0.2939,1.0,0.0,1.0,15.2349,1.7,snow#2 2024-01-19,snow,qc
8/sublink_1,impl2_classical_dynamic,5,0.2973,0.2423,-0.055,-0.1851,0.2709,0.3146,1.0582,0.1644,0.5,0.0,0.5,1.2115,1.4867,snow#2 2024-01-19,snow,qc
11/sublink_2,impl2_classical_dynamic,5,0.24,0.8491,0.6091,2.5379,0.6091,0.7697,3.207,0.0853,1.0,0.2,0.8,4.2455,1.2,snow#2 2024-01-19,snow,qc
12/sublink_2,impl2_classical_dynamic,5,0.228,0.0,-0.228,-1.0,0.228,0.277,1.2148,,0.0,,0.0,0.0,1.14,snow#2 2024-01-19,snow,qc
13/sublink_2,impl2_classical_dynamic,5,0.3,0.0,-0.3,-1.0,0.3,0.3275,1.0915,,0.0,,0.0,0.0,1.5,snow#2 2024-01-19,snow,qc
16/sublink_1,impl2_classical_dynamic,5,0.32,6.2834,5.9634,18.6356,5.9634,6.1035,19.0735,-0.2012,1.0,0.0,1.0,31.4169,1.6,snow#2 2024-01-19,snow,qc
17/sublink_2,impl2_classical_dynamic,5,0.24,0.0,-0.24,-1.0,0.24,0.2757,1.1487,,0.0,,0.0,0.0,1.2,snow#2 2024-01-19,snow,qc
18/sublink_2,impl2_classical_dynamic,5,0.3,10.7553,10.4553,34.851,10.4553,10.9955,36.6518,-0.8196,1.0,0.2,0.8,53.7765,1.5,snow#2 2024-01-19,snow,qc
19/sublink_2,impl2_classical_dynamic,5,0.2141,0.238,0.0238,0.1113,0.1117,0.1319,0.6162,0.545,1.0,0.4,0.6,1.1898,1.0706,snow#2 2024-01-19,snow,qc
20/sublink_2,impl2_classical_dynamic,5,0.2234,0.0,-0.2234,-1.0,0.2234,0.2674,1.1968,,0.0,,0.0,0.0,1.1172,snow#2 2024-01-19,snow,qc
22/sublink_1,impl2_classical_dynamic,5,0.24,0.0214,-0.2186,-0.911,0.2229,0.2546,1.061,0.2827,0.0,,0.0,0.1068,1.2,snow#2 2024-01-19,snow,qc
26/sublink_1,impl2_classical_dynamic,5,0.31,2.9924,2.6824,8.6528,2.6824,2.7854,8.9853,-0.209,1.0,0.2,0.8,14.9618,1.55,snow#2 2024-01-19,snow,qc
27/sublink_1,impl2_classical_dynamic,5,0.16,0.0423,-0.1177,-0.7357,0.1725,0.2343,1.4644,-0.1291,0.0,,0.0,0.2115,0.8,snow#2 2024-01-19,snow,qc
29/sublink_1,impl2_classical_dynamic,5,0.24,0.0084,-0.2316,-0.965,0.2316,0.2702,1.1257,-0.1474,0.0,,0.0,0.042,1.2,snow#2 2024-01-19,snow,qc
30/sublink_1,impl2_classical_dynamic,5,0.32,2.7461,2.4261,7.5814,2.4261,2.6149,8.1715,0.6125,1.0,0.0,1.0,13.7303,1.6,snow#2 2024-01-19,snow,qc
31/sublink_1,impl2_classical_dynamic,5,0.1829,0.0883,-0.0946,-0.5173,0.1728,0.228,1.2468,-0.1558,0.0,1.0,0.0,0.4414,0.9143,snow#2 2024-01-19,snow,qc
32/sublink_1,impl2_classical_dynamic,5,0.2126,0.0,-0.2126,-1.0,0.2126,0.2739,1.2884,,0.0,,0.0,0.0,1.0632,snow#2 2024-01-19,snow,qc
34/sublink_1,impl2_classical_dynamic,5,0.1778,0.0627,-0.115,-0.647,0.1939,0.2474,1.3919,-0.2048,0.0,1.0,0.0,0.3137,0.8889,snow#2 2024-01-19,snow,qc
38/sublink_1,impl2_classical_dynamic,5,0.21,0.1545,-0.0555,-0.2644,0.3063,0.3614,1.7208,-0.5866,0.3333,0.5,0.25,0.7724,1.05,snow#2 2024-01-19,snow,qc
40/sublink_1,impl2_classical_dynamic,5,0.1709,0.0,-0.1709,-1.0,0.1709,0.2542,1.4871,,0.0,,0.0,0.0,0.8545,snow#2 2024-01-19,snow,qc
55/sublink_1,impl2_classical_dynamic,5,0.2629,1.3426,1.0797,4.1077,1.0797,1.2795,4.8675,-0.7091,1.0,0.2,0.8,6.7129,1.3143,snow#2 2024-01-19,snow,qc
1/sublink_1,impl2_classical_constant,5,0.184,0.0,-0.184,-1.0,0.184,0.2586,1.4055,,0.0,,0.0,0.0,0.92,snow#2 2024-01-19,snow,qc
2/sublink_3,impl2_classical_constant,5,0.3092,0.0,-0.3092,-1.0,0.3092,0.3281,1.0611,,0.0,,0.0,0.0,1.5462,snow#2 2024-01-19,snow,qc
3/sublink_3,impl2_classical_constant,5,0.2969,0.0,-0.2969,-1.0,0.2969,0.3335,1.1232,,0.0,,0.0,0.0,1.4846,snow#2 2024-01-19,snow,qc
4/sublink_1,impl2_classical_constant,5,0.34,0.0,-0.34,-1.0,0.34,0.355,1.044,,0.0,,0.0,0.0,1.7,snow#2 2024-01-19,snow,qc
6/sublink_2,impl2_classical_constant,5,0.34,0.0,-0.34,-1.0,0.34,0.3661,1.0766,,0.0,,0.0,0.0,1.7,snow#2 2024-01-19,snow,qc
8/sublink_1,impl2_classical_constant,5,0.2973,0.0,-0.2973,-1.0,0.2973,0.3348,1.1259,,0.0,,0.0,0.0,1.4867,snow#2 2024-01-19,snow,qc
11/sublink_2,impl2_classical_constant,5,0.24,0.0,-0.24,-1.0,0.24,0.2757,1.1487,,0.0,,0.0,0.0,1.2,snow#2 2024-01-19,snow,qc
12/sublink_2,impl2_classical_constant,5,0.228,0.0,-0.228,-1.0,0.228,0.277,1.2148,,0.0,,0.0,0.0,1.14,snow#2 2024-01-19,snow,qc
13/sublink_2,impl2_classical_constant,5,0.3,0.0,-0.3,-1.0,0.3,0.3275,1.0915,,0.0,,0.0,0.0,1.5,snow#2 2024-01-19,snow,qc
16/sublink_1,impl2_classical_constant,5,0.32,0.1239,-0.1961,-0.6129,0.2592,0.2912,0.9099,-0.1419,0.4,0.0,0.4,0.6194,1.6,snow#2 2024-01-19,snow,qc
17/sublink_2,impl2_classical_constant,5,0.24,0.0,-0.24,-1.0,0.24,0.2757,1.1487,,0.0,,0.0,0.0,1.2,snow#2 2024-01-19,snow,qc
18/sublink_2,impl2_classical_constant,5,0.3,0.0,-0.3,-1.0,0.3,0.3435,1.145,,0.0,,0.0,0.0,1.5,snow#2 2024-01-19,snow,qc
19/sublink_2,impl2_classical_constant,5,0.2141,0.0,-0.2141,-1.0,0.2141,0.2639,1.2324,,0.0,,0.0,0.0,1.0706,snow#2 2024-01-19,snow,qc
20/sublink_2,impl2_classical_constant,5,0.2234,0.0,-0.2234,-1.0,0.2234,0.2674,1.1968,,0.0,,0.0,0.0,1.1172,snow#2 2024-01-19,snow,qc
22/sublink_1,impl2_classical_constant,5,0.24,0.0,-0.24,-1.0,0.24,0.2757,1.1487,,0.0,,0.0,0.0,1.2,snow#2 2024-01-19,snow,qc
26/sublink_1,impl2_classical_constant,5,0.31,0.0,-0.31,-1.0,0.31,0.3518,1.1348,,0.0,,0.0,0.0,1.55,snow#2 2024-01-19,snow,qc
27/sublink_1,impl2_classical_constant,5,0.16,0.0,-0.16,-1.0,0.16,0.253,1.5811,,0.0,,0.0,0.0,0.8,snow#2 2024-01-19,snow,qc
29/sublink_1,impl2_classical_constant,5,0.24,0.0,-0.24,-1.0,0.24,0.2757,1.1487,,0.0,,0.0,0.0,1.2,snow#2 2024-01-19,snow,qc
30/sublink_1,impl2_classical_constant,5,0.32,0.0123,-0.3077,-0.9615,0.3077,0.3246,1.0144,-0.1021,0.0,,0.0,0.0616,1.6,snow#2 2024-01-19,snow,qc
31/sublink_1,impl2_classical_constant,5,0.1829,0.0,-0.1829,-1.0,0.1829,0.2484,1.3586,,0.0,,0.0,0.0,0.9143,snow#2 2024-01-19,snow,qc
32/sublink_1,impl2_classical_constant,5,0.2126,0.0,-0.2126,-1.0,0.2126,0.2739,1.2884,,0.0,,0.0,0.0,1.0632,snow#2 2024-01-19,snow,qc
34/sublink_1,impl2_classical_constant,5,0.1778,0.0,-0.1778,-1.0,0.1778,0.2487,1.3987,,0.0,,0.0,0.0,0.8889,snow#2 2024-01-19,snow,qc
38/sublink_1,impl2_classical_constant,5,0.21,0.0,-0.21,-1.0,0.21,0.2571,1.2243,,0.0,,0.0,0.0,1.05,snow#2 2024-01-19,snow,qc
40/sublink_1,impl2_classical_constant,5,0.1709,0.0,-0.1709,-1.0,0.1709,0.2542,1.4871,,0.0,,0.0,0.0,0.8545,snow#2 2024-01-19,snow,qc
55/sublink_1,impl2_classical_constant,5,0.2629,0.0,-0.2629,-1.0,0.2629,0.2951,1.1228,,0.0,,0.0,0.0,1.3143,snow#2 2024-01-19,snow,qc
1/sublink_1,impl2_pycomlink,5,0.184,0.0,-0.184,-1.0,0.184,0.2586,1.4055,,0.0,,0.0,0.0,0.92,snow#2 2024-01-19,snow,qc
2/sublink_3,impl2_pycomlink,5,0.3092,0.0009,-0.3083,-0.997,0.3083,0.3268,1.057,0.6241,0.0,,0.0,0.0047,1.5462,snow#2 2024-01-19,snow,qc
3/sublink_3,impl2_pycomlink,5,0.2969,0.0,-0.2969,-1.0,0.2969,0.3335,1.1232,,0.0,,0.0,0.0,1.4846,snow#2 2024-01-19,snow,qc
4/sublink_1,impl2_pycomlink,5,0.34,0.0,-0.34,-1.0,0.34,0.355,1.044,,0.0,,0.0,0.0,1.7,snow#2 2024-01-19,snow,qc
6/sublink_2,impl2_pycomlink,5,0.34,0.0,-0.34,-1.0,0.34,0.3661,1.0766,,0.0,,0.0,0.0,1.7,snow#2 2024-01-19,snow,qc
8/sublink_1,impl2_pycomlink,5,0.2973,0.0,-0.2973,-1.0,0.2973,0.3348,1.1259,,0.0,,0.0,0.0,1.4867,snow#2 2024-01-19,snow,qc
11/sublink_2,impl2_pycomlink,5,0.24,0.0,-0.24,-1.0,0.24,0.2757,1.1487,,0.0,,0.0,0.0,1.2,snow#2 2024-01-19,snow,qc
12/sublink_2,impl2_pycomlink,5,0.228,0.0,-0.228,-1.0,0.228,0.277,1.2148,,0.0,,0.0,0.0,1.14,snow#2 2024-01-19,snow,qc
13/sublink_2,impl2_pycomlink,5,0.3,0.0,-0.3,-1.0,0.3,0.3275,1.0915,,0.0,,0.0,0.0,1.5,snow#2 2024-01-19,snow,qc
16/sublink_1,impl2_pycomlink,5,0.32,0.0,-0.32,-1.0,0.32,0.3347,1.0458,,0.0,,0.0,0.0,1.6,snow#2 2024-01-19,snow,qc
17/sublink_2,impl2_pycomlink,5,0.24,0.0,-0.24,-1.0,0.24,0.2757,1.1487,,0.0,,0.0,0.0,1.2,snow#2 2024-01-19,snow,qc
18/sublink_2,impl2_pycomlink,5,0.3,0.0,-0.3,-1.0,0.3,0.3435,1.145,,0.0,,0.0,0.0,1.5,snow#2 2024-01-19,snow,qc
19/sublink_2,impl2_pycomlink,5,0.2141,0.0,-0.2141,-1.0,0.2141,0.2639,1.2324,,0.0,,0.0,0.0,1.0706,snow#2 2024-01-19,snow,qc
20/sublink_2,impl2_pycomlink,5,0.2234,0.0,-0.2234,-1.0,0.2234,0.2674,1.1968,,0.0,,0.0,0.0,1.1172,snow#2 2024-01-19,snow,qc
22/sublink_1,impl2_pycomlink,5,0.24,0.0,-0.24,-1.0,0.24,0.2757,1.1487,,0.0,,0.0,0.0,1.2,snow#2 2024-01-19,snow,qc
26/sublink_1,impl2_pycomlink,5,0.31,0.0,-0.31,-1.0,0.31,0.3518,1.1348,,0.0,,0.0,0.0,1.55,snow#2 2024-01-19,snow,qc
27/sublink_1,impl2_pycomlink,5,0.16,0.0,-0.16,-1.0,0.16,0.253,1.5811,,0.0,,0.0,0.0,0.8,snow#2 2024-01-19,snow,qc
29/sublink_1,impl2_pycomlink,5,0.24,0.0,-0.24,-1.0,0.24,0.2757,1.1487,,0.0,,0.0,0.0,1.2,snow#2 2024-01-19,snow,qc
30/sublink_1,impl2_pycomlink,5,0.32,0.0,-0.32,-1.0,0.32,0.3347,1.0458,,0.0,,0.0,0.0,1.6,snow#2 2024-01-19,snow,qc
31/sublink_1,impl2_pycomlink,5,0.1829,0.0,-0.1829,-1.0,0.1829,0.2484,1.3586,,0.0,,0.0,0.0,0.9143,snow#2 2024-01-19,snow,qc
32/sublink_1,impl2_pycomlink,5,0.2126,0.0,-0.2126,-1.0,0.2126,0.2739,1.2884,,0.0,,0.0,0.0,1.0632,snow#2 2024-01-19,snow,qc
34/sublink_1,impl2_pycomlink,5,0.1778,0.0,-0.1778,-1.0,0.1778,0.2487,1.3987,,0.0,,0.0,0.0,0.8889,snow#2 2024-01-19,snow,qc
38/sublink_1,impl2_pycomlink,5,0.21,0.0,-0.21,-1.0,0.21,0.2571,1.2243,,0.0,,0.0,0.0,1.05,snow#2 2024-01-19,snow,qc
40/sublink_1,impl2_pycomlink,5,0.1709,0.0,-0.1709,-1.0,0.1709,0.2542,1.4871,,0.0,,0.0,0.0,0.8545,snow#2 2024-01-19,snow,qc
55/sublink_1,impl2_pycomlink,5,0.2629,0.0,-0.2629,-1.0,0.2629,0.2951,1.1228,,0.0,,0.0,0.0,1.3143,snow#2 2024-01-19,snow,qc
1/sublink_1,impl2_nearby,5,0.184,0.0,-0.184,-1.0,0.184,0.2586,1.4055,,0.0,,0.0,0.0,0.92,snow#2 2024-01-19,snow,qc
2/sublink_3,impl2_nearby,5,0.3092,0.0,-0.3092,-1.0,0.3092,0.3281,1.0611,,0.0,,0.0,0.0,1.5462,snow#2 2024-01-19,snow,qc
3/sublink_3,impl2_nearby,5,0.2969,0.0,-0.2969,-1.0,0.2969,0.3335,1.1232,,0.0,,0.0,0.0,1.4846,snow#2 2024-01-19,snow,qc
4/sublink_1,impl2_nearby,5,0.34,0.0,-0.34,-1.0,0.34,0.355,1.044,,0.0,,0.0,0.0,1.7,snow#2 2024-01-19,snow,qc
6/sublink_2,impl2_nearby,0,,,,,,,,,,,,0.0,0.0,snow#2 2024-01-19,snow,qc
8/sublink_1,impl2_nearby,5,0.2973,0.0,-0.2973,-1.0,0.2973,0.3348,1.1259,,0.0,,0.0,0.0,1.4867,snow#2 2024-01-19,snow,qc
11/sublink_2,impl2_nearby,5,0.24,0.0273,-0.2127,-0.8864,0.2127,0.2539,1.058,0.0344,0.0,,0.0,0.1363,1.2,snow#2 2024-01-19,snow,qc
12/sublink_2,impl2_nearby,5,0.228,0.0,-0.228,-1.0,0.228,0.277,1.2148,,0.0,,0.0,0.0,1.14,snow#2 2024-01-19,snow,qc
13/sublink_2,impl2_nearby,5,0.3,0.0,-0.3,-1.0,0.3,0.3275,1.0915,,0.0,,0.0,0.0,1.5,snow#2 2024-01-19,snow,qc
16/sublink_1,impl2_nearby,0,,,,,,,,,,,,0.0,0.0,snow#2 2024-01-19,snow,qc
17/sublink_2,impl2_nearby,0,,,,,,,,,,,,0.0,0.0,snow#2 2024-01-19,snow,qc
18/sublink_2,impl2_nearby,0,,,,,,,,,,,,0.0,0.0,snow#2 2024-01-19,snow,qc
19/sublink_2,impl2_nearby,5,0.2141,0.0,-0.2141,-1.0,0.2141,0.2639,1.2324,,0.0,,0.0,0.0,1.0706,snow#2 2024-01-19,snow,qc
20/sublink_2,impl2_nearby,5,0.2234,0.0,-0.2234,-1.0,0.2234,0.2674,1.1968,,0.0,,0.0,0.0,1.1172,snow#2 2024-01-19,snow,qc
22/sublink_1,impl2_nearby,5,0.24,0.0,-0.24,-1.0,0.24,0.2757,1.1487,,0.0,,0.0,0.0,1.2,snow#2 2024-01-19,snow,qc
26/sublink_1,impl2_nearby,0,,,,,,,,,,,,0.0,0.0,snow#2 2024-01-19,snow,qc
27/sublink_1,impl2_nearby,5,0.16,0.0,-0.16,-1.0,0.16,0.253,1.5811,,0.0,,0.0,0.0,0.8,snow#2 2024-01-19,snow,qc
29/sublink_1,impl2_nearby,0,,,,,,,,,,,,0.0,0.0,snow#2 2024-01-19,snow,qc
30/sublink_1,impl2_nearby,5,0.32,0.0,-0.32,-1.0,0.32,0.3347,1.0458,,0.0,,0.0,0.0,1.6,snow#2 2024-01-19,snow,qc
31/sublink_1,impl2_nearby,5,0.1829,0.0,-0.1829,-1.0,0.1829,0.2484,1.3586,,0.0,,0.0,0.0,0.9143,snow#2 2024-01-19,snow,qc
32/sublink_1,impl2_nearby,5,0.2126,0.0,-0.2126,-1.0,0.2126,0.2739,1.2884,,0.0,,0.0,0.0,1.0632,snow#2 2024-01-19,snow,qc
34/sublink_1,impl2_nearby,5,0.1778,0.0,-0.1778,-1.0,0.1778,0.2487,1.3987,,0.0,,0.0,0.0,0.8889,snow#2 2024-01-19,snow,qc
38/sublink_1,impl2_nearby,5,0.21,0.0,-0.21,-1.0,0.21,0.2571,1.2243,,0.0,,0.0,0.0,1.05,snow#2 2024-01-19,snow,qc
40/sublink_1,impl2_nearby,5,0.1709,0.0,-0.1709,-1.0,0.1709,0.2542,1.4871,,0.0,,0.0,0.0,0.8545,snow#2 2024-01-19,snow,qc
55/sublink_1,impl2_nearby,5,0.2629,0.0,-0.2629,-1.0,0.2629,0.2951,1.1228,,0.0,,0.0,0.0,1.3143,snow#2 2024-01-19,snow,qc
3/sublink_3,impl1_dynamic,15,1.0041,3.2697,2.2656,2.2563,3.3702,5.5838,5.561,0.106,0.4545,0.1667,0.4167,49.045,15.0615,mix#2 2024-02-13,mix,shared8
8/sublink_1,impl1_dynamic,15,1.0071,1.1669,0.1597,0.1586,1.8229,3.178,3.1556,-0.0045,0.1818,0.5,0.1538,17.5029,15.1067,mix#2 2024-02-13,mix,shared8
12/sublink_2,impl1_dynamic,15,0.964,1.4802,0.5162,0.5355,1.4842,3.1966,3.316,0.3114,0.5455,0.1429,0.5,22.2031,14.46,mix#2 2024-02-13,mix,shared8
20/sublink_2,impl1_dynamic,15,0.9855,1.4388,0.4533,0.46,0.8287,1.2106,1.2284,0.4761,0.9091,0.0909,0.8333,21.5825,14.7828,mix#2 2024-02-13,mix,shared8
31/sublink_1,impl1_dynamic,15,1.0095,1.0978,0.0883,0.0875,1.2754,2.2909,2.2693,0.301,0.4545,0.0,0.4545,16.4675,15.1429,mix#2 2024-02-13,mix,shared8
40/sublink_1,impl1_dynamic,15,1.0006,2.1474,1.1468,1.1461,1.9499,3.5675,3.5654,0.6489,0.6364,0.0,0.6364,32.2117,15.0091,mix#2 2024-02-13,mix,shared8
45/sublink_1,impl1_dynamic,15,1.0055,0.6894,-0.3161,-0.3144,0.8844,1.2181,1.2115,0.5191,0.5455,0.0,0.5455,10.3406,15.0818,mix#2 2024-02-13,mix,shared8
34/sublink_1,impl1_dynamic,15,1.0178,0.9367,-0.081,-0.0796,0.9477,1.2166,1.1953,0.4081,0.5455,0.3333,0.4286,14.0511,15.2667,mix#2 2024-02-13,mix,shared8
3/sublink_3,impl2_classical_dynamic,15,1.0041,4.2825,3.2784,3.265,3.8697,5.952,5.9277,0.3356,0.7273,0.1111,0.6667,64.2376,15.0615,mix#2 2024-02-13,mix,shared8
8/sublink_1,impl2_classical_dynamic,15,1.0071,3.4608,2.4536,2.4363,3.0427,4.93,4.8951,0.2529,0.7273,0.2,0.6154,51.9113,15.1067,mix#2 2024-02-13,mix,shared8
12/sublink_2,impl2_classical_dynamic,15,0.964,3.9638,2.9998,3.1118,3.35,6.2132,6.4452,0.745,0.8182,0.1,0.75,59.4573,14.46,mix#2 2024-02-13,mix,shared8
20/sublink_2,impl2_classical_dynamic,15,0.9855,1.4388,0.4533,0.46,0.8287,1.2106,1.2284,0.4761,0.9091,0.0909,0.8333,21.5825,14.7828,mix#2 2024-02-13,mix,shared8
31/sublink_1,impl2_classical_dynamic,15,1.0095,3.2337,2.2242,2.2032,2.6189,4.604,4.5606,0.7653,0.8182,0.0,0.8182,48.5053,15.1429,mix#2 2024-02-13,mix,shared8
40/sublink_1,impl2_classical_dynamic,15,1.0006,4.2874,3.2868,3.2848,3.6883,6.3314,6.3276,0.8115,0.8182,0.0,0.8182,64.3108,15.0091,mix#2 2024-02-13,mix,shared8
45/sublink_1,impl2_classical_dynamic,15,1.0055,3.6263,2.6209,2.6066,3.1328,5.6481,5.6174,0.78,0.8182,0.0,0.8182,54.3948,15.0818,mix#2 2024-02-13,mix,shared8
34/sublink_1,impl2_classical_dynamic,15,1.0178,3.2227,2.205,2.1664,2.5537,4.4618,4.3839,0.8015,0.8182,0.25,0.6429,48.3411,15.2667,mix#2 2024-02-13,mix,shared8
3/sublink_3,impl2_classical_constant,15,1.0041,5.6043,4.6002,4.5814,4.8576,6.8315,6.8036,0.6333,0.8182,0.0,0.8182,84.0643,15.0615,mix#2 2024-02-13,mix,shared8
8/sublink_1,impl2_classical_constant,15,1.0071,3.5193,2.5122,2.4945,2.7753,4.2262,4.1964,0.5365,0.8182,0.0,0.8182,52.7897,15.1067,mix#2 2024-02-13,mix,shared8
12/sublink_2,impl2_classical_constant,15,0.964,2.4738,1.5098,1.5662,2.5598,4.7048,4.8805,0.6428,0.4545,0.0,0.4545,37.1071,14.46,mix#2 2024-02-13,mix,shared8
20/sublink_2,impl2_classical_constant,15,0.9855,2.3169,1.3314,1.3509,1.6784,2.2989,2.3327,0.6322,0.8182,0.0,0.8182,34.7532,14.7828,mix#2 2024-02-13,mix,shared8
31/sublink_1,impl2_classical_constant,15,1.0095,0.6038,-0.4057,-0.4019,0.8875,1.2265,1.2149,0.5996,0.2727,0.0,0.2727,9.0576,15.1429,mix#2 2024-02-13,mix,shared8
40/sublink_1,impl2_classical_constant,15,1.0006,5.0312,4.0306,4.0281,4.6383,8.0544,8.0495,0.69,0.7273,0.0,0.7273,75.4676,15.0091,mix#2 2024-02-13,mix,shared8
45/sublink_1,impl2_classical_constant,15,1.0055,3.2106,2.2051,2.1931,3.0767,5.2369,5.2085,0.6595,0.4545,0.0,0.4545,48.1584,15.0818,mix#2 2024-02-13,mix,shared8
34/sublink_1,impl2_classical_constant,15,1.0178,1.4305,0.4127,0.4055,1.5987,2.905,2.8543,0.6568,0.2727,0.0,0.2727,21.4568,15.2667,mix#2 2024-02-13,mix,shared8
3/sublink_3,impl2_pycomlink,15,1.0041,5.3214,4.3173,4.2997,4.4157,6.2517,6.2262,0.6491,1.0,0.0833,0.9167,79.8213,15.0615,mix#2 2024-02-13,mix,shared8
8/sublink_1,impl2_pycomlink,15,1.0071,4.0097,3.0026,2.9814,3.1537,4.6162,4.5836,0.5707,1.0,0.0833,0.9167,60.1449,15.1067,mix#2 2024-02-13,mix,shared8
12/sublink_2,impl2_pycomlink,15,0.964,6.837,5.873,6.0923,6.1,8.788,9.1162,0.5912,1.0,0.0,1.0,102.5553,14.46,mix#2 2024-02-13,mix,shared8
20/sublink_2,impl2_pycomlink,15,0.9855,0.5576,-0.4279,-0.4342,0.9488,1.2068,1.2246,0.1282,0.6364,0.125,0.5833,8.3638,14.7828,mix#2 2024-02-13,mix,shared8
31/sublink_1,impl2_pycomlink,15,1.0095,2.0896,1.0801,1.0699,1.6433,2.1974,2.1766,0.6361,0.6364,0.0,0.6364,31.3441,15.1429,mix#2 2024-02-13,mix,shared8
40/sublink_1,impl2_pycomlink,15,1.0006,6.1829,5.1823,5.1792,5.3945,8.4075,8.4024,0.7096,1.0,0.0,1.0,92.7437,15.0091,mix#2 2024-02-13,mix,shared8
45/sublink_1,impl2_pycomlink,15,1.0055,3.5689,2.5634,2.5495,3.1215,5.099,5.0714,0.6721,0.6364,0.0,0.6364,53.5331,15.0818,mix#2 2024-02-13,mix,shared8
34/sublink_1,impl2_pycomlink,15,1.0178,2.8823,1.8645,1.832,2.5488,3.6038,3.5408,0.527,0.6364,0.0,0.6364,43.2347,15.2667,mix#2 2024-02-13,mix,shared8
3/sublink_3,impl2_nearby,15,1.0041,3.2841,2.28,2.2707,2.8943,4.7075,4.6883,0.1881,0.8182,0.0,0.8182,49.2614,15.0615,mix#2 2024-02-13,mix,shared8
8/sublink_1,impl2_nearby,15,1.0071,0.9525,-0.0546,-0.0543,1.0305,1.4334,1.4233,0.4906,0.5455,0.0,0.5455,14.2871,15.1067,mix#2 2024-02-13,mix,shared8
12/sublink_2,impl2_nearby,15,0.964,0.6932,-0.2708,-0.2809,1.0208,1.642,1.7033,0.3761,0.4545,0.0,0.4545,10.3975,14.46,mix#2 2024-02-13,mix,shared8
20/sublink_2,impl2_nearby,15,0.9855,1.534,0.5484,0.5565,1.3522,1.8201,1.8468,0.1092,0.8182,0.0,0.8182,23.0095,14.7828,mix#2 2024-02-13,mix,shared8
31/sublink_1,impl2_nearby,15,1.0095,0.5552,-0.4543,-0.45,1.1588,1.6224,1.6071,0.0365,0.2727,0.0,0.2727,8.328,15.1429,mix#2 2024-02-13,mix,shared8
40/sublink_1,impl2_nearby,15,1.0006,2.4617,1.4611,1.4602,2.3207,3.476,3.4739,0.3557,0.7273,0.0,0.7273,36.9255,15.0091,mix#2 2024-02-13,mix,shared8
45/sublink_1,impl2_nearby,15,1.0055,1.5727,0.5672,0.5642,1.6622,2.4422,2.429,0.3053,0.4545,0.0,0.4545,23.5904,15.0818,mix#2 2024-02-13,mix,shared8
34/sublink_1,impl2_nearby,15,1.0178,0.3443,-0.6735,-0.6617,0.7773,1.068,1.0493,0.5339,0.3636,0.0,0.3636,5.1645,15.2667,mix#2 2024-02-13,mix,shared8
3/sublink_3,impl1_dynamic,15,1.0041,3.2697,2.2656,2.2563,3.3702,5.5838,5.561,0.106,0.4545,0.1667,0.4167,49.045,15.0615,mix#2 2024-02-13,mix,selected
8/sublink_1,impl1_dynamic,15,1.0071,1.1669,0.1597,0.1586,1.8229,3.178,3.1556,-0.0045,0.1818,0.5,0.1538,17.5029,15.1067,mix#2 2024-02-13,mix,selected
12/sublink_2,impl1_dynamic,15,0.964,1.4802,0.5162,0.5355,1.4842,3.1966,3.316,0.3114,0.5455,0.1429,0.5,22.2031,14.46,mix#2 2024-02-13,mix,selected
20/sublink_2,impl1_dynamic,15,0.9855,1.4388,0.4533,0.46,0.8287,1.2106,1.2284,0.4761,0.9091,0.0909,0.8333,21.5825,14.7828,mix#2 2024-02-13,mix,selected
31/sublink_1,impl1_dynamic,15,1.0095,1.0978,0.0883,0.0875,1.2754,2.2909,2.2693,0.301,0.4545,0.0,0.4545,16.4675,15.1429,mix#2 2024-02-13,mix,selected
34/sublink_1,impl1_dynamic,15,1.0178,0.9367,-0.081,-0.0796,0.9477,1.2166,1.1953,0.4081,0.5455,0.3333,0.4286,14.0511,15.2667,mix#2 2024-02-13,mix,selected
40/sublink_1,impl1_dynamic,15,1.0006,2.1474,1.1468,1.1461,1.9499,3.5675,3.5654,0.6489,0.6364,0.0,0.6364,32.2117,15.0091,mix#2 2024-02-13,mix,selected
3/sublink_3,impl2_classical_dynamic,15,1.0041,4.2825,3.2784,3.265,3.8697,5.952,5.9277,0.3356,0.7273,0.1111,0.6667,64.2376,15.0615,mix#2 2024-02-13,mix,selected
8/sublink_1,impl2_classical_dynamic,15,1.0071,3.4608,2.4536,2.4363,3.0427,4.93,4.8951,0.2529,0.7273,0.2,0.6154,51.9113,15.1067,mix#2 2024-02-13,mix,selected
12/sublink_2,impl2_classical_dynamic,15,0.964,3.9638,2.9998,3.1118,3.35,6.2132,6.4452,0.745,0.8182,0.1,0.75,59.4573,14.46,mix#2 2024-02-13,mix,selected
20/sublink_2,impl2_classical_dynamic,15,0.9855,1.4388,0.4533,0.46,0.8287,1.2106,1.2284,0.4761,0.9091,0.0909,0.8333,21.5825,14.7828,mix#2 2024-02-13,mix,selected
31/sublink_1,impl2_classical_dynamic,15,1.0095,3.2337,2.2242,2.2032,2.6189,4.604,4.5606,0.7653,0.8182,0.0,0.8182,48.5053,15.1429,mix#2 2024-02-13,mix,selected
34/sublink_1,impl2_classical_dynamic,15,1.0178,3.2227,2.205,2.1664,2.5537,4.4618,4.3839,0.8015,0.8182,0.25,0.6429,48.3411,15.2667,mix#2 2024-02-13,mix,selected
40/sublink_1,impl2_classical_dynamic,15,1.0006,4.2874,3.2868,3.2848,3.6883,6.3314,6.3276,0.8115,0.8182,0.0,0.8182,64.3108,15.0091,mix#2 2024-02-13,mix,selected
3/sublink_3,impl2_classical_constant,15,1.0041,5.6043,4.6002,4.5814,4.8576,6.8315,6.8036,0.6333,0.8182,0.0,0.8182,84.0643,15.0615,mix#2 2024-02-13,mix,selected
8/sublink_1,impl2_classical_constant,15,1.0071,3.5193,2.5122,2.4945,2.7753,4.2262,4.1964,0.5365,0.8182,0.0,0.8182,52.7897,15.1067,mix#2 2024-02-13,mix,selected
12/sublink_2,impl2_classical_constant,15,0.964,2.4738,1.5098,1.5662,2.5598,4.7048,4.8805,0.6428,0.4545,0.0,0.4545,37.1071,14.46,mix#2 2024-02-13,mix,selected
20/sublink_2,impl2_classical_constant,15,0.9855,2.3169,1.3314,1.3509,1.6784,2.2989,2.3327,0.6322,0.8182,0.0,0.8182,34.7532,14.7828,mix#2 2024-02-13,mix,selected
31/sublink_1,impl2_classical_constant,15,1.0095,0.6038,-0.4057,-0.4019,0.8875,1.2265,1.2149,0.5996,0.2727,0.0,0.2727,9.0576,15.1429,mix#2 2024-02-13,mix,selected
34/sublink_1,impl2_classical_constant,15,1.0178,1.4305,0.4127,0.4055,1.5987,2.905,2.8543,0.6568,0.2727,0.0,0.2727,21.4568,15.2667,mix#2 2024-02-13,mix,selected
40/sublink_1,impl2_classical_constant,15,1.0006,5.0312,4.0306,4.0281,4.6383,8.0544,8.0495,0.69,0.7273,0.0,0.7273,75.4676,15.0091,mix#2 2024-02-13,mix,selected
3/sublink_3,impl2_pycomlink,15,1.0041,5.3214,4.3173,4.2997,4.4157,6.2517,6.2262,0.6491,1.0,0.0833,0.9167,79.8213,15.0615,mix#2 2024-02-13,mix,selected
8/sublink_1,impl2_pycomlink,15,1.0071,4.0097,3.0026,2.9814,3.1537,4.6162,4.5836,0.5707,1.0,0.0833,0.9167,60.1449,15.1067,mix#2 2024-02-13,mix,selected
12/sublink_2,impl2_pycomlink,15,0.964,6.837,5.873,6.0923,6.1,8.788,9.1162,0.5912,1.0,0.0,1.0,102.5553,14.46,mix#2 2024-02-13,mix,selected
20/sublink_2,impl2_pycomlink,15,0.9855,0.5576,-0.4279,-0.4342,0.9488,1.2068,1.2246,0.1282,0.6364,0.125,0.5833,8.3638,14.7828,mix#2 2024-02-13,mix,selected
31/sublink_1,impl2_pycomlink,15,1.0095,2.0896,1.0801,1.0699,1.6433,2.1974,2.1766,0.6361,0.6364,0.0,0.6364,31.3441,15.1429,mix#2 2024-02-13,mix,selected
34/sublink_1,impl2_pycomlink,15,1.0178,2.8823,1.8645,1.832,2.5488,3.6038,3.5408,0.527,0.6364,0.0,0.6364,43.2347,15.2667,mix#2 2024-02-13,mix,selected
40/sublink_1,impl2_pycomlink,15,1.0006,6.1829,5.1823,5.1792,5.3945,8.4075,8.4024,0.7096,1.0,0.0,1.0,92.7437,15.0091,mix#2 2024-02-13,mix,selected
3/sublink_3,impl2_nearby,15,1.0041,3.2841,2.28,2.2707,2.8943,4.7075,4.6883,0.1881,0.8182,0.0,0.8182,49.2614,15.0615,mix#2 2024-02-13,mix,selected
8/sublink_1,impl2_nearby,15,1.0071,0.9525,-0.0546,-0.0543,1.0305,1.4334,1.4233,0.4906,0.5455,0.0,0.5455,14.2871,15.1067,mix#2 2024-02-13,mix,selected
12/sublink_2,impl2_nearby,15,0.964,0.6932,-0.2708,-0.2809,1.0208,1.642,1.7033,0.3761,0.4545,0.0,0.4545,10.3975,14.46,mix#2 2024-02-13,mix,selected
20/sublink_2,impl2_nearby,15,0.9855,1.534,0.5484,0.5565,1.3522,1.8201,1.8468,0.1092,0.8182,0.0,0.8182,23.0095,14.7828,mix#2 2024-02-13,mix,selected
31/sublink_1,impl2_nearby,15,1.0095,0.5552,-0.4543,-0.45,1.1588,1.6224,1.6071,0.0365,0.2727,0.0,0.2727,8.328,15.1429,mix#2 2024-02-13,mix,selected
34/sublink_1,impl2_nearby,15,1.0178,0.3443,-0.6735,-0.6617,0.7773,1.068,1.0493,0.5339,0.3636,0.0,0.3636,5.1645,15.2667,mix#2 2024-02-13,mix,selected
40/sublink_1,impl2_nearby,15,1.0006,2.4617,1.4611,1.4602,2.3207,3.476,3.4739,0.3557,0.7273,0.0,0.7273,36.9255,15.0091,mix#2 2024-02-13,mix,selected
1/sublink_1,impl1_dynamic,15,1.0253,3.7773,2.752,2.684,3.5136,5.9854,5.8376,0.2032,0.9091,0.0909,0.8333,56.6596,15.38,mix#2 2024-02-13,mix,qc
2/sublink_3,impl1_dynamic,15,0.9779,4.2717,3.2937,3.368,3.7854,6.699,6.85,-0.0019,1.0,0.2667,0.7333,64.0754,14.6692,mix#2 2024-02-13,mix,qc
3/sublink_3,impl1_dynamic,15,1.0041,3.2697,2.2656,2.2563,3.3702,5.5838,5.561,0.106,0.4545,0.1667,0.4167,49.045,15.0615,mix#2 2024-02-13,mix,qc
4/sublink_1,impl1_dynamic,15,0.9562,5.4345,4.4783,4.6835,4.7982,7.3748,7.7127,0.147,0.9091,0.0909,0.8333,81.5169,14.3429,mix#2 2024-02-13,mix,qc
6/sublink_2,impl1_dynamic,15,1.0667,9.809,8.7424,8.196,8.7424,10.3273,9.6819,-0.0716,1.0,0.2667,0.7333,147.1353,16.0,mix#2 2024-02-13,mix,qc
11/sublink_2,impl1_dynamic,15,1.0096,2.6359,1.6263,1.6108,2.1,3.6336,3.5989,0.1647,1.0,0.2667,0.7333,39.5385,15.1444,mix#2 2024-02-13,mix,qc
13/sublink_2,impl1_dynamic,15,0.9743,4.3063,3.332,3.42,3.7454,5.1044,5.2392,0.7584,0.7273,0.2,0.6154,64.5947,14.6143,mix#2 2024-02-13,mix,qc
16/sublink_1,impl1_dynamic,15,0.9933,7.4278,6.4344,6.4776,6.4344,6.7365,6.7817,-0.0678,1.0,0.2667,0.7333,111.4165,14.9,mix#2 2024-02-13,mix,qc
17/sublink_2,impl1_dynamic,15,1.0,6.3606,5.3606,5.3606,5.5488,7.777,7.777,0.3929,0.9091,0.0909,0.8333,95.4085,15.0,mix#2 2024-02-13,mix,qc
19/sublink_2,impl1_dynamic,15,0.9765,1.6038,0.6273,0.6425,1.2065,1.6494,1.6892,0.207,0.9091,0.1667,0.7692,24.0571,14.6471,mix#2 2024-02-13,mix,qc
20/sublink_2,impl1_dynamic,15,0.9855,1.4388,0.4533,0.46,0.8287,1.2106,1.2284,0.4761,0.9091,0.0909,0.8333,21.5825,14.7828,mix#2 2024-02-13,mix,qc
22/sublink_1,impl1_dynamic,15,1.0096,4.5522,3.5426,3.5088,3.6204,5.5098,5.4572,0.4144,1.0,0.1538,0.8462,68.283,15.1444,mix#2 2024-02-13,mix,qc
27/sublink_1,impl1_dynamic,15,1.0571,1.6009,0.5438,0.5144,1.3345,1.8832,1.7814,0.6248,0.7273,0.1111,0.6667,24.014,15.8571,mix#2 2024-02-13,mix,qc
30/sublink_1,impl1_dynamic,15,0.9833,4.3344,3.351,3.4078,3.351,3.858,3.9234,0.0019,1.0,0.2667,0.7333,65.0153,14.75,mix#2 2024-02-13,mix,qc
32/sublink_1,impl1_dynamic,15,1.0039,0.316,-0.6879,-0.6852,0.6939,0.9824,0.9787,0.5367,0.6364,0.0,0.6364,4.7396,15.0579,mix#2 2024-02-13,mix,qc
38/sublink_1,impl1_dynamic,15,1.0007,3.878,2.8773,2.8754,3.2373,5.2308,5.2274,0.7157,0.7273,0.1111,0.6667,58.1701,15.01,mix#2 2024-02-13,mix,qc
40/sublink_1,impl1_dynamic,15,1.0006,2.1474,1.1468,1.1461,1.9499,3.5675,3.5654,0.6489,0.6364,0.0,0.6364,32.2117,15.0091,mix#2 2024-02-13,mix,qc
55/sublink_1,impl1_dynamic,15,0.9981,5.8264,4.8283,4.8375,5.0032,9.7437,9.7623,0.5555,1.0,0.2667,0.7333,87.3963,14.9714,mix#2 2024-02-13,mix,qc
1/sublink_1,impl2_classical_dynamic,15,1.0253,3.7773,2.752,2.684,3.5136,5.9854,5.8376,0.2032,0.9091,0.0909,0.8333,56.6596,15.38,mix#2 2024-02-13,mix,qc
2/sublink_3,impl2_classical_dynamic,15,0.9779,4.2717,3.2937,3.368,3.7854,6.699,6.85,-0.0019,1.0,0.2667,0.7333,64.0754,14.6692,mix#2 2024-02-13,mix,qc
3/sublink_3,impl2_classical_dynamic,15,1.0041,4.2825,3.2784,3.265,3.8697,5.952,5.9277,0.3356,0.7273,0.1111,0.6667,64.2376,15.0615,mix#2 2024-02-13,mix,qc
4/sublink_1,impl2_classical_dynamic,15,0.9562,5.4345,4.4783,4.6835,4.7982,7.3748,7.7127,0.147,0.9091,0.0909,0.8333,81.5169,14.3429,mix#2 2024-02-13,mix,qc
6/sublink_2,impl2_classical_dynamic,15,1.0667,9.809,8.7424,8.196,8.7424,10.3273,9.6819,-0.0716,1.0,0.2667,0.7333,147.1353,16.0,mix#2 2024-02-13,mix,qc
11/sublink_2,impl2_classical_dynamic,15,1.0096,2.6359,1.6263,1.6108,2.1,3.6336,3.5989,0.1647,1.0,0.2667,0.7333,39.5385,15.1444,mix#2 2024-02-13,mix,qc
13/sublink_2,impl2_classical_dynamic,15,0.9743,4.3063,3.332,3.42,3.7454,5.1044,5.2392,0.7584,0.7273,0.2,0.6154,64.5947,14.6143,mix#2 2024-02-13,mix,qc
16/sublink_1,impl2_classical_dynamic,15,0.9933,7.4278,6.4344,6.4776,6.4344,6.7365,6.7817,-0.0678,1.0,0.2667,0.7333,111.4165,14.9,mix#2 2024-02-13,mix,qc
17/sublink_2,impl2_classical_dynamic,15,1.0,6.3606,5.3606,5.3606,5.5488,7.777,7.777,0.3929,0.9091,0.0909,0.8333,95.4085,15.0,mix#2 2024-02-13,mix,qc
19/sublink_2,impl2_classical_dynamic,15,0.9765,1.6038,0.6273,0.6425,1.2065,1.6494,1.6892,0.207,0.9091,0.1667,0.7692,24.0571,14.6471,mix#2 2024-02-13,mix,qc
20/sublink_2,impl2_classical_dynamic,15,0.9855,1.4388,0.4533,0.46,0.8287,1.2106,1.2284,0.4761,0.9091,0.0909,0.8333,21.5825,14.7828,mix#2 2024-02-13,mix,qc
22/sublink_1,impl2_classical_dynamic,15,1.0096,4.5522,3.5426,3.5088,3.6204,5.5098,5.4572,0.4144,1.0,0.1538,0.8462,68.283,15.1444,mix#2 2024-02-13,mix,qc
27/sublink_1,impl2_classical_dynamic,15,1.0571,3.0295,1.9724,1.8658,2.2961,3.9822,3.767,0.6124,1.0,0.2667,0.7333,45.4428,15.8571,mix#2 2024-02-13,mix,qc
30/sublink_1,impl2_classical_dynamic,15,0.9833,4.3344,3.351,3.4078,3.351,3.858,3.9234,0.0019,1.0,0.2667,0.7333,65.0153,14.75,mix#2 2024-02-13,mix,qc
32/sublink_1,impl2_classical_dynamic,15,1.0039,1.1729,0.1691,0.1684,0.7139,1.081,1.0768,0.8433,1.0,0.0,1.0,17.5937,15.0579,mix#2 2024-02-13,mix,qc
38/sublink_1,impl2_classical_dynamic,15,1.0007,5.4006,4.3999,4.397,4.6347,7.1171,7.1124,0.7219,0.8182,0.1,0.75,81.0084,15.01,mix#2 2024-02-13,mix,qc
40/sublink_1,impl2_classical_dynamic,15,1.0006,4.2874,3.2868,3.2848,3.6883,6.3314,6.3276,0.8115,0.8182,0.0,0.8182,64.3108,15.0091,mix#2 2024-02-13,mix,qc
55/sublink_1,impl2_classical_dynamic,15,0.9981,5.8264,4.8283,4.8375,5.0032,9.7437,9.7623,0.5555,1.0,0.2667,0.7333,87.3963,14.9714,mix#2 2024-02-13,mix,qc
1/sublink_1,impl2_classical_constant,15,1.0253,1.1641,0.1388,0.1354,1.4828,2.3825,2.3236,0.3452,0.2727,0.0,0.2727,17.462,15.38,mix#2 2024-02-13,mix,qc
2/sublink_3,impl2_classical_constant,15,0.9779,1.2902,0.3123,0.3193,1.9389,4.2551,4.3511,-0.0157,0.1818,0.0,0.1818,19.353,14.6692,mix#2 2024-02-13,mix,qc
3/sublink_3,impl2_classical_constant,15,1.0041,5.6043,4.6002,4.5814,4.8576,6.8315,6.8036,0.6333,0.8182,0.0,0.8182,84.0643,15.0615,mix#2 2024-02-13,mix,qc
4/sublink_1,impl2_classical_constant,15,0.9562,0.5812,-0.375,-0.3922,1.1881,1.6701,1.7466,-0.0325,0.3636,0.0,0.3636,8.7176,14.3429,mix#2 2024-02-13,mix,qc
6/sublink_2,impl2_classical_constant,15,1.0667,0.102,-0.9647,-0.9044,0.9958,1.2762,1.1964,-0.0722,0.3636,0.2,0.3333,1.53,16.0,mix#2 2024-02-13,mix,qc
11/sublink_2,impl2_classical_constant,15,1.0096,0.8587,-0.1509,-0.1495,1.1085,1.8104,1.7931,0.1755,0.6364,0.3,0.5,12.8805,15.1444,mix#2 2024-02-13,mix,qc
13/sublink_2,impl2_classical_constant,15,0.9743,0.0,-0.9743,-1.0,0.9743,1.2428,1.2756,,0.0,,0.0,0.0,14.6143,mix#2 2024-02-13,mix,qc
16/sublink_1,impl2_classical_constant,15,0.9933,0.1912,-0.8021,-0.8075,0.8077,1.0449,1.0519,0.5277,0.5455,0.0,0.5455,2.8683,14.9,mix#2 2024-02-13,mix,qc
17/sublink_2,impl2_classical_constant,15,1.0,2.0954,1.0954,1.0954,1.8046,4.3674,4.3674,0.2309,0.6364,0.0,0.6364,31.4314,15.0,mix#2 2024-02-13,mix,qc
19/sublink_2,impl2_classical_constant,15,0.9765,0.0,-0.9765,-1.0,0.9765,1.285,1.316,,0.0,,0.0,0.0,14.6471,mix#2 2024-02-13,mix,qc
20/sublink_2,impl2_classical_constant,15,0.9855,2.3169,1.3314,1.3509,1.6784,2.2989,2.3327,0.6322,0.8182,0.0,0.8182,34.7532,14.7828,mix#2 2024-02-13,mix,qc
22/sublink_1,impl2_classical_constant,15,1.0096,2.2836,1.274,1.2618,1.9135,3.5148,3.4812,0.3015,0.7273,0.1111,0.6667,34.2544,15.1444,mix#2 2024-02-13,mix,qc
27/sublink_1,impl2_classical_constant,15,1.0571,0.6819,-0.3753,-0.355,1.3934,2.2955,2.1714,0.3701,0.2727,0.0,0.2727,10.2283,15.8571,mix#2 2024-02-13,mix,qc
30/sublink_1,impl2_classical_constant,15,0.9833,0.0315,-0.9519,-0.968,0.9765,1.2158,1.2364,0.1314,0.0909,0.5,0.0833,0.4721,14.75,mix#2 2024-02-13,mix,qc
32/sublink_1,impl2_classical_constant,15,1.0039,0.6854,-0.3185,-0.3172,0.7272,0.9167,0.9132,0.7882,0.4545,0.0,0.4545,10.2811,15.0579,mix#2 2024-02-13,mix,qc
38/sublink_1,impl2_classical_constant,15,1.0007,6.2179,5.2172,5.2138,5.6696,9.9563,9.9497,0.5489,0.8182,0.0,0.8182,93.2685,15.01,mix#2 2024-02-13,mix,qc
40/sublink_1,impl2_classical_constant,15,1.0006,5.0312,4.0306,4.0281,4.6383,8.0544,8.0495,0.69,0.7273,0.0,0.7273,75.4676,15.0091,mix#2 2024-02-13,mix,qc
55/sublink_1,impl2_classical_constant,15,0.9981,3.2016,2.2035,2.2078,3.2869,6.3483,6.3604,0.4688,0.3636,0.2,0.3333,48.0246,14.9714,mix#2 2024-02-13,mix,qc
1/sublink_1,impl2_pycomlink,15,1.0253,3.5943,2.569,2.5055,3.6696,6.8558,6.6864,0.0848,0.4545,0.0,0.4545,53.9147,15.38,mix#2 2024-02-13,mix,qc
2/sublink_3,impl2_pycomlink,15,0.9779,1.682,0.7041,0.7199,2.0942,3.9149,4.0032,-0.0447,0.3636,0.0,0.3636,25.23,14.6692,mix#2 2024-02-13,mix,qc
3/sublink_3,impl2_pycomlink,15,1.0041,5.3214,4.3173,4.2997,4.4157,6.2517,6.2262,0.6491,1.0,0.0833,0.9167,79.8213,15.0615,mix#2 2024-02-13,mix,qc
4/sublink_1,impl2_pycomlink,15,0.9562,2.0795,1.1234,1.1748,2.2711,4.102,4.29,-0.0308,0.7273,0.1111,0.6667,31.1932,14.3429,mix#2 2024-02-13,mix,qc
6/sublink_2,impl2_pycomlink,15,1.0667,0.6262,-0.4405,-0.413,1.2287,1.7241,1.6163,-0.0605,0.4545,0.375,0.3571,9.3924,16.0,mix#2 2024-02-13,mix,qc
11/sublink_2,impl2_pycomlink,15,1.0096,0.8586,-0.151,-0.1496,1.3935,2.1427,2.1222,0.1557,0.3636,0.0,0.3636,12.8789,15.1444,mix#2 2024-02-13,mix,qc
13/sublink_2,impl2_pycomlink,15,0.9743,2.2408,1.2665,1.2999,1.4701,2.5978,2.6664,0.8185,0.9091,0.0909,0.8333,33.6121,14.6143,mix#2 2024-02-13,mix,qc
16/sublink_1,impl2_pycomlink,15,0.9933,0.0,-0.9933,-1.0,0.9933,1.2509,1.2593,,0.0,,0.0,0.0,14.9,mix#2 2024-02-13,mix,qc
17/sublink_2,impl2_pycomlink,15,1.0,5.2622,4.2622,4.2622,4.4521,8.549,8.549,0.1273,0.9091,0.0909,0.8333,78.9334,15.0,mix#2 2024-02-13,mix,qc
19/sublink_2,impl2_pycomlink,15,0.9765,0.3649,-0.6116,-0.6263,0.9631,1.282,1.3129,0.0557,0.3636,0.0,0.3636,5.4731,14.6471,mix#2 2024-02-13,mix,qc
20/sublink_2,impl2_pycomlink,15,0.9855,0.5576,-0.4279,-0.4342,0.9488,1.2068,1.2246,0.1282,0.6364,0.125,0.5833,8.3638,14.7828,mix#2 2024-02-13,mix,qc
22/sublink_1,impl2_pycomlink,15,1.0096,1.4591,0.4494,0.4452,1.3256,2.2989,2.2769,0.3241,0.5455,0.1429,0.5,21.8861,15.1444,mix#2 2024-02-13,mix,qc
27/sublink_1,impl2_pycomlink,15,1.0571,1.0605,0.0034,0.0032,1.2149,2.4823,2.3481,0.4869,0.5455,0.0,0.5455,15.9079,15.8571,mix#2 2024-02-13,mix,qc
30/sublink_1,impl2_pycomlink,15,0.9833,0.5371,-0.4462,-0.4538,0.8247,0.9921,1.0089,0.1621,0.7273,0.2,0.6154,8.0572,14.75,mix#2 2024-02-13,mix,qc
32/sublink_1,impl2_pycomlink,15,1.0039,0.6951,-0.3087,-0.3076,0.6153,0.8012,0.7981,0.8033,0.5455,0.0,0.5455,10.4267,15.0579,mix#2 2024-02-13,mix,qc
38/sublink_1,impl2_pycomlink,15,1.0007,6.8991,5.8985,5.8945,6.0204,9.7541,9.7476,0.5635,1.0,0.0,1.0,103.4869,15.01,mix#2 2024-02-13,mix,qc
40/sublink_1,impl2_pycomlink,15,1.0006,6.1829,5.1823,5.1792,5.3945,8.4075,8.4024,0.7096,1.0,0.0,1.0,92.7437,15.0091,mix#2 2024-02-13,mix,qc
55/sublink_1,impl2_pycomlink,15,0.9981,3.4951,2.497,2.5018,3.2375,6.2568,6.2688,0.492,0.5455,0.0,0.5455,52.4265,14.9714,mix#2 2024-02-13,mix,qc
1/sublink_1,impl2_nearby,15,1.0253,4.1472,3.1219,3.0447,4.1947,7.8258,7.6324,0.0939,0.4545,0.0,0.4545,62.2081,15.38,mix#2 2024-02-13,mix,qc
2/sublink_3,impl2_nearby,15,0.9779,1.9008,0.9229,0.9437,2.3124,4.437,4.537,-0.0348,0.4545,0.0,0.4545,28.5127,14.6692,mix#2 2024-02-13,mix,qc
3/sublink_3,impl2_nearby,15,1.0041,4.3812,3.3771,3.3633,3.4939,5.23,5.2086,0.4096,1.0,0.0,1.0,65.7182,15.0615,mix#2 2024-02-13,mix,qc
4/sublink_1,impl2_nearby,15,0.9562,4.304,3.3478,3.5012,3.5764,5.0589,5.2907,0.6414,0.9091,0.0,0.9091,64.5605,14.3429,mix#2 2024-02-13,mix,qc
6/sublink_2,impl2_nearby,0,,,,,,,,,,,,0.0,0.0,mix#2 2024-02-13,mix,qc
11/sublink_2,impl2_nearby,10,0.7944,0.1446,-0.6499,-0.818,0.8108,1.0157,1.2785,-0.3947,0.3333,0.5,0.25,1.4455,7.9444,mix#2 2024-02-13,mix,qc
13/sublink_2,impl2_nearby,15,0.9743,0.2654,-0.7089,-0.7276,0.7089,0.9015,0.9253,0.6953,0.3636,0.0,0.3636,3.9803,14.6143,mix#2 2024-02-13,mix,qc
16/sublink_1,impl2_nearby,0,,,,,,,,,,,,0.0,0.0,mix#2 2024-02-13,mix,qc
17/sublink_2,impl2_nearby,13,1.0154,2.0662,1.0508,1.0348,1.6544,4.0144,3.9536,0.2166,0.7778,0.0,0.7778,26.86,13.2,mix#2 2024-02-13,mix,qc
19/sublink_2,impl2_nearby,15,0.9765,0.7778,-0.1987,-0.2035,1.2655,1.6541,1.6939,-0.0092,0.4545,0.0,0.4545,11.6663,14.6471,mix#2 2024-02-13,mix,qc
20/sublink_2,impl2_nearby,15,0.9855,2.3943,1.4088,1.4295,1.598,2.1738,2.2058,0.5336,1.0,0.0,1.0,35.9151,14.7828,mix#2 2024-02-13,mix,qc
22/sublink_1,impl2_nearby,14,1.0365,8.6114,7.5748,7.308,7.6171,10.191,9.8321,0.812,1.0,0.0909,0.9091,120.5589,14.5111,mix#2 2024-02-13,mix,qc
27/sublink_1,impl2_nearby,8,1.5482,0.294,-1.2542,-0.8101,1.2542,1.3974,0.9026,0.4369,0.375,0.0,0.375,2.3518,12.3857,mix#2 2024-02-13,mix,qc
30/sublink_1,impl2_nearby,12,1.1083,0.9619,-0.1464,-0.1321,1.0842,1.4233,1.2842,0.1852,1.0,0.0,1.0,11.5432,13.3,mix#2 2024-02-13,mix,qc
32/sublink_1,impl2_nearby,15,1.0039,0.3409,-0.663,-0.6604,0.7456,0.9894,0.9856,0.545,0.4545,0.0,0.4545,5.1132,15.0579,mix#2 2024-02-13,mix,qc
38/sublink_1,impl2_nearby,15,1.0007,4.7945,3.7938,3.7913,4.0314,6.326,6.3218,0.6815,1.0,0.0,1.0,71.9171,15.01,mix#2 2024-02-13,mix,qc
40/sublink_1,impl2_nearby,15,1.0006,3.3819,2.3813,2.3799,2.9513,4.5256,4.5228,0.6093,0.8182,0.0,0.8182,50.729,15.0091,mix#2 2024-02-13,mix,qc
55/sublink_1,impl2_nearby,12,0.994,3.1376,2.1436,2.1564,3.1084,6.5537,6.593,0.5083,0.5,0.0,0.5,37.6516,11.9286,mix#2 2024-02-13,mix,qc
3/sublink_3,impl1_dynamic,9,0.5786,1.1096,0.531,0.9177,0.7319,1.1332,1.9584,0.2316,1.0,0.0,1.0,9.9866,5.2077,snow#1 2024-02-17,snow,shared8
8/sublink_1,impl1_dynamic,9,0.5807,1.2065,0.6258,1.0775,0.6845,1.1713,2.0169,0.2646,1.0,0.0,1.0,10.8585,5.2267,snow#1 2024-02-17,snow,shared8
12/sublink_2,impl1_dynamic,9,0.7889,2.2183,1.4294,1.812,1.4294,1.8643,2.3632,0.3462,1.0,0.1111,0.8889,19.965,7.1,snow#1 2024-02-17,snow,shared8
20/sublink_2,impl1_dynamic,9,0.7479,0.356,-0.3919,-0.524,0.3919,0.5367,0.7176,0.7887,0.625,0.0,0.625,3.2042,6.731,snow#1 2024-02-17,snow,shared8
31/sublink_1,impl1_dynamic,9,0.7714,1.3571,0.5856,0.7592,0.9885,1.3586,1.7611,0.6589,0.75,0.0,0.75,12.2136,6.9429,snow#1 2024-02-17,snow,shared8
40/sublink_1,impl1_dynamic,9,0.7242,0.4034,-0.3209,-0.443,0.5566,0.74,1.0218,0.4152,0.5,0.0,0.5,3.6304,6.5182,snow#1 2024-02-17,snow,shared8
45/sublink_1,impl1_dynamic,9,0.7222,0.2356,-0.4867,-0.6738,0.6112,0.8057,1.1156,0.3582,0.25,0.0,0.25,2.12,6.5,snow#1 2024-02-17,snow,shared8
34/sublink_1,impl1_dynamic,9,0.7889,0.1377,-0.6512,-0.8255,0.6512,0.8281,1.0498,0.7603,0.375,0.0,0.375,1.2391,7.1,snow#1 2024-02-17,snow,shared8
3/sublink_3,impl2_classical_dynamic,9,0.5786,1.1096,0.531,0.9177,0.7319,1.1332,1.9584,0.2316,1.0,0.0,1.0,9.9866,5.2077,snow#1 2024-02-17,snow,shared8
8/sublink_1,impl2_classical_dynamic,9,0.5807,1.2065,0.6258,1.0775,0.6845,1.1713,2.0169,0.2646,1.0,0.0,1.0,10.8585,5.2267,snow#1 2024-02-17,snow,shared8
12/sublink_2,impl2_classical_dynamic,9,0.7889,2.2183,1.4294,1.812,1.4294,1.8643,2.3632,0.3462,1.0,0.1111,0.8889,19.965,7.1,snow#1 2024-02-17,snow,shared8
20/sublink_2,impl2_classical_dynamic,9,0.7479,0.356,-0.3919,-0.524,0.3919,0.5367,0.7176,0.7887,0.625,0.0,0.625,3.2042,6.731,snow#1 2024-02-17,snow,shared8
31/sublink_1,impl2_classical_dynamic,9,0.7714,1.3571,0.5856,0.7592,0.9885,1.3586,1.7611,0.6589,0.75,0.0,0.75,12.2136,6.9429,snow#1 2024-02-17,snow,shared8
40/sublink_1,impl2_classical_dynamic,9,0.7242,0.4034,-0.3209,-0.443,0.5566,0.74,1.0218,0.4152,0.5,0.0,0.5,3.6304,6.5182,snow#1 2024-02-17,snow,shared8
45/sublink_1,impl2_classical_dynamic,9,0.7222,0.2356,-0.4867,-0.6738,0.6112,0.8057,1.1156,0.3582,0.25,0.0,0.25,2.12,6.5,snow#1 2024-02-17,snow,shared8
34/sublink_1,impl2_classical_dynamic,9,0.7889,0.1377,-0.6512,-0.8255,0.6512,0.8281,1.0498,0.7603,0.375,0.0,0.375,1.2391,7.1,snow#1 2024-02-17,snow,shared8
3/sublink_3,impl2_classical_constant,9,0.5786,0.2869,-0.2917,-0.5041,0.6827,0.8343,1.4419,-0.0488,0.2857,0.0,0.2857,2.5824,5.2077,snow#1 2024-02-17,snow,shared8
8/sublink_1,impl2_classical_constant,9,0.5807,0.4869,-0.0939,-0.1616,0.6736,0.8236,1.4182,0.0722,0.7143,0.0,0.7143,4.3819,5.2267,snow#1 2024-02-17,snow,shared8
12/sublink_2,impl2_classical_constant,9,0.7889,0.7687,-0.0202,-0.0256,0.7257,0.9885,1.253,0.3092,0.625,0.0,0.625,6.9183,7.1,snow#1 2024-02-17,snow,shared8
20/sublink_2,impl2_classical_constant,9,0.7479,0.1289,-0.619,-0.8276,0.619,0.8392,1.1221,0.3267,0.25,0.0,0.25,1.1603,6.731,snow#1 2024-02-17,snow,shared8
31/sublink_1,impl2_classical_constant,9,0.7714,0.0304,-0.741,-0.9605,0.741,0.962,1.2471,0.3482,0.125,0.0,0.125,0.274,6.9429,snow#1 2024-02-17,snow,shared8
40/sublink_1,impl2_classical_constant,9,0.7242,0.0461,-0.6782,-0.9364,0.6782,0.8628,1.1913,0.3452,0.125,0.0,0.125,0.4147,6.5182,snow#1 2024-02-17,snow,shared8
45/sublink_1,impl2_classical_constant,9,0.7222,0.0,-0.7222,-1.0,0.7222,0.916,1.2683,,0.0,,0.0,0.0,6.5,snow#1 2024-02-17,snow,shared8
34/sublink_1,impl2_classical_constant,9,0.7889,0.0,-0.7889,-1.0,0.7889,1.0255,1.3,,0.0,,0.0,0.0,7.1,snow#1 2024-02-17,snow,shared8
3/sublink_3,impl2_pycomlink,9,0.5786,0.5917,0.0131,0.0226,0.6531,0.8026,1.3871,0.0688,0.8571,0.0,0.8571,5.3252,5.2077,snow#1 2024-02-17,snow,shared8
8/sublink_1,impl2_pycomlink,9,0.5807,0.85,0.2692,0.4636,0.5957,0.8006,1.3786,0.2089,1.0,0.0,1.0,7.6496,5.2267,snow#1 2024-02-17,snow,shared8
12/sublink_2,impl2_pycomlink,9,0.7889,1.1757,0.3868,0.4903,0.7828,1.1558,1.4651,0.4511,0.75,0.0,0.75,10.5809,7.1,snow#1 2024-02-17,snow,shared8
20/sublink_2,impl2_pycomlink,9,0.7479,0.0,-0.7479,-1.0,0.7479,0.9533,1.2746,,0.0,,0.0,0.0,6.731,snow#1 2024-02-17,snow,shared8
31/sublink_1,impl2_pycomlink,9,0.7714,0.2389,-0.5325,-0.6903,0.5325,0.7108,0.9215,0.6755,0.25,0.0,0.25,2.1502,6.9429,snow#1 2024-02-17,snow,shared8
40/sublink_1,impl2_pycomlink,9,0.7242,0.1813,-0.5429,-0.7497,0.5429,0.7356,1.0157,0.5028,0.25,0.0,0.25,1.6317,6.5182,snow#1 2024-02-17,snow,shared8
45/sublink_1,impl2_pycomlink,9,0.7222,0.1189,-0.6034,-0.8354,0.6034,0.8012,1.1093,0.3638,0.25,0.0,0.25,1.0697,6.5,snow#1 2024-02-17,snow,shared8
34/sublink_1,impl2_pycomlink,9,0.7889,0.0,-0.7889,-1.0,0.7889,1.0255,1.3,,0.0,,0.0,0.0,7.1,snow#1 2024-02-17,snow,shared8
3/sublink_3,impl2_nearby,9,0.5786,0.5258,-0.0528,-0.0913,0.6243,0.7757,1.3406,0.0773,0.8571,0.0,0.8571,4.7322,5.2077,snow#1 2024-02-17,snow,shared8
8/sublink_1,impl2_nearby,9,0.5807,0.5941,0.0134,0.023,0.6045,0.734,1.264,0.1172,0.8571,0.0,0.8571,5.347,5.2267,snow#1 2024-02-17,snow,shared8
12/sublink_2,impl2_nearby,9,0.7889,1.8244,1.0355,1.3126,1.7046,2.1841,2.7686,-0.4145,0.875,0.0,0.875,16.4198,7.1,snow#1 2024-02-17,snow,shared8
20/sublink_2,impl2_nearby,9,0.7479,0.1904,-0.5575,-0.7454,0.5575,0.742,0.9922,0.6223,0.75,0.0,0.75,1.7134,6.731,snow#1 2024-02-17,snow,shared8
31/sublink_1,impl2_nearby,9,0.7714,0.1188,-0.6526,-0.846,0.7686,0.9845,1.2762,-0.3097,0.375,0.0,0.375,1.0693,6.9429,snow#1 2024-02-17,snow,shared8
40/sublink_1,impl2_nearby,9,0.7242,0.1794,-0.5448,-0.7523,0.5453,0.7794,1.0761,0.2101,0.625,0.0,0.625,1.6148,6.5182,snow#1 2024-02-17,snow,shared8
45/sublink_1,impl2_nearby,9,0.7222,0.0876,-0.6346,-0.8786,0.6346,0.8205,1.136,0.3903,0.125,0.0,0.125,0.7888,6.5,snow#1 2024-02-17,snow,shared8
34/sublink_1,impl2_nearby,9,0.7889,0.0,-0.7889,-1.0,0.7889,1.0255,1.3,,0.0,,0.0,0.0,7.1,snow#1 2024-02-17,snow,shared8
3/sublink_3,impl1_dynamic,9,0.5786,1.1096,0.531,0.9177,0.7319,1.1332,1.9584,0.2316,1.0,0.0,1.0,9.9866,5.2077,snow#1 2024-02-17,snow,selected
8/sublink_1,impl1_dynamic,9,0.5807,1.2065,0.6258,1.0775,0.6845,1.1713,2.0169,0.2646,1.0,0.0,1.0,10.8585,5.2267,snow#1 2024-02-17,snow,selected
12/sublink_2,impl1_dynamic,9,0.7889,2.2183,1.4294,1.812,1.4294,1.8643,2.3632,0.3462,1.0,0.1111,0.8889,19.965,7.1,snow#1 2024-02-17,snow,selected
20/sublink_2,impl1_dynamic,9,0.7479,0.356,-0.3919,-0.524,0.3919,0.5367,0.7176,0.7887,0.625,0.0,0.625,3.2042,6.731,snow#1 2024-02-17,snow,selected
31/sublink_1,impl1_dynamic,9,0.7714,1.3571,0.5856,0.7592,0.9885,1.3586,1.7611,0.6589,0.75,0.0,0.75,12.2136,6.9429,snow#1 2024-02-17,snow,selected
34/sublink_1,impl1_dynamic,9,0.7889,0.1377,-0.6512,-0.8255,0.6512,0.8281,1.0498,0.7603,0.375,0.0,0.375,1.2391,7.1,snow#1 2024-02-17,snow,selected
40/sublink_1,impl1_dynamic,9,0.7242,0.4034,-0.3209,-0.443,0.5566,0.74,1.0218,0.4152,0.5,0.0,0.5,3.6304,6.5182,snow#1 2024-02-17,snow,selected
3/sublink_3,impl2_classical_dynamic,9,0.5786,1.1096,0.531,0.9177,0.7319,1.1332,1.9584,0.2316,1.0,0.0,1.0,9.9866,5.2077,snow#1 2024-02-17,snow,selected
8/sublink_1,impl2_classical_dynamic,9,0.5807,1.2065,0.6258,1.0775,0.6845,1.1713,2.0169,0.2646,1.0,0.0,1.0,10.8585,5.2267,snow#1 2024-02-17,snow,selected
12/sublink_2,impl2_classical_dynamic,9,0.7889,2.2183,1.4294,1.812,1.4294,1.8643,2.3632,0.3462,1.0,0.1111,0.8889,19.965,7.1,snow#1 2024-02-17,snow,selected
20/sublink_2,impl2_classical_dynamic,9,0.7479,0.356,-0.3919,-0.524,0.3919,0.5367,0.7176,0.7887,0.625,0.0,0.625,3.2042,6.731,snow#1 2024-02-17,snow,selected
31/sublink_1,impl2_classical_dynamic,9,0.7714,1.3571,0.5856,0.7592,0.9885,1.3586,1.7611,0.6589,0.75,0.0,0.75,12.2136,6.9429,snow#1 2024-02-17,snow,selected
34/sublink_1,impl2_classical_dynamic,9,0.7889,0.1377,-0.6512,-0.8255,0.6512,0.8281,1.0498,0.7603,0.375,0.0,0.375,1.2391,7.1,snow#1 2024-02-17,snow,selected
40/sublink_1,impl2_classical_dynamic,9,0.7242,0.4034,-0.3209,-0.443,0.5566,0.74,1.0218,0.4152,0.5,0.0,0.5,3.6304,6.5182,snow#1 2024-02-17,snow,selected
3/sublink_3,impl2_classical_constant,9,0.5786,0.2869,-0.2917,-0.5041,0.6827,0.8343,1.4419,-0.0488,0.2857,0.0,0.2857,2.5824,5.2077,snow#1 2024-02-17,snow,selected
8/sublink_1,impl2_classical_constant,9,0.5807,0.4869,-0.0939,-0.1616,0.6736,0.8236,1.4182,0.0722,0.7143,0.0,0.7143,4.3819,5.2267,snow#1 2024-02-17,snow,selected
12/sublink_2,impl2_classical_constant,9,0.7889,0.7687,-0.0202,-0.0256,0.7257,0.9885,1.253,0.3092,0.625,0.0,0.625,6.9183,7.1,snow#1 2024-02-17,snow,selected
20/sublink_2,impl2_classical_constant,9,0.7479,0.1289,-0.619,-0.8276,0.619,0.8392,1.1221,0.3267,0.25,0.0,0.25,1.1603,6.731,snow#1 2024-02-17,snow,selected
31/sublink_1,impl2_classical_constant,9,0.7714,0.0304,-0.741,-0.9605,0.741,0.962,1.2471,0.3482,0.125,0.0,0.125,0.274,6.9429,snow#1 2024-02-17,snow,selected
34/sublink_1,impl2_classical_constant,9,0.7889,0.0,-0.7889,-1.0,0.7889,1.0255,1.3,,0.0,,0.0,0.0,7.1,snow#1 2024-02-17,snow,selected
40/sublink_1,impl2_classical_constant,9,0.7242,0.0461,-0.6782,-0.9364,0.6782,0.8628,1.1913,0.3452,0.125,0.0,0.125,0.4147,6.5182,snow#1 2024-02-17,snow,selected
3/sublink_3,impl2_pycomlink,9,0.5786,0.5917,0.0131,0.0226,0.6531,0.8026,1.3871,0.0688,0.8571,0.0,0.8571,5.3252,5.2077,snow#1 2024-02-17,snow,selected
8/sublink_1,impl2_pycomlink,9,0.5807,0.85,0.2692,0.4636,0.5957,0.8006,1.3786,0.2089,1.0,0.0,1.0,7.6496,5.2267,snow#1 2024-02-17,snow,selected
12/sublink_2,impl2_pycomlink,9,0.7889,1.1757,0.3868,0.4903,0.7828,1.1558,1.4651,0.4511,0.75,0.0,0.75,10.5809,7.1,snow#1 2024-02-17,snow,selected
20/sublink_2,impl2_pycomlink,9,0.7479,0.0,-0.7479,-1.0,0.7479,0.9533,1.2746,,0.0,,0.0,0.0,6.731,snow#1 2024-02-17,snow,selected
31/sublink_1,impl2_pycomlink,9,0.7714,0.2389,-0.5325,-0.6903,0.5325,0.7108,0.9215,0.6755,0.25,0.0,0.25,2.1502,6.9429,snow#1 2024-02-17,snow,selected
34/sublink_1,impl2_pycomlink,9,0.7889,0.0,-0.7889,-1.0,0.7889,1.0255,1.3,,0.0,,0.0,0.0,7.1,snow#1 2024-02-17,snow,selected
40/sublink_1,impl2_pycomlink,9,0.7242,0.1813,-0.5429,-0.7497,0.5429,0.7356,1.0157,0.5028,0.25,0.0,0.25,1.6317,6.5182,snow#1 2024-02-17,snow,selected
3/sublink_3,impl2_nearby,9,0.5786,0.5513,-0.0273,-0.0473,0.6471,0.8124,1.4041,0.0611,0.8571,0.0,0.8571,4.9616,5.2077,snow#1 2024-02-17,snow,selected
8/sublink_1,impl2_nearby,9,0.5807,0.5941,0.0134,0.023,0.6045,0.734,1.264,0.1172,0.8571,0.0,0.8571,5.347,5.2267,snow#1 2024-02-17,snow,selected
12/sublink_2,impl2_nearby,9,0.7889,1.8244,1.0355,1.3126,1.7046,2.1841,2.7686,-0.4145,0.875,0.0,0.875,16.4198,7.1,snow#1 2024-02-17,snow,selected
20/sublink_2,impl2_nearby,9,0.7479,0.1919,-0.556,-0.7434,0.556,0.7408,0.9906,0.6227,0.75,0.0,0.75,1.7273,6.731,snow#1 2024-02-17,snow,selected
31/sublink_1,impl2_nearby,9,0.7714,0.0981,-0.6733,-0.8728,0.7654,0.981,1.2717,-0.2712,0.25,0.0,0.25,0.8833,6.9429,snow#1 2024-02-17,snow,selected
34/sublink_1,impl2_nearby,9,0.7889,0.0,-0.7889,-1.0,0.7889,1.0255,1.3,,0.0,,0.0,0.0,7.1,snow#1 2024-02-17,snow,selected
40/sublink_1,impl2_nearby,9,0.7242,0.1794,-0.5448,-0.7523,0.5453,0.7794,1.0761,0.2101,0.625,0.0,0.625,1.6148,6.5182,snow#1 2024-02-17,snow,selected
1/sublink_1,impl1_dynamic,9,0.6978,0.5996,-0.0982,-0.1407,0.2426,0.2941,0.4215,0.8828,0.875,0.0,0.875,5.3966,6.28,snow#1 2024-02-17,snow,qc
2/sublink_3,impl1_dynamic,9,0.7581,0.1087,-0.6494,-0.8566,0.7262,0.9444,1.2457,-0.3677,0.25,0.0,0.25,0.9781,6.8231,snow#1 2024-02-17,snow,qc
3/sublink_3,impl1_dynamic,9,0.5786,1.1096,0.531,0.9177,0.7319,1.1332,1.9584,0.2316,1.0,0.0,1.0,9.9866,5.2077,snow#1 2024-02-17,snow,qc
4/sublink_1,impl1_dynamic,9,0.8127,2.6876,1.8749,2.307,3.1479,4.7533,5.8488,-0.509,0.4286,0.25,0.375,24.1882,7.3143,snow#1 2024-02-17,snow,qc
6/sublink_2,impl1_dynamic,9,0.5778,7.8703,7.2925,12.6217,7.2925,8.1459,14.0986,0.7914,1.0,0.2222,0.7778,70.8327,5.2,snow#1 2024-02-17,snow,qc
8/sublink_1,impl1_dynamic,9,0.5807,1.2065,0.6258,1.0775,0.6845,1.1713,2.0169,0.2646,1.0,0.0,1.0,10.8585,5.2267,snow#1 2024-02-17,snow,qc
11/sublink_2,impl1_dynamic,9,0.4877,1.8767,1.389,2.8484,1.4325,2.0441,4.1917,-0.0283,1.0,0.2222,0.7778,16.8901,4.3889,snow#1 2024-02-17,snow,qc
12/sublink_2,impl1_dynamic,9,0.7889,2.2183,1.4294,1.812,1.4294,1.8643,2.3632,0.3462,1.0,0.1111,0.8889,19.965,7.1,snow#1 2024-02-17,snow,qc
13/sublink_2,impl1_dynamic,9,0.581,2.1577,1.5768,2.7142,2.6276,4.3301,7.4534,-0.3969,0.1667,0.6667,0.125,19.4197,5.2286,snow#1 2024-02-17,snow,qc
16/sublink_1,impl1_dynamic,9,0.5556,10.0911,9.5356,17.164,9.5356,9.9192,17.8545,0.5702,1.0,0.3333,0.6667,90.82,5.0,snow#1 2024-02-17,snow,qc
17/sublink_2,impl1_dynamic,9,0.7467,6.5631,5.8164,7.7899,5.8164,7.7357,10.3603,0.5578,1.0,0.1111,0.8889,59.0679,6.72,snow#1 2024-02-17,snow,qc
18/sublink_2,impl1_dynamic,9,0.5889,11.4339,10.845,18.416,10.845,11.0487,18.7619,0.3694,1.0,0.2222,0.7778,102.905,5.3,snow#1 2024-02-17,snow,qc
19/sublink_2,impl1_dynamic,9,0.7908,0.825,0.0342,0.0432,1.3458,1.8984,2.4005,-0.4178,0.625,0.0,0.625,7.4251,7.1176,snow#1 2024-02-17,snow,qc
20/sublink_2,impl1_dynamic,9,0.7479,0.356,-0.3919,-0.524,0.3919,0.5367,0.7176,0.7887,0.625,0.0,0.625,3.2042,6.731,snow#1 2024-02-17,snow,qc
22/sublink_1,impl1_dynamic,9,0.4877,0.6975,0.2098,0.4303,0.556,0.7375,1.5124,0.3909,0.7143,0.0,0.7143,6.2774,4.3889,snow#1 2024-02-17,snow,qc
27/sublink_1,impl1_dynamic,9,0.6937,0.1035,-0.5901,-0.8508,0.7419,0.8958,1.2915,-0.443,0.0,1.0,0.0,0.9317,6.2429,snow#1 2024-02-17,snow,qc
29/sublink_1,impl1_dynamic,9,0.7556,11.1405,10.3849,13.7448,10.3849,14.0907,18.6495,0.9831,1.0,0.1111,0.8889,100.2643,6.8,snow#1 2024-02-17,snow,qc
30/sublink_1,impl1_dynamic,9,0.5722,3.243,2.6708,4.6674,2.6708,2.8142,4.918,0.76,1.0,0.3333,0.6667,29.187,5.15,snow#1 2024-02-17,snow,qc
31/sublink_1,impl1_dynamic,9,0.7714,1.3571,0.5856,0.7592,0.9885,1.3586,1.7611,0.6589,0.75,0.0,0.75,12.2136,6.9429,snow#1 2024-02-17,snow,qc
32/sublink_1,impl1_dynamic,9,0.8263,0.0647,-0.7617,-0.9218,0.7617,0.9971,1.2067,0.4388,0.125,0.0,0.125,0.5819,7.4368,snow#1 2024-02-17,snow,qc
34/sublink_1,impl1_dynamic,9,0.7889,0.1377,-0.6512,-0.8255,0.6512,0.8281,1.0498,0.7603,0.375,0.0,0.375,1.2391,7.1,snow#1 2024-02-17,snow,qc
38/sublink_1,impl1_dynamic,9,0.7422,3.9739,3.2317,4.3541,3.429,5.2995,7.14,0.5086,0.75,0.0,0.75,35.7655,6.68,snow#1 2024-02-17,snow,qc
40/sublink_1,impl1_dynamic,9,0.7242,0.4034,-0.3209,-0.443,0.5566,0.74,1.0218,0.4152,0.5,0.0,0.5,3.6304,6.5182,snow#1 2024-02-17,snow,qc
55/sublink_1,impl1_dynamic,9,0.6254,1.4462,0.8208,1.3124,0.9858,1.2279,1.9635,-0.2074,1.0,0.1111,0.8889,13.0155,5.6286,snow#1 2024-02-17,snow,qc
1/sublink_1,impl2_classical_dynamic,9,0.6978,0.5996,-0.0982,-0.1407,0.2426,0.2941,0.4215,0.8828,0.875,0.0,0.875,5.3966,6.28,snow#1 2024-02-17,snow,qc
2/sublink_3,impl2_classical_dynamic,9,0.7581,0.1087,-0.6494,-0.8566,0.7262,0.9444,1.2457,-0.3677,0.25,0.0,0.25,0.9781,6.8231,snow#1 2024-02-17,snow,qc
3/sublink_3,impl2_classical_dynamic,9,0.5786,1.1096,0.531,0.9177,0.7319,1.1332,1.9584,0.2316,1.0,0.0,1.0,9.9866,5.2077,snow#1 2024-02-17,snow,qc
4/sublink_1,impl2_classical_dynamic,9,0.8127,2.6876,1.8749,2.307,3.1479,4.7533,5.8488,-0.509,0.4286,0.25,0.375,24.1882,7.3143,snow#1 2024-02-17,snow,qc
6/sublink_2,impl2_classical_dynamic,9,0.5778,7.8703,7.2925,12.6217,7.2925,8.1459,14.0986,0.7914,1.0,0.2222,0.7778,70.8327,5.2,snow#1 2024-02-17,snow,qc
8/sublink_1,impl2_classical_dynamic,9,0.5807,1.2065,0.6258,1.0775,0.6845,1.1713,2.0169,0.2646,1.0,0.0,1.0,10.8585,5.2267,snow#1 2024-02-17,snow,qc
11/sublink_2,impl2_classical_dynamic,9,0.4877,1.8767,1.389,2.8484,1.4325,2.0441,4.1917,-0.0283,1.0,0.2222,0.7778,16.8901,4.3889,snow#1 2024-02-17,snow,qc
12/sublink_2,impl2_classical_dynamic,9,0.7889,2.2183,1.4294,1.812,1.4294,1.8643,2.3632,0.3462,1.0,0.1111,0.8889,19.965,7.1,snow#1 2024-02-17,snow,qc
13/sublink_2,impl2_classical_dynamic,9,0.581,2.1577,1.5768,2.7142,2.6276,4.3301,7.4534,-0.3969,0.1667,0.6667,0.125,19.4197,5.2286,snow#1 2024-02-17,snow,qc
16/sublink_1,impl2_classical_dynamic,9,0.5556,10.0911,9.5356,17.164,9.5356,9.9192,17.8545,0.5702,1.0,0.3333,0.6667,90.82,5.0,snow#1 2024-02-17,snow,qc
17/sublink_2,impl2_classical_dynamic,9,0.7467,6.5631,5.8164,7.7899,5.8164,7.7357,10.3603,0.5578,1.0,0.1111,0.8889,59.0679,6.72,snow#1 2024-02-17,snow,qc
18/sublink_2,impl2_classical_dynamic,9,0.5889,11.4339,10.845,18.416,10.845,11.0487,18.7619,0.3694,1.0,0.2222,0.7778,102.905,5.3,snow#1 2024-02-17,snow,qc
19/sublink_2,impl2_classical_dynamic,9,0.7908,0.825,0.0342,0.0432,1.3458,1.8984,2.4005,-0.4178,0.625,0.0,0.625,7.4251,7.1176,snow#1 2024-02-17,snow,qc
20/sublink_2,impl2_classical_dynamic,9,0.7479,0.356,-0.3919,-0.524,0.3919,0.5367,0.7176,0.7887,0.625,0.0,0.625,3.2042,6.731,snow#1 2024-02-17,snow,qc
22/sublink_1,impl2_classical_dynamic,9,0.4877,0.6975,0.2098,0.4303,0.556,0.7375,1.5124,0.3909,0.7143,0.0,0.7143,6.2774,4.3889,snow#1 2024-02-17,snow,qc
27/sublink_1,impl2_classical_dynamic,9,0.6937,0.1035,-0.5901,-0.8508,0.7419,0.8958,1.2915,-0.443,0.0,1.0,0.0,0.9317,6.2429,snow#1 2024-02-17,snow,qc
29/sublink_1,impl2_classical_dynamic,9,0.7556,11.1405,10.3849,13.7448,10.3849,14.0907,18.6495,0.9831,1.0,0.1111,0.8889,100.2643,6.8,snow#1 2024-02-17,snow,qc
30/sublink_1,impl2_classical_dynamic,9,0.5722,3.243,2.6708,4.6674,2.6708,2.8142,4.918,0.76,1.0,0.3333,0.6667,29.187,5.15,snow#1 2024-02-17,snow,qc
31/sublink_1,impl2_classical_dynamic,9,0.7714,1.3571,0.5856,0.7592,0.9885,1.3586,1.7611,0.6589,0.75,0.0,0.75,12.2136,6.9429,snow#1 2024-02-17,snow,qc
32/sublink_1,impl2_classical_dynamic,9,0.8263,0.0647,-0.7617,-0.9218,0.7617,0.9971,1.2067,0.4388,0.125,0.0,0.125,0.5819,7.4368,snow#1 2024-02-17,snow,qc
34/sublink_1,impl2_classical_dynamic,9,0.7889,0.1377,-0.6512,-0.8255,0.6512,0.8281,1.0498,0.7603,0.375,0.0,0.375,1.2391,7.1,snow#1 2024-02-17,snow,qc
38/sublink_1,impl2_classical_dynamic,9,0.7422,3.9739,3.2317,4.3541,3.429,5.2995,7.14,0.5086,0.75,0.0,0.75,35.7655,6.68,snow#1 2024-02-17,snow,qc
40/sublink_1,impl2_classical_dynamic,9,0.7242,0.4034,-0.3209,-0.443,0.5566,0.74,1.0218,0.4152,0.5,0.0,0.5,3.6304,6.5182,snow#1 2024-02-17,snow,qc
55/sublink_1,impl2_classical_dynamic,9,0.6254,1.4462,0.8208,1.3124,0.9858,1.2279,1.9635,-0.2074,1.0,0.1111,0.8889,13.0155,5.6286,snow#1 2024-02-17,snow,qc
1/sublink_1,impl2_classical_constant,9,0.6978,0.0,-0.6978,-1.0,0.6978,0.8871,1.2713,,0.0,,0.0,0.0,6.28,snow#1 2024-02-17,snow,qc
2/sublink_3,impl2_classical_constant,9,0.7581,0.0,-0.7581,-1.0,0.7581,0.9754,1.2866,,0.0,,0.0,0.0,6.8231,snow#1 2024-02-17,snow,qc
3/sublink_3,impl2_classical_constant,9,0.5786,0.2869,-0.2917,-0.5041,0.6827,0.8343,1.4419,-0.0488,0.2857,0.0,0.2857,2.5824,5.2077,snow#1 2024-02-17,snow,qc
4/sublink_1,impl2_classical_constant,9,0.8127,0.0,-0.8127,-1.0,0.8127,1.0712,1.318,,0.0,,0.0,0.0,7.3143,snow#1 2024-02-17,snow,qc
6/sublink_2,impl2_classical_constant,9,0.5778,0.0,-0.5778,-1.0,0.5778,0.7424,1.2849,,0.0,,0.0,0.0,5.2,snow#1 2024-02-17,snow,qc
8/sublink_1,impl2_classical_constant,9,0.5807,0.4869,-0.0939,-0.1616,0.6736,0.8236,1.4182,0.0722,0.7143,0.0,0.7143,4.3819,5.2267,snow#1 2024-02-17,snow,qc
11/sublink_2,impl2_classical_constant,9,0.4877,0.0,-0.4877,-1.0,0.4877,0.609,1.2488,,0.0,,0.0,0.0,4.3889,snow#1 2024-02-17,snow,qc
12/sublink_2,impl2_classical_constant,9,0.7889,0.7687,-0.0202,-0.0256,0.7257,0.9885,1.253,0.3092,0.625,0.0,0.625,6.9183,7.1,snow#1 2024-02-17,snow,qc
13/sublink_2,impl2_classical_constant,9,0.581,0.0,-0.581,-1.0,0.581,0.7738,1.332,,0.0,,0.0,0.0,5.2286,snow#1 2024-02-17,snow,qc
16/sublink_1,impl2_classical_constant,9,0.5556,0.6737,0.1182,0.2127,0.5626,0.8857,1.5943,0.4494,0.8333,0.1667,0.7143,6.0634,5.0,snow#1 2024-02-17,snow,qc
17/sublink_2,impl2_classical_constant,9,0.7467,3.5914,2.8447,3.8099,3.1114,5.226,6.9991,0.3167,0.625,0.0,0.625,32.3226,6.72,snow#1 2024-02-17,snow,qc
18/sublink_2,impl2_classical_constant,9,0.5889,0.2112,-0.3777,-0.6414,0.4082,0.6046,1.0268,0.3231,0.4286,0.25,0.375,1.9004,5.3,snow#1 2024-02-17,snow,qc
19/sublink_2,impl2_classical_constant,9,0.7908,0.0,-0.7908,-1.0,0.7908,1.0237,1.2944,,0.0,,0.0,0.0,7.1176,snow#1 2024-02-17,snow,qc
20/sublink_2,impl2_classical_constant,9,0.7479,0.1289,-0.619,-0.8276,0.619,0.8392,1.1221,0.3267,0.25,0.0,0.25,1.1603,6.731,snow#1 2024-02-17,snow,qc
22/sublink_1,impl2_classical_constant,9,0.4877,0.0,-0.4877,-1.0,0.4877,0.609,1.2488,,0.0,,0.0,0.0,4.3889,snow#1 2024-02-17,snow,qc
27/sublink_1,impl2_classical_constant,9,0.6937,0.0,-0.6937,-1.0,0.6937,0.8891,1.2818,,0.0,,0.0,0.0,6.2429,snow#1 2024-02-17,snow,qc
29/sublink_1,impl2_classical_constant,9,0.7556,10.7476,9.9921,13.2248,10.1254,13.6717,18.095,0.6333,0.75,0.0,0.75,96.7288,6.8,snow#1 2024-02-17,snow,qc
30/sublink_1,impl2_classical_constant,9,0.5722,0.0314,-0.5409,-0.9452,0.5409,0.7148,1.2491,0.5283,0.1667,0.0,0.1667,0.2823,5.15,snow#1 2024-02-17,snow,qc
31/sublink_1,impl2_classical_constant,9,0.7714,0.0304,-0.741,-0.9605,0.741,0.962,1.2471,0.3482,0.125,0.0,0.125,0.274,6.9429,snow#1 2024-02-17,snow,qc
32/sublink_1,impl2_classical_constant,9,0.8263,0.0,-0.8263,-1.0,0.8263,1.0797,1.3067,,0.0,,0.0,0.0,7.4368,snow#1 2024-02-17,snow,qc
34/sublink_1,impl2_classical_constant,9,0.7889,0.0,-0.7889,-1.0,0.7889,1.0255,1.3,,0.0,,0.0,0.0,7.1,snow#1 2024-02-17,snow,qc
38/sublink_1,impl2_classical_constant,9,0.7422,1.9575,1.2153,1.6373,1.8361,2.9052,3.9142,0.5414,0.5,0.0,0.5,17.6174,6.68,snow#1 2024-02-17,snow,qc
40/sublink_1,impl2_classical_constant,9,0.7242,0.0461,-0.6782,-0.9364,0.6782,0.8628,1.1913,0.3452,0.125,0.0,0.125,0.4147,6.5182,snow#1 2024-02-17,snow,qc
55/sublink_1,impl2_classical_constant,9,0.6254,0.088,-0.5374,-0.8593,0.5374,0.7559,1.2087,-0.0634,0.25,0.0,0.25,0.7918,5.6286,snow#1 2024-02-17,snow,qc
1/sublink_1,impl2_pycomlink,9,0.6978,0.0,-0.6978,-1.0,0.6978,0.8871,1.2713,,0.0,,0.0,0.0,6.28,snow#1 2024-02-17,snow,qc
2/sublink_3,impl2_pycomlink,9,0.7581,0.0,-0.7581,-1.0,0.7581,0.9754,1.2866,,0.0,,0.0,0.0,6.8231,snow#1 2024-02-17,snow,qc
3/sublink_3,impl2_pycomlink,9,0.5786,0.5917,0.0131,0.0226,0.6531,0.8026,1.3871,0.0688,0.8571,0.0,0.8571,5.3252,5.2077,snow#1 2024-02-17,snow,qc
4/sublink_1,impl2_pycomlink,9,0.8127,0.5776,-0.2351,-0.2892,1.2493,1.5217,1.8724,-0.4614,0.2857,0.3333,0.25,5.1987,7.3143,snow#1 2024-02-17,snow,qc
6/sublink_2,impl2_pycomlink,9,0.5778,0.0023,-0.5755,-0.996,0.5801,0.7424,1.2849,-0.4382,0.0,,0.0,0.0207,5.2,snow#1 2024-02-17,snow,qc
8/sublink_1,impl2_pycomlink,9,0.5807,0.85,0.2692,0.4636,0.5957,0.8006,1.3786,0.2089,1.0,0.0,1.0,7.6496,5.2267,snow#1 2024-02-17,snow,qc
11/sublink_2,impl2_pycomlink,9,0.4877,0.0,-0.4877,-1.0,0.4877,0.609,1.2488,,0.0,,0.0,0.0,4.3889,snow#1 2024-02-17,snow,qc
12/sublink_2,impl2_pycomlink,9,0.7889,1.1757,0.3868,0.4903,0.7828,1.1558,1.4651,0.4511,0.75,0.0,0.75,10.5809,7.1,snow#1 2024-02-17,snow,qc
13/sublink_2,impl2_pycomlink,9,0.581,0.8276,0.2467,0.4246,1.2787,1.7344,2.9854,-0.407,0.1667,0.6667,0.125,7.4487,5.2286,snow#1 2024-02-17,snow,qc
16/sublink_1,impl2_pycomlink,9,0.5556,0.0,-0.5556,-1.0,0.5556,0.7394,1.3309,,0.0,,0.0,0.0,5.0,snow#1 2024-02-17,snow,qc
17/sublink_2,impl2_pycomlink,9,0.7467,5.7933,5.0466,6.7588,5.0538,6.4727,8.6688,0.1231,1.0,0.0,1.0,52.1394,6.72,snow#1 2024-02-17,snow,qc
18/sublink_2,impl2_pycomlink,9,0.5889,0.0239,-0.565,-0.9594,0.6128,0.7642,1.2977,-0.4322,0.0,1.0,0.0,0.2149,5.3,snow#1 2024-02-17,snow,qc
19/sublink_2,impl2_pycomlink,9,0.7908,0.2107,-0.5801,-0.7336,0.8826,1.1093,1.4026,-0.384,0.25,0.0,0.25,1.8965,7.1176,snow#1 2024-02-17,snow,qc
20/sublink_2,impl2_pycomlink,9,0.7479,0.0,-0.7479,-1.0,0.7479,0.9533,1.2746,,0.0,,0.0,0.0,6.731,snow#1 2024-02-17,snow,qc
22/sublink_1,impl2_pycomlink,9,0.4877,0.0,-0.4877,-1.0,0.4877,0.609,1.2488,,0.0,,0.0,0.0,4.3889,snow#1 2024-02-17,snow,qc
27/sublink_1,impl2_pycomlink,9,0.6937,0.0,-0.6937,-1.0,0.6937,0.8891,1.2818,,0.0,,0.0,0.0,6.2429,snow#1 2024-02-17,snow,qc
29/sublink_1,impl2_pycomlink,9,0.7556,4.6546,3.899,5.1605,4.209,7.1276,9.4336,0.9081,0.5,0.2,0.4444,41.8911,6.8,snow#1 2024-02-17,snow,qc
30/sublink_1,impl2_pycomlink,9,0.5722,0.0578,-0.5144,-0.8989,0.5465,0.7431,1.2986,-0.2436,0.1667,0.5,0.1429,0.5206,5.15,snow#1 2024-02-17,snow,qc
31/sublink_1,impl2_pycomlink,9,0.7714,0.2389,-0.5325,-0.6903,0.5325,0.7108,0.9215,0.6755,0.25,0.0,0.25,2.1502,6.9429,snow#1 2024-02-17,snow,qc
32/sublink_1,impl2_pycomlink,9,0.8263,0.0,-0.8263,-1.0,0.8263,1.0797,1.3067,,0.0,,0.0,0.0,7.4368,snow#1 2024-02-17,snow,qc
34/sublink_1,impl2_pycomlink,9,0.7889,0.0,-0.7889,-1.0,0.7889,1.0255,1.3,,0.0,,0.0,0.0,7.1,snow#1 2024-02-17,snow,qc
38/sublink_1,impl2_pycomlink,9,0.7422,2.0506,1.3084,1.7628,1.7863,2.8788,3.8786,0.6446,0.5,0.0,0.5,18.4554,6.68,snow#1 2024-02-17,snow,qc
40/sublink_1,impl2_pycomlink,9,0.7242,0.1813,-0.5429,-0.7497,0.5429,0.7356,1.0157,0.5028,0.25,0.0,0.25,1.6317,6.5182,snow#1 2024-02-17,snow,qc
55/sublink_1,impl2_pycomlink,9,0.6254,0.0,-0.6254,-1.0,0.6254,0.7884,1.2607,,0.0,,0.0,0.0,5.6286,snow#1 2024-02-17,snow,qc
1/sublink_1,impl2_nearby,9,0.6978,0.1929,-0.5049,-0.7236,0.5978,0.8028,1.1505,-0.2484,0.75,0.0,0.75,1.7361,6.28,snow#1 2024-02-17,snow,qc
2/sublink_3,impl2_nearby,9,0.7581,0.0,-0.7581,-1.0,0.7581,0.9754,1.2866,,0.0,,0.0,0.0,6.8231,snow#1 2024-02-17,snow,qc
3/sublink_3,impl2_nearby,9,0.5786,0.5345,-0.0441,-0.0763,0.633,0.7908,1.3666,0.0786,0.8571,0.0,0.8571,4.8104,5.2077,snow#1 2024-02-17,snow,qc
4/sublink_1,impl2_nearby,9,0.8127,0.3092,-0.5035,-0.6195,1.014,1.1943,1.4695,-0.4349,0.1429,0.5,0.125,2.783,7.3143,snow#1 2024-02-17,snow,qc
6/sublink_2,impl2_nearby,0,,,,,,,,,,,,0.0,0.0,snow#1 2024-02-17,snow,qc
8/sublink_1,impl2_nearby,9,0.5807,0.5941,0.0134,0.023,0.6045,0.734,1.264,0.1172,0.8571,0.0,0.8571,5.347,5.2267,snow#1 2024-02-17,snow,qc
11/sublink_2,impl2_nearby,6,0.5981,0.0,-0.5981,-1.0,0.5981,0.6998,1.1699,,0.0,,0.0,0.0,3.5889,snow#1 2024-02-17,snow,qc
12/sublink_2,impl2_nearby,9,0.7889,1.8244,1.0355,1.3126,1.7046,2.1841,2.7686,-0.4145,0.875,0.0,0.875,16.4198,7.1,snow#1 2024-02-17,snow,qc
13/sublink_2,impl2_nearby,9,0.581,0.5144,-0.0665,-0.1145,0.9843,1.3236,2.2783,-0.4053,0.1667,0.5,0.1429,4.6298,5.2286,snow#1 2024-02-17,snow,qc
16/sublink_1,impl2_nearby,1,0.0,0.0,0.0,,0.0,0.0,,,,,,0.0,0.0,snow#1 2024-02-17,snow,qc
17/sublink_2,impl2_nearby,7,0.8714,4.5433,3.6718,4.2136,3.819,5.6937,6.5337,0.2219,0.8333,0.0,0.8333,31.8028,6.1,snow#1 2024-02-17,snow,qc
18/sublink_2,impl2_nearby,0,,,,,,,,,,,,0.0,0.0,snow#1 2024-02-17,snow,qc
19/sublink_2,impl2_nearby,9,0.7908,0.0122,-0.7787,-0.9846,0.7787,1.0223,1.2926,-0.3342,0.125,0.0,0.125,0.1096,7.1176,snow#1 2024-02-17,snow,qc
20/sublink_2,impl2_nearby,9,0.7479,0.1888,-0.559,-0.7475,0.559,0.7433,0.9938,0.6216,0.75,0.0,0.75,1.6996,6.731,snow#1 2024-02-17,snow,qc
22/sublink_1,impl2_nearby,9,0.4877,0.4065,-0.0811,-0.1664,0.4813,0.5982,1.2267,-0.0403,0.7143,0.1667,0.625,3.6586,4.3889,snow#1 2024-02-17,snow,qc
27/sublink_1,impl2_nearby,9,0.6937,0.0,-0.6937,-1.0,0.6937,0.8891,1.2818,,0.0,,0.0,0.0,6.2429,snow#1 2024-02-17,snow,qc
29/sublink_1,impl2_nearby,2,0.3,1.4073,1.1073,3.691,1.1073,1.566,5.2198,,1.0,0.0,1.0,2.8146,0.6,snow#1 2024-02-17,snow,qc
30/sublink_1,impl2_nearby,9,0.5722,0.1779,-0.3943,-0.6891,0.4139,0.5608,0.98,0.6128,0.3333,0.0,0.3333,1.6012,5.15,snow#1 2024-02-17,snow,qc
31/sublink_1,impl2_nearby,9,0.7714,0.0981,-0.6733,-0.8728,0.7654,0.981,1.2717,-0.2712,0.25,0.0,0.25,0.8833,6.9429,snow#1 2024-02-17,snow,qc
32/sublink_1,impl2_nearby,9,0.8263,0.0004,-0.8259,-0.9995,0.8259,1.0793,1.3062,0.1855,0.0,,0.0,0.0036,7.4368,snow#1 2024-02-17,snow,qc
34/sublink_1,impl2_nearby,9,0.7889,0.0,-0.7889,-1.0,0.7889,1.0255,1.3,,0.0,,0.0,0.0,7.1,snow#1 2024-02-17,snow,qc
38/sublink_1,impl2_nearby,9,0.7422,4.6599,3.9177,5.2783,4.3216,5.3695,7.2344,-0.0652,0.875,0.0,0.875,41.9392,6.68,snow#1 2024-02-17,snow,qc
40/sublink_1,impl2_nearby,9,0.7242,0.1794,-0.5448,-0.7523,0.5453,0.7794,1.0761,0.2101,0.625,0.0,0.625,1.6148,6.5182,snow#1 2024-02-17,snow,qc
55/sublink_1,impl2_nearby,9,0.6254,0.1246,-0.5008,-0.8007,0.5843,0.7592,1.2139,-0.0418,0.125,0.0,0.125,1.1218,5.6286,snow#1 2024-02-17,snow,qc
3/sublink_3,impl1_dynamic,16,4.4,4.0264,-0.3736,-0.0849,1.2657,1.5649,0.3557,0.9168,1.0,0.1333,0.8667,64.4219,70.4,rain#1 2024-03-23,rain,shared8
8/sublink_1,impl1_dynamic,16,4.4217,3.5292,-0.8925,-0.2018,2.0587,2.572,0.5817,0.7858,0.9333,0.0667,0.875,56.4669,70.7467,rain#1 2024-03-23,rain,shared8
12/sublink_2,impl1_dynamic,16,4.8237,3.6784,-1.1453,-0.2374,2.0939,2.5481,0.5282,0.8175,1.0,0.0,1.0,58.855,77.18,rain#1 2024-03-23,rain,shared8
20/sublink_2,impl1_dynamic,16,4.7323,3.142,-1.5903,-0.3361,2.7768,3.6747,0.7765,0.5055,1.0,0.0625,0.9375,50.2721,75.7172,rain#1 2024-03-23,rain,shared8
31/sublink_1,impl1_dynamic,16,4.8348,2.9252,-1.9096,-0.395,2.6667,3.7104,0.7674,0.5789,1.0,0.0,1.0,46.8035,77.3571,rain#1 2024-03-23,rain,shared8
40/sublink_1,impl1_dynamic,16,4.646,3.3427,-1.3034,-0.2805,1.8467,2.2636,0.4872,0.8798,1.0,0.0667,0.9333,53.4825,74.3364,rain#1 2024-03-23,rain,shared8
45/sublink_1,impl1_dynamic,16,4.646,1.4993,-3.1467,-0.6773,4.4092,5.8518,1.2595,-0.3194,0.4286,0.1429,0.4,23.9896,74.3364,rain#1 2024-03-23,rain,shared8
34/sublink_1,impl1_dynamic,16,4.8236,3.7891,-1.0345,-0.2145,1.8435,2.3551,0.4882,0.8416,1.0,0.0625,0.9375,60.6256,77.1778,rain#1 2024-03-23,rain,shared8
3/sublink_3,impl2_classical_dynamic,16,4.4,4.0749,-0.3251,-0.0739,1.2172,1.4975,0.3403,0.9224,1.0,0.1333,0.8667,65.1979,70.4,rain#1 2024-03-23,rain,shared8
8/sublink_1,impl2_classical_dynamic,16,4.4217,3.6036,-0.8181,-0.185,1.9859,2.4277,0.5491,0.8111,0.9333,0.0667,0.875,57.6575,70.7467,rain#1 2024-03-23,rain,shared8
12/sublink_2,impl2_classical_dynamic,16,4.8237,3.7258,-1.0979,-0.2276,2.0465,2.4687,0.5118,0.828,1.0,0.0,1.0,59.6131,77.18,rain#1 2024-03-23,rain,shared8
20/sublink_2,impl2_classical_dynamic,16,4.7323,3.2936,-1.4387,-0.304,2.6741,3.4745,0.7342,0.5687,1.0,0.0625,0.9375,52.6982,75.7172,rain#1 2024-03-23,rain,shared8
31/sublink_1,impl2_classical_dynamic,16,4.8348,3.0994,-1.7354,-0.3589,2.498,3.361,0.6952,0.6858,1.0,0.0,1.0,49.59,77.3571,rain#1 2024-03-23,rain,shared8
40/sublink_1,impl2_classical_dynamic,16,4.646,3.3478,-1.2983,-0.2794,1.8416,2.2552,0.4854,0.8803,1.0,0.0667,0.9333,53.5641,74.3364,rain#1 2024-03-23,rain,shared8
45/sublink_1,impl2_classical_dynamic,16,4.646,1.9146,-2.7314,-0.5879,4.7148,6.0448,1.3011,-0.2848,0.4286,0.1429,0.4,30.6334,74.3364,rain#1 2024-03-23,rain,shared8
34/sublink_1,impl2_classical_dynamic,16,4.8236,3.8854,-0.9382,-0.1945,1.7559,2.1962,0.4553,0.8596,1.0,0.0625,0.9375,62.166,77.1778,rain#1 2024-03-23,rain,shared8
3/sublink_3,impl2_classical_constant,16,4.4,4.5373,0.1373,0.0312,0.9064,1.3887,0.3156,0.9521,0.9231,0.0769,0.8571,72.5972,70.4,rain#1 2024-03-23,rain,shared8
8/sublink_1,impl2_classical_constant,16,4.4217,4.3323,-0.0893,-0.0202,0.9646,1.5131,0.3422,0.9178,0.8667,0.0714,0.8125,69.3171,70.7467,rain#1 2024-03-23,rain,shared8
12/sublink_2,impl2_classical_constant,16,4.8237,4.0354,-0.7884,-0.1634,0.9946,1.3419,0.2782,0.962,0.8667,0.0,0.8667,64.5661,77.18,rain#1 2024-03-23,rain,shared8
20/sublink_2,impl2_classical_constant,16,4.7323,4.6428,-0.0896,-0.0189,1.3334,2.0413,0.4314,0.8476,0.9333,0.0,0.9333,74.2842,75.7172,rain#1 2024-03-23,rain,shared8
31/sublink_1,impl2_classical_constant,16,4.8348,2.5003,-2.3345,-0.4829,2.3345,2.8608,0.5917,0.9389,0.8,0.0,0.8,40.0045,77.3571,rain#1 2024-03-23,rain,shared8
40/sublink_1,impl2_classical_constant,16,4.646,1.8613,-2.7848,-0.5994,2.8077,3.3189,0.7143,0.9252,0.8571,0.0769,0.8,29.7801,74.3364,rain#1 2024-03-23,rain,shared8
45/sublink_1,impl2_classical_constant,16,4.646,0.8597,-3.7863,-0.815,4.7032,6.0024,1.2919,-0.2459,0.2857,0.2,0.2667,13.7555,74.3364,rain#1 2024-03-23,rain,shared8
34/sublink_1,impl2_classical_constant,16,4.8236,4.0457,-0.7779,-0.1613,1.1144,1.5572,0.3228,0.9367,0.9333,0.0,0.9333,64.7315,77.1778,rain#1 2024-03-23,rain,shared8
3/sublink_3,impl2_pycomlink,16,4.4,4.3069,-0.0931,-0.0212,0.5311,0.7828,0.1779,0.9785,1.0,0.1333,0.8667,68.9097,70.4,rain#1 2024-03-23,rain,shared8
8/sublink_1,impl2_pycomlink,16,4.4217,4.4795,0.0578,0.0131,0.7925,1.2824,0.29,0.9465,1.0,0.0625,0.9375,71.672,70.7467,rain#1 2024-03-23,rain,shared8
12/sublink_2,impl2_pycomlink,16,4.8237,4.1847,-0.639,-0.1325,0.7594,1.062,0.2202,0.9811,1.0,0.0625,0.9375,66.9553,77.18,rain#1 2024-03-23,rain,shared8
20/sublink_2,impl2_pycomlink,16,4.7323,4.6863,-0.046,-0.0097,1.204,1.9321,0.4083,0.8904,1.0,0.0625,0.9375,74.9808,75.7172,rain#1 2024-03-23,rain,shared8
31/sublink_1,impl2_pycomlink,16,4.8348,3.7206,-1.1142,-0.2305,1.1219,1.8051,0.3734,0.9639,1.0,0.0,1.0,59.5295,77.3571,rain#1 2024-03-23,rain,shared8
40/sublink_1,impl2_pycomlink,16,4.646,2.2441,-2.4019,-0.517,2.4383,2.9977,0.6452,0.954,1.0,0.0667,0.9333,35.9061,74.3364,rain#1 2024-03-23,rain,shared8
45/sublink_1,impl2_pycomlink,16,4.646,4.7758,0.1298,0.0279,2.2147,3.1982,0.6884,0.5204,1.0,0.125,0.875,76.4124,74.3364,rain#1 2024-03-23,rain,shared8
34/sublink_1,impl2_pycomlink,16,4.8236,3.6197,-1.2039,-0.2496,1.2052,1.7773,0.3685,0.962,1.0,0.0,1.0,57.9159,77.1778,rain#1 2024-03-23,rain,shared8
3/sublink_3,impl2_nearby,16,4.4,4.2078,-0.1922,-0.0437,0.9052,1.4682,0.3337,0.9272,1.0,0.1333,0.8667,67.3242,70.4,rain#1 2024-03-23,rain,shared8
8/sublink_1,impl2_nearby,16,4.4217,3.6239,-0.7977,-0.1804,1.4144,3.2267,0.7297,0.5616,1.0,0.0625,0.9375,57.9828,70.7467,rain#1 2024-03-23,rain,shared8
12/sublink_2,impl2_nearby,16,4.8237,3.5325,-1.2912,-0.2677,1.3122,2.0831,0.4318,0.9396,1.0,0.0,1.0,56.5204,77.18,rain#1 2024-03-23,rain,shared8
20/sublink_2,impl2_nearby,16,4.7323,2.7592,-1.9732,-0.417,2.2046,4.3489,0.919,0.214,0.9333,0.0667,0.875,44.1466,75.7172,rain#1 2024-03-23,rain,shared8
31/sublink_1,impl2_nearby,16,4.8348,2.4352,-2.3997,-0.4963,2.4004,3.9973,0.8268,0.5764,1.0,0.0,1.0,38.9625,77.3571,rain#1 2024-03-23,rain,shared8
40/sublink_1,impl2_nearby,16,4.646,2.2211,-2.4249,-0.5219,2.4529,3.3984,0.7315,0.8973,1.0,0.0667,0.9333,35.5379,74.3364,rain#1 2024-03-23,rain,shared8
45/sublink_1,impl2_nearby,16,4.646,0.1392,-4.5068,-0.97,4.5465,5.9438,1.2793,-0.4435,0.2143,0.25,0.2,2.2279,74.3364,rain#1 2024-03-23,rain,shared8
34/sublink_1,impl2_nearby,16,4.8236,3.2865,-1.5371,-0.3187,1.5864,3.1041,0.6435,0.7287,1.0,0.0,1.0,52.5845,77.1778,rain#1 2024-03-23,rain,shared8
3/sublink_3,impl1_dynamic,16,4.4,4.0264,-0.3736,-0.0849,1.2657,1.5649,0.3557,0.9168,1.0,0.1333,0.8667,64.4219,70.4,rain#1 2024-03-23,rain,selected
8/sublink_1,impl1_dynamic,16,4.4217,3.5292,-0.8925,-0.2018,2.0587,2.572,0.5817,0.7858,0.9333,0.0667,0.875,56.4669,70.7467,rain#1 2024-03-23,rain,selected
12/sublink_2,impl1_dynamic,16,4.8237,3.6784,-1.1453,-0.2374,2.0939,2.5481,0.5282,0.8175,1.0,0.0,1.0,58.855,77.18,rain#1 2024-03-23,rain,selected
20/sublink_2,impl1_dynamic,16,4.7323,3.142,-1.5903,-0.3361,2.7768,3.6747,0.7765,0.5055,1.0,0.0625,0.9375,50.2721,75.7172,rain#1 2024-03-23,rain,selected
31/sublink_1,impl1_dynamic,16,4.8348,2.9252,-1.9096,-0.395,2.6667,3.7104,0.7674,0.5789,1.0,0.0,1.0,46.8035,77.3571,rain#1 2024-03-23,rain,selected
34/sublink_1,impl1_dynamic,16,4.8236,3.7891,-1.0345,-0.2145,1.8435,2.3551,0.4882,0.8416,1.0,0.0625,0.9375,60.6256,77.1778,rain#1 2024-03-23,rain,selected
40/sublink_1,impl1_dynamic,16,4.646,3.3427,-1.3034,-0.2805,1.8467,2.2636,0.4872,0.8798,1.0,0.0667,0.9333,53.4825,74.3364,rain#1 2024-03-23,rain,selected
3/sublink_3,impl2_classical_dynamic,16,4.4,4.0749,-0.3251,-0.0739,1.2172,1.4975,0.3403,0.9224,1.0,0.1333,0.8667,65.1979,70.4,rain#1 2024-03-23,rain,selected
8/sublink_1,impl2_classical_dynamic,16,4.4217,3.6036,-0.8181,-0.185,1.9859,2.4277,0.5491,0.8111,0.9333,0.0667,0.875,57.6575,70.7467,rain#1 2024-03-23,rain,selected
12/sublink_2,impl2_classical_dynamic,16,4.8237,3.7258,-1.0979,-0.2276,2.0465,2.4687,0.5118,0.828,1.0,0.0,1.0,59.6131,77.18,rain#1 2024-03-23,rain,selected
20/sublink_2,impl2_classical_dynamic,16,4.7323,3.2936,-1.4387,-0.304,2.6741,3.4745,0.7342,0.5687,1.0,0.0625,0.9375,52.6982,75.7172,rain#1 2024-03-23,rain,selected
31/sublink_1,impl2_classical_dynamic,16,4.8348,3.0994,-1.7354,-0.3589,2.498,3.361,0.6952,0.6858,1.0,0.0,1.0,49.59,77.3571,rain#1 2024-03-23,rain,selected
34/sublink_1,impl2_classical_dynamic,16,4.8236,3.8854,-0.9382,-0.1945,1.7559,2.1962,0.4553,0.8596,1.0,0.0625,0.9375,62.166,77.1778,rain#1 2024-03-23,rain,selected
40/sublink_1,impl2_classical_dynamic,16,4.646,3.3478,-1.2983,-0.2794,1.8416,2.2552,0.4854,0.8803,1.0,0.0667,0.9333,53.5641,74.3364,rain#1 2024-03-23,rain,selected
3/sublink_3,impl2_classical_constant,16,4.4,4.5373,0.1373,0.0312,0.9064,1.3887,0.3156,0.9521,0.9231,0.0769,0.8571,72.5972,70.4,rain#1 2024-03-23,rain,selected
8/sublink_1,impl2_classical_constant,16,4.4217,4.3323,-0.0893,-0.0202,0.9646,1.5131,0.3422,0.9178,0.8667,0.0714,0.8125,69.3171,70.7467,rain#1 2024-03-23,rain,selected
12/sublink_2,impl2_classical_constant,16,4.8237,4.0354,-0.7884,-0.1634,0.9946,1.3419,0.2782,0.962,0.8667,0.0,0.8667,64.5661,77.18,rain#1 2024-03-23,rain,selected
20/sublink_2,impl2_classical_constant,16,4.7323,4.6428,-0.0896,-0.0189,1.3334,2.0413,0.4314,0.8476,0.9333,0.0,0.9333,74.2842,75.7172,rain#1 2024-03-23,rain,selected
31/sublink_1,impl2_classical_constant,16,4.8348,2.5003,-2.3345,-0.4829,2.3345,2.8608,0.5917,0.9389,0.8,0.0,0.8,40.0045,77.3571,rain#1 2024-03-23,rain,selected
34/sublink_1,impl2_classical_constant,16,4.8236,4.0457,-0.7779,-0.1613,1.1144,1.5572,0.3228,0.9367,0.9333,0.0,0.9333,64.7315,77.1778,rain#1 2024-03-23,rain,selected
40/sublink_1,impl2_classical_constant,16,4.646,1.8613,-2.7848,-0.5994,2.8077,3.3189,0.7143,0.9252,0.8571,0.0769,0.8,29.7801,74.3364,rain#1 2024-03-23,rain,selected
3/sublink_3,impl2_pycomlink,16,4.4,4.3069,-0.0931,-0.0212,0.5311,0.7828,0.1779,0.9785,1.0,0.1333,0.8667,68.9097,70.4,rain#1 2024-03-23,rain,selected
8/sublink_1,impl2_pycomlink,16,4.4217,4.4795,0.0578,0.0131,0.7925,1.2824,0.29,0.9465,1.0,0.0625,0.9375,71.672,70.7467,rain#1 2024-03-23,rain,selected
12/sublink_2,impl2_pycomlink,16,4.8237,4.1847,-0.639,-0.1325,0.7594,1.062,0.2202,0.9811,1.0,0.0625,0.9375,66.9553,77.18,rain#1 2024-03-23,rain,selected
20/sublink_2,impl2_pycomlink,16,4.7323,4.6863,-0.046,-0.0097,1.204,1.9321,0.4083,0.8904,1.0,0.0625,0.9375,74.9808,75.7172,rain#1 2024-03-23,rain,selected
31/sublink_1,impl2_pycomlink,16,4.8348,3.7206,-1.1142,-0.2305,1.1219,1.8051,0.3734,0.9639,1.0,0.0,1.0,59.5295,77.3571,rain#1 2024-03-23,rain,selected
34/sublink_1,impl2_pycomlink,16,4.8236,3.6197,-1.2039,-0.2496,1.2052,1.7773,0.3685,0.962,1.0,0.0,1.0,57.9159,77.1778,rain#1 2024-03-23,rain,selected
40/sublink_1,impl2_pycomlink,16,4.646,2.2441,-2.4019,-0.517,2.4383,2.9977,0.6452,0.954,1.0,0.0667,0.9333,35.9061,74.3364,rain#1 2024-03-23,rain,selected
3/sublink_3,impl2_nearby,16,4.4,4.2078,-0.1922,-0.0437,0.9052,1.4682,0.3337,0.9272,1.0,0.1333,0.8667,67.3242,70.4,rain#1 2024-03-23,rain,selected
8/sublink_1,impl2_nearby,16,4.4217,3.6239,-0.7977,-0.1804,1.4144,3.2267,0.7297,0.5616,1.0,0.0625,0.9375,57.9828,70.7467,rain#1 2024-03-23,rain,selected
12/sublink_2,impl2_nearby,16,4.8237,3.5325,-1.2912,-0.2677,1.3122,2.0831,0.4318,0.9396,1.0,0.0,1.0,56.5204,77.18,rain#1 2024-03-23,rain,selected
20/sublink_2,impl2_nearby,16,4.7323,2.7594,-1.973,-0.4169,2.2048,4.3489,0.919,0.2139,0.9333,0.0667,0.875,44.1497,75.7172,rain#1 2024-03-23,rain,selected
31/sublink_1,impl2_nearby,16,4.8348,2.4352,-2.3997,-0.4963,2.4004,3.9973,0.8268,0.5764,1.0,0.0,1.0,38.9625,77.3571,rain#1 2024-03-23,rain,selected
34/sublink_1,impl2_nearby,16,4.8236,3.2865,-1.5371,-0.3187,1.5864,3.1041,0.6435,0.7287,1.0,0.0,1.0,52.5845,77.1778,rain#1 2024-03-23,rain,selected
40/sublink_1,impl2_nearby,16,4.646,2.2211,-2.4249,-0.5219,2.4529,3.3984,0.7315,0.8973,1.0,0.0667,0.9333,35.5379,74.3364,rain#1 2024-03-23,rain,selected
1/sublink_1,impl1_dynamic,16,4.6225,6.1242,1.5017,0.3249,2.4015,3.2538,0.7039,0.805,1.0,0.0667,0.9333,97.9864,73.96,rain#1 2024-03-23,rain,qc
2/sublink_3,impl1_dynamic,16,4.6841,2.1764,-2.5077,-0.5354,3.9469,4.6269,0.9878,0.2445,0.7857,0.1538,0.6875,34.8224,74.9462,rain#1 2024-03-23,rain,qc
3/sublink_3,impl1_dynamic,16,4.4,4.0264,-0.3736,-0.0849,1.2657,1.5649,0.3557,0.9168,1.0,0.1333,0.8667,64.4219,70.4,rain#1 2024-03-23,rain,qc
4/sublink_1,impl1_dynamic,16,4.6402,4.2331,-0.4071,-0.0877,2.4077,3.2647,0.7036,0.543,1.0,0.0,1.0,67.7295,74.2429,rain#1 2024-03-23,rain,qc
6/sublink_2,impl1_dynamic,16,4.5063,16.5343,12.0281,2.6692,12.0281,15.4553,3.4297,0.9237,1.0,0.125,0.875,264.5492,72.1,rain#1 2024-03-23,rain,qc
8/sublink_1,impl1_dynamic,16,4.4217,3.5292,-0.8925,-0.2018,2.0587,2.572,0.5817,0.7858,0.9333,0.0667,0.875,56.4669,70.7467,rain#1 2024-03-23,rain,qc
11/sublink_2,impl1_dynamic,16,4.8139,2.3752,-2.4387,-0.5066,2.9895,4.5237,0.9397,0.4915,1.0,0.0625,0.9375,38.0035,77.0222,rain#1 2024-03-23,rain,qc
12/sublink_2,impl1_dynamic,16,4.8237,3.6784,-1.1453,-0.2374,2.0939,2.5481,0.5282,0.8175,1.0,0.0,1.0,58.855,77.18,rain#1 2024-03-23,rain,qc
13/sublink_2,impl1_dynamic,16,4.1116,3.9605,-0.1511,-0.0368,4.8627,5.6112,1.3647,-0.1741,0.8462,0.2143,0.6875,63.3674,65.7857,rain#1 2024-03-23,rain,qc
16/sublink_1,impl1_dynamic,16,4.3813,8.4264,4.0452,0.9233,4.3486,5.7841,1.3202,0.2573,1.0,0.1875,0.8125,134.8228,70.1,rain#1 2024-03-23,rain,qc
17/sublink_2,impl1_dynamic,16,4.7788,5.6768,0.8981,0.1879,2.207,2.5584,0.5354,0.8072,1.0,0.0,1.0,90.8293,76.46,rain#1 2024-03-23,rain,qc
18/sublink_2,impl1_dynamic,16,4.5313,18.0623,13.531,2.9862,13.531,13.8605,3.0589,0.9048,1.0,0.0625,0.9375,288.9968,72.5,rain#1 2024-03-23,rain,qc
19/sublink_2,impl1_dynamic,16,4.8449,2.2652,-2.5796,-0.5324,2.595,3.3587,0.6933,0.8761,1.0,0.0625,0.9375,36.2435,77.5176,rain#1 2024-03-23,rain,qc
22/sublink_1,impl1_dynamic,16,4.8139,8.5667,3.7528,0.7796,4.0861,5.5956,1.1624,0.7038,0.9333,0.0667,0.875,137.0667,77.0222,rain#1 2024-03-23,rain,qc
27/sublink_1,impl1_dynamic,16,4.6973,0.2538,-4.4435,-0.946,4.5482,5.8057,1.236,-0.4431,0.5333,0.1111,0.5,4.0608,75.1571,rain#1 2024-03-23,rain,qc
30/sublink_1,impl1_dynamic,16,4.3063,5.8779,1.5717,0.365,1.8209,2.2501,0.5225,0.9009,1.0,0.1875,0.8125,94.047,68.9,rain#1 2024-03-23,rain,qc
31/sublink_1,impl1_dynamic,16,4.8348,2.9252,-1.9096,-0.395,2.6667,3.7104,0.7674,0.5789,1.0,0.0,1.0,46.8035,77.3571,rain#1 2024-03-23,rain,qc
32/sublink_1,impl1_dynamic,16,4.778,1.2978,-3.4801,-0.7284,3.4801,4.7207,0.988,0.6862,1.0,0.0,1.0,20.7652,76.4474,rain#1 2024-03-23,rain,qc
34/sublink_1,impl1_dynamic,16,4.8236,3.7891,-1.0345,-0.2145,1.8435,2.3551,0.4882,0.8416,1.0,0.0625,0.9375,60.6256,77.1778,rain#1 2024-03-23,rain,qc
40/sublink_1,impl1_dynamic,16,4.646,3.3427,-1.3034,-0.2805,1.8467,2.2636,0.4872,0.8798,1.0,0.0667,0.9333,53.4825,74.3364,rain#1 2024-03-23,rain,qc
55/sublink_1,impl1_dynamic,16,4.5821,1.4496,-3.1326,-0.6836,3.5905,5.1027,1.1136,-0.2372,1.0,0.0625,0.9375,23.1934,73.3143,rain#1 2024-03-23,rain,qc
1/sublink_1,impl2_classical_dynamic,16,4.6225,6.1304,1.5079,0.3262,2.4077,3.2631,0.7059,0.8042,1.0,0.0667,0.9333,98.0859,73.96,rain#1 2024-03-23,rain,qc
2/sublink_3,impl2_classical_dynamic,16,4.6841,2.1764,-2.5077,-0.5354,3.9469,4.6269,0.9878,0.2445,0.7857,0.1538,0.6875,34.8224,74.9462,rain#1 2024-03-23,rain,qc
3/sublink_3,impl2_classical_dynamic,16,4.4,4.0749,-0.3251,-0.0739,1.2172,1.4975,0.3403,0.9224,1.0,0.1333,0.8667,65.1979,70.4,rain#1 2024-03-23,rain,qc
4/sublink_1,impl2_classical_dynamic,16,4.6402,4.2331,-0.4071,-0.0877,2.4077,3.2647,0.7036,0.543,1.0,0.0,1.0,67.7295,74.2429,rain#1 2024-03-23,rain,qc
6/sublink_2,impl2_classical_dynamic,16,4.5063,16.5911,12.0849,2.6818,12.0849,15.5349,3.4474,0.9241,1.0,0.125,0.875,265.4578,72.1,rain#1 2024-03-23,rain,qc
8/sublink_1,impl2_classical_dynamic,16,4.4217,3.6036,-0.8181,-0.185,1.9859,2.4277,0.5491,0.8111,0.9333,0.0667,0.875,57.6575,70.7467,rain#1 2024-03-23,rain,qc
11/sublink_2,impl2_classical_dynamic,16,4.8139,2.3752,-2.4387,-0.5066,2.9895,4.5237,0.9397,0.4915,1.0,0.0625,0.9375,38.0035,77.0222,rain#1 2024-03-23,rain,qc
12/sublink_2,impl2_classical_dynamic,16,4.8237,3.7258,-1.0979,-0.2276,2.0465,2.4687,0.5118,0.828,1.0,0.0,1.0,59.6131,77.18,rain#1 2024-03-23,rain,qc
13/sublink_2,impl2_classical_dynamic,16,4.1116,3.9605,-0.1511,-0.0368,4.8627,5.6112,1.3647,-0.1741,0.8462,0.2143,0.6875,63.3674,65.7857,rain#1 2024-03-23,rain,qc
16/sublink_1,impl2_classical_dynamic,16,4.3813,8.4264,4.0452,0.9233,4.3486,5.7841,1.3202,0.2573,1.0,0.1875,0.8125,134.8228,70.1,rain#1 2024-03-23,rain,qc
17/sublink_2,impl2_classical_dynamic,16,4.7788,5.6768,0.8981,0.1879,2.207,2.5584,0.5354,0.8072,1.0,0.0,1.0,90.8293,76.46,rain#1 2024-03-23,rain,qc
18/sublink_2,impl2_classical_dynamic,16,4.5313,18.0623,13.531,2.9862,13.531,13.8605,3.0589,0.9048,1.0,0.0625,0.9375,288.9968,72.5,rain#1 2024-03-23,rain,qc
19/sublink_2,impl2_classical_dynamic,16,4.8449,2.2699,-2.575,-0.5315,2.5904,3.3499,0.6914,0.8766,1.0,0.0625,0.9375,36.3177,77.5176,rain#1 2024-03-23,rain,qc
22/sublink_1,impl2_classical_dynamic,16,4.8139,8.7008,3.8869,0.8074,4.2202,5.689,1.1818,0.7306,0.9333,0.0667,0.875,139.2122,77.0222,rain#1 2024-03-23,rain,qc
27/sublink_1,impl2_classical_dynamic,16,4.6973,0.2644,-4.4329,-0.9437,4.5375,5.7785,1.2302,-0.3168,0.6,0.1,0.5625,4.2306,75.1571,rain#1 2024-03-23,rain,qc
30/sublink_1,impl2_classical_dynamic,16,4.3063,5.898,1.5918,0.3696,1.841,2.2722,0.5277,0.8997,1.0,0.1875,0.8125,94.3684,68.9,rain#1 2024-03-23,rain,qc
31/sublink_1,impl2_classical_dynamic,16,4.8348,3.0994,-1.7354,-0.3589,2.498,3.361,0.6952,0.6858,1.0,0.0,1.0,49.59,77.3571,rain#1 2024-03-23,rain,qc
32/sublink_1,impl2_classical_dynamic,16,4.778,1.2978,-3.4801,-0.7284,3.4801,4.7207,0.988,0.6862,1.0,0.0,1.0,20.7652,76.4474,rain#1 2024-03-23,rain,qc
34/sublink_1,impl2_classical_dynamic,16,4.8236,3.8854,-0.9382,-0.1945,1.7559,2.1962,0.4553,0.8596,1.0,0.0625,0.9375,62.166,77.1778,rain#1 2024-03-23,rain,qc
40/sublink_1,impl2_classical_dynamic,16,4.646,3.3478,-1.2983,-0.2794,1.8416,2.2552,0.4854,0.8803,1.0,0.0667,0.9333,53.5641,74.3364,rain#1 2024-03-23,rain,qc
55/sublink_1,impl2_classical_dynamic,16,4.5821,1.4496,-3.1326,-0.6836,3.5905,5.1027,1.1136,-0.2372,1.0,0.0625,0.9375,23.1934,73.3143,rain#1 2024-03-23,rain,qc
1/sublink_1,impl2_classical_constant,16,4.6225,7.6878,3.0653,0.6631,3.7145,4.8433,1.0478,0.916,0.9286,0.0714,0.8667,123.0049,73.96,rain#1 2024-03-23,rain,qc
2/sublink_3,impl2_classical_constant,16,4.6841,0.041,-4.6432,-0.9913,4.6432,5.9922,1.2792,0.651,0.2143,0.0,0.2143,0.6556,74.9462,rain#1 2024-03-23,rain,qc
3/sublink_3,impl2_classical_constant,16,4.4,4.5373,0.1373,0.0312,0.9064,1.3887,0.3156,0.9521,0.9231,0.0769,0.8571,72.5972,70.4,rain#1 2024-03-23,rain,qc
4/sublink_1,impl2_classical_constant,16,4.6402,0.0,-4.6402,-1.0,4.6402,5.9425,1.2807,,0.0,,0.0,0.0,74.2429,rain#1 2024-03-23,rain,qc
6/sublink_2,impl2_classical_constant,16,4.5063,5.1914,0.6851,0.152,2.8087,4.7235,1.0482,0.9395,0.7857,0.0,0.7857,83.062,72.1,rain#1 2024-03-23,rain,qc
8/sublink_1,impl2_classical_constant,16,4.4217,4.3323,-0.0893,-0.0202,0.9646,1.5131,0.3422,0.9178,0.8667,0.0714,0.8125,69.3171,70.7467,rain#1 2024-03-23,rain,qc
11/sublink_2,impl2_classical_constant,16,4.8139,0.6217,-4.1922,-0.8709,4.1922,5.7043,1.185,0.6633,0.6,0.0,0.6,9.9473,77.0222,rain#1 2024-03-23,rain,qc
12/sublink_2,impl2_classical_constant,16,4.8237,4.0354,-0.7884,-0.1634,0.9946,1.3419,0.2782,0.962,0.8667,0.0,0.8667,64.5661,77.18,rain#1 2024-03-23,rain,qc
13/sublink_2,impl2_classical_constant,16,4.1116,0.0,-4.1116,-1.0,4.1116,5.4252,1.3195,,0.0,,0.0,0.0,65.7857,rain#1 2024-03-23,rain,qc
16/sublink_1,impl2_classical_constant,16,4.3813,0.7944,-3.5869,-0.8187,3.6412,4.7608,1.0866,0.9136,0.9231,0.1429,0.8,12.7103,70.1,rain#1 2024-03-23,rain,qc
17/sublink_2,impl2_classical_constant,16,4.7788,1.9776,-2.8011,-0.5862,2.8011,3.2707,0.6844,0.9503,0.7333,0.0,0.7333,31.6422,76.46,rain#1 2024-03-23,rain,qc
18/sublink_2,impl2_classical_constant,16,4.5313,0.8177,-3.7136,-0.8195,3.8136,4.9619,1.095,0.6224,0.8,0.0,0.8,13.083,72.5,rain#1 2024-03-23,rain,qc
19/sublink_2,impl2_classical_constant,16,4.8449,0.3787,-4.4661,-0.9218,4.4661,5.5349,1.1424,0.8214,0.4667,0.0,0.4667,6.0596,77.5176,rain#1 2024-03-23,rain,qc
22/sublink_1,impl2_classical_constant,16,4.8139,15.2902,10.4763,2.1763,11.0694,13.2398,2.7503,0.8947,0.8667,0.0,0.8667,244.6434,77.0222,rain#1 2024-03-23,rain,qc
27/sublink_1,impl2_classical_constant,16,4.6973,0.0,-4.6973,-1.0,4.6973,5.9386,1.2643,,0.0,,0.0,0.0,75.1571,rain#1 2024-03-23,rain,qc
30/sublink_1,impl2_classical_constant,16,4.3063,1.4923,-2.8139,-0.6534,2.8205,3.3826,0.7855,0.9272,0.9231,0.0,0.9231,23.8775,68.9,rain#1 2024-03-23,rain,qc
31/sublink_1,impl2_classical_constant,16,4.8348,2.5003,-2.3345,-0.4829,2.3345,2.8608,0.5917,0.9389,0.8,0.0,0.8,40.0045,77.3571,rain#1 2024-03-23,rain,qc
32/sublink_1,impl2_classical_constant,16,4.778,1.3356,-3.4423,-0.7205,3.4423,4.4656,0.9346,0.8708,0.8667,0.0,0.8667,21.3699,76.4474,rain#1 2024-03-23,rain,qc
34/sublink_1,impl2_classical_constant,16,4.8236,4.0457,-0.7779,-0.1613,1.1144,1.5572,0.3228,0.9367,0.9333,0.0,0.9333,64.7315,77.1778,rain#1 2024-03-23,rain,qc
40/sublink_1,impl2_classical_constant,16,4.646,1.8613,-2.7848,-0.5994,2.8077,3.3189,0.7143,0.9252,0.8571,0.0769,0.8,29.7801,74.3364,rain#1 2024-03-23,rain,qc
55/sublink_1,impl2_classical_constant,16,4.5821,0.0129,-4.5693,-0.9972,4.5693,5.8897,1.2854,0.2712,0.0667,0.0,0.0667,0.2061,73.3143,rain#1 2024-03-23,rain,qc
1/sublink_1,impl2_pycomlink,16,4.6225,8.0713,3.4488,0.7461,3.5192,4.4188,0.9559,0.9442,1.0,0.125,0.875,129.141,73.96,rain#1 2024-03-23,rain,qc
2/sublink_3,impl2_pycomlink,16,4.6841,0.4757,-4.2085,-0.8984,4.246,5.3551,1.1432,0.8421,0.5,0.125,0.4667,7.6108,74.9462,rain#1 2024-03-23,rain,qc
3/sublink_3,impl2_pycomlink,16,4.4,4.3069,-0.0931,-0.0212,0.5311,0.7828,0.1779,0.9785,1.0,0.1333,0.8667,68.9097,70.4,rain#1 2024-03-23,rain,qc
4/sublink_1,impl2_pycomlink,16,4.6402,2.7137,-1.9265,-0.4152,2.2242,3.9431,0.8498,0.4855,0.6667,0.0,0.6667,43.419,74.2429,rain#1 2024-03-23,rain,qc
6/sublink_2,impl2_pycomlink,16,4.5063,7.9483,3.4421,0.7638,3.7777,6.6909,1.4848,0.9656,1.0,0.0667,0.9333,127.1732,72.1,rain#1 2024-03-23,rain,qc
8/sublink_1,impl2_pycomlink,16,4.4217,4.4795,0.0578,0.0131,0.7925,1.2824,0.29,0.9465,1.0,0.0625,0.9375,71.672,70.7467,rain#1 2024-03-23,rain,qc
11/sublink_2,impl2_pycomlink,16,4.8139,0.6213,-4.1926,-0.8709,4.1926,6.01,1.2485,0.1353,0.4667,0.0,0.4667,9.9412,77.0222,rain#1 2024-03-23,rain,qc
12/sublink_2,impl2_pycomlink,16,4.8237,4.1847,-0.639,-0.1325,0.7594,1.062,0.2202,0.9811,1.0,0.0625,0.9375,66.9553,77.18,rain#1 2024-03-23,rain,qc
13/sublink_2,impl2_pycomlink,16,4.1116,0.9842,-3.1274,-0.7606,3.707,5.1881,1.2618,-0.1995,0.3846,0.2857,0.3333,15.7477,65.7857,rain#1 2024-03-23,rain,qc
16/sublink_1,impl2_pycomlink,16,4.3813,0.0,-4.3813,-1.0,4.3813,5.7775,1.3187,,0.0,,0.0,0.0,70.1,rain#1 2024-03-23,rain,qc
17/sublink_2,impl2_pycomlink,16,4.7788,2.4542,-2.3245,-0.4864,2.5105,3.0895,0.6465,0.9006,0.8667,0.0714,0.8125,39.2675,76.46,rain#1 2024-03-23,rain,qc
18/sublink_2,impl2_pycomlink,16,4.5313,0.7876,-3.7437,-0.8262,3.8758,5.1634,1.1395,0.4062,0.8,0.0,0.8,12.6014,72.5,rain#1 2024-03-23,rain,qc
19/sublink_2,impl2_pycomlink,16,4.8449,1.7992,-3.0457,-0.6286,3.2042,3.7743,0.779,0.8978,0.6667,0.0909,0.625,28.7868,77.5176,rain#1 2024-03-23,rain,qc
22/sublink_1,impl2_pycomlink,16,4.8139,15.1195,10.3056,2.1408,10.3056,11.9291,2.478,0.9359,1.0,0.0625,0.9375,241.9117,77.0222,rain#1 2024-03-23,rain,qc
27/sublink_1,impl2_pycomlink,16,4.6973,0.0052,-4.6921,-0.9989,4.6921,5.9256,1.2615,0.7291,0.0,,0.0,0.0833,75.1571,rain#1 2024-03-23,rain,qc
30/sublink_1,impl2_pycomlink,16,4.3063,1.3485,-2.9577,-0.6868,2.9622,3.6593,0.8498,0.9386,0.9231,0.0,0.9231,21.5762,68.9,rain#1 2024-03-23,rain,qc
31/sublink_1,impl2_pycomlink,16,4.8348,3.7206,-1.1142,-0.2305,1.1219,1.8051,0.3734,0.9639,1.0,0.0,1.0,59.5295,77.3571,rain#1 2024-03-23,rain,qc
32/sublink_1,impl2_pycomlink,16,4.778,1.1468,-3.6312,-0.76,3.6317,4.7502,0.9942,0.8878,0.9333,0.0,0.9333,18.3486,76.4474,rain#1 2024-03-23,rain,qc
34/sublink_1,impl2_pycomlink,16,4.8236,3.6197,-1.2039,-0.2496,1.2052,1.7773,0.3685,0.962,1.0,0.0,1.0,57.9159,77.1778,rain#1 2024-03-23,rain,qc
40/sublink_1,impl2_pycomlink,16,4.646,2.2441,-2.4019,-0.517,2.4383,2.9977,0.6452,0.954,1.0,0.0667,0.9333,35.9061,74.3364,rain#1 2024-03-23,rain,qc
55/sublink_1,impl2_pycomlink,16,4.5821,0.0,-4.5821,-1.0,4.5821,5.9081,1.2894,,0.0,,0.0,0.0,73.3143,rain#1 2024-03-23,rain,qc
1/sublink_1,impl2_nearby,10,3.134,5.1355,2.0015,0.6386,2.1901,2.7114,0.8652,0.8695,1.0,0.1,0.9,51.3549,31.34,rain#1 2024-03-23,rain,qc
2/sublink_3,impl2_nearby,16,4.6841,0.4236,-4.2605,-0.9096,4.2793,5.4427,1.1619,0.842,0.5714,0.1111,0.5333,6.7784,74.9462,rain#1 2024-03-23,rain,qc
3/sublink_3,impl2_nearby,16,4.4,4.4219,0.0219,0.005,0.691,0.8847,0.2011,0.9721,1.0,0.1333,0.8667,70.751,70.4,rain#1 2024-03-23,rain,qc
4/sublink_1,impl2_nearby,16,4.6402,4.2392,-0.401,-0.0864,1.4771,1.7727,0.382,0.9024,0.7333,0.0833,0.6875,67.827,74.2429,rain#1 2024-03-23,rain,qc
6/sublink_2,impl2_nearby,0,,,,,,,,,,,,0.0,0.0,rain#1 2024-03-23,rain,qc
8/sublink_1,impl2_nearby,16,4.4217,3.6239,-0.7977,-0.1804,1.4144,3.2267,0.7297,0.5616,1.0,0.0625,0.9375,57.9828,70.7467,rain#1 2024-03-23,rain,qc
11/sublink_2,impl2_nearby,15,5.1052,0.7057,-4.3995,-0.8618,4.3995,5.8112,1.1383,0.7005,0.7143,0.0,0.7143,10.5848,76.5778,rain#1 2024-03-23,rain,qc
12/sublink_2,impl2_nearby,16,4.8237,3.7114,-1.1124,-0.2306,1.1334,1.5596,0.3233,0.9768,1.0,0.0,1.0,59.3821,77.18,rain#1 2024-03-23,rain,qc
13/sublink_2,impl2_nearby,16,4.1116,3.1923,-0.9193,-0.2236,1.5515,2.5209,0.6131,0.7486,1.0,0.1333,0.8667,51.0774,65.7857,rain#1 2024-03-23,rain,qc
16/sublink_1,impl2_nearby,9,6.1667,0.7591,-5.4076,-0.8769,5.4076,6.4068,1.0389,0.9333,1.0,0.0,1.0,6.832,55.5,rain#1 2024-03-23,rain,qc
17/sublink_2,impl2_nearby,4,0.975,0.9938,0.0188,0.0193,0.2308,0.2522,0.2587,0.9397,1.0,0.0,1.0,3.9752,3.9,rain#1 2024-03-23,rain,qc
18/sublink_2,impl2_nearby,0,,,,,,,,,,,,0.0,0.0,rain#1 2024-03-23,rain,qc
19/sublink_2,impl2_nearby,16,4.8449,1.2457,-3.5991,-0.7429,3.6265,4.3201,0.8917,0.8944,0.7333,0.0833,0.6875,19.932,77.5176,rain#1 2024-03-23,rain,qc
22/sublink_1,impl2_nearby,11,3.196,13.1554,9.9595,3.1163,9.9595,12.1669,3.807,0.9251,1.0,0.0909,0.9091,144.7097,35.1556,rain#1 2024-03-23,rain,qc
27/sublink_1,impl2_nearby,16,4.6973,0.0051,-4.6922,-0.9989,4.6922,5.9347,1.2634,-0.0029,0.0,,0.0,0.082,75.1571,rain#1 2024-03-23,rain,qc
30/sublink_1,impl2_nearby,16,4.3063,1.5877,-2.7186,-0.6313,2.7405,3.5166,0.8166,0.9294,1.0,0.0,1.0,25.4026,68.9,rain#1 2024-03-23,rain,qc
31/sublink_1,impl2_nearby,16,4.8348,2.4352,-2.3997,-0.4963,2.4004,3.9973,0.8268,0.5764,1.0,0.0,1.0,38.9625,77.3571,rain#1 2024-03-23,rain,qc
32/sublink_1,impl2_nearby,16,4.778,1.1776,-3.6004,-0.7535,3.6012,4.7615,0.9966,0.8525,1.0,0.0,1.0,18.8415,76.4474,rain#1 2024-03-23,rain,qc
34/sublink_1,impl2_nearby,16,4.8236,3.2865,-1.5371,-0.3187,1.5864,3.1041,0.6435,0.7287,1.0,0.0,1.0,52.5845,77.1778,rain#1 2024-03-23,rain,qc
40/sublink_1,impl2_nearby,16,4.646,2.3797,-2.2663,-0.4878,2.2943,2.9781,0.641,0.9485,1.0,0.0667,0.9333,38.0757,74.3364,rain#1 2024-03-23,rain,qc
55/sublink_1,impl2_nearby,16,4.5821,0.122,-4.4602,-0.9734,4.4602,5.7658,1.2583,0.2976,0.3333,0.0,0.3333,1.9519,73.3143,rain#1 2024-03-23,rain,qc
