network,product,method,reference,lead_min,n_forecasts,CRPS,ROC_area,rel_prob,rel_freq,rank_hist,ensmean_CSI_1,ensmean_MAE,ensmean_RMSE,ensmean_corr
openrainer,radar,steps,own,15,143,0.3296,0.9531,"[0.0012140220493677047, 0.16666666666666666, 0.25, 0.33333333333333326, 0.4166666666666669, 0.5428565724325186, 0.6666666666666667, 0.75, 0.8333333333333335, 0.985346126826105]","[0.010268240160455458, 0.23396573229173506, 0.28267863189976294, 0.3409690799396682, 0.39255714006641923, 0.48001916626736946, 0.5873443285089196, 0.659538188277087, 0.7420332197154141, 0.9284389016650355]","[0.13257620628086642, 0.07828575982287277, 0.06632364058505402, 0.06555043194148598, 0.06494952605971582, 0.06363356371648442, 0.06411170388047358, 0.06253513361002286, 0.0613290142774376, 0.06166069709389854, 0.06135701347622976, 0.06422585446016468, 0.15346145479529355]",0.7354,0.4383,1.8799,0.8165
openrainer,radar,steps,radar,15,143,0.3296,0.9531,"[0.0012140220493677047, 0.16666666666666666, 0.25, 0.33333333333333326, 0.4166666666666669, 0.5428565724325186, 0.6666666666666667, 0.75, 0.8333333333333335, 0.985346126826105]","[0.010268240160455458, 0.23396573229173506, 0.28267863189976294, 0.3409690799396682, 0.39255714006641923, 0.48001916626736946, 0.5873443285089196, 0.659538188277087, 0.7420332197154141, 0.9284389016650355]","[0.13356479337668184, 0.07871220915832254, 0.06701500541676808, 0.06535874511898583, 0.06505506150131704, 0.06433785125533331, 0.06378002106401263, 0.06176407875097728, 0.06090687251103276, 0.06123424775844876, 0.060997331460976655, 0.06381232783184973, 0.15346145479529355]",0.7354,0.4383,1.8799,0.8165
openrainer,radar (LINDA-P subset),steps,own,15,26,0.2781,0.9459,"[0.0009470243684056466, 0.16666666666666669, 0.25, 0.33333333333333337, 0.4166666666666666, 0.54345555207354, 0.6666666666666667, 0.75, 0.8333333333333334, 0.9850536871295457]","[0.010401062287869073, 0.24694055944055945, 0.28291316526610644, 0.3481806775407779, 0.4104615384615385, 0.4857411469758696, 0.6072786529060293, 0.6653526062198861, 0.7697841726618705, 0.927413949453929]","[0.13016375395624055, 0.07638640429338103, 0.06334113114077336, 0.06240539424797028, 0.060699050502270535, 0.05896518508325306, 0.06090546305215357, 0.05752029723407183, 0.05919911930645383, 0.06021742121921013, 0.06072657217558827, 0.06580432090271089, 0.18366588688592267]",0.7241,0.3643,1.7414,0.8177
openrainer,radar (LINDA-P subset),steps,radar,15,26,0.2781,0.9459,"[0.0009470243684056466, 0.16666666666666669, 0.25, 0.33333333333333337, 0.4166666666666666, 0.54345555207354, 0.6666666666666667, 0.75, 0.8333333333333334, 0.9850536871295457]","[0.010401062287869073, 0.24694055944055945, 0.28291316526610644, 0.3481806775407779, 0.4104615384615385, 0.4857411469758696, 0.6072786529060293, 0.6653526062198861, 0.7697841726618705, 0.927413949453929]","[0.13012247144626393, 0.07561579744048438, 0.06462088895004817, 0.062254025044722716, 0.06031374707582221, 0.059144075959818354, 0.0604513554424109, 0.058084491537085454, 0.058910141736617586, 0.0604513554424109, 0.0606715288289528, 0.06569423420943993, 0.18366588688592267]",0.7241,0.3643,1.7414,0.8177
openrainer,radar,steps,own,30,143,0.4794,0.9126,"[0.002612634515310524, 0.1666666666666667, 0.25, 0.3333333333333332, 0.4166666666666669, 0.5420214496460585, 0.666666666666667, 0.75, 0.8333333333333334, 0.9778122357287015]","[0.018369129678852427, 0.21942641673615895, 0.2831712789827973, 0.3364341085271318, 0.38559488050150187, 0.46545283209369637, 0.562614650849945, 0.6259662407319766, 0.7003286147623863, 0.8527525720244673]","[0.13507288261249314, 0.08269587378961288, 0.07191864161222715, 0.0667894110345426, 0.06491051671480233, 0.0630486003557826, 0.060509452008021145, 0.05935683711910417, 0.0582230866309878, 0.05838909335803312, 0.05865130852916153, 0.06299955291370103, 0.1574347433215305]",0.5955,0.6379,2.5621,0.6387
openrainer,radar,steps,radar,30,143,0.4794,0.9126,"[0.002612634515310524, 0.1666666666666667, 0.25, 0.3333333333333332, 0.4166666666666669, 0.5420214496460585, 0.666666666666667, 0.75, 0.8333333333333334, 0.9778122357287015]","[0.018369129678852427, 0.21942641673615895, 0.2831712789827973, 0.3364341085271318, 0.38559488050150187, 0.46545283209369637, 0.562614650849945, 0.6259662407319766, 0.7003286147623863, 0.8527525720244673]","[0.13427491845862755, 0.08303166012386366, 0.0725090973572861, 0.06723083801327677, 0.06417669152365879, 0.0631825376014669, 0.06003218266776583, 0.05941154388142592, 0.05870601529148329, 0.05827402051314943, 0.058594715326759715, 0.06314103591970556, 0.1574347433215305]",0.5955,0.6379,2.5621,0.6387
openrainer,radar (LINDA-P subset),steps,own,30,26,0.4325,0.8991,"[0.002202442562912389, 0.16666666666666669, 0.25, 0.33333333333333326, 0.41666666666666663, 0.5423393964166495, 0.6666666666666666, 0.75, 0.8333333333333335, 0.9779982593559616]","[0.019743228734723266, 0.22995391705069124, 0.31855233126834037, 0.33151382823871905, 0.38563937071399756, 0.5076640098099325, 0.6049162807267545, 0.6596923076923077, 0.7257383966244726, 0.8564490861618799]","[0.12929278658802199, 0.07601926088133837, 0.06477589799738635, 0.062279989168697536, 0.05737058359528603, 0.05762959300203675, 0.05616972180035084, 0.056982069485159936, 0.05717043996279683, 0.05815938497039051, 0.05998422397249791, 0.07028573446826546, 0.19388031410777146]",0.5785,0.5611,2.4714,0.6288
openrainer,radar (LINDA-P subset),steps,radar,30,26,0.4325,0.8991,"[0.002202442562912389, 0.16666666666666669, 0.25, 0.33333333333333326, 0.41666666666666663, 0.5423393964166495, 0.6666666666666666, 0.75, 0.8333333333333335, 0.9779982593559616]","[0.019743228734723266, 0.22995391705069124, 0.31855233126834037, 0.33151382823871905, 0.38563937071399756, 0.5076640098099325, 0.6049162807267545, 0.6596923076923077, 0.7257383966244726, 0.8564490861618799]","[0.12895136509730512, 0.07676096963703363, 0.0654705141336724, 0.06067884010878395, 0.05823002389950435, 0.05712334734338761, 0.05646405067165849, 0.057311717821024497, 0.056051990251827784, 0.05855967223536891, 0.06007840921131636, 0.07043878548134544, 0.19388031410777146]",0.5785,0.5611,2.4714,0.6288
openrainer,radar,steps,own,45,143,0.5814,0.8696,"[0.0043630637636247575, 0.16666666666666666, 0.25, 0.33333333333333337, 0.41666666666666674, 0.5412752445288858, 0.6666666666666665, 0.75, 0.8333333333333333, 0.9724469740985415]","[0.027952637648682704, 0.20514663599769983, 0.2714930567520072, 0.33107771504483563, 0.39424304941546323, 0.4657747519527127, 0.5632386837330194, 0.6243246804585585, 0.6912314511466564, 0.7868778377913107]","[0.12405732610454162, 0.08218878406726371, 0.07247502454725367, 0.06884932310630021, 0.06673800491453825, 0.06401279340115554, 0.06265442723922676, 0.0606855594314873, 0.05847757847913865, 0.058631899728496355, 0.05867429567612209, 0.06403483929392093, 0.1585201440105549]",0.4946,0.7770,2.9038,0.5097
openrainer,radar,steps,radar,45,143,0.5814,0.8696,"[0.0043630637636247575, 0.16666666666666666, 0.25, 0.33333333333333337, 0.41666666666666674, 0.5412752445288858, 0.6666666666666665, 0.75, 0.8333333333333333, 0.9724469740985415]","[0.027952637648682704, 0.20514663599769983, 0.2714930567520072, 0.33107771504483563, 0.39424304941546323, 0.4657747519527127, 0.5632386837330194, 0.6243246804585585, 0.6912314511466564, 0.7868778377913107]","[0.12411159291750257, 0.08203955033162111, 0.07239192848990722, 0.06904943197909372, 0.06636661641333674, 0.06426038573528987, 0.06237970149861196, 0.060621117591096174, 0.0590287257982733, 0.05844366172103806, 0.05874552086813334, 0.06404162264554104, 0.1585201440105549]",0.4946,0.7770,2.9038,0.5097
openrainer,radar (LINDA-P subset),steps,own,45,26,0.5314,0.8622,"[0.0037441737378566186, 0.16666666666666669, 0.25, 0.3333333333333333, 0.4166666666666666, 0.5424184505606523, 0.6666666666666669, 0.75, 0.8333333333333333, 0.9730505287322636]","[0.02789435044646668, 0.2198071109831582, 0.2753221010901883, 0.3418782942022041, 0.4362190272254512, 0.5412844036697247, 0.6252459938150127, 0.6624553694040098, 0.6872717788210746, 0.8001318777932449]","[0.11549886786181682, 0.07748395272024762, 0.06758553355906853, 0.0610627557697501, 0.06084463740418372, 0.05988907123122624, 0.05790523276345583, 0.05693928000166185, 0.060003323708427675, 0.06034608114003199, 0.06201832194270757, 0.07348511601819731, 0.18693782587922475]",0.4934,0.6914,2.8338,0.4763
openrainer,radar (LINDA-P subset),steps,radar,45,26,0.5314,0.8622,"[0.0037441737378566186, 0.16666666666666669, 0.25, 0.3333333333333333, 0.4166666666666666, 0.5424184505606523, 0.6666666666666669, 0.75, 0.8333333333333333, 0.9730505287322636]","[0.02789435044646668, 0.2198071109831582, 0.2753221010901883, 0.3418782942022041, 0.4362190272254512, 0.5412844036697247, 0.6252459938150127, 0.6624553694040098, 0.6872717788210746, 0.8001318777932449]","[0.11671409875568665, 0.0775358856644301, 0.06692079187353289, 0.06182097675481418, 0.0601487359521386, 0.058943891647105257, 0.05739628991046761, 0.05729242402210266, 0.06039801408421446, 0.060408400673050956, 0.06186252311016016, 0.07362014167307172, 0.18693782587922475]",0.4934,0.6914,2.8338,0.4763
openrainer,radar,steps,own,60,143,0.6287,0.8586,"[0.006162601570377264, 0.16666666666666663, 0.25, 0.3333333333333335, 0.4166666666666667, 0.5408103807624213, 0.6666666666666669, 0.75, 0.8333333333333327, 0.9677134842832774]","[0.02747567101463161, 0.1831926102330952, 0.26092384519350814, 0.3254665396691008, 0.3792472024415056, 0.474686806660541, 0.5583411960282159, 0.5984192194337769, 0.6472250337381916, 0.715667563112692]","[0.12139126896208713, 0.08415501031873424, 0.0748471567769377, 0.07104262816061699, 0.06957798153285685, 0.06689091208567617, 0.06484815796867885, 0.06388572203687615, 0.06102586627307989, 0.06006988964283292, 0.059669412946378106, 0.06394708540165552, 0.13864890789358947]",0.4390,0.8534,3.0959,0.4201
openrainer,radar,steps,radar,60,143,0.6287,0.8586,"[0.006162601570377264, 0.16666666666666663, 0.25, 0.3333333333333335, 0.4166666666666667, 0.5408103807624213, 0.6666666666666669, 0.75, 0.8333333333333327, 0.9677134842832774]","[0.02747567101463161, 0.1831926102330952, 0.26092384519350814, 0.3254665396691008, 0.3792472024415056, 0.474686806660541, 0.5583411960282159, 0.5984192194337769, 0.6472250337381916, 0.715667563112692]","[0.12063876033084543, 0.08459585764991231, 0.07497634280805217, 0.07161266152290953, 0.06887714731406093, 0.06686668970484222, 0.06497572917440438, 0.06290713785118415, 0.06190756093543605, 0.06030888380039466, 0.059856732691494066, 0.06382758832287465, 0.13864890789358947]",0.4390,0.8534,3.0959,0.4201
openrainer,radar (LINDA-P subset),steps,own,60,26,0.5965,0.8469,"[0.005429781635838858, 0.16666666666666666, 0.25, 0.3333333333333333, 0.4166666666666665, 0.5416777541245343, 0.6666666666666667, 0.75, 0.8333333333333334, 0.9698529904226108]","[0.029756485085482332, 0.21112999150382328, 0.2674714104193138, 0.3287981859410431, 0.39886039886039887, 0.5190260777009047, 0.6289043133366385, 0.6494156928213689, 0.6979603241128807, 0.7282499497689371]","[0.10980852653746494, 0.07916112690818396, 0.07148471997127413, 0.06779693914191164, 0.06442941296352009, 0.06373067554321982, 0.06205176479722058, 0.06170239608707045, 0.05950913696223906, 0.05793697776656347, 0.06118804770823831, 0.07330920101316926, 0.1678910745999243]",0.4381,0.7859,3.0804,0.3681
openrainer,radar (LINDA-P subset),steps,radar,60,26,0.5965,0.8469,"[0.005429781635838858, 0.16666666666666666, 0.25, 0.3333333333333333, 0.4166666666666665, 0.5416777541245343, 0.6666666666666667, 0.75, 0.8333333333333334, 0.9698529904226108]","[0.029756485085482332, 0.21112999150382328, 0.2674714104193138, 0.3287981859410431, 0.39886039886039887, 0.5190260777009047, 0.6289043133366385, 0.6494156928213689, 0.6979603241128807, 0.7282499497689371]","[0.10976000310549965, 0.07931640189047291, 0.07263957765204818, 0.06726318139029337, 0.06503110351988975, 0.06413827237172831, 0.06114922896266607, 0.06163446328231903, 0.05851925895014703, 0.05699562318643673, 0.062420542880156825, 0.07324126820841785, 0.1678910745999243]",0.4381,0.7859,3.0804,0.3681
openrainer,radar,steps,own,75,143,0.6483,0.8338,"[0.007958220705562204, 0.1666666666666667, 0.25, 0.3333333333333332, 0.4166666666666666, 0.5403769040175026, 0.666666666666667, 0.75, 0.8333333333333336, 0.9652452619843916]","[0.03128353821583058, 0.17220895432147285, 0.239718388400948, 0.30708186234573487, 0.3785316780821918, 0.4730314512288548, 0.5378132221668404, 0.5600498418479823, 0.5954615831236695, 0.6491442061774543]","[0.11510271848315491, 0.08495221283726442, 0.07789446397215168, 0.07284417712573409, 0.07021333720115665, 0.06761798661280517, 0.06588826722544369, 0.06488685073802389, 0.06244888764076151, 0.06059109804006283, 0.06071762523878151, 0.06635888668409244, 0.1304834882005672]",0.3840,0.8995,3.1259,0.3546
openrainer,radar,steps,radar,75,143,0.6483,0.8338,"[0.007958220705562204, 0.1666666666666667, 0.25, 0.3333333333333332, 0.4166666666666666, 0.5403769040175026, 0.666666666666667, 0.75, 0.8333333333333336, 0.9652452619843916]","[0.03128353821583058, 0.17220895432147285, 0.239718388400948, 0.30708186234573487, 0.3785316780821918, 0.4730314512288548, 0.5378132221668404, 0.5600498418479823, 0.5954615831236695, 0.6491442061774543]","[0.11460432476137279, 0.08455257205106761, 0.07788829191367759, 0.07339966238840147, 0.0698862181020303, 0.06766736308059783, 0.0652864915242207, 0.06506584043377227, 0.06238716705602069, 0.060824093247459424, 0.061405809758641655, 0.06654867748217047, 0.1304834882005672]",0.3840,0.8995,3.1259,0.3546
openrainer,radar (LINDA-P subset),steps,own,75,26,0.6256,0.8231,"[0.006958212230285063, 0.16666666666666666, 0.25, 0.3333333333333333, 0.41666666666666674, 0.541106434389493, 0.6666666666666666, 0.75, 0.8333333333333333, 0.9660391165513572]","[0.03321848593921429, 0.19548674888480713, 0.25298546209761164, 0.2909505436688881, 0.3635576714996754, 0.5290541330527301, 0.6028368794326241, 0.6192052980132451, 0.6026490066225165, 0.6447578499201703]","[0.10790133470982965, 0.08094904505567437, 0.07465341788953617, 0.07077280436545977, 0.06825639702086866, 0.06560172553646486, 0.06219121008775164, 0.06086387434554974, 0.06058734606592434, 0.0578865865349163, 0.06131553720227122, 0.0702842710714549, 0.15873645011429835]",0.3790,0.8426,3.1183,0.2986
openrainer,radar (LINDA-P subset),steps,radar,75,26,0.6256,0.8231,"[0.006958212230285063, 0.16666666666666666, 0.25, 0.3333333333333333, 0.41666666666666674, 0.541106434389493, 0.6666666666666666, 0.75, 0.8333333333333333, 0.9660391165513572]","[0.03321848593921429, 0.19548674888480713, 0.25298546209761164, 0.2909505436688881, 0.3635576714996754, 0.5290541330527301, 0.6028368794326241, 0.6192052980132451, 0.6026490066225165, 0.6447578499201703]","[0.10773541774205442, 0.0808384337438242, 0.07406349089300199, 0.07174065334414866, 0.06762038197773025, 0.06467074699505936, 0.0628364427402109, 0.062209645306393335, 0.06105744414128752, 0.05747179411547821, 0.060891527173512275, 0.07012757171300052, 0.15873645011429835]",0.3790,0.8426,3.1183,0.2986
openrainer,radar,steps,own,90,143,0.6657,0.8072,"[0.009637070546597053, 0.16666666666666669, 0.25, 0.33333333333333326, 0.4166666666666666, 0.5387674293825603, 0.6666666666666667, 0.75, 0.8333333333333331, 0.9652787330233755]","[0.03520732818584655, 0.17310906811533638, 0.23827274925445313, 0.31789410773953436, 0.38175294039471064, 0.4577517879337395, 0.4835854981444476, 0.5076906528987846, 0.5336282656782447, 0.5642521114748686]","[0.10887813734817707, 0.08440761064793313, 0.07793564406287998, 0.07480787758273702, 0.07167560206874472, 0.06886346795805397, 0.06644061376968757, 0.06464451528637626, 0.06367056397492377, 0.06286795594974531, 0.06340152495524784, 0.06837649230232772, 0.12402999409316566]",0.3331,0.9364,3.1522,0.2939
openrainer,radar,steps,radar,90,143,0.6657,0.8072,"[0.009637070546597053, 0.16666666666666669, 0.25, 0.33333333333333326, 0.4166666666666666, 0.5387674293825603, 0.6666666666666667, 0.75, 0.8333333333333331, 0.9652787330233755]","[0.03520732818584655, 0.17310906811533638, 0.23827274925445313, 0.31789410773953436, 0.38175294039471064, 0.4577517879337395, 0.4835854981444476, 0.5076906528987846, 0.5336282656782447, 0.5642521114748686]","[0.10791320410442322, 0.0841596137862207, 0.07883143878761098, 0.0740954502345449, 0.07139153293623775, 0.06914603407927783, 0.06717258026456005, 0.06475724113260918, 0.06399521441207459, 0.0625493175577269, 0.06345713637272275, 0.06850124223882549, 0.12402999409316566]",0.3331,0.9364,3.1522,0.2939
openrainer,radar (LINDA-P subset),steps,own,90,26,0.6405,0.8017,"[0.008147521583713903, 0.16666666666666666, 0.25, 0.33333333333333326, 0.41666666666666663, 0.5394565305956164, 0.6666666666666666, 0.75, 0.8333333333333333, 0.9675436971156813]","[0.035383870875914485, 0.21199748743718594, 0.2554070209759809, 0.33845391476709613, 0.39114903750744195, 0.48472256172085065, 0.5416078984485191, 0.5272108843537415, 0.5391104294478528, 0.5178803038725218]","[0.10393853444871289, 0.07831292858937997, 0.07595232111442214, 0.0713926686532869, 0.06787419667540301, 0.06652784260223316, 0.06250673177036585, 0.06254263454565037, 0.06200409291638244, 0.06162711377589487, 0.0630183463181704, 0.07595232111442214, 0.14835026747567587]",0.3328,0.8752,3.1689,0.2435
openrainer,radar (LINDA-P subset),steps,radar,90,26,0.6405,0.8017,"[0.008147521583713903, 0.16666666666666666, 0.25, 0.33333333333333326, 0.41666666666666663, 0.5394565305956164, 0.6666666666666666, 0.75, 0.8333333333333333, 0.9675436971156813]","[0.035383870875914485, 0.21199748743718594, 0.2554070209759809, 0.33845391476709613, 0.39114903750744195, 0.48472256172085065, 0.5416078984485191, 0.5272108843537415, 0.5391104294478528, 0.5178803038725218]","[0.10522205866513482, 0.07839370983377016, 0.07439952608336624, 0.07152730406060388, 0.06796395361361433, 0.06679711341686713, 0.062174631098983954, 0.06197716583491904, 0.06114242630955373, 0.06229131511865867, 0.06274907550353642, 0.07701145298531577, 0.14835026747567587]",0.3328,0.8752,3.1689,0.2435
openrainer,radar,linda_p,own,15,26,0.2883,0.9606,"[0.001554232185928239, 0.16666666666666666, 0.25, 0.3333333333333334, 0.41666666666666663, 0.5434123289603611, 0.6666666666666666, 0.75, 0.8333333333333334, 0.9760266207871533]","[0.006796552175457622, 0.15140947399011914, 0.19633699633699633, 0.25379426644182124, 0.28065515714918104, 0.3914515446466356, 0.5159074475777295, 0.6085697741748697, 0.7111872146118722, 0.9087744568479175]","[0.19878779993277604, 0.10342733847271465, 0.07665701677346605, 0.07070444220364527, 0.06380856346702231, 0.059623328887876914, 0.0567717312342105, 0.055904325103817674, 0.05575252903099893, 0.05502607639679494, 0.05369243947131597, 0.054104457383252556, 0.09573995164210823]",0.6867,0.4042,1.7948,0.8228
openrainer,radar,linda_p,radar,15,26,0.2883,0.9606,"[0.001554232185928239, 0.16666666666666666, 0.25, 0.3333333333333334, 0.41666666666666663, 0.5434123289603611, 0.6666666666666666, 0.75, 0.8333333333333334, 0.9760266207871533]","[0.006796552175457622, 0.15140947399011914, 0.19633699633699633, 0.25379426644182124, 0.28065515714918104, 0.3914515446466356, 0.5159074475777295, 0.6085697741748697, 0.7111872146118722, 0.9087744568479175]","[0.20103221329516746, 0.10260330264884147, 0.07690639603595398, 0.07059601643734617, 0.06334233267193616, 0.05946069023842826, 0.05537303884895207, 0.05682594411736005, 0.0555139923451409, 0.055676630994589554, 0.05324789382948964, 0.05368159689468605, 0.09573995164210823]",0.6867,0.4042,1.7948,0.8228
openrainer,radar (LINDA-P subset),linda_p,own,15,26,0.2883,0.9606,"[0.001554232185928239, 0.16666666666666666, 0.25, 0.3333333333333334, 0.41666666666666663, 0.5434123289603611, 0.6666666666666666, 0.75, 0.8333333333333334, 0.9760266207871533]","[0.006796552175457622, 0.15140947399011914, 0.19633699633699633, 0.25379426644182124, 0.28065515714918104, 0.3914515446466356, 0.5159074475777295, 0.6085697741748697, 0.7111872146118722, 0.9087744568479175]","[0.19874442962625638, 0.10279846902817985, 0.07751358032722896, 0.06975029546021316, 0.06402541499962051, 0.05922215355257023, 0.05683678669398996, 0.05563326068806991, 0.05616454694293552, 0.055503149768510986, 0.05376833750772533, 0.05429962376259094, 0.09573995164210823]",0.6867,0.4042,1.7948,0.8228
openrainer,radar (LINDA-P subset),linda_p,radar,15,26,0.2883,0.9606,"[0.001554232185928239, 0.16666666666666666, 0.25, 0.3333333333333334, 0.41666666666666663, 0.5434123289603611, 0.6666666666666666, 0.75, 0.8333333333333334, 0.9760266207871533]","[0.006796552175457622, 0.15140947399011914, 0.19633699633699633, 0.25379426644182124, 0.28065515714918104, 0.3914515446466356, 0.5159074475777295, 0.6085697741748697, 0.7111872146118722, 0.9087744568479175]","[0.19932992876427155, 0.10353576423901376, 0.07732925652452048, 0.0693708052781663, 0.06358086935779418, 0.059991976493293867, 0.05629465786249444, 0.055730843877739106, 0.05673920350432077, 0.05514534473972395, 0.053378004749048566, 0.0538333929675048, 0.09573995164210823]",0.6867,0.4042,1.7948,0.8228
openrainer,radar,linda_p,own,30,26,0.4261,0.9216,"[0.002826373714224804, 0.16666666666666666, 0.25, 0.3333333333333333, 0.41666666666666674, 0.5422813350073238, 0.6666666666666666, 0.75, 0.8333333333333331, 0.9692946530147893]","[0.013946996748920748, 0.15627466456195738, 0.20493827160493827, 0.2451823302697895, 0.28133245382585753, 0.3686440677966102, 0.4778761061946903, 0.5449865711727843, 0.6043191800878477, 0.8265301478953356]","[0.20547711432061508, 0.11286556010634476, 0.08248006035783574, 0.07117194797729395, 0.06071710857224977, 0.05504059782999209, 0.05249874254508874, 0.051941869655816625, 0.049911978156211824, 0.048654523244952216, 0.04818746856362722, 0.05458252496946181, 0.10647050370051017]",0.5545,0.6107,2.4655,0.6741
openrainer,radar,linda_p,radar,30,26,0.4261,0.9216,"[0.002826373714224804, 0.16666666666666666, 0.25, 0.3333333333333333, 0.41666666666666674, 0.5422813350073238, 0.6666666666666666, 0.75, 0.8333333333333331, 0.9692946530147893]","[0.013946996748920748, 0.15627466456195738, 0.20493827160493827, 0.2451823302697895, 0.28133245382585753, 0.3686440677966102, 0.4778761061946903, 0.5449865711727843, 0.6043191800878477, 0.8265301478953356]","[0.20412984120140834, 0.11362901487389523, 0.08203995113889488, 0.07163900265861896, 0.060914708629733416, 0.056360925486814685, 0.0525436516490623, 0.05228317884601567, 0.04948085075806567, 0.04807070489329597, 0.04826830495077962, 0.05416936121290508, 0.10647050370051017]",0.5545,0.6107,2.4655,0.6741
openrainer,radar (LINDA-P subset),linda_p,own,30,26,0.4261,0.9216,"[0.002826373714224804, 0.16666666666666666, 0.25, 0.3333333333333333, 0.41666666666666674, 0.5422813350073238, 0.6666666666666666, 0.75, 0.8333333333333331, 0.9692946530147893]","[0.013946996748920748, 0.15627466456195738, 0.20493827160493827, 0.2451823302697895, 0.28133245382585753, 0.3686440677966102, 0.4778761061946903, 0.5449865711727843, 0.6043191800878477, 0.8265301478953356]","[0.2033124955090896, 0.114383487820651, 0.08250700582021987, 0.06980671121649781, 0.06081590860099159, 0.056576489185887764, 0.052157433354889704, 0.05213946971330028, 0.05022634188402673, 0.04910361428468779, 0.04859165049938924, 0.05390888840985845, 0.10647050370051017]",0.5545,0.6107,2.4655,0.6741
openrainer,radar (LINDA-P subset),linda_p,radar,30,26,0.4261,0.9216,"[0.002826373714224804, 0.16666666666666666, 0.25, 0.3333333333333333, 0.41666666666666674, 0.5422813350073238, 0.6666666666666666, 0.75, 0.8333333333333331, 0.9692946530147893]","[0.013946996748920748, 0.15627466456195738, 0.20493827160493827, 0.2451823302697895, 0.28133245382585753, 0.3686440677966102, 0.4778761061946903, 0.5449865711727843, 0.6043191800878477, 0.8265301478953356]","[0.20500107781849536, 0.11299130559747073, 0.08300100596392901, 0.07026478407702809, 0.060753035855428614, 0.056630380110656034, 0.05260652439462528, 0.05084608751886183, 0.04966946899475461, 0.04923834159660846, 0.048358123158726736, 0.05416936121290508, 0.10647050370051017]",0.5545,0.6107,2.4655,0.6741
openrainer,radar,linda_p,own,45,26,0.5317,0.8909,"[0.004381651463321931, 0.16666666666666666, 0.25, 0.3333333333333333, 0.41666666666666663, 0.5420241399613089, 0.6666666666666665, 0.75, 0.8333333333333333, 0.9622566600645931]","[0.020221636259977194, 0.1420017108639863, 0.21050649595179816, 0.25927758535378526, 0.29974811083123426, 0.359071410547565, 0.4411764705882353, 0.5165832870113026, 0.6, 0.7719072854772229]","[0.19226520202772054, 0.11867806410668255, 0.08586471938635598, 0.07583580791500498, 0.0644357562034302, 0.058191191795096804, 0.05297302379515948, 0.049650946870274465, 0.04806825927870188, 0.04731609091835056, 0.047229904960393636, 0.05388189389725067, 0.10560913884557827]",0.4788,0.7751,2.9635,0.5323
openrainer,radar,linda_p,radar,45,26,0.5317,0.8909,"[0.004381651463321931, 0.16666666666666666, 0.25, 0.3333333333333333, 0.41666666666666663, 0.5420241399613089, 0.6666666666666665, 0.75, 0.8333333333333333, 0.9622566600645931]","[0.020221636259977194, 0.1420017108639863, 0.21050649595179816, 0.25927758535378526, 0.29974811083123426, 0.359071410547565, 0.4411764705882353, 0.5165832870113026, 0.6, 0.7719072854772229]","[0.19058849339110404, 0.11929703598655499, 0.08646802109205444, 0.0736811589660819, 0.06503122282204167, 0.05725098134465765, 0.05316106588524731, 0.05074785906245348, 0.04842083819761657, 0.04785671192735307, 0.04824846628170272, 0.053639006197553886, 0.10560913884557827]",0.4788,0.7751,2.9635,0.5323
openrainer,radar (LINDA-P subset),linda_p,own,45,26,0.5317,0.8909,"[0.004381651463321931, 0.16666666666666666, 0.25, 0.3333333333333333, 0.41666666666666663, 0.5420241399613089, 0.6666666666666665, 0.75, 0.8333333333333333, 0.9622566600645931]","[0.020221636259977194, 0.1420017108639863, 0.21050649595179816, 0.25927758535378526, 0.29974811083123426, 0.359071410547565, 0.4411764705882353, 0.5165832870113026, 0.6, 0.7719072854772229]","[0.19190478802171887, 0.11934404650907694, 0.08601358604100885, 0.0736968291402559, 0.06418503341664643, 0.05729015678009261, 0.0533961184978571, 0.050583322233626625, 0.04778619614357014, 0.04809176453996286, 0.048201455759180764, 0.05389756407142465, 0.10560913884557827]",0.4788,0.7751,2.9635,0.5323
openrainer,radar (LINDA-P subset),linda_p,radar,45,26,0.5317,0.8909,"[0.004381651463321931, 0.16666666666666666, 0.25, 0.3333333333333333, 0.41666666666666663, 0.5420241399613089, 0.6666666666666665, 0.75, 0.8333333333333333, 0.9622566600645931]","[0.020221636259977194, 0.1420017108639863, 0.21050649595179816, 0.25927758535378526, 0.29974811083123426, 0.359071410547565, 0.4411764705882353, 0.5165832870113026, 0.6, 0.7719072854772229]","[0.19289200899467998, 0.11982198682138352, 0.08599791586683486, 0.0740180677108226, 0.06386379484607971, 0.05653798841974129, 0.05316106588524731, 0.05040311523062579, 0.04835032241383363, 0.04815444523665881, 0.04712021374117573, 0.0540699359873385, 0.10560913884557827]",0.4788,0.7751,2.9635,0.5323
openrainer,radar,linda_p,own,60,26,0.5912,0.8846,"[0.006099903019166474, 0.16666666666666669, 0.25, 0.33333333333333326, 0.4166666666666667, 0.5422625595892923, 0.6666666666666667, 0.75, 0.8333333333333334, 0.9581341515934539]","[0.020025266059260395, 0.12920122217372326, 0.18951849677040516, 0.23162327718223583, 0.27514600908500975, 0.33223322332233224, 0.4382538770821367, 0.5114617940199335, 0.589899312769698, 0.7359819121447029]","[0.1827776774426585, 0.12155318764674011, 0.09336463789055445, 0.08210944554813075, 0.06909156582987178, 0.06214195412678346, 0.05530070435253748, 0.05207151887303594, 0.04914574679429294, 0.04848835109264945, 0.04661730178797183, 0.04840888567816507, 0.08892902293660827]",0.4350,0.8908,3.1640,0.4548
openrainer,radar,linda_p,radar,60,26,0.5912,0.8846,"[0.006099903019166474, 0.16666666666666669, 0.25, 0.33333333333333326, 0.4166666666666667, 0.5422625595892923, 0.6666666666666667, 0.75, 0.8333333333333334, 0.9581341515934539]","[0.020025266059260395, 0.12920122217372326, 0.18951849677040516, 0.23162327718223583, 0.27514600908500975, 0.33223322332233224, 0.4382538770821367, 0.5114617940199335, 0.589899312769698, 0.7359819121447029]","[0.1823153332129312, 0.1225356691349106, 0.093328517247607, 0.08140870507495034, 0.06795015351273252, 0.06271266028535308, 0.056138703268918184, 0.050850641141412314, 0.04933357413761965, 0.048835109264944915, 0.04710131840346758, 0.04856059237854434, 0.08892902293660827]",0.4350,0.8908,3.1640,0.4548
openrainer,radar (LINDA-P subset),linda_p,own,60,26,0.5912,0.8846,"[0.006099903019166474, 0.16666666666666669, 0.25, 0.33333333333333326, 0.4166666666666667, 0.5422625595892923, 0.6666666666666667, 0.75, 0.8333333333333334, 0.9581341515934539]","[0.020025266059260395, 0.12920122217372326, 0.18951849677040516, 0.23162327718223583, 0.27514600908500975, 0.33223322332233224, 0.4382538770821367, 0.5114617940199335, 0.589899312769698, 0.7359819121447029]","[0.1826909878995846, 0.1216904460899404, 0.09330684486183854, 0.0804551201011378, 0.06980675456023117, 0.062026368069351634, 0.05590030702546505, 0.05098067545602312, 0.049283005237493224, 0.049080729636987536, 0.04684124977424598, 0.04900848835109265, 0.08892902293660827]",0.4350,0.8908,3.1640,0.4548
openrainer,radar (LINDA-P subset),linda_p,radar,60,26,0.5912,0.8846,"[0.006099903019166474, 0.16666666666666669, 0.25, 0.33333333333333326, 0.4166666666666667, 0.5422625595892923, 0.6666666666666667, 0.75, 0.8333333333333334, 0.9581341515934539]","[0.020025266059260395, 0.12920122217372326, 0.18951849677040516, 0.23162327718223583, 0.27514600908500975, 0.33223322332233224, 0.4382538770821367, 0.5114617940199335, 0.589899312769698, 0.7359819121447029]","[0.18316778038649087, 0.12258623803503703, 0.09314791403286979, 0.08142315333212931, 0.06883872132923965, 0.06175907531154055, 0.05602311721148637, 0.05154415748600325, 0.049478056709409426, 0.04809824814881705, 0.04650171573054, 0.04850279934982843, 0.08892902293660827]",0.4350,0.8908,3.1640,0.4548
openrainer,radar,linda_p,own,75,26,0.6291,0.8750,"[0.007585800710867408, 0.16666666666666663, 0.25, 0.33333333333333337, 0.4166666666666668, 0.5418209275136401, 0.6666666666666667, 0.75, 0.8333333333333333, 0.9518003251512487]","[0.020221961370184612, 0.12147524841106436, 0.18210551908582542, 0.2232604705489738, 0.2720119895091795, 0.323655494933749, 0.4128340301763316, 0.49106002554278416, 0.5805237572526266, 0.693211801391221]","[0.16849293638323776, 0.12328170805531183, 0.0965712381224451, 0.08662708048510077, 0.07352010937213051, 0.06569809755069003, 0.05902558137953082, 0.054658858258344045, 0.050999517075791895, 0.049605158446752506, 0.04555131579842336, 0.04823800681535291, 0.07773039225688848]",0.3946,0.9822,3.3273,0.3708
openrainer,radar,linda_p,radar,75,26,0.6291,0.8750,"[0.007585800710867408, 0.16666666666666663, 0.25, 0.33333333333333337, 0.4166666666666668, 0.5418209275136401, 0.6666666666666667, 0.75, 0.8333333333333333, 0.9518003251512487]","[0.020221961370184612, 0.12147524841106436, 0.18210551908582542, 0.2232604705489738, 0.2720119895091795, 0.323655494933749, 0.4128340301763316, 0.49106002554278416, 0.5805237572526266, 0.693211801391221]","[0.16982607926758764, 0.1228123873460254, 0.09652362587657545, 0.08615775977581434, 0.07426830180722482, 0.0650723366049748, 0.05945409159235755, 0.05441399527958591, 0.05074105059821386, 0.049176648233925764, 0.04557852279606315, 0.048244808564762855, 0.07773039225688848]",0.3946,0.9822,3.3273,0.3708
openrainer,radar (LINDA-P subset),linda_p,own,75,26,0.6291,0.8750,"[0.007585800710867408, 0.16666666666666663, 0.25, 0.33333333333333337, 0.4166666666666668, 0.5418209275136401, 0.6666666666666667, 0.75, 0.8333333333333333, 0.9518003251512487]","[0.020221961370184612, 0.12147524841106436, 0.18210551908582542, 0.2232604705489738, 0.2720119895091795, 0.323655494933749, 0.4128340301763316, 0.49106002554278416, 0.5805237572526266, 0.693211801391221]","[0.17125444664367676, 0.12232946313791908, 0.09588426143204032, 0.08641622625339238, 0.07464239802477197, 0.06448738615571925, 0.05905278837717061, 0.05386985532679005, 0.050673033104114376, 0.04891818175634773, 0.04600023125947994, 0.04874133627168908, 0.07773039225688848]",0.3946,0.9822,3.3273,0.3708
openrainer,radar (LINDA-P subset),linda_p,radar,75,26,0.6291,0.8750,"[0.007585800710867408, 0.16666666666666663, 0.25, 0.33333333333333337, 0.4166666666666668, 0.5418209275136401, 0.6666666666666667, 0.75, 0.8333333333333333, 0.9518003251512487]","[0.020221961370184612, 0.12147524841106436, 0.18210551908582542, 0.2232604705489738, 0.2720119895091795, 0.323655494933749, 0.4128340301763316, 0.49106002554278416, 0.5805237572526266, 0.693211801391221]","[0.1714448956271553, 0.12397548649512655, 0.09645560838247598, 0.08597411254174574, 0.07380578284734834, 0.06496350861441563, 0.059488100339407296, 0.05378143258446072, 0.04993164241843002, 0.049108630739826284, 0.04504798634208718, 0.048292420810632494, 0.07773039225688848]",0.3946,0.9822,3.3273,0.3708
openrainer,radar,linda_p,own,90,26,0.6565,0.8533,"[0.00936271944675306, 0.16666666666666666, 0.25, 0.3333333333333333, 0.4166666666666666, 0.5420235467255335, 0.6666666666666669, 0.75, 0.8333333333333334, 0.9461682374951462]","[0.02263322911582215, 0.11949355708720408, 0.1890019484736956, 0.22840323767476087, 0.2481989708404803, 0.3005739514348786, 0.3998959958398336, 0.4772351615326822, 0.5640670932042192, 0.6116700201207244]","[0.15526834927022368, 0.12520562848585343, 0.10049744070362628, 0.09109259999606767, 0.07798480806915671, 0.06637130442191361, 0.06133135842601634, 0.05531488193156422, 0.05171023915166371, 0.04908212687031806, 0.045234989939769696, 0.047869656117078795, 0.07303661661674783]",0.3431,1.0555,3.4123,0.3343
openrainer,radar,linda_p,radar,90,26,0.6565,0.8533,"[0.00936271944675306, 0.16666666666666666, 0.25, 0.3333333333333333, 0.4166666666666666, 0.5420235467255335, 0.6666666666666669, 0.75, 0.8333333333333334, 0.9461682374951462]","[0.02263322911582215, 0.11949355708720408, 0.1890019484736956, 0.22840323767476087, 0.2481989708404803, 0.3005739514348786, 0.3998959958398336, 0.4772351615326822, 0.5640670932042192, 0.6116700201207244]","[0.1542066181241439, 0.12563163172347802, 0.10001900629829402, 0.09145306427405771, 0.07784717625392415, 0.06721675700119936, 0.060885693500501374, 0.05564913062570045, 0.05143497552119858, 0.04969819309088287, 0.04492040293352383, 0.04800073403634791, 0.07303661661674783]",0.3431,1.0555,3.4123,0.3343
openrainer,radar (LINDA-P subset),linda_p,own,90,26,0.6565,0.8533,"[0.00936271944675306, 0.16666666666666666, 0.25, 0.3333333333333333, 0.4166666666666666, 0.5420235467255335, 0.6666666666666669, 0.75, 0.8333333333333334, 0.9461682374951462]","[0.02263322911582215, 0.11949355708720408, 0.1890019484736956, 0.22840323767476087, 0.2481989708404803, 0.3005739514348786, 0.3998959958398336, 0.4772351615326822, 0.5640670932042192, 0.6116700201207244]","[0.1565725745669513, 0.12531049082126872, 0.09869511931367601, 0.0901881623531108, 0.07711969380198058, 0.06776728426212962, 0.06127237336234525, 0.05465949233521867, 0.05049121450246099, 0.04968508529895596, 0.04663096977998571, 0.04857092298516853, 0.07303661661674783]",0.3431,1.0555,3.4123,0.3343
openrainer,radar (LINDA-P subset),linda_p,radar,90,26,0.6565,0.8533,"[0.00936271944675306, 0.16666666666666666, 0.25, 0.3333333333333333, 0.4166666666666666, 0.5420235467255335, 0.6666666666666669, 0.75, 0.8333333333333334, 0.9461682374951462]","[0.02263322911582215, 0.11949355708720408, 0.1890019484736956, 0.22840323767476087, 0.2481989708404803, 0.3005739514348786, 0.3998959958398336, 0.4772351615326822, 0.5640670932042192, 0.6116700201207244]","[0.1547374836971838, 0.12626080573596976, 0.09965198812434052, 0.09052241104724704, 0.07712624769794404, 0.06723641868908974, 0.062360320092278855, 0.054816785838341604, 0.05106795734724507, 0.04922631258151408, 0.04522843604380624, 0.04872821648829147, 0.07303661661674783]",0.3431,1.0555,3.4123,0.3343
openrainer,cml_idw10,steps,own,15,143,0.0484,0.8523,"[4.3157437699805864e-05, 0.16666666666666663, 0.25, 0.3333333333333333, 0.4166666666666667, 0.5448717948717949, 0.6666666666666667, 0.75, 0.8333333333333334, 0.9920087575259988]","[0.0019590549446793643, 0.321285140562249, 0.3494318181818182, 0.3333333333333333, 0.3276595744680851, 0.37590711175616837, 0.3333333333333333, 0.3883248730964467, 0.46123260437375746, 0.6831691297208539]","[0.34375893055599654, 0.04931254564506398, 0.03248340901152637, 0.03127679166798971, 0.026386816117867463, 0.024068840694757565, 0.024640396278538087, 0.023656050550916078, 0.02194138379957451, 0.02273521099926968, 0.022195408503476965, 0.02987965579652621, 0.3476645603784968]",0.4800,0.0551,1.1998,0.5214
openrainer,cml_idw10,steps,radar,15,143,0.7784,0.5234,"[4.3157437699805864e-05, 0.16666666666666663, 0.25, 0.3333333333333333, 0.4166666666666667, 0.5448717948717949, 0.6666666666666667, 0.75, 0.8333333333333334, 0.9920087575259988]","[0.10654562647035927, 0.5401606425702812, 0.5482954545454546, 0.5588235294117647, 0.5319148936170213, 0.5616835994194485, 0.6242937853107344, 0.5913705583756346, 0.6401590457256461, 0.7548440065681445]","[0.022139539501991372, 0.002722277997815558, 0.001740382387661213, 0.0014838759501770722, 0.0011694487042287706, 0.0013101135247845898, 0.0012384020476384858, 0.0011060116282918327, 0.0012990809898390354, 0.001315629792257367, 0.001605233834578171, 0.002518176101322801, 0.9603518275394137]",0.0448,0.7854,3.3277,0.1454
openrainer,cml_idw10,steps,own,30,143,0.0601,0.7446,"[8.83722163148683e-05, 0.16666666666666666, 0.25, 0.33333333333333337, 0.41666666666666663, 0.5420769919427038, 0.6666666666666665, 0.75, 0.8333333333333334, 0.9879888268156425]","[0.0033485411322468988, 0.25645933014354066, 0.2507788161993769, 0.28460038986354774, 0.28066914498141265, 0.288272157564906, 0.2892057026476578, 0.32628398791540786, 0.37589498806682575, 0.45735567970204843]","[0.3214133886818875, 0.057315761834504486, 0.039060741703968595, 0.0334592012803521, 0.030283327915176673, 0.027307509565130412, 0.028357798394558504, 0.024781814999124758, 0.024181649953737276, 0.025482007552076823, 0.025607041936532546, 0.026282227612593464, 0.33646752857035683]",0.2736,0.0699,1.0523,0.3740
openrainer,cml_idw10,steps,radar,30,143,0.7776,0.5198,"[8.83722163148683e-05, 0.16666666666666666, 0.25, 0.33333333333333337, 0.41666666666666663, 0.5420769919427038, 0.6666666666666665, 0.75, 0.8333333333333334, 0.9879888268156425]","[0.10660141646337486, 0.55311004784689, 0.5171339563862928, 0.5165692007797271, 0.4851301115241636, 0.4807520143240824, 0.5254582484725051, 0.5392749244712991, 0.5668257756563246, 0.6146182495344507]","[0.024592903480319103, 0.0038353642500219163, 0.002594349960550539, 0.002394363110370825, 0.002098492153940563, 0.002150543525905146, 0.002040961690190234, 0.0019368589462610678, 0.0018300166564390286, 0.0019971289559042693, 0.002383404926799334, 0.003706605593056895, 0.9484390067502411]",0.0366,0.7869,3.3481,0.1072
openrainer,cml_idw10,steps,own,45,143,0.0685,0.6797,"[0.00022753324327605802, 0.16666666666666674, 0.25, 0.3333333333333333, 0.41666666666666674, 0.5408433955360409, 0.6666666666666667, 0.75, 0.8333333333333331, 0.9860588972431078]","[0.00456691724004088, 0.17684305744007237, 0.20562130177514792, 0.22398414271555997, 0.21271393643031786, 0.23655323819978047, 0.27240566037735847, 0.24311926605504589, 0.28661844484629295, 0.3574953007518797]","[0.2590801910159114, 0.069590029127945, 0.05120177541759962, 0.04341450849069689, 0.04256246656230804, 0.038758000277409, 0.0359244654923019, 0.03356648899280718, 0.030475360136326707, 0.03158499613608893, 0.028295717993936632, 0.030079061564983058, 0.3054669387916857]",0.1810,0.0813,1.1680,0.2082
openrainer,cml_idw10,steps,radar,45,143,0.7930,0.5178,"[0.00022753324327605802, 0.16666666666666674, 0.25, 0.3333333333333333, 0.41666666666666674, 0.5408433955360409, 0.6666666666666667, 0.75, 0.8333333333333331, 0.9860588972431078]","[0.10989377639218319, 0.5255540479421077, 0.5088757396449705, 0.5401387512388504, 0.5073349633251834, 0.4807903402854007, 0.45754716981132076, 0.411697247706422, 0.45479204339963836, 0.5219689849624061]","[0.02551473210335665, 0.006062296057764753, 0.0044079675891044905, 0.0033783693201165804, 0.0032979319553519, 0.0030619823520421706, 0.0028689326766069374, 0.0028769764130834054, 0.002944007550387306, 0.003327425655765616, 0.0038717184906732877, 0.007059719380846791, 0.9313279404549001]",0.0312,0.8050,3.3696,0.0678
openrainer,cml_idw10,steps,own,60,143,0.0741,0.6479,"[0.0003611718795861271, 0.1666666666666666, 0.25, 0.3333333333333333, 0.4166666666666666, 0.5412249705535924, 0.6666666666666665, 0.75, 0.8333333333333334, 0.9831649831649834]","[0.0048287944520928215, 0.1412414518674382, 0.175564681724846, 0.2092511013215859, 0.20837209302325582, 0.24734982332155478, 0.1980728051391863, 0.21318228630278063, 0.18866171003717472, 0.24214750242147504]","[0.22428904508245545, 0.07934103711771813, 0.05539576915876717, 0.05076669106009292, 0.0473459384945285, 0.045286679487397674, 0.044554876699739614, 0.04144046018482275, 0.03650504603550094, 0.036947531441991865, 0.03390118960499668, 0.0336629282322708, 0.2705628073997175]",0.1297,0.0900,1.3490,0.0933
openrainer,cml_idw10,steps,radar,60,143,0.7812,0.5178,"[0.0003611718795861271, 0.1666666666666666, 0.25, 0.3333333333333333, 0.4166666666666666, 0.5412249705535924, 0.6666666666666665, 0.75, 0.8333333333333334, 0.9831649831649834]","[0.10487356504956676, 0.4605470804839558, 0.45071868583162217, 0.4544787077826725, 0.4344186046511628, 0.42453306410903585, 0.38650963597430404, 0.3779608650875386, 0.4079925650557621, 0.47848346478483467]","[0.026126970131158382, 0.008277306293397993, 0.006188691722693707, 0.005127851868180315, 0.004568499944891436, 0.004516146809214152, 0.0044334839634079136, 0.004149674859473162, 0.0043315331202468865, 0.004907417612697013, 0.0066460928028215585, 0.010451339138102061, 0.9102749917337154]",0.0299,0.7953,3.3821,0.0503
openrainer,cml_idw10,steps,own,75,143,0.0754,0.6165,"[0.0005011572395295482, 0.16666666666666669, 0.25, 0.3333333333333333, 0.4166666666666667, 0.5385802469135802, 0.666666666666667, 0.75, 0.8333333333333333, 0.9816454299740743]","[0.004906040245817626, 0.09199423749742745, 0.11317254174397032, 0.13014460511679643, 0.14814814814814814, 0.1469135802469136, 0.17354497354497356, 0.20174482006543076, 0.19767441860465115, 0.1777262948866457]","[0.19302159557379975, 0.0795109762627164, 0.0682075078826819, 0.057781545600571124, 0.05482182164316735, 0.05178773276221072, 0.05104408352668213, 0.046478077220536616, 0.04326551252305313, 0.0403355345350705, 0.03755428639419359, 0.036498304479743, 0.2396930215955738]",0.0955,0.0934,1.4184,0.0631
openrainer,cml_idw10,steps,radar,75,143,0.7583,0.5148,"[0.0005011572395295482, 0.16666666666666669, 0.25, 0.3333333333333333, 0.4166666666666667, 0.5385802469135802, 0.666666666666667, 0.75, 0.8333333333333333, 0.9816454299740743]","[0.10366678440649249, 0.4004939287919325, 0.3821892393320965, 0.36373748609566187, 0.3414814814814815, 0.32839506172839505, 0.346031746031746, 0.35877862595419846, 0.3276955602536998, 0.36074797286116167]","[0.027163388452615404, 0.009679884520675894, 0.008137786335859671, 0.00721471868349188, 0.006516255029623076, 0.006340954347867769, 0.006036917227948407, 0.005664403279218378, 0.005787661571077579, 0.006373823225696889, 0.0077762286797393495, 0.013654279664847009, 0.8896536989813387]",0.0254,0.7740,3.2919,0.0356
openrainer,cml_idw10,steps,own,90,143,0.0707,0.5929,"[0.0006503645395436797, 0.16666666666666663, 0.25, 0.3333333333333333, 0.4166666666666668, 0.5376626101552664, 0.6666666666666667, 0.75, 0.8333333333333331, 0.9824405934094785]","[0.005067788197800476, 0.062349759615384616, 0.0891089108910891, 0.1085383502170767, 0.12372535690006799, 0.10574905581200168, 0.1668584579976985, 0.1926006528835691, 0.18860103626943006, 0.12032296179598267]","[0.17476695084057048, 0.08142777467930842, 0.06917111518338512, 0.0636204286511035, 0.06103099354633097, 0.057565134252250814, 0.0542719039651555, 0.05241282235147266, 0.04804398055931798, 0.04410007170743367, 0.038230685469949274, 0.03363609805327597, 0.22172204074044566]",0.0668,0.0916,1.2005,0.0496
openrainer,cml_idw10,steps,radar,90,143,0.7418,0.5125,"[0.0006503645395436797, 0.16666666666666663, 0.25, 0.3333333333333333, 0.4166666666666668, 0.5376626101552664, 0.6666666666666667, 0.75, 0.8333333333333331, 0.9824405934094785]","[0.102782832988418, 0.33939302884615385, 0.35373537353735374, 0.3125904486251809, 0.29979605710401086, 0.24506924045321024, 0.2669735327963176, 0.2600652883569097, 0.24455958549222798, 0.27806222922410395]","[0.027578409069340542, 0.011407174019734113, 0.00948744993939854, 0.008725525551581738, 0.008454378082607787, 0.007554168485614271, 0.007499938991819481, 0.007095929263048294, 0.006982047326079235, 0.007879545448383011, 0.009430508970914011, 0.016575244778377615, 0.8713296800731014]",0.0226,0.7595,3.2484,0.0267
openrainer,cml_idw20,steps,own,15,143,0.0960,0.8683,"[0.00012888123864617665, 0.16666666666666669, 0.25, 0.33333333333333326, 0.4166666666666668, 0.5428571428571429, 0.6666666666666666, 0.75, 0.8333333333333334, 0.9911901448891243]","[0.004567040867506717, 0.2948548812664908, 0.31836091410559497, 0.3278969957081545, 0.36239782016348776, 0.4004264392324094, 0.44623655913978494, 0.4419551934826884, 0.49091801669121254, 0.7368142062019613]","[0.30492091388400705, 0.056861452841241944, 0.03970171841437219, 0.0355033196641281, 0.031329330208943566, 0.02923013083382152, 0.029242335481351297, 0.028912809998047257, 0.02686242921304433, 0.026423061901972272, 0.029010447178285492, 0.03593048232767038, 0.3260715680531146]",0.5241,0.1124,1.3745,0.6134
openrainer,cml_idw20,steps,radar,15,143,0.7677,0.5551,"[0.00012888123864617665, 0.16666666666666669, 0.25, 0.33333333333333326, 0.4166666666666668, 0.5428571428571429, 0.6666666666666666, 0.75, 0.8333333333333334, 0.9911901448891243]","[0.10030498283027532, 0.4188654353562005, 0.43420015760441294, 0.41030042918454934, 0.4732061762034514, 0.49168443496801706, 0.5775729646697388, 0.5906313645621182, 0.6293568973981345, 0.703551550490326]","[0.06159956183637129, 0.00854895340807163, 0.0059136214382668195, 0.005101325339140236, 0.004500702490600385, 0.003966227532868887, 0.0037968889323995014, 0.0037254492103264794, 0.0037624920291791574, 0.003947706123442548, 0.0045694962970410724, 0.007112221219714188, 0.8834553541425778]",0.1038,0.7865,3.2783,0.2257
openrainer,cml_idw20,steps,own,30,143,0.1243,0.7618,"[0.00027098828030143506, 0.16666666666666674, 0.25, 0.3333333333333333, 0.41666666666666663, 0.5423628229708756, 0.6666666666666667, 0.75, 0.8333333333333331, 0.9867520722488459]","[0.007965554880572342, 0.25289372150122763, 0.2341153470185728, 0.21934369602763384, 0.2306791569086651, 0.259928786633799, 0.3135593220338983, 0.38495575221238937, 0.37945945945945947, 0.5039432474246255]","[0.30470085470085473, 0.06470880540647983, 0.04348042138739813, 0.035370701649771415, 0.032597893063009344, 0.02985489962234148, 0.028503279666070365, 0.027231166766050488, 0.025233551977738026, 0.025154044921486783, 0.025462134764460347, 0.0285728483402902, 0.3291293977340489]",0.3006,0.1494,1.2779,0.4619
openrainer,cml_idw20,steps,radar,30,143,0.7704,0.5499,"[0.00027098828030143506, 0.16666666666666674, 0.25, 0.3333333333333333, 0.41666666666666663, 0.5423628229708756, 0.6666666666666667, 0.75, 0.8333333333333331, 0.9867520722488459]","[0.10070356915525716, 0.47176429323044544, 0.43255131964809385, 0.44271732872769143, 0.4350117096018735, 0.45302656806354424, 0.4692796610169492, 0.5314159292035399, 0.5192792792792793, 0.6243160635447719]","[0.061636471087483435, 0.011736313058600858, 0.0080784781323954, 0.006964205286547759, 0.006162345388134036, 0.005977501060902301, 0.005813484263499494, 0.005219899663375049, 0.005258951281804289, 0.005605208965210215, 0.006516413395225809, 0.00953119833796312, 0.8614995300788583]",0.0904,0.7945,3.3123,0.1850
openrainer,cml_idw20,steps,own,45,143,0.1481,0.7064,"[0.0004958621383750876, 0.16666666666666669, 0.25, 0.3333333333333333, 0.4166666666666668, 0.5427329869796677, 0.6666666666666666, 0.75, 0.8333333333333335, 0.9826936416184969]","[0.010810518146871447, 0.19043849928763654, 0.1852522639068564, 0.22981956315289648, 0.2645985401459854, 0.2738118145083702, 0.25453857791225415, 0.2643596146985373, 0.3723849372384937, 0.418728323699422]","[0.24592017302398742, 0.075050793026609, 0.05481550661947831, 0.046279001179709005, 0.04127343033162931, 0.03838150478437541, 0.03679217459693276, 0.03403952025167126, 0.030049809935771398, 0.028648905492200814, 0.027674007078254032, 0.03020546598505702, 0.3108697076943243]",0.2201,0.1814,1.5062,0.2796
openrainer,cml_idw20,steps,radar,45,143,0.7889,0.5472,"[0.0004958621383750876, 0.16666666666666669, 0.25, 0.3333333333333333, 0.4166666666666668, 0.5427329869796677, 0.6666666666666666, 0.75, 0.8333333333333335, 0.9826936416184969]","[0.10395813344792752, 0.4318505619756213, 0.4201811125485123, 0.4371636593858816, 0.46277372262773725, 0.4521839522801616, 0.44213313161875945, 0.4602211915804495, 0.5334728033472803, 0.559121387283237]","[0.05761415252211331, 0.016880355322923615, 0.012136844621714458, 0.010559029656378576, 0.009310869811391976, 0.008349585414648263, 0.007899140631880922, 0.007637429696641796, 0.007662594209645558, 0.008102973187211395, 0.009225310467179185, 0.013173622557469457, 0.8314480919008015]",0.0803,0.8192,3.3448,0.1415
openrainer,cml_idw20,steps,own,60,143,0.1609,0.6656,"[0.0008145533977179399, 0.16666666666666663, 0.25, 0.3333333333333333, 0.41666666666666674, 0.5393439172529919, 0.6666666666666666, 0.75, 0.8333333333333334, 0.9785735823622268]","[0.011712665265235163, 0.1673075027112294, 0.17526990553306343, 0.18710652228657768, 0.19745014710689768, 0.2058452101749955, 0.21950286806883365, 0.2586694975230007, 0.30499712808730617, 0.28031713936040015]","[0.2235444996919197, 0.07909782624270996, 0.059810566437875246, 0.05104102483270523, 0.046212045223322396, 0.043711579520541076, 0.04217117801309699, 0.03930531474343359, 0.03500651983893848, 0.03381002192385401, 0.03191855216587616, 0.03292876896843252, 0.2814421023972946]",0.1534,0.2003,1.7072,0.1726
openrainer,cml_idw20,steps,radar,60,143,0.7820,0.5462,"[0.0008145533977179399, 0.16666666666666663, 0.25, 0.3333333333333333, 0.41666666666666674, 0.5393439172529919, 0.6666666666666666, 0.75, 0.8333333333333334, 0.9785735823622268]","[0.09931097922323742, 0.39288179039731835, 0.4227395411605938, 0.41198690506169733, 0.42105263157894735, 0.3987010644055566, 0.40344168260038243, 0.42604387827317763, 0.46094198736358416, 0.4866173575267387]","[0.05940719751788716, 0.020017366665143276, 0.015363405085081425, 0.013469321430566346, 0.012385174352177689, 0.011006504882470331, 0.010877016589735387, 0.010541870420303764, 0.01064850783785019, 0.011026816771526794, 0.012953907245758624, 0.018862127975057, 0.7934407832264421]",0.0751,0.8178,3.3741,0.1096
openrainer,cml_idw20,steps,own,75,143,0.1662,0.6308,"[0.00106741719425253, 0.16666666666666666, 0.25, 0.3333333333333333, 0.4166666666666665, 0.5404577945968675, 0.6666666666666666, 0.75, 0.8333333333333335, 0.9776323480293919]","[0.01238251772747873, 0.09909984309191511, 0.11907371882707592, 0.13757366388945336, 0.13051668460710442, 0.15152948596657206, 0.20502235982112144, 0.22958850424559113, 0.2506635210852256, 0.2250751503006012]","[0.19881519000229073, 0.08067779785690651, 0.06509455572806638, 0.05703886584031154, 0.05292830054213648, 0.048995902160910175, 0.047538751304436355, 0.043561811193972864, 0.03912036447860724, 0.03773320776807758, 0.034258952887576674, 0.031815520883707905, 0.26242077935299957]",0.1169,0.2112,1.8637,0.1207
openrainer,cml_idw20,steps,radar,75,143,0.7614,0.5413,"[0.00106741719425253, 0.16666666666666666, 0.25, 0.3333333333333333, 0.4166666666666665, 0.5404577945968675, 0.6666666666666666, 0.75, 0.8333333333333335, 0.9776323480293919]","[0.098503034896861, 0.35948468081592205, 0.36941627843244723, 0.4167852062588905, 0.36598493003229277, 0.33096814884894354, 0.3570691434468524, 0.3765512736773351, 0.3842524329106458, 0.40981963927855714]","[0.059586988340485696, 0.02220883574124043, 0.01892555235828861, 0.016906793583782224, 0.01507223721286828, 0.013972001234653949, 0.013553811994065695, 0.013093305985084585, 0.013145579640158115, 0.01368325152091444, 0.015901148029034282, 0.023861678930232093, 0.7600888154291916]",0.0676,0.8004,3.2889,0.0943
openrainer,cml_idw20,steps,own,90,143,0.1541,0.6084,"[0.0013861361308994135, 0.16666666666666663, 0.25, 0.3333333333333333, 0.41666666666666674, 0.5383466135458167, 0.6666666666666665, 0.75, 0.833333333333333, 0.9764527397434918]","[0.012363744707480227, 0.08235073928504585, 0.08365190015740949, 0.0870531896699162, 0.10478974589610973, 0.11013090495162209, 0.16051532033426183, 0.1976259223612448, 0.20415824429685245, 0.18021877151380708]","[0.17761206971299748, 0.08353420619093037, 0.07027370733258187, 0.06355675019509234, 0.059678025376455966, 0.05499002861354375, 0.051226914072661056, 0.048562097170438454, 0.0441111014769213, 0.03987398479724848, 0.03475823000664759, 0.031521142229544205, 0.24030174282493713]",0.0848,0.2064,1.5034,0.1028
openrainer,cml_idw20,steps,radar,90,143,0.7450,0.5389,"[0.0013861361308994135, 0.16666666666666663, 0.25, 0.3333333333333333, 0.41666666666666674, 0.5383466135458167, 0.6666666666666665, 0.75, 0.833333333333333, 0.9764527397434918]","[0.09753083836303322, 0.32553496787073427, 0.3565324938160558, 0.3766033863519754, 0.3595682482572521, 0.29453614114968696, 0.2865598885793872, 0.3034969521976259, 0.32024256425064973, 0.3619674137535378]","[0.05831273063854145, 0.025341923540659367, 0.02113775590982718, 0.0189114469790157, 0.018149045780608702, 0.01660962866433643, 0.015571983582798475, 0.015596341448562277, 0.016100549269872973, 0.01757420014858298, 0.020044087737032482, 0.029699545725803505, 0.7269507605743585]",0.0630,0.7882,3.2478,0.0793
openrainer,cml_idw40,steps,own,15,143,0.1813,0.8742,"[0.00042192467681620194, 0.1666666666666667, 0.25, 0.33333333333333337, 0.41666666666666674, 0.5427028645113753, 0.6666666666666665, 0.75, 0.8333333333333331, 0.9866731217198503]","[0.009310354486757518, 0.2330327479829141, 0.2843920908708456, 0.31534569983136596, 0.34, 0.376347057198121, 0.4582079184996527, 0.5045402951191827, 0.5613704227565613, 0.7316830849541129]","[0.26976896557103414, 0.06238917575360488, 0.05045525690425305, 0.044012500714995136, 0.037236946788761834, 0.03436656630734911, 0.03370617079803857, 0.03311337482905116, 0.0319485827496373, 0.03126738738176581, 0.029972596186345932, 0.03801174152015766, 0.30375073449500545]",0.5104,0.2204,1.9014,0.6254
openrainer,cml_idw40,steps,radar,15,143,0.7665,0.6026,"[0.00042192467681620194, 0.1666666666666667, 0.25, 0.33333333333333337, 0.41666666666666674, 0.5427028645113753, 0.6666666666666665, 0.75, 0.8333333333333331, 0.9866731217198503]","[0.09000276114311324, 0.3385540262616675, 0.3256205300799327, 0.3717176583955673, 0.3972222222222222, 0.42359767891682787, 0.468626996990044, 0.5508891411275066, 0.5586987270155587, 0.5952176475540961]","[0.1430462605521764, 0.022623204268386377, 0.01576768782342081, 0.01291437459960238, 0.011257230796871048, 0.010491304131985239, 0.009434609010985374, 0.009117836871804206, 0.009200575863381378, 0.009879035594314177, 0.010751340962656347, 0.01372994465943449, 0.7217865948649818]",0.1779,0.8116,3.2951,0.2653
openrainer,cml_idw40,steps,own,30,143,0.2271,0.7818,"[0.0007481727344278816, 0.16666666666666669, 0.25, 0.33333333333333337, 0.4166666666666667, 0.5400161251064863, 0.6666666666666667, 0.75, 0.8333333333333333, 0.9818031880222016]","[0.015929562859006867, 0.2163265306122449, 0.23393939393939395, 0.26167299125556837, 0.29505582137161085, 0.34839357429718876, 0.34559499724112563, 0.3635645441617949, 0.4079338415815997, 0.5305469413554033]","[0.273303470762105, 0.07047740935664877, 0.05080990253309478, 0.04035364945868648, 0.03505587260957953, 0.032635524270957124, 0.03124687117739499, 0.029679739159581924, 0.02715926849759924, 0.02637570248869271, 0.026136279541526822, 0.031046626530674432, 0.32571968361345816]",0.3237,0.2833,1.5946,0.5249
openrainer,cml_idw40,steps,radar,30,143,0.7703,0.6030,"[0.0007481727344278816, 0.16666666666666669, 0.25, 0.33333333333333337, 0.4166666666666667, 0.5400161251064863, 0.6666666666666667, 0.75, 0.8333333333333333, 0.9818031880222016]","[0.08925686694282874, 0.3557465091299678, 0.3705050505050505, 0.3867348622339548, 0.4026227184121921, 0.4434100036509675, 0.4759977929004966, 0.4910728393111076, 0.5277167592712236, 0.5610840065577656]","[0.13097859412453314, 0.02890118364085698, 0.020402475054350857, 0.017603638255569803, 0.015601482802831818, 0.014368136462456101, 0.01368062136499619, 0.013072077596298567, 0.01238223981269859, 0.012707415872308007, 0.014254324841592805, 0.020047104074920562, 0.6860007060965866]",0.1707,0.8257,3.3494,0.2287
openrainer,cml_idw40,steps,own,45,143,0.2766,0.7269,"[0.0011172699690024993, 0.1666666666666666, 0.25, 0.3333333333333333, 0.41666666666666663, 0.5403665366536653, 0.6666666666666665, 0.75, 0.8333333333333334, 0.9764334187662197]","[0.021749834695628932, 0.2081997407735862, 0.24830332096642838, 0.2509544127554458, 0.251516750197837, 0.2791779177917792, 0.31207903008531657, 0.3655545298694448, 0.4212546611098925, 0.4307751825523478]","[0.22514349817705898, 0.0760138356548565, 0.058898756660746, 0.05028325698794055, 0.044894830326259696, 0.040175750210339346, 0.03579695241656539, 0.032390389828924, 0.028983827241282602, 0.028415443582312797, 0.026695335140693652, 0.029305412732541836, 0.3230027110404786]",0.2427,0.3503,1.9510,0.2964
openrainer,cml_idw40,steps,radar,45,143,0.7900,0.5999,"[0.0011172699690024993, 0.1666666666666666, 0.25, 0.3333333333333333, 0.41666666666666663, 0.5403665366536653, 0.6666666666666665, 0.75, 0.8333333333333334, 0.9764334187662197]","[0.09272989031292939, 0.337130772904018, 0.38096099900461494, 0.421850437907029, 0.4278554471115801, 0.45724572457245727, 0.47986828319113906, 0.4910985098246077, 0.5002193463478833, 0.505464480874317]","[0.1159583063277428, 0.035942591293693565, 0.02716836394953432, 0.023588088536903695, 0.021155365751880033, 0.019350800401310472, 0.01782812902309311, 0.0167693618985892, 0.015632907458870117, 0.016676137120330992, 0.018043433868118013, 0.025361578961387184, 0.6465249354085465]",0.1585,0.8558,3.3612,0.2000
openrainer,cml_idw40,steps,own,60,143,0.3175,0.6696,"[0.001550735120994809, 0.16666666666666666, 0.25, 0.33333333333333337, 0.4166666666666668, 0.5412397026321077, 0.6666666666666666, 0.75, 0.8333333333333331, 0.974950233829566]","[0.02491380671125102, 0.16970520691756105, 0.17663451232583066, 0.19549729267597607, 0.22049374365911398, 0.2563793449869399, 0.2710980339708439, 0.2816866879137043, 0.2926570957872441, 0.2572506214818413]","[0.22357190094538426, 0.08046559918311123, 0.061441411189046016, 0.05197043575396023, 0.0462583821901802, 0.04139953878679683, 0.03770914785206912, 0.03458413714411028, 0.03167842543320118, 0.03041745620016516, 0.031236400892272795, 0.03459441678459699, 0.2946727476451057]",0.1607,0.4053,2.3775,0.1640
openrainer,cml_idw40,steps,radar,60,143,0.7801,0.6000,"[0.001550735120994809, 0.16666666666666666, 0.25, 0.33333333333333337, 0.4166666666666668, 0.5412397026321077, 0.6666666666666666, 0.75, 0.8333333333333331, 0.974950233829566]","[0.0880083038935928, 0.3161175422974176, 0.3546981064665952, 0.3921345112567683, 0.4120166835756961, 0.4493336012323354, 0.43279390129731177, 0.4252267712674675, 0.4200988467874794, 0.46243963768323]","[0.11536496971760757, 0.03972864146045378, 0.03227910658650327, 0.027790369336838823, 0.025092704585808957, 0.023297209685943177, 0.021884252492575893, 0.02082508739770433, 0.02009096879332571, 0.020632712944147282, 0.023626678577667315, 0.031306178315640046, 0.5980811201057838]",0.1531,0.8548,3.3726,0.1838
openrainer,cml_idw40,steps,own,75,143,0.3301,0.6386,"[0.002039151050851346, 0.16666666666666663, 0.25, 0.3333333333333333, 0.41666666666666663, 0.5419569569569571, 0.6666666666666664, 0.75, 0.8333333333333337, 0.9741629903218083]","[0.02542973140130287, 0.10902045381911153, 0.13340252762683924, 0.1460770084521472, 0.19157850633706924, 0.19705705705705706, 0.19615963855421686, 0.20435588507877664, 0.22090154743215967, 0.21668205601723609]","[0.20124733847658646, 0.08572857336054876, 0.06813499938670953, 0.057860025097733345, 0.05164220319099753, 0.04667926795132675, 0.04252461810873798, 0.03994879810792026, 0.036879200646628314, 0.0341618520743371, 0.03143506826394764, 0.03174957620055542, 0.27200847913397097]",0.1258,0.4286,2.6904,0.1108
openrainer,cml_idw40,steps,radar,75,143,0.7594,0.5929,"[0.002039151050851346, 0.16666666666666663, 0.25, 0.3333333333333333, 0.41666666666666663, 0.5419569569569571, 0.6666666666666664, 0.75, 0.8333333333333337, 0.9741629903218083]","[0.08741104923885583, 0.2943831895174177, 0.3267598754502717, 0.35712456245197644, 0.4066198805907615, 0.3945345345345345, 0.37361947791164657, 0.3604031510658017, 0.4043507512895268, 0.4083307684415718]","[0.10911958334049539, 0.045320745311721124, 0.03716245251559895, 0.03276423672585386, 0.030138628667686542, 0.02729171322000103, 0.02529135225260842, 0.023987142685253624, 0.024055898379084516, 0.024429757464290013, 0.02673951905392165, 0.03505895800745999, 0.5586400123760249]",0.1403,0.8422,3.2895,0.1680
openrainer,cml_idw40,steps,own,90,143,0.2864,0.6104,"[0.002454952891034226, 0.16666666666666669, 0.25, 0.3333333333333333, 0.4166666666666665, 0.5395241614753808, 0.6666666666666666, 0.75, 0.8333333333333333, 0.9745429785535019]","[0.025806608320075253, 0.08836833602584815, 0.100493429087889, 0.10450475657526581, 0.12063659544535303, 0.1430683138000211, 0.13871084774458822, 0.16113858400675432, 0.19559471365638767, 0.17667693360711842]","[0.18504470493559058, 0.08758439498926017, 0.07398947910317935, 0.06453960721196235, 0.05747735166896454, 0.051193216447629246, 0.046562956738877025, 0.04276703136742072, 0.039985916909767626, 0.03506571122564306, 0.03175796020047693, 0.031009426202832004, 0.25302224299839643]",0.0942,0.3997,1.9249,0.1145
openrainer,cml_idw40,steps,radar,90,143,0.7465,0.5870,"[0.002454952891034226, 0.16666666666666669, 0.25, 0.3333333333333333, 0.4166666666666665, 0.5395241614753808, 0.6666666666666666, 0.75, 0.8333333333333333, 0.9745429785535019]","[0.08669680050610717, 0.2759612277867528, 0.32595632419756704, 0.33379966424174595, 0.33368504352413614, 0.32863477985429207, 0.2944733341395574, 0.30080810517428536, 0.3502831969792322, 0.3768822724161533]","[0.10394056483447206, 0.04876597716697666, 0.040574645699864104, 0.03665224207430231, 0.033913448270823286, 0.03121014188705398, 0.02968000784898224, 0.027876411929618008, 0.027005926399091523, 0.02744638790254737, 0.02975307018367871, 0.03894222439321731, 0.5242389514093725]",0.1278,0.8401,3.2675,0.1333
openrainer,merged,steps,own,15,143,0.5151,0.8764,"[0.0019305325674682868, 0.1666666666666667, 0.25, 0.3333333333333335, 0.4166666666666666, 0.5423291594756358, 0.6666666666666662, 0.75, 0.8333333333333331, 0.9781954723484746]","[0.02495988170353629, 0.2391164658634538, 0.28198764615045224, 0.33160757585687134, 0.3817421295956557, 0.5001652407006205, 0.6119828815977175, 0.6728405647973476, 0.7265247548433389, 0.840334487489384]","[0.1405229095701499, 0.07648228977956988, 0.06272890462488045, 0.05763283956380823, 0.054526037029615844, 0.052245511765155475, 0.051297358598137985, 0.04989681862594222, 0.047560519645774936, 0.04904368734494391, 0.050417373305873384, 0.058258744595630234, 0.24938700555051757]",0.5466,0.6460,2.7221,0.6458
openrainer,merged,steps,radar,15,143,0.4669,0.8641,"[0.0019305325674682868, 0.1666666666666667, 0.25, 0.3333333333333335, 0.4166666666666666, 0.5423291594756358, 0.6666666666666662, 0.75, 0.8333333333333331, 0.9781954723484746]","[0.030867423383155637, 0.34718875502008034, 0.3978049856607103, 0.45068484173274787, 0.4974682615395905, 0.5746337164469577, 0.6329918298534561, 0.6874749899959984, 0.73915331260464, 0.8489579930750637]","[0.11320526389196552, 0.06615143534585313, 0.05572784628385308, 0.050954982893991974, 0.04911311296528752, 0.04815320747905847, 0.04783323898364879, 0.04798091675076095, 0.04909055108420094, 0.052497395128274546, 0.05792455306964647, 0.07284821186836989, 0.2885192842550887]",0.5406,0.5857,2.3420,0.6977
openrainer,merged,steps,own,30,143,0.5132,0.8264,"[0.00381088569130396, 0.16666666666666669, 0.25, 0.3333333333333335, 0.4166666666666667, 0.5413832964502256, 0.6666666666666663, 0.75, 0.8333333333333336, 0.9717215597719827]","[0.03186582059761075, 0.22042761940022215, 0.28222574017312807, 0.3237533881168524, 0.37006856802146476, 0.41841636530469045, 0.5042112925028596, 0.5538155605269699, 0.5916005599626691, 0.7080797510533418]","[0.14281829080575453, 0.08993694867088982, 0.07273659049197798, 0.06446850393700787, 0.06123268308566692, 0.05751028654312948, 0.05534382215380972, 0.05379714048901782, 0.052028447102006985, 0.05428371618021432, 0.0549941536913149, 0.06116052927594577, 0.17968888757326387]",0.4024,0.6880,2.6383,0.5273
openrainer,merged,steps,radar,30,143,0.5710,0.8388,"[0.00381088569130396, 0.16666666666666669, 0.25, 0.3333333333333335, 0.4166666666666667, 0.5413832964502256, 0.6666666666666663, 0.75, 0.8333333333333336, 0.9717215597719827]","[0.035035004617630414, 0.2888282117734173, 0.3675772171511334, 0.42133115346555955, 0.4809202027228461, 0.5389971393101959, 0.6152646355412291, 0.656972408650261, 0.6905739617358843, 0.7684851155233663]","[0.11082735815080379, 0.07142935096967118, 0.061214244398607426, 0.05705799110179819, 0.05522996722289523, 0.05402219821235635, 0.052965400328134835, 0.05350380338102566, 0.054262296871077934, 0.057727357059446247, 0.06281308319418524, 0.07869597325446456, 0.23025097585553336]",0.4532,0.7278,2.8071,0.5343
openrainer,merged,steps,own,45,143,0.5786,0.7949,"[0.005533196741304453, 0.1666666666666667, 0.25, 0.3333333333333333, 0.4166666666666668, 0.5405752030794486, 0.6666666666666669, 0.75, 0.8333333333333335, 0.9678392557254748]","[0.03632881349461373, 0.20071857482659392, 0.2526948348025347, 0.30614775167074904, 0.3646584563038574, 0.4277829667996943, 0.4783762019800104, 0.516331464430842, 0.5415520088057237, 0.5996923625663204]","[0.12524797462889894, 0.08721148015447076, 0.075881496263373, 0.07061880693337902, 0.06618591924047953, 0.06300613280521666, 0.059571022789309334, 0.05788118382793878, 0.05629381025090581, 0.05627869240731502, 0.055737809558844525, 0.0621242585957539, 0.1639614125441147]",0.3329,0.7946,2.8719,0.3969
openrainer,merged,steps,radar,45,143,0.6381,0.8088,"[0.005533196741304453, 0.1666666666666667, 0.25, 0.3333333333333333, 0.4166666666666668, 0.5405752030794486, 0.6666666666666669, 0.75, 0.8333333333333335, 0.9678392557254748]","[0.04187224403311296, 0.2661887256940402, 0.3304650782145112, 0.3957180440896308, 0.4629978919338733, 0.5361085166001528, 0.5848136042821278, 0.6234247209505683, 0.6439185470555862, 0.6937224129475233]","[0.09731123376538446, 0.07165465555802608, 0.06448722811514969, 0.06245013537020809, 0.06091168892318558, 0.059703493466916044, 0.05904789620309455, 0.05845442536327609, 0.05861137632917849, 0.06148227108047661, 0.06488451024759015, 0.07823515178466328, 0.20276593379285088]",0.3888,0.8257,3.0122,0.4271
openrainer,merged,steps,own,60,143,0.6055,0.7913,"[0.007287919043798706, 0.16666666666666674, 0.25, 0.3333333333333331, 0.41666666666666663, 0.5386971161791441, 0.6666666666666665, 0.75, 0.8333333333333333, 0.9650433455042381]","[0.033181733082175716, 0.18647910479422997, 0.24942813755454318, 0.29577714242339903, 0.3368373532826003, 0.39152619401751776, 0.44699481865284973, 0.47764576188143065, 0.4970454391088773, 0.5318365255268721]","[0.11425290175833733, 0.0888869066865878, 0.08043369878418437, 0.07569499640814324, 0.0712509696420408, 0.06803343054973726, 0.06488756930849988, 0.062276902688556554, 0.05900998552107409, 0.05802879538203498, 0.05773252693096149, 0.06299208835808343, 0.13651922798175878]",0.3014,0.8514,3.0896,0.3108
openrainer,merged,steps,radar,60,143,0.6618,0.7999,"[0.007287919043798706, 0.16666666666666674, 0.25, 0.3333333333333331, 0.41666666666666663, 0.5386971161791441, 0.6666666666666665, 0.75, 0.8333333333333333, 0.9650433455042381]","[0.04055965703062217, 0.23283039881204923, 0.31480306787382506, 0.38375123345899853, 0.42970463046562624, 0.4845893240786647, 0.5421761658031088, 0.57624938755512, 0.6113563811723154, 0.649990391390686]","[0.09381931361087134, 0.07518687847007056, 0.07062437466538257, 0.06614928112859143, 0.06481003095260023, 0.06328815575261021, 0.06201446327754165, 0.061856812615799096, 0.06186149530872214, 0.06280115568861341, 0.06798177495914351, 0.07858026994163804, 0.17102599362841583]",0.3519,0.8781,3.1329,0.3547
openrainer,merged,steps,own,75,143,0.6952,0.7505,"[0.008816327241677366, 0.16666666666666666, 0.25, 0.3333333333333335, 0.41666666666666646, 0.5368955153433425, 0.6666666666666666, 0.75, 0.8333333333333331, 0.9635152136433532]","[0.04382885133887086, 0.19048056602039878, 0.23765701618862095, 0.2878060153882024, 0.3279908068223055, 0.38602336380484353, 0.4287541422010348, 0.46366586708057006, 0.5005199306759098, 0.45883230045198264]","[0.10331777281443746, 0.08360215334138925, 0.07838418936053866, 0.07424349207247934, 0.07032033411657426, 0.06659534555228916, 0.0636406846230982, 0.06203893954045561, 0.059403137632367466, 0.05764941301630204, 0.05786397235760486, 0.06622135670043493, 0.15671920887202875]",0.2645,0.9593,3.3914,0.2638
openrainer,merged,steps,radar,75,143,0.6663,0.7790,"[0.008816327241677366, 0.16666666666666666, 0.25, 0.3333333333333335, 0.41666666666666646, 0.5368955153433425, 0.6666666666666666, 0.75, 0.8333333333333331, 0.9635152136433532]","[0.04349880510376052, 0.2260980428190756, 0.29023644790757036, 0.3504546514339007, 0.40183863553888954, 0.46423588697082646, 0.5090983082378931, 0.5401439254973895, 0.5691507798960138, 0.5633008713480266]","[0.08962243622355186, 0.07589093435741824, 0.07233124884632873, 0.06954442928726752, 0.06682364099401067, 0.06530342116992396, 0.06325194979822946, 0.06345754714857485, 0.06382822266343113, 0.06447352821561009, 0.06931632127812519, 0.07941010068267325, 0.15674621933485505]",0.3123,0.9032,3.1117,0.3035
openrainer,merged,steps,own,90,143,0.6247,0.7275,"[0.010231696625283343, 0.16666666666666657, 0.25, 0.3333333333333332, 0.4166666666666666, 0.5350648385538588, 0.6666666666666667, 0.75, 0.8333333333333333, 0.9645943822431741]","[0.046776931335183694, 0.18581571728255608, 0.24433595816392847, 0.2835412026726058, 0.3188141668185408, 0.3480102552669713, 0.36002819880155096, 0.38310185185185186, 0.4015520037062775, 0.3754337720159759]","[0.10053614574698859, 0.08549378905721827, 0.08149768081691681, 0.07811737594281112, 0.07405366160502755, 0.06982681081462408, 0.06685949101426783, 0.064045019782132, 0.06165676090368777, 0.0598666690181831, 0.06064413913922741, 0.06586156622752097, 0.1315408899313945]",0.2348,0.8989,3.0103,0.2219
openrainer,merged,steps,radar,90,143,0.6751,0.7549,"[0.010231696625283343, 0.16666666666666657, 0.25, 0.3333333333333332, 0.4166666666666666, 0.5350648385538588, 0.6666666666666667, 0.75, 0.8333333333333333, 0.9645943822431741]","[0.04700481972589796, 0.2191584637727933, 0.2879555038314466, 0.333184855233853, 0.3803231881416682, 0.42728792776725005, 0.45096933380331333, 0.46768162393162394, 0.48054204308547604, 0.4669678517645518]","[0.08786014273546947, 0.07591999765044495, 0.07345737026050692, 0.07062321947781139, 0.06817968222267907, 0.06640576815765514, 0.06464360186789626, 0.06369937443096714, 0.06365825721753943, 0.06549384710270492, 0.07058503920819995, 0.0812299920702517, 0.14824370759787364]",0.2739,0.9266,3.1198,0.2517
openrainer,radar,steps,gauges,15,143,0.5809,0.9558,"[0.0014067465523776208, 0.16666666666666666, 0.25, NaN, 0.41666666666666674, 0.5428921568627452, 0.6666666666666666, 0.75, 0.8333333333333333, 0.9860855061013075]","[0.002682293944429867, 0.04411764705882353, 0.02666666666666667, NaN, 0.0, 0.06372549019607843, 0.10714285714285714, 0.15492957746478872, 0.2631578947368421, 0.5559652357124045]","[0.36702677313292625, 0.08539220291216533, 0.05627054955378112, 0.04387036167214655, 0.038327853452325034, 0.03579145138562705, 0.03147017379051198, 0.03597933302019728, 0.03673085955847816, 0.04358853922029122, 0.05993424142790042, 0.10530765617660874, 0.06031000469704086]",0.4086,0.8072,3.3062,0.5505
openrainer,radar (LINDA-P subset),steps,gauges,15,26,0.4522,0.9269,"[0.0009976160862354892, NaN, 0.25, NaN, NaN, 0.5416666666666667, 0.6666666666666665, 0.75, 0.8333333333333335, 0.9855263157894735]","[0.004508706467661692, NaN, 0.0, NaN, NaN, 0.05, 0.1111111111111111, 0.14285714285714285, 0.23076923076923078, 0.4368421052631579]","[0.3985419198055893, 0.08748481166464156, 0.056500607533414335, 0.041312272174969626, 0.040097205346294046, 0.028554070473876064, 0.027946537059538274, 0.03219927095990279, 0.027946537059538274, 0.03948967193195626, 0.0583232077764277, 0.09416767922235723, 0.06743620899149454]",0.3230,0.6292,2.6431,0.5930
openrainer,radar,steps,gauges,30,143,0.6164,0.9306,"[0.0029077886840635204, 0.16666666666666666, 0.25, 0.33333333333333337, 0.41666666666666674, 0.5437636761487966, 0.6666666666666666, 0.75, 0.8333333333333333, 0.9788467820973541]","[0.005027531721331099, 0.05945945945945946, 0.046948356807511735, 0.1322314049586777, 0.06329113924050633, 0.16849015317286653, 0.22448979591836735, 0.41040462427745666, 0.42657342657342656, 0.5227049983665468]","[0.22186572551536055, 0.08157535894762172, 0.06168284270474052, 0.050693831715729526, 0.04435710275126333, 0.04050693831715729, 0.043795620437956206, 0.047645784872062245, 0.051094890510948905, 0.0653725836207588, 0.0866286997673859, 0.14758963664073152, 0.057190984198283466]",0.3544,0.8991,3.4259,0.4351
openrainer,radar (LINDA-P subset),steps,gauges,30,26,0.4953,0.9074,"[0.0024288505200908183, 0.16666666666666666, 0.25, 0.33333333333333326, 0.4166666666666667, 0.5367231638418078, 0.6666666666666666, 0.75, 0.8333333333333336, 0.9758184523809523]","[0.006177728496752732, 0.058823529411764705, 0.03225806451612903, 0.0, 0.2, 0.1864406779661017, 0.11764705882352941, 0.14285714285714285, 0.325, 0.41964285714285715]","[0.24038954382368016, 0.07790876473603281, 0.05433111225012814, 0.05176832393644285, 0.04561763198359815, 0.03434136340338288, 0.03587903639159405, 0.041517170681701694, 0.04561763198359815, 0.06817016914402871, 0.08867247565351102, 0.1435161455663762, 0.07227063044592516]",0.2952,0.7253,2.8401,0.4649
openrainer,radar,steps,gauges,45,143,0.6553,0.9040,"[0.00527603292078695, 0.16666666666666669, 0.25, 0.33333333333333337, 0.41666666666666663, 0.5403877221324718, 0.6666666666666667, 0.75, 0.8333333333333334, 0.9725365393682225]","[0.007649729460787362, 0.07536231884057971, 0.10485933503836317, 0.09467455621301775, 0.1564245810055866, 0.23909531502423265, 0.38857142857142857, 0.4095940959409594, 0.4861878453038674, 0.4912776991984913]","[0.13798272539082018, 0.06695695624241559, 0.05539296166749946, 0.05346562923834678, 0.0455421514740524, 0.04975372974516382, 0.048897137554429294, 0.05146691412663288, 0.06395888357484475, 0.0818045542151474, 0.10907273895352987, 0.17867085445071026, 0.05703476336640731]",0.3096,0.9790,3.7348,0.3260
openrainer,radar (LINDA-P subset),steps,gauges,45,26,0.5804,0.8598,"[0.004846081832700039, 0.16666666666666669, 0.25, 0.3333333333333333, 0.41666666666666674, 0.5457317073170732, 0.6666666666666665, 0.75, 0.8333333333333334, 0.9724061810154526]","[0.01106889145878077, 0.009615384615384616, 0.0625, 0.03571428571428571, 0.1724137931034483, 0.15853658536585366, 0.36363636363636365, 0.2, 0.26785714285714285, 0.40066225165562913]","[0.13832100913440626, 0.06524575902566333, 0.05915615484993476, 0.04915180513266638, 0.042627229230100046, 0.04784688995215311, 0.0430622009569378, 0.048281861678990866, 0.07220530665506741, 0.07525010874293171, 0.10439321444106132, 0.1809482383645063, 0.07351022183558069]",0.2560,0.8622,3.6480,0.2832
openrainer,radar,steps,gauges,60,143,0.7095,0.8705,"[0.007143784907130797, 0.1666666666666666, 0.25, 0.33333333333333326, 0.41666666666666674, 0.5393462469733656, 0.6666666666666667, 0.75, 0.8333333333333334, 0.9695900537634412]","[0.010715677360696195, 0.09339622641509433, 0.14731369150779897, 0.19174041297935104, 0.290519877675841, 0.3075060532687651, 0.32515337423312884, 0.37333333333333335, 0.34513274336283184, 0.4321236559139785]","[0.09713440064576886, 0.05623570563702408, 0.04802905959908516, 0.04332032826584152, 0.04762545405623571, 0.047759989237185524, 0.04883627068478407, 0.05805193057984663, 0.07123637831292882, 0.08724606484595722, 0.12397416924525763, 0.2058388268532221, 0.06471142203686264]",0.2705,1.0615,4.0888,0.2343
openrainer,radar (LINDA-P subset),steps,gauges,60,26,0.6103,0.8544,"[0.006787460454414724, 0.16666666666666663, 0.25, 0.33333333333333326, 0.4166666666666667, 0.5397196261682243, 0.6666666666666669, 0.75, 0.8333333333333335, 0.9693732193732194]","[0.011734253666954271, 0.10967741935483871, 0.15053763440860216, 0.32432432432432434, 0.29411764705882354, 0.22429906542056074, 0.33962264150943394, 0.20588235294117646, 0.16666666666666666, 0.43162393162393164]","[0.09699129057798891, 0.04790182106096595, 0.04671417260490895, 0.04077593032462391, 0.04592240696753761, 0.048693586698337295, 0.0447347585114806, 0.0625494853523357, 0.0791765637371338, 0.08273950910530482, 0.1187648456057007, 0.21179730799683294, 0.07323832145684878]",0.2543,0.9110,3.8367,0.1999
openrainer,radar,steps,gauges,75,143,0.6763,0.8470,"[0.009029178202367523, 0.16666666666666663, 0.25, 0.33333333333333337, 0.41666666666666674, 0.5382341723874906, 0.6666666666666667, 0.75, 0.8333333333333335, 0.9686907020872866]","[0.012714905834501146, 0.08803611738148984, 0.1419753086419753, 0.21444201312910285, 0.27320954907161804, 0.28718535469107553, 0.3790322580645161, 0.2537313432835821, 0.33170731707317075, 0.38140417457305503]","[0.06840052015604682, 0.047074122236671, 0.04375812743823147, 0.04369310793237972, 0.044083224967490245, 0.04525357607282185, 0.050455136540962287, 0.06449934980494149, 0.07360208062418726, 0.0994148244473342, 0.13634590377113134, 0.2248374512353706, 0.05858257477243173]",0.2357,1.0419,4.0048,0.1874
openrainer,radar (LINDA-P subset),steps,gauges,75,26,0.5891,0.8238,"[0.008842297174111212, 0.1666666666666667, 0.25, 0.33333333333333326, 0.4166666666666667, 0.5307443365695793, 0.6666666666666665, 0.75, NaN, 0.9676767676767678]","[0.014767547857793984, 0.09917355371900827, 0.13761467889908258, 0.3148148148148148, 0.125, 0.27184466019417475, 0.45, 0.12121212121212122, NaN, 0.4]","[0.07213740458015268, 0.04770992366412214, 0.0416030534351145, 0.03969465648854962, 0.03969465648854962, 0.042366412213740455, 0.052290076335877865, 0.06641221374045801, 0.08473282442748091, 0.09656488549618321, 0.1385496183206107, 0.2099236641221374, 0.0683206106870229]",0.2059,0.9131,4.1701,0.1221
openrainer,radar,steps,gauges,90,143,0.6159,0.8126,"[0.01062159583589966, 0.16666666666666663, 0.25, 0.3333333333333333, 0.41666666666666663, 0.5400307929176291, 0.6666666666666666, 0.75, 0.8333333333333335, 0.972528735632184]","[0.015180609398210209, 0.06948051948051948, 0.13653136531365315, 0.24703557312252963, 0.2967914438502674, 0.2863741339491917, 0.19047619047619047, 0.29559748427672955, 0.3333333333333333, 0.2924137931034483]","[0.05447645999485464, 0.035310007718034477, 0.0383972215075894, 0.038204270645742215, 0.04238487265243118, 0.0466297916130692, 0.05061744275791098, 0.06637509647543093, 0.07975302289683561, 0.1077952148186262, 0.14754309235914587, 0.2392590686905068, 0.05325443786982249]",0.1997,0.9997,3.5326,0.1584
openrainer,radar (LINDA-P subset),steps,gauges,90,26,0.5325,0.7917,"[0.009927855455532146, 0.16666666666666669, 0.25, 0.33333333333333326, 0.41666666666666674, 0.5411522633744856, 0.6666666666666667, 0.75, NaN, 0.9766355140186918]","[0.016663474430185787, 0.08571428571428572, 0.11731843575418995, 0.20634920634920634, 0.08888888888888889, 0.345679012345679, 0.2608695652173913, 0.23809523809523808, NaN, 0.2897196261682243]","[0.05249441548771407, 0.033879374534623974, 0.036857781087118395, 0.03090096798212956, 0.04169769173492182, 0.04281459419210722, 0.0573343261355175, 0.07557706626954579, 0.08190618019359643, 0.11504095309009679, 0.14072970960536113, 0.23566641846612063, 0.055100521221146684]",0.1883,0.8781,3.3160,0.0945
openrainer,radar,linda_p,gauges,15,26,0.4396,0.9447,"[0.002129245182582775, NaN, NaN, NaN, NaN, 0.5384615384615384, 0.6666666666666666, 0.75, 0.8333333333333333, 0.9755366161616162]","[0.0025550942190993293, NaN, NaN, NaN, NaN, 0.10256410256410256, 0.0, 0.14814814814814814, 0.24, 0.44696969696969696]","[0.3527239150507849, 0.10895660203139428, 0.07063711911357341, 0.05817174515235457, 0.041089566020313946, 0.03185595567867036, 0.027700831024930747, 0.04155124653739612, 0.03508771929824561, 0.039242843951985226, 0.04478301015697138, 0.11034164358264081, 0.03785780240073869]",0.2961,0.6725,2.6274,0.6373
openrainer,radar (LINDA-P subset),linda_p,gauges,15,26,0.4396,0.9447,"[0.002129245182582775, NaN, NaN, NaN, NaN, 0.5384615384615384, 0.6666666666666666, 0.75, 0.8333333333333333, 0.9755366161616162]","[0.0025550942190993293, NaN, NaN, NaN, NaN, 0.10256410256410256, 0.0, 0.14814814814814814, 0.24, 0.44696969696969696]","[0.3527239150507849, 0.10895660203139428, 0.07063711911357341, 0.05817174515235457, 0.041089566020313946, 0.03185595567867036, 0.027700831024930747, 0.04155124653739612, 0.03508771929824561, 0.039242843951985226, 0.04478301015697138, 0.11034164358264081, 0.03785780240073869]",0.2961,0.6725,2.6274,0.6373
openrainer,radar,linda_p,gauges,30,26,0.4874,0.9248,"[0.00351213282247765, 0.16666666666666663, 0.25, 0.33333333333333337, NaN, 0.5370370370370371, 0.6666666666666665, 0.75, 0.8333333333333335, 0.9655448717948717]","[0.004331167749458604, 0.02, 0.0, 0.09090909090909091, NaN, 0.022222222222222223, 0.13333333333333333, 0.1836734693877551, 0.17045454545454544, 0.4423076923076923]","[0.262343404568902, 0.11201179071481208, 0.07221812822402358, 0.0578481945467944, 0.040899042004421515, 0.03868828297715549, 0.039425202652910836, 0.04126750184229919, 0.04900515843773029, 0.05305821665438467, 0.0681650700073692, 0.12638172439204126, 0.03868828297715549]",0.2517,0.7852,2.8193,0.5345
openrainer,radar (LINDA-P subset),linda_p,gauges,30,26,0.4874,0.9248,"[0.00351213282247765, 0.16666666666666663, 0.25, 0.33333333333333337, NaN, 0.5370370370370371, 0.6666666666666665, 0.75, 0.8333333333333335, 0.9655448717948717]","[0.004331167749458604, 0.02, 0.0, 0.09090909090909091, NaN, 0.022222222222222223, 0.13333333333333333, 0.1836734693877551, 0.17045454545454544, 0.4423076923076923]","[0.262343404568902, 0.11201179071481208, 0.07221812822402358, 0.0578481945467944, 0.040899042004421515, 0.03868828297715549, 0.039425202652910836, 0.04126750184229919, 0.04900515843773029, 0.05305821665438467, 0.0681650700073692, 0.12638172439204126, 0.03868828297715549]",0.2517,0.7852,2.8193,0.5345
openrainer,radar,linda_p,gauges,45,26,0.5824,0.8687,"[0.004779024903542616, 0.16666666666666666, 0.25, 0.33333333333333337, 0.4166666666666668, 0.5403439153439155, 0.6666666666666665, 0.75, 0.8333333333333336, 0.9627705627705627]","[0.009470361276745002, 0.03773584905660377, 0.016666666666666666, 0.0, 0.0, 0.1111111111111111, 0.0851063829787234, 0.2077922077922078, 0.25, 0.37402597402597404]","[0.2064191315292637, 0.1157960981749528, 0.06891126494650723, 0.06670862177470108, 0.048458149779735685, 0.045311516677155446, 0.040591567023285084, 0.04185022026431718, 0.0446821900566394, 0.06387665198237885, 0.0723725613593455, 0.14380113278791692, 0.04122089364380113]",0.2080,0.9500,3.4348,0.4188
openrainer,radar (LINDA-P subset),linda_p,gauges,45,26,0.5824,0.8687,"[0.004779024903542616, 0.16666666666666666, 0.25, 0.33333333333333337, 0.4166666666666668, 0.5403439153439155, 0.6666666666666665, 0.75, 0.8333333333333336, 0.9627705627705627]","[0.009470361276745002, 0.03773584905660377, 0.016666666666666666, 0.0, 0.0, 0.1111111111111111, 0.0851063829787234, 0.2077922077922078, 0.25, 0.37402597402597404]","[0.2064191315292637, 0.1157960981749528, 0.06891126494650723, 0.06670862177470108, 0.048458149779735685, 0.045311516677155446, 0.040591567023285084, 0.04185022026431718, 0.0446821900566394, 0.06387665198237885, 0.0723725613593455, 0.14380113278791692, 0.04122089364380113]",0.2080,0.9500,3.4348,0.4188
openrainer,radar,linda_p,gauges,60,26,0.6345,0.8819,"[0.007712600869025451, 0.16666666666666666, 0.25, 0.3333333333333333, 0.4166666666666667, 0.5426136363636364, 0.6666666666666666, 0.75, 0.8333333333333334, 0.9591642924976259]","[0.0074487895716946, 0.05747126436781609, 0.009615384615384616, 0.1, 0.1935483870967742, 0.1534090909090909, 0.2318840579710145, 0.18823529411764706, 0.29069767441860467, 0.3903133903133903]","[0.1502320185614849, 0.12267981438515081, 0.07047563805104408, 0.06960556844547564, 0.05423433874709977, 0.046113689095127613, 0.043793503480278426, 0.04495359628770302, 0.05307424593967518, 0.060904872389791184, 0.09193735498839907, 0.15342227378190254, 0.03857308584686775]",0.2194,1.0954,3.7550,0.3419
openrainer,radar (LINDA-P subset),linda_p,gauges,60,26,0.6345,0.8819,"[0.007712600869025451, 0.16666666666666666, 0.25, 0.3333333333333333, 0.4166666666666667, 0.5426136363636364, 0.6666666666666666, 0.75, 0.8333333333333334, 0.9591642924976259]","[0.0074487895716946, 0.05747126436781609, 0.009615384615384616, 0.1, 0.1935483870967742, 0.1534090909090909, 0.2318840579710145, 0.18823529411764706, 0.29069767441860467, 0.3903133903133903]","[0.1502320185614849, 0.12267981438515081, 0.07047563805104408, 0.06960556844547564, 0.05423433874709977, 0.046113689095127613, 0.043793503480278426, 0.04495359628770302, 0.05307424593967518, 0.060904872389791184, 0.09193735498839907, 0.15342227378190254, 0.03857308584686775]",0.2194,1.0954,3.7550,0.3419
openrainer,radar,linda_p,gauges,75,26,0.6443,0.8594,"[0.009173697602785589, 0.16666666666666663, 0.25, 0.3333333333333333, 0.41666666666666674, 0.5427756653992395, 0.6666666666666666, 0.75, 0.8333333333333333, 0.9470551378446114]","[0.009642426677380474, 0.03431372549019608, 0.07142857142857142, 0.1232876712328767, 0.09230769230769231, 0.1444866920152091, 0.12121212121212122, 0.11842105263157894, 0.3, 0.41729323308270677]","[0.11447624340094471, 0.1125312586829675, 0.07224228952486803, 0.07641011392053348, 0.06251736593498194, 0.05029174770769658, 0.04723534315087524, 0.04723534315087524, 0.05029174770769658, 0.08057793831619894, 0.09252570158377327, 0.16504584606835232, 0.02861906085023618]",0.1893,1.1827,4.2099,0.2521
openrainer,radar (LINDA-P subset),linda_p,gauges,75,26,0.6443,0.8594,"[0.009173697602785589, 0.16666666666666663, 0.25, 0.3333333333333333, 0.41666666666666674, 0.5427756653992395, 0.6666666666666666, 0.75, 0.8333333333333333, 0.9470551378446114]","[0.009642426677380474, 0.03431372549019608, 0.07142857142857142, 0.1232876712328767, 0.09230769230769231, 0.1444866920152091, 0.12121212121212122, 0.11842105263157894, 0.3, 0.41729323308270677]","[0.11447624340094471, 0.1125312586829675, 0.07224228952486803, 0.07641011392053348, 0.06251736593498194, 0.05029174770769658, 0.04723534315087524, 0.04723534315087524, 0.05029174770769658, 0.08057793831619894, 0.09252570158377327, 0.16504584606835232, 0.02861906085023618]",0.1893,1.1827,4.2099,0.2521
openrainer,radar,linda_p,gauges,90,26,0.6398,0.8371,"[0.010734646748935555, 0.16666666666666669, 0.25, 0.3333333333333333, 0.4166666666666667, 0.5388127853881279, 0.6666666666666665, 0.75, 0.8333333333333335, 0.9382911392405063]","[0.009742368478025547, 0.03488372093023256, 0.1337579617834395, 0.09210526315789473, 0.07142857142857142, 0.13356164383561644, 0.07272727272727272, 0.1870967741935484, 0.26732673267326734, 0.3291139240506329]","[0.07675733907891193, 0.10880689469431726, 0.07325612712092648, 0.07891193105305683, 0.06544573121465122, 0.05548074333423108, 0.05063291139240506, 0.04793967142472394, 0.055211419337462965, 0.07891193105305683, 0.10665230272017237, 0.17398330191220038, 0.02800969566388365]",0.1627,1.2543,3.7897,0.1905
openrainer,radar (LINDA-P subset),linda_p,gauges,90,26,0.6398,0.8371,"[0.010734646748935555, 0.16666666666666669, 0.25, 0.3333333333333333, 0.4166666666666667, 0.5388127853881279, 0.6666666666666665, 0.75, 0.8333333333333335, 0.9382911392405063]","[0.009742368478025547, 0.03488372093023256, 0.1337579617834395, 0.09210526315789473, 0.07142857142857142, 0.13356164383561644, 0.07272727272727272, 0.1870967741935484, 0.26732673267326734, 0.3291139240506329]","[0.07675733907891193, 0.10880689469431726, 0.07325612712092648, 0.07891193105305683, 0.06544573121465122, 0.05548074333423108, 0.05063291139240506, 0.04793967142472394, 0.055211419337462965, 0.07891193105305683, 0.10665230272017237, 0.17398330191220038, 0.02800969566388365]",0.1627,1.2543,3.7897,0.1905
openrainer,cml_idw10,steps,gauges,15,143,0.5483,0.5956,"[0.00013335333633378342, NaN, NaN, NaN, NaN, NaN, NaN, NaN, NaN, 0.9929600523903077]","[0.05033254988248237, NaN, NaN, NaN, NaN, NaN, NaN, NaN, NaN, 0.6345776031434185]","[0.12639484978540771, 0.0148068669527897, 0.00815450643776824, 0.00407725321888412, 0.0057939914163090125, 0.00536480686695279, 0.0057939914163090125, 0.006437768240343348, 0.007725321888412017, 0.00793991416309013, 0.010085836909871245, 0.01738197424892704, 0.7800429184549357]",0.1643,0.5699,3.6696,0.2690
openrainer,cml_idw10,steps,gauges,30,143,0.5488,0.5770,"[0.0002796350553844358, NaN, NaN, NaN, NaN, NaN, NaN, NaN, NaN, 0.9887596899224808]","[0.05116069416272256, NaN, NaN, NaN, NaN, NaN, NaN, NaN, NaN, 0.4930232558139535]","[0.13110647181628393, 0.015657620041753653, 0.009812108559498956, 0.00918580375782881, 0.008977035490605427, 0.0077244258872651355, 0.005427974947807933, 0.006889352818371607, 0.0060542797494780795, 0.01127348643006263, 0.018789144050104383, 0.0325678496868476, 0.7365344467640919]",0.1191,0.5793,3.5248,0.1660
openrainer,cml_idw10,steps,gauges,45,143,0.5707,0.5711,"[0.0005484935269389872, 0.16666666666666669, 0.25, NaN, NaN, 0.5555555555555556, NaN, NaN, NaN, 0.9859234234234235]","[0.0519268451992162, 0.6571428571428571, 0.8181818181818182, NaN, NaN, 0.38095238095238093, NaN, NaN, NaN, 0.4831081081081081]","[0.11022239563012096, 0.018532969176746, 0.010534529847834569, 0.012290284822473664, 0.01072961373390558, 0.010339445961763559, 0.010144362075692548, 0.010144362075692548, 0.01463129145532579, 0.016387046429964885, 0.02945766679672259, 0.06593835349200156, 0.6806476785017558]",0.0969,0.6085,3.7577,0.0844
openrainer,cml_idw10,steps,gauges,60,143,0.6053,0.5571,"[0.00081604739368308, 0.16666666666666669, NaN, 0.3333333333333333, NaN, NaN, NaN, NaN, NaN, 0.9848790322580645]","[0.05364515154566509, 0.3541666666666667, NaN, 0.2857142857142857, NaN, NaN, NaN, NaN, NaN, 0.3548387096774194]","[0.09126106194690266, 0.019174041297935103, 0.016039823008849558, 0.011246312684365782, 0.009402654867256638, 0.010140117994100296, 0.013458702064896756, 0.012352507374631269, 0.01696165191740413, 0.027470501474926252, 0.04056047197640118, 0.08241150442477876, 0.6495206489675516]",0.0828,0.6492,3.9985,0.0493
openrainer,cml_idw10,steps,gauges,75,143,0.5896,0.5441,"[0.001032206525395224, 0.16666666666666669, 0.25, 0.33333333333333337, 0.4166666666666667, 0.5470085470085471, NaN, 0.75, NaN, 0.9766260162601625]","[0.05401109989909183, 0.3125, 0.125, 0.1, 0.3, 0.20512820512820512, NaN, 0.13636363636363635, NaN, 0.1951219512195122]","[0.07590933052187665, 0.017923036373220874, 0.01493586364435073, 0.014408715515726585, 0.013881567387102443, 0.012475839044104728, 0.014057283429977157, 0.017571604287471447, 0.02161307327358988, 0.031277455631699175, 0.05166051660516605, 0.0959409594095941, 0.6183447548761202]",0.0637,0.6382,3.9204,0.0297
openrainer,cml_idw10,steps,gauges,90,143,0.5438,0.5349,"[0.001245917096002963, 0.16666666666666666, 0.25, 0.3333333333333333, NaN, 0.5387596899224807, NaN, NaN, 0.8333333333333335, 0.9785478547854785]","[0.05298515001515305, 0.29545454545454547, 0.23529411764705882, 0.19047619047619047, NaN, 0.11627906976744186, NaN, NaN, 0.75, 0.09900990099009901]","[0.0658961531826807, 0.015697774711057443, 0.014317750560634812, 0.01466275659824047, 0.01449025357943764, 0.01449025357943764, 0.01449025357943764, 0.017250301880282905, 0.02397791961359324, 0.03691564602380542, 0.060548559599792995, 0.11868207693634639, 0.5885803001552528]",0.0540,0.5966,3.5467,0.0189
openrainer,cml_idw20,steps,gauges,15,143,0.5404,0.6787,"[0.0003261578604044357, NaN, 0.25, NaN, NaN, 0.5434782608695652, NaN, 0.75, 0.8333333333333335, 0.9915275670207383]","[0.04001441961067051, NaN, 0.0, NaN, NaN, 0.043478260869565216, NaN, 0.0, 0.45454545454545453, 0.5629742033383915]","[0.24228531123258684, 0.034209134191500616, 0.020631281960853464, 0.017104567095750308, 0.010051137365543996, 0.012519837771116205, 0.013577852230647152, 0.01216716628460589, 0.017633574325515784, 0.015693881149709047, 0.024510668312466937, 0.03315111973196967, 0.5464644683477341]",0.2647,0.5921,3.5115,0.3824
openrainer,cml_idw20,steps,gauges,30,143,0.5633,0.6541,"[0.0005856868470237635, 0.16666666666666666, 0.25, NaN, 0.4166666666666667, 0.53954802259887, NaN, 0.75, 0.8333333333333335, 0.9865900383141759]","[0.041833544352859096, 0.21428571428571427, 0.3, NaN, 0.3, 0.1016949152542373, NaN, 0.09090909090909091, 0.4166666666666667, 0.47701149425287354]","[0.22300351582119537, 0.0415201741168592, 0.021597187343043698, 0.02092750711535242, 0.017076845806127575, 0.0155700652938222, 0.014398124895362465, 0.015067805123053743, 0.020090406830738324, 0.01757910597689603, 0.02846140967687929, 0.058931860036832415, 0.5057759919638373]",0.2117,0.6348,3.4407,0.2808
openrainer,cml_idw20,steps,gauges,45,143,0.5931,0.6419,"[0.0010547974875460262, 0.16666666666666666, 0.25, 0.3333333333333333, 0.41666666666666674, 0.5413385826771654, 0.6666666666666665, 0.75, 0.8333333333333335, 0.9829166666666667]","[0.04327485380116959, 0.2251655629139073, 0.3076923076923077, 0.3333333333333333, 0.04, 0.2755905511811024, 0.24, 0.2608695652173913, 0.4375, 0.431]","[0.17136186770428016, 0.040622568093385214, 0.029571984435797664, 0.02396887159533074, 0.020700389105058364, 0.02132295719844358, 0.02085603112840467, 0.022879377431906614, 0.027081712062256808, 0.03315175097276265, 0.04840466926070039, 0.07268482490272374, 0.4673929961089494]",0.1806,0.6796,3.7246,0.1713
openrainer,cml_idw20,steps,gauges,60,143,0.6418,0.6161,"[0.0014761208067718677, 0.16666666666666666, 0.25, 0.33333333333333326, 0.41666666666666674, 0.5307328605200946, 0.6666666666666666, 0.75, 0.8333333333333334, 0.9782207456626062]","[0.04639983279339534, 0.23875432525951557, 0.18811881188118812, 0.10416666666666667, 0.14285714285714285, 0.24822695035460993, 0.35714285714285715, 0.20833333333333334, 0.42168674698795183, 0.33111849390919157]","[0.1505763688760807, 0.03861671469740634, 0.021181556195965418, 0.02521613832853026, 0.020461095100864555, 0.02219020172910663, 0.02622478386167147, 0.02089337175792507, 0.029971181556195964, 0.04265129682997118, 0.06037463976945245, 0.10014409221902017, 0.44149855907780977]",0.1414,0.7426,4.0135,0.1058
openrainer,cml_idw20,steps,gauges,75,143,0.6285,0.5986,"[0.001702419665023253, 0.16666666666666666, 0.25, 0.3333333333333333, 0.41666666666666674, 0.5428802588996765, 0.6666666666666666, 0.75, 0.8333333333333335, 0.9776805742485417]","[0.047440469946501626, 0.22560975609756098, 0.21978021978021978, 0.16853932584269662, 0.22950819672131148, 0.18932038834951456, 0.23333333333333334, 0.1724137931034483, 0.2465753424657534, 0.2934051144010767]","[0.12967546754675469, 0.03039053905390539, 0.023652365236523653, 0.02599009900990099, 0.025165016501650164, 0.02158965896589659, 0.025302530253025302, 0.03039053905390539, 0.036166116611661164, 0.04592959295929593, 0.0704070407040704, 0.11207370737073707, 0.42326732673267325]",0.1193,0.7349,3.9562,0.0783
openrainer,cml_idw20,steps,gauges,90,143,0.5847,0.5864,"[0.0021013195760510987, 0.16666666666666666, 0.25, 0.3333333333333333, 0.4166666666666667, 0.5414485165794066, 0.6666666666666666, 0.75, 0.8333333333333335, 0.9764492753623187]","[0.047036218151189725, 0.19856459330143542, 0.25125628140703515, 0.2348993288590604, 0.18947368421052632, 0.16753926701570682, 0.32142857142857145, 0.23728813559322035, 0.3333333333333333, 0.2140468227424749]","[0.10677672746638264, 0.031953135401411266, 0.02476367993609373, 0.02263347090933298, 0.025429370256956463, 0.023964851551058448, 0.02436426574357609, 0.03275196378644654, 0.04207162827852483, 0.0564505392091599, 0.07775262947676741, 0.12967647450406072, 0.401411263480229]",0.1021,0.6967,3.5760,0.0650
openrainer,cml_idw40,steps,gauges,15,143,0.5640,0.7440,"[0.0006708926215184905, 0.16666666666666669, 0.25, 0.3333333333333333, 0.41666666666666674, 0.5453703703703703, NaN, 0.75, 0.8333333333333334, 0.9878428403163388]","[0.03129346314325452, 0.10526315789473684, 0.08620689655172414, 0.20689655172413793, 0.05263157894736842, 0.26666666666666666, NaN, 0.32786885245901637, 0.5116279069767442, 0.4810701665825341]","[0.30971743625086146, 0.041764300482425916, 0.039283252929014474, 0.02866988283942109, 0.02370778773259821, 0.023294279807029635, 0.023983459682977257, 0.024259131633356305, 0.02191592005513439, 0.02439696760854583, 0.026188835286009647, 0.04314266023432116, 0.3696760854583046]",0.2979,0.6567,3.5655,0.3862
openrainer,cml_idw40,steps,gauges,30,143,0.5766,0.7269,"[0.0011144130757800887, 0.16666666666666663, 0.25, 0.33333333333333337, 0.41666666666666674, 0.5346270928462709, 0.6666666666666667, 0.75, 0.8333333333333334, 0.9822290274684482]","[0.03250033770093205, 0.18354430379746836, 0.23076923076923078, 0.22972972972972974, 0.23076923076923078, 0.2328767123287671, 0.2127659574468085, 0.3333333333333333, 0.4244604316546763, 0.4354120267260579]","[0.2734784889821616, 0.05128541448058762, 0.03882476390346275, 0.030692549842602307, 0.02846274921301154, 0.02570828961175236, 0.026626442812172087, 0.02334732423924449, 0.0270199370409234, 0.03488982161594963, 0.03921825813221406, 0.06571353620146904, 0.33473242392444913]",0.2587,0.6901,3.4652,0.3202
openrainer,cml_idw40,steps,gauges,45,143,0.6185,0.7089,"[0.0014769261673880096, 0.16666666666666669, 0.25, 0.33333333333333326, 0.4166666666666667, 0.5378498727735369, 0.6666666666666666, 0.75, 0.8333333333333333, 0.9775449101796411]","[0.034679230811373474, 0.15384615384615385, 0.2463768115942029, 0.216, 0.29577464788732394, 0.24427480916030533, 0.37777777777777777, 0.4041095890410959, 0.45089285714285715, 0.37924151696606784]","[0.21016166281755197, 0.05007900814391637, 0.03950407195818646, 0.03549288926704753, 0.03658684818281269, 0.033426522426157776, 0.035371338276406955, 0.03136015558526802, 0.03743770511729671, 0.04509541752765285, 0.056764312629147926, 0.07791418500060776, 0.310805883067947]",0.2208,0.7541,3.7239,0.2309
openrainer,cml_idw40,steps,gauges,60,143,0.6591,0.6749,"[0.0019753359917294346, 0.16666666666666669, 0.25, 0.33333333333333337, 0.4166666666666667, 0.5405092592592593, 0.6666666666666666, 0.75, 0.8333333333333334, 0.9741685707032245]","[0.038740584847142226, 0.20440881763527055, 0.18835616438356165, 0.20666666666666667, 0.14285714285714285, 0.2638888888888889, 0.34579439252336447, 0.34838709677419355, 0.28415300546448086, 0.30616907844630614]","[0.18057941142791709, 0.05026909424023818, 0.03458147257528913, 0.03286384976525822, 0.031260735142562696, 0.03240581701591664, 0.03446696438795374, 0.036871636321997026, 0.043398603000114507, 0.05347532348562922, 0.070537043398603, 0.09515630367571282, 0.30413374556280776]",0.1773,0.8066,3.9710,0.1854
openrainer,cml_idw40,steps,gauges,75,143,0.6387,0.6468,"[0.002493905343682571, 0.1666666666666666, 0.25, 0.33333333333333337, 0.41666666666666663, 0.5434560327198364, 0.6666666666666666, 0.75, 0.8333333333333333, 0.9761574074074074]","[0.04068708493288873, 0.14839797639123103, 0.1289308176100629, 0.15025906735751296, 0.29927007299270075, 0.27607361963190186, 0.3006134969325153, 0.2358490566037736, 0.2231404958677686, 0.2611111111111111]","[0.14324559495323036, 0.052425494887970416, 0.03611050685229498, 0.03404394170110942, 0.03273874265825538, 0.03154231020230585, 0.03611050685229498, 0.041331303023711116, 0.050902762671307375, 0.06384598651294322, 0.08092234065695018, 0.10854905373069393, 0.2882314552969328]",0.1550,0.7901,3.9206,0.1402
openrainer,cml_idw40,steps,gauges,90,143,0.5976,0.6212,"[0.0031560989479670165, 0.16666666666666666, 0.25, 0.33333333333333326, 0.41666666666666663, 0.540614478114478, 0.6666666666666666, 0.75, 0.8333333333333334, 0.977155343663091]","[0.04139891953369349, 0.08702064896755163, 0.15990453460620524, 0.2040133779264214, 0.2702702702702703, 0.1919191919191919, 0.19161676646706588, 0.16585365853658537, 0.271889400921659, 0.19547079856972585]","[0.12607419828128275, 0.04160553343114651, 0.037518339970656046, 0.03227834835464263, 0.031020750366799413, 0.03573674282121148, 0.03877593795849927, 0.04537832739467617, 0.05910710542863131, 0.06623349402640956, 0.09358625026199958, 0.12974219241249213, 0.26294277929155313]",0.1245,0.7616,3.5664,0.1045
openrainer,merged,steps,gauges,15,143,0.4891,0.9154,"[0.002325033012639125, 0.16666666666666663, 0.25, 0.33333333333333337, 0.41666666666666674, 0.5455586080586081, 0.6666666666666665, 0.75, 0.8333333333333333, 0.9774439544285193]","[0.008319185059422751, 0.11585365853658537, 0.11304347826086956, 0.16363636363636364, 0.22950819672131148, 0.29120879120879123, 0.4962962962962963, 0.5104166666666666, 0.5565217391304348, 0.6157662624035282]","[0.16705978873961644, 0.06501897241308584, 0.05835298943698082, 0.05527638190954774, 0.050148702697159264, 0.050148702697159264, 0.05384063173007897, 0.05219977438211466, 0.058045328684237514, 0.06676238334529792, 0.08224797456671111, 0.12665367654599527, 0.11424469285201518]",0.4255,0.6713,3.2302,0.5254
openrainer,merged,steps,gauges,30,143,0.5034,0.8945,"[0.004296859818895494, 0.16666666666666669, 0.25, 0.3333333333333333, 0.4166666666666666, 0.5404316172646907, 0.6666666666666666, 0.75, 0.8333333333333334, 0.9713653241930876]","[0.009793634137810424, 0.13374233128834356, 0.1680327868852459, 0.25572519083969464, 0.16901408450704225, 0.31981279251170047, 0.5079365079365079, 0.48523206751054854, 0.5891472868217055, 0.5586975149957155]","[0.09055151774262506, 0.0466866182129115, 0.04574604531851219, 0.050277896536981614, 0.04976485677640017, 0.05566481402308679, 0.05857203933304831, 0.06472851646002566, 0.07191107310816588, 0.09166310389055152, 0.11722958529286019, 0.16904660111158615, 0.08815733219324498]",0.3508,0.7290,3.1968,0.4265
openrainer,merged,steps,gauges,45,143,0.5500,0.8701,"[0.006194241686942418, 0.16666666666666666, 0.25, 0.33333333333333337, 0.41666666666666663, 0.5400717703349284, 0.6666666666666666, 0.75, 0.8333333333333334, 0.9665943077665219]","[0.011952554744525548, 0.11146496815286625, 0.17418546365914786, 0.18914473684210525, 0.2348993288590604, 0.36483253588516745, 0.4046692607003891, 0.48066298342541436, 0.7067307692307693, 0.4963820549927641]","[0.050590595052373524, 0.030606938563256816, 0.03543570314241141, 0.044944654929054306, 0.049179110021543716, 0.060099546839016416, 0.06700839462149914, 0.07763167669563925, 0.0900378872297749, 0.10028972587474927, 0.13111953049550554, 0.18951043756035957, 0.07354579897481614]",0.2946,0.8227,3.5269,0.3089
openrainer,merged,steps,gauges,60,143,0.6029,0.8237,"[0.007978048471006216, 0.16666666666666663, 0.25, 0.3333333333333333, 0.4166666666666667, 0.5385391444713479, 0.6666666666666666, 0.75, 0.8333333333333333, 0.9674479166666666]","[0.016844309097830225, 0.12214682294879704, 0.17206290471785385, 0.21842496285289748, 0.2678227360308285, 0.2990314769975787, 0.35911602209944754, 0.4230769230769231, 0.4552238805970149, 0.4174107142857143]","[0.03401453847208888, 0.024550816074612535, 0.029556988067480455, 0.036757646413386365, 0.04773007817857633, 0.05321629406117131, 0.06439445892195858, 0.0747496914003566, 0.09072829515841449, 0.10945000685776986, 0.14154436977095047, 0.21252228775202303, 0.08078452887121108]",0.2346,0.9090,3.8595,0.2231
openrainer,merged,steps,gauges,75,143,0.5783,0.7962,"[0.009464244349581383, 0.16666666666666657, 0.25, 0.33333333333333337, 0.4166666666666667, 0.5367902665121668, 0.6666666666666667, 0.75, 0.8333333333333334, 0.9689092762487257]","[0.0195572322049042, 0.1179164281625644, 0.15055603079555174, 0.20917678812415655, 0.24906367041198502, 0.33371958285052145, 0.3032258064516129, 0.37962962962962965, 0.32075471698113206, 0.3149847094801223]","[0.026958998476518514, 0.020732595879976154, 0.02139497913492747, 0.031926872888653375, 0.03914685036762271, 0.05053984235278532, 0.06875538186394647, 0.08134066370802145, 0.09929124991720209, 0.11730807445187785, 0.1438696429754256, 0.22474663840498113, 0.07398820957806186]",0.2077,0.8876,3.7719,0.1802
openrainer,merged,steps,gauges,90,143,0.5237,0.7754,"[0.01071648162971728, 0.16666666666666666, 0.25, 0.33333333333333326, 0.41666666666666663, 0.5315315315315317, 0.6666666666666667, 0.75, 0.8333333333333336, 0.9788011695906432]","[0.02029025858768663, 0.12034383954154727, 0.17417417417417416, 0.19774718397997496, 0.25157232704402516, 0.24453024453024452, 0.20689655172413793, 0.2631578947368421, 0.375, 0.2149122807017544]","[0.019964996434822066, 0.012186426395281, 0.021520710442730278, 0.023011603033642317, 0.03331820833603422, 0.048227134245154596, 0.06741427367602255, 0.08277694950411615, 0.10559408828676994, 0.12491087055163026, 0.15894211447462242, 0.23322745835223957, 0.06890516626693459]",0.1870,0.8398,3.2806,0.1523
openmrg,radar,steps,own,5,128,0.3326,0.9403,"[0.004252589332587565, 0.1666666666666667, 0.25, 0.3333333333333333, 0.4166666666666665, 0.5405587868716244, 0.6666666666666666, 0.75, 0.8333333333333334, 0.9715797244094491]","[0.017788015719984104, 0.184106614017769, 0.2691588785046729, 0.3082505729564553, 0.4056525353283458, 0.5317823016202742, 0.6799667497921862, 0.7809996184662342, 0.8427615571776156, 0.9441788526434196]","[0.0750859521427668, 0.0662550162705394, 0.06681844837697057, 0.07424655329032852, 0.07589085515195419, 0.07709820966573527, 0.07958191037979924, 0.07645428725838536, 0.07471799648142399, 0.07044051191831384, 0.06788781951774811, 0.07163636781767797, 0.12388607172835674]",0.6680,0.4380,1.7144,0.7213
openmrg,radar,steps,radar,5,128,0.3326,0.9403,"[0.004252589332587565, 0.1666666666666667, 0.25, 0.3333333333333333, 0.4166666666666665, 0.5405587868716244, 0.6666666666666666, 0.75, 0.8333333333333334, 0.9715797244094491]","[0.017788015719984104, 0.184106614017769, 0.2691588785046729, 0.3082505729564553, 0.4056525353283458, 0.5317823016202742, 0.6799667497921862, 0.7809996184662342, 0.8427615571776156, 0.9441788526434196]","[0.0788230018282797, 0.06833626548000966, 0.06863522945485069, 0.07205031793668863, 0.07561488840594709, 0.07543091057527568, 0.07633930111421573, 0.07522393551577035, 0.07401658100198925, 0.07019904101555763, 0.06915266710361402, 0.07229178883944484, 0.12388607172835674]",0.6680,0.4380,1.7144,0.7213
openmrg,radar (LINDA-P subset),steps,own,5,24,0.3597,0.9353,"[0.004567837670138751, 0.1666666666666667, 0.25, 0.3333333333333333, 0.4166666666666667, 0.5405, 0.6666666666666667, 0.75, 0.8333333333333329, 0.9658726981585268]","[0.019485920234464733, 0.20072992700729927, 0.2661654135338346, 0.30237154150197626, 0.40869565217391307, 0.551, 0.6833976833976834, 0.7859531772575251, 0.8629579375848032, 0.9275420336269016]","[0.07861278238165513, 0.06147122261323646, 0.06674991485980247, 0.06692019525485299, 0.07412873197865819, 0.07702349869451697, 0.07895334317175616, 0.07776138040640254, 0.07668293790441594, 0.07480985355886026, 0.0700987626291293, 0.07997502554205926, 0.11681235100465433]",0.6582,0.4623,1.8156,0.6471
openmrg,radar (LINDA-P subset),steps,radar,5,24,0.3597,0.9353,"[0.004567837670138751, 0.1666666666666667, 0.25, 0.3333333333333333, 0.4166666666666667, 0.5405, 0.6666666666666667, 0.75, 0.8333333333333329, 0.9658726981585268]","[0.019485920234464733, 0.20072992700729927, 0.2661654135338346, 0.30237154150197626, 0.40869565217391307, 0.551, 0.6833976833976834, 0.7859531772575251, 0.8629579375848032, 0.9275420336269016]","[0.0783289817232376, 0.06453626972414576, 0.06368486774889318, 0.06782835736178908, 0.07458281303212623, 0.07656941764104892, 0.07895334317175616, 0.07685321829946645, 0.07645589737768192, 0.07588829606084686, 0.06941764104892724, 0.08008854580542626, 0.11681235100465433]",0.6582,0.4623,1.8156,0.6471
openmrg,radar,steps,own,10,128,0.3823,0.9228,"[0.006001298016468581, 0.16666666666666666, 0.25, 0.3333333333333333, 0.4166666666666667, 0.5411102632582981, 0.6666666666666666, 0.75, 0.8333333333333335, 0.96449756316532]","[0.022041942157141118, 0.1762174848425582, 0.2541780992766276, 0.34121621621621623, 0.427023366068405, 0.5387256772224341, 0.651386748844376, 0.7476038338658147, 0.831995242343146, 0.9248749519045787]","[0.07972767177282093, 0.07363611932276269, 0.07129579862044254, 0.07440876108572965, 0.07583086983785721, 0.07598763773179253, 0.0721244289169578, 0.07288587297321508, 0.07132939174057153, 0.07051195915076593, 0.0720908357968288, 0.07407282988443967, 0.11609782316581564]",0.6062,0.5158,1.8612,0.6610
openmrg,radar,steps,radar,10,128,0.3823,0.9228,"[0.006001298016468581, 0.16666666666666666, 0.25, 0.3333333333333333, 0.4166666666666667, 0.5411102632582981, 0.6666666666666666, 0.75, 0.8333333333333335, 0.96449756316532]","[0.022041942157141118, 0.1762174848425582, 0.2541780992766276, 0.34121621621621623, 0.427023366068405, 0.5387256772224341, 0.651386748844376, 0.7476038338658147, 0.831995242343146, 0.9248749519045787]","[0.08202320164830243, 0.07381528263011736, 0.07162053211502284, 0.07430798172534266, 0.07549493863656723, 0.07670429096121115, 0.07206844038340948, 0.07144136880766819, 0.07204604496999015, 0.06971692197437965, 0.0716317298217325, 0.07303144316044075, 0.11609782316581564]",0.6062,0.5158,1.8612,0.6610
openmrg,radar (LINDA-P subset),steps,own,10,24,0.4243,0.9127,"[0.006746446943935827, 0.16666666666666663, 0.25, 0.3333333333333333, 0.4166666666666667, 0.5418743768693919, 0.6666666666666669, 0.75, 0.8333333333333336, 0.9563492063492062]","[0.026244659516958757, 0.2073778664007976, 0.3, 0.3542600896860987, 0.4448669201520912, 0.559322033898305, 0.692, 0.7412140575079872, 0.8248275862068966, 0.907563025210084]","[0.07673914252349441, 0.06828671523105155, 0.06517266307067786, 0.07190124006005671, 0.07290218539731969, 0.07746204748929544, 0.07623866985486293, 0.07623866985486293, 0.07707279096924874, 0.07318022576878162, 0.07434799532892176, 0.0763498860034477, 0.11410776844797865]",0.5964,0.5513,2.0591,0.5658
openmrg,radar (LINDA-P subset),steps,radar,10,24,0.4243,0.9127,"[0.006746446943935827, 0.16666666666666663, 0.25, 0.3333333333333333, 0.4166666666666667, 0.5418743768693919, 0.6666666666666669, 0.75, 0.8333333333333336, 0.9563492063492062]","[0.026244659516958757, 0.2073778664007976, 0.3, 0.3542600896860987, 0.4448669201520912, 0.559322033898305, 0.692, 0.7412140575079872, 0.8248275862068966, 0.907563025210084]","[0.07835177667797365, 0.06756381026525052, 0.06589556803647889, 0.068064282933882, 0.0759050214091086, 0.07846299282655841, 0.07457042762609131, 0.07523772451759995, 0.07640549407774008, 0.07312461769448925, 0.07584941333481622, 0.07646110215203247, 0.11410776844797865]",0.5964,0.5513,2.0591,0.5658
openmrg,radar,steps,own,15,128,0.4295,0.9042,"[0.00791938752533213, 0.16666666666666669, 0.25, 0.33333333333333337, 0.41666666666666663, 0.5406667860553962, 0.6666666666666664, 0.75, 0.8333333333333331, 0.9604405767856392]","[0.026822787660436838, 0.178417742469381, 0.2707805664287359, 0.35612216307088823, 0.44518052335210334, 0.5363538681948424, 0.6610302791977979, 0.7356859920777817, 0.7928812519177661, 0.8872493378736285]","[0.08104802513464991, 0.07508976660682226, 0.07180206463195692, 0.07309245960502693, 0.07634649910233393, 0.0763016157989228, 0.07356373429084381, 0.07173473967684021, 0.06925493716337522, 0.07292414721723518, 0.07129712746858169, 0.07394524236983842, 0.11359964093357271]",0.5529,0.5829,1.9756,0.6024
openmrg,radar,steps,radar,15,128,0.4295,0.9042,"[0.00791938752533213, 0.16666666666666669, 0.25, 0.33333333333333337, 0.41666666666666663, 0.5406667860553962, 0.6666666666666664, 0.75, 0.8333333333333331, 0.9604405767856392]","[0.026822787660436838, 0.178417742469381, 0.2707805664287359, 0.35612216307088823, 0.44518052335210334, 0.5363538681948424, 0.6610302791977979, 0.7356859920777817, 0.7928812519177661, 0.8872493378736285]","[0.08052064631956912, 0.0729129263913824, 0.07088195691202873, 0.07411355475763017, 0.07663824057450629, 0.07733393177737881, 0.07484290843806105, 0.07229578096947935, 0.06931104129263914, 0.07259874326750448, 0.07117369838420108, 0.07377692998204669, 0.11359964093357271]",0.5529,0.5829,1.9756,0.6024
openmrg,radar (LINDA-P subset),steps,own,15,24,0.4492,0.9029,"[0.00913839164307082, 0.16666666666666669, 0.25, 0.3333333333333333, 0.4166666666666667, 0.5404901006166828, 0.6666666666666667, 0.75, 0.8333333333333334, 0.9545131485429992]","[0.02759514325478716, 0.2016597510373444, 0.2878228782287823, 0.37372262773722625, 0.46955128205128205, 0.5462512171372931, 0.6647286821705426, 0.7465618860510805, 0.7889060092449923, 0.8941009239516702]","[0.07505890272635476, 0.07360035902614159, 0.06956131493324358, 0.07337596768764726, 0.07264669583754067, 0.07539548973409627, 0.07735891394592169, 0.07483451138786043, 0.07242230449904634, 0.07786379445753394, 0.07634915292269719, 0.07786379445753394, 0.10366879838438237]",0.5565,0.5892,1.9424,0.5610
openmrg,radar (LINDA-P subset),steps,radar,15,24,0.4492,0.9029,"[0.00913839164307082, 0.16666666666666669, 0.25, 0.3333333333333333, 0.4166666666666667, 0.5404901006166828, 0.6666666666666667, 0.75, 0.8333333333333334, 0.9545131485429992]","[0.02759514325478716, 0.2016597510373444, 0.2878228782287823, 0.37372262773722625, 0.46955128205128205, 0.5462512171372931, 0.6647286821705426, 0.7465618860510805, 0.7889060092449923, 0.8941009239516702]","[0.07578817457646135, 0.06843935824077191, 0.0718613261528105, 0.07432963087624818, 0.07556378323796702, 0.07533939189947268, 0.07685403343430944, 0.07438572871087176, 0.0739369460338831, 0.0759564680803321, 0.0759564680803321, 0.07791989229215752, 0.10366879838438237]",0.5565,0.5892,1.9424,0.5610
openmrg,radar,steps,own,20,128,0.4541,0.8888,"[0.008952733322974927, 0.16666666666666669, 0.25, 0.3333333333333333, 0.41666666666666663, 0.5399359472049687, 0.6666666666666667, 0.75, 0.8333333333333336, 0.9557094186174303]","[0.032706650093225605, 0.18389858412907475, 0.2644646924829157, 0.3552304719845432, 0.4456371191135734, 0.5512422360248447, 0.6962616822429907, 0.7391969407265775, 0.8181527644614893, 0.8847675568743818]","[0.07658135603101499, 0.07103130647700111, 0.06960881478458579, 0.07485571037136361, 0.07496064828309916, 0.0765930157989856, 0.0737130531102431, 0.07304844633591792, 0.07040167900658777, 0.0708913892613537, 0.07025010202296975, 0.07326998192735965, 0.12479449658951787]",0.5334,0.6111,2.0177,0.5757
openmrg,radar,steps,radar,20,128,0.4541,0.8888,"[0.008952733322974927, 0.16666666666666669, 0.25, 0.3333333333333333, 0.41666666666666663, 0.5399359472049687, 0.6666666666666667, 0.75, 0.8333333333333336, 0.9557094186174303]","[0.032706650093225605, 0.18389858412907475, 0.2644646924829157, 0.3552304719845432, 0.4456371191135734, 0.5512422360248447, 0.6962616822429907, 0.7391969407265775, 0.8181527644614893, 0.8847675568743818]","[0.07606832624030782, 0.07295516819215297, 0.0696787733924095, 0.07493732874715793, 0.0739812277735673, 0.07581181134495424, 0.0726403544569463, 0.0727686119046231, 0.07093802833323617, 0.0706232145980295, 0.07154433626770827, 0.07325832215938903, 0.12479449658951787]",0.5334,0.6111,2.0177,0.5757
openmrg,radar (LINDA-P subset),steps,own,20,24,0.4464,0.8886,"[0.010157621257146828, 0.16666666666666669, 0.25, 0.33333333333333326, 0.4166666666666667, 0.539460020768432, 0.6666666666666666, 0.75, 0.8333333333333333, 0.9489779874213837]","[0.03341848704447109, 0.17981072555205047, 0.296028880866426, 0.3522727272727273, 0.43824701195219123, 0.5316718587746625, 0.7379310344827587, 0.73125, 0.8448844884488449, 0.9047169811320754]","[0.07012879593524755, 0.06463429044074205, 0.07018787663948954, 0.07231478199220134, 0.0750324943873331, 0.07981803143093466, 0.07349639607704124, 0.07780928748670685, 0.07840009452912679, 0.07733664185277088, 0.0771593997400449, 0.07591870495096302, 0.10776320453739809]",0.5337,0.5856,1.8222,0.5574
openmrg,radar (LINDA-P subset),steps,radar,20,24,0.4464,0.8886,"[0.010157621257146828, 0.16666666666666669, 0.25, 0.33333333333333326, 0.4166666666666667, 0.539460020768432, 0.6666666666666666, 0.75, 0.8333333333333333, 0.9489779874213837]","[0.03341848704447109, 0.17981072555205047, 0.296028880866426, 0.3522727272727273, 0.43824701195219123, 0.5316718587746625, 0.7379310344827587, 0.73125, 0.8448844884488449, 0.9047169811320754]","[0.07012879593524755, 0.06723384142738982, 0.06622946945527591, 0.0738508803024932, 0.07491433297884911, 0.07851825593761078, 0.07420536452794517, 0.07863641734609476, 0.07645043128914096, 0.07840009452912679, 0.0771003190358029, 0.07656859269762496, 0.10776320453739809]",0.5337,0.5856,1.8222,0.5574
openmrg,radar,steps,own,25,128,0.4867,0.8743,"[0.010090213348155115, 0.16666666666666663, 0.25, 0.33333333333333326, 0.4166666666666667, 0.5385835095137422, 0.6666666666666669, 0.75, 0.8333333333333334, 0.9549519864432303]","[0.03635255889520715, 0.18947031525044006, 0.2682870901169457, 0.33946772366930916, 0.43214890016920476, 0.5120507399577167, 0.6776978417266187, 0.7392979452054794, 0.7862595419847328, 0.8670683487102241]","[0.07724031274164447, 0.07422090753992121, 0.07321443913934678, 0.07479778576951873, 0.07554650006750703, 0.07423318154480625, 0.07287076700256527, 0.07052643206951996, 0.06960588170314091, 0.06938494961520995, 0.06791206902900347, 0.07532556797957606, 0.1251212057982399]",0.4964,0.6610,2.1618,0.5289
openmrg,radar,steps,radar,25,128,0.4867,0.8743,"[0.010090213348155115, 0.16666666666666663, 0.25, 0.33333333333333326, 0.4166666666666667, 0.5385835095137422, 0.6666666666666669, 0.75, 0.8333333333333334, 0.9549519864432303]","[0.03635255889520715, 0.18947031525044006, 0.2682870901169457, 0.33946772366930916, 0.43214890016920476, 0.5120507399577167, 0.6776978417266187, 0.7392979452054794, 0.7862595419847328, 0.8670683487102241]","[0.07677390055601242, 0.07446638763762228, 0.07429455156923152, 0.0763811323996907, 0.0732880831686571, 0.07402452346176033, 0.07251482086089871, 0.07141016042124385, 0.06956905968848576, 0.06796116504854369, 0.06879579738072736, 0.07539921200888638, 0.1251212057982399]",0.4964,0.6610,2.1618,0.5289
openmrg,radar (LINDA-P subset),steps,own,25,24,0.4630,0.8750,"[0.012191730909369846, 0.16666666666666666, 0.25, 0.3333333333333333, 0.41666666666666674, 0.5385115070527097, 0.6666666666666665, 0.75, 0.8333333333333333, 0.950070323488045]","[0.03727994477045219, 0.19894894894894896, 0.2631578947368421, 0.3438985736925515, 0.4597902097902098, 0.5211581291759465, 0.675392670157068, 0.7857142857142857, 0.8194726166328601, 0.8913502109704642]","[0.06910443136039665, 0.06972420204524327, 0.07325689494886892, 0.07300898667493028, 0.07127362875735978, 0.0754880694143167, 0.0754880694143167, 0.07790517508521846, 0.0766036566470406, 0.07759528974279517, 0.07362875735977688, 0.08267740935853735, 0.10424542919119925]",0.5124,0.6167,1.9225,0.5070
openmrg,radar (LINDA-P subset),steps,radar,25,24,0.4630,0.8750,"[0.012191730909369846, 0.16666666666666666, 0.25, 0.3333333333333333, 0.41666666666666674, 0.5385115070527097, 0.6666666666666665, 0.75, 0.8333333333333333, 0.950070323488045]","[0.03727994477045219, 0.19894894894894896, 0.2631578947368421, 0.3438985736925515, 0.4597902097902098, 0.5211581291759465, 0.675392670157068, 0.7857142857142857, 0.8194726166328601, 0.8913502109704642]","[0.07145955996281377, 0.07052990393554386, 0.07009606445615123, 0.0742485280446235, 0.07400061977068485, 0.07654167957855594, 0.07468236752401611, 0.07759528974279517, 0.07585993182522467, 0.07387666563371552, 0.07437248218159281, 0.08249147815308336, 0.10424542919119925]",0.5124,0.6167,1.9225,0.5070
openmrg,radar,steps,own,30,128,0.4975,0.8551,"[0.011311753804058192, 0.1666666666666667, 0.25, 0.3333333333333333, 0.4166666666666666, 0.540170349907919, 0.6666666666666667, 0.75, 0.8333333333333331, 0.9552673674588663]","[0.04214093110936121, 0.18411967779056387, 0.23533602469722156, 0.31790123456790126, 0.40687789799072643, 0.507366482504604, 0.6469344608879493, 0.7251908396946565, 0.7775768535262206, 0.8414076782449725]","[0.08176258139350961, 0.07506656473255477, 0.0757124403553634, 0.07299712651253526, 0.07417024754171829, 0.07411752300108085, 0.07401207391980598, 0.07087496375187831, 0.06757967996203833, 0.0668678986634329, 0.0669997100150265, 0.07555426673345109, 0.12428492341760472]",0.4660,0.6827,2.1810,0.4886
openmrg,radar,steps,radar,30,128,0.4975,0.8551,"[0.011311753804058192, 0.1666666666666667, 0.25, 0.3333333333333333, 0.4166666666666666, 0.540170349907919, 0.6666666666666667, 0.75, 0.8333333333333331, 0.9552673674588663]","[0.04214093110936121, 0.18411967779056387, 0.23533602469722156, 0.31790123456790126, 0.40687789799072643, 0.507366482504604, 0.6469344608879493, 0.7251908396946565, 0.7775768535262206, 0.8414076782449725]","[0.07770279176442675, 0.07369572667598133, 0.0774259879260802, 0.07332665489151925, 0.074855666570005, 0.07444705138006485, 0.07559381013892917, 0.07154720164500566, 0.06746104974560409, 0.06740832520496665, 0.06677563071731737, 0.07547517992249493, 0.12428492341760472]",0.4660,0.6827,2.1810,0.4886
openmrg,radar (LINDA-P subset),steps,own,30,24,0.4605,0.8606,"[0.012675401612938097, 0.16666666666666666, 0.25, 0.3333333333333333, 0.4166666666666666, 0.541927409261577, 0.6666666666666666, 0.75, 0.8333333333333334, 0.9511310285958173]","[0.043069339041318024, 0.20566194837635304, 0.2558139534883721, 0.33687943262411346, 0.42761692650334077, 0.5206508135168961, 0.711764705882353, 0.746268656716418, 0.8415300546448088, 0.9206145966709347]","[0.07476699561403509, 0.0717516447368421, 0.07038103070175439, 0.07161458333333333, 0.07730263157894737, 0.07319078947368421, 0.07819353070175439, 0.07702850877192982, 0.07120339912280702, 0.07421875, 0.07476699561403509, 0.0786047149122807, 0.10697642543859649]",0.4834,0.6060,1.9412,0.5019
openmrg,radar (LINDA-P subset),steps,radar,30,24,0.4605,0.8606,"[0.012675401612938097, 0.16666666666666666, 0.25, 0.3333333333333333, 0.4166666666666666, 0.541927409261577, 0.6666666666666666, 0.75, 0.8333333333333334, 0.9511310285958173]","[0.043069339041318024, 0.20566194837635304, 0.2558139534883721, 0.33687943262411346, 0.42761692650334077, 0.5206508135168961, 0.711764705882353, 0.746268656716418, 0.8415300546448088, 0.9206145966709347]","[0.07606907894736842, 0.0693530701754386, 0.07086074561403509, 0.07216282894736842, 0.07257401315789473, 0.07442434210526316, 0.0790844298245614, 0.07709703947368421, 0.07271107456140351, 0.07284813596491228, 0.07634320175438597, 0.07949561403508772, 0.10697642543859649]",0.4834,0.6060,1.9412,0.5019
openmrg,radar,steps,own,35,128,0.4959,0.8434,"[0.011819419820653152, 0.16666666666666663, 0.25, 0.3333333333333333, 0.41666666666666663, 0.5387546548887158, 0.6666666666666666, 0.75, 0.8333333333333331, 0.9543361140076466]","[0.044284282741077624, 0.19711941048400602, 0.2547555983626294, 0.2995073891625616, 0.3801546391752577, 0.5003897116134061, 0.6226628895184136, 0.7267920094007051, 0.7684545937334042, 0.8183003128258602]","[0.08204629179120039, 0.07674984360881351, 0.07440050045179676, 0.07437269757419893, 0.07331618822548133, 0.07192604434558977, 0.07228748175436157, 0.07125877528324182, 0.06518384652811567, 0.06888162924862723, 0.06774171126711614, 0.07449781052338918, 0.1273371793980677]",0.4399,0.6769,2.1191,0.4761
openmrg,radar,steps,radar,35,128,0.4959,0.8434,"[0.011819419820653152, 0.16666666666666663, 0.25, 0.3333333333333333, 0.41666666666666663, 0.5387546548887158, 0.6666666666666666, 0.75, 0.8333333333333331, 0.9543361140076466]","[0.044284282741077624, 0.19711941048400602, 0.2547555983626294, 0.2995073891625616, 0.3801546391752577, 0.5003897116134061, 0.6226628895184136, 0.7267920094007051, 0.7684545937334042, 0.8183003128258602]","[0.08164315006603183, 0.07844581914228123, 0.07395565441023146, 0.07367762563425315, 0.0740807673594217, 0.07220407312156808, 0.0702717731285188, 0.07157850837561687, 0.06622645443803434, 0.06970181413776326, 0.06676861055119204, 0.07410857023701953, 0.1273371793980677]",0.4399,0.6769,2.1191,0.4761
openmrg,radar (LINDA-P subset),steps,own,35,24,0.4867,0.8506,"[0.012444734611595999, 0.16666666666666663, 0.25, 0.33333333333333326, 0.4166666666666666, 0.5371202396234488, 0.6666666666666666, 0.75, 0.8333333333333333, 0.9568429237947121]","[0.0451515359769088, 0.2286212914485166, 0.2942708333333333, 0.36446886446886445, 0.4701492537313433, 0.5057766367137355, 0.6242424242424243, 0.7624521072796935, 0.8648648648648649, 0.9393468118195957]","[0.07300932185298513, 0.06994947698000427, 0.06809933821959724, 0.0717996157404113, 0.07293816266989255, 0.0711591830925781, 0.07315164021917028, 0.0776346687540027, 0.07372091368391091, 0.07521525652885505, 0.07969828506368747, 0.08226001565502028, 0.11136412153988472]",0.4580,0.6207,2.0935,0.4705
openmrg,radar (LINDA-P subset),steps,radar,35,24,0.4867,0.8506,"[0.012444734611595999, 0.16666666666666663, 0.25, 0.33333333333333326, 0.4166666666666666, 0.5371202396234488, 0.6666666666666666, 0.75, 0.8333333333333333, 0.9568429237947121]","[0.0451515359769088, 0.2286212914485166, 0.2942708333333333, 0.36446886446886445, 0.4701492537313433, 0.5057766367137355, 0.6242424242424243, 0.7624521072796935, 0.8648648648648649, 0.9393468118195957]","[0.07108802390948551, 0.07172845655731873, 0.06845513413506013, 0.07393439123318864, 0.07009179534618942, 0.07364975450081833, 0.07443250551483668, 0.07628264427524371, 0.0708033871771152, 0.07542873407813279, 0.08040987689461325, 0.08233117483811286, 0.11136412153988472]",0.4580,0.6207,2.0935,0.4705
openmrg,radar,steps,own,40,128,0.5056,0.8340,"[0.012837837837837842, 0.16666666666666669, 0.25, 0.3333333333333335, 0.4166666666666666, 0.539132882882883, 0.6666666666666667, 0.75, 0.8333333333333333, 0.9511180447217886]","[0.04629786036036036, 0.19193630357445365, 0.262855651265988, 0.30848787446504994, 0.3999064546304958, 0.48254504504504503, 0.622629582806574, 0.7558139534883721, 0.8082360172095882, 0.8225429017160687]","[0.07789779187361619, 0.07360421279396805, 0.07390341691101669, 0.07382861588175453, 0.07314044641254264, 0.0730806055891329, 0.0731703668242475, 0.07176410747411885, 0.0697145592723356, 0.07156962479803722, 0.07088145532882532, 0.0756986416133086, 0.12174615522709592]",0.4241,0.6819,2.2653,0.4337
openmrg,radar,steps,radar,40,128,0.5056,0.8340,"[0.012837837837837842, 0.16666666666666669, 0.25, 0.3333333333333335, 0.4166666666666666, 0.539132882882883, 0.6666666666666667, 0.75, 0.8333333333333333, 0.9511180447217886]","[0.04629786036036036, 0.19193630357445365, 0.262855651265988, 0.30848787446504994, 0.3999064546304958, 0.48254504504504503, 0.622629582806574, 0.7558139534883721, 0.8082360172095882, 0.8225429017160687]","[0.07786787146191132, 0.07544431811381724, 0.0744120639099994, 0.07369397402908263, 0.07306564538328048, 0.0733050086769194, 0.07290108311890371, 0.07056729100592424, 0.06996888277182695, 0.07061217162348155, 0.07127042068098857, 0.0751451139967686, 0.12174615522709592]",0.4241,0.6819,2.2653,0.4337
openmrg,radar (LINDA-P subset),steps,own,40,24,0.5014,0.8446,"[0.013531689167106621, 0.16666666666666669, 0.25, 0.3333333333333334, 0.41666666666666663, 0.5378451676528601, 0.6666666666666666, 0.75, 0.8333333333333333, 0.9488396624472575]","[0.04713779319707369, 0.23550087873462214, 0.30027173913043476, 0.3780487804878049, 0.5050709939148073, 0.5, 0.6547085201793722, 0.8720379146919431, 0.9201520912547528, 0.9388185654008439]","[0.07476347973232829, 0.06991769863856627, 0.07060995308053226, 0.0723790477655565, 0.06737943235135758, 0.0722252134451196, 0.0737635566494885, 0.0730713022075225, 0.07722482885931851, 0.07684024305822629, 0.08076301822936698, 0.0840704561187601, 0.10699176986385663]",0.4448,0.6388,2.3816,0.4115
openmrg,radar (LINDA-P subset),steps,radar,40,24,0.5014,0.8446,"[0.013531689167106621, 0.16666666666666669, 0.25, 0.3333333333333334, 0.41666666666666663, 0.5378451676528601, 0.6666666666666666, 0.75, 0.8333333333333333, 0.9488396624472575]","[0.04713779319707369, 0.23550087873462214, 0.30027173913043476, 0.3780487804878049, 0.5050709939148073, 0.5, 0.6547085201793722, 0.8720379146919431, 0.9201520912547528, 0.9388185654008439]","[0.07176371048380893, 0.07060995308053226, 0.06461041458349358, 0.06761018383201292, 0.07014845011922159, 0.07384047380970694, 0.07522498269363895, 0.07876317206368741, 0.07591723713560496, 0.07814783478193985, 0.08145527267133297, 0.08491654488116299, 0.10699176986385663]",0.4448,0.6388,2.3816,0.4115
openmrg,radar,steps,own,45,125,0.5121,0.8148,"[0.013363337905947995, 0.16666666666666666, 0.25, 0.33333333333333337, 0.41666666666666663, 0.5406754993475861, 0.6666666666666666, 0.75, 0.8333333333333333, 0.9529081005095767]","[0.05112594213844233, 0.186307519640853, 0.23920454545454545, 0.3013964313421257, 0.37902028698664025, 0.5019572417946402, 0.630418809698751, 0.7320028510334996, 0.78027950310559, 0.7970479704797048]","[0.07897904737116085, 0.07496095783446122, 0.07149596564289433, 0.07294377928162415, 0.07369208745445081, 0.07165864133263924, 0.07330166579906298, 0.07143089536699636, 0.07138209266007288, 0.0706663196251952, 0.06824245184799584, 0.07595327954190526, 0.12529281624154087]",0.4008,0.6860,2.4332,0.3938
openmrg,radar,steps,radar,45,125,0.5121,0.8148,"[0.013363337905947995, 0.16666666666666666, 0.25, 0.33333333333333337, 0.41666666666666663, 0.5406754993475861, 0.6666666666666666, 0.75, 0.8333333333333333, 0.9529081005095767]","[0.05112594213844233, 0.186307519640853, 0.23920454545454545, 0.3013964313421257, 0.37902028698664025, 0.5019572417946402, 0.630418809698751, 0.7320028510334996, 0.78027950310559, 0.7970479704797048]","[0.07733602290473712, 0.07442412805830297, 0.07408250910983863, 0.0715610359187923, 0.07333420093701197, 0.07214666840187402, 0.0715773034877668, 0.07211413326392505, 0.0713495575221239, 0.0713495575221239, 0.06881181676210307, 0.07662024986985945, 0.12529281624154087]",0.4008,0.6860,2.4332,0.3938
openmrg,radar (LINDA-P subset),steps,own,45,24,0.4833,0.8252,"[0.013753714457075867, 0.16666666666666663, 0.25, 0.33333333333333337, 0.4166666666666666, 0.5353081986834233, 0.6666666666666667, 0.75, 0.8333333333333333, 0.9459523809523811]","[0.052179602519015295, 0.21656686626746507, 0.3158682634730539, 0.3687374749498998, 0.5053763440860215, 0.4757630161579892, 0.6235955056179775, 0.7959183673469388, 0.9191489361702128, 0.96]","[0.07498949138293401, 0.06893652795292139, 0.06817990752416982, 0.06523749474569147, 0.06565783942833123, 0.06969314838167297, 0.07112232030264817, 0.0764186633039092, 0.07574611181168558, 0.0848255569567045, 0.0773434216057167, 0.09012189995796553, 0.11172761664564944]",0.4141,0.6168,2.0985,0.4058
openmrg,radar (LINDA-P subset),steps,radar,45,24,0.4833,0.8252,"[0.013753714457075867, 0.16666666666666663, 0.25, 0.33333333333333337, 0.4166666666666666, 0.5353081986834233, 0.6666666666666667, 0.75, 0.8333333333333333, 0.9459523809523811]","[0.052179602519015295, 0.21656686626746507, 0.3158682634730539, 0.3687374749498998, 0.5053763440860215, 0.4757630161579892, 0.6235955056179775, 0.7959183673469388, 0.9191489361702128, 0.96]","[0.07364438839848676, 0.06902059688944935, 0.07044976881042454, 0.0673392181588903, 0.0673392181588903, 0.06792770071458597, 0.06843211433375368, 0.07776376628835645, 0.07532576712904582, 0.08196721311475409, 0.07810004203446827, 0.09096258932324507, 0.11172761664564944]",0.4141,0.6168,2.0985,0.4058
openmrg,radar,steps,own,50,120,0.5090,0.8070,"[0.013461789087777155, 0.1666666666666666, 0.25, 0.3333333333333334, 0.41666666666666674, 0.5389447236180904, 0.6666666666666666, 0.75, 0.8333333333333333, 0.9553254437869823]","[0.05206792799224846, 0.16861167002012073, 0.2426310890474713, 0.31276778063410454, 0.3742871954380508, 0.4817420435510888, 0.6231404958677685, 0.6825127334465195, 0.7799607072691552, 0.8023668639053254]","[0.08250784143467244, 0.07701440697488969, 0.07607520688983006, 0.07433857277028584, 0.07148553100246319, 0.07189310839786642, 0.0704222856231504, 0.06983750066452836, 0.07098934982545055, 0.06785277595647782, 0.0684021194024561, 0.0755967464691393, 0.12358455458878985]",0.3845,0.6789,2.2470,0.4073
openmrg,radar,steps,radar,50,120,0.5090,0.8070,"[0.013461789087777155, 0.1666666666666666, 0.25, 0.3333333333333334, 0.41666666666666674, 0.5389447236180904, 0.6666666666666666, 0.75, 0.8333333333333333, 0.9553254437869823]","[0.05206792799224846, 0.16861167002012073, 0.2426310890474713, 0.31276778063410454, 0.3742871954380508, 0.4817420435510888, 0.6231404958677685, 0.6825127334465195, 0.7799607072691552, 0.8023668639053254]","[0.08101929790363453, 0.0791054562208715, 0.07540181814959862, 0.07219436125533837, 0.07254877638177597, 0.07106023285073806, 0.06973117612659709, 0.07017419503464407, 0.07210575747372898, 0.06802998351969662, 0.06925271570590633, 0.07579167478867999, 0.12358455458878985]",0.3845,0.6789,2.2470,0.4073
openmrg,radar (LINDA-P subset),steps,own,50,23,0.4768,0.8255,"[0.013614494061043451, 0.16666666666666666, 0.25, 0.3333333333333333, 0.41666666666666674, 0.5345135908440629, 0.6666666666666666, 0.75, 0.8333333333333333, 0.9472693032015067]","[0.05151105096977898, 0.18545454545454546, 0.34262295081967215, 0.36026200873362446, 0.44063324538258575, 0.5, 0.5588235294117647, 0.7928994082840237, 0.848780487804878, 0.9717514124293786]","[0.0750481077613855, 0.07303216347475489, 0.06927517639512508, 0.07037478236965088, 0.06533492165307432, 0.066984330614863, 0.07477320626775405, 0.08118757445248787, 0.07743058737285806, 0.07770548886648951, 0.07303216347475489, 0.0820122789333822, 0.11380921836341977]",0.4155,0.6130,1.9128,0.4294
openmrg,radar (LINDA-P subset),steps,radar,50,23,0.4768,0.8255,"[0.013614494061043451, 0.16666666666666666, 0.25, 0.3333333333333333, 0.41666666666666674, 0.5345135908440629, 0.6666666666666666, 0.75, 0.8333333333333333, 0.9472693032015067]","[0.05151105096977898, 0.18545454545454546, 0.34262295081967215, 0.36026200873362446, 0.44063324538258575, 0.5, 0.5588235294117647, 0.7928994082840237, 0.848780487804878, 0.9717514124293786]","[0.07523137542380647, 0.06936681022633556, 0.07202419133143957, 0.07138275451296619, 0.06405204801612756, 0.07138275451296619, 0.0755979107486484, 0.07843855951617337, 0.07724731971043709, 0.07779712269769999, 0.07193255750022909, 0.08173737743975075, 0.11380921836341977]",0.4155,0.6130,1.9128,0.4294
openmrg,radar,steps,own,55,114,0.5061,0.7965,"[0.014528385533742944, 0.16666666666666663, 0.25, 0.3333333333333332, 0.4166666666666666, 0.5380902777777778, 0.6666666666666667, 0.75, 0.8333333333333334, 0.9522538552787664]","[0.05333058594335381, 0.1854206399660945, 0.25474254742547425, 0.3007125890736342, 0.35651629072681706, 0.47125, 0.5983263598326359, 0.7030947775628626, 0.7680311890838206, 0.7644128113879004]","[0.0821577721752853, 0.07626874001655087, 0.07496006620349878, 0.07411327726564154, 0.07397856084370971, 0.07166913646773541, 0.07130347760820616, 0.07132272281133928, 0.0694366929042936, 0.0686283943727026, 0.0683204711225727, 0.0747868593753007, 0.12305382883316333]",0.3699,0.6787,2.1931,0.4032
openmrg,radar,steps,radar,55,114,0.5061,0.7965,"[0.014528385533742944, 0.16666666666666663, 0.25, 0.3333333333333332, 0.4166666666666666, 0.5380902777777778, 0.6666666666666667, 0.75, 0.8333333333333334, 0.9522538552787664]","[0.05333058594335381, 0.1854206399660945, 0.25474254742547425, 0.3007125890736342, 0.35651629072681706, 0.47125, 0.5983263598326359, 0.7030947775628626, 0.7680311890838206, 0.7644128113879004]","[0.08315852273820751, 0.0757876099382229, 0.07513327303169685, 0.07211177613979716, 0.07126498720193991, 0.07061065029541387, 0.07151517484267046, 0.07278535824945633, 0.0707453667173457, 0.0692249956698293, 0.06945593810742673, 0.07515251823482996, 0.12305382883316333]",0.3699,0.6787,2.1931,0.4032
openmrg,radar (LINDA-P subset),steps,own,55,22,0.4836,0.8154,"[0.015822573649617987, 0.16666666666666666, 0.25, 0.3333333333333333, 0.41666666666666674, 0.536036036036036, 0.6666666666666667, 0.75, 0.8333333333333335, 0.9418079096045197]","[0.05314783304974477, 0.20786516853932585, 0.37222222222222223, 0.37170263788968827, 0.47619047619047616, 0.5225225225225225, 0.5826086956521739, 0.7404580152671756, 0.8275862068965517, 0.9491525423728814]","[0.0719310413157634, 0.06796789854354503, 0.07173288417715248, 0.07411076984048351, 0.07331814128603983, 0.06717526998910135, 0.07014762706826513, 0.07767759833548003, 0.07965916972158922, 0.07856930545922917, 0.07500247696423264, 0.08649559100366591, 0.1062122262954523]",0.3994,0.6175,1.9748,0.4271
openmrg,radar (LINDA-P subset),steps,radar,55,22,0.4836,0.8154,"[0.015822573649617987, 0.16666666666666666, 0.25, 0.3333333333333333, 0.41666666666666674, 0.536036036036036, 0.6666666666666667, 0.75, 0.8333333333333335, 0.9418079096045197]","[0.05314783304974477, 0.20786516853932585, 0.37222222222222223, 0.37170263788968827, 0.47619047619047616, 0.5225225225225225, 0.5826086956521739, 0.7404580152671756, 0.8275862068965517, 0.9491525423728814]","[0.07371445556326167, 0.06955315565243238, 0.07044486277618152, 0.06885960566729417, 0.07163380560784702, 0.07123749133062518, 0.06846329139007233, 0.07520063410284356, 0.08203705538492025, 0.07866838402853463, 0.07797483404339642, 0.08600019815713861, 0.1062122262954523]",0.3994,0.6175,1.9748,0.4271
openmrg,radar,steps,own,60,111,0.5190,0.7775,"[0.014825669530065692, 0.16666666666666669, 0.25, 0.3333333333333333, 0.4166666666666667, 0.5388327205882353, 0.6666666666666666, 0.75, 0.8333333333333333, 0.9540588760035681]","[0.05984840828701364, 0.1971928209848136, 0.25851103628881406, 0.32411273486430064, 0.3500784929356358, 0.45909926470588236, 0.6137387387387387, 0.7153558052434457, 0.7753530166880617, 0.760035682426405]","[0.08332636508069237, 0.07628146166067397, 0.07080441508487331, 0.07226774813947655, 0.07224684338155364, 0.07038631992641525, 0.06992641525211138, 0.06973827243080526, 0.06898570114558074, 0.0674805585751317, 0.06925746299857848, 0.07816288987373526, 0.1311355464503721]",0.3446,0.6845,2.2588,0.3734
openmrg,radar,steps,radar,60,111,0.5190,0.7775,"[0.014825669530065692, 0.16666666666666669, 0.25, 0.3333333333333333, 0.4166666666666667, 0.5388327205882353, 0.6666666666666666, 0.75, 0.8333333333333333, 0.9540588760035681]","[0.05984840828701364, 0.1971928209848136, 0.25851103628881406, 0.32411273486430064, 0.3500784929356358, 0.45909926470588236, 0.6137387387387387, 0.7153558052434457, 0.7753530166880617, 0.760035682426405]","[0.08180031775232043, 0.0745672715109959, 0.07161970064386654, 0.07084622460071913, 0.07274855757170332, 0.0712852245171001, 0.07180784346517267, 0.0707417008111046, 0.06810770131281879, 0.06904841541934945, 0.06827493937620202, 0.07801655656827494, 0.1311355464503721]",0.3446,0.6845,2.2588,0.3734
openmrg,radar (LINDA-P subset),steps,own,60,22,0.5236,0.8086,"[0.016524869109947642, 0.16666666666666669, 0.25, 0.3333333333333333, 0.4166666666666667, 0.5390554041780201, 0.6666666666666669, 0.75, 0.833333333333333, 0.9456181533646322]","[0.058355148342059335, 0.2394904458598726, 0.35913978494623655, 0.47126436781609193, 0.4863636363636364, 0.5258855585831063, 0.6372549019607843, 0.8125, 0.8968253968253969, 1.0]","[0.07157486256332866, 0.0672631238546944, 0.0722216233696238, 0.062412417807480865, 0.06834105853185297, 0.07135927562789694, 0.07319176457906651, 0.07556322086881535, 0.07620998167511049, 0.08149186159318746, 0.07620998167511049, 0.08407890481836801, 0.12008192303546406]",0.3936,0.6550,2.1678,0.3974
openmrg,radar (LINDA-P subset),steps,radar,60,22,0.5236,0.8086,"[0.016524869109947642, 0.16666666666666669, 0.25, 0.3333333333333333, 0.4166666666666667, 0.5390554041780201, 0.6666666666666669, 0.75, 0.833333333333333, 0.9456181533646322]","[0.058355148342059335, 0.2394904458598726, 0.35913978494623655, 0.47126436781609193, 0.4863636363636364, 0.5258855585831063, 0.6372549019607843, 0.8125, 0.8968253968253969, 1.0]","[0.07545542740109949, 0.07017354748302253, 0.06424490675865042, 0.064568287161798, 0.07189824296647623, 0.07157486256332866, 0.06888002587043225, 0.07437749272394092, 0.07523984046566778, 0.07912040530343861, 0.07901261183572275, 0.08537242643095828, 0.12008192303546406]",0.3936,0.6550,2.1678,0.3974
openmrg,radar,steps,own,65,103,0.5073,0.7619,"[0.01577687641599065, 0.16666666666666666, 0.25, 0.33333333333333326, 0.41666666666666674, 0.5389755011135858, 0.6666666666666665, 0.75, 0.8333333333333334, 0.9571090047393366]","[0.06174084630563473, 0.17950563954883608, 0.27019150707743544, 0.2995310668229777, 0.34596375617792424, 0.4298440979955457, 0.5612998522895125, 0.6924265842349304, 0.7982142857142858, 0.7630331753554502]","[0.08393100317748525, 0.07753064003631412, 0.07330912392192465, 0.0726963231956423, 0.07058556513844758, 0.07280980481162051, 0.06799818429414435, 0.07019972764412165, 0.06808896958692692, 0.06729459827507944, 0.06731729459827508, 0.07737176577394463, 0.13086699954607353]",0.3252,0.6806,2.1434,0.3455
openmrg,radar,steps,radar,65,103,0.5073,0.7619,"[0.01577687641599065, 0.16666666666666666, 0.25, 0.33333333333333326, 0.41666666666666674, 0.5389755011135858, 0.6666666666666665, 0.75, 0.8333333333333334, 0.9571090047393366]","[0.06174084630563473, 0.17950563954883608, 0.27019150707743544, 0.2995310668229777, 0.34596375617792424, 0.4298440979955457, 0.5612998522895125, 0.6924265842349304, 0.7982142857142858, 0.7630331753554502]","[0.08107126645483431, 0.07521561507035861, 0.07328642759872901, 0.0751021334543804, 0.07260553790285974, 0.07106218792555606, 0.07308216068996823, 0.06870177031320926, 0.06756695415342714, 0.06645483431684067, 0.06659101225601452, 0.07839310031774853, 0.13086699954607353]",0.3252,0.6806,2.1434,0.3455
openmrg,radar (LINDA-P subset),steps,own,65,20,0.5124,0.7806,"[0.017685997400909682, 0.16666666666666663, 0.25, 0.33333333333333326, 0.4166666666666667, 0.5325953259532596, 0.6666666666666667, 0.75, 0.8333333333333333, 0.9525462962962962]","[0.06786062378167641, 0.21080368906455862, 0.4, 0.4520123839009288, 0.5019762845849802, 0.45018450184501846, 0.5063291139240507, 0.6774193548387096, 0.8918918918918919, 0.9398148148148148]","[0.07264351523742027, 0.06461138672336404, 0.06874557051736357, 0.06555634301913536, 0.07500590597684857, 0.07217103708953461, 0.06839121190644933, 0.06803685329553508, 0.07559650366170564, 0.07547838412473423, 0.07795889440113395, 0.0901252067091897, 0.12567918733758562]",0.3579,0.6530,1.8907,0.4142
openmrg,radar (LINDA-P subset),steps,radar,65,20,0.5124,0.7806,"[0.017685997400909682, 0.16666666666666663, 0.25, 0.33333333333333326, 0.4166666666666667, 0.5325953259532596, 0.6666666666666667, 0.75, 0.8333333333333333, 0.9525462962962962]","[0.06786062378167641, 0.21080368906455862, 0.4, 0.4520123839009288, 0.5019762845849802, 0.45018450184501846, 0.5063291139240507, 0.6774193548387096, 0.8918918918918919, 0.9398148148148148]","[0.07429718875502007, 0.06862745098039216, 0.0681549728325065, 0.07512402551381998, 0.06756437514764942, 0.0696905268131349, 0.07016300496102056, 0.07299787384833452, 0.07299787384833452, 0.06980864635010631, 0.07382471060713441, 0.09107016300496103, 0.12567918733758562]",0.3579,0.6530,1.8907,0.4142
openmrg,radar,steps,own,70,100,0.5060,0.7489,"[0.015568599265293085, 0.16666666666666669, 0.25, 0.3333333333333333, 0.4166666666666667, 0.5360373092142453, 0.6666666666666667, 0.75, 0.8333333333333334, 0.9519498607242339]","[0.06420699568758984, 0.18316299085529855, 0.2398573339277753, 0.3133514986376022, 0.3377862595419847, 0.4364047484454494, 0.5518796992481203, 0.6506024096385542, 0.7471698113207547, 0.7506963788300836]","[0.08307791180541824, 0.07558829345461736, 0.07311647221672929, 0.07205358908443742, 0.07286929009294048, 0.06940874035989718, 0.06965592248368598, 0.07106486058928219, 0.07106486058928219, 0.06560213565354954, 0.06619537275064268, 0.07786236899347439, 0.13244018192604312]",0.3042,0.6780,2.1124,0.3239
openmrg,radar,steps,radar,70,100,0.5060,0.7489,"[0.015568599265293085, 0.16666666666666669, 0.25, 0.3333333333333333, 0.4166666666666667, 0.5360373092142453, 0.6666666666666667, 0.75, 0.8333333333333334, 0.9519498607242339]","[0.06420699568758984, 0.18316299085529855, 0.2398573339277753, 0.3133514986376022, 0.3377862595419847, 0.4364047484454494, 0.5518796992481203, 0.6506024096385542, 0.7471698113207547, 0.7506963788300836]","[0.08213861973502076, 0.07632983982598378, 0.07467371959659877, 0.0716828158987542, 0.07331421791576033, 0.06960648605892822, 0.06953233142179158, 0.06804923867905872, 0.07044690527981017, 0.06745600158196559, 0.06557741744117065, 0.0787522246391141, 0.13244018192604312]",0.3042,0.6780,2.1124,0.3239
openmrg,radar (LINDA-P subset),steps,own,70,19,0.5099,0.7730,"[0.01812916892013701, 0.16666666666666666, 0.25, 0.33333333333333326, 0.4166666666666667, 0.534037558685446, 0.6666666666666667, 0.75, 0.8333333333333335, 0.9448924731182796]","[0.07057869118442402, 0.23170731707317074, 0.33636363636363636, 0.5257352941176471, 0.4723618090452261, 0.4612676056338028, 0.5783132530120482, 0.8026315789473685, 0.8415841584158416, 1.0]","[0.07269434743241496, 0.06583883068167119, 0.06958996248868193, 0.07204760056913724, 0.06700297503557108, 0.06661492691760446, 0.0646746863277713, 0.0779976717112922, 0.07916181606519208, 0.07592808174880351, 0.07942051481050316, 0.08782822403311344, 0.12120036217824344]",0.3448,0.6468,1.8199,0.4384
openmrg,radar (LINDA-P subset),steps,radar,70,19,0.5099,0.7730,"[0.01812916892013701, 0.16666666666666666, 0.25, 0.33333333333333326, 0.4166666666666667, 0.534037558685446, 0.6666666666666667, 0.75, 0.8333333333333335, 0.9448924731182796]","[0.07057869118442402, 0.23170731707317074, 0.33636363636363636, 0.5257352941176471, 0.4723618090452261, 0.4612676056338028, 0.5783132530120482, 0.8026315789473685, 0.8415841584158416, 1.0]","[0.06933126374337084, 0.06545078256370457, 0.0710128055878929, 0.06868451688009314, 0.07269434743241496, 0.0673910231535377, 0.0640279394644936, 0.07605743112145906, 0.07683352735739232, 0.0773509248480145, 0.0831716466175139, 0.0867934290518691, 0.12120036217824344]",0.3448,0.6468,1.8199,0.4384
openmrg,radar,steps,own,75,98,0.5043,0.7285,"[0.014762923537187781, 0.16666666666666666, 0.25, 0.33333333333333337, 0.4166666666666667, 0.535988819007687, 0.6666666666666667, 0.75, 0.8333333333333335, 0.9541139240506329]","[0.06585264036735546, 0.18437862950058073, 0.23330058939096268, 0.2895306859205776, 0.31282586027111575, 0.41020265548567436, 0.5370741482965932, 0.5959367945823928, 0.6730310262529833, 0.6835443037974683]","[0.08750987926852533, 0.07679938952933803, 0.0745101245469163, 0.07249339111002098, 0.07047665767312566, 0.06875970893630938, 0.06837816477257243, 0.06693374758128254, 0.06756057013599324, 0.06404491319870274, 0.06715177281770365, 0.07429209931049519, 0.1410895811190145]",0.2736,0.6743,2.0780,0.2751
openmrg,radar,steps,radar,75,98,0.5043,0.7285,"[0.014762923537187781, 0.16666666666666666, 0.25, 0.33333333333333337, 0.4166666666666667, 0.535988819007687, 0.6666666666666667, 0.75, 0.8333333333333335, 0.9541139240506329]","[0.06585264036735546, 0.18437862950058073, 0.23330058939096268, 0.2895306859205776, 0.31282586027111575, 0.41020265548567436, 0.5370741482965932, 0.5959367945823928, 0.6730310262529833, 0.6835443037974683]","[0.08527512059520889, 0.0791976671299703, 0.07298394789196849, 0.07344725151936336, 0.07183931540075764, 0.0703676450549151, 0.06851443054533563, 0.0669064944267299, 0.06478074837162402, 0.06437195105333442, 0.06589812770828224, 0.07532771918349548, 0.1410895811190145]",0.2736,0.6743,2.0780,0.2751
openmrg,radar (LINDA-P subset),steps,own,75,19,0.5154,0.7565,"[0.016208202521552795, 0.16666666666666666, 0.25, 0.3333333333333333, 0.41666666666666674, 0.5352983988355168, 0.6666666666666669, 0.75, 0.8333333333333336, 0.955043859649123]","[0.07146060696666168, 0.2571428571428571, 0.2985781990521327, 0.3814814814814815, 0.47540983606557374, 0.4978165938864629, 0.5, 0.5797101449275363, 0.8625, 1.0]","[0.07121277514026758, 0.07078118256365991, 0.06732844195079844, 0.06847935548841894, 0.06732844195079844, 0.06905481225722918, 0.06445115810674723, 0.07121277514026758, 0.07322687383110343, 0.07236368867788807, 0.08099554021004172, 0.09394331750827219, 0.12962163717450725]",0.3048,0.6599,1.9420,0.3479
openmrg,radar (LINDA-P subset),steps,radar,75,19,0.5154,0.7565,"[0.016208202521552795, 0.16666666666666666, 0.25, 0.3333333333333333, 0.41666666666666674, 0.5352983988355168, 0.6666666666666669, 0.75, 0.8333333333333336, 0.955043859649123]","[0.07146060696666168, 0.2571428571428571, 0.2985781990521327, 0.3814814814814815, 0.47540983606557374, 0.4978165938864629, 0.5, 0.5797101449275363, 0.8625, 1.0]","[0.07394619479211624, 0.06919867644943174, 0.06732844195079844, 0.06847935548841894, 0.06761617033520356, 0.06229319522370882, 0.06632139260538052, 0.07063731837145734, 0.07610415767515466, 0.07466551575312905, 0.08056394763343404, 0.0932239965472594, 0.12962163717450725]",0.3048,0.6599,1.9420,0.3479
openmrg,radar,steps,own,80,98,0.5016,0.7122,"[0.014931728503704545, 0.16666666666666666, 0.25, 0.3333333333333333, 0.41666666666666663, 0.535111281657713, 0.6666666666666666, 0.75, 0.8333333333333333, 0.9546153846153846]","[0.06866891872711273, 0.17862788491938034, 0.2412349555206698, 0.28236184708554124, 0.32978723404255317, 0.38679969301611666, 0.4483695652173913, 0.5271966527196653, 0.6310344827586207, 0.6507692307692308]","[0.08790521834906082, 0.07686125085583306, 0.07188997707855803, 0.07114577441728932, 0.0747477152978299, 0.07013365879796386, 0.06584705146905605, 0.06691870330128301, 0.06340606674009466, 0.06438841425296937, 0.06486470395618135, 0.07567052659780311, 0.14622093888607746]",0.2510,0.6703,2.0186,0.2710
openmrg,radar,steps,radar,80,98,0.5016,0.7122,"[0.014931728503704545, 0.16666666666666666, 0.25, 0.3333333333333333, 0.41666666666666663, 0.535111281657713, 0.6666666666666666, 0.75, 0.8333333333333333, 0.9546153846153846]","[0.06866891872711273, 0.17862788491938034, 0.2412349555206698, 0.28236184708554124, 0.32978723404255317, 0.38679969301611666, 0.4483695652173913, 0.5271966527196653, 0.6310344827586207, 0.6507692307692308]","[0.08784568213615931, 0.07528354121394339, 0.07308070133658798, 0.0726639478462775, 0.07221742624951627, 0.06980620962700562, 0.06632334117226803, 0.06813919566576371, 0.06418003750781413, 0.06507308070133659, 0.06420980561426487, 0.07495609204298515, 0.14622093888607746]",0.2510,0.6703,2.0186,0.2710
openmrg,radar (LINDA-P subset),steps,own,80,19,0.5440,0.7350,"[0.01710075204600752, 0.16666666666666666, 0.25, 0.3333333333333333, 0.41666666666666663, 0.536046511627907, 0.6666666666666667, 0.75, 0.8333333333333333, 0.9351851851851853]","[0.07929661579296615, 0.25821596244131456, 0.32020997375328086, 0.4166666666666667, 0.49295774647887325, 0.46511627906976744, 0.3389830508474576, 0.5535714285714286, 0.84375, 1.0]","[0.06983464440520147, 0.06662385615668646, 0.07320597206614224, 0.06903194734307272, 0.06758709263124096, 0.06774763204366673, 0.06855032910579548, 0.06967410499277572, 0.06662385615668646, 0.07176111735431048, 0.0794670091507465, 0.0921496227323808, 0.13774281586129394]",0.2666,0.6922,1.9860,0.3306
openmrg,radar (LINDA-P subset),steps,radar,80,19,0.5440,0.7350,"[0.01710075204600752, 0.16666666666666666, 0.25, 0.3333333333333333, 0.41666666666666663, 0.536046511627907, 0.6666666666666667, 0.75, 0.8333333333333333, 0.9351851851851853]","[0.07929661579296615, 0.25821596244131456, 0.32020997375328086, 0.4166666666666667, 0.49295774647887325, 0.46511627906976744, 0.3389830508474576, 0.5535714285714286, 0.84375, 1.0]","[0.06919248675549848, 0.06566061968213197, 0.06999518381762723, 0.07481136619039974, 0.07047680205490447, 0.07047680205490447, 0.06325252849574571, 0.07031626264247873, 0.06405522555787446, 0.07481136619039974, 0.07834323326376626, 0.0908653074329748, 0.13774281586129394]",0.2666,0.6922,1.9860,0.3306
openmrg,radar,steps,own,85,90,0.5087,0.7042,"[0.014979657577944422, 0.16666666666666666, 0.25, 0.3333333333333333, 0.4166666666666667, 0.5354184518708941, 0.6666666666666666, 0.75, 0.8333333333333333, 0.9563230994152047]","[0.06799284616108688, 0.17637215528781794, 0.23545405111473627, 0.2814569536423841, 0.34185303514376997, 0.37275064267352187, 0.46794871794871795, 0.5258964143426295, 0.5240174672489083, 0.6008771929824561]","[0.08741790417030638, 0.07522080947296904, 0.07185609369439322, 0.06955902811478858, 0.07612669449027791, 0.06939726293312627, 0.06658254877220227, 0.06803843540716296, 0.0645443074832573, 0.064382542301595, 0.06629137144521013, 0.07567375198162347, 0.14490924973308744]",0.2314,0.6866,2.0829,0.2440
openmrg,radar,steps,radar,85,90,0.5087,0.7042,"[0.014979657577944422, 0.16666666666666666, 0.25, 0.3333333333333333, 0.4166666666666667, 0.5354184518708941, 0.6666666666666666, 0.75, 0.8333333333333333, 0.9563230994152047]","[0.06799284616108688, 0.17637215528781794, 0.23545405111473627, 0.2814569536423841, 0.34185303514376997, 0.37275064267352187, 0.46794871794871795, 0.5258964143426295, 0.5240174672489083, 0.6008771929824561]","[0.08664143129832735, 0.07544728072729626, 0.07217962405771781, 0.07302080300236177, 0.0737972758743408, 0.06820020058882525, 0.06955902811478858, 0.06480313177391699, 0.06648548966320489, 0.06451195444692484, 0.0648678378465819, 0.0755766928726261, 0.14490924973308744]",0.2314,0.6866,2.0829,0.2440
openmrg,radar (LINDA-P subset),steps,own,85,16,0.5437,0.7389,"[0.017470365543350085, 0.16666666666666669, 0.25, 0.3333333333333333, 0.4166666666666666, 0.5399807321772641, 0.6666666666666669, 0.75, 0.8333333333333334, 0.9431818181818183]","[0.07186743623161422, 0.26885245901639343, 0.29770992366412213, 0.41312741312741313, 0.5333333333333333, 0.5549132947976878, 0.625, 0.4482758620689655, 0.4, 1.0]","[0.0727881565033486, 0.0676771237222418, 0.06556221360592175, 0.06714839619316179, 0.06609094113500176, 0.07102573140641523, 0.07102573140641523, 0.07067324638702856, 0.06432851603806838, 0.07578427916813535, 0.0838914346140289, 0.09287980260838914, 0.1311244272118435]",0.2514,0.6955,1.9143,0.3121
openmrg,radar (LINDA-P subset),steps,radar,85,16,0.5437,0.7389,"[0.017470365543350085, 0.16666666666666669, 0.25, 0.3333333333333333, 0.4166666666666666, 0.5399807321772641, 0.6666666666666669, 0.75, 0.8333333333333334, 0.9431818181818183]","[0.07186743623161422, 0.26885245901639343, 0.29770992366412213, 0.41312741312741313, 0.5333333333333333, 0.5549132947976878, 0.625, 0.4482758620689655, 0.4, 1.0]","[0.06873457878040183, 0.07032076136764187, 0.06661966866408178, 0.06943954881917519, 0.06362354599929503, 0.07014451885794853, 0.07190694395488191, 0.07490306661966867, 0.0662671836446951, 0.0722594289742686, 0.08160028198801551, 0.09305604511808248, 0.1311244272118435]",0.2514,0.6955,1.9143,0.3121
openmrg,radar,steps,own,90,83,0.5004,0.6946,"[0.015976855713094252, 0.1666666666666667, 0.25, 0.33333333333333337, 0.41666666666666663, 0.5351119288561791, 0.6666666666666666, 0.75, 0.8333333333333334, 0.9647435897435896]","[0.06912010008340283, 0.17457442955450925, 0.24316109422492402, 0.29591836734693877, 0.343409915356711, 0.38362465501379944, 0.5270758122743683, 0.3522727272727273, 0.36283185840707965, 0.4835164835164835]","[0.08771554795496651, 0.0748182984181274, 0.07456890409006699, 0.07146928886988742, 0.07057859484110018, 0.06861906797776827, 0.06840530141085935, 0.06961664529000998, 0.06473564201225596, 0.06430810887843807, 0.06298988171583297, 0.07827419124982186, 0.14390052729086505]",0.2166,0.6735,2.0947,0.2085
openmrg,radar,steps,radar,90,83,0.5004,0.6946,"[0.015976855713094252, 0.1666666666666667, 0.25, 0.33333333333333337, 0.41666666666666663, 0.5351119288561791, 0.6666666666666666, 0.75, 0.8333333333333334, 0.9647435897435896]","[0.06912010008340283, 0.17457442955450925, 0.24316109422492402, 0.29591836734693877, 0.343409915356711, 0.38362465501379944, 0.5270758122743683, 0.3522727272727273, 0.36283185840707965, 0.4835164835164835]","[0.08860624198375375, 0.07830981901097335, 0.07360695453897677, 0.06758586290437509, 0.0715049166310389, 0.06901097335043466, 0.06690893544249679, 0.07025794499073679, 0.06498503634031637, 0.06331053156619638, 0.06373806470001425, 0.07827419124982186, 0.14390052729086505]",0.2166,0.6735,2.0947,0.2085
openmrg,radar (LINDA-P subset),steps,own,90,15,0.5872,0.7484,"[0.019220006995452954, 0.16666666666666666, 0.25, 0.33333333333333337, 0.41666666666666663, 0.5311488673139159, 0.6666666666666669, 0.75, NaN, NaN]","[0.07240293809024134, 0.25925925925925924, 0.38186813186813184, 0.45121951219512196, 0.5060975609756098, 0.5242718446601942, 0.6296296296296297, 0.5909090909090909, NaN, NaN]","[0.06853522749088117, 0.06488769437511999, 0.06565559608370129, 0.06603954693799194, 0.06411979266653868, 0.07199078517949703, 0.06853522749088117, 0.07314263774236898, 0.07602226914954886, 0.07602226914954886, 0.07832597427529277, 0.09560376271837205, 0.13111921674025726]",0.2671,0.7459,2.1618,0.2769
openmrg,radar (LINDA-P subset),steps,radar,90,15,0.5872,0.7484,"[0.019220006995452954, 0.16666666666666666, 0.25, 0.33333333333333337, 0.41666666666666663, 0.5311488673139159, 0.6666666666666669, 0.75, NaN, NaN]","[0.07240293809024134, 0.25925925925925924, 0.38186813186813184, 0.45121951219512196, 0.5060975609756098, 0.5242718446601942, 0.6296296296296297, 0.5909090909090909, NaN, NaN]","[0.06239201382223075, 0.06603954693799194, 0.06968708005375313, 0.06258398924937608, 0.07352658859665963, 0.06584757151084661, 0.06930312919946247, 0.06987905548089844, 0.07986177769245537, 0.07583029372240353, 0.08101363025532732, 0.09291610673833749, 0.13111921674025726]",0.2671,0.7459,2.1618,0.2769
openmrg,radar,linda_p,own,5,24,0.3359,0.9489,"[0.0030265538527032777, 0.16666666666666666, 0.25, 0.3333333333333333, 0.41666666666666663, 0.543247344461305, 0.6666666666666665, 0.75, 0.8333333333333333, 0.981810587073745]","[0.012811302681992338, 0.19745222929936307, 0.18232044198895028, 0.28773584905660377, 0.3225806451612903, 0.3960546282245827, 0.5273224043715847, 0.5711111111111111, 0.642504118616145, 0.8566871724766462]","[0.25707661616433924, 0.09823691162991319, 0.07704750094354883, 0.06847468593303499, 0.05720601714563002, 0.051922143742923386, 0.04857928505957837, 0.045829514207149404, 0.045452094678384646, 0.04658435326467893, 0.04507467514961989, 0.051329055912007336, 0.10718714616919178]",0.6725,0.4489,1.5569,0.7584
openmrg,radar,linda_p,radar,5,24,0.3359,0.9489,"[0.0030265538527032777, 0.16666666666666666, 0.25, 0.3333333333333333, 0.41666666666666663, 0.543247344461305, 0.6666666666666665, 0.75, 0.8333333333333333, 0.981810587073745]","[0.012811302681992338, 0.19745222929936307, 0.18232044198895028, 0.28773584905660377, 0.3225806451612903, 0.3960546282245827, 0.5273224043715847, 0.5711111111111111, 0.642504118616145, 0.8566871724766462]","[0.25497385021836416, 0.09834474578098884, 0.07516040329972502, 0.06966086159486709, 0.05634334393702486, 0.05154472421415862, 0.04938804119264571, 0.04685393864236804, 0.04669218741575457, 0.04631476788698981, 0.04512859222515771, 0.05240739742276379, 0.10718714616919178]",0.6725,0.4489,1.5569,0.7584
openmrg,radar (LINDA-P subset),linda_p,own,5,24,0.3359,0.9489,"[0.0030265538527032777, 0.16666666666666666, 0.25, 0.3333333333333333, 0.41666666666666663, 0.543247344461305, 0.6666666666666665, 0.75, 0.8333333333333333, 0.981810587073745]","[0.012811302681992338, 0.19745222929936307, 0.18232044198895028, 0.28773584905660377, 0.3225806451612903, 0.3960546282245827, 0.5273224043715847, 0.5711111111111111, 0.642504118616145, 0.8566871724766462]","[0.25238583059254865, 0.09780557502561062, 0.07634657896155712, 0.06879818838626194, 0.058230441580848655, 0.05262306572491508, 0.04938804119264571, 0.04852536798404054, 0.045452094678384646, 0.046045182509300696, 0.045506011753922465, 0.051706475440772094, 0.10718714616919178]",0.6725,0.4489,1.5569,0.7584
openmrg,radar (LINDA-P subset),linda_p,radar,5,24,0.3359,0.9489,"[0.0030265538527032777, 0.16666666666666666, 0.25, 0.3333333333333333, 0.41666666666666663, 0.543247344461305, 0.6666666666666665, 0.75, 0.8333333333333333, 0.981810587073745]","[0.012811302681992338, 0.19745222929936307, 0.18232044198895028, 0.28773584905660377, 0.3225806451612903, 0.3960546282245827, 0.5273224043715847, 0.5711111111111111, 0.642504118616145, 0.8566871724766462]","[0.2514692403084057, 0.09899175068744272, 0.07742492047231359, 0.06879818838626194, 0.059416617242680755, 0.051760392516309914, 0.04884887043726748, 0.047015689868981504, 0.046045182509300696, 0.04674610449129239, 0.04388849948778778, 0.05240739742276379, 0.10718714616919178]",0.6725,0.4489,1.5569,0.7584
openmrg,radar,linda_p,own,10,24,0.4157,0.9339,"[0.003626093023946317, 0.16666666666666669, 0.25, 0.3333333333333333, 0.41666666666666663, 0.5433519293351929, 0.6666666666666669, 0.75, 0.8333333333333335, 0.9797119341563786]","[0.01670155435799225, 0.13432835820895522, 0.22088353413654618, 0.2777777777777778, 0.3159509202453988, 0.34309623430962344, 0.5078125, 0.5351239669421488, 0.5927750410509032, 0.817037037037037]","[0.28671140939597317, 0.11366442953020134, 0.0745234899328859, 0.06389261744966443, 0.05358389261744966, 0.046496644295302016, 0.04193288590604027, 0.039087248322147654, 0.03978523489932886, 0.03978523489932886, 0.03940939597315436, 0.04842953020134228, 0.1126979865771812]",0.6206,0.5574,1.8308,0.6912
openmrg,radar,linda_p,radar,10,24,0.4157,0.9339,"[0.003626093023946317, 0.16666666666666669, 0.25, 0.3333333333333333, 0.41666666666666663, 0.5433519293351929, 0.6666666666666669, 0.75, 0.8333333333333335, 0.9797119341563786]","[0.01670155435799225, 0.13432835820895522, 0.22088353413654618, 0.2777777777777778, 0.3159509202453988, 0.34309623430962344, 0.5078125, 0.5351239669421488, 0.5927750410509032, 0.817037037037037]","[0.28714093959731546, 0.1134496644295302, 0.07377181208053692, 0.06534228187919464, 0.051973154362416105, 0.0465503355704698, 0.041825503355704695, 0.038120805369127514, 0.039946308724832215, 0.04, 0.04048322147651007, 0.04869798657718121, 0.1126979865771812]",0.6206,0.5574,1.8308,0.6912
openmrg,radar (LINDA-P subset),linda_p,own,10,24,0.4157,0.9339,"[0.003626093023946317, 0.16666666666666669, 0.25, 0.3333333333333333, 0.41666666666666663, 0.5433519293351929, 0.6666666666666669, 0.75, 0.8333333333333335, 0.9797119341563786]","[0.01670155435799225, 0.13432835820895522, 0.22088353413654618, 0.2777777777777778, 0.3159509202453988, 0.34309623430962344, 0.5078125, 0.5351239669421488, 0.5927750410509032, 0.817037037037037]","[0.28923489932885904, 0.11194630872483222, 0.07269798657718121, 0.06491275167785235, 0.052348993288590606, 0.04719463087248322, 0.04284563758389262, 0.03887248322147651, 0.03930201342281879, 0.0385503355704698, 0.041664429530201344, 0.04773154362416107, 0.1126979865771812]",0.6206,0.5574,1.8308,0.6912
openmrg,radar (LINDA-P subset),linda_p,radar,10,24,0.4157,0.9339,"[0.003626093023946317, 0.16666666666666669, 0.25, 0.3333333333333333, 0.41666666666666663, 0.5433519293351929, 0.6666666666666669, 0.75, 0.8333333333333335, 0.9797119341563786]","[0.01670155435799225, 0.13432835820895522, 0.22088353413654618, 0.2777777777777778, 0.3159509202453988, 0.34309623430962344, 0.5078125, 0.5351239669421488, 0.5927750410509032, 0.817037037037037]","[0.2890738255033557, 0.11017449664429531, 0.07387919463087249, 0.06512751677852349, 0.05562416107382551, 0.04697986577181208, 0.04193288590604027, 0.03795973154362416, 0.038389261744966444, 0.03935570469798658, 0.04069798657718121, 0.04810738255033557, 0.1126979865771812]",0.6206,0.5574,1.8308,0.6912
openmrg,radar,linda_p,own,15,24,0.4524,0.9200,"[0.004649657523022974, 0.16666666666666666, 0.25, 0.3333333333333333, 0.41666666666666674, 0.5422332097239391, 0.6666666666666666, 0.75, 0.8333333333333334, 0.9763115757747007]","[0.019909546750565332, 0.16666666666666666, 0.21595330739299612, 0.2386634844868735, 0.2644628099173554, 0.3127317676143387, 0.413716814159292, 0.5374771480804388, 0.5427286356821589, 0.7920316473580108]","[0.29311009528005727, 0.11631877512804979, 0.07782122597345377, 0.0706063777055681, 0.05623175634741422, 0.045381946356777, 0.04240788676543482, 0.041031007324998627, 0.03783664702318665, 0.038607699509830916, 0.03568871509610619, 0.043509390317783773, 0.10144847717133888]",0.5654,0.6096,1.7879,0.6710
openmrg,radar,linda_p,radar,15,24,0.4524,0.9200,"[0.004649657523022974, 0.16666666666666666, 0.25, 0.3333333333333333, 0.41666666666666674, 0.5422332097239391, 0.6666666666666666, 0.75, 0.8333333333333334, 0.9763115757747007]","[0.019909546750565332, 0.16666666666666666, 0.21595330739299612, 0.2386634844868735, 0.2644628099173554, 0.3127317676143387, 0.413716814159292, 0.5374771480804388, 0.5427286356821589, 0.7920316473580108]","[0.29266949385911767, 0.11626369995043234, 0.07479209120449413, 0.07253400892217877, 0.055350553505535055, 0.04741972792862257, 0.041802059811642894, 0.04163683427879055, 0.037285895247012174, 0.040039654127884565, 0.03486258743184447, 0.04389491656110591, 0.10144847717133888]",0.5654,0.6096,1.7879,0.6710
openmrg,radar (LINDA-P subset),linda_p,own,15,24,0.4524,0.9200,"[0.004649657523022974, 0.16666666666666666, 0.25, 0.3333333333333333, 0.41666666666666674, 0.5422332097239391, 0.6666666666666666, 0.75, 0.8333333333333334, 0.9763115757747007]","[0.019909546750565332, 0.16666666666666666, 0.21595330739299612, 0.2386634844868735, 0.2644628099173554, 0.3127317676143387, 0.413716814159292, 0.5374771480804388, 0.5427286356821589, 0.7920316473580108]","[0.29283471939197003, 0.11389546731288208, 0.0769400231315746, 0.07115712948174258, 0.05683758330120615, 0.04747480310624002, 0.0429586385416093, 0.04025995483835435, 0.038222173266508785, 0.038222173266508785, 0.03568871509610619, 0.044060142093958254, 0.10144847717133888]",0.5654,0.6096,1.7879,0.6710
openmrg,radar (LINDA-P subset),linda_p,radar,15,24,0.4524,0.9200,"[0.004649657523022974, 0.16666666666666666, 0.25, 0.3333333333333333, 0.41666666666666674, 0.5422332097239391, 0.6666666666666666, 0.75, 0.8333333333333334, 0.9763115757747007]","[0.019909546750565332, 0.16666666666666666, 0.21595330739299612, 0.2386634844868735, 0.2644628099173554, 0.3127317676143387, 0.413716814159292, 0.5374771480804388, 0.5427286356821589, 0.7920316473580108]","[0.29366084705623174, 0.11279396376053313, 0.07710524866442695, 0.07203833232362174, 0.05645205705788401, 0.04824585559288429, 0.042187586054965025, 0.04025995483835435, 0.0378917222008041, 0.03970920306217988, 0.03530318885278405, 0.04290356336399185, 0.10144847717133888]",0.5654,0.6096,1.7879,0.6710
openmrg,radar,linda_p,own,20,24,0.4867,0.9044,"[0.005446623093681918, 0.16666666666666666, 0.25, 0.33333333333333337, 0.41666666666666663, 0.5424063116370809, 0.6666666666666666, 0.75, 0.8333333333333334, 0.9738740226847263]","[0.023529411764705882, 0.1568627450980392, 0.21082089552238806, 0.2851485148514851, 0.2371638141809291, 0.285207100591716, 0.4136460554371002, 0.5, 0.5397301349325337, 0.7700693756194251]","[0.28361042397744923, 0.12333889432203878, 0.08473796237703503, 0.07047114997411263, 0.0537881838577921, 0.04786285451302997, 0.04211010757636772, 0.04038428349536904, 0.03957889892423632, 0.043030547086233675, 0.035551976068572744, 0.03986653627106944, 0.09566818155669332]",0.5264,0.6569,1.8374,0.6091
openmrg,radar,linda_p,radar,20,24,0.4867,0.9044,"[0.005446623093681918, 0.16666666666666666, 0.25, 0.33333333333333337, 0.41666666666666663, 0.5424063116370809, 0.6666666666666666, 0.75, 0.8333333333333334, 0.9738740226847263]","[0.023529411764705882, 0.1568627450980392, 0.21082089552238806, 0.2851485148514851, 0.2371638141809291, 0.285207100591716, 0.4136460554371002, 0.5, 0.5397301349325337, 0.7700693756194251]","[0.2828625668756831, 0.12615774032100327, 0.08145889662313754, 0.06989587528044641, 0.054593568428924814, 0.0484381292066962, 0.04222516251510096, 0.040786975780935396, 0.040096646148535926, 0.04113214059713513, 0.036990162802738306, 0.03969395386296957, 0.09566818155669332]",0.5264,0.6569,1.8374,0.6091
openmrg,radar (LINDA-P subset),linda_p,own,20,24,0.4867,0.9044,"[0.005446623093681918, 0.16666666666666666, 0.25, 0.33333333333333337, 0.41666666666666663, 0.5424063116370809, 0.6666666666666666, 0.75, 0.8333333333333334, 0.9738740226847263]","[0.023529411764705882, 0.1568627450980392, 0.21082089552238806, 0.2851485148514851, 0.2371638141809291, 0.285207100591716, 0.4136460554371002, 0.5, 0.5397301349325337, 0.7700693756194251]","[0.2824598745901168, 0.12351147673013864, 0.08502559972386815, 0.07127653454524535, 0.053730656388425474, 0.04728757981936375, 0.042340217453834206, 0.04176494276016798, 0.03940631651613646, 0.041879997698901224, 0.03566703100730599, 0.03998159120980268, 0.09566818155669332]",0.5264,0.6569,1.8374,0.6091
openmrg,radar (LINDA-P subset),linda_p,radar,20,24,0.4867,0.9044,"[0.005446623093681918, 0.16666666666666666, 0.25, 0.33333333333333337, 0.41666666666666663, 0.5424063116370809, 0.6666666666666666, 0.75, 0.8333333333333334, 0.9738740226847263]","[0.023529411764705882, 0.1568627450980392, 0.21082089552238806, 0.2851485148514851, 0.2371638141809291, 0.285207100591716, 0.4136460554371002, 0.5, 0.5397301349325337, 0.7700693756194251]","[0.28084910544785135, 0.12759592705516884, 0.08111373180693782, 0.07029856756601277, 0.05453604095955819, 0.04694241500316401, 0.042167635045734335, 0.04101708565840189, 0.039809008801702815, 0.043203129494333546, 0.03676005292527182, 0.0400391186791693, 0.09566818155669332]",0.5264,0.6569,1.8374,0.6091
openmrg,radar,linda_p,own,25,24,0.5187,0.8918,"[0.006988922457200403, 0.1666666666666666, 0.25, 0.3333333333333333, 0.4166666666666667, 0.5386551600143834, 0.6666666666666666, 0.75, 0.8333333333333333, 0.9704585537918872]","[0.026344410876132932, 0.16485225505443235, 0.23714759535655058, 0.21084337349397592, 0.2777777777777778, 0.3333333333333333, 0.3761467889908257, 0.46808510638297873, 0.48066298342541436, 0.7551020408163265]","[0.2748878380016976, 0.13398811689099066, 0.08348490360130957, 0.07463319995149752, 0.057899842366921306, 0.048563113859585304, 0.04316721231963138, 0.037346914029344, 0.03868073238753486, 0.037468170243724994, 0.03383048381229538, 0.04365223717715533, 0.09239723535831211]",0.4980,0.7032,1.9814,0.5646
openmrg,radar,linda_p,radar,25,24,0.5187,0.8918,"[0.006988922457200403, 0.1666666666666666, 0.25, 0.3333333333333333, 0.4166666666666667, 0.5386551600143834, 0.6666666666666666, 0.75, 0.8333333333333333, 0.9704585537918872]","[0.026344410876132932, 0.16485225505443235, 0.23714759535655058, 0.21084337349397592, 0.2777777777777778, 0.3333333333333333, 0.3761467889908257, 0.46808510638297873, 0.48066298342541436, 0.7551020408163265]","[0.27700982175336486, 0.13556444767794348, 0.08251485388626167, 0.07117739784163939, 0.05741481750939736, 0.04759306414453741, 0.04353098096277434, 0.037468170243724994, 0.03886261670910634, 0.03795319510124894, 0.03522493027767673, 0.043288468534012366, 0.09239723535831211]",0.4980,0.7032,1.9814,0.5646
openmrg,radar (LINDA-P subset),linda_p,own,25,24,0.5187,0.8918,"[0.006988922457200403, 0.1666666666666666, 0.25, 0.3333333333333333, 0.4166666666666667, 0.5386551600143834, 0.6666666666666666, 0.75, 0.8333333333333333, 0.9704585537918872]","[0.026344410876132932, 0.16485225505443235, 0.23714759535655058, 0.21084337349397592, 0.2777777777777778, 0.3333333333333333, 0.3761467889908257, 0.46808510638297873, 0.48066298342541436, 0.7551020408163265]","[0.27622165635988843, 0.13229052988965684, 0.08184794470716625, 0.07481508427306899, 0.058081726688492784, 0.04874499818115678, 0.0448041712137747, 0.03849884806596338, 0.03898387292348733, 0.037346914029344, 0.03395174002667637, 0.042015278283012006, 0.09239723535831211]",0.4980,0.7032,1.9814,0.5646
openmrg,radar (LINDA-P subset),linda_p,radar,25,24,0.5187,0.8918,"[0.006988922457200403, 0.1666666666666666, 0.25, 0.3333333333333333, 0.4166666666666667, 0.5386551600143834, 0.6666666666666666, 0.75, 0.8333333333333333, 0.9704585537918872]","[0.026344410876132932, 0.16485225505443235, 0.23714759535655058, 0.21084337349397592, 0.2777777777777778, 0.3333333333333333, 0.3761467889908257, 0.46808510638297873, 0.48066298342541436, 0.7551020408163265]","[0.27640354068145995, 0.13035043045956105, 0.0821510852431187, 0.07451194373711653, 0.056323511579968476, 0.04977567600339517, 0.04286407178367891, 0.03849884806596338, 0.040317691281678184, 0.03807445131562993, 0.034558021098581304, 0.043773493391536314, 0.09239723535831211]",0.4980,0.7032,1.9814,0.5646
openmrg,radar,linda_p,own,30,24,0.5531,0.8890,"[0.0077484572165423225, 0.16666666666666669, 0.25, 0.33333333333333326, 0.4166666666666667, 0.5467980295566504, 0.6666666666666664, 0.75, 0.8333333333333334, 0.9679516250944823]","[0.02576678640508428, 0.162754303599374, 0.21291448516579406, 0.27901234567901234, 0.31733333333333336, 0.31157635467980294, 0.38917525773195877, 0.4761092150170648, 0.5979381443298969, 0.7224489795918367]","[0.2739827042971107, 0.13977341288462827, 0.08721592813568411, 0.07588657236709795, 0.05322786082992559, 0.047395588925387144, 0.04102701615606355, 0.0395521887779044, 0.03901588791311926, 0.04095997854796541, 0.03552993229201582, 0.04290406918281156, 0.08352885969028626]",0.4910,0.7571,2.1177,0.5174
openmrg,radar,linda_p,radar,30,24,0.5531,0.8890,"[0.0077484572165423225, 0.16666666666666669, 0.25, 0.33333333333333326, 0.4166666666666667, 0.5467980295566504, 0.6666666666666664, 0.75, 0.8333333333333334, 0.9679516250944823]","[0.02576678640508428, 0.162754303599374, 0.21291448516579406, 0.27901234567901234, 0.31733333333333336, 0.31157635467980294, 0.38917525773195877, 0.4761092150170648, 0.5979381443298969, 0.7224489795918367]","[0.2706978615003017, 0.1423208419923577, 0.08768519139237112, 0.07635583562378494, 0.05765234296440303, 0.04699336327679828, 0.03914996312931555, 0.03834551183213783, 0.03787624857545083, 0.040624790507474695, 0.03593215794060468, 0.04283703157471341, 0.08352885969028626]",0.4910,0.7571,2.1177,0.5174
openmrg,radar (LINDA-P subset),linda_p,own,30,24,0.5531,0.8890,"[0.0077484572165423225, 0.16666666666666669, 0.25, 0.33333333333333326, 0.4166666666666667, 0.5467980295566504, 0.6666666666666664, 0.75, 0.8333333333333334, 0.9679516250944823]","[0.02576678640508428, 0.162754303599374, 0.21291448516579406, 0.27901234567901234, 0.31733333333333336, 0.31157635467980294, 0.38917525773195877, 0.4761092150170648, 0.5979381443298969, 0.7224489795918367]","[0.2727760273513441, 0.1384326607226654, 0.09016558289200241, 0.07729436213715894, 0.05376416169471073, 0.047395588925387144, 0.04028960246698398, 0.039351075953609975, 0.03888181269692297, 0.039954414426493265, 0.03566400750821211, 0.0425018435342227, 0.08352885969028626]",0.4910,0.7571,2.1177,0.5174
openmrg,radar (LINDA-P subset),linda_p,radar,30,24,0.5531,0.8890,"[0.0077484572165423225, 0.16666666666666669, 0.25, 0.33333333333333326, 0.4166666666666667, 0.5467980295566504, 0.6666666666666664, 0.75, 0.8333333333333334, 0.9679516250944823]","[0.02576678640508428, 0.162754303599374, 0.21291448516579406, 0.27901234567901234, 0.31733333333333336, 0.31157635467980294, 0.38917525773195877, 0.4761092150170648, 0.5979381443298969, 0.7224489795918367]","[0.27733458470201783, 0.13555004357444525, 0.0898303948515117, 0.07434470738084065, 0.05570825232955688, 0.046188911979620564, 0.04216665549373198, 0.0376751357511564, 0.03894885030502112, 0.04176442984514313, 0.03512770664342696, 0.04183146745324127, 0.08352885969028626]",0.4910,0.7571,2.1177,0.5174
openmrg,radar,linda_p,own,35,24,0.5879,0.8719,"[0.009249016715830874, 0.16666666666666666, 0.25, 0.3333333333333333, 0.4166666666666666, 0.5431527961250551, 0.6666666666666665, 0.75, 0.8333333333333334, 0.9664444444444444]","[0.029941002949852507, 0.17161290322580644, 0.27165354330708663, 0.31894484412470026, 0.38095238095238093, 0.3236459709379128, 0.39054726368159204, 0.484251968503937, 0.5087719298245614, 0.704]","[0.2560992708917555, 0.14652271452607965, 0.08307627593942793, 0.07536455412226585, 0.05973079080201907, 0.048163208076275936, 0.039540100953449245, 0.04206393718452047, 0.03925967470555244, 0.03855860908581043, 0.03414189568143578, 0.04234436343241727, 0.09513460459899047]",0.4532,0.7930,2.2134,0.4999
openmrg,radar,linda_p,radar,35,24,0.5879,0.8719,"[0.009249016715830874, 0.16666666666666666, 0.25, 0.3333333333333333, 0.4166666666666666, 0.5431527961250551, 0.6666666666666665, 0.75, 0.8333333333333334, 0.9664444444444444]","[0.029941002949852507, 0.17161290322580644, 0.27165354330708663, 0.31894484412470026, 0.38095238095238093, 0.3236459709379128, 0.39054726368159204, 0.484251968503937, 0.5087719298245614, 0.704]","[0.2570106561974201, 0.14638250140213124, 0.08335670218732473, 0.07690689848569826, 0.05685642176107684, 0.04893438025799215, 0.03897924845765564, 0.039680314077397645, 0.04101233875490746, 0.03771733034212002, 0.034632641615255186, 0.043395961862030284, 0.09513460459899047]",0.4532,0.7930,2.2134,0.4999
openmrg,radar (LINDA-P subset),linda_p,own,35,24,0.5879,0.8719,"[0.009249016715830874, 0.16666666666666666, 0.25, 0.3333333333333333, 0.4166666666666666, 0.5431527961250551, 0.6666666666666665, 0.75, 0.8333333333333334, 0.9664444444444444]","[0.029941002949852507, 0.17161290322580644, 0.27165354330708663, 0.31894484412470026, 0.38095238095238093, 0.3236459709379128, 0.39054726368159204, 0.484251968503937, 0.5087719298245614, 0.704]","[0.25392596747055524, 0.14932697700504768, 0.08454851374088615, 0.07620583286595625, 0.05945036455412227, 0.048443634324172744, 0.03911946158160404, 0.03989063376332025, 0.04031127313516545, 0.036946158160403815, 0.034632641615255186, 0.04206393718452047, 0.09513460459899047]",0.4532,0.7930,2.2134,0.4999
openmrg,radar (LINDA-P subset),linda_p,radar,35,24,0.5879,0.8719,"[0.009249016715830874, 0.16666666666666666, 0.25, 0.3333333333333333, 0.4166666666666666, 0.5431527961250551, 0.6666666666666665, 0.75, 0.8333333333333334, 0.9664444444444444]","[0.029941002949852507, 0.17161290322580644, 0.27165354330708663, 0.31894484412470026, 0.38095238095238093, 0.3236459709379128, 0.39054726368159204, 0.484251968503937, 0.5087719298245614, 0.704]","[0.25539820527201346, 0.15037857543466068, 0.0801318003365115, 0.07641615255187885, 0.058398766124509255, 0.050476724621424565, 0.03989063376332025, 0.03855860908581043, 0.04185361749859787, 0.03638530566461021, 0.034772854739203586, 0.04220415030846887, 0.09513460459899047]",0.4532,0.7930,2.2134,0.4999
openmrg,radar,linda_p,own,40,24,0.6113,0.8717,"[0.009649265463218952, 0.16666666666666666, 0.25, 0.3333333333333333, 0.4166666666666667, 0.5472035794183446, 0.6666666666666665, 0.75, 0.8333333333333334, 0.9624972424442974]","[0.02821597007643519, 0.1906721536351166, 0.2675521821631879, 0.3357142857142857, 0.3945578231292517, 0.3704697986577181, 0.4072164948453608, 0.50418410041841, 0.5259259259259259, 0.7015221707478491]","[0.23253349481492697, 0.14472787828324882, 0.09143895238816138, 0.08197714026190296, 0.06244796003330558, 0.048444478086443116, 0.0394368329422451, 0.04397850276284914, 0.04223752933161759, 0.0401180834153357, 0.03633335856483234, 0.04307016879872833, 0.093255620316403]",0.4519,0.8231,2.5093,0.4353
openmrg,radar,linda_p,radar,40,24,0.6113,0.8717,"[0.009649265463218952, 0.16666666666666666, 0.25, 0.3333333333333333, 0.4166666666666667, 0.5472035794183446, 0.6666666666666665, 0.75, 0.8333333333333334, 0.9624972424442974]","[0.02821597007643519, 0.1906721536351166, 0.2675521821631879, 0.3357142857142857, 0.3945578231292517, 0.3704697986577181, 0.4072164948453608, 0.50418410041841, 0.5259259259259259, 0.7015221707478491]","[0.23412307925213838, 0.1442737113011884, 0.09628340019680569, 0.07788963742335932, 0.061615320566194835, 0.04753614412232231, 0.04026947240935584, 0.044432669744909545, 0.04064794489440618, 0.0394368329422451, 0.036711831049882675, 0.04352433578078874, 0.093255620316403]",0.4519,0.8231,2.5093,0.4353
openmrg,radar (LINDA-P subset),linda_p,own,40,24,0.6113,0.8717,"[0.009649265463218952, 0.16666666666666666, 0.25, 0.3333333333333333, 0.4166666666666667, 0.5472035794183446, 0.6666666666666665, 0.75, 0.8333333333333334, 0.9624972424442974]","[0.02821597007643519, 0.1906721536351166, 0.2675521821631879, 0.3357142857142857, 0.3945578231292517, 0.3704697986577181, 0.4072164948453608, 0.50418410041841, 0.5259259259259259, 0.7015221707478491]","[0.2358640526833699, 0.1445007947922186, 0.09098478540610097, 0.07894936038150026, 0.06645976837483915, 0.048822950571493454, 0.04034516690636591, 0.0431458632957384, 0.04034516690636591, 0.040572250397396106, 0.03277571720535917, 0.04397850276284914, 0.093255620316403]",0.4519,0.8231,2.5093,0.4353
openmrg,radar (LINDA-P subset),linda_p,radar,40,24,0.6113,0.8717,"[0.009649265463218952, 0.16666666666666666, 0.25, 0.3333333333333333, 0.4166666666666667, 0.5472035794183446, 0.6666666666666665, 0.75, 0.8333333333333334, 0.9624972424442974]","[0.02821597007643519, 0.1906721536351166, 0.2675521821631879, 0.3357142857142857, 0.3945578231292517, 0.3704697986577181, 0.4072164948453608, 0.50418410041841, 0.5259259259259259, 0.7015221707478491]","[0.23321474528801756, 0.14669593520551055, 0.09106047990311104, 0.07985769434562108, 0.061085459087124365, 0.048822950571493454, 0.043902808265839074, 0.04465975323593975, 0.040420861403375974, 0.040723639391416246, 0.033911134660510184, 0.04238891832563772, 0.093255620316403]",0.4519,0.8231,2.5093,0.4353
openmrg,radar,linda_p,own,45,24,0.6107,0.8600,"[0.01099356979879693, 0.16666666666666666, 0.25, 0.33333333333333337, 0.4166666666666666, 0.5422722868217054, 0.6666666666666666, 0.75, 0.8333333333333333, 0.9601477449455676]","[0.031113876789047916, 0.21617852161785217, 0.2235294117647059, 0.2570621468926554, 0.37467018469656993, 0.4171511627906977, 0.3979933110367893, 0.5325, 0.6061452513966481, 0.6423017107309487]","[0.2153782894736842, 0.1453125, 0.09695723684210526, 0.08807565789473684, 0.06151315789473684, 0.052138157894736845, 0.04564144736842105, 0.046546052631578946, 0.03807565789473684, 0.04070723684210526, 0.03404605263157895, 0.042598684210526316, 0.09300986842105263]",0.4437,0.8375,2.3141,0.4359
openmrg,radar,linda_p,radar,45,24,0.6107,0.8600,"[0.01099356979879693, 0.16666666666666666, 0.25, 0.33333333333333337, 0.4166666666666666, 0.5422722868217054, 0.6666666666666666, 0.75, 0.8333333333333333, 0.9601477449455676]","[0.031113876789047916, 0.21617852161785217, 0.2235294117647059, 0.2570621468926554, 0.37467018469656993, 0.4171511627906977, 0.3979933110367893, 0.5325, 0.6061452513966481, 0.6423017107309487]","[0.21595394736842105, 0.14539473684210527, 0.09983552631578947, 0.08848684210526316, 0.05756578947368421, 0.0509046052631579, 0.04810855263157895, 0.045476973684210525, 0.03848684210526316, 0.040460526315789475, 0.034868421052631576, 0.04144736842105263, 0.09300986842105263]",0.4437,0.8375,2.3141,0.4359
openmrg,radar (LINDA-P subset),linda_p,own,45,24,0.6107,0.8600,"[0.01099356979879693, 0.16666666666666666, 0.25, 0.33333333333333337, 0.4166666666666666, 0.5422722868217054, 0.6666666666666666, 0.75, 0.8333333333333333, 0.9601477449455676]","[0.031113876789047916, 0.21617852161785217, 0.2235294117647059, 0.2570621468926554, 0.37467018469656993, 0.4171511627906977, 0.3979933110367893, 0.5325, 0.6061452513966481, 0.6423017107309487]","[0.21554276315789472, 0.1455592105263158, 0.09605263157894736, 0.08799342105263158, 0.062088815789473686, 0.049424342105263155, 0.04580592105263158, 0.04712171052631579, 0.037664473684210525, 0.041611842105263155, 0.03569078947368421, 0.04243421052631579, 0.09300986842105263]",0.4437,0.8375,2.3141,0.4359
openmrg,radar (LINDA-P subset),linda_p,radar,45,24,0.6107,0.8600,"[0.01099356979879693, 0.16666666666666666, 0.25, 0.33333333333333337, 0.4166666666666666, 0.5422722868217054, 0.6666666666666666, 0.75, 0.8333333333333333, 0.9601477449455676]","[0.031113876789047916, 0.21617852161785217, 0.2235294117647059, 0.2570621468926554, 0.37467018469656993, 0.4171511627906977, 0.3979933110367893, 0.5325, 0.6061452513966481, 0.6423017107309487]","[0.2136513157894737, 0.1455592105263158, 0.09646381578947369, 0.09103618421052631, 0.06085526315789474, 0.04860197368421053, 0.04424342105263158, 0.047779605263157894, 0.03972039473684211, 0.03980263157894737, 0.03626644736842105, 0.04300986842105263, 0.09300986842105263]",0.4437,0.8375,2.3141,0.4359
openmrg,radar,linda_p,own,50,23,0.6450,0.8479,"[0.011178252763350646, 0.16666666666666666, 0.25, 0.33333333333333326, 0.41666666666666663, 0.5422018348623853, 0.6666666666666666, 0.75, 0.8333333333333334, 0.9581866197183099]","[0.03385936875749101, 0.15405777166437415, 0.218436873747495, 0.3069544364508393, 0.3858695652173913, 0.3834862385321101, 0.3781818181818182, 0.6047745358090185, 0.5594855305466238, 0.6100352112676056]","[0.20095780247582903, 0.15189301527062438, 0.10138248847926268, 0.08837083220384928, 0.06334146561850547, 0.048341917412126144, 0.042558959067497966, 0.04915514592933948, 0.04084214330893648, 0.04400469865365501, 0.03659528327460016, 0.042197524170958706, 0.09035872413481522]",0.4406,0.9059,2.2769,0.4408
openmrg,radar,linda_p,radar,50,23,0.6450,0.8479,"[0.011178252763350646, 0.16666666666666666, 0.25, 0.33333333333333326, 0.41666666666666663, 0.5422018348623853, 0.6666666666666666, 0.75, 0.8333333333333334, 0.9581866197183099]","[0.03385936875749101, 0.15405777166437415, 0.218436873747495, 0.3069544364508393, 0.3858695652173913, 0.3834862385321101, 0.3781818181818182, 0.6047745358090185, 0.5594855305466238, 0.6100352112676056]","[0.20511430378603054, 0.15360983102918588, 0.09668383482425229, 0.08710581006596187, 0.06551007499774103, 0.04969729827414837, 0.041565013102015, 0.048251558687991324, 0.043281828860576486, 0.04048070841239722, 0.03551097858498238, 0.04283003523990241, 0.09035872413481522]",0.4406,0.9059,2.2769,0.4408
openmrg,radar (LINDA-P subset),linda_p,own,50,23,0.6450,0.8479,"[0.011178252763350646, 0.16666666666666666, 0.25, 0.33333333333333326, 0.41666666666666663, 0.5422018348623853, 0.6666666666666666, 0.75, 0.8333333333333334, 0.9581866197183099]","[0.03385936875749101, 0.15405777166437415, 0.218436873747495, 0.3069544364508393, 0.3858695652173913, 0.3834862385321101, 0.3781818181818182, 0.6047745358090185, 0.5594855305466238, 0.6100352112676056]","[0.20077708502755942, 0.14836902502936658, 0.10183428209993675, 0.08873226710038855, 0.06469684648052769, 0.05005873317068763, 0.04536007951567724, 0.048703352308665404, 0.04120357820547574, 0.03984819734345351, 0.0374085117918135, 0.04264931779163278, 0.09035872413481522]",0.4406,0.9059,2.2769,0.4408
openmrg,radar (LINDA-P subset),linda_p,radar,50,23,0.6450,0.8479,"[0.011178252763350646, 0.16666666666666666, 0.25, 0.33333333333333326, 0.41666666666666663, 0.5422018348623853, 0.6666666666666666, 0.75, 0.8333333333333334, 0.9581866197183099]","[0.03385936875749101, 0.15405777166437415, 0.218436873747495, 0.3069544364508393, 0.3858695652173913, 0.3834862385321101, 0.3781818181818182, 0.6047745358090185, 0.5594855305466238, 0.6100352112676056]","[0.2061082497515135, 0.1479172314086925, 0.099756031444836, 0.0884611909279841, 0.0629800307219662, 0.04888406975693503, 0.04346254630884612, 0.05060088551549652, 0.04174573055028463, 0.04228788289509352, 0.034245956447094966, 0.04319147013644167, 0.09035872413481522]",0.4406,0.9059,2.2769,0.4408
openmrg,radar,linda_p,own,55,22,0.6284,0.8406,"[0.010370534396220843, 0.16666666666666666, 0.25, 0.33333333333333326, 0.41666666666666674, 0.545216049382716, 0.6666666666666667, 0.75, 0.8333333333333334, 0.9528403001071811]","[0.03653675819309123, 0.14265129682997119, 0.2190082644628099, 0.20666666666666667, 0.4281842818428184, 0.37222222222222223, 0.46646341463414637, 0.6122448979591837, 0.6392156862745098, 0.5916398713826366]","[0.18007586344579757, 0.1461369534837293, 0.10191655020962267, 0.08794170493112398, 0.07107207027350769, 0.05550009982032342, 0.049610700738670396, 0.05090836494310241, 0.042124176482331806, 0.042124176482331806, 0.04082651227789978, 0.04292273906967459, 0.0888400878418846]",0.4400,0.8799,2.2674,0.4365
openmrg,radar,linda_p,radar,55,22,0.6284,0.8406,"[0.010370534396220843, 0.16666666666666666, 0.25, 0.33333333333333326, 0.41666666666666674, 0.545216049382716, 0.6666666666666667, 0.75, 0.8333333333333334, 0.9528403001071811]","[0.03653675819309123, 0.14265129682997119, 0.2190082644628099, 0.20666666666666667, 0.4281842818428184, 0.37222222222222223, 0.46646341463414637, 0.6122448979591837, 0.6392156862745098, 0.5916398713826366]","[0.17837891794769414, 0.14603713316031144, 0.09582751048113396, 0.09293272110201638, 0.06687961668995808, 0.05589938111399481, 0.05010980235575963, 0.052405669794370134, 0.044919145538031544, 0.042323817129167496, 0.04222399680574965, 0.04322220003992813, 0.0888400878418846]",0.4400,0.8799,2.2674,0.4365
openmrg,radar (LINDA-P subset),linda_p,own,55,22,0.6284,0.8406,"[0.010370534396220843, 0.16666666666666666, 0.25, 0.33333333333333326, 0.41666666666666674, 0.545216049382716, 0.6666666666666667, 0.75, 0.8333333333333334, 0.9528403001071811]","[0.03653675819309123, 0.14265129682997119, 0.2190082644628099, 0.20666666666666667, 0.4281842818428184, 0.37222222222222223, 0.46646341463414637, 0.6122448979591837, 0.6392156862745098, 0.5916398713826366]","[0.1826711918546616, 0.14453982830904372, 0.09532840886404471, 0.09642643242164105, 0.07336793771211819, 0.053803154322220006, 0.04841285685765622, 0.05160710720702735, 0.043322020363345974, 0.04102615292473548, 0.039029746456378515, 0.04162507486524256, 0.0888400878418846]",0.4400,0.8799,2.2674,0.4365
openmrg,radar (LINDA-P subset),linda_p,radar,55,22,0.6284,0.8406,"[0.010370534396220843, 0.16666666666666666, 0.25, 0.33333333333333326, 0.41666666666666674, 0.545216049382716, 0.6666666666666667, 0.75, 0.8333333333333334, 0.9528403001071811]","[0.03653675819309123, 0.14265129682997119, 0.2190082644628099, 0.20666666666666667, 0.4281842818428184, 0.37222222222222223, 0.46646341463414637, 0.6122448979591837, 0.6392156862745098, 0.5916398713826366]","[0.17758035536035136, 0.1507286883609503, 0.0986224795368337, 0.09393092433619485, 0.06987422639249351, 0.05490117787981633, 0.04861249750449191, 0.05160710720702735, 0.04182471551207826, 0.041425434218406866, 0.040027949690557, 0.04202435615891396, 0.0888400878418846]",0.4400,0.8799,2.2674,0.4365
openmrg,radar,linda_p,own,60,22,0.6497,0.8348,"[0.010703735178665373, 0.1666666666666666, 0.25, 0.3333333333333333, 0.4166666666666667, 0.5392927308447937, 0.6666666666666665, 0.75, 0.8333333333333334, 0.9459219858156027]","[0.039820322933106715, 0.14420062695924765, 0.2559241706161137, 0.3742857142857143, 0.4197080291970803, 0.40471512770137524, 0.45703125, 0.7023411371237458, 0.6681222707423581, 0.5545212765957447]","[0.15417256011315417, 0.13654662169513654, 0.1014035469481014, 0.09422260907409422, 0.07202698291807202, 0.05603307583505603, 0.05342182569905342, 0.04732890871504733, 0.0544010445000544, 0.04275922097704276, 0.036666303993036664, 0.05015776302905016, 0.10085953650310087]",0.4355,0.9039,2.4101,0.4046
openmrg,radar,linda_p,radar,60,22,0.6497,0.8348,"[0.010703735178665373, 0.1666666666666666, 0.25, 0.3333333333333333, 0.4166666666666667, 0.5392927308447937, 0.6666666666666665, 0.75, 0.8333333333333334, 0.9459219858156027]","[0.039820322933106715, 0.14420062695924765, 0.2559241706161137, 0.3742857142857143, 0.4197080291970803, 0.40471512770137524, 0.45703125, 0.7023411371237458, 0.6681222707423581, 0.5545212765957447]","[0.1583070394951583, 0.13611141333913612, 0.09509302578609509, 0.09683385921009684, 0.06952453487106952, 0.05766510717005766, 0.0544010445000544, 0.04852573169404852, 0.05091937765205092, 0.0433032314220433, 0.037319116527037316, 0.05113698183005114, 0.10085953650310087]",0.4355,0.9039,2.4101,0.4046
openmrg,radar (LINDA-P subset),linda_p,own,60,22,0.6497,0.8348,"[0.010703735178665373, 0.1666666666666666, 0.25, 0.3333333333333333, 0.4166666666666667, 0.5392927308447937, 0.6666666666666665, 0.75, 0.8333333333333334, 0.9459219858156027]","[0.039820322933106715, 0.14420062695924765, 0.2559241706161137, 0.3742857142857143, 0.4197080291970803, 0.40471512770137524, 0.45703125, 0.7023411371237458, 0.6681222707423581, 0.5545212765957447]","[0.15406375802415406, 0.1382874551191383, 0.10096833859210097, 0.09378740071809379, 0.06713088891306714, 0.05418344032205418, 0.05897073223805897, 0.05026656511805026, 0.049287346317049285, 0.04341203351104341, 0.037971929061037975, 0.05081057556305081, 0.10085953650310087]",0.4355,0.9039,2.4101,0.4046
openmrg,radar (LINDA-P subset),linda_p,radar,60,22,0.6497,0.8348,"[0.010703735178665373, 0.1666666666666666, 0.25, 0.3333333333333333, 0.4166666666666667, 0.5392927308447937, 0.6666666666666665, 0.75, 0.8333333333333334, 0.9459219858156027]","[0.039820322933106715, 0.14420062695924765, 0.2559241706161137, 0.3742857142857143, 0.4197080291970803, 0.40471512770137524, 0.45703125, 0.7023411371237458, 0.6681222707423581, 0.5545212765957447]","[0.15526058100315526, 0.13894026765313894, 0.09868349472309869, 0.09672505712109672, 0.06734849309106734, 0.05363942987705364, 0.055162659123055166, 0.04994015885104994, 0.05276901316505277, 0.04178000217604178, 0.03808073115003808, 0.05081057556305081, 0.10085953650310087]",0.4355,0.9039,2.4101,0.4046
openmrg,radar,linda_p,own,65,20,0.6517,0.8118,"[0.01066948459230979, 0.16666666666666666, 0.25, 0.3333333333333333, 0.4166666666666667, 0.5472508591065293, 0.6666666666666665, 0.75, 0.8333333333333334, 0.9476875352509869]","[0.04554131442596128, 0.16193656093489148, 0.24523809523809523, 0.37341772151898733, 0.4359861591695502, 0.45979381443298967, 0.483271375464684, 0.6756756756756757, 0.5867346938775511, 0.4433164128595601]","[0.1426022835394862, 0.12951950523311132, 0.09883444338725024, 0.09467174119885823, 0.07243101807802094, 0.05756422454804948, 0.05137963843958135, 0.05149857278782112, 0.04995242626070409, 0.04923882017126546, 0.04602759276879163, 0.05126070409134158, 0.10501902949571837]",0.4128,0.9095,2.2505,0.3767
openmrg,radar,linda_p,radar,65,20,0.6517,0.8118,"[0.01066948459230979, 0.16666666666666666, 0.25, 0.3333333333333333, 0.4166666666666667, 0.5472508591065293, 0.6666666666666665, 0.75, 0.8333333333333334, 0.9476875352509869]","[0.04554131442596128, 0.16193656093489148, 0.24523809523809523, 0.37341772151898733, 0.4359861591695502, 0.45979381443298967, 0.483271375464684, 0.6756756756756757, 0.5867346938775511, 0.4433164128595601]","[0.14700285442435776, 0.12773549000951476, 0.09300666032350142, 0.09681255946717413, 0.07576117982873454, 0.05708848715509039, 0.04543292102759277, 0.0549476688867745, 0.05090390104662226, 0.05090390104662226, 0.04555185537583254, 0.04983349191246432, 0.10501902949571837]",0.4128,0.9095,2.2505,0.3767
openmrg,radar (LINDA-P subset),linda_p,own,65,20,0.6517,0.8118,"[0.01066948459230979, 0.16666666666666666, 0.25, 0.3333333333333333, 0.4166666666666667, 0.5472508591065293, 0.6666666666666665, 0.75, 0.8333333333333334, 0.9476875352509869]","[0.04554131442596128, 0.16193656093489148, 0.24523809523809523, 0.37341772151898733, 0.4359861591695502, 0.45979381443298967, 0.483271375464684, 0.6756756756756757, 0.5867346938775511, 0.4433164128595601]","[0.15283063748810657, 0.12892483349191247, 0.09336346336822074, 0.09467174119885823, 0.06791151284490961, 0.060894386298763085, 0.048525214081826834, 0.05149857278782112, 0.051022835394862034, 0.04733587059942911, 0.046622264509990484, 0.05137963843958135, 0.10501902949571837]",0.4128,0.9095,2.2505,0.3767
openmrg,radar (LINDA-P subset),linda_p,radar,65,20,0.6517,0.8118,"[0.01066948459230979, 0.16666666666666666, 0.25, 0.3333333333333333, 0.4166666666666667, 0.5472508591065293, 0.6666666666666665, 0.75, 0.8333333333333334, 0.9476875352509869]","[0.04554131442596128, 0.16193656093489148, 0.24523809523809523, 0.37341772151898733, 0.4359861591695502, 0.45979381443298967, 0.483271375464684, 0.6756756756756757, 0.5867346938775511, 0.4433164128595601]","[0.14450523311132255, 0.1301141769743102, 0.094790675547098, 0.0939581351094196, 0.07480970504281637, 0.056374881065651763, 0.051141769743101806, 0.05233111322549953, 0.05149857278782112, 0.049476688867745006, 0.0461465271170314, 0.04983349191246432, 0.10501902949571837]",0.4128,0.9095,2.2505,0.3767
openmrg,radar,linda_p,own,70,19,0.6500,0.7987,"[0.010481386068596252, 0.16666666666666669, 0.25, 0.33333333333333337, 0.4166666666666667, 0.5407021604938272, 0.6666666666666665, 0.75, 0.8333333333333331, 0.950445434298441]","[0.048643733899075614, 0.1669724770642202, 0.20108695652173914, 0.44272445820433437, 0.5387453874538746, 0.4305555555555556, 0.47126436781609193, 0.7067137809187279, 0.42483660130718953, 0.3518930957683742]","[0.1406679764243615, 0.12141453831041257, 0.09063523248199083, 0.09155206286836935, 0.0719056974459725, 0.06823837590045842, 0.054616895874263265, 0.058284217419777344, 0.05068762278978389, 0.05068762278978389, 0.04649639816633923, 0.04977079240340537, 0.10504256712508186]",0.3938,0.9161,2.2344,0.3659
openmrg,radar,linda_p,radar,70,19,0.6500,0.7987,"[0.010481386068596252, 0.16666666666666669, 0.25, 0.33333333333333337, 0.4166666666666667, 0.5407021604938272, 0.6666666666666665, 0.75, 0.8333333333333331, 0.950445434298441]","[0.048643733899075614, 0.1669724770642202, 0.20108695652173914, 0.44272445820433437, 0.5387453874538746, 0.4305555555555556, 0.47126436781609193, 0.7067137809187279, 0.42483660130718953, 0.3518930957683742]","[0.13831041257367388, 0.1206286836935167, 0.0902423051735429, 0.09613621480026195, 0.07229862475442043, 0.06810740013097577, 0.05435494433529797, 0.059070072036673214, 0.051735428945645055, 0.04675834970530452, 0.046234446627373936, 0.05108055009823183, 0.10504256712508186]",0.3938,0.9161,2.2344,0.3659
openmrg,radar (LINDA-P subset),linda_p,own,70,19,0.6500,0.7987,"[0.010481386068596252, 0.16666666666666669, 0.25, 0.33333333333333337, 0.4166666666666667, 0.5407021604938272, 0.6666666666666665, 0.75, 0.8333333333333331, 0.950445434298441]","[0.048643733899075614, 0.1669724770642202, 0.20108695652173914, 0.44272445820433437, 0.5387453874538746, 0.4305555555555556, 0.47126436781609193, 0.7067137809187279, 0.42483660130718953, 0.3518930957683742]","[0.13739358218729536, 0.12049770792403405, 0.09194499017681729, 0.09535036018336608, 0.07269155206286837, 0.06889325474787164, 0.055402750491159135, 0.05474787164374591, 0.04963981663392272, 0.05121152586771447, 0.045317616240995416, 0.0518664047151277, 0.10504256712508186]",0.3938,0.9161,2.2344,0.3659
openmrg,radar (LINDA-P subset),linda_p,radar,70,19,0.6500,0.7987,"[0.010481386068596252, 0.16666666666666669, 0.25, 0.33333333333333337, 0.4166666666666667, 0.5407021604938272, 0.6666666666666665, 0.75, 0.8333333333333331, 0.950445434298441]","[0.048643733899075614, 0.1669724770642202, 0.20108695652173914, 0.44272445820433437, 0.5387453874538746, 0.4305555555555556, 0.47126436781609193, 0.7067137809187279, 0.42483660130718953, 0.3518930957683742]","[0.1367387033398821, 0.12246234446627374, 0.09115913555992142, 0.09561231172233137, 0.07256057629338572, 0.0702030124426981, 0.0518664047151277, 0.05710543549443353, 0.0504256712508186, 0.04885396201702685, 0.046234446627373936, 0.051735428945645055, 0.10504256712508186]",0.3938,0.9161,2.2344,0.3659
openmrg,radar,linda_p,own,75,19,0.6380,0.7947,"[0.011596947738252084, 0.16666666666666663, 0.25, 0.33333333333333337, 0.41666666666666663, 0.5373809523809523, 0.6666666666666665, 0.75, 0.8333333333333333, 0.9578877005347594]","[0.04792490118577075, 0.163003663003663, 0.26666666666666666, 0.45263157894736844, 0.4819277108433735, 0.54, 0.4340659340659341, 0.7545454545454545, 0.4112903225806452, 0.25935828877005346]","[0.12575021434695627, 0.110603029436982, 0.0891683338096599, 0.08873963989711346, 0.0788796799085453, 0.067590740211489, 0.05787367819376965, 0.060160045727350675, 0.05844527007716491, 0.04829951414689911, 0.050871677622177765, 0.05573020863103744, 0.10788796799085452]",0.3668,0.8942,2.2941,0.2930
openmrg,radar,linda_p,radar,75,19,0.6380,0.7947,"[0.011596947738252084, 0.16666666666666663, 0.25, 0.33333333333333337, 0.41666666666666663, 0.5373809523809523, 0.6666666666666665, 0.75, 0.8333333333333333, 0.9578877005347594]","[0.04792490118577075, 0.163003663003663, 0.26666666666666666, 0.45263157894736844, 0.4819277108433735, 0.54, 0.4340659340659341, 0.7545454545454545, 0.4112903225806452, 0.25935828877005346]","[0.12789368390968847, 0.1076021720491569, 0.08745355815947413, 0.08902543583881109, 0.0768791083166619, 0.0717347813661046, 0.05687339239782795, 0.058731066018862535, 0.05773078022292084, 0.053015147184909975, 0.05101457559302658, 0.05415833095170049, 0.10788796799085452]",0.3668,0.8942,2.2941,0.2930
openmrg,radar (LINDA-P subset),linda_p,own,75,19,0.6380,0.7947,"[0.011596947738252084, 0.16666666666666663, 0.25, 0.33333333333333337, 0.41666666666666663, 0.5373809523809523, 0.6666666666666665, 0.75, 0.8333333333333333, 0.9578877005347594]","[0.04792490118577075, 0.163003663003663, 0.26666666666666666, 0.45263157894736844, 0.4819277108433735, 0.54, 0.4340659340659341, 0.7545454545454545, 0.4112903225806452, 0.25935828877005346]","[0.12460703058016576, 0.11117462132037725, 0.08831094598456701, 0.092169191197485, 0.07302086310374392, 0.06930551586167476, 0.05601600457273507, 0.05987424978565305, 0.06173192340668762, 0.051586167476421835, 0.05187196341811946, 0.05244355530151472, 0.10788796799085452]",0.3668,0.8942,2.2941,0.2930
openmrg,radar (LINDA-P subset),linda_p,radar,75,19,0.6380,0.7947,"[0.011596947738252084, 0.16666666666666663, 0.25, 0.33333333333333337, 0.41666666666666663, 0.5373809523809523, 0.6666666666666665, 0.75, 0.8333333333333333, 0.9578877005347594]","[0.04792490118577075, 0.163003663003663, 0.26666666666666666, 0.45263157894736844, 0.4819277108433735, 0.54, 0.4340659340659341, 0.7545454545454545, 0.4112903225806452, 0.25935828877005346]","[0.125178622463561, 0.10888825378679623, 0.09145470134324092, 0.09274078308088025, 0.07444984281223206, 0.07087739354101172, 0.05487282080594456, 0.05930265790225779, 0.05758788225207202, 0.04987139182623607, 0.05201486138896828, 0.05487282080594456, 0.10788796799085452]",0.3668,0.8942,2.2941,0.2930
openmrg,radar,linda_p,own,80,19,0.6525,0.7901,"[0.011418047882136281, 0.16666666666666666, 0.25, 0.33333333333333337, 0.4166666666666667, 0.5451070336391437, 0.6666666666666666, 0.75, 0.8333333333333331, 0.9532032032032033]","[0.04935543278084715, 0.1991869918699187, 0.2570694087403599, 0.43795620437956206, 0.6108786610878661, 0.5474006116207951, 0.5238095238095238, 0.5041322314049587, 0.3939393939393939, 0.2972972972972973]","[0.12125512456638285, 0.09823399558498896, 0.08719646799116998, 0.08451592557552823, 0.07568590350047304, 0.07757805108798486, 0.06322926521602018, 0.0619678334910123, 0.056291390728476824, 0.05140334279407127, 0.05566067486597288, 0.059602649006622516, 0.10737937559129612]",0.3468,0.9095,2.3325,0.2588
openmrg,radar,linda_p,radar,80,19,0.6525,0.7901,"[0.011418047882136281, 0.16666666666666666, 0.25, 0.33333333333333337, 0.4166666666666667, 0.5451070336391437, 0.6666666666666666, 0.75, 0.8333333333333331, 0.9532032032032033]","[0.04935543278084715, 0.1991869918699187, 0.2570694087403599, 0.43795620437956206, 0.6108786610878661, 0.5474006116207951, 0.5238095238095238, 0.5041322314049587, 0.3939393939393939, 0.2972972972972973]","[0.1217281614632608, 0.09728792179123305, 0.08372753074739829, 0.08625039419741407, 0.0772626931567329, 0.07537054556922107, 0.06795963418479975, 0.06149479659413434, 0.05802585935036266, 0.052980132450331126, 0.051718700725323245, 0.05881425417849259, 0.10737937559129612]",0.3468,0.9095,2.3325,0.2588
openmrg,radar (LINDA-P subset),linda_p,own,80,19,0.6525,0.7901,"[0.011418047882136281, 0.16666666666666666, 0.25, 0.33333333333333337, 0.4166666666666667, 0.5451070336391437, 0.6666666666666666, 0.75, 0.8333333333333331, 0.9532032032032033]","[0.04935543278084715, 0.1991869918699187, 0.2570694087403599, 0.43795620437956206, 0.6108786610878661, 0.5474006116207951, 0.5238095238095238, 0.5041322314049587, 0.3939393939393939, 0.2972972972972973]","[0.1174708293913592, 0.10469883317565437, 0.08625039419741407, 0.0846736045411542, 0.07947019867549669, 0.07300536108483129, 0.06433301797540208, 0.06338694418164617, 0.053768527278461056, 0.05345316934720908, 0.052191737622201195, 0.05991800693787449, 0.10737937559129612]",0.3468,0.9095,2.3325,0.2588
openmrg,radar (LINDA-P subset),linda_p,radar,80,19,0.6525,0.7901,"[0.011418047882136281, 0.16666666666666666, 0.25, 0.33333333333333337, 0.4166666666666667, 0.5451070336391437, 0.6666666666666666, 0.75, 0.8333333333333331, 0.9532032032032033]","[0.04935543278084715, 0.1991869918699187, 0.2570694087403599, 0.43795620437956206, 0.6108786610878661, 0.5474006116207951, 0.5238095238095238, 0.5041322314049587, 0.3939393939393939, 0.2972972972972973]","[0.12251655629139073, 0.10012614317250079, 0.08688111005991801, 0.08530432040365815, 0.07363607694733522, 0.07237464522232734, 0.06228319142226427, 0.06464837590665405, 0.05534531693472091, 0.05566067486597288, 0.05518763796909492, 0.0586565752128666, 0.10737937559129612]",0.3468,0.9095,2.3325,0.2588
openmrg,radar,linda_p,own,85,16,0.6471,0.7949,"[0.012005082932049223, 0.16666666666666669, 0.25, 0.33333333333333337, 0.41666666666666663, 0.5426509186351707, 0.6666666666666669, 0.75, 0.8333333333333334, 0.9487179487179487]","[0.04554574638844302, 0.22807017543859648, 0.30538922155688625, 0.4166666666666667, 0.4260355029585799, 0.5748031496062992, 0.5724137931034483, 0.5084745762711864, 0.3157894736842105, 0.31868131868131866]","[0.11155172413793103, 0.10413793103448275, 0.08586206896551724, 0.08879310344827586, 0.07706896551724138, 0.06896551724137931, 0.07379310344827586, 0.05706896551724138, 0.053275862068965514, 0.05396551724137931, 0.05706896551724138, 0.056896551724137934, 0.11155172413793103]",0.3174,0.9273,2.3114,0.2594
openmrg,radar,linda_p,radar,85,16,0.6471,0.7949,"[0.012005082932049223, 0.16666666666666669, 0.25, 0.33333333333333337, 0.41666666666666663, 0.5426509186351707, 0.6666666666666669, 0.75, 0.8333333333333334, 0.9487179487179487]","[0.04554574638844302, 0.22807017543859648, 0.30538922155688625, 0.4166666666666667, 0.4260355029585799, 0.5748031496062992, 0.5724137931034483, 0.5084745762711864, 0.3157894736842105, 0.31868131868131866]","[0.10879310344827586, 0.10189655172413793, 0.0910344827586207, 0.08706896551724137, 0.07775862068965517, 0.06620689655172414, 0.07344827586206897, 0.05982758620689655, 0.05120689655172414, 0.055689655172413796, 0.059482758620689656, 0.05603448275862069, 0.11155172413793103]",0.3174,0.9273,2.3114,0.2594
openmrg,radar (LINDA-P subset),linda_p,own,85,16,0.6471,0.7949,"[0.012005082932049223, 0.16666666666666669, 0.25, 0.33333333333333337, 0.41666666666666663, 0.5426509186351707, 0.6666666666666669, 0.75, 0.8333333333333334, 0.9487179487179487]","[0.04554574638844302, 0.22807017543859648, 0.30538922155688625, 0.4166666666666667, 0.4260355029585799, 0.5748031496062992, 0.5724137931034483, 0.5084745762711864, 0.3157894736842105, 0.31868131868131866]","[0.11017241379310345, 0.09948275862068966, 0.09120689655172413, 0.09189655172413794, 0.07775862068965517, 0.06741379310344828, 0.07224137931034483, 0.05706896551724138, 0.05379310344827586, 0.05603448275862069, 0.055344827586206895, 0.05603448275862069, 0.11155172413793103]",0.3174,0.9273,2.3114,0.2594
openmrg,radar (LINDA-P subset),linda_p,radar,85,16,0.6471,0.7949,"[0.012005082932049223, 0.16666666666666669, 0.25, 0.33333333333333337, 0.41666666666666663, 0.5426509186351707, 0.6666666666666669, 0.75, 0.8333333333333334, 0.9487179487179487]","[0.04554574638844302, 0.22807017543859648, 0.30538922155688625, 0.4166666666666667, 0.4260355029585799, 0.5748031496062992, 0.5724137931034483, 0.5084745762711864, 0.3157894736842105, 0.31868131868131866]","[0.10620689655172413, 0.10758620689655173, 0.0910344827586207, 0.08293103448275863, 0.08137931034482758, 0.07137931034482758, 0.06465517241379311, 0.055344827586206895, 0.055689655172413796, 0.05758620689655172, 0.05706896551724138, 0.05758620689655172, 0.11155172413793103]",0.3174,0.9273,2.3114,0.2594
openmrg,radar,linda_p,own,90,15,0.6876,0.7950,"[0.012481398809523807, 0.16666666666666669, 0.25, 0.33333333333333337, 0.41666666666666663, 0.5435323383084578, 0.6666666666666667, 0.75, 0.8333333333333331, 0.9399999999999997]","[0.048660714285714286, 0.2178477690288714, 0.3595166163141994, 0.3875598086124402, 0.4391891891891892, 0.5261194029850746, 0.5714285714285714, 0.5524475524475524, 0.31932773109243695, 0.35555555555555557]","[0.09896519285042334, 0.10761994355597367, 0.0916274694261524, 0.08485418626528693, 0.0722483537158984, 0.06434619002822202, 0.06265286923800564, 0.06171213546566322, 0.06095954844778927, 0.06622765757290687, 0.05437441204139229, 0.05794920037629351, 0.11646284101599247]",0.3027,0.9944,2.5327,0.2399
openmrg,radar,linda_p,radar,90,15,0.6876,0.7950,"[0.012481398809523807, 0.16666666666666669, 0.25, 0.33333333333333337, 0.41666666666666663, 0.5435323383084578, 0.6666666666666667, 0.75, 0.8333333333333331, 0.9399999999999997]","[0.048660714285714286, 0.2178477690288714, 0.3595166163141994, 0.3875598086124402, 0.4391891891891892, 0.5261194029850746, 0.5714285714285714, 0.5524475524475524, 0.31932773109243695, 0.35555555555555557]","[0.09143932267168392, 0.11063029162746943, 0.09031044214487301, 0.08410159924741298, 0.07770460959548448, 0.06754468485418627, 0.06378174976481656, 0.062088428974600186, 0.060583254938852305, 0.06114769520225776, 0.05625587958607714, 0.05794920037629351, 0.11646284101599247]",0.3027,0.9944,2.5327,0.2399
openmrg,radar (LINDA-P subset),linda_p,own,90,15,0.6876,0.7950,"[0.012481398809523807, 0.16666666666666669, 0.25, 0.33333333333333337, 0.41666666666666663, 0.5435323383084578, 0.6666666666666667, 0.75, 0.8333333333333331, 0.9399999999999997]","[0.048660714285714286, 0.2178477690288714, 0.3595166163141994, 0.3875598086124402, 0.4391891891891892, 0.5261194029850746, 0.5714285714285714, 0.5524475524475524, 0.31932773109243695, 0.35555555555555557]","[0.09821260583254939, 0.10856067732831609, 0.09275634995296331, 0.08278457196613359, 0.07714016933207903, 0.07074317968015052, 0.05794920037629351, 0.06359360301034807, 0.05738476011288805, 0.05907808090310442, 0.05587958607714017, 0.05945437441204139, 0.11646284101599247]",0.3027,0.9944,2.5327,0.2399
openmrg,radar (LINDA-P subset),linda_p,radar,90,15,0.6876,0.7950,"[0.012481398809523807, 0.16666666666666669, 0.25, 0.33333333333333337, 0.41666666666666663, 0.5435323383084578, 0.6666666666666667, 0.75, 0.8333333333333331, 0.9399999999999997]","[0.048660714285714286, 0.2178477690288714, 0.3595166163141994, 0.3875598086124402, 0.4391891891891892, 0.5261194029850746, 0.5714285714285714, 0.5524475524475524, 0.31932773109243695, 0.35555555555555557]","[0.09482596425211665, 0.10348071495766697, 0.08861712135465663, 0.09313264346190028, 0.07676387582314205, 0.06999059266227657, 0.06302916274694262, 0.06622765757290687, 0.053998118532455314, 0.06265286923800564, 0.05268109125117592, 0.058137347130762, 0.11646284101599247]",0.3027,0.9944,2.5327,0.2399
openmrg,cml_idw10,steps,own,5,63,0.4051,0.8593,"[0.0008160218617949948, 0.16666666666666666, 0.25, 0.33333333333333326, 0.41666666666666663, 0.5419426048565121, 0.6666666666666667, 0.75, 0.8333333333333335, 0.9924683892248486]","[0.03242579894233445, 0.3435897435897436, 0.40894568690095845, 0.4523809523809524, 0.4263959390862944, 0.47019867549668876, 0.4195121951219512, 0.43288590604026844, 0.49370277078085645, 0.731830676195712]","[0.37605698337984755, 0.04161286291498313, 0.02869996251093431, 0.023159911692423044, 0.019244387053775982, 0.017911442495938686, 0.015828716624317906, 0.01674511600783105, 0.017911442495938686, 0.018952805431749074, 0.02311825717499063, 0.03199066938809514, 0.36876744282917484]",0.5329,0.4704,1.5871,0.6358
openmrg,cml_idw10,steps,radar,5,63,0.8147,0.6887,"[0.0008160218617949948, 0.16666666666666666, 0.25, 0.33333333333333326, 0.41666666666666663, 0.5419426048565121, 0.6666666666666667, 0.75, 0.8333333333333335, 0.9924683892248486]","[0.11286404696237444, 0.33076923076923076, 0.33865814696485624, 0.376984126984127, 0.3756345177664975, 0.3730684326710817, 0.3170731707317073, 0.4161073825503356, 0.4836272040302267, 0.6352941176470588]","[0.2432398217541017, 0.020584362973465668, 0.01314057119708325, 0.010861859428802917, 0.008456552562284789, 0.0087603807980555, 0.008152724326514078, 0.007266558638849504, 0.008026129228276281, 0.008026129228276281, 0.011165687664573628, 0.016406724731618392, 0.6359124974680981]",0.3196,0.8840,2.7203,0.3729
openmrg,cml_idw10,steps,own,10,63,0.3941,0.8695,"[0.001253442094871928, 0.16666666666666669, 0.25, 0.33333333333333337, 0.4166666666666667, 0.5392422192151556, 0.6666666666666667, 0.75, 0.8333333333333335, 0.9901669899958158]","[0.03201797682755754, 0.32, 0.39767441860465114, 0.5027624309392266, 0.45323741007194246, 0.4668470906630582, 0.47289156626506024, 0.4811529933481153, 0.48816029143898, 0.7692571037315987]","[0.3202380952380952, 0.0603968253968254, 0.03563492063492064, 0.03, 0.02746031746031746, 0.025158730158730158, 0.02373015873015873, 0.023412698412698413, 0.022896825396825398, 0.02591269841269841, 0.030793650793650793, 0.04595238095238095, 0.32841269841269843]",0.5422,0.4716,1.5581,0.6480
openmrg,cml_idw10,steps,radar,10,63,0.8156,0.6875,"[0.001253442094871928, 0.16666666666666669, 0.25, 0.33333333333333337, 0.4166666666666667, 0.5392422192151556, 0.6666666666666667, 0.75, 0.8333333333333335, 0.9901669899958158]","[0.10922481425676729, 0.2696296296296296, 0.3488372093023256, 0.4198895027624309, 0.3776978417266187, 0.3274695534506089, 0.3102409638554217, 0.4212860310421286, 0.4116575591985428, 0.60413100536346]","[0.24752075500264958, 0.028918216457644655, 0.017613363950642207, 0.015039491281637184, 0.012490852658406722, 0.011405788690100683, 0.011077746095031416, 0.010800171591511268, 0.010295490676020086, 0.011304852507002448, 0.012970299528123345, 0.021877917686542684, 0.5886850538746877]",0.3047,0.9010,2.7180,0.3475
openmrg,cml_idw10,steps,own,15,63,0.3862,0.8757,"[0.001613420451356876, 0.1666666666666667, 0.25, 0.3333333333333333, 0.4166666666666667, 0.5458553791887125, 0.6666666666666669, 0.75, 0.8333333333333335, 0.98838747760951]","[0.030972328002030973, 0.28975265017667845, 0.35276073619631904, 0.44719101123595506, 0.4681933842239186, 0.4857142857142857, 0.42677824267782427, 0.466403162055336, 0.542203147353362, 0.7888373229115779]","[0.27633593630378195, 0.06687337314346961, 0.04719797887000459, 0.03575256469147144, 0.03318787322002756, 0.03020211299954065, 0.02958964936456898, 0.028977185729597305, 0.029704486296126167, 0.03322615219721329, 0.04092022661154494, 0.053820241923135816, 0.2942122186495177]",0.5490,0.4704,1.5437,0.6552
openmrg,cml_idw10,steps,radar,15,63,0.8282,0.6745,"[0.001613420451356876, 0.1666666666666667, 0.25, 0.3333333333333333, 0.4166666666666667, 0.5458553791887125, 0.6666666666666669, 0.75, 0.8333333333333335, 0.98838747760951]","[0.11337368554669232, 0.2838633686690224, 0.30368098159509205, 0.3101123595505618, 0.34096692111959287, 0.3619047619047619, 0.33472803347280333, 0.33794466403162055, 0.402002861230329, 0.5691255495847581]","[0.23355529891638205, 0.03410570803744748, 0.022040936678379242, 0.016463129960439346, 0.015578543873012753, 0.012900213774971128, 0.012384205223972282, 0.012138486866353786, 0.01260535174582893, 0.014374523920682114, 0.016561417303486745, 0.024940413298277515, 0.5723517704007667]",0.2804,0.9269,2.6633,0.3315
openmrg,cml_idw10,steps,own,20,63,0.5446,0.7857,"[0.002059308072487645, 0.16666666666666663, 0.25, 0.33333333333333337, 0.41666666666666663, 0.5444608809993426, 0.6666666666666669, 0.75, 0.8333333333333331, 0.9864211786844586]","[0.048375018720982474, 0.24250681198910082, 0.26772793053545585, 0.3284671532846715, 0.35812133072407043, 0.3895463510848126, 0.4150268336314848, 0.3669064748201439, 0.43131868131868134, 0.5739030023094688]","[0.3226965050421329, 0.05850255560160243, 0.0397154303080536, 0.031496062992125984, 0.027110098079845282, 0.025486945710733528, 0.02400193396878022, 0.02251692222682691, 0.022033430031772345, 0.024347285536676335, 0.02876778560574665, 0.03598563337477552, 0.3373394115209283]",0.3707,0.6488,1.9350,0.4674
openmrg,cml_idw10,steps,radar,20,63,0.8411,0.6663,"[0.002059308072487645, 0.16666666666666663, 0.25, 0.33333333333333337, 0.41666666666666663, 0.5444608809993426, 0.6666666666666669, 0.75, 0.8333333333333331, 0.9864211786844586]","[0.11762223099650088, 0.27338782924613986, 0.27206946454413894, 0.27007299270072993, 0.3268101761252446, 0.3333333333333333, 0.37924865831842575, 0.3669064748201439, 0.40934065934065933, 0.5578650243777264]","[0.22268071265595418, 0.03536579445604156, 0.024709937375600757, 0.01932132627797466, 0.016796931889897566, 0.015340550512160784, 0.014369629593669596, 0.014442448662556435, 0.01402980727219768, 0.015534734695859023, 0.018714500703917666, 0.02990436428952862, 0.5587892616146415]",0.2683,0.9464,2.6202,0.3229
openmrg,cml_idw10,steps,own,25,62,0.5426,0.7911,"[0.0023754692429391222, 0.16666666666666663, 0.25, 0.33333333333333337, 0.41666666666666663, 0.5408132977144554, 0.6666666666666669, 0.75, 0.8333333333333334, 0.9851782614501269]","[0.04799618052630101, 0.24444444444444444, 0.27977839335180055, 0.3295638126009693, 0.35094339622641507, 0.35529830810329477, 0.404553415061296, 0.43434343434343436, 0.43316831683168316, 0.5885966083589265]","[0.3008522435568334, 0.06266899407878974, 0.042475271246192284, 0.03443200876202211, 0.03453468870862854, 0.027586678988260258, 0.026970599308621692, 0.027004825957490503, 0.024061334154772906, 0.02580689324708218, 0.030940890577403568, 0.04072971215388301, 0.32193585926001983]",0.3785,0.6515,1.9353,0.4731
openmrg,cml_idw10,steps,radar,25,62,0.8473,0.6534,"[0.0023754692429391222, 0.16666666666666663, 0.25, 0.33333333333333337, 0.41666666666666663, 0.5408132977144554, 0.6666666666666669, 0.75, 0.8333333333333334, 0.9851782614501269]","[0.11968152329598113, 0.2512820512820513, 0.24376731301939059, 0.28917609046849757, 0.3018867924528302, 0.3116651825467498, 0.318739054290718, 0.3484848484848485, 0.37995049504950495, 0.52036319935906]","[0.224156505558004, 0.03990989667499143, 0.027936927672494002, 0.01951422555212771, 0.01951422555212771, 0.01630674305861613, 0.01704128103422947, 0.0153763282895059, 0.017114734831790802, 0.016551589050487245, 0.0194897409529406, 0.030385387591205133, 0.5367024141814799]",0.2482,0.9587,2.6072,0.3064
openmrg,cml_idw10,steps,own,30,62,0.5358,0.7981,"[0.002837172643224633, 0.16666666666666666, 0.25, 0.3333333333333333, 0.4166666666666666, 0.5432489451476794, 0.6666666666666669, 0.75, 0.8333333333333331, 0.9830876795162514]","[0.046956597423697344, 0.2448512585812357, 0.2974910394265233, 0.328125, 0.3723021582733813, 0.3670886075949367, 0.3910806174957118, 0.4333821376281113, 0.44273127753303965, 0.6047335600907029]","[0.28009962130258265, 0.06925727542560814, 0.045887209580021154, 0.037733274197400295, 0.03728975469960083, 0.03097813107707004, 0.030159325850363346, 0.028555832281396062, 0.027259390672443793, 0.030227559619255568, 0.03302514414383678, 0.045068404353314453, 0.3044590767971069]",0.3878,0.6501,1.9218,0.4849
openmrg,cml_idw10,steps,radar,30,62,0.8296,0.6520,"[0.002837172643224633, 0.16666666666666666, 0.25, 0.3333333333333333, 0.4166666666666666, 0.5432489451476794, 0.6666666666666669, 0.75, 0.8333333333333331, 0.9830876795162514]","[0.11752930254148776, 0.2402745995423341, 0.2532855436081243, 0.2883522727272727, 0.329136690647482, 0.3181434599156118, 0.3276157804459691, 0.3484626647144949, 0.3645374449339207, 0.5]","[0.21898224735191724, 0.04306066516876127, 0.029036320090861954, 0.023431520209377547, 0.021234043603861632, 0.01893780400483939, 0.018542752030814055, 0.017777338831139973, 0.017036616379842474, 0.01925878373373497, 0.023875953680156044, 0.03375225303078936, 0.5150737018839041]",0.2415,0.9483,2.5495,0.2844
openmrg,cml_idw10,steps,own,35,62,0.5880,0.7488,"[0.002968874973176489, 0.16666666666666669, 0.25, 0.3333333333333333, 0.4166666666666667, 0.5421045540285636, 0.6666666666666665, 0.75, 0.8333333333333333, 0.9820384294068505]","[0.052905717797155735, 0.1671875, 0.19759825327510916, 0.22524752475247525, 0.24283305227655985, 0.280517380759903, 0.2743055555555556, 0.31601731601731603, 0.37991718426501037, 0.5018428424001179]","[0.3071147176672615, 0.07242668103303142, 0.04862116569581467, 0.04131452237449072, 0.036600558941378494, 0.03343546920771743, 0.03218963601468063, 0.027307316744671538, 0.02744200141418903, 0.026734906899222196, 0.02952961379171016, 0.03666790127613724, 0.28061550893969495]",0.3019,0.7127,2.2192,0.3474
openmrg,cml_idw10,steps,radar,35,62,0.8011,0.6575,"[0.002968874973176489, 0.16666666666666669, 0.25, 0.3333333333333333, 0.4166666666666667, 0.5421045540285636, 0.6666666666666665, 0.75, 0.8333333333333333, 0.9820384294068505]","[0.11068356060162697, 0.253125, 0.2663755458515284, 0.30198019801980197, 0.2630691399662732, 0.3177041228779305, 0.3159722222222222, 0.35209235209235207, 0.391304347826087, 0.49049093321539144]","[0.21939223607939576, 0.046372738450728965, 0.031517402323655616, 0.025971744749190735, 0.023838799528242704, 0.021856415146420415, 0.01944744172040852, 0.01912122656896941, 0.019347067827658024, 0.019999498130536246, 0.024365762465182805, 0.036536096961180396, 0.4922335700484304]",0.2449,0.9220,2.4930,0.2853
openmrg,cml_idw10,steps,own,40,62,0.5766,0.7569,"[0.003277437895329373, 0.16666666666666669, 0.25, 0.3333333333333333, 0.4166666666666666, 0.5427520501688374, 0.6666666666666666, 0.75, 0.8333333333333334, 0.981088944305902]","[0.05100211829884308, 0.19151846785225718, 0.21063394683026584, 0.23027989821882952, 0.25148809523809523, 0.2583212735166425, 0.30985915492957744, 0.3152454780361757, 0.36493374108053006, 0.5202618453865336]","[0.28580897461390603, 0.07854444223503679, 0.0514018691588785, 0.04301716709750116, 0.038874527739113145, 0.035924968515940875, 0.03436733611718698, 0.03387021939418042, 0.029263604427652946, 0.027971100947835885, 0.033240538211705445, 0.036919201961954, 0.27079604957910786]",0.3087,0.7056,2.1978,0.3569
openmrg,cml_idw10,steps,radar,40,62,0.7808,0.6591,"[0.003277437895329373, 0.16666666666666669, 0.25, 0.3333333333333333, 0.4166666666666666, 0.5427520501688374, 0.6666666666666666, 0.75, 0.8333333333333334, 0.981088944305902]","[0.10878871820700076, 0.2770177838577291, 0.26993865030674846, 0.3015267175572519, 0.2961309523809524, 0.28147612156295226, 0.3192488262910798, 0.3423772609819121, 0.38328236493374107, 0.49158354114713215]","[0.20717555363107756, 0.05097117406903377, 0.035853024867004826, 0.02813311889150068, 0.02362984040578993, 0.021947296795744153, 0.021873066930595077, 0.020660645799826797, 0.020042063590251145, 0.021378201162934554, 0.025559816899665966, 0.040430533217864655, 0.48234566373871085]",0.2423,0.9065,2.4455,0.2838
openmrg,cml_idw10,steps,own,45,62,0.5727,0.7584,"[0.003329306960591877, 0.16666666666666669, 0.25, 0.3333333333333334, 0.4166666666666666, 0.5417540181691126, 0.6666666666666665, 0.75, 0.8333333333333331, 0.9823734001112965]","[0.051275856862449044, 0.17089452603471295, 0.17184466019417477, 0.22580645161290322, 0.23476005188067445, 0.27603074772886094, 0.316, 0.3229166666666667, 0.3241505968778696, 0.5449081803005008]","[0.2739056735467145, 0.08189583541064246, 0.05557217402865025, 0.042975371422873665, 0.040715259081995546, 0.03878751620301127, 0.035862664938345466, 0.03486555655266394, 0.03067770133280154, 0.03057799049423339, 0.030046199355203244, 0.038721042310632496, 0.2653970153222322]",0.3142,0.7051,2.1900,0.3634
openmrg,cml_idw10,steps,radar,45,62,0.7654,0.6563,"[0.003329306960591877, 0.16666666666666669, 0.25, 0.3333333333333334, 0.4166666666666666, 0.5417540181691126, 0.6666666666666665, 0.75, 0.8333333333333331, 0.9823734001112965]","[0.10670391061452514, 0.2656875834445928, 0.27864077669902915, 0.2616487455197133, 0.2490272373540856, 0.2774283717679944, 0.30533333333333335, 0.3472222222222222, 0.3415977961432507, 0.48514190317195327]","[0.20487416295337432, 0.05085758382913047, 0.03614547808120286, 0.029971870254661324, 0.02643698190236738, 0.024296134027034427, 0.022628264170670383, 0.0204625227153917, 0.022404221951158796, 0.02392273032784845, 0.026611236961987503, 0.038585048915884594, 0.4728037639092878]",0.2341,0.8940,2.4133,0.2788
openmrg,cml_idw10,steps,own,50,62,0.5224,0.7233,"[0.0036332667383843034, 0.16666666666666666, 0.25, 0.33333333333333337, 0.4166666666666667, 0.5413745485447207, 0.6666666666666666, 0.75, 0.8333333333333333, 0.9818296820194354]","[0.052589518979560476, 0.17224546722454673, 0.17668825161887142, 0.16626506024096385, 0.18840579710144928, 0.22179732313575526, 0.21715076071922546, 0.23770491803278687, 0.2627526467757459, 0.44799033983094705]","[0.29129907185726933, 0.08268013512183923, 0.05978813420353547, 0.04519366370404382, 0.040175789577252305, 0.034469187629136464, 0.03305893542356761, 0.03145190384047752, 0.02754911285297301, 0.0291561444360631, 0.0313535141517169, 0.04040536551769375, 0.25341904168443147]",0.2472,0.6641,1.8716,0.3523
openmrg,cml_idw10,steps,radar,50,62,0.7467,0.6572,"[0.0036332667383843034, 0.16666666666666666, 0.25, 0.33333333333333337, 0.4166666666666667, 0.5413745485447207, 0.6666666666666666, 0.75, 0.8333333333333333, 0.9818296820194354]","[0.10345781466113416, 0.2608089260808926, 0.28769657724329323, 0.2397590361445783, 0.2463768115942029, 0.25047801147227533, 0.28907330567081607, 0.33840749414519905, 0.37439846005774785, 0.47369328963256857]","[0.20538123313680423, 0.05413710402718097, 0.037049065654042174, 0.03345158389127611, 0.028754871589887078, 0.025657040071949636, 0.023883281702808033, 0.022109523333666434, 0.0210352753072849, 0.02228440091935645, 0.028355151394024183, 0.04032177475766963, 0.45757969421405015]",0.2307,0.8801,2.3503,0.2813
openmrg,cml_idw10,steps,own,55,61,0.5192,0.7260,"[0.0038088408756696644, 0.16666666666666669, 0.25, 0.3333333333333333, 0.41666666666666663, 0.5412515566625156, 0.6666666666666666, 0.75, 0.8333333333333331, 0.9822535041809535]","[0.05225334767494427, 0.17106109324758842, 0.17773620205799812, 0.1928406466512702, 0.20118343195266272, 0.19427148194271482, 0.21139240506329113, 0.25396825396825395, 0.2759295499021526, 0.4600252661974373]","[0.2802470352485135, 0.0825531355737328, 0.0639269406392694, 0.04756742551164548, 0.04217995466640386, 0.036956735981078154, 0.033770244078709634, 0.03199632075161788, 0.028415623665451202, 0.029302585328997075, 0.03133931211195427, 0.042278505962353406, 0.2494661804802733]",0.2486,0.6633,1.8657,0.3545
openmrg,cml_idw10,steps,radar,55,61,0.7483,0.6532,"[0.0038088408756696644, 0.16666666666666669, 0.25, 0.3333333333333333, 0.41666666666666663, 0.5412515566625156, 0.6666666666666666, 0.75, 0.8333333333333331, 0.9822535041809535]","[0.10502112269871705, 0.2739549839228296, 0.2694106641721235, 0.2528868360277136, 0.25088757396449707, 0.24844333748443337, 0.2772151898734177, 0.30385487528344673, 0.3238747553816047, 0.4833062624075077]","[0.2007579535254812, 0.05340580432831355, 0.04128852099331804, 0.03283634187693228, 0.028223795751471027, 0.024109903261194773, 0.022738605764436023, 0.022613942355639773, 0.021965692629899274, 0.023087663309065524, 0.02996908347461853, 0.043033808716465546, 0.45596888401316443]",0.2255,0.8842,2.3438,0.2695
openmrg,cml_idw10,steps,own,60,61,0.5185,0.7283,"[0.004277017946082694, 0.16666666666666663, 0.25, 0.3333333333333333, 0.41666666666666674, 0.5406662340471556, 0.6666666666666667, 0.75, 0.8333333333333333, 0.9815494767762073]","[0.05200411099691675, 0.20149253731343283, 0.17672047578589634, 0.2044491525423729, 0.21645021645021645, 0.1862426995457495, 0.20266990291262135, 0.23282887077997672, 0.2777777777777778, 0.4657609693409216]","[0.27345394736842105, 0.08516447368421053, 0.060657894736842105, 0.04950657894736842, 0.04240131578947368, 0.03710526315789474, 0.03674342105263158, 0.03289473684210526, 0.030723684210526316, 0.030789473684210526, 0.03167763157894737, 0.0431578947368421, 0.24572368421052632]",0.2475,0.6647,1.8650,0.3552
openmrg,cml_idw10,steps,radar,60,61,0.7703,0.6417,"[0.004277017946082694, 0.16666666666666663, 0.25, 0.3333333333333333, 0.41666666666666674, 0.5406662340471556, 0.6666666666666667, 0.75, 0.8333333333333333, 0.9815494767762073]","[0.11102853980551822, 0.2639077340569878, 0.24808836023789294, 0.2574152542372881, 0.2554112554112554, 0.2537313432835821, 0.27548543689320387, 0.3189755529685681, 0.3247863247863248, 0.4630071599045346]","[0.1983220810166799, 0.05413522637013503, 0.040831016679904686, 0.03385623510722796, 0.02851965845909452, 0.024126290706910247, 0.0232823669579031, 0.023207903097696585, 0.02221505162827641, 0.024821286735504367, 0.028668586179507547, 0.04413224781572677, 0.4538820492454329]",0.2148,0.9100,2.4525,0.2403
openmrg,cml_idw10,steps,own,65,61,0.5048,0.7117,"[0.004546339405934167, 0.16666666666666663, 0.25, 0.33333333333333326, 0.4166666666666667, 0.5394904458598727, 0.6666666666666667, 0.75, 0.8333333333333334, 0.9820072099909875]","[0.051846925036094935, 0.1372291529875246, 0.12351326623970722, 0.14680851063829786, 0.1605231866825208, 0.18089171974522292, 0.1864406779661017, 0.22588832487309646, 0.29917550058892817, 0.42738509076863657]","[0.28269410041283793, 0.08436542815288321, 0.059861499533892665, 0.05157144759621787, 0.04521241177253962, 0.03875349580503396, 0.03562391796510854, 0.03579038487148755, 0.032194699693700896, 0.030696497536289787, 0.030430150486083368, 0.041383672925822346, 0.2314222932481023]",0.2315,0.6557,1.8808,0.3250
openmrg,cml_idw10,steps,radar,65,61,0.7405,0.6245,"[0.004546339405934167, 0.16666666666666663, 0.25, 0.33333333333333326, 0.4166666666666667, 0.5394904458598727, 0.6666666666666667, 0.75, 0.8333333333333334, 0.9820072099909875]","[0.11146439985075353, 0.22258699934340118, 0.2040256175663312, 0.2074468085106383, 0.1985731272294887, 0.22229299363057325, 0.2542372881355932, 0.2639593908629442, 0.3027090694935218, 0.43530320587099264]","[0.20062314765559694, 0.05610862020923576, 0.041796489094916026, 0.03333586645388454, 0.028700255845175673, 0.02596448564987208, 0.02522988069002204, 0.02305139701598399, 0.02196215517896497, 0.024824581401828912, 0.03077741469716544, 0.04331636142564024, 0.4443093446817134]",0.1949,0.8828,2.3528,0.2218
openmrg,cml_idw10,steps,own,70,61,0.5156,0.7113,"[0.004654681574686791, 0.16666666666666669, 0.25, 0.33333333333333326, 0.4166666666666667, 0.540686274509804, 0.6666666666666665, 0.75, 0.8333333333333334, 0.9807604735883422]","[0.05572578804967891, 0.1685584562996595, 0.1330049261083744, 0.18328298086606243, 0.19426048565121412, 0.20529411764705882, 0.2185430463576159, 0.30012610340479196, 0.32435465768799104, 0.4332552693208431]","[0.26773640451619163, 0.08712108957976125, 0.06175795024424962, 0.0512115428164731, 0.045614829672284946, 0.039435799553556986, 0.038400569376597325, 0.032674452460289216, 0.031509818511209604, 0.0330303128336191, 0.03264210151725923, 0.042832648571705864, 0.2360324803468021]",0.2361,0.6684,1.8863,0.3216
openmrg,cml_idw10,steps,radar,70,61,0.7542,0.6135,"[0.004654681574686791, 0.16666666666666669, 0.25, 0.33333333333333326, 0.4166666666666667, 0.540686274509804, 0.6666666666666665, 0.75, 0.8333333333333334, 0.9807604735883422]","[0.11824819897643185, 0.21623155505107833, 0.1921182266009852, 0.2134944612286002, 0.20309050772626933, 0.21764705882352942, 0.21456953642384105, 0.31525851197982346, 0.2951739618406285, 0.4213505074160812]","[0.1960033593518427, 0.058912162829759904, 0.04016401541349669, 0.03322300167967592, 0.030703487797648452, 0.024627013140993973, 0.02635609129532655, 0.025738563383064916, 0.024132990811184665, 0.02554095445114119, 0.030579982215196127, 0.041571979053453216, 0.4424463985772157]",0.1866,0.8991,2.3882,0.2002
openmrg,cml_idw10,steps,own,75,60,0.5150,0.7106,"[0.004740523080817252, 0.16666666666666663, 0.25, 0.33333333333333337, 0.41666666666666663, 0.5408918216356728, 0.6666666666666667, 0.75, 0.8333333333333331, 0.9806047344340565]","[0.05604437327698632, 0.1660919540229885, 0.13654618473895583, 0.15672396359959556, 0.1881298992161254, 0.20515896820635873, 0.2326797385620915, 0.3015463917525773, 0.32407407407407407, 0.4368410582852596]","[0.26155705838152177, 0.0869678852625045, 0.06357607239700741, 0.050410010127740205, 0.04684896599039498, 0.042471168610539387, 0.03717860759907217, 0.03583913228135516, 0.03293149073801823, 0.032735469959815744, 0.03407494527753275, 0.04217713744323565, 0.23323205593126203]",0.2366,0.6695,1.8909,0.3210
openmrg,cml_idw10,steps,radar,75,60,0.7742,0.5933,"[0.004740523080817252, 0.16666666666666663, 0.25, 0.33333333333333337, 0.41666666666666663, 0.5408918216356728, 0.6666666666666667, 0.75, 0.8333333333333331, 0.9806047344340565]","[0.12565825313237697, 0.18908045977011495, 0.16947791164658635, 0.15672396359959556, 0.1948488241881299, 0.21055788842231554, 0.23006535947712417, 0.28350515463917525, 0.27662037037037035, 0.3869106823154963]","[0.19575820277859887, 0.057912109567445066, 0.04012710611882944, 0.03254015173908759, 0.03032318455020199, 0.026283377672677112, 0.024977830328111145, 0.026431175485269486, 0.025273425953295892, 0.026283377672677112, 0.029214700955759187, 0.04064439846290275, 0.44423095871514434]",0.1686,0.9229,2.3935,0.1798
openmrg,cml_idw10,steps,own,80,59,0.5551,0.6756,"[0.004764095700184038, 0.16666666666666666, 0.25, 0.3333333333333333, 0.4166666666666668, 0.5406323877068558, 0.6666666666666666, 0.75, 0.833333333333333, 0.9813882610780085]","[0.06466454743182198, 0.13322091062394603, 0.14180929095354522, 0.1487758945386064, 0.17684887459807075, 0.208628841607565, 0.2503556187766714, 0.29395973154362415, 0.32989690721649484, 0.37846722827203616]","[0.24968450277637558, 0.07758076728924786, 0.06167970721857648, 0.04988011105502271, 0.04394876325088339, 0.0411092882382635, 0.03905855628470469, 0.035840484603735484, 0.03095027763755679, 0.029909136799596163, 0.030003785966683492, 0.035935133770822816, 0.27441948510853104]",0.2035,0.7155,1.9297,0.2882
openmrg,cml_idw10,steps,radar,80,59,0.8159,0.5820,"[0.004764095700184038, 0.16666666666666666, 0.25, 0.3333333333333333, 0.4166666666666668, 0.5406323877068558, 0.6666666666666666, 0.75, 0.833333333333333, 0.9813882610780085]","[0.13287602476158608, 0.1765036537380551, 0.17359413202933985, 0.17890772128060264, 0.19721329046087888, 0.19267139479905437, 0.23470839260312945, 0.2483221476510067, 0.2898052691867125, 0.37764536675570165]","[0.19359365767185346, 0.05628323813275556, 0.03813767973212527, 0.03392751624975379, 0.029594248571991333, 0.025113255859759702, 0.024793184951743156, 0.02580263935394918, 0.025334843411463463, 0.026270435296434903, 0.029101831790427416, 0.041239905455977936, 0.4508075635217648]",0.1593,0.9661,2.4943,0.1533
openmrg,cml_idw10,steps,own,85,59,0.5541,0.6749,"[0.004839611137456811, 0.16666666666666666, 0.25, 0.33333333333333326, 0.4166666666666668, 0.5376725278880695, 0.6666666666666665, 0.75, 0.8333333333333331, 0.9813696404605495]","[0.06518867285414268, 0.1259298618490967, 0.13803680981595093, 0.17695473251028807, 0.14446952595936793, 0.19965967101531482, 0.25501432664756446, 0.3408521303258145, 0.3050430504305043, 0.3850392032210214]","[0.24186266771902132, 0.07914759273875296, 0.0613733228097869, 0.05382794001578532, 0.04653512233622731, 0.040947119179163376, 0.03861089187056038, 0.03636937647987372, 0.03248618784530387, 0.031254932912391474, 0.03097079715864246, 0.03599052880820837, 0.27062352012628255]",0.2043,0.7168,1.9324,0.2857
openmrg,cml_idw10,steps,radar,85,59,0.8372,0.5774,"[0.004839611137456811, 0.16666666666666666, 0.25, 0.33333333333333326, 0.4166666666666668, 0.5376725278880695, 0.6666666666666665, 0.75, 0.8333333333333331, 0.9813696404605495]","[0.13542442923921144, 0.17215727948990436, 0.17254601226993865, 0.205761316872428, 0.14785553047404063, 0.1911514463981849, 0.2507163323782235, 0.2857142857142857, 0.28044280442804426, 0.36787454969273153]","[0.18754296376313465, 0.05391338505352057, 0.039109299813414516, 0.034714720612786014, 0.03117941667485024, 0.026907591083177845, 0.02528724344495728, 0.025459098497495825, 0.024550721791220663, 0.028429735834233527, 0.029755474810959442, 0.03996857507610724, 0.4531817735441422]",0.1549,0.9904,2.5279,0.1329
openmrg,cml_idw10,steps,own,90,59,0.5470,0.6748,"[0.004915848324208451, 0.16666666666666669, 0.25, 0.33333333333333326, 0.4166666666666666, 0.5387373737373738, 0.6666666666666665, 0.75, 0.8333333333333333, 0.981958000591541]","[0.06441296602068307, 0.12751292360712235, 0.12333333333333334, 0.18063112078346028, 0.17261219792865362, 0.2084848484848485, 0.24277456647398843, 0.3078034682080925, 0.3136729222520107, 0.38509316770186336]","[0.24015281254116716, 0.07904096956922671, 0.06109208272954815, 0.05351732314583059, 0.046732973257805295, 0.04278092477934396, 0.036754050849690426, 0.03583190620471611, 0.033724147016203396, 0.031879857726254776, 0.03276906863390858, 0.036227111052562246, 0.2694967724937426]",0.2030,0.7097,1.9079,0.2952
openmrg,cml_idw10,steps,radar,90,59,0.8596,0.5707,"[0.004915848324208451, 0.16666666666666669, 0.25, 0.33333333333333326, 0.4166666666666666, 0.5387373737373738, 0.6666666666666665, 0.75, 0.8333333333333333, 0.981958000591541]","[0.140731728513079, 0.1797817346352671, 0.16333333333333333, 0.20130576713819368, 0.21518987341772153, 0.19272727272727272, 0.21965317919075145, 0.26011560693641617, 0.2640750670241287, 0.3598047914818101]","[0.1849079660887497, 0.052674457089029764, 0.03986863209348507, 0.035056900633926524, 0.029761450138750988, 0.02596807454364928, 0.02573894447414649, 0.026248122406374908, 0.02757198503016879, 0.028794012067516993, 0.02925227220652257, 0.038519310573079765, 0.45563787265459915]",0.1484,1.0138,2.5328,0.1121
openmrg,cml_idw40,steps,own,5,69,0.4526,0.8669,"[0.002435388517095431, 0.16666666666666666, 0.25, 0.33333333333333337, 0.41666666666666674, 0.5426658025491468, 0.6666666666666666, 0.75, 0.8333333333333331, 0.9847181628392486]","[0.03802895747983409, 0.2692015209125475, 0.2850378787878788, 0.3164400494437577, 0.3435326842837274, 0.338950097213221, 0.40559440559440557, 0.4199424736337488, 0.4663710273466371, 0.7402087682672234]","[0.3361447286338116, 0.07009357454772303, 0.04813474734872115, 0.03638178415470992, 0.029694323144104803, 0.027997504678727386, 0.026674984404242045, 0.026051154086088584, 0.02794759825327511, 0.03006862133499688, 0.03331253898939488, 0.04591391141609482, 0.2615845290081098]",0.5136,0.5630,1.6106,0.6430
openmrg,cml_idw40,steps,radar,5,69,0.6988,0.7300,"[0.002435388517095431, 0.16666666666666666, 0.25, 0.33333333333333337, 0.41666666666666674, 0.5426658025491468, 0.6666666666666666, 0.75, 0.8333333333333331, 0.9847181628392486]","[0.09376828926944707, 0.24714828897338403, 0.2850378787878788, 0.311495673671199, 0.31710709318497915, 0.29099157485418015, 0.337995337995338, 0.36720997123681687, 0.4057649667405765, 0.5832985386221294]","[0.3313995935199984, 0.0456796700803094, 0.02691450107539612, 0.021093549596479803, 0.017127409775252078, 0.01586455928491091, 0.014700368989127646, 0.015529114623414038, 0.014996349572801358, 0.015292330156475069, 0.01827186803212376, 0.026677716608457153, 0.43645296868525424]",0.3423,0.8197,2.2314,0.4300
openmrg,cml_idw40,steps,own,10,69,0.4260,0.8779,"[0.0032636428384677113, 0.16666666666666663, 0.25, 0.3333333333333333, 0.41666666666666663, 0.5425302245250433, 0.6666666666666666, 0.75, 0.8333333333333331, 0.9805479365679873]","[0.03578286857977443, 0.2664211172498465, 0.2841932841932842, 0.2844909609895338, 0.32486187845303865, 0.33471502590673574, 0.3977272727272727, 0.45054031587697424, 0.5535836177474402, 0.7857750874869952]","[0.27476635514018694, 0.08504672897196262, 0.05892902248042435, 0.045819651427128065, 0.039302854256125286, 0.035791866632988126, 0.03470573377115433, 0.034175296792119225, 0.03485728719373579, 0.038747158373326596, 0.04134882546097499, 0.055645364991159386, 0.22086385450871432]",0.5319,0.5446,1.5485,0.6734
openmrg,cml_idw40,steps,radar,10,69,0.6916,0.7267,"[0.0032636428384677113, 0.16666666666666663, 0.25, 0.3333333333333333, 0.41666666666666663, 0.5425302245250433, 0.6666666666666666, 0.75, 0.8333333333333331, 0.9805479365679873]","[0.09094474346144484, 0.23572744014732966, 0.24733824733824733, 0.27783063748810655, 0.2541436464088398, 0.2979274611398964, 0.3130165289256198, 0.36159600997506236, 0.4197952218430034, 0.5637945710772723]","[0.3208918951759893, 0.05741423305925716, 0.0336992182753453, 0.025902223662359756, 0.0224998987403297, 0.01806472518125481, 0.017558426829762244, 0.01731540362104581, 0.01717364008262789, 0.01988739924662805, 0.022378387135971484, 0.03163352100125562, 0.39558102798817285]",0.3299,0.8326,2.2059,0.4057
openmrg,cml_idw40,steps,own,15,68,0.4070,0.8851,"[0.004019322721291054, 0.16666666666666666, 0.25, 0.33333333333333326, 0.41666666666666663, 0.5421482508861148, 0.6666666666666666, 0.75, 0.8333333333333333, 0.9788516918646509]","[0.03374685642834062, 0.21424936386768448, 0.26804123711340205, 0.3008130081300813, 0.29304029304029305, 0.3578363384188627, 0.44565217391304346, 0.55420773313116, 0.6092289719626168, 0.8107991360691145]","[0.22831073120597598, 0.08760935502469105, 0.06690396811470684, 0.05226480836236934, 0.04644925174842704, 0.042839595919083547, 0.04364174165893766, 0.04168651141804327, 0.03998195172085328, 0.04238838894041561, 0.045471636627979845, 0.06341964755721555, 0.19903241170130098]",0.5420,0.5300,1.5015,0.6942
openmrg,cml_idw40,steps,radar,15,68,0.7035,0.7062,"[0.004019322721291054, 0.16666666666666666, 0.25, 0.33333333333333326, 0.41666666666666663, 0.5421482508861148, 0.6666666666666666, 0.75, 0.8333333333333333, 0.9788516918646509]","[0.09924554280174776, 0.23256997455470738, 0.24594992636229748, 0.24119241192411925, 0.2783882783882784, 0.279704114655571, 0.3060200668896321, 0.378316906747536, 0.433411214953271, 0.541036717062635]","[0.29861793673399795, 0.060939161133733176, 0.03777104687782079, 0.028283152468256675, 0.024732714179688284, 0.0231279963091489, 0.02098168615730247, 0.01961767596734399, 0.020159268248651035, 0.02124245281126512, 0.024471947525725634, 0.0376306340641486, 0.3824243275229174]",0.3020,0.8571,2.1864,0.3861
openmrg,cml_idw40,steps,own,20,68,0.5469,0.7982,"[0.00424079236049289, 0.16666666666666666, 0.25, 0.3333333333333333, 0.41666666666666663, 0.5423809523809524, 0.6666666666666666, 0.75, 0.8333333333333333, 0.9764415900699194]","[0.05363319274383036, 0.2033816425120773, 0.21010248901903367, 0.2894736842105263, 0.28370044052863436, 0.3142857142857143, 0.33970099667774084, 0.3977941176470588, 0.44202066590126293, 0.6084138581192552]","[0.30935339668270756, 0.0811490827368884, 0.04971053081564355, 0.039304296846373696, 0.03559127439724455, 0.032928646456750615, 0.032098101961550676, 0.029704179593033196, 0.029899601827197888, 0.029728607372303782, 0.03432102987517405, 0.04313945819185578, 0.2530717932432763]",0.3806,0.7005,1.7768,0.5066
openmrg,cml_idw40,steps,radar,20,68,0.7399,0.6965,"[0.00424079236049289, 0.16666666666666666, 0.25, 0.3333333333333333, 0.41666666666666663, 0.5423809523809524, 0.6666666666666666, 0.75, 0.8333333333333333, 0.9764415900699194]","[0.10303410633236526, 0.21159420289855072, 0.22181551976573938, 0.2878787878787879, 0.24669603524229075, 0.2773626373626374, 0.33554817275747506, 0.36764705882352944, 0.41446613088404133, 0.5312279047843507]","[0.2918312757201646, 0.06518518518518518, 0.03888888888888889, 0.02911522633744856, 0.025041152263374486, 0.021769547325102882, 0.0201440329218107, 0.01983539094650206, 0.02008230452674897, 0.02045267489711934, 0.025843621399176956, 0.036440329218107, 0.38537037037037036]",0.2904,0.9015,2.2481,0.3617
openmrg,cml_idw40,steps,own,25,67,0.5300,0.8055,"[0.004548206447706978, 0.16666666666666669, 0.25, 0.3333333333333333, 0.41666666666666663, 0.5414393621485522, 0.6666666666666667, 0.75, 0.8333333333333333, 0.9755696804600682]","[0.052126532465566824, 0.2047797563261481, 0.20638153428377462, 0.24980174464710547, 0.26926333615580017, 0.312211498111624, 0.3596774193548387, 0.4020408163265306, 0.49362380446333687, 0.6336749254118563]","[0.28377768868397313, 0.08304099428685978, 0.05477598476495941, 0.04472787411045404, 0.039816578129698306, 0.03538137716748522, 0.03340182419564999, 0.03312619023754636, 0.032675152851558587, 0.033326651297985364, 0.03593264508369249, 0.04768467475192944, 0.24233236443820788]",0.3859,0.6844,1.7365,0.5303
openmrg,cml_idw40,steps,radar,25,67,0.7414,0.6842,"[0.004548206447706978, 0.16666666666666669, 0.25, 0.3333333333333333, 0.41666666666666663, 0.5414393621485522, 0.6666666666666667, 0.75, 0.8333333333333333, 0.9755696804600682]","[0.10552444377175722, 0.19259606373008434, 0.21792260692464357, 0.23711340206185566, 0.2480948348856901, 0.25010490977759126, 0.2782258064516129, 0.35578231292517004, 0.3831030818278427, 0.5196523543909716]","[0.2898272957034541, 0.06868155012636899, 0.040122156697556866, 0.030475989890480202, 0.0264743049705139, 0.02346251053074979, 0.020408593091828138, 0.02169334456613311, 0.019966301600673968, 0.02224094355518113, 0.02396798652064027, 0.03612047177759056, 0.37655855096882895]",0.2720,0.9117,2.2482,0.3480
openmrg,cml_idw40,steps,own,30,66,0.5168,0.8102,"[0.004953780516710121, 0.16666666666666663, 0.25, 0.3333333333333333, 0.41666666666666663, 0.5418179373403256, 0.6666666666666667, 0.75, 0.8333333333333331, 0.9759165460684999]","[0.051386584498696375, 0.20275403608736942, 0.2222222222222222, 0.2539142273655548, 0.250996015936255, 0.3126260588947156, 0.3175872093023256, 0.3966329966329966, 0.49560117302052786, 0.6768451519536903]","[0.2685787092412502, 0.08487180820635498, 0.05858338967184981, 0.04742836340943367, 0.04300795673201935, 0.037131416090280304, 0.035051224712673565, 0.03281501898174632, 0.035597274949295335, 0.037963492641323, 0.04082375578553227, 0.051354724634666386, 0.2267928649435748]",0.3893,0.6751,1.6983,0.5453
openmrg,cml_idw40,steps,radar,30,66,0.7369,0.6751,"[0.004953780516710121, 0.16666666666666663, 0.25, 0.3333333333333333, 0.41666666666666663, 0.5418179373403256, 0.6666666666666667, 0.75, 0.8333333333333331, 0.9759165460684999]","[0.10594927707987675, 0.19278252611585944, 0.2059008160703076, 0.20558202859087815, 0.20637450199203186, 0.24324324324324326, 0.25872093023255816, 0.3569023569023569, 0.3976539589442815, 0.5054992764109986]","[0.2832488640335547, 0.07014592799720377, 0.04310118839566585, 0.030845858091576372, 0.02652044739601538, 0.023920831876966097, 0.021976581614819992, 0.022479028311779097, 0.02241349178608878, 0.02311254806011884, 0.025581090527787488, 0.03643830828381685, 0.3702158336246068]",0.2572,0.9152,2.2187,0.3333
openmrg,cml_idw40,steps,own,35,66,0.5949,0.7131,"[0.00493230640596861, 0.16666666666666669, 0.25, 0.33333333333333337, 0.4166666666666667, 0.5414959016393442, 0.6666666666666665, 0.75, 0.8333333333333335, 0.9737637985785574]","[0.07336956521739131, 0.1587516960651289, 0.18425983760149905, 0.17365661861074705, 0.17321688500727803, 0.1819672131147541, 0.2359472588480222, 0.31532104259376986, 0.345679012345679, 0.4970512626644488]","[0.3242056050759074, 0.09232191939171312, 0.051426956767448434, 0.04133165506434792, 0.036091345783349174, 0.030234529528115287, 0.030362968481080943, 0.029695085925659535, 0.028282257443037324, 0.027871252793547227, 0.028744637673713685, 0.03840324693673097, 0.24102853913534897]",0.2605,0.7680,1.8954,0.3755
openmrg,cml_idw40,steps,radar,35,66,0.7205,0.6682,"[0.00493230640596861, 0.16666666666666669, 0.25, 0.33333333333333337, 0.4166666666666667, 0.5414959016393442, 0.6666666666666665, 0.75, 0.8333333333333335, 0.9737637985785574]","[0.10041484435297145, 0.16644052464947987, 0.18800749531542785, 0.17496723460026212, 0.19359534206695778, 0.2180327868852459, 0.2678695350451076, 0.30959949141767323, 0.3617283950617284, 0.471949190987449]","[0.2819307422366417, 0.0804917345339778, 0.04482553135138714, 0.034143326932838954, 0.02922156745900373, 0.025403341499481338, 0.02383632390915712, 0.022114811626829108, 0.021077490123375047, 0.021585115539958948, 0.02443223200688605, 0.038093976914078884, 0.35284380586638414]",0.2413,0.9015,2.1721,0.3223
openmrg,cml_idw40,steps,own,40,65,0.5768,0.7193,"[0.005386362392601106, 0.1666666666666667, 0.25, 0.33333333333333337, 0.4166666666666667, 0.5414837844428189, 0.6666666666666665, 0.75, 0.8333333333333331, 0.9746280991735538]","[0.07202429814480381, 0.16027088036117382, 0.18495475113122173, 0.18015170670037928, 0.18004187020237264, 0.196781272860278, 0.2426981919332406, 0.2942430703624733, 0.3649497487437186, 0.5294214876033058]","[0.305063093127542, 0.08900823860673689, 0.05842632182709354, 0.045703410157472105, 0.03835123579101053, 0.035431223276671184, 0.029278339764313276, 0.029799770570445302, 0.028365835853582228, 0.030894775263322558, 0.032485139222025235, 0.04434769006152883, 0.23284492647825633]",0.2657,0.7534,1.8603,0.3830
openmrg,cml_idw40,steps,radar,40,65,0.7230,0.6528,"[0.005386362392601106, 0.1666666666666667, 0.25, 0.33333333333333337, 0.4166666666666667, 0.5414837844428189, 0.6666666666666665, 0.75, 0.8333333333333331, 0.9746280991735538]","[0.10418650467903465, 0.17020316027088037, 0.16233031674208145, 0.1529709228824273, 0.1793440334961619, 0.1938551572787125, 0.24339360222531292, 0.2935323383084577, 0.3373115577889447, 0.4709090909090909]","[0.2734402931712549, 0.07639882016446192, 0.04880228816589203, 0.03550679299249196, 0.030412048623525204, 0.026546299606721488, 0.024557561673221307, 0.02279227744011441, 0.020602431176260278, 0.021161065427243476, 0.025339649624597782, 0.03827761887736861, 0.35616285305684664]",0.2228,0.9093,2.2711,0.2926
openmrg,cml_idw40,steps,own,45,65,0.5701,0.7211,"[0.005581791722583677, 0.16666666666666669, 0.25, 0.3333333333333333, 0.4166666666666667, 0.5395083932853718, 0.6666666666666667, 0.75, 0.8333333333333336, 0.9753868414835815]","[0.07209472200044167, 0.1759567387687188, 0.1703056768558952, 0.17050970873786409, 0.16265822784810127, 0.21618705035971222, 0.2753414809489576, 0.3328358208955224, 0.36077844311377244, 0.5416371367824239]","[0.29909553726169846, 0.09093370883882149, 0.061335571923743504, 0.046658362218370886, 0.03850736568457539, 0.034987001733102256, 0.03189991334488735, 0.030302209705372618, 0.029327339688041593, 0.031412478336221836, 0.03349761698440208, 0.046089688041594454, 0.22595320623916812]",0.2675,0.7476,1.8576,0.3839
openmrg,cml_idw40,steps,radar,45,65,0.7042,0.6513,"[0.005581791722583677, 0.16666666666666669, 0.25, 0.3333333333333333, 0.4166666666666667, 0.5395083932853718, 0.6666666666666667, 0.75, 0.8333333333333336, 0.9753868414835815]","[0.09849321351521226, 0.17762063227953412, 0.15338427947598254, 0.1638349514563107, 0.17531645569620252, 0.1787769784172662, 0.22789360172537743, 0.3164179104477612, 0.30988023952095806, 0.44808646350106307]","[0.28259114913636046, 0.07803888107372645, 0.047921038673523514, 0.03648271567926573, 0.030648248506791504, 0.02610520489818509, 0.023476235500311325, 0.021147060858335447, 0.021377672209026127, 0.021908078315614695, 0.027534995272467312, 0.040172497290316626, 0.3425962225860757]",0.2108,0.8942,2.1760,0.3008
openmrg,cml_idw40,steps,own,50,64,0.5485,0.6719,"[0.005640712800508654, 0.16666666666666666, 0.25, 0.3333333333333333, 0.4166666666666666, 0.5408588884972388, 0.6666666666666667, 0.75, 0.833333333333333, 0.9769080052248552]","[0.0730500231986665, 0.12565656565656566, 0.1039787798408488, 0.10564663023679417, 0.0935672514619883, 0.14592879802608388, 0.2206432311144353, 0.26383623957543595, 0.2825757575757576, 0.4289979473782422]","[0.31979937903033195, 0.08982830454050898, 0.060451662553406046, 0.04617466762200462, 0.03927500464400393, 0.03338375394740334, 0.03080964891330308, 0.029350104821802937, 0.02531645569620253, 0.026192182151102618, 0.029695087970702968, 0.03972613645410397, 0.229997611655123]",0.2015,0.7424,1.7645,0.3898
openmrg,cml_idw40,steps,radar,50,64,0.6876,0.6439,"[0.005640712800508654, 0.16666666666666666, 0.25, 0.3333333333333333, 0.4166666666666666, 0.5408588884972388, 0.6666666666666667, 0.75, 0.833333333333333, 0.9769080052248552]","[0.09911845067276133, 0.1701010101010101, 0.13793103448275862, 0.16272009714632665, 0.1539961013645224, 0.17624250969333805, 0.23635003739715782, 0.26383623957543595, 0.3007575757575758, 0.44336629968277663]","[0.27340944664395544, 0.07533836663290673, 0.050386704723321976, 0.03742749286437713, 0.029877543504281373, 0.025734278611545897, 0.023179265261025688, 0.02166006813368935, 0.02129177792100175, 0.022833993186631065, 0.025803333026424822, 0.03862443605561182, 0.35443329343522695]",0.2028,0.8800,2.1256,0.3118
openmrg,cml_idw40,steps,own,55,63,0.5428,0.6736,"[0.005921437822685096, 0.16666666666666669, 0.25, 0.33333333333333315, 0.4166666666666666, 0.5400309302878895, 0.6666666666666666, 0.75, 0.8333333333333334, 0.976386439349402]","[0.07300888881003495, 0.12339431685480731, 0.10339425587467363, 0.0975609756097561, 0.09462915601023018, 0.14739471805852963, 0.24449506454062261, 0.2634631317315659, 0.26150121065375304, 0.44522829708014894]","[0.31113106413081926, 0.09411476614153946, 0.062090169509971975, 0.04870350719669143, 0.04018719560308002, 0.03488150627159688, 0.031834135988898865, 0.02748074987075885, 0.025712186760264467, 0.02810654912524148, 0.031942970641852364, 0.04138437678556853, 0.22243082197371644]",0.2024,0.7383,1.7544,0.3969
openmrg,cml_idw40,steps,radar,55,63,0.6783,0.6428,"[0.005921437822685096, 0.16666666666666669, 0.25, 0.33333333333333315, 0.4166666666666666, 0.5400309302878895, 0.6666666666666666, 0.75, 0.8333333333333334, 0.976386439349402]","[0.09694303000195163, 0.17983651226158037, 0.15091383812010445, 0.1329268292682927, 0.12979539641943735, 0.16952177016416844, 0.23917995444191345, 0.28334714167357083, 0.2453591606133979, 0.4464040760337057]","[0.27340121052878524, 0.07493079341247126, 0.0505325388260686, 0.038849528456810396, 0.031365833059634966, 0.026157744099845164, 0.022943743255290198, 0.021770750246328532, 0.02310796227654483, 0.02303758269600713, 0.026580021583071364, 0.041641251818139165, 0.34568103974100317]",0.1974,0.8739,2.0788,0.3067
openmrg,cml_idw40,steps,own,60,63,0.5374,0.6753,"[0.006016685478139873, 0.16666666666666669, 0.25, 0.33333333333333337, 0.4166666666666667, 0.5398591373722263, 0.6666666666666666, 0.75, 0.8333333333333334, 0.9758692441938518]","[0.07205690022752925, 0.12744721689059502, 0.10356619443087445, 0.11057692307692307, 0.09966996699669967, 0.13350785340314136, 0.2536418166238218, 0.26837606837606837, 0.2754844144903117, 0.450664518727346]","[0.3067322659550812, 0.08989326217478319, 0.06204136090727151, 0.05231265287969757, 0.04255614854347343, 0.03424505225706026, 0.03268845897264843, 0.029047142539470758, 0.02596175227929731, 0.028574605292417166, 0.033216588837002445, 0.040916166333110966, 0.22181454302868578]",0.2049,0.7297,1.7508,0.3984
openmrg,cml_idw40,steps,radar,60,63,0.7101,0.6326,"[0.006016685478139873, 0.16666666666666669, 0.25, 0.33333333333333337, 0.4166666666666667, 0.5398591373722263, 0.6666666666666666, 0.75, 0.8333333333333334, 0.9758692441938518]","[0.10260314957808553, 0.18848368522072936, 0.14753297508549096, 0.1424278846153846, 0.11947194719471947, 0.15482423335826478, 0.2467866323907455, 0.24358974358974358, 0.2864363942712721, 0.4482480869915425]","[0.26867481337073845, 0.0761019447482288, 0.04883267557415244, 0.037088108031001855, 0.03142979411345157, 0.026722457324901337, 0.02444011221530122, 0.023584232799201178, 0.021682278541201083, 0.02420236793305121, 0.026294517616851316, 0.03984594170510199, 0.35110075602681756]",0.1915,0.9026,2.2390,0.2729
openmrg,cml_idw40,steps,own,65,63,0.5234,0.7008,"[0.006078066688547708, 0.16666666666666669, 0.25, 0.33333333333333337, 0.41666666666666674, 0.5409521953754222, 0.6666666666666666, 0.75, 0.8333333333333334, 0.9765511516912224]","[0.0629626928266657, 0.12893203883495147, 0.1179925253603844, 0.11774842044801838, 0.12700449005772932, 0.17381137957911147, 0.23936613844870724, 0.292772186642269, 0.31493212669683257, 0.4534135712803486]","[0.31169853768278966, 0.09271653543307086, 0.06237345331833521, 0.049100112485939255, 0.04010123734533183, 0.03231158605174353, 0.02893700787401575, 0.026490438695163106, 0.025196850393700787, 0.027699662542182226, 0.03158042744656918, 0.044150731158605176, 0.22764341957255343]",0.2237,0.7156,1.7166,0.4263
openmrg,cml_idw40,steps,radar,65,63,0.7264,0.6197,"[0.006078066688547708, 0.16666666666666669, 0.25, 0.33333333333333337, 0.41666666666666674, 0.5409521953754222, 0.6666666666666666, 0.75, 0.8333333333333334, 0.9765511516912224]","[0.10641479158309325, 0.17825242718446602, 0.1404164442071543, 0.12062033314187248, 0.12315586914688903, 0.16757599376461418, 0.21934945788156798, 0.23879231473010065, 0.2660633484162896, 0.4266445320605935]","[0.2674143753014954, 0.073589001447178, 0.050024119633381575, 0.03601061263868789, 0.03198263386396527, 0.028002894356005788, 0.02375783888084901, 0.022407139411480946, 0.021297636275928605, 0.023251326579835987, 0.025470332850940667, 0.042354076218041485, 0.35443801254220936]",0.1818,0.9212,2.2180,0.2637
openmrg,cml_idw40,steps,own,70,63,0.5171,0.7040,"[0.005948608003977131, 0.16666666666666666, 0.25, 0.3333333333333333, 0.4166666666666667, 0.5431722831235622, 0.6666666666666667, 0.75, 0.8333333333333331, 0.9752601324310557]","[0.06262117822520508, 0.12295081967213115, 0.1051513542219862, 0.11512959614225438, 0.13733905579399142, 0.1908241981323589, 0.23682008368200838, 0.2768791627021884, 0.3445149592021759, 0.4680200829513207]","[0.29734881811249925, 0.09807026805091208, 0.06416798639216377, 0.04965100592410112, 0.04088216317672591, 0.03557393395507068, 0.031673411930318494, 0.027039709073845973, 0.025456038477330047, 0.027772889905566308, 0.03199601149627544, 0.04202592527420963, 0.22834183823098128]",0.2309,0.7086,1.7123,0.4344
openmrg,cml_idw40,steps,radar,70,63,0.7489,0.6110,"[0.005948608003977131, 0.16666666666666666, 0.25, 0.3333333333333333, 0.4166666666666667, 0.5431722831235622, 0.6666666666666667, 0.75, 0.8333333333333331, 0.9752601324310557]","[0.1063758389261745, 0.1955503512880562, 0.13170472650026555, 0.10669077757685352, 0.11874105865522175, 0.15712545676004872, 0.1723849372384937, 0.22074215033301617, 0.2656391659111514, 0.4112639161755075]","[0.2663776133163888, 0.0771473424534649, 0.048416436171538214, 0.03735267000573123, 0.031222745508459795, 0.027210884353741496, 0.023797064613391143, 0.021803593232164662, 0.021230470210062045, 0.02105604146420473, 0.02638857740898557, 0.04079140813834691, 0.35720515312352047]",0.1711,0.9481,2.3298,0.2446
openmrg,cml_idw40,steps,own,75,63,0.5182,0.7095,"[0.005278189394227238, 0.16666666666666666, 0.25, 0.3333333333333333, 0.4166666666666667, 0.5405214940098662, 0.6666666666666665, 0.75, 0.8333333333333333, 0.9763430350419924]","[0.06132451840875413, 0.1350771869639794, 0.10218978102189781, 0.12084592145015106, 0.1307471264367816, 0.18646934460887948, 0.26310947562097514, 0.3431174089068826, 0.3605371900826446, 0.4606863596872285]","[0.2954282935132835, 0.09362271262690741, 0.06276977323849474, 0.0524651954526111, 0.0426773664052526, 0.03495653231199465, 0.028877135388169495, 0.027326889172594078, 0.02796522584959572, 0.027995622834214844, 0.03155207003465256, 0.03921211015867226, 0.23515107301355706]",0.2342,0.7034,1.7210,0.4357
openmrg,cml_idw40,steps,radar,75,63,0.7940,0.6053,"[0.005278189394227238, 0.16666666666666666, 0.25, 0.3333333333333333, 0.4166666666666667, 0.5405214940098662, 0.6666666666666665, 0.75, 0.8333333333333333, 0.9763430350419924]","[0.11307420494699646, 0.2058319039451115, 0.13712200208550573, 0.12447129909365559, 0.1206896551724138, 0.1792811839323467, 0.23367065317387303, 0.242914979757085, 0.2882231404958678, 0.38575152041702865]","[0.26145772297658776, 0.07140855476014572, 0.04751229205411051, 0.03752579420681222, 0.029959493541894887, 0.024991720378060276, 0.02379435966677706, 0.02063536544977454, 0.02063536544977454, 0.022571523195679313, 0.02914426922782972, 0.03655771533385983, 0.3738058237586936]",0.1706,0.9869,2.4979,0.2108
openmrg,cml_idw40,steps,own,80,63,0.5841,0.6680,"[0.005019364534962138, 0.16666666666666666, 0.25, 0.3333333333333333, 0.41666666666666663, 0.538373544093178, 0.6666666666666666, 0.75, 0.8333333333333333, 0.97718561108654]","[0.0798859322915663, 0.10778947368421053, 0.11222949169602416, 0.1510703363914373, 0.15474452554744525, 0.19425956738768718, 0.2790909090909091, 0.2787821122740247, 0.33367037411526795, 0.4340999557717824]","[0.2706288674629443, 0.08214131529716506, 0.05652611886602389, 0.043747301770038854, 0.039113541516765, 0.03505540365520219, 0.028925025183479638, 0.02975967765146064, 0.0291264930205785, 0.02880990070513743, 0.030364081162757232, 0.03732911210246079, 0.28847316160598646]",0.2088,0.7739,1.8042,0.4080
openmrg,cml_idw40,steps,radar,80,63,0.8251,0.6031,"[0.005019364534962138, 0.16666666666666666, 0.25, 0.3333333333333333, 0.41666666666666663, 0.538373544093178, 0.6666666666666666, 0.75, 0.8333333333333333, 0.97718561108654]","[0.1155898957590705, 0.18610526315789475, 0.1560140915953699, 0.13577981651376148, 0.1510948905109489, 0.16597337770382695, 0.25545454545454543, 0.2445290199809705, 0.2871587462082912, 0.37925696594427244]","[0.2579121158242316, 0.07289814579629159, 0.04739649479298959, 0.0364236728473457, 0.029895859791719583, 0.02600965201930404, 0.023698247396494794, 0.022275844551689104, 0.021005842011684022, 0.022758445516891032, 0.027838455676911355, 0.03576327152654305, 0.3761239522479045]",0.1731,1.0187,2.5448,0.1955
openmrg,cml_idw40,steps,own,85,62,0.5720,0.6708,"[0.004945187444600865, 0.16666666666666669, 0.25, 0.33333333333333326, 0.41666666666666674, 0.5393908281998631, 0.6666666666666665, 0.75, 0.8333333333333336, 0.9755876321186309]","[0.07879712185202566, 0.10715854194115064, 0.11611876988335101, 0.15222623345367028, 0.18223684210526317, 0.20410677618069814, 0.26897133220910624, 0.3152762730227519, 0.39050701186623515, 0.42972077614765736]","[0.269315803437196, 0.08121333608466233, 0.05592076172508328, 0.04636971965922825, 0.038439996462577015, 0.03342864723049259, 0.030510273265925772, 0.029006868496300447, 0.02959643899419273, 0.031217757863396516, 0.028888954396721987, 0.03885269581110161, 0.2872387465731215]",0.2097,0.7622,1.7808,0.4152
openmrg,cml_idw40,steps,radar,85,62,0.8383,0.6041,"[0.004945187444600865, 0.16666666666666669, 0.25, 0.33333333333333326, 0.41666666666666674, 0.5393908281998631, 0.6666666666666665, 0.75, 0.8333333333333336, 0.9755876321186309]","[0.11723760362896919, 0.17962231005709267, 0.15217391304347827, 0.1365824308062575, 0.1401315789473684, 0.17166324435318275, 0.25463743676222594, 0.27302275189599134, 0.35382955771305286, 0.39398958826313296]","[0.24779238114796182, 0.07636821028853065, 0.04813122497176302, 0.036040661258856146, 0.031933463394599036, 0.025952356504774617, 0.023385357839613923, 0.02174247869391108, 0.020690009241195195, 0.02248690830680768, 0.027595235650477463, 0.033781702433514735, 0.3841000102679947]",0.1761,1.0314,2.5400,0.1880
openmrg,cml_idw40,steps,own,90,62,0.5688,0.6772,"[0.004498530956274346, 0.16666666666666669, 0.25, 0.33333333333333337, 0.4166666666666666, 0.53782172002511, 0.6666666666666666, 0.75, 0.8333333333333331, 0.9761650868878358]","[0.07801220436325929, 0.10037700282752121, 0.12103746397694524, 0.1745152354570637, 0.2032838154808444, 0.22693032015065914, 0.30465587044534415, 0.3464203233256351, 0.3766968325791855, 0.4367298578199052]","[0.24744986033081195, 0.07874831298452653, 0.05925739932833245, 0.045510184865509555, 0.0400175763472584, 0.03794607827751797, 0.031072471046106526, 0.031637425065126644, 0.029252063651486145, 0.03157465239634663, 0.030978312042936506, 0.03885628197482816, 0.2976993816892125]",0.2213,0.7500,1.7919,0.4185
openmrg,cml_idw40,steps,radar,90,62,0.8554,0.6037,"[0.004498530956274346, 0.16666666666666669, 0.25, 0.33333333333333337, 0.4166666666666666, 0.53782172002511, 0.6666666666666666, 0.75, 0.8333333333333331, 0.9761650868878358]","[0.12086706816096997, 0.15457115928369464, 0.16772334293948127, 0.16412742382271467, 0.14073494917904614, 0.16666666666666666, 0.2479757085020243, 0.2921478060046189, 0.37895927601809953, 0.40592417061611374]","[0.2381669535283993, 0.07352624784853701, 0.04647160068846816, 0.036467297762478486, 0.030873493975903613, 0.024634251290877797, 0.022993760757314973, 0.023343373493975902, 0.021191910499139415, 0.023827452667814112, 0.02759251290877797, 0.033482142857142856, 0.3974290017211704]",0.1836,1.0410,2.5937,0.1759
openmrg,merged,steps,own,5,127,0.5034,0.8245,"[0.004979790049143623, 0.16666666666666663, 0.25, 0.3333333333333334, 0.41666666666666663, 0.5418084436042846, 0.6666666666666667, 0.75, 0.8333333333333335, 0.9676071499390951]","[0.04958707726307831, 0.25581887431231487, 0.30855986119144013, 0.3508468717594193, 0.38530326594090203, 0.43156899810964083, 0.5044078190877731, 0.5390410958904109, 0.5995952587453021, 0.7008583326251381]","[0.15455485046843223, 0.0813171669574688, 0.06363565641635456, 0.05851235260777275, 0.054000288949889425, 0.054133650437314544, 0.05312232582434069, 0.050777386337115614, 0.05128860537224525, 0.051277491914959825, 0.055578399884420045, 0.06832553539080473, 0.20347628943888155]",0.4307,0.6526,2.0715,0.5260
openmrg,merged,steps,radar,5,127,0.5553,0.8085,"[0.004979790049143623, 0.16666666666666663, 0.25, 0.3333333333333334, 0.41666666666666663, 0.5418084436042846, 0.6666666666666667, 0.75, 0.8333333333333335, 0.9676071499390951]","[0.05983017825467446, 0.3256453660600931, 0.3956043956043956, 0.4085724161769789, 0.46734059097978226, 0.4947069943289225, 0.5546186278267535, 0.5739726027397261, 0.6100028910089621, 0.6612560550692614]","[0.13781031528991136, 0.0633133639081903, 0.047713802313331985, 0.042521042382710664, 0.04019068495482937, 0.03978633069793673, 0.04179746108090277, 0.04311693286655245, 0.04450025006118519, 0.05131042701937708, 0.062036455728529324, 0.08728731498132522, 0.2986156187152176]",0.4152,0.6998,2.1628,0.5155
openmrg,merged,steps,own,10,127,0.5109,0.8231,"[0.007939169197995977, 0.16666666666666669, 0.25, 0.3333333333333335, 0.4166666666666667, 0.5402768782383419, 0.6666666666666669, 0.75, 0.8333333333333331, 0.9571156571023731]","[0.047986113850644996, 0.23996994740796393, 0.29157175398633256, 0.3232296137339056, 0.3753762793497893, 0.42908031088082904, 0.501462463438414, 0.5602011945928953, 0.6419540229885058, 0.7182518597236982]","[0.12779394464739025, 0.08599054754091594, 0.07268899758528884, 0.06379377953893464, 0.06455740614616226, 0.05954223680680247, 0.05823168844034425, 0.05484696510020019, 0.05538356758095474, 0.05827296555424845, 0.06369058675417415, 0.07554743772315439, 0.15965987658142944]",0.4092,0.6846,2.1006,0.4842
openmrg,merged,steps,radar,10,127,0.5807,0.7929,"[0.007939169197995977, 0.16666666666666669, 0.25, 0.3333333333333335, 0.4166666666666667, 0.5402768782383419, 0.6666666666666669, 0.75, 0.8333333333333331, 0.9571156571023731]","[0.06264546924928005, 0.29812171299774604, 0.366949679022572, 0.3953862660944206, 0.45334136062612884, 0.4807318652849741, 0.5303867403314917, 0.5513989311537253, 0.5956896551724138, 0.6135759829968119]","[0.11931042787187926, 0.06927831741189693, 0.056996066468652164, 0.05041342217227262, 0.04848679457333226, 0.04907883117925664, 0.048506863610821224, 0.04757365336758449, 0.05222967006502368, 0.05990607690455166, 0.07057277032993498, 0.09634141446576222, 0.23130569157903186]",0.3796,0.7477,2.2582,0.4475
openmrg,merged,steps,own,15,127,0.5594,0.8104,"[0.011151380585409678, 0.16666666666666666, 0.25, 0.33333333333333326, 0.4166666666666669, 0.5400599520383693, 0.6666666666666669, 0.75, 0.8333333333333334, 0.9503996720639477]","[0.0550938245153264, 0.23300498601483643, 0.29662491301322197, 0.3432126696832579, 0.39122137404580154, 0.46575539568345325, 0.5442111959287532, 0.6132989025177534, 0.6646903820816864, 0.7312973970075836]","[0.10872638478344686, 0.08364556661690706, 0.06992377883008907, 0.06621652348422687, 0.06691843049637677, 0.066078119284648, 0.06378456397734125, 0.060581495358516306, 0.06171838699791405, 0.06226211778197384, 0.06621652348422687, 0.07879153361739148, 0.14513657528694157]",0.3909,0.7494,2.2436,0.4505
openmrg,merged,steps,radar,15,127,0.6033,0.7804,"[0.011151380585409678, 0.16666666666666666, 0.25, 0.33333333333333326, 0.4166666666666669, 0.5400599520383693, 0.6666666666666669, 0.75, 0.8333333333333334, 0.9503996720639477]","[0.06663614058126274, 0.2855405569743403, 0.34585942936673625, 0.40158371040723984, 0.438113413304253, 0.47597122302158273, 0.5362595419847328, 0.5597159457714654, 0.5849802371541502, 0.5669194507071121]","[0.10056867171076214, 0.07111787101711828, 0.05781657188804821, 0.056508723830929156, 0.05436772812260833, 0.05582089263051839, 0.054648673260804276, 0.05567557617972738, 0.05707061410732104, 0.06535365180240837, 0.07535142361682959, 0.09999709367098418, 0.19570250816194065]",0.3530,0.7876,2.2937,0.4057
openmrg,merged,steps,own,20,127,0.6409,0.7556,"[0.012753414499816934, 0.1666666666666666, 0.25, 0.3333333333333334, 0.41666666666666674, 0.5401883643299953, 0.6666666666666664, 0.75, 0.8333333333333333, 0.9460967507526213]","[0.07135143118232921, 0.251959428307976, 0.3173713703515028, 0.3579136690647482, 0.3858350951374207, 0.423032904148784, 0.4691011235955056, 0.5074374577417173, 0.5421956684092606, 0.5696044845842416]","[0.11115710624876798, 0.08727577370392273, 0.07199881726788883, 0.0648728562980485, 0.06304947762665089, 0.06221170904790065, 0.05950128129312044, 0.05939286418292923, 0.056603587620737236, 0.05936329588014981, 0.0652079637295486, 0.07777449241080228, 0.1615907746895328]",0.3143,0.8553,2.4318,0.3427
openmrg,merged,steps,radar,20,127,0.6227,0.7650,"[0.012753414499816934, 0.1666666666666666, 0.25, 0.3333333333333334, 0.41666666666666674, 0.5401883643299953, 0.6666666666666664, 0.75, 0.8333333333333333, 0.9460967507526213]","[0.07303137432271523, 0.2776625172890733, 0.35472915605365934, 0.40422661870503596, 0.41807610993657507, 0.4565092989985694, 0.5168539325842697, 0.5632183908045977, 0.5750560119492159, 0.5621301775147929]","[0.09152852540079624, 0.07102878335101671, 0.06119747306123641, 0.05902679762101759, 0.055941128945908324, 0.05701186571014182, 0.05717734321006882, 0.058433025415397195, 0.05881265026817089, 0.06544148423583464, 0.0756913552607244, 0.09840070863305851, 0.19030885888662843]",0.3331,0.8147,2.3141,0.3747
openmrg,merged,steps,own,25,127,0.6313,0.7582,"[0.014815058420356733, 0.16666666666666666, 0.25, 0.33333333333333337, 0.4166666666666667, 0.5392918192918194, 0.6666666666666666, 0.75, 0.8333333333333333, 0.9446064139941693]","[0.06917348012628512, 0.23515910276473656, 0.2801266825019794, 0.3413984006561411, 0.37493619193466055, 0.42945054945054945, 0.47455247455247457, 0.5201052236001503, 0.5535117056856187, 0.6018325697625989]","[0.10280721510587383, 0.08513141225441895, 0.07581089505117738, 0.07051217599388687, 0.06548492831144805, 0.06631945142673289, 0.06352430171529691, 0.06193569144764624, 0.05910032375475075, 0.06172454704498381, 0.06596754408896217, 0.07841500935068069, 0.14326650445414144]",0.3110,0.8576,2.4219,0.3486
openmrg,merged,steps,radar,25,127,0.6411,0.7526,"[0.014815058420356733, 0.16666666666666666, 0.25, 0.33333333333333337, 0.4166666666666667, 0.5392918192918194, 0.6666666666666666, 0.75, 0.8333333333333333, 0.9446064139941693]","[0.07536630777948676, 0.26917057902973396, 0.31813143309580366, 0.36600369079352063, 0.39637570188871873, 0.44952380952380955, 0.4798174798174798, 0.5099586621570839, 0.5409698996655519, 0.5685131195335277]","[0.08924324110045191, 0.0732676603504321, 0.0656564655514152, 0.05934353444858479, 0.05808491239197653, 0.05958138428605407, 0.06015618805993816, 0.05993815904225799, 0.06194006184095774, 0.06589431538888449, 0.07596329184175057, 0.09597240941885356, 0.17495837627844288]",0.3120,0.8487,2.3967,0.3428
openmrg,merged,steps,own,30,126,0.6315,0.7611,"[0.016745466681499618, 0.16666666666666663, 0.25, 0.3333333333333333, 0.4166666666666666, 0.5391802956632779, 0.6666666666666667, 0.75, 0.8333333333333331, 0.9426133019423192]","[0.07048614973856936, 0.20407124681933841, 0.2771102895871842, 0.3372161895360316, 0.3793103448275862, 0.432149697951967, 0.5344827586206896, 0.5778977980889074, 0.6286701208981001, 0.6233078281341966]","[0.09415753239460055, 0.08293641714677925, 0.07657189209426153, 0.0708729382890659, 0.06783626947315875, 0.06769067576280705, 0.06584995528193183, 0.06612034360115643, 0.06303167703155224, 0.0646644064976393, 0.06693150855883026, 0.07876619730027663, 0.13457018656794026]",0.3225,0.8651,2.3447,0.3708
openmrg,merged,steps,radar,30,126,0.6381,0.7370,"[0.016745466681499618, 0.16666666666666663, 0.25, 0.3333333333333333, 0.4166666666666666, 0.5391802956632779, 0.6666666666666667, 0.75, 0.8333333333333331, 0.9426133019423192]","[0.0807653799087774, 0.2314503816793893, 0.29682686383240914, 0.345705824284304, 0.3931992337164751, 0.42493001326064533, 0.4791666666666667, 0.5197341088491899, 0.5411629245826137, 0.5420835785756327]","[0.08742491645995203, 0.07300272658316079, 0.0654379958588737, 0.061901637999959, 0.06171713237253736, 0.06115336517763792, 0.06150187580721212, 0.06336743270669755, 0.0644539658459583, 0.06901535496832653, 0.07515529223641321, 0.0932470940363681, 0.16262120994690338]",0.2986,0.8578,2.3419,0.3109
openmrg,merged,steps,own,35,125,0.6821,0.7061,"[0.01786570600847313, 0.1666666666666667, 0.25, 0.3333333333333333, 0.41666666666666663, 0.5393848749808255, 0.6666666666666667, 0.75, 0.8333333333333335, 0.9405235255135853]","[0.08327289588510148, 0.206558649461531, 0.2593471810089021, 0.3, 0.3211879211380085, 0.3635526921306949, 0.4223826714801444, 0.4429033749422099, 0.46641556811048335, 0.44068919814446655]","[0.10495806348869306, 0.09024312559719716, 0.07839473404820045, 0.07378702622359061, 0.06998619811020278, 0.06517677035778745, 0.06354177725873235, 0.061981102027816114, 0.0604841278267332, 0.06148211062745514, 0.06103620341862193, 0.07006051597834165, 0.1388682450366281]",0.2518,0.9429,2.5244,0.2733
openmrg,merged,steps,radar,35,125,0.6354,0.7227,"[0.01786570600847313, 0.1666666666666667, 0.25, 0.3333333333333333, 0.41666666666666663, 0.5393848749808255, 0.6666666666666667, 0.75, 0.8333333333333335, 0.9405235255135853]","[0.08406948126835416, 0.22285825167361986, 0.29154302670623145, 0.31431334622823986, 0.35887197404542054, 0.4066574628010431, 0.4789410348977136, 0.4882108183079057, 0.5260514752040176, 0.49039098740888004]","[0.08802372539121656, 0.07660272589601211, 0.0689256267878176, 0.06389870435806831, 0.06208985360928824, 0.06131162712434797, 0.06051236749116608, 0.06376198889449773, 0.0652027595490493, 0.06974591956924113, 0.0778331650681474, 0.08898073363621067, 0.1531108026249369]",0.2833,0.8653,2.2685,0.2961
openmrg,merged,steps,own,40,122,0.6808,0.7064,"[0.018728658238398366, 0.16666666666666666, 0.25, 0.3333333333333333, 0.4166666666666667, 0.5379013983308462, 0.6666666666666666, 0.75, 0.8333333333333335, 0.9387478849407783]","[0.08435072142064373, 0.20429382882449215, 0.24789088863892014, 0.31669829222011386, 0.32875030689909157, 0.3981097662079257, 0.46082337317397076, 0.4445658110322228, 0.45329000812347686, 0.4131979695431472]","[0.1005334744174768, 0.08677777042964531, 0.07868747657782775, 0.07300002204439741, 0.0691753190926526, 0.06768732226704582, 0.06505301677578644, 0.06478848400678967, 0.06300288781606155, 0.06433657385975354, 0.06388466371271741, 0.06991380640610188, 0.1331591825937438]",0.2519,0.9408,2.6238,0.2634
openmrg,merged,steps,radar,40,122,0.6365,0.7138,"[0.018728658238398366, 0.16666666666666666, 0.25, 0.3333333333333333, 0.4166666666666667, 0.5379013983308462, 0.6666666666666666, 0.75, 0.8333333333333335, 0.9387478849407783]","[0.08644290507354536, 0.21690574756907674, 0.2643419572553431, 0.3442125237191651, 0.35772158114411984, 0.4131984745481678, 0.4648074369189907, 0.4713271436373566, 0.4841592201462226, 0.48934010152284263]","[0.0837976036022285, 0.07484654550212057, 0.06983133633519041, 0.06454356145266624, 0.06292997241634958, 0.06342059070441884, 0.06359503276239901, 0.06436911939468606, 0.06701845815026003, 0.07303670915057621, 0.07930572060923889, 0.08630520818569357, 0.1470001417341721]",0.2739,0.8668,2.3823,0.2628
openmrg,merged,steps,own,45,122,0.6916,0.6916,"[0.019176181522558615, 0.16666666666666663, 0.25, 0.3333333333333333, 0.41666666666666674, 0.537516657975549, 0.6666666666666666, 0.75, 0.8333333333333334, 0.9395258829221094]","[0.09105648963130501, 0.1903660886319846, 0.24254838253990676, 0.29646522234891676, 0.3662704309063893, 0.3907526507908917, 0.46047430830039526, 0.4175824175824176, 0.41271551724137934, 0.386066763425254]","[0.09466116974241781, 0.08434869486328506, 0.07889387797287521, 0.07340460960736803, 0.07195764765328036, 0.06905223992007258, 0.06708850583952503, 0.06714592496468724, 0.06202413900021819, 0.06368929362992226, 0.0643898069569012, 0.07076332984990641, 0.13258075999954064]",0.2426,0.9542,2.7552,0.2444
openmrg,merged,steps,radar,45,122,0.6360,0.6988,"[0.019176181522558615, 0.16666666666666663, 0.25, 0.3333333333333333, 0.41666666666666674, 0.537516657975549, 0.6666666666666666, 0.75, 0.8333333333333334, 0.9395258829221094]","[0.08927160258331744, 0.19884393063583816, 0.2607712953807035, 0.3280121626757887, 0.3741951461119366, 0.38640709195202505, 0.4357707509881423, 0.4526098901098901, 0.40625, 0.444121915820029]","[0.08353794389123811, 0.0755922338926022, 0.06949938616832628, 0.06675987814304551, 0.06503205565407175, 0.06288364479607148, 0.06541854226344745, 0.06547537852953213, 0.06666894011731005, 0.0726367480561997, 0.07882053380621107, 0.08540217341881508, 0.1422725412631292]",0.2594,0.8716,2.4902,0.2328
openmrg,merged,steps,own,50,122,0.6321,0.6615,"[0.020339094194450912, 0.16666666666666666, 0.25, 0.33333333333333326, 0.41666666666666663, 0.5360888808051413, 0.6666666666666669, 0.75, 0.8333333333333333, 0.9399360093077369]","[0.08814700396362789, 0.18338823999201356, 0.22009639258069227, 0.2512984418697563, 0.2883289124668435, 0.308475809385231, 0.33188248095756256, 0.33789625360230546, 0.31885714285714284, 0.2879581151832461]","[0.10575063368691662, 0.08890837668032146, 0.08156842016746153, 0.07502132311425586, 0.07212618478430619, 0.06848623908316616, 0.06518265800127337, 0.06418557716564756, 0.062155376428048005, 0.062035246206888266, 0.06309239215309395, 0.06871448650336966, 0.12277308602525137]",0.2012,0.9086,2.4561,0.1933
openmrg,merged,steps,radar,50,122,0.6331,0.6885,"[0.020339094194450912, 0.16666666666666666, 0.25, 0.33333333333333326, 0.41666666666666663, 0.5360888808051413, 0.6666666666666669, 0.75, 0.8333333333333333, 0.9399360093077369]","[0.09085742597342038, 0.20774683038833983, 0.25631663502263763, 0.2990411506192569, 0.3427055702917772, 0.373590396507821, 0.3939064200217628, 0.39985590778097985, 0.3942857142857143, 0.462478184991274]","[0.08666968347345606, 0.07441589063281492, 0.0719389334794103, 0.06947388477385857, 0.06633005454069117, 0.0651749350989592, 0.0630909567247005, 0.06509157596398886, 0.06403172410508014, 0.07204610951008646, 0.07649986900707362, 0.08625288779860434, 0.13898349489127587]",0.2413,0.8773,2.3654,0.2173
openmrg,merged,steps,own,55,121,0.6338,0.6553,"[0.02122207724836117, 0.1666666666666667, 0.25, 0.33333333333333337, 0.4166666666666667, 0.5351022934584311, 0.6666666666666665, 0.75, 0.8333333333333335, 0.9383701883701884]","[0.09171081382736233, 0.19185755726718015, 0.21008778455586966, 0.24657249688408808, 0.2669808705295259, 0.3060985144644253, 0.33166144200626957, 0.35086277732128185, 0.35152284263959394, 0.3464373464373464]","[0.10065025428231662, 0.08975786251043696, 0.08253422058042152, 0.07687928547934114, 0.07213521240796499, 0.07074361764036131, 0.0661893074918402, 0.06570857475394075, 0.06166029906636642, 0.06214103180426587, 0.06282417832654404, 0.06704956607544973, 0.12172658958075044]",0.1938,0.9135,2.3990,0.1982
openmrg,merged,steps,radar,55,121,0.6227,0.6761,"[0.02122207724836117, 0.1666666666666667, 0.25, 0.33333333333333337, 0.4166666666666667, 0.5351022934584311, 0.6666666666666665, 0.75, 0.8333333333333335, 0.9383701883701884]","[0.09367582097998836, 0.20536160848254476, 0.2353816396369588, 0.29019526381387617, 0.31632935957859715, 0.3612197028928851, 0.3755485893416928, 0.3935907970419063, 0.39593908629441626, 0.4643734643734644]","[0.08584331681615756, 0.07875556670639151, 0.07161763783478643, 0.06831838424386878, 0.06677538731731794, 0.06473060277237659, 0.06455497710593991, 0.06552091827134165, 0.06641159129398481, 0.0701373643605344, 0.07568211754374961, 0.08638273850592737, 0.1352693972276234]",0.2252,0.8734,2.2950,0.2080
openmrg,merged,steps,own,60,120,0.6537,0.6424,"[0.02203122737852617, 0.1666666666666666, 0.25, 0.3333333333333333, 0.4166666666666666, 0.5351685232790631, 0.6666666666666666, 0.75, 0.8333333333333334, 0.9377156659765356]","[0.10038087601483411, 0.19277985851019558, 0.21512345679012346, 0.2417253897074525, 0.2630646589902569, 0.3082690659811482, 0.3940493468795356, 0.3436254980079681, 0.30130293159609123, 0.32712215320910976]","[0.10185774102931043, 0.08635448136958711, 0.0809747177611703, 0.07469391000159008, 0.07225579053373615, 0.06914188795250967, 0.06696878147029205, 0.06337785551492023, 0.061933534743202415, 0.0614697620183389, 0.06180102825038427, 0.07185827105528171, 0.1273122382996767]",0.1846,0.9260,2.4130,0.2055
openmrg,merged,steps,radar,60,120,0.6410,0.6542,"[0.02203122737852617, 0.1666666666666666, 0.25, 0.3333333333333333, 0.4166666666666666, 0.5351685232790631, 0.6666666666666666, 0.75, 0.8333333333333334, 0.9377156659765356]","[0.10440680231198424, 0.20942571785268416, 0.24027777777777778, 0.27930813581037794, 0.3043991733097136, 0.3346186803770351, 0.3991291727140784, 0.3615537848605578, 0.3257328990228013, 0.4575569358178054]","[0.0871932454825219, 0.07672479549698835, 0.07114863620821169, 0.06700597069886109, 0.06566453615297614, 0.06544096372866198, 0.06425734501170467, 0.06496751624187906, 0.06598016781083142, 0.06925484626107999, 0.073502722323049, 0.08891606828164865, 0.13994318630158606]",0.2068,0.8914,2.3395,0.1799
openmrg,merged,steps,own,65,118,0.6129,0.6404,"[0.022750732895660434, 0.16666666666666666, 0.25, 0.3333333333333333, 0.4166666666666666, 0.5360491244382458, 0.6666666666666666, 0.75, 0.8333333333333333, 0.9366319444444444]","[0.09895418591070765, 0.19808, 0.22646873025900188, 0.2408365190015741, 0.2671169788148603, 0.28451882845188287, 0.2854973424449506, 0.3673257023933403, 0.4202626641651032, 0.3194444444444444]","[0.10323557605479224, 0.08957919450966227, 0.08321640432892013, 0.07718703546769286, 0.07464469790639197, 0.06833747794556896, 0.06640641280337867, 0.06116891957599922, 0.06154401856045345, 0.06089106847640349, 0.06189133243494811, 0.07128269960128367, 0.12061516233450494]",0.1794,0.8880,2.2776,0.1602
openmrg,merged,steps,radar,65,118,0.6123,0.6473,"[0.022750732895660434, 0.16666666666666666, 0.25, 0.3333333333333333, 0.4166666666666666, 0.5360491244382458, 0.6666666666666666, 0.75, 0.8333333333333333, 0.9366319444444444]","[0.10353736440692962, 0.21397333333333332, 0.24084017687934303, 0.2516303125702721, 0.28891618053423396, 0.3335657833565783, 0.3325740318906606, 0.36524453694068676, 0.3621013133208255, 0.3645833333333333]","[0.08846981569363205, 0.07577805981679726, 0.07261891623441122, 0.06750082772320935, 0.06715594305264319, 0.06587297207813707, 0.06607990288047677, 0.06599713055954089, 0.06659033219291469, 0.06755600927049994, 0.07632987528970313, 0.085076150535261, 0.13497406467277343]",0.1913,0.8684,2.1859,0.1664
openmrg,merged,steps,own,70,116,0.6034,0.6414,"[0.02260176811814475, 0.16666666666666666, 0.25, 0.3333333333333333, 0.41666666666666663, 0.536059860598606, 0.6666666666666666, 0.75, 0.8333333333333333, 0.9400958466453674]","[0.09497302226612965, 0.18497989348983807, 0.21928982725527832, 0.24948168624740844, 0.25138391403451643, 0.2688806888068881, 0.3033135089209856, 0.3137254901960784, 0.4111969111969112, 0.4536741214057508]","[0.10460855728946178, 0.09135366334321125, 0.08380654861830869, 0.077222895347649, 0.07309168941506211, 0.06833277374713516, 0.06355926017838635, 0.06263959242660905, 0.06126738974935404, 0.06081485482387633, 0.0654131935827628, 0.0685079485569975, 0.11938163292118593]",0.1788,0.8832,2.1779,0.1581
openmrg,merged,steps,radar,70,116,0.6019,0.6386,"[0.02260176811814475, 0.16666666666666666, 0.25, 0.3333333333333333, 0.41666666666666663, 0.536059860598606, 0.6666666666666666, 0.75, 0.8333333333333333, 0.9400958466453674]","[0.10475720039516681, 0.19302249755461362, 0.23880358285348688, 0.2766643630499885, 0.29045913383262784, 0.2900369003690037, 0.3092608326253186, 0.29411764705882354, 0.3783783783783784, 0.4057507987220447]","[0.09079831140382691, 0.07694427922765584, 0.07328855555394369, 0.06911058564112979, 0.06761638112369983, 0.06506317728809133, 0.06352545225073622, 0.0636995343304368, 0.06750032640389944, 0.06915410616105494, 0.07608837566912799, 0.08284856309750047, 0.13436235184889675]",0.1814,0.8607,2.1014,0.1542
openmrg,merged,steps,own,75,114,0.6342,0.6245,"[0.021919474355669256, 0.16666666666666669, 0.25, 0.3333333333333333, 0.4166666666666667, 0.5347278452541612, 0.6666666666666665, 0.75, 0.8333333333333331, 0.9329710144927535]","[0.10662938505165884, 0.20372625426205554, 0.21976241900647947, 0.23811996883926254, 0.24472135687088958, 0.2690958164642375, 0.32670454545454547, 0.35157318741450067, 0.41134751773049644, 0.3641304347826087]","[0.10264076514878763, 0.09204326659674718, 0.07995867445173208, 0.0771723306670006, 0.07222578776826385, 0.06911071803140116, 0.06413286789912809, 0.061017798162265394, 0.058215800760765775, 0.06065776497659784, 0.061894400701282035, 0.07000297418718594, 0.1309268506488424]",0.1674,0.8979,2.2987,0.1537
openmrg,merged,steps,radar,75,114,0.6048,0.6252,"[0.021919474355669256, 0.16666666666666669, 0.25, 0.3333333333333333, 0.4166666666666667, 0.5347278452541612, 0.6666666666666665, 0.75, 0.8333333333333331, 0.9329710144927535]","[0.11067483689293434, 0.20640526059425232, 0.22858171346292297, 0.2565567385094781, 0.2717203184492904, 0.291497975708502, 0.32575757575757575, 0.2872777017783858, 0.3546099290780142, 0.40217391304347827]","[0.08977904844774542, 0.07936853227260014, 0.07424096460424501, 0.07013891046956089, 0.06477827154355324, 0.06631654184405979, 0.06157742627179216, 0.06417228627365673, 0.06552409956804127, 0.06644084651480779, 0.07133534292551043, 0.0816992448491252, 0.1446284844153019]",0.1681,0.8540,2.1048,0.1382
openmrg,merged,steps,own,80,112,0.6600,0.6244,"[0.021705712677641764, 0.16666666666666666, 0.25, 0.33333333333333326, 0.4166666666666666, 0.5345151953690305, 0.6666666666666667, 0.75, 0.8333333333333331, 0.9386331938633193]","[0.10354579991557619, 0.2135718043135192, 0.22494513533284566, 0.24144920192551306, 0.2698768197088466, 0.28075253256150506, 0.22918531781557744, 0.2543604651162791, 0.21558441558441557, 0.3054393305439331]","[0.10508869525262968, 0.0911567305009928, 0.08410049393655951, 0.0760924859285515, 0.0712187597433499, 0.06501583550763879, 0.060043650207584634, 0.05961699404322355, 0.05779550041845124, 0.057286794991713026, 0.061750274865028966, 0.07259718735128572, 0.1382365972529907]",0.1586,0.9352,2.3004,0.1320
openmrg,merged,steps,radar,80,112,0.6185,0.6138,"[0.021705712677641764, 0.16666666666666666, 0.25, 0.33333333333333326, 0.4166666666666666, 0.5345151953690305, 0.6666666666666667, 0.75, 0.8333333333333331, 0.9386331938633193]","[0.1146264246517518, 0.21817464492372435, 0.2298829553767374, 0.23536863440587788, 0.24934677118327733, 0.283068017366136, 0.26589077887197854, 0.28924418604651164, 0.2779220779220779, 0.33472803347280333]","[0.089717610145117, 0.08259249575107858, 0.07497712119231272, 0.0702379395999477, 0.06731272061707412, 0.06175643875016342, 0.06167472872270885, 0.06201791083801804, 0.062785985096091, 0.06392992548045497, 0.07022159759445679, 0.08318080794875148, 0.14959471826382534]",0.1610,0.8719,2.0848,0.1283
openmrg,merged,steps,own,85,107,0.6412,0.6213,"[0.022076523501837076, 0.16666666666666669, 0.25, 0.33333333333333326, 0.41666666666666674, 0.5352352682497801, 0.6666666666666666, 0.75, 0.8333333333333335, 0.9405637254901961]","[0.10090102175419768, 0.20520533612346326, 0.23311546840958605, 0.23249526899161935, 0.23480662983425415, 0.24241424802110817, 0.24970691676436108, 0.2946593001841621, 0.24, 0.39705882352941174]","[0.1004256199059156, 0.09022452742405183, 0.08679544397153344, 0.08016128754329434, 0.07218306825426912, 0.06563506970172144, 0.06196474419726707, 0.06070683921217238, 0.05888029224751434, 0.05888029224751434, 0.060379439284545, 0.06706529043819895, 0.13669808557200214]",0.1456,0.9104,2.2695,0.1275
openmrg,merged,steps,radar,85,107,0.6124,0.6019,"[0.022076523501837076, 0.16666666666666669, 0.25, 0.33333333333333326, 0.41666666666666674, 0.5352352682497801, 0.6666666666666666, 0.75, 0.8333333333333335, 0.9405637254901961]","[0.11637266080890737, 0.2032435260266806, 0.22440087145969498, 0.2338469856718032, 0.2292817679558011, 0.23944591029023746, 0.28839390386869873, 0.3351749539594843, 0.224, 0.40441176470588236]","[0.08725799807771523, 0.0817829191267335, 0.07649663600164767, 0.07184539338184814, 0.06842990525882191, 0.06268021419744611, 0.06209666346285871, 0.061307153645475766, 0.06345256075792942, 0.06683372236715639, 0.07134765893175889, 0.07884800219689689, 0.14762117259371138]",0.1475,0.8592,2.1051,0.1201
openmrg,merged,steps,own,90,106,0.6459,0.6116,"[0.021921904083006608, 0.16666666666666666, 0.25, 0.33333333333333337, 0.4166666666666667, 0.5362148121299988, 0.6666666666666665, 0.75, 0.8333333333333331, 0.9400871459694989]","[0.10452655340382559, 0.20766590389016018, 0.23218343317496384, 0.23661381992222555, 0.25585585585585585, 0.22399420079739035, 0.2226148409893993, 0.28824833702882485, 0.14, 0.1830065359477124]","[0.09989408551201294, 0.08874519203969006, 0.08259471914079194, 0.07767062452384935, 0.07432595648215248, 0.06626159020383894, 0.06252671089061078, 0.0627311072709367, 0.06066856197855696, 0.057937083077837855, 0.06035267666350781, 0.07124142928814316, 0.13505026292807107]",0.1369,0.9094,2.3018,0.0986
openmrg,merged,steps,radar,90,106,0.6135,0.5958,"[0.021921904083006608, 0.16666666666666666, 0.25, 0.33333333333333337, 0.4166666666666667, 0.5362148121299988, 0.6666666666666665, 0.75, 0.8333333333333331, 0.9400871459694989]","[0.11818937863846976, 0.20766590389016018, 0.21793017971493492, 0.22584504935686509, 0.24279279279279278, 0.22798115259151866, 0.22850412249705537, 0.3436807095343681, 0.264, 0.3464052287581699]","[0.08722229404051783, 0.08053703669504515, 0.07789617536796617, 0.0718757502446952, 0.0679790947201241, 0.06358381502890173, 0.05900385972040111, 0.06219874789931485, 0.06535670095477294, 0.06589226024487987, 0.07012133188055181, 0.08105412842342426, 0.14727880477940497]",0.1419,0.8569,2.1232,0.1055
openmrg,pws_idw,steps,own,5,126,0.3868,0.8525,"[0.004109219339151376, 0.1666666666666666, 0.25, 0.33333333333333337, 0.4166666666666667, 0.5412464570562258, 0.6666666666666666, 0.75, 0.8333333333333335, 0.975389784069411]","[0.05062630886485897, 0.21939136588818117, 0.2562814070351759, 0.31748114135782224, 0.38078568650330613, 0.4411706545382638, 0.5204799338022342, 0.583671961581086, 0.6461019030079803, 0.81675256050623]","[0.13938501880071244, 0.07777557886404117, 0.0664333069463685, 0.06078072432218484, 0.05448495943004156, 0.051417474767464874, 0.04935187017613299, 0.04820156342766673, 0.04607411438749258, 0.042759251929546806, 0.04597516326934494, 0.050489808034830795, 0.2668711656441718]",0.4930,0.4882,1.4551,0.5796
openmrg,pws_idw,steps,radar,5,126,0.6814,0.7478,"[0.004109219339151376, 0.1666666666666666, 0.25, 0.33333333333333337, 0.4166666666666667, 0.5412464570562258, 0.6666666666666666, 0.75, 0.8333333333333335, 0.975389784069411]","[0.08685023861238916, 0.18518518518518517, 0.2146024238841265, 0.2548376516890784, 0.30105017502917153, 0.3227209808186672, 0.37401737691352915, 0.4200221647580347, 0.4732965009208103, 0.6483788896862157]","[0.185894233901618, 0.06971440981648387, 0.05220979476598979, 0.04264306656531654, 0.03685525029862091, 0.0338256053860354, 0.03326094038440656, 0.030947985666196113, 0.029177978064936477, 0.029601476816158104, 0.03130633076338365, 0.0383212075143881, 0.3862417200564665]",0.3486,0.8013,2.4048,0.3788
openmrg,pws_idw,steps,own,10,122,0.4464,0.8318,"[0.006079213161536051, 0.16666666666666669, 0.25, 0.3333333333333334, 0.41666666666666663, 0.5411712700445094, 0.6666666666666664, 0.75, 0.8333333333333331, 0.9710846742418467]","[0.05871946009855618, 0.17510584250635056, 0.19438832772166106, 0.23912417170844136, 0.3195394026628284, 0.4293030912749223, 0.5115080728272071, 0.5705824284304047, 0.6547285954113039, 0.7965377869290018]","[0.13003830877341419, 0.08224635126559966, 0.07098874239112553, 0.06534818679639945, 0.06062422148581635, 0.05427859644174951, 0.051258548967073256, 0.04862628968953442, 0.04572375378974829, 0.04565324684481421, 0.04551223295494606, 0.05051822604526546, 0.24918329455451363]",0.4601,0.5778,1.6871,0.4862
openmrg,pws_idw,steps,radar,10,122,0.7037,0.7394,"[0.006079213161536051, 0.16666666666666669, 0.25, 0.3333333333333334, 0.41666666666666663, 0.5411712700445094, 0.6666666666666664, 0.75, 0.8333333333333331, 0.9710846742418467]","[0.09236836881758477, 0.18120237087214225, 0.19820426487093154, 0.2348026505329876, 0.2724001439366679, 0.3358331809036034, 0.38474750944692543, 0.4060546232313261, 0.4770565193060996, 0.6507282849081064]","[0.16602172942402144, 0.0798162991941828, 0.05912869687240874, 0.047519826504794506, 0.044192375566091895, 0.040354644611230416, 0.03620861947993962, 0.03602789530755002, 0.03501796610890226, 0.03543256862203134, 0.03699530117151787, 0.0421193630004465, 0.3411647141368826]",0.3371,0.8467,2.4733,0.3600
openmrg,pws_idw,steps,own,15,121,0.5260,0.8091,"[0.00935126166433934, 0.16666666666666669, 0.25, 0.33333333333333326, 0.41666666666666663, 0.5416122360113216, 0.6666666666666666, 0.75, 0.8333333333333331, 0.9707751937984497]","[0.06823341661046252, 0.19557559532196703, 0.24535781347798874, 0.31480491715660075, 0.3722930881044201, 0.4588504245591117, 0.522, 0.5789316621903909, 0.6098868374032163, 0.7453953488372093]","[0.12311151388618036, 0.07989859245408555, 0.06814036456242185, 0.06513484679889416, 0.059605611829350834, 0.05875672513278194, 0.05598063620616475, 0.05376664792997832, 0.0512888164913448, 0.049763114725889894, 0.050348158260011704, 0.054913792114530874, 0.22929117960836498]",0.4235,0.6776,1.8712,0.4637
openmrg,pws_idw,steps,radar,15,121,0.7339,0.7344,"[0.00935126166433934, 0.16666666666666669, 0.25, 0.33333333333333326, 0.41666666666666663, 0.5416122360113216, 0.6666666666666666, 0.75, 0.8333333333333331, 0.9707751937984497]","[0.09466994708894187, 0.17993518388051288, 0.22157312747757146, 0.24772848743987172, 0.3153366953426283, 0.3605486610058785, 0.402, 0.4529991047448523, 0.4726027397260274, 0.6294883720930232]","[0.1401309654997033, 0.07758328388573366, 0.06200728998898025, 0.05549080274646096, 0.049811392726964485, 0.048094854624056965, 0.04492667627362889, 0.04298762397219632, 0.04011613121980164, 0.04056115961685174, 0.0420127998643723, 0.050235229295583626, 0.30604179028566586]",0.3291,0.8932,2.5525,0.3376
openmrg,pws_idw,steps,own,20,118,0.5362,0.7919,"[0.010069163292847504, 0.16666666666666669, 0.25, 0.3333333333333333, 0.4166666666666666, 0.5422903589248349, 0.6666666666666666, 0.75, 0.8333333333333335, 0.9655439308209672]","[0.07484817813765182, 0.17665173572228443, 0.22903770399549803, 0.29689067201604813, 0.34724964739069114, 0.41541928215032997, 0.4870530209617756, 0.5449768160741886, 0.5941811637672465, 0.7469840930927725]","[0.11558879766055562, 0.0829940389157575, 0.06875492070633224, 0.06450343043527162, 0.06290630975143403, 0.06038690810932404, 0.05797997975480823, 0.056056686536947474, 0.05303115510066359, 0.05168147564953324, 0.049465751883927565, 0.05003936565065797, 0.22661117984478688]",0.3982,0.6919,1.8569,0.4589
openmrg,pws_idw,steps,radar,20,118,0.7520,0.7314,"[0.010069163292847504, 0.16666666666666669, 0.25, 0.3333333333333333, 0.4166666666666666, 0.5422903589248349, 0.6666666666666666, 0.75, 0.8333333333333335, 0.9655439308209672]","[0.09776315789473684, 0.1843505039193729, 0.19414743950478333, 0.24799398194583752, 0.3159379407616361, 0.382262996941896, 0.4176942046855734, 0.44420401854714064, 0.48500299940012, 0.6420412084979182]","[0.1256856741931369, 0.08011225921673683, 0.06322022366798487, 0.056905642726538246, 0.0551197006420887, 0.05215376110898499, 0.04985754985754986, 0.04624314325806863, 0.0440107156525067, 0.0405345069524174, 0.041650720755198364, 0.04925160522175447, 0.2952544967470341]",0.3243,0.9236,2.5184,0.3302
openmrg,pws_idw,steps,own,25,116,0.6175,0.7772,"[0.011309039908011631, 0.16666666666666666, 0.25, 0.33333333333333337, 0.4166666666666665, 0.5422923302492542, 0.6666666666666665, 0.75, 0.8333333333333334, 0.9674094760439227]","[0.07936194054445983, 0.18994761785981543, 0.235949098621421, 0.2911214953271028, 0.3399321266968326, 0.42044592749886245, 0.4597950946910897, 0.4833498186613914, 0.5306738183037211, 0.7228998062236407]","[0.12246460007654038, 0.08695450486495263, 0.07512553781210497, 0.06874717322478517, 0.06314580941446613, 0.060617657632583005, 0.05825186422201348, 0.055306219485323965, 0.05247654501385845, 0.04921778056106414, 0.04987881107284092, 0.052163425297753654, 0.20565007132171312]",0.3691,0.7941,2.2836,0.3495
openmrg,pws_idw,steps,radar,25,116,0.7840,0.7271,"[0.011309039908011631, 0.16666666666666666, 0.25, 0.33333333333333337, 0.4166666666666665, 0.5422923302492542, 0.6666666666666665, 0.75, 0.8333333333333334, 0.9674094760439227]","[0.09731285566761146, 0.1908206535295585, 0.22622834924001414, 0.2735981308411215, 0.3076923076923077, 0.3741847413923859, 0.40204905308910277, 0.4137817342565117, 0.44250754274220583, 0.6222500854895703]","[0.12306960245706623, 0.08323960721546914, 0.06599039667776961, 0.06008565125232513, 0.05438638231604447, 0.05232080287234503, 0.04980101224207294, 0.047638101829822206, 0.04711900333088204, 0.04370160487952589, 0.044318034347017345, 0.048697927931825064, 0.2796318726478349]",0.3081,0.9695,2.6035,0.3016
openmrg,pws_idw,steps,own,30,113,0.6347,0.7555,"[0.01239859222142687, 0.16666666666666669, 0.25, 0.33333333333333326, 0.41666666666666663, 0.5415216887033171, 0.6666666666666667, 0.75, 0.8333333333333334, 0.9688968668407312]","[0.08656645192078263, 0.17987689988694888, 0.23136036625245257, 0.2927198098941456, 0.35395458104933436, 0.4157272094641615, 0.44430616054760425, 0.46109412164458036, 0.4819277108433735, 0.6671018276762402]","[0.12214162267655808, 0.0827680261471719, 0.0728570252889239, 0.0675664554357666, 0.06428630212680908, 0.0627108879927578, 0.06033600996978497, 0.05990100755963648, 0.05282340077830161, 0.051295013931833944, 0.04960203157882361, 0.05459868088458328, 0.19911353562904877]",0.3341,0.8292,2.1813,0.3007
openmrg,pws_idw,steps,radar,30,113,0.7770,0.7197,"[0.01239859222142687, 0.16666666666666669, 0.25, 0.33333333333333326, 0.41666666666666663, 0.5415216887033171, 0.6666666666666667, 0.75, 0.8333333333333334, 0.9688968668407312]","[0.09866380338821283, 0.16806933802286145, 0.23855461085676913, 0.27457334197450856, 0.33411641868963715, 0.36812804453723036, 0.36683260734287493, 0.3656133197417601, 0.41566265060240964, 0.6178851174934726]","[0.11772404614019522, 0.08135536823425023, 0.06754658385093168, 0.061157941437444546, 0.05888420585625555, 0.054924578527063, 0.053582519964507545, 0.0504547471162378, 0.04842502218278616, 0.047193877551020405, 0.04303460514640639, 0.05032165039929015, 0.26539485359361137]",0.2965,0.9787,2.5481,0.2918
openmrg,pws_idw,steps,own,35,111,0.5879,0.7448,"[0.013342276016970302, 0.16666666666666663, 0.25, 0.33333333333333326, 0.4166666666666667, 0.5407811534255693, 0.6666666666666665, 0.75, 0.8333333333333335, 0.9640236492802393]","[0.090479161467432, 0.2023296447291788, 0.23527437489511663, 0.30543130990415335, 0.3741999015263417, 0.41335044929396664, 0.39735973597359736, 0.3985655737704918, 0.4708879184861718, 0.6590016825574874]","[0.11520183021026191, 0.0898477576386514, 0.07608580289861909, 0.06681682567011403, 0.0631257444073633, 0.06036627790422057, 0.060354485312326796, 0.06163987782874798, 0.05786624842274084, 0.05384497458696447, 0.054069033832946145, 0.05436384863029045, 0.18641729265675303]",0.3199,0.7824,1.9411,0.2906
openmrg,pws_idw,steps,radar,35,111,0.8006,0.7124,"[0.013342276016970302, 0.16666666666666663, 0.25, 0.33333333333333326, 0.4166666666666667, 0.5407811534255693, 0.6666666666666665, 0.75, 0.8333333333333335, 0.9640236492802393]","[0.10139755428000999, 0.19114735002912056, 0.2288974660177882, 0.2781682641107561, 0.32619399310684394, 0.35829410925688204, 0.3471947194719472, 0.36065573770491804, 0.4148471615720524, 0.6097868760515984]","[0.11465600964490238, 0.08346636005402931, 0.06916645270760541, 0.06310489947645148, 0.0590080485817305, 0.05582657036648397, 0.053493486341969834, 0.052075774996930155, 0.04777798863598308, 0.047923108694924145, 0.04672865897902457, 0.05036782353400833, 0.2564048179859568]",0.2854,1.0071,2.5711,0.2732
openmrg,pws_idw,steps,own,40,110,0.6320,0.7374,"[0.014438468852773632, 0.1666666666666666, 0.25, 0.3333333333333333, 0.4166666666666666, 0.5406002947876187, 0.6666666666666665, 0.75, 0.8333333333333334, 0.9649913752548223]","[0.10236581089215148, 0.21487603305785125, 0.24962456198898716, 0.3120362737015664, 0.3818312559923298, 0.4255661262226986, 0.39340727048675295, 0.4172945819878005, 0.5013456362937332, 0.7138152736396425]","[0.10641342526343177, 0.08104592168596332, 0.0764573009922301, 0.06806059817637806, 0.0650803599938503, 0.06173350520950365, 0.061213146161760705, 0.05943919486263704, 0.05648260936409759, 0.055169885402746074, 0.05306479652778599, 0.05456674196104403, 0.20127251439857138]",0.3257,0.8313,2.0767,0.2937
openmrg,pws_idw,steps,radar,40,110,0.8069,0.7030,"[0.014438468852773632, 0.1666666666666666, 0.25, 0.3333333333333333, 0.4166666666666666, 0.5406002947876187, 0.6666666666666665, 0.75, 0.8333333333333334, 0.9649913752548223]","[0.10536233021904687, 0.1742521243161448, 0.21775404638745202, 0.2588623248145095, 0.2902684563758389, 0.32842020635133323, 0.32563154651879234, 0.36885540007176176, 0.45520953479430987, 0.6230202289477811]","[0.11381472127007036, 0.08138643333934692, 0.07077620422154068, 0.06486785134403752, 0.059511997113476454, 0.058147663720007216, 0.056614198087678154, 0.05195742377773769, 0.05123579289193578, 0.04803355583618979, 0.046748150820855136, 0.05119069096157316, 0.24571531661555115]",0.2826,1.0224,2.6685,0.2665
openmrg,pws_idw,steps,own,45,108,0.6319,0.7487,"[0.014646937156327247, 0.16666666666666663, 0.25, 0.3333333333333333, 0.41666666666666674, 0.5394218860580325, 0.6666666666666667, 0.75, 0.8333333333333333, 0.9664068299925759]","[0.08850762901916542, 0.19220286763834576, 0.2594567572071321, 0.30424917491749176, 0.3568992952943851, 0.3809713375796178, 0.3946229913473424, 0.44549418604651164, 0.5223755750731911, 0.6923076923076923]","[0.11517174518634875, 0.08541239706947121, 0.07590167756820106, 0.06950801968412139, 0.06717635941929387, 0.06256212647416153, 0.060046387767373935, 0.059273258311141656, 0.05654889737013266, 0.05370181746781695, 0.05102654411133064, 0.05448721882017991, 0.18918355075042645]",0.3218,0.8514,1.9806,0.2916
openmrg,pws_idw,steps,radar,45,108,0.8188,0.7008,"[0.014646937156327247, 0.16666666666666663, 0.25, 0.3333333333333333, 0.41666666666666674, 0.5394218860580325, 0.6666666666666667, 0.75, 0.8333333333333333, 0.9664068299925759]","[0.10569183990754372, 0.16708140774973337, 0.22612897850358274, 0.2563943894389439, 0.27960900204591954, 0.2951167728237792, 0.30902348578491967, 0.39244186046511625, 0.49268088665830195, 0.6371423676546171]","[0.11116372539961193, 0.0815046659890973, 0.07238057839785642, 0.06681373001940312, 0.06344128245403308, 0.059976439064954264, 0.05646539776402107, 0.054213249561119836, 0.05041347131109674, 0.04923542455880994, 0.04572438325787674, 0.048323015799685856, 0.2403446364224337]",0.2776,1.0421,2.8113,0.2516
openmrg,pws_idw,steps,own,50,107,0.6369,0.7374,"[0.015358402611263465, 0.1666666666666667, 0.25, 0.33333333333333326, 0.4166666666666667, 0.5398831753327586, 0.6666666666666667, 0.75, 0.8333333333333334, 0.9646679123492442]","[0.09549585768231224, 0.2174486979479179, 0.26609583401943027, 0.30095080611823066, 0.3321538098608162, 0.36483769031887386, 0.37840405319822673, 0.39647411852963244, 0.5140221402214022, 0.6928826227280448]","[0.11706803689717081, 0.08641119296725067, 0.07744691388596546, 0.07139231102581564, 0.06785117315668916, 0.060459357394911165, 0.05737633876060175, 0.05501145298087043, 0.05384758249241627, 0.050615984646814834, 0.04870921810190058, 0.05367424007924224, 0.200136197610351]",0.3144,0.8595,1.9149,0.3436
openmrg,pws_idw,steps,radar,50,107,0.8253,0.6977,"[0.015358402611263465, 0.1666666666666667, 0.25, 0.33333333333333326, 0.4166666666666667, 0.5398831753327586, 0.6666666666666667, 0.75, 0.8333333333333334, 0.9646679123492442]","[0.107169009433285, 0.16980679227169088, 0.2061584060596081, 0.24080198429102936, 0.2783675395140363, 0.28555012927319734, 0.34357188093730207, 0.38897224306076517, 0.4878228782287823, 0.6081195855274333]","[0.11153981884484178, 0.08367250911657452, 0.07650864604164216, 0.0681213974826491, 0.06074579461239854, 0.05819315374661804, 0.05419362427949653, 0.051888013174920596, 0.04990001176332196, 0.04758263733678391, 0.045382896129867074, 0.051111633925420535, 0.24115986354546523]",0.2750,1.0517,2.7000,0.2609
openmrg,pws_idw,steps,own,55,104,0.6344,0.7234,"[0.014774500390085819, 0.16666666666666663, 0.25, 0.33333333333333337, 0.4166666666666667, 0.5393617021276595, 0.6666666666666666, 0.75, 0.8333333333333335, 0.9644594430256598]","[0.09908179799555902, 0.19539337474120083, 0.22905429701546207, 0.2578176251913405, 0.2854688267059401, 0.3225806451612903, 0.3622512437810945, 0.4014700735036752, 0.48803452334248726, 0.6875228018971178]","[0.11767781743074891, 0.09346771768827536, 0.08263069139966273, 0.07544086696210309, 0.06730982914362654, 0.06306129652143222, 0.061492607553237384, 0.056838830280926046, 0.05070787089689792, 0.0497928023321176, 0.04906074748029334, 0.05145299815679046, 0.1810659241538884]",0.2949,0.8680,1.9816,0.2742
openmrg,pws_idw,steps,radar,55,104,0.8324,0.6945,"[0.014774500390085819, 0.16666666666666663, 0.25, 0.33333333333333337, 0.4166666666666667, 0.5393617021276595, 0.6666666666666666, 0.75, 0.8333333333333335, 0.9644594430256598]","[0.11069435275760667, 0.1621376811594203, 0.19741100323624594, 0.24294773671550404, 0.2812960235640648, 0.28263555250514755, 0.3302238805970149, 0.3944697234861743, 0.48764221263240487, 0.6278730390368479]","[0.11184354552309601, 0.0844542823088711, 0.07670696407287587, 0.06768261535841989, 0.06312179222106006, 0.056906910559217726, 0.055544744715526256, 0.05237041181192382, 0.04677580209676242, 0.04554742039843351, 0.044623093575928585, 0.04833256306098124, 0.2460898542969035]",0.2723,1.0666,2.6658,0.2549
openmrg,pws_idw,steps,own,60,101,0.6021,0.7199,"[0.01575727258734801, 0.1666666666666667, 0.25, 0.3333333333333333, 0.4166666666666665, 0.5394181077320612, 0.6666666666666666, 0.75, 0.8333333333333335, 0.9641092583235078]","[0.09976912421117438, 0.19172501591343094, 0.2111627906976744, 0.24319113039286575, 0.2554187192118227, 0.336463923673226, 0.3909301555776233, 0.4393939393939394, 0.47678643520387565, 0.6232103756105777]","[0.11725452812202097, 0.091345965498779, 0.08155190200713008, 0.07477441007090901, 0.06977290831450697, 0.06287788761638612, 0.059299789754103716, 0.05751074082296251, 0.05086383639996343, 0.0511380701777296, 0.04945349125716599, 0.04830432114081252, 0.18585214881753007]",0.3045,0.8323,1.7446,0.3223
openmrg,pws_idw,steps,radar,60,101,0.9150,0.6845,"[0.01575727258734801, 0.1666666666666667, 0.25, 0.3333333333333333, 0.4166666666666665, 0.5394181077320612, 0.6666666666666666, 0.75, 0.8333333333333335, 0.9641092583235078]","[0.12087117130983531, 0.17262889879057924, 0.20688372093023255, 0.24656543745480838, 0.2650246305418719, 0.2935301132975552, 0.33962264150943394, 0.4157427937915743, 0.4759790068631409, 0.6038403233956544]","[0.11606371156932954, 0.08622052105198173, 0.07466353870848252, 0.06446474873441166, 0.0618718360291394, 0.05667366341523645, 0.053735029015927895, 0.05056179775280899, 0.04609211013705396, 0.04461044573404124, 0.04721570564267193, 0.049549327077416966, 0.2482775651314977]",0.2700,1.1499,3.0215,0.2062
openmrg,pws_idw,steps,own,65,100,0.5720,0.7280,"[0.015367639285336713, 0.16666666666666663, 0.25, 0.3333333333333333, 0.41666666666666674, 0.5400832428519725, 0.6666666666666665, 0.75, 0.8333333333333331, 0.9625279642058165]","[0.08926419283222328, 0.19300378173960023, 0.24054918186947527, 0.26121562952243127, 0.2717638152914459, 0.30781758957654726, 0.35533333333333333, 0.3873837444399515, 0.47731316725978645, 0.6414988814317674]","[0.11920682499423564, 0.08925931451667593, 0.07992784386062472, 0.07197981798206947, 0.06582213240380312, 0.06274328961466993, 0.06012559508470208, 0.05692468363873103, 0.05381871448141166, 0.04919366870566534, 0.047416891589469545, 0.04973619606938925, 0.19384502705855228]",0.2831,0.8062,1.6483,0.3554
openmrg,pws_idw,steps,radar,65,100,0.8743,0.6811,"[0.015367639285336713, 0.16666666666666663, 0.25, 0.3333333333333333, 0.41666666666666674, 0.5400832428519725, 0.6666666666666665, 0.75, 0.8333333333333331, 0.9625279642058165]","[0.11690453536314621, 0.18152350081037277, 0.215911228136167, 0.2272069464544139, 0.2541004289679536, 0.2713083604777416, 0.31666666666666665, 0.3651435503437121, 0.49243772241992884, 0.6139075316927666]","[0.1164648417624911, 0.08568230385672128, 0.0761422611173298, 0.06990943319426071, 0.061844917065228454, 0.057570977917981075, 0.05323343848580442, 0.048412536888165256, 0.04590668566195177, 0.04326091380889387, 0.044062277399002744, 0.048806858654726774, 0.24870255418744275]",0.2598,1.1109,2.8547,0.2059
openmrg,pws_idw,steps,own,70,97,0.6275,0.7187,"[0.015093339854895246, 0.16666666666666663, 0.25, 0.33333333333333337, 0.4166666666666667, 0.538682148852826, 0.6666666666666666, 0.75, 0.833333333333333, 0.9612793058888683]","[0.09322572756175104, 0.20149051490514905, 0.21541425818882468, 0.23246812386156648, 0.25399164824367476, 0.304141018466704, 0.3588935574229692, 0.40078158923143725, 0.49779541446208114, 0.6067934280967325]","[0.11832695026699062, 0.0923279660667957, 0.082375873381927, 0.07409847767299482, 0.06638388996417247, 0.06109898557289736, 0.055978805474337326, 0.05187442518085355, 0.05069390108306222, 0.048881933863196475, 0.05164106576617387, 0.057241691718486185, 0.1890760339881124]",0.2916,0.8521,1.9593,0.3420
openmrg,pws_idw,steps,radar,70,97,0.8824,0.6755,"[0.015093339854895246, 0.16666666666666663, 0.25, 0.33333333333333337, 0.4166666666666667, 0.538682148852826, 0.6666666666666666, 0.75, 0.833333333333333, 0.9612793058888683]","[0.11844786826444934, 0.18468834688346883, 0.20346820809248556, 0.22928051001821492, 0.23434045689019897, 0.2679071068830442, 0.3161764705882353, 0.37038645245332175, 0.47442680776014107, 0.5890714417574303]","[0.11789481869313911, 0.08848915269173946, 0.0770975350561157, 0.06996967419195978, 0.06303620953318992, 0.05643969829708924, 0.05278504963583111, 0.04884528654000674, 0.043855783935097585, 0.042870843161141495, 0.04382986444104611, 0.04944143490319069, 0.24544464892045306]",0.2599,1.1258,2.8645,0.1978
openmrg,pws_idw,steps,own,75,94,0.6801,0.6979,"[0.013500737487662336, 0.16666666666666666, 0.25, 0.33333333333333337, 0.4166666666666667, 0.539210617028611, 0.6666666666666666, 0.75, 0.8333333333333334, 0.9628175382235706]","[0.11476527930265829, 0.19744168547780286, 0.21644521471211245, 0.23690773067331672, 0.2613697164258962, 0.30580587974590046, 0.3486865779057215, 0.4091304347826087, 0.5297098111469369, 0.6264501160092807]","[0.12011862159426281, 0.09167510229686765, 0.08108185175152198, 0.07341136885327706, 0.06353098846576084, 0.060194756127119005, 0.05644505909693608, 0.05169734384579193, 0.04891715023025706, 0.048988437246040004, 0.05092744407533612, 0.048660516973438456, 0.20435135944339097]",0.2867,0.9044,2.0667,0.3795
openmrg,pws_idw,steps,radar,75,94,0.9005,0.6684,"[0.013500737487662336, 0.16666666666666666, 0.25, 0.33333333333333337, 0.4166666666666667, 0.539210617028611, 0.6666666666666666, 0.75, 0.8333333333333334, 0.9628175382235706]","[0.12258375752736467, 0.1778781038374718, 0.2106682072020027, 0.21559737021083655, 0.26270733012306047, 0.27729354409809426, 0.3242173443684779, 0.36782608695652175, 0.4647627821280516, 0.5438158129573443]","[0.11960239848686063, 0.08870913651790145, 0.07587159778394838, 0.06903027620159094, 0.06212188283901431, 0.055414704817095255, 0.05200745838196037, 0.0487075267951762, 0.04505882195125223, 0.041128415630407665, 0.04166498987216119, 0.0449783358149892, 0.25570445490764215]",0.2521,1.1387,2.8943,0.1935
openmrg,pws_idw,steps,own,80,94,0.7679,0.6797,"[0.01350302763528423, 0.16666666666666669, 0.25, 0.33333333333333337, 0.41666666666666663, 0.5426238066825776, 0.6666666666666666, 0.75, 0.8333333333333334, 0.9638083666030202]","[0.11981309360556656, 0.2140723531364089, 0.23308270676691728, 0.22864558754129305, 0.25875386199794026, 0.300417661097852, 0.3248072880168185, 0.36356038445465944, 0.42570093457943925, 0.5769831626453741]","[0.12733261725742928, 0.0938202649480845, 0.07863945578231292, 0.06940207662012174, 0.0612531328320802, 0.05697099892588615, 0.049982098102398856, 0.0473469387755102, 0.04763336913712853, 0.0454421768707483, 0.0473469387755102, 0.05528105979233799, 0.21954887218045113]",0.2660,1.0015,2.2976,0.3016
openmrg,pws_idw,steps,radar,80,94,0.9330,0.6607,"[0.01350302763528423, 0.16666666666666669, 0.25, 0.33333333333333337, 0.41666666666666663, 0.5426238066825776, 0.6666666666666666, 0.75, 0.8333333333333334, 0.9638083666030202]","[0.12529838996393924, 0.1893461666113508, 0.21784190205242837, 0.23124115148655025, 0.263903192584964, 0.2893794749403341, 0.28556412053258584, 0.3614709569577936, 0.41074766355140185, 0.5139732685297691]","[0.12419311093029563, 0.09052074857607811, 0.07352861404936263, 0.06840249525359371, 0.05953349606726336, 0.05535665852997017, 0.05028478437754272, 0.04551125576349335, 0.043056685652291836, 0.04227013832384052, 0.04061567670192569, 0.046758882560347166, 0.2599674532139951]",0.2482,1.1717,2.8469,0.1871
openmrg,pws_idw,steps,own,85,94,0.8180,0.6833,"[0.013206035713245353, 0.16666666666666669, 0.25, 0.33333333333333326, 0.4166666666666665, 0.5397241647241646, 0.6666666666666666, 0.75, 0.8333333333333331, 0.9583770365708693]","[0.12227562702088614, 0.24913208794842123, 0.26196947522475433, 0.2393325387365912, 0.27088249174138745, 0.3039044289044289, 0.31692418253683075, 0.3808102345415778, 0.5004694835680751, 0.6196769456681351]","[0.12035287641886966, 0.09492851723471042, 0.08198574807718056, 0.07371427721328791, 0.06431217364138116, 0.05849536589357176, 0.05312486053050477, 0.05098260908374121, 0.04503191062050908, 0.04022672161144914, 0.046207173566997425, 0.05223225576101995, 0.21840551034677697]",0.2673,1.0704,2.6685,0.2953
openmrg,pws_idw,steps,radar,85,94,0.9367,0.6568,"[0.013206035713245353, 0.16666666666666669, 0.25, 0.33333333333333326, 0.4166666666666665, 0.5397241647241646, 0.6666666666666666, 0.75, 0.8333333333333331, 0.9583770365708693]","[0.12718692650528707, 0.19160191767234253, 0.2297721095546728, 0.23194278903456494, 0.24469089193015572, 0.2773892773892774, 0.2917714696370823, 0.3390191897654584, 0.47183098591549294, 0.5319907698762324]","[0.11611131148905474, 0.08818633299114946, 0.0780040507171989, 0.06980551008517603, 0.06270288266792443, 0.05632161584773743, 0.05031490164525705, 0.04869184030186167, 0.042366062758371945, 0.03941125877424188, 0.04042393807396721, 0.0457370363177316, 0.26192325833032765]",0.2444,1.1809,2.8381,0.1822
openmrg,pws_idw,steps,own,90,94,0.7589,0.6850,"[0.012936037814874648, 0.16666666666666669, 0.25, 0.3333333333333334, 0.4166666666666668, 0.5379767955233841, 0.6666666666666667, 0.75, 0.8333333333333331, 0.9641173484189149]","[0.11173936456650511, 0.19463206541059366, 0.23295580723961803, 0.24860131354901485, 0.26015228426395937, 0.2767595872478053, 0.3140529531568228, 0.3745866792631082, 0.44638276038994357, 0.5924717145343777]","[0.12789037524442098, 0.09301964679226543, 0.08086843167075328, 0.07304695986840064, 0.0653186008255998, 0.05810236196033396, 0.05457959589062354, 0.05031192774449859, 0.045749402526459544, 0.04366988422980229, 0.041605884726403676, 0.04939631894223905, 0.2164406095781992]",0.2664,1.0018,2.3001,0.2468
openmrg,pws_idw,steps,radar,90,94,0.9339,0.6480,"[0.012936037814874648, 0.16666666666666669, 0.25, 0.3333333333333334, 0.4166666666666668, 0.5379767955233841, 0.6666666666666667, 0.75, 0.8333333333333331, 0.9641173484189149]","[0.13178962484293663, 0.1839672947031639, 0.22940262047523874, 0.23424957431281926, 0.25558375634517766, 0.27059910673032495, 0.31079429735234215, 0.34199338686820974, 0.4402257567983581, 0.5139251523063534]","[0.12138559920756312, 0.0856968054887908, 0.07386851957056913, 0.06592958382496468, 0.057058369386298415, 0.0555142828009148, 0.04986234322422759, 0.04619149587029673, 0.04467654299407129, 0.04033562032950225, 0.04209820973357223, 0.0470218065813049, 0.2703608209879241]",0.2401,1.1701,2.7760,0.1832
openmrg,cml_idw20,steps,own,5,73,0.3531,0.8530,"[0.0017629602435256144, 0.16666666666666666, 0.25, 0.3333333333333333, 0.41666666666666674, 0.5421590349581485, 0.6666666666666667, 0.75, 0.8333333333333336, 0.9873161189358372]","[0.035760176219540175, 0.27652173913043476, 0.2690863579474343, 0.30697674418604654, 0.358814352574103, 0.344903988183161, 0.3518796992481203, 0.3940182054616385, 0.4251668255481411, 0.711830985915493]","[0.34104600948979047, 0.0661619661992856, 0.041691101988590926, 0.033187609958948656, 0.028096177427093885, 0.027323132697126405, 0.02500399850722397, 0.023804446340033054, 0.022631550887668602, 0.023377938902809616, 0.0297488937463347, 0.039505251372820814, 0.2984219224822733]",0.4829,0.4280,1.2967,0.6422
openmrg,cml_idw20,steps,radar,5,73,0.6261,0.7105,"[0.0017629602435256144, 0.16666666666666666, 0.25, 0.3333333333333333, 0.41666666666666674, 0.5421590349581485, 0.6666666666666667, 0.75, 0.8333333333333336, 0.9873161189358372]","[0.0987104768023496, 0.2678260869565217, 0.3191489361702128, 0.35038759689922483, 0.36349453978159124, 0.33382570162481534, 0.4481203007518797, 0.41612483745123535, 0.4261201143946616, 0.5940845070422536]","[0.28686908517350157, 0.03633675078864353, 0.02168769716088328, 0.018178233438485805, 0.015457413249211356, 0.01488564668769716, 0.013406940063091483, 0.013229495268138802, 0.013209779179810725, 0.01429416403785489, 0.01658123028391167, 0.024980283911671924, 0.5108832807570978]",0.3242,0.7063,1.9621,0.4170
openmrg,cml_idw20,steps,own,10,73,0.3412,0.8612,"[0.0024068335512193546, 0.16666666666666666, 0.25, 0.33333333333333326, 0.4166666666666666, 0.5404320987654322, 0.6666666666666667, 0.75, 0.8333333333333333, 0.9840780033323132]","[0.03477702997143272, 0.25885129819040126, 0.2818725099601594, 0.3258785942492013, 0.3275217932752179, 0.33827160493827163, 0.3592896174863388, 0.40022935779816515, 0.47876447876447875, 0.7441599510353973]","[0.28406387141119865, 0.07886110083011685, 0.05456564267963834, 0.04359435309046687, 0.03751387934225136, 0.03412996351715751, 0.0320414529688574, 0.030534552952995293, 0.03005868979009147, 0.031644900333104214, 0.034209274044308145, 0.047533442605615185, 0.2612488764341987]",0.4937,0.4261,1.2690,0.6599
openmrg,cml_idw20,steps,radar,10,73,0.6281,0.7079,"[0.0024068335512193546, 0.16666666666666666, 0.25, 0.33333333333333326, 0.4166666666666666, 0.5404320987654322, 0.6666666666666667, 0.75, 0.8333333333333333, 0.9840780033323132]","[0.09623299278555174, 0.24154209284028325, 0.2539840637450199, 0.28008519701810436, 0.2901618929016189, 0.341358024691358, 0.4344262295081967, 0.3704128440366973, 0.4305019305019305, 0.575640110170356]","[0.2755908671401629, 0.04628626459612375, 0.029814212912804464, 0.024136270615143854, 0.02144777496890173, 0.01777617270575017, 0.01691344649091128, 0.016652622286425105, 0.01659243208538983, 0.018398138116447974, 0.021006380161309738, 0.030737129328678624, 0.46464828859195056]",0.3160,0.7222,1.9661,0.3745
openmrg,cml_idw20,steps,own,15,72,0.3334,0.8665,"[0.003136347934517941, 0.16666666666666666, 0.25, 0.3333333333333334, 0.41666666666666663, 0.5416666666666665, 0.6666666666666665, 0.75, 0.8333333333333333, 0.981838819523269]","[0.034122791497105884, 0.2228228228228228, 0.2860915492957746, 0.3096976016684046, 0.346031746031746, 0.36920529801324503, 0.4340071343638526, 0.4438559322033898, 0.5132317562149158, 0.7703745743473326]","[0.2387838049085509, 0.08084518784847064, 0.06276379552915429, 0.05049241832108801, 0.046037204939815536, 0.03952373508415403, 0.037413370850919704, 0.03647543119170445, 0.03454744411442864, 0.03621489239747799, 0.041608045437965716, 0.051977489448178836, 0.2433171799280913]",0.5008,0.4261,1.2536,0.6690
openmrg,cml_idw20,steps,radar,15,72,0.6558,0.6903,"[0.003136347934517941, 0.16666666666666666, 0.25, 0.3333333333333334, 0.41666666666666663, 0.5416666666666665, 0.6666666666666665, 0.75, 0.8333333333333333, 0.981838819523269]","[0.1036448196547279, 0.1993993993993994, 0.2420774647887324, 0.3159541188738269, 0.28359788359788357, 0.33995584988962474, 0.3864447086801427, 0.3983050847457627, 0.4073777064955894, 0.5518728717366629]","[0.2577246219234951, 0.05296036374419294, 0.03451616091726797, 0.026312147869921913, 0.02210141346248888, 0.021073440743303352, 0.019333794603143224, 0.019274488484728673, 0.018463971533063162, 0.020440842146881487, 0.02417712760699812, 0.03419986161905703, 0.44942176534545814]",0.2923,0.7640,2.0491,0.3380
openmrg,cml_idw20,steps,own,20,72,0.5157,0.7722,"[0.0035999513343935485, 0.16666666666666666, 0.25, 0.33333333333333326, 0.41666666666666674, 0.5391662241104621, 0.6666666666666666, 0.75, 0.8333333333333333, 0.9791540541631355]","[0.056808405245457154, 0.2017689331122167, 0.2813257881972514, 0.31094049904030713, 0.3184584178498986, 0.31651619755708976, 0.33859223300970875, 0.38585858585858585, 0.4078549848942598, 0.5763409613754692]","[0.2863686198075283, 0.0742843220855159, 0.0516506273602144, 0.03998050919722256, 0.0354245340479961, 0.03099037641612864, 0.027920574978681934, 0.025313680107199414, 0.022828602753075893, 0.025216226093312217, 0.030600560360579853, 0.03971251065903277, 0.309708856133512]",0.3470,0.6311,1.7178,0.4548
openmrg,cml_idw20,steps,radar,20,72,0.6749,0.6903,"[0.0035999513343935485, 0.16666666666666666, 0.25, 0.33333333333333326, 0.41666666666666674, 0.5391662241104621, 0.6666666666666666, 0.75, 0.8333333333333333, 0.9791540541631355]","[0.10343613942696249, 0.19458264234383638, 0.2740501212611156, 0.2648752399232246, 0.3022312373225152, 0.3202336696760489, 0.3470873786407767, 0.4121212121212121, 0.45468277945619334, 0.5501876740525488]","[0.24784585926280517, 0.055668581458433064, 0.03707914472634434, 0.02836285303973193, 0.023835168342109463, 0.021282112653582257, 0.020982926440082976, 0.01795117280995692, 0.020125259294718367, 0.02269826073081219, 0.02551061113770544, 0.03648077229934578, 0.4421772778043721]",0.2881,0.7917,2.1097,0.3202
openmrg,cml_idw20,steps,own,25,71,0.5115,0.7759,"[0.0041598185300389815, 0.16666666666666669, 0.25, 0.3333333333333334, 0.4166666666666668, 0.5411557041991825, 0.6666666666666667, 0.75, 0.8333333333333333, 0.9779194975003205]","[0.05732060145882289, 0.2012288786482335, 0.26372832369942195, 0.30303030303030304, 0.3146997929606625, 0.3221850613154961, 0.3698630136986301, 0.37087378640776697, 0.43556895252449135, 0.5944109729521856]","[0.2668594877879957, 0.07485414812617423, 0.05302580836547019, 0.04481855038069811, 0.03806981113418372, 0.03426283002076535, 0.029541184613863344, 0.02679719173341244, 0.02736576683476713, 0.030208642341540592, 0.032334618807475526, 0.04316226638979531, 0.2986996934638584]",0.3519,0.6321,1.7041,0.4709
openmrg,cml_idw20,steps,radar,25,71,0.6815,0.6819,"[0.0041598185300389815, 0.16666666666666669, 0.25, 0.3333333333333334, 0.4166666666666668, 0.5411557041991825, 0.6666666666666667, 0.75, 0.8333333333333333, 0.9779194975003205]","[0.10524171092487197, 0.1889400921658986, 0.24710982658959538, 0.26926406926406926, 0.2743271221532091, 0.3004459308807135, 0.37302423603793466, 0.34757281553398056, 0.440844009042954, 0.5359569285988975]","[0.24231964100793923, 0.05888444435420009, 0.03914800300513716, 0.03171638002802087, 0.026355865093707485, 0.024508111839834312, 0.022497918739466792, 0.022518223720278584, 0.021888769315112997, 0.02383804747304514, 0.026294950151272107, 0.03583829113281488, 0.42419135413917036]",0.2752,0.8049,2.1351,0.3025
openmrg,cml_idw20,steps,own,30,71,0.5103,0.7794,"[0.004580848243870113, 0.16666666666666663, 0.25, 0.33333333333333337, 0.41666666666666674, 0.5411999321113374, 0.6666666666666667, 0.75, 0.8333333333333331, 0.9776280071141065]","[0.05754047145697245, 0.20027186225645674, 0.254638515674984, 0.297165991902834, 0.3076923076923077, 0.3391038696537678, 0.3684210526315789, 0.38405797101449274, 0.4562354763749032, 0.615136197697276]","[0.24780197821960237, 0.07870416625037466, 0.056049555400139874, 0.04805674892596663, 0.04101308822060146, 0.03594265161354781, 0.03424418023778599, 0.030797282445798782, 0.028923968428414427, 0.031221900289739236, 0.03312019182735538, 0.04585872714556899, 0.2882655609951044]",0.3558,0.6384,1.7058,0.4756
openmrg,cml_idw20,steps,radar,30,71,0.6691,0.6772,"[0.004580848243870113, 0.16666666666666663, 0.25, 0.33333333333333337, 0.41666666666666674, 0.5411999321113374, 0.6666666666666667, 0.75, 0.8333333333333331, 0.9776280071141065]","[0.10414654927577392, 0.19483461712732217, 0.22136916186820219, 0.23076923076923078, 0.24296435272045028, 0.285132382892057, 0.36116152450090744, 0.3605072463768116, 0.43919442292796285, 0.5209210895815782]","[0.24067894965907444, 0.06225777704089035, 0.0418644173177758, 0.033159934509129345, 0.029470891794988706, 0.026880271911462975, 0.02480777600464239, 0.023004704565708484, 0.023398478788004395, 0.023377753828936188, 0.027419120847236328, 0.0379888499720213, 0.4056910737601293]",0.2641,0.8009,2.0628,0.2837
openmrg,cml_idw20,steps,own,35,70,0.6115,0.7081,"[0.004996648514827265, 0.1666666666666667, 0.25, 0.33333333333333337, 0.4166666666666666, 0.5410350235232619, 0.6666666666666665, 0.75, 0.8333333333333335, 0.9754952311078503]","[0.0753863993306815, 0.18405172413793103, 0.2231866088034718, 0.23183673469387756, 0.25314183123877915, 0.24830109775222164, 0.28870292887029286, 0.29581151832460734, 0.34685010861694426, 0.4925898752751284]","[0.28346221747022404, 0.08409379118283312, 0.05368376557177313, 0.0441355645622498, 0.03816793893129771, 0.03321978267896661, 0.02961434219359972, 0.027277022154810156, 0.025312678717955093, 0.02516348807718129, 0.02926623069846085, 0.040629584504065445, 0.28597359325658306]",0.2599,0.7543,2.0919,0.3237
openmrg,cml_idw20,steps,radar,35,70,0.6730,0.6786,"[0.004996648514827265, 0.1666666666666667, 0.25, 0.33333333333333337, 0.4166666666666666, 0.5410350235232619, 0.6666666666666665, 0.75, 0.8333333333333335, 0.9754952311078503]","[0.09972258509592097, 0.20560344827586208, 0.2101673899566026, 0.21306122448979592, 0.26840215439856374, 0.2749607945635128, 0.3389121338912134, 0.36300174520069806, 0.4091238233164374, 0.5027146001467352]","[0.2402730375426621, 0.06862201365187713, 0.04400597269624573, 0.03472696245733788, 0.032188566552901025, 0.027687713310580203, 0.026130546075085324, 0.024872013651877134, 0.02305887372013652, 0.024786689419795224, 0.02802901023890785, 0.04052901023890785, 0.385089590443686]",0.2585,0.8094,2.1005,0.2567
openmrg,cml_idw20,steps,own,40,69,0.5972,0.7148,"[0.005351534246846794, 0.1666666666666666, 0.25, 0.33333333333333337, 0.41666666666666663, 0.541398912506179, 0.6666666666666666, 0.75, 0.8333333333333334, 0.9754894242376525]","[0.07325446601076004, 0.18650019508388607, 0.22615648201027985, 0.23520710059171598, 0.2728102189781022, 0.27632229362333166, 0.26461843409316155, 0.3003629764065336, 0.34890510948905107, 0.511887891670603]","[0.268888722815933, 0.08252995540941135, 0.05732008071145654, 0.04678275166280547, 0.037839722990309646, 0.0346013003512443, 0.032384226390653414, 0.02847320828039758, 0.02533442941484194, 0.028024811299603915, 0.031636898089330644, 0.044540766758837155, 0.281643125825175]",0.2651,0.7426,2.0643,0.3391
openmrg,cml_idw20,steps,radar,40,69,0.6758,0.6700,"[0.005351534246846794, 0.1666666666666666, 0.25, 0.33333333333333337, 0.41666666666666663, 0.541398912506179, 0.6666666666666666, 0.75, 0.8333333333333334, 0.9754894242376525]","[0.10027345956068127, 0.20405774483027703, 0.20159908623643633, 0.22928994082840237, 0.2354014598540146, 0.29510627780523974, 0.3062438057482656, 0.38294010889292196, 0.4124087591240876, 0.47409856715477877]","[0.23185419631667267, 0.06595577458206768, 0.045181298723368096, 0.03600484312934129, 0.032245045351233084, 0.028506489368481425, 0.026615969581749048, 0.025553879813921872, 0.024597999022877414, 0.02529897826964335, 0.028825116298829577, 0.04061431272171124, 0.38874609682010325]",0.2449,0.8158,2.1895,0.2330
openmrg,cml_idw20,steps,own,45,68,0.5974,0.7161,"[0.005638242973272634, 0.16666666666666666, 0.25, 0.3333333333333333, 0.41666666666666674, 0.5413147872164266, 0.6666666666666666, 0.75, 0.8333333333333331, 0.9752418429250699]","[0.07405079783565045, 0.18423106947697113, 0.2188149688149688, 0.256908140403286, 0.25929283771532186, 0.2776949826130154, 0.28416912487708945, 0.3188277087033748, 0.37925574030087095, 0.5163141498606328]","[0.26675674986614994, 0.0811258700252403, 0.05545215817250083, 0.04612089845243862, 0.04035897305152589, 0.0358208194171787, 0.03403615225760396, 0.030823751370369426, 0.028095760140733752, 0.02959997960380389, 0.03214950411748209, 0.043392907222802944, 0.27626647630216966]",0.2686,0.7429,2.0671,0.3486
openmrg,cml_idw20,steps,radar,45,68,0.6599,0.6722,"[0.005638242973272634, 0.16666666666666666, 0.25, 0.3333333333333333, 0.41666666666666674, 0.5413147872164266, 0.6666666666666666, 0.75, 0.8333333333333331, 0.9752418429250699]","[0.09567896503625133, 0.19867291178766588, 0.20634095634095634, 0.22479462285287527, 0.24660018132366274, 0.26527570789865873, 0.32350049164208455, 0.34458259325044405, 0.4085510688836104, 0.4651582226594524]","[0.23610596315273083, 0.06689196555107381, 0.04746538755041971, 0.039267415240379376, 0.033664013953995424, 0.029477815327591847, 0.02629456012209746, 0.026774228714706205, 0.02553145099749264, 0.02716668483593154, 0.029913877684508886, 0.03928921835822523, 0.37215741851084705]",0.2413,0.8021,2.1046,0.2373
openmrg,cml_idw20,steps,own,50,68,0.5163,0.6854,"[0.005598887242284793, 0.16666666666666663, 0.25, 0.33333333333333337, 0.4166666666666667, 0.5413266122579612, 0.6666666666666667, 0.75, 0.8333333333333333, 0.9760644353369764]","[0.07038452538803526, 0.18697092381302907, 0.19097586568730326, 0.20812894183601963, 0.21694915254237288, 0.21939510321651465, 0.2229038854805726, 0.27761767531219983, 0.2696629213483146, 0.4026639344262295]","[0.2818336594414657, 0.08309404619724037, 0.054735344192310624, 0.04657840571239804, 0.03859934439559881, 0.0355246105760679, 0.03191624526719691, 0.029680075216628975, 0.030315350799176684, 0.030391583869082407, 0.03285645312936752, 0.04673087185220949, 0.2577440093512566]",0.2099,0.6655,1.7052,0.3072
openmrg,cml_idw20,steps,radar,50,68,0.6435,0.6679,"[0.005598887242284793, 0.16666666666666663, 0.25, 0.33333333333333337, 0.4166666666666667, 0.5413266122579612, 0.6666666666666667, 0.75, 0.8333333333333333, 0.9760644353369764]","[0.09690351766632868, 0.19874861980125139, 0.21353620146904512, 0.2102312543798178, 0.2440677966101695, 0.2784445511281805, 0.3149284253578732, 0.37848222862632086, 0.38764044943820225, 0.4532103825136612]","[0.23057818831423468, 0.06563984140124614, 0.04860354668641889, 0.03670864014639885, 0.032329745980567294, 0.03043440372968498, 0.027079430090192147, 0.026360507167443686, 0.026469434883011633, 0.02596836739139907, 0.03026011938477626, 0.04163217289007015, 0.3779356019345562]",0.2351,0.7872,2.0261,0.2411
openmrg,cml_idw20,steps,own,55,66,0.5175,0.6838,"[0.006165358417473287, 0.16666666666666669, 0.25, 0.33333333333333337, 0.41666666666666663, 0.5406281156530408, 0.6666666666666665, 0.75, 0.8333333333333334, 0.9756759160441121]","[0.07218646162736568, 0.1718978102189781, 0.17841648590021691, 0.21139327385037748, 0.22586359610274578, 0.21784646061814555, 0.2502732240437158, 0.24820143884892087, 0.29106858054226475, 0.41319815012451083]","[0.2741169179921504, 0.08528713075810783, 0.05745197273290643, 0.045032018178062384, 0.039532121462507744, 0.0349101425325346, 0.03271534806858087, 0.03155339805825243, 0.030520553604627142, 0.0328186325139434, 0.035813881429456726, 0.046271431522412726, 0.25397645114645734]",0.2113,0.6686,1.7062,0.3131
openmrg,cml_idw20,steps,radar,55,66,0.6376,0.6654,"[0.006165358417473287, 0.16666666666666669, 0.25, 0.33333333333333337, 0.41666666666666663, 0.5406281156530408, 0.6666666666666665, 0.75, 0.8333333333333334, 0.9756759160441121]","[0.09579915565757581, 0.19452554744525546, 0.21095444685466377, 0.22031571722717913, 0.22852081488042517, 0.2642073778664008, 0.32021857923497266, 0.30845323741007197, 0.3708133971291866, 0.4507292778370687]","[0.23140459167813845, 0.06605533105377681, 0.047404414050357474, 0.039011501398818774, 0.03565877703272792, 0.03039655402104889, 0.0277321373062747, 0.024734668502153737, 0.026510946312003198, 0.02713264354545051, 0.03130689639859674, 0.042497446600648345, 0.37015409210000444]",0.2269,0.7858,1.9681,0.2464
openmrg,cml_idw20,steps,own,60,66,0.5168,0.6842,"[0.006287456170486584, 0.16666666666666666, 0.25, 0.3333333333333334, 0.4166666666666667, 0.53987678987679, 0.6666666666666667, 0.75, 0.8333333333333331, 0.9742610988471917]","[0.07261930079997382, 0.17286652078774617, 0.17750257997936017, 0.21495327102803738, 0.2194275802254987, 0.23326673326673328, 0.2288770053475936, 0.2916666666666667, 0.29898516783762685, 0.41243561442236937]","[0.27094367189334445, 0.08299199039891467, 0.05713689373581361, 0.04800542670040961, 0.04064807326045553, 0.03446476558219625, 0.03318636019723969, 0.03042083018080305, 0.030212110934279526, 0.03404732708914921, 0.03738683503352553, 0.04771843773643977, 0.2528372772574291]",0.2111,0.6673,1.7057,0.3129
openmrg,cml_idw20,steps,radar,60,66,0.6724,0.6536,"[0.006287456170486584, 0.16666666666666666, 0.25, 0.3333333333333334, 0.4166666666666667, 0.53987678987679, 0.6666666666666667, 0.75, 0.8333333333333331, 0.9742610988471917]","[0.10362033144109804, 0.21772428884026257, 0.21207430340557276, 0.22070452911574406, 0.2168256721595837, 0.24875124875124874, 0.31122994652406416, 0.3449612403100775, 0.38485558157689304, 0.44021339220014716]","[0.22919717747303955, 0.0662361869258421, 0.0476634269737718, 0.03878755602893534, 0.033550792171481825, 0.028913149602804774, 0.02920161540851196, 0.026072870900457106, 0.02516309412861137, 0.026849509608130297, 0.030044823148271425, 0.04300359472773266, 0.3753162029024098]",0.2178,0.8211,2.1439,0.2181
openmrg,cml_idw20,steps,own,65,65,0.4908,0.6823,"[0.006334893118626945, 0.16666666666666663, 0.25, 0.33333333333333326, 0.41666666666666674, 0.5397996837111229, 0.6666666666666666, 0.75, 0.8333333333333331, 0.9742025970751388]","[0.06571081247606202, 0.18596104373392136, 0.17777777777777778, 0.16771929824561405, 0.1891891891891892, 0.19557195571955718, 0.21748878923766815, 0.2772727272727273, 0.31814119749776587, 0.3719742813918306]","[0.2875298718227243, 0.08402129046274169, 0.059064740386704326, 0.045405170540951556, 0.040462741690202045, 0.03644362372365848, 0.03356506626113404, 0.031338257658049096, 0.029328698674777318, 0.031908537910058654, 0.03644362372365848, 0.0479306973712796, 0.2365576797740604]",0.1980,0.6444,1.6760,0.3120
openmrg,cml_idw20,steps,radar,65,65,0.6759,0.6367,"[0.006334893118626945, 0.16666666666666663, 0.25, 0.33333333333333326, 0.41666666666666674, 0.5397996837111229, 0.6666666666666666, 0.75, 0.8333333333333331, 0.9742025970751388]","[0.10377845497993372, 0.20029400955531054, 0.18644986449864498, 0.18035087719298246, 0.2018018018018018, 0.22298365840801265, 0.2769058295964126, 0.29659090909090907, 0.3449508489722967, 0.41395612708018154]","[0.23541371590441815, 0.06533558733494768, 0.04646593868506419, 0.037099648192991275, 0.03323890894138073, 0.030154886462283547, 0.028213094531000137, 0.025882944213460046, 0.024535112167039796, 0.02595147804632887, 0.02944670352263901, 0.041782793439027736, 0.3764791885594188]",0.1957,0.8273,2.1895,0.2032
openmrg,cml_idw20,steps,own,70,65,0.5034,0.6844,"[0.006250562227319749, 0.16666666666666669, 0.25, 0.33333333333333326, 0.41666666666666663, 0.5406875543951263, 0.6666666666666666, 0.75, 0.8333333333333333, 0.9718875502008034]","[0.07035150452030765, 0.20594633792603337, 0.18695652173913044, 0.20668485675306958, 0.21932773109243697, 0.24177545691906005, 0.30211817168338906, 0.30552659019812306, 0.3473101265822785, 0.37053130555006913]","[0.27289775506876124, 0.08585638962874381, 0.059466217318040984, 0.046366255367723, 0.04041419796705985, 0.036473338044246344, 0.03353807686035767, 0.03163559275968908, 0.030303853889221067, 0.03158123607109855, 0.036473338044246344, 0.05207370766972876, 0.24292004131108333]",0.2072,0.6593,1.6872,0.3128
openmrg,cml_idw20,steps,radar,70,65,0.6916,0.6290,"[0.006250562227319749, 0.16666666666666669, 0.25, 0.33333333333333326, 0.41666666666666663, 0.5406875543951263, 0.6666666666666666, 0.75, 0.8333333333333333, 0.9718875502008034]","[0.10526582107677776, 0.20667150108774474, 0.19891304347826086, 0.18894952251023192, 0.18907563025210083, 0.21409921671018275, 0.2508361204013378, 0.2846715328467153, 0.3560126582278481, 0.38830732767134113]","[0.23429681252142123, 0.06806809094024906, 0.04508168627899006, 0.037975551239575, 0.033519936021935336, 0.03274305952244944, 0.02767051296698275, 0.026116759968010966, 0.02451730835142237, 0.026802239232263225, 0.02874443048097795, 0.043093796412658515, 0.3713698160630641]",0.1880,0.8459,2.2311,0.1771
openmrg,cml_idw20,steps,own,75,65,0.5017,0.6861,"[0.005897264423791395, 0.16666666666666666, 0.25, 0.33333333333333337, 0.4166666666666667, 0.5392210641799232, 0.6666666666666669, 0.75, 0.8333333333333335, 0.9716177547081919]","[0.07075002572104667, 0.19036784224497535, 0.2140625, 0.21565934065934067, 0.2168256721595837, 0.24355458036204058, 0.3082039911308204, 0.33265097236438074, 0.3567099567099567, 0.3741265721700938]","[0.26966730806770967, 0.08405142363144538, 0.058451155916227446, 0.04810507822304024, 0.039404333640090355, 0.035806910399062995, 0.033269193229035945, 0.03201427814495664, 0.029783317995482304, 0.0324604701748515, 0.036587746451379015, 0.05159095345659388, 0.24880783067012466]",0.2104,0.6555,1.6850,0.3200
openmrg,cml_idw20,steps,radar,75,65,0.7163,0.6130,"[0.005897264423791395, 0.16666666666666666, 0.25, 0.33333333333333337, 0.4166666666666667, 0.5392210641799232, 0.6666666666666669, 0.75, 0.8333333333333335, 0.9716177547081919]","[0.11252100552145135, 0.18885096700796358, 0.196875, 0.19093406593406592, 0.20121422376409367, 0.2095447065277016, 0.28824833702882485, 0.30501535312180145, 0.3238095238095238, 0.35835496107007386]","[0.23348630232234738, 0.06366754739720948, 0.04405970425995457, 0.03784823622120243, 0.03237843600797293, 0.029944838455476755, 0.027835720576646735, 0.025518008621888473, 0.02523988318731748, 0.027603949381170906, 0.028994576554025864, 0.04051360496917443, 0.3829091920456126]",0.1787,0.8706,2.3087,0.1545
openmrg,cml_idw20,steps,own,80,65,0.5239,0.6733,"[0.005555652007847358, 0.16666666666666663, 0.25, 0.33333333333333326, 0.41666666666666674, 0.5417079207920792, 0.6666666666666666, 0.75, 0.8333333333333334, 0.9727067514877896]","[0.07567839719439573, 0.15188897455666925, 0.1517275913870806, 0.18942101501072195, 0.18031430934656742, 0.2613861386138614, 0.3267543859649123, 0.38822355289421157, 0.36013986013986016, 0.36753539913810795]","[0.2609323597849635, 0.07381850276819385, 0.052368343630479555, 0.04495974751932386, 0.04303404744711011, 0.038620984781620266, 0.034528872128166035, 0.03139960951081869, 0.031319372007809786, 0.031078659498783065, 0.030436759474711812, 0.04025248067613469, 0.28725026077188476]",0.2112,0.6823,1.6497,0.2958
openmrg,cml_idw20,steps,radar,80,65,0.7449,0.6129,"[0.005555652007847358, 0.16666666666666663, 0.25, 0.33333333333333326, 0.41666666666666674, 0.5417079207920792, 0.6666666666666666, 0.75, 0.8333333333333334, 0.9727067514877896]","[0.11802288234170732, 0.20084811102544334, 0.19729594391587382, 0.20014295925661185, 0.18527708850289495, 0.2524752475247525, 0.2982456140350877, 0.3413173652694611, 0.36276223776223776, 0.35686435460701826]","[0.22869229524492013, 0.06345500358306942, 0.04436071106590536, 0.03735638826602557, 0.0335883862317668, 0.030282715735453894, 0.02584433297117363, 0.026445363970503247, 0.023555791858341616, 0.027416260200189557, 0.029820384197508033, 0.03980674541713863, 0.3893756212580041]",0.1845,0.9001,2.3378,0.1436
openmrg,cml_idw20,steps,own,85,65,0.5247,0.6737,"[0.005593768004894362, 0.16666666666666669, 0.25, 0.3333333333333333, 0.41666666666666674, 0.5405440414507772, 0.6666666666666667, 0.75, 0.8333333333333334, 0.9711239046998336]","[0.07603485450560417, 0.16308376575240918, 0.1573090541224077, 0.17477096546863988, 0.19571045576407506, 0.24974093264248703, 0.3333333333333333, 0.39247830279652846, 0.4074074074074074, 0.35954812079078863]","[0.2562318210237312, 0.07385761274363226, 0.05379617799766222, 0.04403729578383668, 0.040938374969418545, 0.040068502460108193, 0.03650746187511893, 0.03196781471715552, 0.0331910729333732, 0.032728953162802076, 0.030173702666702912, 0.04050343871476337, 0.2859977709516949]",0.2128,0.6850,1.6491,0.2912
openmrg,cml_idw20,steps,radar,85,65,0.7659,0.6127,"[0.005593768004894362, 0.16666666666666669, 0.25, 0.3333333333333333, 0.41666666666666674, 0.5405440414507772, 0.6666666666666667, 0.75, 0.8333333333333334, 0.9711239046998336]","[0.11737557689908944, 0.20126019273535953, 0.19625695498229642, 0.19943622269203665, 0.2126899016979446, 0.261139896373057, 0.2903225806451613, 0.3240115718418515, 0.3596707818930041, 0.349554638279383]","[0.22791783380018674, 0.063468720821662, 0.04446778711484594, 0.03746498599439776, 0.03326330532212885, 0.02957516339869281, 0.02815126050420168, 0.02565359477124183, 0.02427637721755369, 0.027941176470588237, 0.030602240896358542, 0.04007936507936508, 0.38713818860877686]",0.1840,0.9236,2.3717,0.1344
openmrg,cml_idw20,steps,own,90,64,0.5111,0.6795,"[0.0054596302771419475, 0.16666666666666669, 0.25, 0.33333333333333337, 0.4166666666666667, 0.5405957943925233, 0.6666666666666667, 0.75, 0.8333333333333334, 0.9720757888303156]","[0.07326568498458988, 0.18185483870967742, 0.1727664155005382, 0.17835365853658536, 0.19646365422396855, 0.276285046728972, 0.37926829268292683, 0.37973273942093544, 0.41294838145231844, 0.3607609443043777]","[0.2427000488098998, 0.07442074133624278, 0.05231272789916449, 0.04688621551006345, 0.03982313589250337, 0.03861724425048092, 0.03726779407964627, 0.03379367768239111, 0.032300668982744266, 0.0345114703264521, 0.032702632863418415, 0.04390019811076976, 0.29076344425622325]",0.2163,0.6657,1.6355,0.3009
openmrg,cml_idw20,steps,radar,90,64,0.7602,0.6076,"[0.0054596302771419475, 0.16666666666666669, 0.25, 0.33333333333333337, 0.4166666666666667, 0.5405957943925233, 0.6666666666666667, 0.75, 0.8333333333333334, 0.9720757888303156]","[0.11922570877566101, 0.20403225806451614, 0.20505920344456405, 0.20579268292682926, 0.23968565815324164, 0.2505841121495327, 0.2817073170731707, 0.3207126948775056, 0.34820647419072615, 0.3481549392619757]","[0.21909881116679983, 0.06208082128762015, 0.04406672961913755, 0.03767463257548243, 0.034018546766422124, 0.029224473983680783, 0.026536887726689426, 0.02624633786106874, 0.02508413839858599, 0.027335899857146316, 0.03159729788624973, 0.04055591874288758, 0.39647950412822935]",0.1778,0.9136,2.3500,0.1190
openmrg,radar,steps,gauges,5,128,0.7236,0.7969,"[0.0019345238095238094, NaN, NaN, NaN, NaN, NaN, NaN, NaN, NaN, 0.9958333333333332]","[0.039285714285714285, NaN, NaN, NaN, NaN, NaN, NaN, NaN, NaN, 1.0]","[0.21296296296296297, 0.0941358024691358, 0.05401234567901234, 0.041666666666666664, 0.044753086419753084, 0.043209876543209874, 0.046296296296296294, 0.040123456790123455, 0.030864197530864196, 0.05246913580246913, 0.05401234567901234, 0.10802469135802469, 0.17746913580246915]",0.4524,0.9044,3.4212,0.3021
openmrg,radar (LINDA-P subset),steps,gauges,5,24,1.1644,0.7357,"[0.0018518518518518517, NaN, NaN, NaN, NaN, NaN, NaN, NaN, NaN, NaN]","[0.05555555555555555, NaN, NaN, NaN, NaN, NaN, NaN, NaN, NaN, NaN]","[0.1897810218978102, 0.08759124087591241, 0.051094890510948905, 0.029197080291970802, 0.0364963503649635, 0.029197080291970802, 0.072992700729927, 0.058394160583941604, 0.0364963503649635, 0.072992700729927, 0.043795620437956206, 0.0948905109489051, 0.19708029197080293]",0.3881,1.3334,5.9985,0.3306
openmrg,radar,steps,gauges,10,128,0.5827,0.8201,"[0.001818181818181818, NaN, NaN, NaN, NaN, NaN, NaN, NaN, NaN, 0.975]","[0.03636363636363636, NaN, NaN, NaN, NaN, NaN, NaN, NaN, NaN, 1.0]","[0.12834978843441466, 0.05500705218617771, 0.06346967559943582, 0.06205923836389281, 0.05923836389280677, 0.05500705218617771, 0.04231311706629055, 0.047954866008462625, 0.06629055007052186, 0.07052186177715092, 0.09167842031029619, 0.12976022566995768, 0.12834978843441466]",0.4598,0.8474,2.2409,0.4556
openmrg,radar (LINDA-P subset),steps,gauges,10,24,0.6270,0.7468,"[0.0020833333333333333, NaN, NaN, NaN, NaN, NaN, NaN, NaN, NaN, NaN]","[0.05, NaN, NaN, NaN, NaN, NaN, NaN, NaN, NaN, NaN]","[0.1388888888888889, 0.04861111111111111, 0.0625, 0.0625, 0.08333333333333333, 0.04861111111111111, 0.034722222222222224, 0.041666666666666664, 0.06944444444444445, 0.09722222222222222, 0.1111111111111111, 0.0763888888888889, 0.125]",0.3538,0.8513,2.3104,0.3273
openmrg,radar,steps,gauges,15,128,0.6238,0.8236,"[0.0022012578616352196, NaN, NaN, NaN, NaN, NaN, NaN, NaN, NaN, 0.9958333333333332]","[0.018867924528301886, NaN, NaN, NaN, NaN, NaN, NaN, NaN, NaN, 1.0]","[0.11021505376344086, 0.04973118279569892, 0.04435483870967742, 0.04704301075268817, 0.051075268817204304, 0.04435483870967742, 0.04838709677419355, 0.04973118279569892, 0.053763440860215055, 0.09946236559139784, 0.11424731182795698, 0.1586021505376344, 0.12903225806451613]",0.4522,0.8735,3.0155,0.3435
openmrg,radar (LINDA-P subset),steps,gauges,15,24,0.7871,0.8343,"[0.0008333333333333333, NaN, NaN, NaN, NaN, NaN, NaN, NaN, NaN, 0.9916666666666666]","[0.02, NaN, NaN, NaN, NaN, NaN, NaN, NaN, NaN, 1.0]","[0.09271523178807947, 0.019867549668874173, 0.046357615894039736, 0.033112582781456956, 0.09271523178807947, 0.046357615894039736, 0.052980132450331126, 0.052980132450331126, 0.026490066225165563, 0.152317880794702, 0.1456953642384106, 0.1456953642384106, 0.09271523178807947]",0.4561,0.9656,5.5265,0.1886
openmrg,radar,steps,gauges,20,128,0.6467,0.8286,"[0.002631578947368421, NaN, NaN, NaN, NaN, NaN, NaN, NaN, NaN, NaN]","[0.02280701754385965, NaN, NaN, NaN, NaN, NaN, NaN, NaN, NaN, NaN]","[0.07133058984910837, 0.0644718792866941, 0.04526748971193416, 0.037037037037037035, 0.04938271604938271, 0.03566529492455418, 0.04252400548696845, 0.06721536351165981, 0.06310013717421124, 0.09602194787379972, 0.10425240054869685, 0.17969821673525377, 0.1440329218106996]",0.4604,0.8464,2.3081,0.4560
openmrg,radar (LINDA-P subset),steps,gauges,20,24,0.6199,0.7612,"[0.0030303030303030303, NaN, NaN, NaN, NaN, NaN, NaN, NaN, NaN, NaN]","[0.02727272727272727, NaN, NaN, NaN, NaN, NaN, NaN, NaN, NaN, NaN]","[0.06711409395973154, 0.06040268456375839, 0.026845637583892617, 0.03355704697986577, 0.03355704697986577, 0.04697986577181208, 0.0738255033557047, 0.087248322147651, 0.040268456375838924, 0.09395973154362416, 0.11409395973154363, 0.174496644295302, 0.1476510067114094]",0.3276,0.7735,2.4485,0.2898
openmrg,radar,steps,gauges,25,124,0.7675,0.8023,"[0.0043859649122807015, NaN, NaN, NaN, NaN, NaN, NaN, NaN, NaN, 0.9916666666666666]","[0.03684210526315789, NaN, NaN, NaN, NaN, NaN, NaN, NaN, NaN, 0.9]","[0.08714918759231906, 0.03988183161004431, 0.056129985228951254, 0.05760709010339734, 0.05465288035450517, 0.03545051698670606, 0.0413589364844904, 0.03545051698670606, 0.07976366322008863, 0.0827178729689808, 0.09896602658788774, 0.18168389955686853, 0.14918759231905465]",0.4295,1.0090,3.0326,0.3981
openmrg,radar (LINDA-P subset),steps,gauges,25,24,0.5936,0.7438,"[0.006666666666666666, NaN, NaN, NaN, NaN, NaN, NaN, NaN, NaN, 0.9916666666666666]","[0.05, NaN, NaN, NaN, NaN, NaN, NaN, NaN, NaN, 0.9]","[0.050359712230215826, 0.02877697841726619, 0.05755395683453238, 0.050359712230215826, 0.07913669064748201, 0.07913669064748201, 0.05755395683453238, 0.05755395683453238, 0.04316546762589928, 0.09352517985611511, 0.07194244604316546, 0.22302158273381295, 0.1079136690647482]",0.3077,0.8029,2.4156,0.2728
openmrg,radar,steps,gauges,30,113,0.6668,0.8444,"[0.0031249999999999997, NaN, NaN, NaN, NaN, NaN, NaN, NaN, NaN, 0.975]","[0.03958333333333333, NaN, NaN, NaN, NaN, NaN, NaN, NaN, NaN, 1.0]","[0.08588957055214724, 0.05828220858895705, 0.05061349693251534, 0.05214723926380368, 0.05521472392638037, 0.03374233128834356, 0.046012269938650305, 0.06288343558282208, 0.06134969325153374, 0.07208588957055215, 0.11809815950920245, 0.21012269938650308, 0.09355828220858896]",0.4489,0.9404,2.5758,0.4567
openmrg,radar (LINDA-P subset),steps,gauges,30,22,0.3229,0.8288,"[0.004629629629629629, NaN, NaN, NaN, NaN, NaN, NaN, NaN, NaN, NaN]","[0.022222222222222223, NaN, NaN, NaN, NaN, NaN, NaN, NaN, NaN, NaN]","[0.05303030303030303, 0.05303030303030303, 0.045454545454545456, 0.030303030303030304, 0.09848484848484848, 0.05303030303030303, 0.08333333333333333, 0.08333333333333333, 0.045454545454545456, 0.07575757575757576, 0.10606060606060606, 0.23484848484848486, 0.03787878787878788]",0.3902,0.5402,1.2587,0.4756
openmrg,radar,steps,gauges,35,110,0.6285,0.8486,"[0.0018018018018018016, NaN, NaN, NaN, NaN, NaN, NaN, NaN, NaN, 0.975]","[0.032432432432432434, NaN, NaN, NaN, NaN, NaN, NaN, NaN, NaN, 1.0]","[0.06969205834683954, 0.03889789303079417, 0.050243111831442464, 0.03727714748784441, 0.04376012965964344, 0.05186385737439222, 0.04862236628849271, 0.03889789303079417, 0.08752025931928688, 0.08752025931928688, 0.14910858995137763, 0.20583468395461912, 0.09076175040518639]",0.5133,0.8532,2.5419,0.4207
openmrg,radar (LINDA-P subset),steps,gauges,35,21,0.3286,0.8490,"[0.0047619047619047615, NaN, NaN, NaN, NaN, NaN, NaN, NaN, NaN, NaN]","[0.02857142857142857, NaN, NaN, NaN, NaN, NaN, NaN, NaN, NaN, NaN]","[0.03968253968253968, 0.023809523809523808, 0.023809523809523808, 0.047619047619047616, 0.07142857142857142, 0.05555555555555555, 0.05555555555555555, 0.03968253968253968, 0.06349206349206349, 0.047619047619047616, 0.18253968253968253, 0.30158730158730157, 0.047619047619047616]",0.5250,0.4701,1.2868,0.4803
openmrg,radar,steps,gauges,40,106,0.5670,0.8565,"[0.0026960784313725494, NaN, NaN, NaN, NaN, NaN, NaN, NaN, NaN, NaN]","[0.023529411764705882, NaN, NaN, NaN, NaN, NaN, NaN, NaN, NaN, NaN]","[0.04143126177024482, 0.04519774011299435, 0.03389830508474576, 0.02824858757062147, 0.0696798493408663, 0.047080979284369114, 0.047080979284369114, 0.08097928436911488, 0.0696798493408663, 0.08662900188323917, 0.1544256120527307, 0.21092278719397364, 0.0847457627118644]",0.5545,0.7449,2.5062,0.4526
openmrg,radar (LINDA-P subset),steps,gauges,40,20,0.3515,0.9085,"[0.008333333333333333, NaN, NaN, NaN, NaN, NaN, NaN, NaN, NaN, NaN]","[0.0, NaN, NaN, NaN, NaN, NaN, NaN, NaN, NaN, NaN]","[0.02654867256637168, 0.0, 0.035398230088495575, 0.017699115044247787, 0.07964601769911504, 0.07079646017699115, 0.07079646017699115, 0.061946902654867256, 0.04424778761061947, 0.07079646017699115, 0.18584070796460178, 0.3008849557522124, 0.035398230088495575]",0.7353,0.5465,1.2769,0.6055
openmrg,radar,steps,gauges,45,96,0.6554,0.8533,"[0.003273809523809524, NaN, NaN, NaN, NaN, NaN, NaN, NaN, NaN, NaN]","[0.025, NaN, NaN, NaN, NaN, NaN, NaN, NaN, NaN, NaN]","[0.028953229398663696, 0.024498886414253896, 0.042316258351893093, 0.0200445434298441, 0.044543429844097995, 0.066815144766147, 0.042316258351893093, 0.0757238307349666, 0.08463251670378619, 0.111358574610245, 0.14699331848552338, 0.21380846325167038, 0.09799554565701558]",0.4479,0.8172,3.2645,0.3566
openmrg,radar (LINDA-P subset),steps,gauges,45,17,0.4146,0.9185,"[0.008333333333333333, NaN, NaN, NaN, NaN, NaN, NaN, NaN, NaN, NaN]","[0.0, NaN, NaN, NaN, NaN, NaN, NaN, NaN, NaN, NaN]","[0.0, 0.020202020202020204, 0.050505050505050504, 0.0, 0.0707070707070707, 0.08080808080808081, 0.030303030303030304, 0.04040404040404041, 0.0707070707070707, 0.13131313131313133, 0.20202020202020202, 0.23232323232323232, 0.0707070707070707]",0.6176,0.6135,1.4079,0.5968
openmrg,radar,steps,gauges,50,84,0.6509,0.8345,"[0.0022435897435897434, NaN, NaN, NaN, NaN, NaN, NaN, NaN, NaN, NaN]","[0.015384615384615385, NaN, NaN, NaN, NaN, NaN, NaN, NaN, NaN, NaN]","[0.035175879396984924, 0.035175879396984924, 0.05025125628140704, 0.052763819095477386, 0.035175879396984924, 0.035175879396984924, 0.04773869346733668, 0.0728643216080402, 0.0829145728643216, 0.11557788944723618, 0.14321608040201006, 0.21105527638190955, 0.0829145728643216]",0.4865,0.8486,3.0810,0.3052
openmrg,radar (LINDA-P subset),steps,gauges,50,15,0.2877,0.9518,"[0.005555555555555555, NaN, NaN, NaN, NaN, NaN, NaN, NaN, NaN, NaN]","[0.0, NaN, NaN, NaN, NaN, NaN, NaN, NaN, NaN, NaN]","[0.0, 0.022727272727272728, 0.045454545454545456, 0.045454545454545456, 0.022727272727272728, 0.06818181818181818, 0.056818181818181816, 0.03409090909090909, 0.09090909090909091, 0.125, 0.18181818181818182, 0.26136363636363635, 0.045454545454545456]",0.6000,0.5040,1.0666,0.6688
openmrg,radar,steps,gauges,55,70,0.4925,0.8075,"[0.0054487179487179484, NaN, NaN, NaN, NaN, NaN, NaN, NaN, NaN, NaN]","[0.026923076923076925, NaN, NaN, NaN, NaN, NaN, NaN, NaN, NaN, NaN]","[0.031073446327683617, 0.01977401129943503, 0.03954802259887006, 0.05084745762711865, 0.03672316384180791, 0.05084745762711865, 0.06497175141242938, 0.059322033898305086, 0.08192090395480225, 0.11016949152542373, 0.12994350282485875, 0.23728813559322035, 0.08757062146892655]",0.3828,0.7200,1.9713,0.3120
openmrg,radar (LINDA-P subset),steps,gauges,55,13,0.2472,0.8252,"[0.01666666666666667, NaN, NaN, NaN, NaN, NaN, NaN, NaN, NaN, NaN]","[0.025, NaN, NaN, NaN, NaN, NaN, NaN, NaN, NaN, NaN]","[0.0136986301369863, 0.0136986301369863, 0.0410958904109589, 0.0547945205479452, 0.0136986301369863, 0.0821917808219178, 0.0136986301369863, 0.0273972602739726, 0.0684931506849315, 0.1232876712328767, 0.2328767123287671, 0.2876712328767123, 0.0273972602739726]",0.3889,0.4241,0.9833,0.4594
openmrg,radar,steps,gauges,60,60,0.5886,0.7376,"[0.004166666666666667, NaN, NaN, NaN, NaN, NaN, NaN, NaN, NaN, NaN]","[0.03333333333333333, NaN, NaN, NaN, NaN, NaN, NaN, NaN, NaN, NaN]","[0.038922155688622756, 0.020958083832335328, 0.038922155688622756, 0.03293413173652695, 0.041916167664670656, 0.05389221556886228, 0.03592814371257485, 0.0688622754491018, 0.059880239520958084, 0.09580838323353294, 0.15868263473053892, 0.26646706586826346, 0.08682634730538923]",0.3084,0.8115,2.7160,0.1500
openmrg,radar (LINDA-P subset),steps,gauges,60,10,0.3461,0.6750,"[0.013888888888888888, NaN, NaN, NaN, NaN, NaN, NaN, NaN, NaN, NaN]","[0.03333333333333333, NaN, NaN, NaN, NaN, NaN, NaN, NaN, NaN, NaN]","[0.014925373134328358, 0.014925373134328358, 0.014925373134328358, 0.0, 0.07462686567164178, 0.04477611940298507, 0.04477611940298507, 0.05970149253731343, 0.04477611940298507, 0.07462686567164178, 0.16417910447761194, 0.3582089552238806, 0.08955223880597014]",0.2381,0.5375,0.9698,0.3959
openmrg,radar,steps,gauges,65,52,0.9088,0.7194,"[0.0024999999999999996, NaN, NaN, NaN, NaN, NaN, NaN, NaN, NaN, NaN]","[0.04, NaN, NaN, NaN, NaN, NaN, NaN, NaN, NaN, NaN]","[0.045454545454545456, 0.032467532467532464, 0.025974025974025976, 0.05844155844155844, 0.03571428571428571, 0.045454545454545456, 0.048701298701298704, 0.06818181818181818, 0.08116883116883117, 0.08766233766233766, 0.1331168831168831, 0.2564935064935065, 0.08116883116883117]",0.2524,1.1699,5.2525,0.0456
openmrg,radar (LINDA-P subset),steps,gauges,65,8,0.5662,0.7189,"[0.008333333333333333, NaN, NaN, NaN, NaN, NaN, NaN, NaN, NaN, NaN]","[0.0, NaN, NaN, NaN, NaN, NaN, NaN, NaN, NaN, NaN]","[0.0, 0.03508771929824561, 0.05263157894736842, 0.017543859649122806, 0.03508771929824561, 0.05263157894736842, 0.07017543859649122, 0.03508771929824561, 0.03508771929824561, 0.12280701754385964, 0.17543859649122806, 0.2982456140350877, 0.07017543859649122]",0.1053,0.8725,2.1567,0.2166
openmrg,radar,steps,gauges,70,50,0.4841,0.7504,"[0.0026315789473684206, NaN, NaN, NaN, NaN, NaN, NaN, NaN, NaN, NaN]","[0.021052631578947368, NaN, NaN, NaN, NaN, NaN, NaN, NaN, NaN, NaN]","[0.033444816053511704, 0.030100334448160536, 0.030100334448160536, 0.03678929765886288, 0.05016722408026756, 0.030100334448160536, 0.07023411371237458, 0.07692307692307693, 0.07357859531772576, 0.0903010033444816, 0.1505016722408027, 0.25418060200668896, 0.07357859531772576]",0.2619,0.6954,2.2636,0.1581
openmrg,radar (LINDA-P subset),steps,gauges,70,8,0.4012,0.7879,"[0.004166666666666667, NaN, NaN, NaN, NaN, NaN, NaN, NaN, NaN, NaN]","[0.05, NaN, NaN, NaN, NaN, NaN, NaN, NaN, NaN, NaN]","[0.0, 0.017543859649122806, 0.03508771929824561, 0.0, 0.05263157894736842, 0.10526315789473684, 0.07017543859649122, 0.03508771929824561, 0.07017543859649122, 0.08771929824561403, 0.22807017543859648, 0.24561403508771928, 0.05263157894736842]",0.2353,0.6039,1.7122,0.1557
openmrg,radar,steps,gauges,75,47,0.6434,0.7584,"[0.0029411764705882353, NaN, NaN, NaN, NaN, NaN, NaN, NaN, NaN, NaN]","[0.011764705882352941, NaN, NaN, NaN, NaN, NaN, NaN, NaN, NaN, NaN]","[0.01818181818181818, 0.02909090909090909, 0.02909090909090909, 0.025454545454545455, 0.04, 0.05818181818181818, 0.06545454545454546, 0.04727272727272727, 0.08, 0.12, 0.12, 0.26181818181818184, 0.10545454545454545]",0.3125,0.8252,4.4391,0.0972
openmrg,radar (LINDA-P subset),steps,gauges,75,7,0.5223,0.6943,"[0.0, NaN, NaN, NaN, NaN, NaN, NaN, NaN, NaN, NaN]","[0.0, NaN, NaN, NaN, NaN, NaN, NaN, NaN, NaN, NaN]","[0.0, 0.02040816326530612, 0.061224489795918366, 0.02040816326530612, 0.02040816326530612, 0.12244897959183673, 0.04081632653061224, 0.04081632653061224, 0.10204081632653061, 0.08163265306122448, 0.12244897959183673, 0.2653061224489796, 0.10204081632653061]",0.1111,0.7904,2.0376,0.0092
openmrg,radar,steps,gauges,80,47,0.6675,0.7002,"[0.005555555555555555, NaN, NaN, NaN, NaN, NaN, NaN, NaN, NaN, NaN]","[0.03888888888888889, NaN, NaN, NaN, NaN, NaN, NaN, NaN, NaN, NaN]","[0.011278195488721804, 0.02631578947368421, 0.015037593984962405, 0.022556390977443608, 0.05263157894736842, 0.03759398496240601, 0.04887218045112782, 0.07142857142857142, 0.10902255639097744, 0.06766917293233082, 0.18045112781954886, 0.24812030075187969, 0.10902255639097744]",0.2024,0.8368,2.8593,0.1634
openmrg,radar (LINDA-P subset),steps,gauges,80,7,0.5874,0.7270,"[0.016666666666666666, NaN, NaN, NaN, NaN, NaN, NaN, NaN, NaN, NaN]","[0.0, NaN, NaN, NaN, NaN, NaN, NaN, NaN, NaN, NaN]","[0.0, 0.02040816326530612, 0.0, 0.061224489795918366, 0.04081632653061224, 0.04081632653061224, 0.08163265306122448, 0.08163265306122448, 0.14285714285714285, 0.061224489795918366, 0.1836734693877551, 0.1836734693877551, 0.10204081632653061]",0.1765,0.8333,1.8881,0.1243
openmrg,radar,steps,gauges,85,42,0.8060,0.6700,"[0.008333333333333333, NaN, NaN, NaN, NaN, NaN, NaN, NaN, NaN, NaN]","[0.031578947368421054, NaN, NaN, NaN, NaN, NaN, NaN, NaN, NaN, NaN]","[0.0, 0.01824817518248175, 0.029197080291970802, 0.0364963503649635, 0.0364963503649635, 0.05474452554744526, 0.06204379562043796, 0.040145985401459854, 0.08029197080291971, 0.10948905109489052, 0.1386861313868613, 0.2773722627737226, 0.11678832116788321]",0.2069,0.9938,3.9283,0.0931
openmrg,radar (LINDA-P subset),steps,gauges,85,6,0.5746,0.7037,"[0.01944444444444444, NaN, NaN, NaN, NaN, NaN, NaN, NaN, NaN, NaN]","[0.0, NaN, NaN, NaN, NaN, NaN, NaN, NaN, NaN, NaN]","[0.0, 0.0, 0.038461538461538464, 0.07692307692307693, 0.019230769230769232, 0.07692307692307693, 0.15384615384615385, 0.019230769230769232, 0.038461538461538464, 0.09615384615384616, 0.11538461538461539, 0.2692307692307692, 0.09615384615384616]",0.1333,0.8609,1.8231,0.1836
openmrg,radar,steps,gauges,90,41,0.6234,0.6892,"[0.007291666666666666, NaN, NaN, NaN, NaN, NaN, NaN, NaN, NaN, NaN]","[0.0, NaN, NaN, NaN, NaN, NaN, NaN, NaN, NaN, NaN]","[0.003745318352059925, 0.026217228464419477, 0.026217228464419477, 0.0299625468164794, 0.033707865168539325, 0.0449438202247191, 0.0449438202247191, 0.07865168539325842, 0.08239700374531835, 0.10861423220973783, 0.1647940074906367, 0.24719101123595505, 0.10861423220973783]",0.2024,0.8167,2.6095,0.1756
openmrg,radar (LINDA-P subset),steps,gauges,90,6,0.6333,0.6590,"[0.004166666666666667, NaN, NaN, NaN, NaN, NaN, NaN, NaN, NaN, NaN]","[0.0, NaN, NaN, NaN, NaN, NaN, NaN, NaN, NaN, NaN]","[0.0, 0.0196078431372549, 0.0196078431372549, 0.0392156862745098, 0.058823529411764705, 0.0784313725490196, 0.0784313725490196, 0.09803921568627451, 0.13725490196078433, 0.0784313725490196, 0.11764705882352941, 0.17647058823529413, 0.09803921568627451]",0.2632,0.8710,2.6518,0.2659
openmrg,radar,linda_p,gauges,5,24,1.3050,0.7415,"[0.0, NaN, NaN, NaN, NaN, NaN, NaN, NaN, NaN, 0.9666666666666666]","[0.05, NaN, NaN, NaN, NaN, NaN, NaN, NaN, NaN, 1.0]","[0.4357142857142857, 0.04285714285714286, 0.014285714285714285, 0.02142857142857143, 0.007142857142857143, 0.02857142857142857, 0.014285714285714285, 0.007142857142857143, 0.06428571428571428, 0.02857142857142857, 0.07142857142857142, 0.05, 0.21428571428571427]",0.4203,1.4828,6.1869,0.2153
openmrg,radar (LINDA-P subset),linda_p,gauges,5,24,1.3050,0.7415,"[0.0, NaN, NaN, NaN, NaN, NaN, NaN, NaN, NaN, 0.9666666666666666]","[0.05, NaN, NaN, NaN, NaN, NaN, NaN, NaN, NaN, 1.0]","[0.4357142857142857, 0.04285714285714286, 0.014285714285714285, 0.02142857142857143, 0.007142857142857143, 0.02857142857142857, 0.014285714285714285, 0.007142857142857143, 0.06428571428571428, 0.02857142857142857, 0.07142857142857142, 0.05, 0.21428571428571427]",0.4203,1.4828,6.1869,0.2153
openmrg,radar,linda_p,gauges,10,24,0.8850,0.7489,"[0.0, NaN, NaN, NaN, NaN, NaN, NaN, NaN, NaN, NaN]","[0.045454545454545456, NaN, NaN, NaN, NaN, NaN, NaN, NaN, NaN, NaN]","[0.3870967741935484, 0.03225806451612903, 0.03225806451612903, 0.025806451612903226, 0.01935483870967742, 0.01935483870967742, 0.025806451612903226, 0.05806451612903226, 0.025806451612903226, 0.05161290322580645, 0.07096774193548387, 0.0967741935483871, 0.15483870967741936]",0.2778,1.1989,3.8830,0.0831
openmrg,radar (LINDA-P subset),linda_p,gauges,10,24,0.8850,0.7489,"[0.0, NaN, NaN, NaN, NaN, NaN, NaN, NaN, NaN, NaN]","[0.045454545454545456, NaN, NaN, NaN, NaN, NaN, NaN, NaN, NaN, NaN]","[0.3870967741935484, 0.03225806451612903, 0.03225806451612903, 0.025806451612903226, 0.01935483870967742, 0.01935483870967742, 0.025806451612903226, 0.05806451612903226, 0.025806451612903226, 0.05161290322580645, 0.07096774193548387, 0.0967741935483871, 0.15483870967741936]",0.2778,1.1989,3.8830,0.0831
openmrg,radar,linda_p,gauges,15,24,1.0772,0.7864,"[0.0015151515151515152, NaN, NaN, NaN, NaN, NaN, NaN, NaN, NaN, 1.0]","[0.00909090909090909, NaN, NaN, NaN, NaN, NaN, NaN, NaN, NaN, 1.0]","[0.34459459459459457, 0.060810810810810814, 0.05405405405405406, 0.033783783783783786, 0.02027027027027027, 0.006756756756756757, 0.02027027027027027, 0.02702702702702703, 0.05405405405405406, 0.05405405405405406, 0.033783783783783786, 0.11486486486486487, 0.17567567567567569]",0.3333,1.3611,6.2058,0.0595
openmrg,radar (LINDA-P subset),linda_p,gauges,15,24,1.0772,0.7864,"[0.0015151515151515152, NaN, NaN, NaN, NaN, NaN, NaN, NaN, NaN, 1.0]","[0.00909090909090909, NaN, NaN, NaN, NaN, NaN, NaN, NaN, NaN, 1.0]","[0.34459459459459457, 0.060810810810810814, 0.05405405405405406, 0.033783783783783786, 0.02027027027027027, 0.006756756756756757, 0.02027027027027027, 0.02702702702702703, 0.05405405405405406, 0.05405405405405406, 0.033783783783783786, 0.11486486486486487, 0.17567567567567569]",0.3333,1.3611,6.2058,0.0595
openmrg,radar,linda_p,gauges,20,24,0.9363,0.6821,"[0.0008333333333333333, NaN, NaN, NaN, NaN, NaN, NaN, NaN, NaN, 1.0]","[0.1, NaN, NaN, NaN, NaN, NaN, NaN, NaN, NaN, 1.0]","[0.3051948051948052, 0.09740259740259741, 0.045454545454545456, 0.05194805194805195, 0.01948051948051948, 0.006493506493506494, 0.025974025974025976, 0.045454545454545456, 0.045454545454545456, 0.03896103896103896, 0.045454545454545456, 0.08441558441558442, 0.18831168831168832]",0.2568,1.2339,3.4264,0.0974
openmrg,radar (LINDA-P subset),linda_p,gauges,20,24,0.9363,0.6821,"[0.0008333333333333333, NaN, NaN, NaN, NaN, NaN, NaN, NaN, NaN, 1.0]","[0.1, NaN, NaN, NaN, NaN, NaN, NaN, NaN, NaN, 1.0]","[0.3051948051948052, 0.09740259740259741, 0.045454545454545456, 0.05194805194805195, 0.01948051948051948, 0.006493506493506494, 0.025974025974025976, 0.045454545454545456, 0.045454545454545456, 0.03896103896103896, 0.045454545454545456, 0.08441558441558442, 0.18831168831168832]",0.2568,1.2339,3.4264,0.0974
openmrg,radar,linda_p,gauges,25,24,0.9865,0.6992,"[0.0, NaN, NaN, NaN, NaN, NaN, NaN, NaN, NaN, 1.0]","[0.022222222222222223, NaN, NaN, NaN, NaN, NaN, NaN, NaN, NaN, 0.9]","[0.34965034965034963, 0.1048951048951049, 0.027972027972027972, 0.07692307692307693, 0.013986013986013986, 0.04895104895104895, 0.027972027972027972, 0.04895104895104895, 0.03496503496503497, 0.06293706293706294, 0.03496503496503497, 0.03496503496503497, 0.13286713286713286]",0.2742,1.3376,3.5706,0.1018
openmrg,radar (LINDA-P subset),linda_p,gauges,25,24,0.9865,0.6992,"[0.0, NaN, NaN, NaN, NaN, NaN, NaN, NaN, NaN, 1.0]","[0.022222222222222223, NaN, NaN, NaN, NaN, NaN, NaN, NaN, NaN, 0.9]","[0.34965034965034963, 0.1048951048951049, 0.027972027972027972, 0.07692307692307693, 0.013986013986013986, 0.04895104895104895, 0.027972027972027972, 0.04895104895104895, 0.03496503496503497, 0.06293706293706294, 0.03496503496503497, 0.03496503496503497, 0.13286713286713286]",0.2742,1.3376,3.5706,0.1018
openmrg,radar,linda_p,gauges,30,22,0.7898,0.8332,"[0.0010416666666666667, NaN, NaN, NaN, NaN, NaN, NaN, NaN, NaN, 0.9916666666666666]","[0.025, NaN, NaN, NaN, NaN, NaN, NaN, NaN, NaN, 1.0]","[0.3582089552238806, 0.07462686567164178, 0.07462686567164178, 0.05970149253731343, 0.05223880597014925, 0.007462686567164179, 0.029850746268656716, 0.03731343283582089, 0.08955223880597014, 0.06716417910447761, 0.05223880597014925, 0.05223880597014925, 0.04477611940298507]",0.3333,1.2004,3.0739,0.2970
openmrg,radar (LINDA-P subset),linda_p,gauges,30,22,0.7898,0.8332,"[0.0010416666666666667, NaN, NaN, NaN, NaN, NaN, NaN, NaN, NaN, 0.9916666666666666]","[0.025, NaN, NaN, NaN, NaN, NaN, NaN, NaN, NaN, 1.0]","[0.3582089552238806, 0.07462686567164178, 0.07462686567164178, 0.05970149253731343, 0.05223880597014925, 0.007462686567164179, 0.029850746268656716, 0.03731343283582089, 0.08955223880597014, 0.06716417910447761, 0.05223880597014925, 0.05223880597014925, 0.04477611940298507]",0.3333,1.2004,3.0739,0.2970
openmrg,radar,linda_p,gauges,35,21,0.8739,0.7901,"[0.0011904761904761904, NaN, NaN, NaN, NaN, NaN, NaN, NaN, NaN, 0.9749999999999999]","[0.04285714285714286, NaN, NaN, NaN, NaN, NaN, NaN, NaN, NaN, 1.0]","[0.27586206896551724, 0.12931034482758622, 0.034482758620689655, 0.0603448275862069, 0.05172413793103448, 0.04310344827586207, 0.0603448275862069, 0.034482758620689655, 0.04310344827586207, 0.034482758620689655, 0.06896551724137931, 0.06896551724137931, 0.09482758620689655]",0.4082,1.2564,3.0128,0.2823
openmrg,radar (LINDA-P subset),linda_p,gauges,35,21,0.8739,0.7901,"[0.0011904761904761904, NaN, NaN, NaN, NaN, NaN, NaN, NaN, NaN, 0.9749999999999999]","[0.04285714285714286, NaN, NaN, NaN, NaN, NaN, NaN, NaN, NaN, 1.0]","[0.27586206896551724, 0.12931034482758622, 0.034482758620689655, 0.0603448275862069, 0.05172413793103448, 0.04310344827586207, 0.0603448275862069, 0.034482758620689655, 0.04310344827586207, 0.034482758620689655, 0.06896551724137931, 0.06896551724137931, 0.09482758620689655]",0.4082,1.2564,3.0128,0.2823
openmrg,radar,linda_p,gauges,40,20,0.8559,0.8816,"[0.0, NaN, NaN, NaN, NaN, NaN, NaN, NaN, NaN, NaN]","[0.0, NaN, NaN, NaN, NaN, NaN, NaN, NaN, NaN, NaN]","[0.1523809523809524, 0.2, 0.0380952380952381, 0.05714285714285714, 0.05714285714285714, 0.009523809523809525, 0.01904761904761905, 0.06666666666666667, 0.0761904761904762, 0.0761904761904762, 0.0380952380952381, 0.1523809523809524, 0.05714285714285714]",0.5227,1.2929,3.0597,0.4366
openmrg,radar (LINDA-P subset),linda_p,gauges,40,20,0.8559,0.8816,"[0.0, NaN, NaN, NaN, NaN, NaN, NaN, NaN, NaN, NaN]","[0.0, NaN, NaN, NaN, NaN, NaN, NaN, NaN, NaN, NaN]","[0.1523809523809524, 0.2, 0.0380952380952381, 0.05714285714285714, 0.05714285714285714, 0.009523809523809525, 0.01904761904761905, 0.06666666666666667, 0.0761904761904762, 0.0761904761904762, 0.0380952380952381, 0.1523809523809524, 0.05714285714285714]",0.5227,1.2929,3.0597,0.4366
openmrg,radar,linda_p,gauges,45,17,0.8351,0.8948,"[0.0016666666666666666, NaN, NaN, NaN, NaN, NaN, NaN, NaN, NaN, 1.0]","[0.0, NaN, NaN, NaN, NaN, NaN, NaN, NaN, NaN, 0.4]","[0.11363636363636363, 0.1590909090909091, 0.06818181818181818, 0.11363636363636363, 0.056818181818181816, 0.03409090909090909, 0.06818181818181818, 0.011363636363636364, 0.03409090909090909, 0.09090909090909091, 0.056818181818181816, 0.09090909090909091, 0.10227272727272728]",0.5500,1.2493,2.8719,0.4551
openmrg,radar (LINDA-P subset),linda_p,gauges,45,17,0.8351,0.8948,"[0.0016666666666666666, NaN, NaN, NaN, NaN, NaN, NaN, NaN, NaN, 1.0]","[0.0, NaN, NaN, NaN, NaN, NaN, NaN, NaN, NaN, 0.4]","[0.11363636363636363, 0.1590909090909091, 0.06818181818181818, 0.11363636363636363, 0.056818181818181816, 0.03409090909090909, 0.06818181818181818, 0.011363636363636364, 0.03409090909090909, 0.09090909090909091, 0.056818181818181816, 0.09090909090909091, 0.10227272727272728]",0.5500,1.2493,2.8719,0.4551
openmrg,radar,linda_p,gauges,50,15,0.8466,0.8410,"[0.0020833333333333333, NaN, NaN, NaN, NaN, NaN, NaN, NaN, NaN, 0.9916666666666666]","[0.0, NaN, NaN, NaN, NaN, NaN, NaN, NaN, NaN, 0.2]","[0.15, 0.1, 0.05, 0.0625, 0.075, 0.0375, 0.025, 0.0875, 0.1, 0.05, 0.1, 0.0875, 0.075]",0.4688,1.2805,3.1666,0.2713
openmrg,radar (LINDA-P subset),linda_p,gauges,50,15,0.8466,0.8410,"[0.0020833333333333333, NaN, NaN, NaN, NaN, NaN, NaN, NaN, NaN, 0.9916666666666666]","[0.0, NaN, NaN, NaN, NaN, NaN, NaN, NaN, NaN, 0.2]","[0.15, 0.1, 0.05, 0.0625, 0.075, 0.0375, 0.025, 0.0875, 0.1, 0.05, 0.1, 0.0875, 0.075]",0.4688,1.2805,3.1666,0.2713
openmrg,radar,linda_p,gauges,55,13,0.6893,0.8150,"[0.0, NaN, NaN, NaN, NaN, NaN, NaN, NaN, NaN, 0.9916666666666666]","[0.025, NaN, NaN, NaN, NaN, NaN, NaN, NaN, NaN, 0.2]","[0.13432835820895522, 0.08955223880597014, 0.1044776119402985, 0.029850746268656716, 0.04477611940298507, 0.04477611940298507, 0.029850746268656716, 0.05970149253731343, 0.04477611940298507, 0.13432835820895522, 0.1044776119402985, 0.11940298507462686, 0.05970149253731343]",0.3333,1.1807,3.2108,0.2086
openmrg,radar (LINDA-P subset),linda_p,gauges,55,13,0.6893,0.8150,"[0.0, NaN, NaN, NaN, NaN, NaN, NaN, NaN, NaN, 0.9916666666666666]","[0.025, NaN, NaN, NaN, NaN, NaN, NaN, NaN, NaN, 0.2]","[0.13432835820895522, 0.08955223880597014, 0.1044776119402985, 0.029850746268656716, 0.04477611940298507, 0.04477611940298507, 0.029850746268656716, 0.05970149253731343, 0.04477611940298507, 0.13432835820895522, 0.1044776119402985, 0.11940298507462686, 0.05970149253731343]",0.3333,1.1807,3.2108,0.2086
openmrg,radar,linda_p,gauges,60,10,0.7546,0.7995,"[0.0020833333333333333, NaN, NaN, NaN, NaN, NaN, NaN, NaN, NaN, 0.9666666666666666]","[0.075, NaN, NaN, NaN, NaN, NaN, NaN, NaN, NaN, 0.4]","[0.09375, 0.140625, 0.109375, 0.03125, 0.078125, 0.046875, 0.015625, 0.03125, 0.0625, 0.09375, 0.109375, 0.109375, 0.078125]",0.3750,1.1879,2.7356,0.4068
openmrg,radar (LINDA-P subset),linda_p,gauges,60,10,0.7546,0.7995,"[0.0020833333333333333, NaN, NaN, NaN, NaN, NaN, NaN, NaN, NaN, 0.9666666666666666]","[0.075, NaN, NaN, NaN, NaN, NaN, NaN, NaN, NaN, 0.4]","[0.09375, 0.140625, 0.109375, 0.03125, 0.078125, 0.046875, 0.015625, 0.03125, 0.0625, 0.09375, 0.109375, 0.109375, 0.078125]",0.3750,1.1879,2.7356,0.4068
openmrg,radar,linda_p,gauges,65,8,0.8803,0.8303,"[0.0, NaN, NaN, NaN, NaN, NaN, NaN, NaN, NaN, 0.9333333333333332]","[0.03333333333333333, NaN, NaN, NaN, NaN, NaN, NaN, NaN, NaN, 0.5]","[0.046153846153846156, 0.2, 0.07692307692307693, 0.07692307692307693, 0.07692307692307693, 0.046153846153846156, 0.046153846153846156, 0.03076923076923077, 0.09230769230769231, 0.09230769230769231, 0.09230769230769231, 0.046153846153846156, 0.07692307692307693]",0.3636,1.3822,2.9205,0.3103
openmrg,radar (LINDA-P subset),linda_p,gauges,65,8,0.8803,0.8303,"[0.0, NaN, NaN, NaN, NaN, NaN, NaN, NaN, NaN, 0.9333333333333332]","[0.03333333333333333, NaN, NaN, NaN, NaN, NaN, NaN, NaN, NaN, 0.5]","[0.046153846153846156, 0.2, 0.07692307692307693, 0.07692307692307693, 0.07692307692307693, 0.046153846153846156, 0.046153846153846156, 0.03076923076923077, 0.09230769230769231, 0.09230769230769231, 0.09230769230769231, 0.046153846153846156, 0.07692307692307693]",0.3636,1.3822,2.9205,0.3103
openmrg,radar,linda_p,gauges,70,8,0.8948,0.7863,"[0.0027777777777777775, NaN, NaN, NaN, NaN, NaN, NaN, NaN, NaN, NaN]","[0.03333333333333333, NaN, NaN, NaN, NaN, NaN, NaN, NaN, NaN, NaN]","[0.0, 0.1774193548387097, 0.12903225806451613, 0.0967741935483871, 0.0967741935483871, 0.06451612903225806, 0.08064516129032258, 0.04838709677419355, 0.08064516129032258, 0.08064516129032258, 0.04838709677419355, 0.04838709677419355, 0.04838709677419355]",0.4000,1.4403,3.1356,0.1261
openmrg,radar (LINDA-P subset),linda_p,gauges,70,8,0.8948,0.7863,"[0.0027777777777777775, NaN, NaN, NaN, NaN, NaN, NaN, NaN, NaN, NaN]","[0.03333333333333333, NaN, NaN, NaN, NaN, NaN, NaN, NaN, NaN, NaN]","[0.0, 0.1774193548387097, 0.12903225806451613, 0.0967741935483871, 0.0967741935483871, 0.06451612903225806, 0.08064516129032258, 0.04838709677419355, 0.08064516129032258, 0.08064516129032258, 0.04838709677419355, 0.04838709677419355, 0.04838709677419355]",0.4000,1.4403,3.1356,0.1261
openmrg,radar,linda_p,gauges,75,7,0.9023,0.7638,"[0.01111111111111111, NaN, NaN, NaN, NaN, NaN, NaN, NaN, NaN, NaN]","[0.03333333333333333, NaN, NaN, NaN, NaN, NaN, NaN, NaN, NaN, NaN]","[0.0, 0.16666666666666666, 0.15, 0.06666666666666667, 0.1, 0.1, 0.06666666666666667, 0.03333333333333333, 0.05, 0.06666666666666667, 0.03333333333333333, 0.11666666666666667, 0.05]",0.3043,1.4127,2.7834,0.1390
openmrg,radar (LINDA-P subset),linda_p,gauges,75,7,0.9023,0.7638,"[0.01111111111111111, NaN, NaN, NaN, NaN, NaN, NaN, NaN, NaN, NaN]","[0.03333333333333333, NaN, NaN, NaN, NaN, NaN, NaN, NaN, NaN, NaN]","[0.0, 0.16666666666666666, 0.15, 0.06666666666666667, 0.1, 0.1, 0.06666666666666667, 0.03333333333333333, 0.05, 0.06666666666666667, 0.03333333333333333, 0.11666666666666667, 0.05]",0.3043,1.4127,2.7834,0.1390
openmrg,radar,linda_p,gauges,80,7,0.9505,0.7789,"[0.008333333333333333, NaN, NaN, NaN, NaN, NaN, NaN, NaN, NaN, NaN]","[0.0, NaN, NaN, NaN, NaN, NaN, NaN, NaN, NaN, NaN]","[0.0, 0.15, 0.08333333333333333, 0.11666666666666667, 0.05, 0.13333333333333333, 0.08333333333333333, 0.016666666666666666, 0.03333333333333333, 0.08333333333333333, 0.08333333333333333, 0.08333333333333333, 0.08333333333333333]",0.3333,1.5933,3.0235,0.1071
openmrg,radar (LINDA-P subset),linda_p,gauges,80,7,0.9505,0.7789,"[0.008333333333333333, NaN, NaN, NaN, NaN, NaN, NaN, NaN, NaN, NaN]","[0.0, NaN, NaN, NaN, NaN, NaN, NaN, NaN, NaN, NaN]","[0.0, 0.15, 0.08333333333333333, 0.11666666666666667, 0.05, 0.13333333333333333, 0.08333333333333333, 0.016666666666666666, 0.03333333333333333, 0.08333333333333333, 0.08333333333333333, 0.08333333333333333, 0.08333333333333333]",0.3333,1.5933,3.0235,0.1071
openmrg,radar,linda_p,gauges,85,6,0.9311,0.7963,"[0.013888888888888888, NaN, NaN, NaN, NaN, NaN, NaN, NaN, NaN, NaN]","[0.0, NaN, NaN, NaN, NaN, NaN, NaN, NaN, NaN, NaN]","[0.0, 0.08333333333333333, 0.11666666666666667, 0.08333333333333333, 0.11666666666666667, 0.13333333333333333, 0.05, 0.03333333333333333, 0.11666666666666667, 0.1, 0.08333333333333333, 0.05, 0.03333333333333333]",0.3000,1.4376,2.7950,0.2446
openmrg,radar (LINDA-P subset),linda_p,gauges,85,6,0.9311,0.7963,"[0.013888888888888888, NaN, NaN, NaN, NaN, NaN, NaN, NaN, NaN, NaN]","[0.0, NaN, NaN, NaN, NaN, NaN, NaN, NaN, NaN, NaN]","[0.0, 0.08333333333333333, 0.11666666666666667, 0.08333333333333333, 0.11666666666666667, 0.13333333333333333, 0.05, 0.03333333333333333, 0.11666666666666667, 0.1, 0.08333333333333333, 0.05, 0.03333333333333333]",0.3000,1.4376,2.7950,0.2446
openmrg,radar,linda_p,gauges,90,6,0.9273,0.7750,"[0.0, NaN, NaN, NaN, NaN, NaN, NaN, NaN, NaN, NaN]","[0.0, NaN, NaN, NaN, NaN, NaN, NaN, NaN, NaN, NaN]","[0.0, 0.06666666666666667, 0.08333333333333333, 0.08333333333333333, 0.18333333333333332, 0.1, 0.06666666666666667, 0.1, 0.03333333333333333, 0.08333333333333333, 0.13333333333333333, 0.016666666666666666, 0.05]",0.4375,1.4731,3.0920,0.3145
openmrg,radar (LINDA-P subset),linda_p,gauges,90,6,0.9273,0.7750,"[0.0, NaN, NaN, NaN, NaN, NaN, NaN, NaN, NaN, NaN]","[0.0, NaN, NaN, NaN, NaN, NaN, NaN, NaN, NaN, NaN]","[0.0, 0.06666666666666667, 0.08333333333333333, 0.08333333333333333, 0.18333333333333332, 0.1, 0.06666666666666667, 0.1, 0.03333333333333333, 0.08333333333333333, 0.13333333333333333, 0.016666666666666666, 0.05]",0.4375,1.4731,3.0920,0.3145
openmrg,cml_idw10,steps,gauges,5,63,0.8726,0.8487,"[0.0, NaN, NaN, NaN, NaN, NaN, NaN, NaN, NaN, 1.0]","[0.047058823529411764, NaN, NaN, NaN, NaN, NaN, NaN, NaN, NaN, 0.9333333333333333]","[0.4697674418604651, 0.05581395348837209, 0.009302325581395349, 0.018604651162790697, 0.013953488372093023, 0.013953488372093023, 0.013953488372093023, 0.018604651162790697, 0.023255813953488372, 0.05581395348837209, 0.023255813953488372, 0.04186046511627907, 0.24186046511627907]",0.5739,1.0471,3.1622,0.3989
openmrg,cml_idw10,steps,gauges,10,63,0.6974,0.8301,"[0.0, NaN, NaN, NaN, NaN, NaN, NaN, NaN, NaN, 0.9958333333333332]","[0.03529411764705882, NaN, NaN, NaN, NaN, NaN, NaN, NaN, NaN, 0.925]","[0.35, 0.045454545454545456, 0.031818181818181815, 0.045454545454545456, 0.022727272727272728, 0.04090909090909091, 0.03636363636363636, 0.02727272727272727, 0.013636363636363636, 0.02727272727272727, 0.03636363636363636, 0.05909090909090909, 0.2636363636363636]",0.5307,0.8816,2.3569,0.5274
openmrg,cml_idw10,steps,gauges,15,63,0.7842,0.8154,"[0.0, NaN, NaN, NaN, NaN, NaN, NaN, NaN, NaN, 0.9972222222222221]","[0.02727272727272727, NaN, NaN, NaN, NaN, NaN, NaN, NaN, NaN, 0.8666666666666667]","[0.35585585585585583, 0.06306306306306306, 0.02252252252252252, 0.03153153153153153, 0.013513513513513514, 0.05405405405405406, 0.013513513513513514, 0.013513513513513514, 0.036036036036036036, 0.02702702702702703, 0.03153153153153153, 0.06306306306306306, 0.2747747747747748]",0.5087,0.9903,2.4254,0.4847
openmrg,cml_idw10,steps,gauges,20,62,0.7565,0.8106,"[0.0002525252525252525, NaN, NaN, NaN, NaN, NaN, NaN, NaN, NaN, 0.9958333333333332]","[0.024242424242424242, NaN, NaN, NaN, NaN, NaN, NaN, NaN, NaN, 0.925]","[0.32751091703056767, 0.05240174672489083, 0.034934497816593885, 0.039301310043668124, 0.017467248908296942, 0.017467248908296942, 0.026200873362445413, 0.021834061135371178, 0.03056768558951965, 0.034934497816593885, 0.048034934497816595, 0.1091703056768559, 0.24017467248908297]",0.4852,0.9368,2.4548,0.4549
openmrg,cml_idw10,steps,gauges,25,61,0.8258,0.7793,"[0.0002777777777777778, NaN, NaN, NaN, NaN, NaN, NaN, NaN, NaN, 0.9916666666666665]","[0.03333333333333333, NaN, NaN, NaN, NaN, NaN, NaN, NaN, NaN, 0.675]","[0.2838427947598253, 0.06550218340611354, 0.03056768558951965, 0.039301310043668124, 0.03056768558951965, 0.021834061135371178, 0.017467248908296942, 0.034934497816593885, 0.017467248908296942, 0.017467248908296942, 0.048034934497816595, 0.10043668122270742, 0.2925764192139738]",0.4431,1.0189,2.6338,0.4528
openmrg,cml_idw10,steps,gauges,30,61,0.8727,0.7598,"[0.0011111111111111111, NaN, NaN, NaN, NaN, NaN, NaN, NaN, NaN, 0.9916666666666666]","[0.03, NaN, NaN, NaN, NaN, NaN, NaN, NaN, NaN, 0.6]","[0.2916666666666667, 0.0625, 0.0375, 0.016666666666666666, 0.029166666666666667, 0.020833333333333332, 0.03333333333333333, 0.041666666666666664, 0.041666666666666664, 0.029166666666666667, 0.05416666666666667, 0.125, 0.21666666666666667]",0.3727,1.0609,2.7998,0.3682
openmrg,cml_idw10,steps,gauges,35,61,0.7641,0.7641,"[0.0020114942528735628, NaN, NaN, NaN, NaN, NaN, NaN, NaN, NaN, 0.9958333333333332]","[0.03793103448275862, NaN, NaN, NaN, NaN, NaN, NaN, NaN, NaN, 0.55]","[0.2530612244897959, 0.05714285714285714, 0.04081632653061224, 0.0163265306122449, 0.0326530612244898, 0.0326530612244898, 0.0326530612244898, 0.024489795918367346, 0.036734693877551024, 0.061224489795918366, 0.0653061224489796, 0.11020408163265306, 0.23673469387755103]",0.4072,0.9435,2.2690,0.4130
openmrg,cml_idw10,steps,gauges,40,59,0.6986,0.7972,"[0.0026785714285714286, NaN, NaN, NaN, NaN, NaN, NaN, NaN, NaN, 0.9833333333333333]","[0.039285714285714285, NaN, NaN, NaN, NaN, NaN, NaN, NaN, NaN, 0.6666666666666666]","[0.2320675105485232, 0.05485232067510549, 0.07172995780590717, 0.03375527426160337, 0.03375527426160337, 0.029535864978902954, 0.029535864978902954, 0.029535864978902954, 0.02109704641350211, 0.04219409282700422, 0.05485232067510549, 0.1518987341772152, 0.21518987341772153]",0.4452,0.8957,2.2028,0.4299
openmrg,cml_idw10,steps,gauges,45,59,0.7903,0.7613,"[0.002083333333333333, NaN, NaN, NaN, NaN, NaN, NaN, NaN, NaN, 0.9916666666666666]","[0.04642857142857143, NaN, NaN, NaN, NaN, NaN, NaN, NaN, NaN, 0.6666666666666666]","[0.2217741935483871, 0.056451612903225805, 0.06451612903225806, 0.012096774193548387, 0.028225806451612902, 0.020161290322580645, 0.024193548387096774, 0.04435483870967742, 0.028225806451612902, 0.04838709677419355, 0.056451612903225805, 0.14112903225806453, 0.2540322580645161]",0.4035,0.9811,2.7574,0.2660
openmrg,cml_idw10,steps,gauges,50,58,0.8609,0.7659,"[0.0016025641025641025, NaN, NaN, NaN, NaN, NaN, NaN, NaN, NaN, 0.9958333333333332]","[0.023076923076923078, NaN, NaN, NaN, NaN, NaN, NaN, NaN, NaN, 0.55]","[0.2134387351778656, 0.07114624505928854, 0.05533596837944664, 0.019762845849802372, 0.03162055335968379, 0.03162055335968379, 0.007905138339920948, 0.03557312252964427, 0.023715415019762844, 0.05928853754940711, 0.06324110671936758, 0.18181818181818182, 0.20553359683794467]",0.4024,1.0753,3.0221,0.2060
openmrg,cml_idw10,steps,gauges,55,57,0.8376,0.7812,"[0.001, NaN, NaN, NaN, NaN, NaN, NaN, NaN, NaN, 0.986111111111111]","[0.02, NaN, NaN, NaN, NaN, NaN, NaN, NaN, NaN, 0.6666666666666666]","[0.23255813953488372, 0.04263565891472868, 0.031007751937984496, 0.046511627906976744, 0.03488372093023256, 0.023255813953488372, 0.023255813953488372, 0.03488372093023256, 0.023255813953488372, 0.050387596899224806, 0.05426356589147287, 0.21705426356589147, 0.18604651162790697]",0.4000,1.0574,2.5866,0.2646
openmrg,cml_idw10,steps,gauges,60,57,0.8716,0.7671,"[0.0019230769230769232, NaN, NaN, NaN, NaN, NaN, NaN, NaN, NaN, 0.9944444444444444]","[0.05384615384615385, NaN, NaN, NaN, NaN, NaN, NaN, NaN, NaN, 0.6]","[0.2364341085271318, 0.046511627906976744, 0.06589147286821706, 0.031007751937984496, 0.04263565891472868, 0.011627906976744186, 0.031007751937984496, 0.050387596899224806, 0.023255813953488372, 0.046511627906976744, 0.05426356589147287, 0.18992248062015504, 0.17054263565891473]",0.3713,1.1086,3.0501,0.1722
openmrg,cml_idw10,steps,gauges,65,56,1.0021,0.7351,"[0.001, NaN, NaN, NaN, NaN, NaN, NaN, NaN, NaN, 0.9916666666666667]","[0.024, NaN, NaN, NaN, NaN, NaN, NaN, NaN, NaN, 0.4666666666666667]","[0.20610687022900764, 0.05343511450381679, 0.0648854961832061, 0.04198473282442748, 0.026717557251908396, 0.022900763358778626, 0.030534351145038167, 0.019083969465648856, 0.04580152671755725, 0.05343511450381679, 0.04580152671755725, 0.18702290076335878, 0.20229007633587787]",0.3353,1.2345,4.5237,0.1046
openmrg,cml_idw10,steps,gauges,70,56,0.8316,0.7288,"[0.001, NaN, NaN, NaN, NaN, NaN, NaN, NaN, NaN, 0.9958333333333332]","[0.028, NaN, NaN, NaN, NaN, NaN, NaN, NaN, NaN, 0.15]","[0.2, 0.06153846153846154, 0.057692307692307696, 0.03461538461538462, 0.05, 0.011538461538461539, 0.019230769230769232, 0.019230769230769232, 0.03461538461538462, 0.06923076923076923, 0.06923076923076923, 0.16923076923076924, 0.20384615384615384]",0.3041,1.0636,2.5426,0.2904
openmrg,cml_idw10,steps,gauges,75,56,1.0370,0.6766,"[0.0006666666666666666, NaN, NaN, NaN, NaN, NaN, NaN, NaN, NaN, 0.9916666666666667]","[0.032, NaN, NaN, NaN, NaN, NaN, NaN, NaN, NaN, 0.5333333333333333]","[0.21212121212121213, 0.06439393939393939, 0.041666666666666664, 0.026515151515151516, 0.03787878787878788, 0.022727272727272728, 0.026515151515151516, 0.015151515151515152, 0.015151515151515152, 0.05303030303030303, 0.11363636363636363, 0.125, 0.24621212121212122]",0.2637,1.2881,4.3515,0.1637
openmrg,cml_idw10,steps,gauges,80,56,1.1241,0.6493,"[0.003205128205128205, NaN, NaN, NaN, NaN, NaN, NaN, NaN, NaN, 0.9916666666666666]","[0.04230769230769231, NaN, NaN, NaN, NaN, NaN, NaN, NaN, NaN, 0.5]","[0.20075757575757575, 0.041666666666666664, 0.06439393939393939, 0.030303030303030304, 0.022727272727272728, 0.022727272727272728, 0.022727272727272728, 0.01893939393939394, 0.011363636363636364, 0.06818181818181818, 0.0946969696969697, 0.13257575757575757, 0.2689393939393939]",0.2487,1.3779,3.3717,0.2735
openmrg,cml_idw10,steps,gauges,85,55,1.2812,0.6094,"[0.0006666666666666666, NaN, NaN, NaN, NaN, NaN, NaN, NaN, NaN, 0.9625]","[0.052, NaN, NaN, NaN, NaN, NaN, NaN, NaN, NaN, 0.05]","[0.1969111969111969, 0.06177606177606178, 0.03088803088803089, 0.03474903474903475, 0.03088803088803089, 0.03474903474903475, 0.015444015444015444, 0.011583011583011582, 0.023166023166023165, 0.03474903474903475, 0.09652509652509653, 0.1274131274131274, 0.30115830115830117]",0.2135,1.5533,4.1194,0.2523
openmrg,cml_idw10,steps,gauges,90,55,1.2253,0.5690,"[0.0003333333333333333, NaN, NaN, NaN, NaN, NaN, NaN, NaN, NaN, 0.975]","[0.06, NaN, NaN, NaN, NaN, NaN, NaN, NaN, NaN, 0.0]","[0.18421052631578946, 0.06015037593984962, 0.05263157894736842, 0.018796992481203006, 0.03759398496240601, 0.03383458646616541, 0.018796992481203006, 0.011278195488721804, 0.03007518796992481, 0.03759398496240601, 0.05263157894736842, 0.11278195488721804, 0.34962406015037595]",0.1615,1.5154,3.4086,0.3194
openmrg,cml_idw40,steps,gauges,5,69,0.9729,0.8108,"[0.0002380952380952381, NaN, NaN, NaN, NaN, NaN, NaN, NaN, NaN, 0.9937499999999998]","[0.03142857142857143, NaN, NaN, NaN, NaN, NaN, NaN, NaN, NaN, 1.0]","[0.30916030534351147, 0.07251908396946564, 0.019083969465648856, 0.03816793893129771, 0.03435114503816794, 0.026717557251908396, 0.03435114503816794, 0.015267175572519083, 0.03816793893129771, 0.026717557251908396, 0.04198473282442748, 0.04580152671755725, 0.29770992366412213]",0.5330,1.1598,4.0082,0.3758
openmrg,cml_idw40,steps,gauges,10,67,0.7564,0.8231,"[0.0, NaN, NaN, NaN, NaN, NaN, NaN, NaN, NaN, 0.9770833333333332]","[0.01935483870967742, NaN, NaN, NaN, NaN, NaN, NaN, NaN, NaN, 0.95]","[0.23728813559322035, 0.0576271186440678, 0.0576271186440678, 0.04406779661016949, 0.023728813559322035, 0.05423728813559322, 0.04067796610169491, 0.020338983050847456, 0.04745762711864407, 0.0576271186440678, 0.061016949152542375, 0.08135593220338982, 0.21694915254237288]",0.5357,0.9761,2.6176,0.4618
openmrg,cml_idw40,steps,gauges,15,67,0.8632,0.7903,"[0.0005208333333333333, NaN, NaN, NaN, NaN, NaN, NaN, NaN, NaN, 0.9861111111111109]","[0.01875, NaN, NaN, NaN, NaN, NaN, NaN, NaN, NaN, 0.9666666666666667]","[0.2867132867132867, 0.06293706293706294, 0.04895104895104895, 0.02097902097902098, 0.038461538461538464, 0.027972027972027972, 0.04195804195804196, 0.017482517482517484, 0.038461538461538464, 0.04895104895104895, 0.04895104895104895, 0.0944055944055944, 0.22377622377622378]",0.4348,1.0950,3.9551,0.2903
openmrg,cml_idw40,steps,gauges,20,65,0.8997,0.7586,"[0.0005376344086021505, NaN, NaN, NaN, NaN, NaN, NaN, NaN, NaN, 0.9888888888888888]","[0.02903225806451613, NaN, NaN, NaN, NaN, NaN, NaN, NaN, NaN, 0.9666666666666667]","[0.2777777777777778, 0.09375, 0.05555555555555555, 0.03125, 0.024305555555555556, 0.027777777777777776, 0.020833333333333332, 0.013888888888888888, 0.017361111111111112, 0.024305555555555556, 0.05555555555555555, 0.10416666666666667, 0.2534722222222222]",0.3981,1.1212,2.7558,0.4404
openmrg,cml_idw40,steps,gauges,25,63,0.9960,0.7574,"[0.0, NaN, NaN, NaN, NaN, NaN, NaN, NaN, NaN, 0.9875]","[0.04, NaN, NaN, NaN, NaN, NaN, NaN, NaN, NaN, 1.0]","[0.25517241379310346, 0.11724137931034483, 0.02413793103448276, 0.03793103448275862, 0.006896551724137931, 0.03103448275862069, 0.027586206896551724, 0.027586206896551724, 0.027586206896551724, 0.03103448275862069, 0.07586206896551724, 0.08620689655172414, 0.2517241379310345]",0.3971,1.2137,3.5284,0.4068
openmrg,cml_idw40,steps,gauges,30,63,0.9607,0.6944,"[0.00026881720430107527, NaN, NaN, NaN, NaN, NaN, NaN, NaN, NaN, 0.9916666666666666]","[0.035483870967741936, NaN, NaN, NaN, NaN, NaN, NaN, NaN, NaN, 1.0]","[0.3050847457627119, 0.09491525423728814, 0.0576271186440678, 0.023728813559322035, 0.030508474576271188, 0.023728813559322035, 0.03728813559322034, 0.01694915254237288, 0.02711864406779661, 0.023728813559322035, 0.05084745762711865, 0.1016949152542373, 0.20677966101694914]",0.2745,1.2040,2.9555,0.4411
openmrg,cml_idw40,steps,gauges,35,63,0.8151,0.7005,"[0.0005747126436781609, NaN, NaN, NaN, NaN, NaN, NaN, NaN, NaN, 1.0]","[0.04827586206896552, NaN, NaN, NaN, NaN, NaN, NaN, NaN, NaN, 1.0]","[0.2937062937062937, 0.10839160839160839, 0.08741258741258741, 0.03496503496503497, 0.02097902097902098, 0.02097902097902098, 0.03146853146853147, 0.017482517482517484, 0.013986013986013986, 0.017482517482517484, 0.05244755244755245, 0.0944055944055944, 0.2062937062937063]",0.2687,1.0601,2.6098,0.4061
openmrg,cml_idw40,steps,gauges,40,63,0.8064,0.6965,"[0.0014367816091954023, NaN, NaN, NaN, NaN, NaN, NaN, NaN, NaN, 0.9916666666666667]","[0.041379310344827586, NaN, NaN, NaN, NaN, NaN, NaN, NaN, NaN, 1.0]","[0.2653061224489796, 0.09863945578231292, 0.07482993197278912, 0.04421768707482993, 0.030612244897959183, 0.03741496598639456, 0.013605442176870748, 0.027210884353741496, 0.02040816326530612, 0.034013605442176874, 0.05782312925170068, 0.12585034013605442, 0.17006802721088435]",0.2775,1.0664,2.8821,0.4263
openmrg,cml_idw40,steps,gauges,45,61,0.9553,0.6941,"[0.0020114942528735628, NaN, NaN, NaN, NaN, NaN, NaN, NaN, NaN, 1.0]","[0.05517241379310345, NaN, NaN, NaN, NaN, NaN, NaN, NaN, NaN, 0.9]","[0.30313588850174217, 0.041811846689895474, 0.07317073170731707, 0.0313588850174216, 0.041811846689895474, 0.03484320557491289, 0.0313588850174216, 0.03832752613240418, 0.024390243902439025, 0.013937282229965157, 0.06968641114982578, 0.10452961672473868, 0.1916376306620209]",0.2688,1.1983,3.9771,0.2709
openmrg,cml_idw40,steps,gauges,50,60,1.0297,0.6645,"[0.0026785714285714286, NaN, NaN, NaN, NaN, NaN, NaN, NaN, NaN, 0.9944444444444442]","[0.08214285714285714, NaN, NaN, NaN, NaN, NaN, NaN, NaN, NaN, 1.0]","[0.27208480565371024, 0.0812720848056537, 0.05653710247349823, 0.038869257950530034, 0.02120141342756184, 0.03180212014134275, 0.03180212014134275, 0.0353356890459364, 0.024734982332155476, 0.02120141342756184, 0.04240282685512368, 0.10954063604240283, 0.2332155477031802]",0.2589,1.2924,3.6150,0.2784
openmrg,cml_idw40,steps,gauges,55,59,0.8850,0.6625,"[0.0, NaN, NaN, NaN, NaN, NaN, NaN, NaN, NaN, 0.9944444444444442]","[0.068, NaN, NaN, NaN, NaN, NaN, NaN, NaN, NaN, 0.9333333333333333]","[0.3320754716981132, 0.08679245283018867, 0.045283018867924525, 0.05660377358490566, 0.011320754716981131, 0.01509433962264151, 0.0037735849056603774, 0.033962264150943396, 0.01509433962264151, 0.03773584905660377, 0.05660377358490566, 0.1018867924528302, 0.2037735849056604]",0.2360,1.1396,2.5268,0.2730
openmrg,cml_idw40,steps,gauges,60,58,0.8873,0.6572,"[0.0, NaN, NaN, NaN, NaN, NaN, NaN, NaN, NaN, 0.9972222222222221]","[0.08, NaN, NaN, NaN, NaN, NaN, NaN, NaN, NaN, 0.8]","[0.3235294117647059, 0.09191176470588236, 0.04044117647058824, 0.025735294117647058, 0.04411764705882353, 0.01838235294117647, 0.01838235294117647, 0.007352941176470588, 0.025735294117647058, 0.04411764705882353, 0.0625, 0.10661764705882353, 0.19117647058823528]",0.2197,1.1458,2.8072,0.2540
openmrg,cml_idw40,steps,gauges,65,57,0.8467,0.6666,"[0.0025641025641025645, NaN, NaN, NaN, NaN, NaN, NaN, NaN, NaN, 0.9972222222222221]","[0.07692307692307693, NaN, NaN, NaN, NaN, NaN, NaN, NaN, NaN, 0.7]","[0.34220532319391633, 0.08745247148288973, 0.03802281368821293, 0.034220532319391636, 0.034220532319391636, 0.011406844106463879, 0.019011406844106463, 0.015209125475285171, 0.034220532319391636, 0.030418250950570342, 0.045627376425855515, 0.13688212927756654, 0.17110266159695817]",0.2242,1.0949,3.0997,0.2139
openmrg,cml_idw40,steps,gauges,70,56,0.7530,0.6513,"[0.0025641025641025645, NaN, NaN, NaN, NaN, NaN, NaN, NaN, NaN, 0.9972222222222221]","[0.07692307692307693, NaN, NaN, NaN, NaN, NaN, NaN, NaN, NaN, 0.7]","[0.3359683794466403, 0.09090909090909091, 0.06719367588932806, 0.039525691699604744, 0.03162055335968379, 0.003952569169960474, 0.015810276679841896, 0.023715415019762844, 0.023715415019762844, 0.02766798418972332, 0.03557312252964427, 0.1422924901185771, 0.16205533596837945]",0.1963,1.0103,2.3201,0.3475
openmrg,cml_idw40,steps,gauges,75,56,0.8164,0.6539,"[0.0, NaN, NaN, NaN, NaN, NaN, NaN, NaN, NaN, 0.9972222222222221]","[0.048, NaN, NaN, NaN, NaN, NaN, NaN, NaN, NaN, 0.7333333333333333]","[0.33067729083665337, 0.08366533864541832, 0.055776892430278883, 0.0398406374501992, 0.01195219123505976, 0.027888446215139442, 0.02390438247011952, 0.00398406374501992, 0.035856573705179286, 0.0199203187250996, 0.0796812749003984, 0.08764940239043825, 0.199203187250996]",0.1953,1.0673,2.4833,0.3476
openmrg,cml_idw40,steps,gauges,80,55,0.8640,0.6793,"[0.0, NaN, NaN, NaN, NaN, NaN, NaN, NaN, NaN, 0.9972222222222221]","[0.056, NaN, NaN, NaN, NaN, NaN, NaN, NaN, NaN, 0.8666666666666667]","[0.2620967741935484, 0.10483870967741936, 0.056451612903225805, 0.056451612903225805, 0.03225806451612903, 0.012096774193548387, 0.008064516129032258, 0.016129032258064516, 0.028225806451612902, 0.024193548387096774, 0.06854838709677419, 0.10483870967741936, 0.22580645161290322]",0.2606,1.1247,2.7137,0.3566
openmrg,cml_idw40,steps,gauges,85,53,0.9858,0.6266,"[0.0, NaN, NaN, NaN, NaN, NaN, NaN, NaN, NaN, 0.9833333333333332]","[0.064, NaN, NaN, NaN, NaN, NaN, NaN, NaN, NaN, 0.6333333333333333]","[0.22406639004149378, 0.1078838174273859, 0.0912863070539419, 0.04149377593360996, 0.058091286307053944, 0.016597510373443983, 0.016597510373443983, 0.029045643153526972, 0.008298755186721992, 0.02074688796680498, 0.058091286307053944, 0.08713692946058091, 0.24066390041493776]",0.1963,1.2343,3.6310,0.2939
openmrg,cml_idw40,steps,gauges,90,53,0.9255,0.6199,"[0.0, NaN, NaN, NaN, NaN, NaN, NaN, NaN, NaN, 0.9916666666666667]","[0.052, NaN, NaN, NaN, NaN, NaN, NaN, NaN, NaN, 0.6]","[0.24166666666666667, 0.09583333333333334, 0.06666666666666667, 0.05, 0.04583333333333333, 0.016666666666666666, 0.029166666666666667, 0.008333333333333333, 0.008333333333333333, 0.025, 0.08333333333333333, 0.07916666666666666, 0.25]",0.1899,1.1924,2.8317,0.4423
openmrg,merged,steps,gauges,5,127,0.7086,0.8225,"[0.0007062146892655366, NaN, NaN, NaN, NaN, NaN, NaN, NaN, NaN, 0.9916666666666666]","[0.030508474576271188, NaN, NaN, NaN, NaN, NaN, NaN, NaN, NaN, 1.0]","[0.1201923076923077, 0.052884615384615384, 0.04006410256410257, 0.05929487179487179, 0.041666666666666664, 0.049679487179487176, 0.0641025641025641, 0.07051282051282051, 0.049679487179487176, 0.0625, 0.09775641025641026, 0.13942307692307693, 0.15224358974358973]",0.5030,0.9276,3.4289,0.3436
openmrg,merged,steps,gauges,10,127,0.5426,0.8330,"[0.0016666666666666668, NaN, NaN, NaN, NaN, NaN, NaN, NaN, NaN, NaN]","[0.02, NaN, NaN, NaN, NaN, NaN, NaN, NaN, NaN, NaN]","[0.07162534435261708, 0.03581267217630854, 0.04269972451790634, 0.05371900826446281, 0.06336088154269973, 0.06473829201101929, 0.0674931129476584, 0.07851239669421488, 0.07162534435261708, 0.09366391184573003, 0.11570247933884298, 0.12947658402203857, 0.1115702479338843]",0.4694,0.8212,2.0906,0.5151
openmrg,merged,steps,gauges,15,126,0.6640,0.8148,"[0.004006410256410256, NaN, NaN, NaN, NaN, NaN, NaN, NaN, NaN, NaN]","[0.023076923076923078, NaN, NaN, NaN, NaN, NaN, NaN, NaN, NaN, NaN]","[0.04665825977301387, 0.05548549810844893, 0.0416141235813367, 0.05422446406052964, 0.05548549810844893, 0.058007566204287514, 0.05926860025220681, 0.07313997477931904, 0.07061790668348046, 0.09079445145018916, 0.1273644388398487, 0.15762925598991173, 0.10970996216897856]",0.4469,0.9560,3.1333,0.3156
openmrg,merged,steps,gauges,20,124,0.7098,0.7882,"[0.003999999999999999, NaN, NaN, NaN, NaN, NaN, NaN, NaN, NaN, NaN]","[0.02, NaN, NaN, NaN, NaN, NaN, NaN, NaN, NaN, NaN]","[0.032663316582914576, 0.04522613065326633, 0.04396984924623116, 0.059045226130653265, 0.04773869346733668, 0.052763819095477386, 0.052763819095477386, 0.06030150753768844, 0.07663316582914573, 0.09673366834170855, 0.11683417085427136, 0.17839195979899497, 0.13693467336683418]",0.4071,0.9431,2.4742,0.3995
openmrg,merged,steps,gauges,25,121,0.8375,0.7639,"[0.004761904761904762, NaN, NaN, NaN, NaN, NaN, NaN, NaN, NaN, NaN]","[0.03571428571428571, NaN, NaN, NaN, NaN, NaN, NaN, NaN, NaN, NaN]","[0.0392156862745098, 0.049019607843137254, 0.051470588235294115, 0.03799019607843137, 0.056372549019607844, 0.04534313725490196, 0.06004901960784314, 0.049019607843137254, 0.07352941176470588, 0.09681372549019608, 0.12622549019607843, 0.17401960784313725, 0.1409313725490196]",0.3724,1.1186,3.0691,0.3633
openmrg,merged,steps,gauges,30,121,0.7792,0.7357,"[0.005630630630630631, NaN, NaN, NaN, NaN, NaN, NaN, NaN, NaN, NaN]","[0.02972972972972973, NaN, NaN, NaN, NaN, NaN, NaN, NaN, NaN, NaN]","[0.0423728813559322, 0.04963680387409201, 0.05084745762711865, 0.04963680387409201, 0.04600484261501211, 0.04963680387409201, 0.05084745762711865, 0.05690072639225181, 0.07021791767554479, 0.09685230024213075, 0.1440677966101695, 0.17191283292978207, 0.12106537530266344]",0.3003,1.1127,2.5673,0.3817
openmrg,merged,steps,gauges,35,118,0.7743,0.7248,"[0.008333333333333335, NaN, NaN, NaN, NaN, NaN, NaN, NaN, NaN, NaN]","[0.037142857142857144, NaN, NaN, NaN, NaN, NaN, NaN, NaN, NaN, NaN]","[0.03558282208588957, 0.05030674846625767, 0.05521472392638037, 0.0392638036809816, 0.044171779141104296, 0.046625766871165646, 0.04294478527607362, 0.07239263803680981, 0.07239263803680981, 0.09079754601226994, 0.12883435582822086, 0.20122699386503068, 0.12024539877300613]",0.3274,1.0907,2.5910,0.3267
openmrg,merged,steps,gauges,40,115,0.7447,0.7242,"[0.007352941176470588, NaN, NaN, NaN, NaN, NaN, NaN, NaN, NaN, NaN]","[0.047058823529411764, NaN, NaN, NaN, NaN, NaN, NaN, NaN, NaN, NaN]","[0.03626943005181347, 0.04145077720207254, 0.05958549222797927, 0.04404145077720207, 0.05310880829015544, 0.04533678756476684, 0.046632124352331605, 0.07642487046632124, 0.07642487046632124, 0.09067357512953368, 0.12953367875647667, 0.1878238341968912, 0.11269430051813471]",0.3258,1.0543,2.3561,0.2811
openmrg,merged,steps,gauges,45,111,0.9157,0.6750,"[0.008653846153846154, NaN, NaN, NaN, NaN, NaN, NaN, NaN, NaN, NaN]","[0.06923076923076923, NaN, NaN, NaN, NaN, NaN, NaN, NaN, NaN, NaN]","[0.02830188679245283, 0.03504043126684636, 0.04716981132075472, 0.05256064690026954, 0.04851752021563342, 0.04986522911051213, 0.04043126684636118, 0.04043126684636118, 0.07681940700808626, 0.11590296495956873, 0.1347708894878706, 0.18867924528301888, 0.14150943396226415]",0.2912,1.2408,3.3562,0.1435
openmrg,merged,steps,gauges,50,106,0.9224,0.7097,"[0.004761904761904762, NaN, NaN, NaN, NaN, NaN, NaN, NaN, NaN, NaN]","[0.01904761904761905, NaN, NaN, NaN, NaN, NaN, NaN, NaN, NaN, NaN]","[0.020588235294117647, 0.033823529411764704, 0.052941176470588235, 0.03823529411764706, 0.04411764705882353, 0.05, 0.04264705882352941, 0.07647058823529412, 0.06911764705882353, 0.12352941176470589, 0.15, 0.18088235294117647, 0.11764705882352941]",0.2970,1.2320,3.5582,0.1193
openmrg,merged,steps,gauges,55,99,0.7571,0.6655,"[0.008333333333333333, NaN, NaN, NaN, NaN, NaN, NaN, NaN, NaN, NaN]","[0.06086956521739131, NaN, NaN, NaN, NaN, NaN, NaN, NaN, NaN, NaN]","[0.018808777429467086, 0.03605015673981191, 0.045454545454545456, 0.054858934169279, 0.047021943573667714, 0.054858934169279, 0.06583072100313479, 0.06269592476489028, 0.08307210031347963, 0.09404388714733543, 0.11598746081504702, 0.2084639498432602, 0.11285266457680251]",0.2606,1.0842,2.5254,0.1659
openmrg,merged,steps,gauges,60,91,0.6793,0.6661,"[0.012499999999999999, NaN, NaN, NaN, NaN, NaN, NaN, NaN, NaN, NaN]","[0.0375, NaN, NaN, NaN, NaN, NaN, NaN, NaN, NaN, NaN]","[0.021996615905245348, 0.03722504230118443, 0.04060913705583756, 0.047377326565143825, 0.04060913705583756, 0.06937394247038917, 0.047377326565143825, 0.07445008460236886, 0.09306260575296109, 0.09306260575296109, 0.15397631133671744, 0.18612521150592218, 0.09475465313028765]",0.2097,0.9914,2.5012,0.1002
openmrg,merged,steps,gauges,65,82,0.7521,0.6806,"[0.006666666666666666, NaN, NaN, NaN, NaN, NaN, NaN, NaN, NaN, NaN]","[0.025, NaN, NaN, NaN, NaN, NaN, NaN, NaN, NaN, NaN]","[0.014545454545454545, 0.025454545454545455, 0.06, 0.056363636363636366, 0.04181818181818182, 0.056363636363636366, 0.06727272727272728, 0.07272727272727272, 0.08545454545454545, 0.10727272727272727, 0.12363636363636364, 0.21272727272727274, 0.07636363636363637]",0.2044,1.0763,3.9707,0.0783
openmrg,merged,steps,gauges,70,75,0.5166,0.6557,"[0.010227272727272725, NaN, NaN, NaN, NaN, NaN, NaN, NaN, NaN, NaN]","[0.022727272727272728, NaN, NaN, NaN, NaN, NaN, NaN, NaN, NaN, NaN]","[0.025341130604288498, 0.01364522417153996, 0.050682261208576995, 0.05847953216374269, 0.05847953216374269, 0.042884990253411304, 0.08187134502923976, 0.07212475633528265, 0.07992202729044834, 0.09746588693957114, 0.15594541910331383, 0.1793372319688109, 0.08382066276803118]",0.1602,0.8553,1.8827,0.1198
openmrg,merged,steps,gauges,75,71,0.6987,0.6794,"[0.00992063492063492, NaN, NaN, NaN, NaN, NaN, NaN, NaN, NaN, NaN]","[0.03333333333333333, NaN, NaN, NaN, NaN, NaN, NaN, NaN, NaN, NaN]","[0.02053388090349076, 0.030800821355236138, 0.055441478439425054, 0.055441478439425054, 0.04722792607802875, 0.04722792607802875, 0.04722792607802875, 0.08008213552361396, 0.08829568788501027, 0.1026694045174538, 0.14989733059548255, 0.18480492813141683, 0.09034907597535935]",0.1616,1.0260,3.8595,0.0554
openmrg,merged,steps,gauges,80,66,0.7733,0.6416,"[0.007142857142857143, NaN, NaN, NaN, NaN, NaN, NaN, NaN, NaN, NaN]","[0.0380952380952381, NaN, NaN, NaN, NaN, NaN, NaN, NaN, NaN, NaN]","[0.016985138004246284, 0.036093418259023353, 0.036093418259023353, 0.05732484076433121, 0.07218683651804671, 0.05732484076433121, 0.04670912951167728, 0.055201698513800426, 0.08917197452229299, 0.09129511677282377, 0.12526539278131635, 0.19957537154989385, 0.11677282377919321]",0.1754,1.1146,2.8050,0.0841
openmrg,merged,steps,gauges,85,62,0.8574,0.5795,"[0.007017543859649122, NaN, NaN, NaN, NaN, NaN, NaN, NaN, NaN, NaN]","[0.04736842105263158, NaN, NaN, NaN, NaN, NaN, NaN, NaN, NaN, NaN]","[0.008928571428571428, 0.022321428571428572, 0.04017857142857143, 0.07142857142857142, 0.05357142857142857, 0.07142857142857142, 0.046875, 0.05357142857142857, 0.05580357142857143, 0.10267857142857142, 0.125, 0.21428571428571427, 0.13392857142857142]",0.1347,1.1737,3.5255,0.0467
openmrg,merged,steps,gauges,90,60,0.6952,0.5883,"[0.007456140350877192, NaN, NaN, NaN, NaN, NaN, NaN, NaN, NaN, NaN]","[0.042105263157894736, NaN, NaN, NaN, NaN, NaN, NaN, NaN, NaN, NaN]","[0.004484304932735426, 0.01569506726457399, 0.03811659192825112, 0.07174887892376682, 0.08071748878923767, 0.04708520179372197, 0.05829596412556054, 0.04932735426008968, 0.06053811659192825, 0.06278026905829596, 0.1726457399103139, 0.21973094170403587, 0.11883408071748879]",0.1027,1.0121,2.4502,0.0479
openmrg,pws_idw,steps,gauges,5,123,0.6868,0.8599,"[0.0014124293785310732, NaN, NaN, NaN, NaN, NaN, NaN, NaN, NaN, 0.9949999999999999]","[0.04406779661016949, NaN, NaN, NaN, NaN, NaN, NaN, NaN, NaN, 0.96]","[0.20140105078809106, 0.06830122591943957, 0.06830122591943957, 0.07530647985989491, 0.050788091068301226, 0.05604203152364273, 0.05604203152364273, 0.04203152364273205, 0.06129597197898424, 0.05779334500875657, 0.03327495621716287, 0.06654991243432574, 0.1628721541155867]",0.5339,0.8383,3.4214,0.3189
openmrg,pws_idw,steps,gauges,10,119,0.5723,0.8435,"[0.003231292517006802, NaN, NaN, NaN, NaN, NaN, NaN, NaN, NaN, 0.9875]","[0.05102040816326531, NaN, NaN, NaN, NaN, NaN, NaN, NaN, NaN, 0.9666666666666667]","[0.14177978883861236, 0.06033182503770739, 0.058823529411764705, 0.06033182503770739, 0.07239819004524888, 0.06033182503770739, 0.05429864253393665, 0.07088989441930618, 0.06787330316742081, 0.07088989441930618, 0.07239819004524888, 0.0889894419306184, 0.12066365007541478]",0.4840,0.7858,2.0052,0.4916
openmrg,pws_idw,steps,gauges,15,114,0.7484,0.8145,"[0.0037414965986394557, NaN, NaN, NaN, NaN, NaN, NaN, NaN, NaN, 0.9899999999999999]","[0.05714285714285714, NaN, NaN, NaN, NaN, NaN, NaN, NaN, NaN, 0.94]","[0.1263001485884101, 0.06537890044576523, 0.06686478454680535, 0.05200594353640416, 0.05052005943536404, 0.07280832095096583, 0.06983655274888559, 0.07280832095096583, 0.05794947994056464, 0.06983655274888559, 0.06835066864784546, 0.07578008915304606, 0.1515601783060921]",0.4355,0.9896,3.2082,0.3130
openmrg,pws_idw,steps,gauges,20,111,0.8094,0.7962,"[0.004528985507246376, NaN, NaN, NaN, NaN, NaN, NaN, NaN, NaN, 0.975]","[0.07391304347826087, NaN, NaN, NaN, NaN, NaN, NaN, NaN, NaN, 0.85]","[0.07761194029850746, 0.0791044776119403, 0.056716417910447764, 0.056716417910447764, 0.050746268656716415, 0.058208955223880594, 0.07164179104477612, 0.08656716417910448, 0.07611940298507462, 0.07164179104477612, 0.06716417910447761, 0.0791044776119403, 0.16865671641791044]",0.4353,1.0441,2.6213,0.3783
openmrg,pws_idw,steps,gauges,25,109,0.9959,0.7684,"[0.004292929292929293, NaN, NaN, NaN, NaN, NaN, NaN, NaN, NaN, 0.9816666666666666]","[0.05757575757575758, NaN, NaN, NaN, NaN, NaN, NaN, NaN, NaN, 0.86]","[0.09237536656891496, 0.07331378299120235, 0.05571847507331378, 0.05278592375366569, 0.0689149560117302, 0.060117302052785926, 0.07624633431085044, 0.08211143695014662, 0.07038123167155426, 0.08211143695014662, 0.05865102639296188, 0.0747800586510264, 0.15249266862170088]",0.3889,1.2692,3.3556,0.3170
openmrg,pws_idw,steps,gauges,30,104,0.8978,0.7546,"[0.004310344827586207, NaN, NaN, NaN, NaN, NaN, NaN, NaN, NaN, 0.9833333333333332]","[0.04482758620689655, NaN, NaN, NaN, NaN, NaN, NaN, NaN, NaN, 0.9]","[0.1027900146842878, 0.05726872246696035, 0.041116005873715125, 0.04552129221732746, 0.04405286343612335, 0.06754772393538913, 0.11160058737151249, 0.10866372980910426, 0.08223201174743025, 0.08076358296622614, 0.055800293685756244, 0.0631424375917768, 0.1395007342143906]",0.3380,1.2204,2.7775,0.3663
openmrg,pws_idw,steps,gauges,35,95,0.8170,0.7778,"[0.005376344086021505, NaN, NaN, NaN, NaN, NaN, NaN, NaN, NaN, 0.975]","[0.054838709677419356, NaN, NaN, NaN, NaN, NaN, NaN, NaN, NaN, 1.0]","[0.07280832095096583, 0.06835066864784546, 0.06240713224368499, 0.05349182763744428, 0.05646359583952452, 0.06537890044576523, 0.08469539375928678, 0.0861812778603269, 0.09658246656760773, 0.06835066864784546, 0.08915304606240713, 0.07429420505200594, 0.12184249628528974]",0.3644,1.1350,2.6589,0.3309
openmrg,pws_idw,steps,gauges,40,95,0.8082,0.7893,"[0.014999999999999998, NaN, NaN, NaN, NaN, NaN, NaN, NaN, NaN, 0.9416666666666667]","[0.05714285714285714, NaN, NaN, NaN, NaN, NaN, NaN, NaN, NaN, 0.9]","[0.0654490106544901, 0.0532724505327245, 0.0547945205479452, 0.0684931506849315, 0.0547945205479452, 0.0593607305936073, 0.0654490106544901, 0.0852359208523592, 0.0974124809741248, 0.0882800608828006, 0.0898021308980213, 0.0958904109589041, 0.121765601217656]",0.3798,1.1152,2.8010,0.3145
openmrg,pws_idw,steps,gauges,45,95,1.0321,0.7690,"[0.007758620689655171, NaN, NaN, NaN, NaN, NaN, NaN, NaN, NaN, 0.9875]","[0.06206896551724138, NaN, NaN, NaN, NaN, NaN, NaN, NaN, NaN, 0.65]","[0.08484848484848485, 0.05454545454545454, 0.05, 0.04090909090909091, 0.051515151515151514, 0.03939393939393939, 0.06818181818181818, 0.07424242424242425, 0.09242424242424242, 0.11060606060606061, 0.10909090909090909, 0.09090909090909091, 0.13333333333333333]",0.3669,1.3550,3.8608,0.1901
openmrg,pws_idw,steps,gauges,50,94,1.1218,0.7825,"[0.004320987654320988, NaN, NaN, NaN, NaN, NaN, NaN, NaN, NaN, 0.9722222222222221]","[0.1, NaN, NaN, NaN, NaN, NaN, NaN, NaN, NaN, 0.36666666666666664]","[0.10031347962382445, 0.08150470219435736, 0.04231974921630094, 0.034482758620689655, 0.048589341692789965, 0.07523510971786834, 0.05956112852664577, 0.08307210031347963, 0.08463949843260188, 0.09090909090909091, 0.10344827586206896, 0.06583072100313479, 0.13009404388714735]",0.3879,1.4377,3.9685,0.1515
openmrg,pws_idw,steps,gauges,55,91,0.9647,0.7542,"[0.004320987654320987, NaN, NaN, NaN, NaN, NaN, NaN, NaN, NaN, 0.9708333333333332]","[0.09259259259259259, NaN, NaN, NaN, NaN, NaN, NaN, NaN, NaN, 0.5]","[0.08870967741935484, 0.06129032258064516, 0.06129032258064516, 0.03387096774193549, 0.0532258064516129, 0.056451612903225805, 0.06451612903225806, 0.09516129032258064, 0.0967741935483871, 0.07580645161290323, 0.1, 0.06935483870967742, 0.1435483870967742]",0.3522,1.2817,2.8579,0.2094
openmrg,pws_idw,steps,gauges,60,91,0.9020,0.7453,"[0.0013333333333333333, NaN, NaN, NaN, NaN, NaN, NaN, NaN, NaN, 0.9777777777777777]","[0.128, NaN, NaN, NaN, NaN, NaN, NaN, NaN, NaN, 0.36666666666666664]","[0.09882747068676717, 0.08542713567839195, 0.048576214405360134, 0.06365159128978225, 0.03685092127303183, 0.05025125628140704, 0.07705192629815745, 0.08375209380234507, 0.06365159128978225, 0.10720268006700168, 0.08710217755443886, 0.06030150753768844, 0.1373534338358459]",0.3385,1.2362,2.7521,0.2214
openmrg,pws_idw,steps,gauges,65,89,1.0051,0.7748,"[0.005654761904761905, NaN, NaN, NaN, NaN, NaN, NaN, NaN, NaN, 0.9833333333333332]","[0.08571428571428572, NaN, NaN, NaN, NaN, NaN, NaN, NaN, NaN, 0.85]","[0.10034602076124567, 0.04844290657439446, 0.05709342560553633, 0.04844290657439446, 0.058823529411764705, 0.0657439446366782, 0.06228373702422145, 0.07612456747404844, 0.07785467128027682, 0.08823529411764706, 0.10726643598615918, 0.09688581314878893, 0.11245674740484429]",0.3719,1.3302,4.3064,0.1016
openmrg,pws_idw,steps,gauges,70,86,0.8601,0.7333,"[0.006790123456790124, NaN, NaN, NaN, NaN, NaN, NaN, NaN, NaN, 1.0]","[0.11481481481481481, NaN, NaN, NaN, NaN, NaN, NaN, NaN, NaN, 0.5]","[0.09285714285714286, 0.05714285714285714, 0.05357142857142857, 0.05178571428571429, 0.05, 0.039285714285714285, 0.05714285714285714, 0.08035714285714286, 0.09107142857142857, 0.08035714285714286, 0.10892857142857143, 0.10357142857142858, 0.13392857142857142]",0.3243,1.1783,2.5525,0.2440
openmrg,pws_idw,steps,gauges,75,85,0.9931,0.7500,"[0.0045138888888888885, NaN, NaN, NaN, NaN, NaN, NaN, NaN, NaN, 0.9861111111111109]","[0.09583333333333334, NaN, NaN, NaN, NaN, NaN, NaN, NaN, NaN, 0.8333333333333334]","[0.09659090909090909, 0.07386363636363637, 0.05303030303030303, 0.041666666666666664, 0.045454545454545456, 0.05113636363636364, 0.06818181818181818, 0.07386363636363637, 0.08901515151515152, 0.09659090909090909, 0.08143939393939394, 0.10037878787878787, 0.12878787878787878]",0.3464,1.3090,3.8541,0.1907
openmrg,pws_idw,steps,gauges,80,82,1.0996,0.7154,"[0.008012820512820514, NaN, NaN, NaN, NaN, NaN, NaN, NaN, NaN, 0.9944444444444444]","[0.12307692307692308, NaN, NaN, NaN, NaN, NaN, NaN, NaN, NaN, 0.6333333333333333]","[0.09073359073359073, 0.06177606177606178, 0.06756756756756757, 0.0444015444015444, 0.03474903474903475, 0.03667953667953668, 0.07528957528957529, 0.059845559845559844, 0.06563706563706563, 0.0945945945945946, 0.08687258687258688, 0.09845559845559845, 0.1833976833976834]",0.3197,1.4236,3.0775,0.2827
openmrg,pws_idw,steps,gauges,85,78,1.1180,0.6861,"[0.0046296296296296285, NaN, NaN, NaN, NaN, NaN, NaN, NaN, NaN, 0.975]","[0.1037037037037037, NaN, NaN, NaN, NaN, NaN, NaN, NaN, NaN, 0.9]","[0.07509881422924901, 0.029644268774703556, 0.04940711462450593, 0.05731225296442688, 0.05533596837944664, 0.05928853754940711, 0.03557312252964427, 0.08102766798418973, 0.07114624505928854, 0.10276679841897234, 0.06719367588932806, 0.1067193675889328, 0.20948616600790515]",0.3043,1.4179,3.1922,0.3120
openmrg,pws_idw,steps,gauges,90,76,1.0827,0.6799,"[0.0030000000000000005, NaN, NaN, NaN, NaN, NaN, NaN, NaN, NaN, 0.9895833333333333]","[0.092, NaN, NaN, NaN, NaN, NaN, NaN, NaN, NaN, 0.7]","[0.0944558521560575, 0.030800821355236138, 0.06776180698151951, 0.057494866529774126, 0.061601642710472276, 0.059548254620123205, 0.055441478439425054, 0.0513347022587269, 0.07802874743326489, 0.07802874743326489, 0.08213552361396304, 0.08008213552361396, 0.2032854209445585]",0.2727,1.4014,2.9466,0.3391
openmrg,cml_idw20,steps,gauges,5,73,0.6919,0.7758,"[0.00020833333333333332, NaN, NaN, NaN, NaN, NaN, NaN, NaN, NaN, 1.0]","[0.04, NaN, NaN, NaN, NaN, NaN, NaN, NaN, NaN, 0.9]","[0.3333333333333333, 0.05063291139240506, 0.02531645569620253, 0.03375527426160337, 0.016877637130801686, 0.004219409282700422, 0.012658227848101266, 0.03375527426160337, 0.0379746835443038, 0.02109704641350211, 0.02531645569620253, 0.05485232067510549, 0.350210970464135]",0.4503,0.8191,2.3028,0.4357
openmrg,cml_idw20,steps,gauges,10,72,0.5765,0.7703,"[0.0, NaN, NaN, NaN, NaN, NaN, NaN, NaN, NaN, 1.0]","[0.03529411764705882, NaN, NaN, NaN, NaN, NaN, NaN, NaN, NaN, 0.95]","[0.24187725631768953, 0.039711191335740074, 0.04332129963898917, 0.02888086642599278, 0.039711191335740074, 0.039711191335740074, 0.02527075812274368, 0.021660649819494584, 0.018050541516245487, 0.04332129963898917, 0.07942238267148015, 0.09386281588447654, 0.2851985559566787]",0.4565,0.7140,1.8760,0.4746
openmrg,cml_idw20,steps,gauges,15,70,0.6440,0.7518,"[0.0, NaN, NaN, NaN, NaN, NaN, NaN, NaN, NaN, 0.9958333333333332]","[0.011764705882352941, NaN, NaN, NaN, NaN, NaN, NaN, NaN, NaN, 0.85]","[0.2482758620689655, 0.05172413793103448, 0.03793103448275862, 0.027586206896551724, 0.03793103448275862, 0.041379310344827586, 0.027586206896551724, 0.027586206896551724, 0.04827586206896552, 0.03103448275862069, 0.07931034482758621, 0.09655172413793103, 0.24482758620689654]",0.3880,0.7950,2.0349,0.4105
openmrg,cml_idw20,steps,gauges,20,69,0.8036,0.7431,"[0.000505050505050505, NaN, NaN, NaN, NaN, NaN, NaN, NaN, NaN, 0.9958333333333332]","[0.02727272727272727, NaN, NaN, NaN, NaN, NaN, NaN, NaN, NaN, 1.0]","[0.21, 0.07666666666666666, 0.03666666666666667, 0.043333333333333335, 0.023333333333333334, 0.03, 0.013333333333333334, 0.02666666666666667, 0.03, 0.04666666666666667, 0.06, 0.13, 0.2733333333333333]",0.3915,0.9569,2.5955,0.3713
openmrg,cml_idw20,steps,gauges,25,66,0.8834,0.7105,"[0.0005208333333333333, NaN, NaN, NaN, NaN, NaN, NaN, NaN, NaN, 0.9888888888888888]","[0.04375, NaN, NaN, NaN, NaN, NaN, NaN, NaN, NaN, 0.8666666666666667]","[0.22185430463576158, 0.0695364238410596, 0.03642384105960265, 0.026490066225165563, 0.016556291390728478, 0.016556291390728478, 0.026490066225165563, 0.04966887417218543, 0.03642384105960265, 0.046357615894039736, 0.06622516556291391, 0.13245033112582782, 0.25496688741721857]",0.3557,1.0513,3.2898,0.2609
openmrg,cml_idw20,steps,gauges,30,66,0.9042,0.6595,"[0.00078125, NaN, NaN, NaN, NaN, NaN, NaN, NaN, NaN, 0.9875]","[0.034375, NaN, NaN, NaN, NaN, NaN, NaN, NaN, NaN, 1.0]","[0.2871287128712871, 0.052805280528052806, 0.052805280528052806, 0.026402640264026403, 0.019801980198019802, 0.026402640264026403, 0.033003300330033, 0.019801980198019802, 0.036303630363036306, 0.052805280528052806, 0.056105610561056105, 0.09570957095709572, 0.24092409240924093]",0.2680,1.0837,2.6913,0.2357
openmrg,cml_idw20,steps,gauges,35,65,0.8423,0.6977,"[0.0018229166666666665, NaN, NaN, NaN, NaN, NaN, NaN, NaN, NaN, 1.0]","[0.04375, NaN, NaN, NaN, NaN, NaN, NaN, NaN, NaN, 1.0]","[0.26755852842809363, 0.06354515050167224, 0.06354515050167224, 0.026755852842809364, 0.020066889632107024, 0.026755852842809364, 0.023411371237458192, 0.030100334448160536, 0.016722408026755852, 0.03678929765886288, 0.06688963210702341, 0.13712374581939799, 0.22073578595317725]",0.3194,1.0283,2.8979,0.2231
openmrg,cml_idw20,steps,gauges,40,65,0.8366,0.6780,"[0.0026881720430107525, NaN, NaN, NaN, NaN, NaN, NaN, NaN, NaN, 1.0]","[0.041935483870967745, NaN, NaN, NaN, NaN, NaN, NaN, NaN, NaN, 1.0]","[0.23355263157894737, 0.08223684210526316, 0.0625, 0.039473684210526314, 0.02631578947368421, 0.03289473684210526, 0.019736842105263157, 0.019736842105263157, 0.019736842105263157, 0.039473684210526314, 0.0756578947368421, 0.13157894736842105, 0.21710526315789475]",0.2984,1.0353,2.9763,0.2898
openmrg,cml_idw20,steps,gauges,45,64,0.9887,0.6900,"[0.004022988505747126, NaN, NaN, NaN, NaN, NaN, NaN, NaN, NaN, 0.9875]","[0.06896551724137931, NaN, NaN, NaN, NaN, NaN, NaN, NaN, NaN, 0.95]","[0.22789115646258504, 0.07482993197278912, 0.05102040816326531, 0.047619047619047616, 0.030612244897959183, 0.027210884353741496, 0.03741496598639456, 0.017006802721088437, 0.034013605442176874, 0.04081632653061224, 0.05442176870748299, 0.12244897959183673, 0.23469387755102042]",0.3037,1.1873,3.9816,0.2483
openmrg,cml_idw20,steps,gauges,50,64,1.0971,0.6770,"[0.0024691358024691358, NaN, NaN, NaN, NaN, NaN, NaN, NaN, NaN, 1.0]","[0.05555555555555555, NaN, NaN, NaN, NaN, NaN, NaN, NaN, NaN, 1.0]","[0.22602739726027396, 0.0547945205479452, 0.04794520547945205, 0.06164383561643835, 0.0136986301369863, 0.02054794520547945, 0.03424657534246575, 0.017123287671232876, 0.04452054794520548, 0.03424657534246575, 0.07534246575342465, 0.10616438356164383, 0.2636986301369863]",0.2864,1.3154,4.1817,0.2240
openmrg,cml_idw20,steps,gauges,55,62,0.9516,0.6914,"[0.0009615384615384616, NaN, NaN, NaN, NaN, NaN, NaN, NaN, NaN, 0.9854166666666666]","[0.05, NaN, NaN, NaN, NaN, NaN, NaN, NaN, NaN, 0.75]","[0.2560553633217993, 0.06920415224913495, 0.04498269896193772, 0.04498269896193772, 0.04152249134948097, 0.03460207612456748, 0.01384083044982699, 0.01384083044982699, 0.01730103806228374, 0.03460207612456748, 0.0726643598615917, 0.12802768166089964, 0.22837370242214533]",0.2632,1.1801,2.8165,0.2000
openmrg,cml_idw20,steps,gauges,60,59,0.9247,0.6594,"[0.0026785714285714286, NaN, NaN, NaN, NaN, NaN, NaN, NaN, NaN, 0.9944444444444444]","[0.06428571428571428, NaN, NaN, NaN, NaN, NaN, NaN, NaN, NaN, 0.8666666666666667]","[0.2677966101694915, 0.07457627118644068, 0.05423728813559322, 0.030508474576271188, 0.023728813559322035, 0.030508474576271188, 0.010169491525423728, 0.020338983050847456, 0.01694915254237288, 0.020338983050847456, 0.08135593220338982, 0.1152542372881356, 0.2542372881355932]",0.2273,1.1738,2.7843,0.1921
openmrg,cml_idw20,steps,gauges,65,59,0.8318,0.6585,"[0.0023809523809523807, NaN, NaN, NaN, NaN, NaN, NaN, NaN, NaN, 0.9944444444444442]","[0.060714285714285714, NaN, NaN, NaN, NaN, NaN, NaN, NaN, NaN, 0.8]","[0.2867132867132867, 0.09090909090909091, 0.04895104895104895, 0.024475524475524476, 0.013986013986013986, 0.013986013986013986, 0.024475524475524476, 0.013986013986013986, 0.013986013986013986, 0.038461538461538464, 0.04895104895104895, 0.17832167832167833, 0.20279720279720279]",0.2353,1.0640,2.9882,0.1642
openmrg,cml_idw20,steps,gauges,70,59,0.7715,0.6729,"[0.0018518518518518517, NaN, NaN, NaN, NaN, NaN, NaN, NaN, NaN, 0.9972222222222221]","[0.040740740740740744, NaN, NaN, NaN, NaN, NaN, NaN, NaN, NaN, 0.8]","[0.3007246376811594, 0.06521739130434782, 0.036231884057971016, 0.03985507246376811, 0.021739130434782608, 0.010869565217391304, 0.025362318840579712, 0.018115942028985508, 0.03260869565217391, 0.021739130434782608, 0.07608695652173914, 0.15217391304347827, 0.19927536231884058]",0.2210,0.9921,2.2464,0.2382
openmrg,cml_idw20,steps,gauges,75,59,0.8849,0.6483,"[0.0015432098765432098, NaN, NaN, NaN, NaN, NaN, NaN, NaN, NaN, 0.9916666666666667]","[0.044444444444444446, NaN, NaN, NaN, NaN, NaN, NaN, NaN, NaN, 0.7]","[0.3333333333333333, 0.04710144927536232, 0.028985507246376812, 0.03260869565217391, 0.018115942028985508, 0.010869565217391304, 0.010869565217391304, 0.028985507246376812, 0.021739130434782608, 0.043478260869565216, 0.06521739130434782, 0.10869565217391304, 0.25]",0.1885,1.1288,2.5335,0.1740
openmrg,cml_idw20,steps,gauges,80,59,0.9734,0.6612,"[0.0, NaN, NaN, NaN, NaN, NaN, NaN, NaN, NaN, 0.9916666666666666]","[0.05, NaN, NaN, NaN, NaN, NaN, NaN, NaN, NaN, 1.0]","[0.2878228782287823, 0.07011070110701106, 0.03690036900369004, 0.02214022140221402, 0.02952029520295203, 0.02214022140221402, 0.014760147601476014, 0.01107011070110701, 0.02214022140221402, 0.04059040590405904, 0.03690036900369004, 0.13653136531365315, 0.2693726937269373]",0.2086,1.2036,2.9281,0.2327
openmrg,cml_idw20,steps,gauges,85,59,1.0185,0.6456,"[0.0, NaN, NaN, NaN, NaN, NaN, NaN, NaN, NaN, 0.9833333333333332]","[0.05384615384615385, NaN, NaN, NaN, NaN, NaN, NaN, NaN, NaN, 0.7]","[0.2610294117647059, 0.04779411764705882, 0.07352941176470588, 0.01838235294117647, 0.01838235294117647, 0.025735294117647058, 0.025735294117647058, 0.003676470588235294, 0.025735294117647058, 0.04779411764705882, 0.08088235294117647, 0.11029411764705882, 0.2610294117647059]",0.2120,1.2404,3.5738,0.1650
openmrg,cml_idw20,steps,gauges,90,58,0.8642,0.6287,"[0.0003333333333333333, NaN, NaN, NaN, NaN, NaN, NaN, NaN, NaN, 1.0]","[0.076, NaN, NaN, NaN, NaN, NaN, NaN, NaN, NaN, 0.8]","[0.2796934865900383, 0.06130268199233716, 0.04980842911877394, 0.04980842911877394, 0.02681992337164751, 0.02681992337164751, 0.011494252873563218, 0.019157088122605363, 0.038314176245210725, 0.03065134099616858, 0.05363984674329502, 0.11494252873563218, 0.23754789272030652]",0.1802,1.0838,2.6452,0.1968
