network,event,product,family,n,rel_bias,nrmse,corr,csi
openmrg,openmrg 2015-06-02 04,radar,R,270,-0.2233,1.3675,0.6118,0.7586
openmrg,openmrg 2015-06-02 04,links dynamic idw,L,270,2.2528,4.5814,0.6621,0.6985
openmrg,openmrg 2015-06-02 04,links dynamic line,L,270,1.8553,4.0453,0.6398,0.724
openmrg,openmrg 2015-06-02 04,links constant idw,L,270,-0.8056,1.6563,0.6596,0.3784
openmrg,openmrg 2015-06-02 04,links constant line,L,270,-0.8143,1.6702,0.645,0.3716
openmrg,openmrg 2015-06-02 04,links pycomlink idw,L,270,-0.8556,1.7471,0.5173,0.274
openmrg,openmrg 2015-06-02 04,links pycomlink line,L,270,-0.8616,1.7574,0.511,0.2483
openmrg,openmrg 2015-06-02 04,links nearby idw,L,270,-0.269,1.2996,0.6787,0.7351
openmrg,openmrg 2015-06-02 04,links nearby line,L,270,-0.3043,1.3102,0.6709,0.7333
openmrg,openmrg 2015-06-02 04,links rnn idw,L,270,-0.0302,1.1781,0.7262,0.7736
openmrg,openmrg 2015-06-02 04,links rnn line,L,270,-0.0273,1.1747,0.7279,0.7736
openmrg,openmrg 2015-06-02 04,gauges,G,270,-0.2675,1.2265,0.7178,0.8217
openmrg,openmrg 2015-06-02 04,links dynamic + gauges,L+G,270,2.0702,4.3549,0.652,0.7128
openmrg,openmrg 2015-06-02 04,links constant + gauges,L+G,270,-0.7609,1.6158,0.6594,0.4533
openmrg,openmrg 2015-06-02 04,links pycomlink + gauges,L+G,270,-0.8058,1.6946,0.5572,0.3533
openmrg,openmrg 2015-06-02 04,links nearby + gauges,L+G,270,-0.2628,1.2923,0.6795,0.7483
openmrg,openmrg 2015-06-02 04,links rnn + gauges,L+G,270,-0.0481,1.1693,0.7297,0.7736
openmrg,openmrg 2015-06-02 04,radar mfb [gauges],R+G,270,-0.1811,1.2656,0.678,0.8188
openmrg,openmrg 2015-06-02 04,radar add [gauges],R+G,270,-0.2758,1.2749,0.6848,0.7625
openmrg,openmrg 2015-06-02 04,radar mul [gauges],R+G,270,-0.2449,1.2719,0.6873,0.7857
openmrg,openmrg 2015-06-02 04,radar idw_add [gauges],R+G,270,-0.2987,1.2824,0.6855,0.764
openmrg,openmrg 2015-06-02 04,radar idw_mul [gauges],R+G,270,-0.245,1.3149,0.6518,0.8025
openmrg,openmrg 2015-06-02 04,radar okrig_add [gauges],R+G,270,-0.2806,1.2903,0.6746,0.7722
openmrg,openmrg 2015-06-02 04,radar ked [gauges],R+G,270,-0.1041,1.179,0.7254,0.6732
openmrg,openmrg 2015-06-02 04,radar mfb [dynamic],R+L,270,1.5001,3.0111,0.689,0.7459
openmrg,openmrg 2015-06-02 04,radar add [dynamic],R+L,270,2.2463,4.5945,0.6597,0.6915
openmrg,openmrg 2015-06-02 04,radar mul [dynamic],R+L,270,1.2965,3.1399,0.6482,0.7803
openmrg,openmrg 2015-06-02 04,radar idw_add [dynamic],R+L,270,2.1006,4.5672,0.63,0.7083
openmrg,openmrg 2015-06-02 04,radar idw_mul [dynamic],R+L,270,2.1207,4.615,0.6266,0.7173
openmrg,openmrg 2015-06-02 04,radar okrig_add [dynamic],R+L,270,1.7255,4.0445,0.6037,0.7432
openmrg,openmrg 2015-06-02 04,radar ked [dynamic],R+L,270,2.6368,4.7211,0.511,0.5697
openmrg,openmrg 2015-06-02 04,radar mfb [constant],R+L,270,-0.6444,1.5193,0.6763,0.6842
openmrg,openmrg 2015-06-02 04,radar add [constant],R+L,270,-0.7898,1.6607,0.6145,0.4286
openmrg,openmrg 2015-06-02 04,radar mul [constant],R+L,270,-0.6078,1.5308,0.6861,0.7784
openmrg,openmrg 2015-06-02 04,radar idw_add [constant],R+L,270,-0.8363,1.7236,0.5586,0.3517
openmrg,openmrg 2015-06-02 04,radar idw_mul [constant],R+L,270,-0.8477,1.7227,0.5813,0.331
openmrg,openmrg 2015-06-02 04,radar okrig_add [constant],R+L,270,-0.8204,1.6997,0.5687,0.3724
openmrg,openmrg 2015-06-02 04,radar ked [constant],R+L,270,-0.2521,1.7484,0.2633,0.6146
openmrg,openmrg 2015-06-02 04,radar mfb [pycomlink],R+L,270,-0.7503,1.6782,0.6091,0.6556
openmrg,openmrg 2015-06-02 04,radar add [pycomlink],R+L,270,-0.8282,1.7328,0.5104,0.3699
openmrg,openmrg 2015-06-02 04,radar mul [pycomlink],R+L,270,-0.6478,1.5937,0.6293,0.7784
openmrg,openmrg 2015-06-02 04,radar idw_add [pycomlink],R+L,270,-0.8499,1.7644,0.4721,0.2828
openmrg,openmrg 2015-06-02 04,radar idw_mul [pycomlink],R+L,270,-0.8655,1.7731,0.4697,0.2276
openmrg,openmrg 2015-06-02 04,radar okrig_add [pycomlink],R+L,270,-0.8485,1.7617,0.4833,0.3172
openmrg,openmrg 2015-06-02 04,radar ked [pycomlink],R+L,270,-0.4114,1.8536,0.3276,0.5698
openmrg,openmrg 2015-06-02 04,radar mfb [nearby],R+L,270,-0.2341,1.2484,0.6944,0.7908
openmrg,openmrg 2015-06-02 04,radar add [nearby],R+L,270,-0.2661,1.3271,0.6651,0.7047
openmrg,openmrg 2015-06-02 04,radar mul [nearby],R+L,270,-0.222,1.2785,0.6754,0.7952
openmrg,openmrg 2015-06-02 04,radar idw_add [nearby],R+L,270,-0.287,1.3568,0.6517,0.6711
openmrg,openmrg 2015-06-02 04,radar idw_mul [nearby],R+L,270,-0.2815,1.3598,0.6514,0.6913
openmrg,openmrg 2015-06-02 04,radar okrig_add [nearby],R+L,270,-0.331,1.3519,0.6495,0.651
openmrg,openmrg 2015-06-02 04,radar ked [nearby],R+L,270,-0.1438,1.4352,0.585,0.6364
openmrg,openmrg 2015-06-02 04,radar mfb [rnn],R+L,270,0.1402,1.3343,0.6729,0.7744
openmrg,openmrg 2015-06-02 04,radar add [rnn],R+L,270,-0.0334,1.1909,0.72,0.7296
openmrg,openmrg 2015-06-02 04,radar mul [rnn],R+L,270,-0.0886,1.2109,0.7052,0.7857
openmrg,openmrg 2015-06-02 04,radar idw_add [rnn],R+L,270,-0.0502,1.1796,0.7249,0.7516
openmrg,openmrg 2015-06-02 04,radar idw_mul [rnn],R+L,270,-0.0458,1.1922,0.7185,0.7531
openmrg,openmrg 2015-06-02 04,radar okrig_add [rnn],R+L,270,-0.0432,1.183,0.7232,0.7453
openmrg,openmrg 2015-06-02 04,radar ked [rnn],R+L,270,0.0753,1.19,0.7181,0.6267
openmrg,openmrg 2015-06-02 04,radar mfb [dynamic + gauges],R+L+G,270,1.3631,2.7901,0.6912,0.7459
openmrg,openmrg 2015-06-02 04,radar add [dynamic + gauges],R+L+G,270,2.0636,4.3687,0.6493,0.7005
openmrg,openmrg 2015-06-02 04,radar mul [dynamic + gauges],R+L+G,270,1.2032,3.0214,0.64,0.7791
openmrg,openmrg 2015-06-02 04,radar idw_add [dynamic + gauges],R+L+G,270,2.0088,4.5004,0.6208,0.7083
openmrg,openmrg 2015-06-02 04,radar idw_mul [dynamic + gauges],R+L+G,270,2.0347,4.5523,0.6172,0.7173
openmrg,openmrg 2015-06-02 04,radar okrig_add [dynamic + gauges],R+L+G,270,1.5766,3.9471,0.5968,0.7816
openmrg,openmrg 2015-06-02 04,radar ked [dynamic + gauges],R+L+G,270,2.4662,4.5718,0.5014,0.5635
openmrg,openmrg 2015-06-02 04,radar mfb [constant + gauges],R+L+G,270,-0.6066,1.4849,0.6812,0.7237
openmrg,openmrg 2015-06-02 04,radar add [constant + gauges],R+L+G,270,-0.751,1.6226,0.625,0.5068
openmrg,openmrg 2015-06-02 04,radar mul [constant + gauges],R+L+G,270,-0.5796,1.5059,0.6837,0.7892
openmrg,openmrg 2015-06-02 04,radar idw_add [constant + gauges],R+L+G,270,-0.8049,1.6914,0.5717,0.4189
openmrg,openmrg 2015-06-02 04,radar idw_mul [constant + gauges],R+L+G,270,-0.8092,1.6913,0.5782,0.396
openmrg,openmrg 2015-06-02 04,radar okrig_add [constant + gauges],R+L+G,270,-0.7967,1.6782,0.5788,0.4189
openmrg,openmrg 2015-06-02 04,radar ked [constant + gauges],R+L+G,270,-0.0997,1.8469,0.2003,0.5683
openmrg,openmrg 2015-06-02 04,radar mfb [pycomlink + gauges],R+L+G,270,-0.7317,1.6579,0.6072,0.6513
openmrg,openmrg 2015-06-02 04,radar add [pycomlink + gauges],R+L+G,270,-0.7897,1.6909,0.5407,0.4595
openmrg,openmrg 2015-06-02 04,radar mul [pycomlink + gauges],R+L+G,270,-0.6155,1.5597,0.6433,0.7892
openmrg,openmrg 2015-06-02 04,radar idw_add [pycomlink + gauges],R+L+G,270,-0.8207,1.7335,0.4958,0.3537
openmrg,openmrg 2015-06-02 04,radar idw_mul [pycomlink + gauges],R+L+G,270,-0.8268,1.7385,0.4896,0.3154
openmrg,openmrg 2015-06-02 04,radar okrig_add [pycomlink + gauges],R+L+G,270,-0.8249,1.7386,0.4921,0.3605
openmrg,openmrg 2015-06-02 04,radar ked [pycomlink + gauges],R+L+G,270,-0.3375,1.554,0.4698,0.5402
openmrg,openmrg 2015-06-02 04,radar mfb [nearby + gauges],R+L+G,270,-0.2289,1.2456,0.6953,0.7871
openmrg,openmrg 2015-06-02 04,radar add [nearby + gauges],R+L+G,270,-0.2613,1.3192,0.6659,0.7315
openmrg,openmrg 2015-06-02 04,radar mul [nearby + gauges],R+L+G,270,-0.2207,1.2775,0.6751,0.7952
openmrg,openmrg 2015-06-02 04,radar idw_add [nearby + gauges],R+L+G,270,-0.2741,1.3513,0.6519,0.7047
openmrg,openmrg 2015-06-02 04,radar idw_mul [nearby + gauges],R+L+G,270,-0.264,1.3572,0.6496,0.7067
openmrg,openmrg 2015-06-02 04,radar okrig_add [nearby + gauges],R+L+G,270,-0.3194,1.3476,0.6504,0.6711
openmrg,openmrg 2015-06-02 04,radar ked [nearby + gauges],R+L+G,270,-0.1947,1.3687,0.6237,0.6068
openmrg,openmrg 2015-06-02 04,radar mfb [rnn + gauges],R+L+G,270,0.1106,1.3151,0.6748,0.7805
openmrg,openmrg 2015-06-02 04,radar add [rnn + gauges],R+L+G,270,-0.0517,1.1827,0.7231,0.7358
openmrg,openmrg 2015-06-02 04,radar mul [rnn + gauges],R+L+G,270,-0.1005,1.2101,0.7063,0.7857
openmrg,openmrg 2015-06-02 04,radar idw_add [rnn + gauges],R+L+G,270,-0.0568,1.1747,0.727,0.7453
openmrg,openmrg 2015-06-02 04,radar idw_mul [rnn + gauges],R+L+G,270,-0.0482,1.1908,0.7187,0.7531
openmrg,openmrg 2015-06-02 04,radar okrig_add [rnn + gauges],R+L+G,270,-0.0548,1.1788,0.7249,0.7391
openmrg,openmrg 2015-06-02 04,radar ked [rnn + gauges],R+L+G,270,0.0661,1.1874,0.7184,0.5974
openmrg,openmrg 2015-06-02 04,radar okrig_add [gauges] (5 km variogram),R+G,270,-0.2886,1.2905,0.6766,0.7391
openmrg,openmrg 2015-06-02 04,radar ked [gauges] (5 km variogram),R+G,270,-0.1139,1.171,0.7322,0.678
openmrg,openmrg 2015-06-02 04,radar okrig_add [dynamic] (5 km variogram),R+L,270,1.9866,4.5929,0.5921,0.7403
openmrg,openmrg 2015-06-02 04,radar ked [dynamic] (5 km variogram),R+L,270,2.763,5.1437,0.5179,0.5796
openmrg,openmrg 2015-06-02 04,radar okrig_add [constant] (5 km variogram),R+L,270,-0.8467,1.7358,0.5444,0.3448
openmrg,openmrg 2015-06-02 04,radar ked [constant] (5 km variogram),R+L,270,-0.2874,1.7659,0.2535,0.6021
openmrg,openmrg 2015-06-02 04,radar okrig_add [pycomlink] (5 km variogram),R+L,270,-0.8563,1.767,0.4809,0.2897
openmrg,openmrg 2015-06-02 04,radar ked [pycomlink] (5 km variogram),R+L,270,-0.4401,1.8206,0.3489,0.55
openmrg,openmrg 2015-06-02 04,radar okrig_add [nearby] (5 km variogram),R+L,270,-0.3075,1.3664,0.6445,0.6711
openmrg,openmrg 2015-06-02 04,radar ked [nearby] (5 km variogram),R+L,270,-0.1401,1.4385,0.5869,0.6257
openmrg,openmrg 2015-06-02 04,radar okrig_add [rnn] (5 km variogram),R+L,270,-0.0477,1.1898,0.7195,0.75
openmrg,openmrg 2015-06-02 04,radar ked [rnn] (5 km variogram),R+L,270,0.0612,1.1915,0.7166,0.6233
openmrg,openmrg 2015-06-02 04,radar okrig_add [dynamic + gauges] (5 km variogram),R+L+G,270,1.8065,4.4991,0.5763,0.7791
openmrg,openmrg 2015-06-02 04,radar ked [dynamic + gauges] (5 km variogram),R+L+G,270,2.5629,4.9998,0.496,0.5755
openmrg,openmrg 2015-06-02 04,radar okrig_add [constant + gauges] (5 km variogram),R+L+G,270,-0.7945,1.6911,0.5487,0.4228
openmrg,openmrg 2015-06-02 04,radar ked [constant + gauges] (5 km variogram),R+L+G,270,-0.0861,1.7922,0.2173,0.5575
openmrg,openmrg 2015-06-02 04,radar okrig_add [pycomlink + gauges] (5 km variogram),R+L+G,270,-0.8041,1.7195,0.5008,0.3758
openmrg,openmrg 2015-06-02 04,radar ked [pycomlink + gauges] (5 km variogram),R+L+G,270,-0.3058,1.5339,0.4872,0.5541
openmrg,openmrg 2015-06-02 04,radar okrig_add [nearby + gauges] (5 km variogram),R+L+G,270,-0.2849,1.3561,0.6468,0.6887
openmrg,openmrg 2015-06-02 04,radar ked [nearby + gauges] (5 km variogram),R+L+G,270,-0.1659,1.3791,0.6177,0.6059
openmrg,openmrg 2015-06-02 04,radar okrig_add [rnn + gauges] (5 km variogram),R+L+G,270,-0.0617,1.1827,0.7226,0.7391
openmrg,openmrg 2015-06-02 04,radar ked [rnn + gauges] (5 km variogram),R+L+G,270,0.054,1.1905,0.7161,0.5974
openmrg,openmrg 2015-07-07 17,radar,R,400,-0.2432,1.6695,0.7324,0.7072
openmrg,openmrg 2015-07-07 17,links dynamic idw,L,400,2.1559,4.2897,0.8968,0.5778
openmrg,openmrg 2015-07-07 17,links dynamic line,L,400,1.8113,3.8078,0.8892,0.6126
openmrg,openmrg 2015-07-07 17,links constant idw,L,400,-0.2132,1.5609,0.788,0.5029
openmrg,openmrg 2015-07-07 17,links constant line,L,400,-0.2658,1.521,0.7948,0.462
openmrg,openmrg 2015-07-07 17,links pycomlink idw,L,400,0.3827,1.749,0.8903,0.6328
openmrg,openmrg 2015-07-07 17,links pycomlink line,L,400,0.2754,1.5992,0.8866,0.6494
openmrg,openmrg 2015-07-07 17,links nearby idw,L,400,0.2066,1.6041,0.8587,0.6154
openmrg,openmrg 2015-07-07 17,links nearby line,L,400,0.1286,1.4749,0.8655,0.5952
openmrg,openmrg 2015-07-07 17,links rnn idw,L,400,0.1632,1.1139,0.8916,0.7337
openmrg,openmrg 2015-07-07 17,links rnn line,L,400,0.1489,1.0792,0.8975,0.7473
openmrg,openmrg 2015-07-07 17,gauges,G,400,-0.1988,1.2801,0.8536,0.7714
openmrg,openmrg 2015-07-07 17,links dynamic + gauges,L+G,400,1.9743,4.0128,0.898,0.5821
openmrg,openmrg 2015-07-07 17,links constant + gauges,L+G,400,-0.2127,1.5165,0.7971,0.5429
openmrg,openmrg 2015-07-07 17,links pycomlink + gauges,L+G,400,0.3457,1.6521,0.8938,0.6497
openmrg,openmrg 2015-07-07 17,links nearby + gauges,L+G,400,0.1792,1.4952,0.8684,0.6353
openmrg,openmrg 2015-07-07 17,links rnn + gauges,L+G,400,0.1409,1.0747,0.8976,0.7377
openmrg,openmrg 2015-07-07 17,radar mfb [gauges],R+G,400,-0.1316,1.4864,0.7836,0.7065
openmrg,openmrg 2015-07-07 17,radar add [gauges],R+G,400,-0.2134,1.3363,0.8377,0.6966
openmrg,openmrg 2015-07-07 17,radar mul [gauges],R+G,400,-0.213,1.4128,0.816,0.7151
openmrg,openmrg 2015-07-07 17,radar idw_add [gauges],R+G,400,-0.2131,1.3349,0.8387,0.691
openmrg,openmrg 2015-07-07 17,radar idw_mul [gauges],R+G,400,0.5871,7.9404,0.2746,0.7333
openmrg,openmrg 2015-07-07 17,radar okrig_add [gauges],R+G,400,-0.1728,1.2926,0.8476,0.7159
openmrg,openmrg 2015-07-07 17,radar ked [gauges],R+G,400,0.1547,1.3037,0.8404,0.5357
openmrg,openmrg 2015-07-07 17,radar mfb [dynamic],R+L,400,1.3629,3.3432,0.7771,0.638
openmrg,openmrg 2015-07-07 17,radar add [dynamic],R+L,400,2.1346,4.2679,0.8949,0.5762
openmrg,openmrg 2015-07-07 17,radar mul [dynamic],R+L,400,1.0445,3.0938,0.8155,0.7181
openmrg,openmrg 2015-07-07 17,radar idw_add [dynamic],R+L,400,1.8462,4.2376,0.8977,0.6698
openmrg,openmrg 2015-07-07 17,radar idw_mul [dynamic],R+L,400,1.8716,4.25,0.8932,0.6744
openmrg,openmrg 2015-07-07 17,radar okrig_add [dynamic],R+L,400,1.4786,3.7636,0.8487,0.7629
openmrg,openmrg 2015-07-07 17,radar ked [dynamic],R+L,400,4.1,6.7791,0.5693,0.4105
openmrg,openmrg 2015-07-07 17,radar mfb [constant],R+L,400,-0.2964,1.6261,0.7462,0.6512
openmrg,openmrg 2015-07-07 17,radar add [constant],R+L,400,-0.2136,1.5423,0.7913,0.4944
openmrg,openmrg 2015-07-07 17,radar mul [constant],R+L,400,-0.2621,1.4432,0.8031,0.7151
openmrg,openmrg 2015-07-07 17,radar idw_add [constant],R+L,400,-0.3249,1.5773,0.7873,0.3902
openmrg,openmrg 2015-07-07 17,radar idw_mul [constant],R+L,400,-0.3376,1.5582,0.793,0.4
openmrg,openmrg 2015-07-07 17,radar okrig_add [constant],R+L,400,-0.3517,1.5641,0.7834,0.4096
openmrg,openmrg 2015-07-07 17,radar ked [constant],R+L,400,4.6518,13.681,-0.0007,0.493
openmrg,openmrg 2015-07-07 17,radar mfb [pycomlink],R+L,400,0.0614,1.6929,0.7803,0.68
openmrg,openmrg 2015-07-07 17,radar add [pycomlink],R+L,400,0.3717,1.7327,0.8886,0.6333
openmrg,openmrg 2015-07-07 17,radar mul [pycomlink],R+L,400,0.1158,1.4287,0.8557,0.7167
openmrg,openmrg 2015-07-07 17,radar idw_add [pycomlink],R+L,400,0.3271,1.7756,0.902,0.5954
openmrg,openmrg 2015-07-07 17,radar idw_mul [pycomlink],R+L,400,0.3188,1.7626,0.8998,0.5976
openmrg,openmrg 2015-07-07 17,radar okrig_add [pycomlink],R+L,400,0.2203,1.7238,0.8565,0.6176
openmrg,openmrg 2015-07-07 17,radar ked [pycomlink],R+L,400,0.8017,2.1301,0.8239,0.5259
openmrg,openmrg 2015-07-07 17,radar mfb [nearby],R+L,400,-0.0832,1.5621,0.7798,0.6437
openmrg,openmrg 2015-07-07 17,radar add [nearby],R+L,400,0.2037,1.6185,0.853,0.5988
openmrg,openmrg 2015-07-07 17,radar mul [nearby],R+L,400,-0.0091,1.3473,0.8443,0.7303
openmrg,openmrg 2015-07-07 17,radar idw_add [nearby],R+L,400,0.1864,1.6744,0.8611,0.5879
openmrg,openmrg 2015-07-07 17,radar idw_mul [nearby],R+L,400,0.1857,1.7621,0.8453,0.5714
openmrg,openmrg 2015-07-07 17,radar okrig_add [nearby],R+L,400,0.1016,1.5664,0.8527,0.5928
openmrg,openmrg 2015-07-07 17,radar ked [nearby],R+L,400,0.4359,1.7232,0.835,0.5658
openmrg,openmrg 2015-07-07 17,radar mfb [rnn],R+L,400,0.1797,1.5248,0.7989,0.709
openmrg,openmrg 2015-07-07 17,radar add [rnn],R+L,400,0.1461,1.1138,0.89,0.7297
openmrg,openmrg 2015-07-07 17,radar mul [rnn],R+L,400,-0.007,1.2156,0.86,0.7127
openmrg,openmrg 2015-07-07 17,radar idw_add [rnn],R+L,400,0.1448,1.0094,0.9117,0.7238
openmrg,openmrg 2015-07-07 17,radar idw_mul [rnn],R+L,400,0.1441,1.0306,0.9081,0.7374
openmrg,openmrg 2015-07-07 17,radar okrig_add [rnn],R+L,400,0.1294,1.046,0.9032,0.7238
openmrg,openmrg 2015-07-07 17,radar ked [rnn],R+L,400,0.3287,1.0141,0.9174,0.4718
openmrg,openmrg 2015-07-07 17,radar mfb [dynamic + gauges],R+L+G,400,1.2469,3.1346,0.7776,0.6438
openmrg,openmrg 2015-07-07 17,radar add [dynamic + gauges],R+L+G,400,1.9518,3.9884,0.8961,0.5827
openmrg,openmrg 2015-07-07 17,radar mul [dynamic + gauges],R+L+G,400,0.9532,2.8874,0.821,0.7219
openmrg,openmrg 2015-07-07 17,radar idw_add [dynamic + gauges],R+L+G,400,1.7665,4.1443,0.8975,0.6729
openmrg,openmrg 2015-07-07 17,radar idw_mul [dynamic + gauges],R+L+G,400,1.7893,4.1463,0.8939,0.6744
openmrg,openmrg 2015-07-07 17,radar okrig_add [dynamic + gauges],R+L+G,400,1.4554,3.7693,0.8448,0.7668
openmrg,openmrg 2015-07-07 17,radar ked [dynamic + gauges],R+L+G,400,3.9554,6.6234,0.5767,0.4105
openmrg,openmrg 2015-07-07 17,radar mfb [constant + gauges],R+L+G,400,-0.2913,1.6111,0.7505,0.6437
openmrg,openmrg 2015-07-07 17,radar add [constant + gauges],R+L+G,400,-0.2164,1.502,0.7994,0.5307
openmrg,openmrg 2015-07-07 17,radar mul [constant + gauges],R+L+G,400,-0.2604,1.4146,0.8121,0.7151
openmrg,openmrg 2015-07-07 17,radar idw_add [constant + gauges],R+L+G,400,-0.3132,1.5588,0.7917,0.4329
openmrg,openmrg 2015-07-07 17,radar idw_mul [constant + gauges],R+L+G,400,-0.3255,1.5369,0.7978,0.4312
openmrg,openmrg 2015-07-07 17,radar okrig_add [constant + gauges],R+L+G,400,-0.3392,1.5555,0.7862,0.4398
openmrg,openmrg 2015-07-07 17,radar ked [constant + gauges],R+L+G,400,3.4227,10.7579,0.0499,0.4273
openmrg,openmrg 2015-07-07 17,radar mfb [pycomlink + gauges],R+L+G,400,0.0427,1.6568,0.7817,0.6761
openmrg,openmrg 2015-07-07 17,radar add [pycomlink + gauges],R+L+G,400,0.3328,1.6358,0.8919,0.6444
openmrg,openmrg 2015-07-07 17,radar mul [pycomlink + gauges],R+L+G,400,0.092,1.362,0.8615,0.7207
openmrg,openmrg 2015-07-07 17,radar idw_add [pycomlink + gauges],R+L+G,400,0.3171,1.7405,0.9037,0.6069
openmrg,openmrg 2015-07-07 17,radar idw_mul [pycomlink + gauges],R+L+G,400,0.3083,1.7183,0.9025,0.619
openmrg,openmrg 2015-07-07 17,radar okrig_add [pycomlink + gauges],R+L+G,400,0.2209,1.7297,0.8559,0.6235
openmrg,openmrg 2015-07-07 17,radar ked [pycomlink + gauges],R+L+G,400,0.718,2.0317,0.8343,0.5076
openmrg,openmrg 2015-07-07 17,radar mfb [nearby + gauges],R+L+G,400,-0.0909,1.5417,0.7823,0.6609
openmrg,openmrg 2015-07-07 17,radar add [nearby + gauges],R+L+G,400,0.1741,1.5104,0.8625,0.6105
openmrg,openmrg 2015-07-07 17,radar mul [nearby + gauges],R+L+G,400,-0.0258,1.2788,0.8553,0.7303
openmrg,openmrg 2015-07-07 17,radar idw_add [nearby + gauges],R+L+G,400,0.1662,1.5825,0.8688,0.6121
openmrg,openmrg 2015-07-07 17,radar idw_mul [nearby + gauges],R+L+G,400,0.1581,1.634,0.8579,0.5839
openmrg,openmrg 2015-07-07 17,radar okrig_add [nearby + gauges],R+L+G,400,0.0941,1.5411,0.8543,0.6048
openmrg,openmrg 2015-07-07 17,radar ked [nearby + gauges],R+L+G,400,0.5027,1.7034,0.8362,0.4733
openmrg,openmrg 2015-07-07 17,radar mfb [rnn + gauges],R+L+G,400,0.151,1.5092,0.7987,0.709
openmrg,openmrg 2015-07-07 17,radar add [rnn + gauges],R+L+G,400,0.1226,1.0753,0.8961,0.7377
openmrg,openmrg 2015-07-07 17,radar mul [rnn + gauges],R+L+G,400,-0.0213,1.1953,0.8653,0.7167
openmrg,openmrg 2015-07-07 17,radar idw_add [rnn + gauges],R+L+G,400,0.1352,0.9852,0.9156,0.7318
openmrg,openmrg 2015-07-07 17,radar idw_mul [rnn + gauges],R+L+G,400,0.1356,1.0101,0.9114,0.7458
openmrg,openmrg 2015-07-07 17,radar okrig_add [rnn + gauges],R+L+G,400,0.1238,1.0325,0.9055,0.7374
openmrg,openmrg 2015-07-07 17,radar ked [rnn + gauges],R+L+G,400,0.3138,0.9871,0.9214,0.4595
openmrg,openmrg 2015-07-07 17,radar okrig_add [gauges] (5 km variogram),R+G,400,-0.2321,1.3879,0.8237,0.676
openmrg,openmrg 2015-07-07 17,radar ked [gauges] (5 km variogram),R+G,400,0.1549,1.3987,0.8128,0.5401
openmrg,openmrg 2015-07-07 17,radar okrig_add [dynamic] (5 km variogram),R+L,400,1.6127,4.0731,0.8429,0.7708
openmrg,openmrg 2015-07-07 17,radar ked [dynamic] (5 km variogram),R+L,400,3.835,6.9332,0.5661,0.4278
openmrg,openmrg 2015-07-07 17,radar okrig_add [constant] (5 km variogram),R+L,400,-0.3536,1.5945,0.7775,0.3963
openmrg,openmrg 2015-07-07 17,radar ked [constant] (5 km variogram),R+L,400,3.3878,10.4452,0.0489,0.4912
openmrg,openmrg 2015-07-07 17,radar okrig_add [pycomlink] (5 km variogram),R+L,400,0.2613,1.7779,0.8627,0.5965
openmrg,openmrg 2015-07-07 17,radar ked [pycomlink] (5 km variogram),R+L,400,0.792,2.0968,0.8336,0.5038
openmrg,openmrg 2015-07-07 17,radar okrig_add [nearby] (5 km variogram),R+L,400,0.1229,1.5793,0.8586,0.5749
openmrg,openmrg 2015-07-07 17,radar ked [nearby] (5 km variogram),R+L,400,0.4058,1.6941,0.8464,0.5165
openmrg,openmrg 2015-07-07 17,radar okrig_add [rnn] (5 km variogram),R+L,400,0.1283,1.0272,0.9076,0.7072
openmrg,openmrg 2015-07-07 17,radar ked [rnn] (5 km variogram),R+L,400,0.3379,1.0113,0.9186,0.4554
openmrg,openmrg 2015-07-07 17,radar okrig_add [dynamic + gauges] (5 km variogram),R+L+G,400,1.5449,3.9768,0.8381,0.7749
openmrg,openmrg 2015-07-07 17,radar ked [dynamic + gauges] (5 km variogram),R+L+G,400,3.6665,6.7889,0.5632,0.4314
openmrg,openmrg 2015-07-07 17,radar okrig_add [constant + gauges] (5 km variogram),R+L+G,400,-0.3347,1.5699,0.7828,0.4451
openmrg,openmrg 2015-07-07 17,radar ked [constant + gauges] (5 km variogram),R+L+G,400,2.6439,8.6075,0.095,0.4086
openmrg,openmrg 2015-07-07 17,radar okrig_add [pycomlink + gauges] (5 km variogram),R+L+G,400,0.2463,1.7275,0.8643,0.6082
openmrg,openmrg 2015-07-07 17,radar ked [pycomlink + gauges] (5 km variogram),R+L+G,400,0.7097,1.9778,0.8442,0.453
openmrg,openmrg 2015-07-07 17,radar okrig_add [nearby + gauges] (5 km variogram),R+L+G,400,0.11,1.5171,0.8637,0.5928
openmrg,openmrg 2015-07-07 17,radar ked [nearby + gauges] (5 km variogram),R+L+G,400,0.481,1.6399,0.8509,0.4222
openmrg,openmrg 2015-07-07 17,radar okrig_add [rnn + gauges] (5 km variogram),R+L+G,400,0.115,0.998,0.9122,0.7095
openmrg,openmrg 2015-07-07 17,radar ked [rnn + gauges] (5 km variogram),R+L+G,400,0.3203,0.9717,0.9245,0.4569
openmrg,openmrg 2015-07-19 14,radar,R,110,0.6415,1.5443,0.6294,0.8235
openmrg,openmrg 2015-07-19 14,links dynamic idw,L,110,1.2169,2.7799,0.8299,0.8095
openmrg,openmrg 2015-07-19 14,links dynamic line,L,110,0.9417,2.3607,0.8381,0.8395
openmrg,openmrg 2015-07-19 14,links constant idw,L,110,-0.7179,1.1434,0.8047,0.2105
openmrg,openmrg 2015-07-19 14,links constant line,L,110,-0.7506,1.1921,0.7969,0.1711
openmrg,openmrg 2015-07-19 14,links pycomlink idw,L,110,-0.0617,1.1254,0.8522,0.6494
openmrg,openmrg 2015-07-19 14,links pycomlink line,L,110,-0.1467,1.0165,0.8572,0.6447
openmrg,openmrg 2015-07-19 14,links nearby idw,L,110,-0.241,1.7665,0.7082,0.3816
openmrg,openmrg 2015-07-19 14,links nearby line,L,110,-0.316,1.6415,0.7033,0.3553
openmrg,openmrg 2015-07-19 14,links rnn idw,L,110,0.2412,0.8586,0.8631,0.8228
openmrg,openmrg 2015-07-19 14,links rnn line,L,110,0.1998,0.811,0.8695,0.8228
openmrg,openmrg 2015-07-19 14,gauges,G,110,-0.1337,1.1712,0.6095,0.875
openmrg,openmrg 2015-07-19 14,links dynamic + gauges,L+G,110,1.1253,2.5899,0.8369,0.8293
openmrg,openmrg 2015-07-19 14,links constant + gauges,L+G,110,-0.6507,1.093,0.8071,0.2763
openmrg,openmrg 2015-07-19 14,links pycomlink + gauges,L+G,110,-0.0498,1.0593,0.8603,0.7051
openmrg,openmrg 2015-07-19 14,links nearby + gauges,L+G,110,-0.2039,1.7027,0.7141,0.4286
openmrg,openmrg 2015-07-19 14,links rnn + gauges,L+G,110,0.2307,0.8256,0.8695,0.8125
openmrg,openmrg 2015-07-19 14,radar mfb [gauges],R+G,110,-0.1266,1.0872,0.6668,0.8171
openmrg,openmrg 2015-07-19 14,radar add [gauges],R+G,110,-0.0325,1.2062,0.6781,0.775
openmrg,openmrg 2015-07-19 14,radar mul [gauges],R+G,110,0.2038,1.0078,0.7912,0.8313
openmrg,openmrg 2015-07-19 14,radar idw_add [gauges],R+G,110,-0.0751,1.1655,0.6763,0.7778
openmrg,openmrg 2015-07-19 14,radar idw_mul [gauges],R+G,110,0.0225,0.9222,0.8632,0.8354
openmrg,openmrg 2015-07-19 14,radar okrig_add [gauges],R+G,110,-0.1377,1.1702,0.6604,0.7778
openmrg,openmrg 2015-07-19 14,radar ked [gauges],R+G,110,-0.0388,1.3482,0.4163,0.75
openmrg,openmrg 2015-07-19 14,radar mfb [dynamic],R+L,110,0.8571,1.8691,0.7158,0.8118
openmrg,openmrg 2015-07-19 14,radar add [dynamic],R+L,110,1.2058,2.7844,0.812,0.8072
openmrg,openmrg 2015-07-19 14,radar mul [dynamic],R+L,110,1.0771,2.3865,0.8595,0.8333
openmrg,openmrg 2015-07-19 14,radar idw_add [dynamic],R+L,110,1.1365,2.9536,0.8109,0.7927
openmrg,openmrg 2015-07-19 14,radar idw_mul [dynamic],R+L,110,1.1431,2.9545,0.8427,0.8049
openmrg,openmrg 2015-07-19 14,radar okrig_add [dynamic],R+L,110,0.8705,2.6368,0.8085,0.7531
openmrg,openmrg 2015-07-19 14,radar ked [dynamic],R+L,110,1.565,3.1819,0.7091,0.6667
openmrg,openmrg 2015-07-19 14,radar mfb [constant],R+L,110,-0.5674,1.2225,0.797,0.8182
openmrg,openmrg 2015-07-19 14,radar add [constant],R+L,110,-0.6594,1.2639,0.6684,0.3247
openmrg,openmrg 2015-07-19 14,radar mul [constant],R+L,110,-0.3163,0.8222,0.865,0.8434
openmrg,openmrg 2015-07-19 14,radar idw_add [constant],R+L,110,-0.6862,1.2184,0.7192,0.2208
openmrg,openmrg 2015-07-19 14,radar idw_mul [constant],R+L,110,-0.7143,1.104,0.814,0.1579
openmrg,openmrg 2015-07-19 14,radar okrig_add [constant],R+L,110,-0.7089,1.3121,0.6477,0.2468
openmrg,openmrg 2015-07-19 14,radar ked [constant],R+L,110,1.3137,3.6579,0.3036,0.6854
openmrg,openmrg 2015-07-19 14,radar mfb [pycomlink],R+L,110,-0.1505,0.9185,0.7804,0.8171
openmrg,openmrg 2015-07-19 14,radar add [pycomlink],R+L,110,-0.0497,1.2247,0.8117,0.5844
openmrg,openmrg 2015-07-19 14,radar mul [pycomlink],R+L,110,0.1706,1.007,0.879,0.8434
openmrg,openmrg 2015-07-19 14,radar idw_add [pycomlink],R+L,110,0.0047,1.409,0.8149,0.5844
openmrg,openmrg 2015-07-19 14,radar idw_mul [pycomlink],R+L,110,-0.0005,1.3765,0.8582,0.5789
openmrg,openmrg 2015-07-19 14,radar okrig_add [pycomlink],R+L,110,-0.0444,1.3407,0.8076,0.5897
openmrg,openmrg 2015-07-19 14,radar ked [pycomlink],R+L,110,0.0904,1.3402,0.8188,0.7625
openmrg,openmrg 2015-07-19 14,radar mfb [nearby],R+L,110,-0.3839,0.8861,0.8538,0.8182
openmrg,openmrg 2015-07-19 14,radar add [nearby],R+L,110,-0.197,1.7932,0.6812,0.4286
openmrg,openmrg 2015-07-19 14,radar mul [nearby],R+L,110,0.0425,1.3794,0.7825,0.8434
openmrg,openmrg 2015-07-19 14,radar idw_add [nearby],R+L,110,-0.1933,2.0741,0.6651,0.3247
openmrg,openmrg 2015-07-19 14,radar idw_mul [nearby],R+L,110,-0.2318,2.0436,0.706,0.3026
openmrg,openmrg 2015-07-19 14,radar okrig_add [nearby],R+L,110,-0.2536,2.0038,0.6472,0.3506
openmrg,openmrg 2015-07-19 14,radar ked [nearby],R+L,110,0.1534,2.0627,0.6278,0.5684
openmrg,openmrg 2015-07-19 14,radar mfb [rnn],R+L,110,0.2604,1.0886,0.7317,0.8072
openmrg,openmrg 2015-07-19 14,radar add [rnn],R+L,110,0.2346,1.0012,0.8069,0.8
openmrg,openmrg 2015-07-19 14,radar mul [rnn],R+L,110,0.351,0.8756,0.8718,0.8333
openmrg,openmrg 2015-07-19 14,radar idw_add [rnn],R+L,110,0.26,0.9823,0.8306,0.8025
openmrg,openmrg 2015-07-19 14,radar idw_mul [rnn],R+L,110,0.2566,0.8601,0.8859,0.825
openmrg,openmrg 2015-07-19 14,radar okrig_add [rnn],R+L,110,0.2184,0.9748,0.8171,0.8
openmrg,openmrg 2015-07-19 14,radar ked [rnn],R+L,110,0.3396,0.9269,0.8451,0.7188
openmrg,openmrg 2015-07-19 14,radar mfb [dynamic + gauges],R+L+G,110,0.7733,1.7299,0.7257,0.8118
openmrg,openmrg 2015-07-19 14,radar add [dynamic + gauges],R+L+G,110,1.122,2.6219,0.8182,0.8395
openmrg,openmrg 2015-07-19 14,radar mul [dynamic + gauges],R+L+G,110,1.0312,2.291,0.8666,0.8434
openmrg,openmrg 2015-07-19 14,radar idw_add [dynamic + gauges],R+L+G,110,1.106,2.8487,0.8213,0.7927
openmrg,openmrg 2015-07-19 14,radar idw_mul [dynamic + gauges],R+L+G,110,1.1175,2.8813,0.8504,0.8049
openmrg,openmrg 2015-07-19 14,radar okrig_add [dynamic + gauges],R+L+G,110,0.8629,2.6129,0.8115,0.7654
openmrg,openmrg 2015-07-19 14,radar ked [dynamic + gauges],R+L+G,110,1.5243,3.033,0.7296,0.6759
openmrg,openmrg 2015-07-19 14,radar mfb [constant + gauges],R+L+G,110,-0.5464,1.2105,0.7773,0.8077
openmrg,openmrg 2015-07-19 14,radar add [constant + gauges],R+L+G,110,-0.5985,1.2112,0.6878,0.4026
openmrg,openmrg 2015-07-19 14,radar mul [constant + gauges],R+L+G,110,-0.265,0.7862,0.8703,0.8434
openmrg,openmrg 2015-07-19 14,radar idw_add [constant + gauges],R+L+G,110,-0.6369,1.181,0.7273,0.3247
openmrg,openmrg 2015-07-19 14,radar idw_mul [constant + gauges],R+L+G,110,-0.6532,1.0484,0.8248,0.25
openmrg,openmrg 2015-07-19 14,radar okrig_add [constant + gauges],R+L+G,110,-0.6702,1.2636,0.6736,0.3117
openmrg,openmrg 2015-07-19 14,radar ked [constant + gauges],R+L+G,110,0.3484,1.4162,0.592,0.6727
openmrg,openmrg 2015-07-19 14,radar mfb [pycomlink + gauges],R+L+G,110,-0.15,0.9232,0.7777,0.8171
openmrg,openmrg 2015-07-19 14,radar add [pycomlink + gauges],R+L+G,110,-0.0343,1.19,0.8168,0.6104
openmrg,openmrg 2015-07-19 14,radar mul [pycomlink + gauges],R+L+G,110,0.1873,0.9886,0.8828,0.8434
openmrg,openmrg 2015-07-19 14,radar idw_add [pycomlink + gauges],R+L+G,110,0.024,1.3592,0.827,0.6623
openmrg,openmrg 2015-07-19 14,radar idw_mul [pycomlink + gauges],R+L+G,110,0.0249,1.3475,0.8666,0.6316
openmrg,openmrg 2015-07-19 14,radar okrig_add [pycomlink + gauges],R+L+G,110,-0.0076,1.3354,0.8151,0.6538
openmrg,openmrg 2015-07-19 14,radar ked [pycomlink + gauges],R+L+G,110,0.119,1.2467,0.8395,0.7647
openmrg,openmrg 2015-07-19 14,radar mfb [nearby + gauges],R+L+G,110,-0.3754,0.8891,0.8513,0.8182
openmrg,openmrg 2015-07-19 14,radar add [nearby + gauges],R+L+G,110,-0.1631,1.7479,0.6879,0.4935
openmrg,openmrg 2015-07-19 14,radar mul [nearby + gauges],R+L+G,110,0.0762,1.3436,0.7905,0.8434
openmrg,openmrg 2015-07-19 14,radar idw_add [nearby + gauges],R+L+G,110,-0.1606,2.0682,0.668,0.3896
openmrg,openmrg 2015-07-19 14,radar idw_mul [nearby + gauges],R+L+G,110,-0.1812,2.027,0.7136,0.3684
openmrg,openmrg 2015-07-19 14,radar okrig_add [nearby + gauges],R+L+G,110,-0.214,2.0531,0.6472,0.4026
openmrg,openmrg 2015-07-19 14,radar ked [nearby + gauges],R+L+G,110,0.225,1.9565,0.6524,0.6429
openmrg,openmrg 2015-07-19 14,radar mfb [rnn + gauges],R+L+G,110,0.228,1.0596,0.7358,0.8072
openmrg,openmrg 2015-07-19 14,radar add [rnn + gauges],R+L+G,110,0.2315,0.9792,0.8145,0.8
openmrg,openmrg 2015-07-19 14,radar mul [rnn + gauges],R+L+G,110,0.3506,0.8521,0.8792,0.8333
openmrg,openmrg 2015-07-19 14,radar idw_add [rnn + gauges],R+L+G,110,0.2722,0.9557,0.8421,0.825
openmrg,openmrg 2015-07-19 14,radar idw_mul [rnn + gauges],R+L+G,110,0.2692,0.8493,0.8933,0.825
openmrg,openmrg 2015-07-19 14,radar okrig_add [rnn + gauges],R+L+G,110,0.2295,0.9551,0.8275,0.8125
openmrg,openmrg 2015-07-19 14,radar ked [rnn + gauges],R+L+G,110,0.3107,0.8783,0.8597,0.7188
openmrg,openmrg 2015-07-19 14,radar okrig_add [gauges] (5 km variogram),R+G,110,-0.0838,1.2075,0.6542,0.7531
openmrg,openmrg 2015-07-19 14,radar ked [gauges] (5 km variogram),R+G,110,0.0604,1.442,0.3725,0.7451
openmrg,openmrg 2015-07-19 14,radar okrig_add [dynamic] (5 km variogram),R+L,110,0.9673,2.8299,0.8127,0.7284
openmrg,openmrg 2015-07-19 14,radar ked [dynamic] (5 km variogram),R+L,110,1.499,3.1776,0.7394,0.6822
openmrg,openmrg 2015-07-19 14,radar okrig_add [constant] (5 km variogram),R+L,110,-0.7191,1.286,0.6776,0.2468
openmrg,openmrg 2015-07-19 14,radar ked [constant] (5 km variogram),R+L,110,1.2991,3.5482,0.2881,0.7093
openmrg,openmrg 2015-07-19 14,radar okrig_add [pycomlink] (5 km variogram),R+L,110,-0.0332,1.3538,0.8216,0.5769
openmrg,openmrg 2015-07-19 14,radar ked [pycomlink] (5 km variogram),R+L,110,0.0782,1.3353,0.8329,0.7342
openmrg,openmrg 2015-07-19 14,radar okrig_add [nearby] (5 km variogram),R+L,110,-0.2424,2.0654,0.6602,0.3117
openmrg,openmrg 2015-07-19 14,radar ked [nearby] (5 km variogram),R+L,110,0.1385,2.0777,0.658,0.573
openmrg,openmrg 2015-07-19 14,radar okrig_add [rnn] (5 km variogram),R+L,110,0.2318,0.9494,0.8318,0.7901
openmrg,openmrg 2015-07-19 14,radar ked [rnn] (5 km variogram),R+L,110,0.337,0.9187,0.852,0.7083
openmrg,openmrg 2015-07-19 14,radar okrig_add [dynamic + gauges] (5 km variogram),R+L+G,110,0.9494,2.7602,0.8186,0.7778
openmrg,openmrg 2015-07-19 14,radar ked [dynamic + gauges] (5 km variogram),R+L+G,110,1.4431,2.9919,0.7561,0.6729
openmrg,openmrg 2015-07-19 14,radar okrig_add [constant + gauges] (5 km variogram),R+L+G,110,-0.6276,1.2055,0.7039,0.3377
openmrg,openmrg 2015-07-19 14,radar ked [constant + gauges] (5 km variogram),R+L+G,110,0.3573,1.3853,0.6213,0.7129
openmrg,openmrg 2015-07-19 14,radar okrig_add [pycomlink + gauges] (5 km variogram),R+L+G,110,0.0082,1.3184,0.8346,0.6282
openmrg,openmrg 2015-07-19 14,radar ked [pycomlink + gauges] (5 km variogram),R+L+G,110,0.1094,1.2191,0.8542,0.7176
openmrg,openmrg 2015-07-19 14,radar okrig_add [nearby + gauges] (5 km variogram),R+L+G,110,-0.1683,2.0443,0.6742,0.4026
openmrg,openmrg 2015-07-19 14,radar ked [nearby + gauges] (5 km variogram),R+L+G,110,0.1929,1.9992,0.6823,0.5918
openmrg,openmrg 2015-07-19 14,radar okrig_add [rnn + gauges] (5 km variogram),R+L+G,110,0.2466,0.929,0.8439,0.8
openmrg,openmrg 2015-07-19 14,radar ked [rnn + gauges] (5 km variogram),R+L+G,110,0.3171,0.8699,0.8675,0.7158
openmrg,openmrg 2015-07-25 05,radar,R,100,0.0532,1.2476,0.5136,0.8025
openmrg,openmrg 2015-07-25 05,links dynamic idw,L,100,2.6083,4.8448,0.8511,0.9012
openmrg,openmrg 2015-07-25 05,links dynamic line,L,100,2.2256,4.2128,0.8557,0.8765
openmrg,openmrg 2015-07-25 05,links constant idw,L,100,-0.9113,1.6819,-0.0189,0.3377
openmrg,openmrg 2015-07-25 05,links constant line,L,100,-0.9276,1.6902,-0.0276,0.1667
openmrg,openmrg 2015-07-25 05,links pycomlink idw,L,100,-0.072,0.9031,0.8989,0.7895
openmrg,openmrg 2015-07-25 05,links pycomlink line,L,100,-0.13,0.7842,0.9076,0.8158
openmrg,openmrg 2015-07-25 05,links nearby idw,L,100,-0.2468,0.9419,0.8762,0.6533
openmrg,openmrg 2015-07-25 05,links nearby line,L,100,-0.329,0.8313,0.8853,0.56
openmrg,openmrg 2015-07-25 05,links rnn idw,L,100,0.036,0.6498,0.8916,0.8148
openmrg,openmrg 2015-07-25 05,links rnn line,L,100,0.0343,0.6335,0.8969,0.8519
openmrg,openmrg 2015-07-25 05,gauges,G,100,-0.2278,0.5782,0.9384,0.9211
openmrg,openmrg 2015-07-25 05,links dynamic + gauges,L+G,100,2.408,4.5826,0.846,0.9125
openmrg,openmrg 2015-07-25 05,links constant + gauges,L+G,100,-0.8567,1.5899,0.3598,0.4805
openmrg,openmrg 2015-07-25 05,links pycomlink + gauges,L+G,100,-0.0716,0.8744,0.9017,0.8421
openmrg,openmrg 2015-07-25 05,links nearby + gauges,L+G,100,-0.2339,0.9096,0.881,0.7067
openmrg,openmrg 2015-07-25 05,links rnn + gauges,L+G,100,0.0233,0.6183,0.901,0.8272
openmrg,openmrg 2015-07-25 05,radar mfb [gauges],R+G,100,-0.177,0.7095,0.8726,0.8765
openmrg,openmrg 2015-07-25 05,radar add [gauges],R+G,100,-0.1891,0.5159,0.9445,0.9211
openmrg,openmrg 2015-07-25 05,radar mul [gauges],R+G,100,-0.1355,0.7018,0.8725,0.8025
openmrg,openmrg 2015-07-25 05,radar idw_add [gauges],R+G,100,-0.1919,0.514,0.9474,0.9342
openmrg,openmrg 2015-07-25 05,radar idw_mul [gauges],R+G,100,-0.1596,0.6892,0.8857,0.9211
openmrg,openmrg 2015-07-25 05,radar okrig_add [gauges],R+G,100,-0.2286,0.5665,0.9407,0.9342
openmrg,openmrg 2015-07-25 05,radar ked [gauges],R+G,100,-0.2202,0.5807,0.9407,0.9091
openmrg,openmrg 2015-07-25 05,radar mfb [dynamic],R+L,100,0.9364,2.0128,0.8711,0.8353
openmrg,openmrg 2015-07-25 05,radar add [dynamic],R+L,100,2.6141,4.854,0.8514,0.8889
openmrg,openmrg 2015-07-25 05,radar mul [dynamic],R+L,100,0.9895,2.0983,0.8542,0.8659
openmrg,openmrg 2015-07-25 05,radar idw_add [dynamic],R+L,100,2.274,4.6145,0.8363,0.875
openmrg,openmrg 2015-07-25 05,radar idw_mul [dynamic],R+L,100,2.2465,4.6312,0.8239,0.8861
openmrg,openmrg 2015-07-25 05,radar okrig_add [dynamic],R+L,100,1.8339,3.895,0.8226,0.9
openmrg,openmrg 2015-07-25 05,radar ked [dynamic],R+L,100,2.6313,4.6104,0.7278,0.7732
openmrg,openmrg 2015-07-25 05,radar mfb [constant],R+L,100,-0.7562,1.5276,0.4562,0.7778
openmrg,openmrg 2015-07-25 05,radar add [constant],R+L,100,-0.8874,1.6451,0.1821,0.3636
openmrg,openmrg 2015-07-25 05,radar mul [constant],R+L,100,-0.6538,1.4776,0.3966,0.7901
openmrg,openmrg 2015-07-25 05,radar idw_add [constant],R+L,100,-0.9739,1.6996,0.205,0.0667
openmrg,openmrg 2015-07-25 05,radar idw_mul [constant],R+L,100,-0.9952,1.7202,0.1235,0.0267
openmrg,openmrg 2015-07-25 05,radar okrig_add [constant],R+L,100,-0.9678,1.6953,0.1926,0.1067
openmrg,openmrg 2015-07-25 05,radar ked [constant],R+L,100,8.0446,14.6464,-0.0529,0.7531
openmrg,openmrg 2015-07-25 05,radar mfb [pycomlink],R+L,100,-0.236,0.8768,0.8516,0.7654
openmrg,openmrg 2015-07-25 05,radar add [pycomlink],R+L,100,-0.0646,0.9074,0.8992,0.8158
openmrg,openmrg 2015-07-25 05,radar mul [pycomlink],R+L,100,-0.1029,0.8055,0.8715,0.8395
openmrg,openmrg 2015-07-25 05,radar idw_add [pycomlink],R+L,100,-0.1206,0.9733,0.8824,0.7368
openmrg,openmrg 2015-07-25 05,radar idw_mul [pycomlink],R+L,100,-0.1469,1.0021,0.8699,0.7368
openmrg,openmrg 2015-07-25 05,radar okrig_add [pycomlink],R+L,100,-0.2418,0.7602,0.8939,0.7051
openmrg,openmrg 2015-07-25 05,radar ked [pycomlink],R+L,100,0.1465,0.964,0.8337,0.7647
openmrg,openmrg 2015-07-25 05,radar mfb [nearby],R+L,100,-0.3395,0.8124,0.8571,0.7654
openmrg,openmrg 2015-07-25 05,radar add [nearby],R+L,100,-0.2376,0.9443,0.8765,0.5867
openmrg,openmrg 2015-07-25 05,radar mul [nearby],R+L,100,-0.1902,0.8397,0.8525,0.8272
openmrg,openmrg 2015-07-25 05,radar idw_add [nearby],R+L,100,-0.3208,1.0087,0.8584,0.48
openmrg,openmrg 2015-07-25 05,radar idw_mul [nearby],R+L,100,-0.3384,1.0328,0.8502,0.4667
openmrg,openmrg 2015-07-25 05,radar okrig_add [nearby],R+L,100,-0.4366,0.8691,0.8658,0.48
openmrg,openmrg 2015-07-25 05,radar ked [nearby],R+L,100,-0.011,1.1946,0.708,0.6914
openmrg,openmrg 2015-07-25 05,radar mfb [rnn],R+L,100,-0.1112,0.7941,0.8598,0.8765
openmrg,openmrg 2015-07-25 05,radar add [rnn],R+L,100,0.0414,0.6269,0.8992,0.8272
openmrg,openmrg 2015-07-25 05,radar mul [rnn],R+L,100,-0.1066,0.6051,0.9113,0.8519
openmrg,openmrg 2015-07-25 05,radar idw_add [rnn],R+L,100,0.0304,0.6202,0.9,0.8148
openmrg,openmrg 2015-07-25 05,radar idw_mul [rnn],R+L,100,0.0072,0.6429,0.8912,0.8148
openmrg,openmrg 2015-07-25 05,radar okrig_add [rnn],R+L,100,0.0302,0.6075,0.9041,0.8272
openmrg,openmrg 2015-07-25 05,radar ked [rnn],R+L,100,0.1092,0.6407,0.8967,0.7582
openmrg,openmrg 2015-07-25 05,radar mfb [dynamic + gauges],R+L+G,100,0.8704,1.9633,0.8739,0.8452
openmrg,openmrg 2015-07-25 05,radar add [dynamic + gauges],R+L+G,100,2.4153,4.5971,0.8466,0.9
openmrg,openmrg 2015-07-25 05,radar mul [dynamic + gauges],R+L+G,100,0.9373,2.049,0.8593,0.8659
openmrg,openmrg 2015-07-25 05,radar idw_add [dynamic + gauges],R+L+G,100,2.1858,4.5288,0.8322,0.875
openmrg,openmrg 2015-07-25 05,radar idw_mul [dynamic + gauges],R+L+G,100,2.1638,4.5586,0.8198,0.8861
openmrg,openmrg 2015-07-25 05,radar okrig_add [dynamic + gauges],R+L+G,100,1.7946,3.9006,0.8158,0.8987
openmrg,openmrg 2015-07-25 05,radar ked [dynamic + gauges],R+L+G,100,2.5361,4.5303,0.7232,0.7708
openmrg,openmrg 2015-07-25 05,radar mfb [constant + gauges],R+L+G,100,-0.75,1.5259,0.4504,0.7778
openmrg,openmrg 2015-07-25 05,radar add [constant + gauges],R+L+G,100,-0.8416,1.569,0.3962,0.3947
openmrg,openmrg 2015-07-25 05,radar mul [constant + gauges],R+L+G,100,-0.6162,1.4115,0.5261,0.7901
openmrg,openmrg 2015-07-25 05,radar idw_add [constant + gauges],R+L+G,100,-0.9333,1.6444,0.3214,0.16
openmrg,openmrg 2015-07-25 05,radar idw_mul [constant + gauges],R+L+G,100,-0.9519,1.6612,0.3001,0.1467
openmrg,openmrg 2015-07-25 05,radar okrig_add [constant + gauges],R+L+G,100,-0.9411,1.6576,0.3153,0.1467
openmrg,openmrg 2015-07-25 05,radar ked [constant + gauges],R+L+G,100,3.6203,8.4403,-0.1369,0.7582
openmrg,openmrg 2015-07-25 05,radar mfb [pycomlink + gauges],R+L+G,100,-0.2299,0.851,0.8552,0.7901
openmrg,openmrg 2015-07-25 05,radar add [pycomlink + gauges],R+L+G,100,-0.063,0.8814,0.9024,0.8158
openmrg,openmrg 2015-07-25 05,radar mul [pycomlink + gauges],R+L+G,100,-0.0962,0.7918,0.8741,0.8395
openmrg,openmrg 2015-07-25 05,radar idw_add [pycomlink + gauges],R+L+G,100,-0.1072,0.9668,0.8859,0.7368
openmrg,openmrg 2015-07-25 05,radar idw_mul [pycomlink + gauges],R+L+G,100,-0.1315,0.9922,0.8746,0.75
openmrg,openmrg 2015-07-25 05,radar okrig_add [pycomlink + gauges],R+L+G,100,-0.2262,0.7586,0.896,0.7273
openmrg,openmrg 2015-07-25 05,radar ked [pycomlink + gauges],R+L+G,100,0.1296,0.9213,0.8453,0.7765
openmrg,openmrg 2015-07-25 05,radar mfb [nearby + gauges],R+L+G,100,-0.3318,0.8046,0.8585,0.7654
openmrg,openmrg 2015-07-25 05,radar add [nearby + gauges],R+L+G,100,-0.2238,0.9144,0.8817,0.6267
openmrg,openmrg 2015-07-25 05,radar mul [nearby + gauges],R+L+G,100,-0.1777,0.8215,0.857,0.8272
openmrg,openmrg 2015-07-25 05,radar idw_add [nearby + gauges],R+L+G,100,-0.3002,0.991,0.8633,0.5
openmrg,openmrg 2015-07-25 05,radar idw_mul [nearby + gauges],R+L+G,100,-0.3134,1.0177,0.8555,0.5067
openmrg,openmrg 2015-07-25 05,radar okrig_add [nearby + gauges],R+L+G,100,-0.4161,0.8562,0.869,0.5067
openmrg,openmrg 2015-07-25 05,radar ked [nearby + gauges],R+L+G,100,-0.1855,0.8859,0.8347,0.747
openmrg,openmrg 2015-07-25 05,radar mfb [rnn + gauges],R+L+G,100,-0.1195,0.779,0.8625,0.8765
openmrg,openmrg 2015-07-25 05,radar add [rnn + gauges],R+L+G,100,0.0298,0.5942,0.9089,0.8272
openmrg,openmrg 2015-07-25 05,radar mul [rnn + gauges],R+L+G,100,-0.1039,0.5991,0.9128,0.8519
openmrg,openmrg 2015-07-25 05,radar idw_add [rnn + gauges],R+L+G,100,0.0265,0.6028,0.9056,0.8148
openmrg,openmrg 2015-07-25 05,radar idw_mul [rnn + gauges],R+L+G,100,0.0056,0.6274,0.8966,0.8148
openmrg,openmrg 2015-07-25 05,radar okrig_add [rnn + gauges],R+L+G,100,0.0253,0.5908,0.9092,0.8272
openmrg,openmrg 2015-07-25 05,radar ked [rnn + gauges],R+L+G,100,0.1071,0.6236,0.9019,0.7582
openmrg,openmrg 2015-07-25 05,radar okrig_add [gauges] (5 km variogram),R+G,100,-0.2141,0.5559,0.9383,0.9333
openmrg,openmrg 2015-07-25 05,radar ked [gauges] (5 km variogram),R+G,100,-0.2056,0.5646,0.9376,0.8961
openmrg,openmrg 2015-07-25 05,radar okrig_add [dynamic] (5 km variogram),R+L,100,2.0598,4.4196,0.7974,0.8987
openmrg,openmrg 2015-07-25 05,radar ked [dynamic] (5 km variogram),R+L,100,2.7226,5.0136,0.7112,0.7579
openmrg,openmrg 2015-07-25 05,radar okrig_add [constant] (5 km variogram),R+L,100,-0.978,1.7037,0.2162,0.08
openmrg,openmrg 2015-07-25 05,radar ked [constant] (5 km variogram),R+L,100,6.2415,12.3958,-0.0397,0.7407
openmrg,openmrg 2015-07-25 05,radar okrig_add [pycomlink] (5 km variogram),R+L,100,-0.1795,0.8744,0.8777,0.6753
openmrg,openmrg 2015-07-25 05,radar ked [pycomlink] (5 km variogram),R+L,100,0.2449,1.3338,0.7598,0.7586
openmrg,openmrg 2015-07-25 05,radar okrig_add [nearby] (5 km variogram),R+L,100,-0.3841,1.0117,0.8325,0.48
openmrg,openmrg 2015-07-25 05,radar ked [nearby] (5 km variogram),R+L,100,0.0219,1.2859,0.7204,0.6914
openmrg,openmrg 2015-07-25 05,radar okrig_add [rnn] (5 km variogram),R+L,100,0.0159,0.6393,0.894,0.8025
openmrg,openmrg 2015-07-25 05,radar ked [rnn] (5 km variogram),R+L,100,0.0733,0.6405,0.8947,0.7582
openmrg,openmrg 2015-07-25 05,radar okrig_add [dynamic + gauges] (5 km variogram),R+L+G,100,1.9402,4.3162,0.7882,0.9103
openmrg,openmrg 2015-07-25 05,radar ked [dynamic + gauges] (5 km variogram),R+L+G,100,2.5672,4.9027,0.6982,0.7766
openmrg,openmrg 2015-07-25 05,radar okrig_add [constant + gauges] (5 km variogram),R+L+G,100,-0.9102,1.6181,0.3259,0.16
openmrg,openmrg 2015-07-25 05,radar ked [constant + gauges] (5 km variogram),R+L+G,100,2.3969,6.5129,-0.0162,0.7222
openmrg,openmrg 2015-07-25 05,radar okrig_add [pycomlink + gauges] (5 km variogram),R+L+G,100,-0.1899,0.8575,0.8811,0.6753
openmrg,openmrg 2015-07-25 05,radar ked [pycomlink + gauges] (5 km variogram),R+L+G,100,0.1811,1.0658,0.8226,0.7471
openmrg,openmrg 2015-07-25 05,radar okrig_add [nearby + gauges] (5 km variogram),R+L+G,100,-0.3504,0.9833,0.8399,0.5067
openmrg,openmrg 2015-07-25 05,radar ked [nearby + gauges] (5 km variogram),R+L+G,100,-0.1257,1.0622,0.8064,0.7209
openmrg,openmrg 2015-07-25 05,radar okrig_add [rnn + gauges] (5 km variogram),R+L+G,100,0.0054,0.6103,0.9033,0.8025
openmrg,openmrg 2015-07-25 05,radar ked [rnn + gauges] (5 km variogram),R+L+G,100,0.0656,0.6133,0.903,0.7692
openmrg,openmrg 2015-07-25 21,radar,R,100,-0.3929,1.4776,0.7767,0.7791
openmrg,openmrg 2015-07-25 21,links dynamic idw,L,100,1.4939,2.9689,0.9322,0.8444
openmrg,openmrg 2015-07-25 21,links dynamic line,L,100,1.2968,2.6305,0.9422,0.8636
openmrg,openmrg 2015-07-25 21,links constant idw,L,100,-0.3127,0.9265,0.9077,0.4691
openmrg,openmrg 2015-07-25 21,links constant line,L,100,-0.3238,0.8836,0.9219,0.4375
openmrg,openmrg 2015-07-25 21,links pycomlink idw,L,100,0.062,0.8643,0.928,0.6296
openmrg,openmrg 2015-07-25 21,links pycomlink line,L,100,0.0167,0.77,0.9391,0.6296
openmrg,openmrg 2015-07-25 21,links nearby idw,L,100,-0.0283,0.953,0.8861,0.575
openmrg,openmrg 2015-07-25 21,links nearby line,L,100,-0.0744,0.9052,0.8971,0.5875
openmrg,openmrg 2015-07-25 21,links rnn idw,L,100,-0.2463,1.3459,0.7982,0.7791
openmrg,openmrg 2015-07-25 21,links rnn line,L,100,-0.2374,1.346,0.7966,0.7791
openmrg,openmrg 2015-07-25 21,gauges,G,100,-0.116,1.2689,0.7908,0.8193
openmrg,openmrg 2015-07-25 21,links dynamic + gauges,L+G,100,1.3954,2.8105,0.9373,0.8539
openmrg,openmrg 2015-07-25 21,links constant + gauges,L+G,100,-0.2994,0.9187,0.9096,0.5185
openmrg,openmrg 2015-07-25 21,links pycomlink + gauges,L+G,100,0.0521,0.8217,0.9321,0.6543
openmrg,openmrg 2015-07-25 21,links nearby + gauges,L+G,100,-0.0379,0.9403,0.8884,0.6125
openmrg,openmrg 2015-07-25 21,links rnn + gauges,L+G,100,-0.2445,1.3361,0.8028,0.7791
openmrg,openmrg 2015-07-25 21,radar mfb [gauges],R+G,100,-0.0726,1.2966,0.7739,0.7882
openmrg,openmrg 2015-07-25 21,radar add [gauges],R+G,100,-0.0693,1.2287,0.8006,0.759
openmrg,openmrg 2015-07-25 21,radar mul [gauges],R+G,100,-0.0582,1.3477,0.7541,0.7765
openmrg,openmrg 2015-07-25 21,radar idw_add [gauges],R+G,100,-0.043,1.2147,0.8043,0.7952
openmrg,openmrg 2015-07-25 21,radar idw_mul [gauges],R+G,100,1.0601,4.5186,0.4106,0.7976
openmrg,openmrg 2015-07-25 21,radar okrig_add [gauges],R+G,100,-0.0491,1.219,0.8028,0.7294
openmrg,openmrg 2015-07-25 21,radar ked [gauges],R+G,100,0.061,1.1571,0.8246,0.8462
openmrg,openmrg 2015-07-25 21,radar mfb [dynamic],R+L,100,1.075,2.5283,0.7986,0.8276
openmrg,openmrg 2015-07-25 21,radar add [dynamic],R+L,100,1.5135,3.0269,0.9354,0.8652
openmrg,openmrg 2015-07-25 21,radar mul [dynamic],R+L,100,0.9657,2.583,0.8577,0.814
openmrg,openmrg 2015-07-25 21,radar idw_add [dynamic],R+L,100,1.4279,3.079,0.9587,0.8046
openmrg,openmrg 2015-07-25 21,radar idw_mul [dynamic],R+L,100,1.6242,3.4872,0.9407,0.7816
openmrg,openmrg 2015-07-25 21,radar okrig_add [dynamic],R+L,100,1.2154,2.7867,0.9527,0.7674
openmrg,openmrg 2015-07-25 21,radar ked [dynamic],R+L,100,1.3218,2.8538,0.9536,0.8061
openmrg,openmrg 2015-07-25 21,radar mfb [constant],R+L,100,-0.1925,1.2252,0.8056,0.6707
openmrg,openmrg 2015-07-25 21,radar add [constant],R+L,100,-0.282,0.8802,0.9144,0.4375
openmrg,openmrg 2015-07-25 21,radar mul [constant],R+L,100,-0.2366,0.9523,0.8927,0.7294
openmrg,openmrg 2015-07-25 21,radar idw_add [constant],R+L,100,-0.3114,0.797,0.9349,0.4125
openmrg,openmrg 2015-07-25 21,radar idw_mul [constant],R+L,100,-0.2622,0.9101,0.9051,0.3875
openmrg,openmrg 2015-07-25 21,radar okrig_add [constant],R+L,100,-0.2816,0.7709,0.9372,0.45
openmrg,openmrg 2015-07-25 21,radar ked [constant],R+L,100,0.0075,1.2953,0.785,0.8256
openmrg,openmrg 2015-07-25 21,radar mfb [pycomlink],R+L,100,0.0766,1.3114,0.8038,0.7229
openmrg,openmrg 2015-07-25 21,radar add [pycomlink],R+L,100,0.0862,0.8894,0.9308,0.625
openmrg,openmrg 2015-07-25 21,radar mul [pycomlink],R+L,100,0.0586,1.0106,0.9067,0.7882
openmrg,openmrg 2015-07-25 21,radar idw_add [pycomlink],R+L,100,0.0911,0.8486,0.9534,0.6
openmrg,openmrg 2015-07-25 21,radar idw_mul [pycomlink],R+L,100,0.1856,1.1567,0.924,0.5625
openmrg,openmrg 2015-07-25 21,radar okrig_add [pycomlink],R+L,100,0.0808,0.8273,0.9538,0.6125
openmrg,openmrg 2015-07-25 21,radar ked [pycomlink],R+L,100,0.0742,0.7131,0.9595,0.7209
openmrg,openmrg 2015-07-25 21,radar mfb [nearby],R+L,100,-0.0507,1.2347,0.7992,0.7073
openmrg,openmrg 2015-07-25 21,radar add [nearby],R+L,100,-0.0023,0.9229,0.8952,0.575
openmrg,openmrg 2015-07-25 21,radar mul [nearby],R+L,100,-0.038,1.0008,0.8755,0.7765
openmrg,openmrg 2015-07-25 21,radar idw_add [nearby],R+L,100,0.0154,0.8739,0.9148,0.525
openmrg,openmrg 2015-07-25 21,radar idw_mul [nearby],R+L,100,0.089,1.0891,0.8839,0.5125
openmrg,openmrg 2015-07-25 21,radar okrig_add [nearby],R+L,100,-0.0077,0.8451,0.9159,0.6
openmrg,openmrg 2015-07-25 21,radar ked [nearby],R+L,100,0.089,0.8805,0.9088,0.7931
openmrg,openmrg 2015-07-25 21,radar mfb [rnn],R+L,100,-0.0712,1.2398,0.7962,0.7907
openmrg,openmrg 2015-07-25 21,radar add [rnn],R+L,100,-0.2217,1.2839,0.8159,0.7143
openmrg,openmrg 2015-07-25 21,radar mul [rnn],R+L,100,-0.2545,1.3057,0.807,0.7558
openmrg,openmrg 2015-07-25 21,radar idw_add [rnn],R+L,100,-0.2299,1.2989,0.8128,0.7381
openmrg,openmrg 2015-07-25 21,radar idw_mul [rnn],R+L,100,-0.1993,1.318,0.7907,0.7176
openmrg,openmrg 2015-07-25 21,radar okrig_add [rnn],R+L,100,-0.2178,1.2851,0.8153,0.75
openmrg,openmrg 2015-07-25 21,radar ked [rnn],R+L,100,-0.21,1.3152,0.817,0.7576
openmrg,openmrg 2015-07-25 21,radar mfb [dynamic + gauges],R+L+G,100,0.9698,2.3395,0.7968,0.8276
openmrg,openmrg 2015-07-25 21,radar add [dynamic + gauges],R+L+G,100,1.4219,2.8838,0.9389,0.875
openmrg,openmrg 2015-07-25 21,radar mul [dynamic + gauges],R+L+G,100,0.922,2.4967,0.8624,0.814
openmrg,openmrg 2015-07-25 21,radar idw_add [dynamic + gauges],R+L+G,100,1.4005,3.0625,0.9596,0.8046
openmrg,openmrg 2015-07-25 21,radar idw_mul [dynamic + gauges],R+L+G,100,1.588,3.4649,0.9416,0.7816
openmrg,openmrg 2015-07-25 21,radar okrig_add [dynamic + gauges],R+L+G,100,1.2141,2.835,0.9547,0.7674
openmrg,openmrg 2015-07-25 21,radar ked [dynamic + gauges],R+L+G,100,1.2767,2.8977,0.9532,0.7959
openmrg,openmrg 2015-07-25 21,radar mfb [constant + gauges],R+L+G,100,-0.1895,1.2274,0.8045,0.6707
openmrg,openmrg 2015-07-25 21,radar add [constant + gauges],R+L+G,100,-0.2629,0.8833,0.9124,0.5
openmrg,openmrg 2015-07-25 21,radar mul [constant + gauges],R+L+G,100,-0.22,0.96,0.8897,0.7412
openmrg,openmrg 2015-07-25 21,radar idw_add [constant + gauges],R+L+G,100,-0.2963,0.8013,0.9326,0.45
openmrg,openmrg 2015-07-25 21,radar idw_mul [constant + gauges],R+L+G,100,-0.2495,0.9125,0.9037,0.425
openmrg,openmrg 2015-07-25 21,radar okrig_add [constant + gauges],R+L+G,100,-0.2623,0.7548,0.9385,0.4625
openmrg,openmrg 2015-07-25 21,radar ked [constant + gauges],R+L+G,100,-0.1353,0.8069,0.9275,0.8222
openmrg,openmrg 2015-07-25 21,radar mfb [pycomlink + gauges],R+L+G,100,0.0617,1.2927,0.8025,0.7143
openmrg,openmrg 2015-07-25 21,radar add [pycomlink + gauges],R+L+G,100,0.0828,0.8669,0.9316,0.6375
openmrg,openmrg 2015-07-25 21,radar mul [pycomlink + gauges],R+L+G,100,0.0598,1.0018,0.9056,0.8
openmrg,openmrg 2015-07-25 21,radar idw_add [pycomlink + gauges],R+L+G,100,0.0981,0.8526,0.953,0.6375
openmrg,openmrg 2015-07-25 21,radar idw_mul [pycomlink + gauges],R+L+G,100,0.1891,1.1571,0.9239,0.6
openmrg,openmrg 2015-07-25 21,radar okrig_add [pycomlink + gauges],R+L+G,100,0.0929,0.8488,0.953,0.6125
openmrg,openmrg 2015-07-25 21,radar ked [pycomlink + gauges],R+L+G,100,0.0604,0.7267,0.9564,0.7143
openmrg,openmrg 2015-07-25 21,radar mfb [nearby + gauges],R+L+G,100,-0.059,1.2374,0.7975,0.6988
openmrg,openmrg 2015-07-25 21,radar add [nearby + gauges],R+L+G,100,-0.0052,0.9242,0.8939,0.6
openmrg,openmrg 2015-07-25 21,radar mul [nearby + gauges],R+L+G,100,-0.0361,1.014,0.8713,0.7765
openmrg,openmrg 2015-07-25 21,radar idw_add [nearby + gauges],R+L+G,100,0.0126,0.862,0.9165,0.5875
openmrg,openmrg 2015-07-25 21,radar idw_mul [nearby + gauges],R+L+G,100,0.0861,1.0754,0.8855,0.5625
openmrg,openmrg 2015-07-25 21,radar okrig_add [nearby + gauges],R+L+G,100,-0.007,0.8468,0.9154,0.575
openmrg,openmrg 2015-07-25 21,radar ked [nearby + gauges],R+L+G,100,0.0455,0.8481,0.9143,0.7708
openmrg,openmrg 2015-07-25 21,radar mfb [rnn + gauges],R+L+G,100,-0.0722,1.2439,0.7947,0.7907
openmrg,openmrg 2015-07-25 21,radar add [rnn + gauges],R+L+G,100,-0.2137,1.2833,0.8125,0.7262
openmrg,openmrg 2015-07-25 21,radar mul [rnn + gauges],R+L+G,100,-0.2429,1.3098,0.7996,0.7674
openmrg,openmrg 2015-07-25 21,radar idw_add [rnn + gauges],R+L+G,100,-0.2279,1.3019,0.8099,0.75
openmrg,openmrg 2015-07-25 21,radar idw_mul [rnn + gauges],R+L+G,100,-0.1973,1.3235,0.7865,0.7176
openmrg,openmrg 2015-07-25 21,radar okrig_add [rnn + gauges],R+L+G,100,-0.2126,1.2826,0.814,0.7619
openmrg,openmrg 2015-07-25 21,radar ked [rnn + gauges],R+L+G,100,-0.2135,1.3128,0.8201,0.8041
openmrg,openmrg 2015-07-25 21,radar okrig_add [gauges] (5 km variogram),R+G,100,-0.0643,1.2537,0.79,0.7229
openmrg,openmrg 2015-07-25 21,radar ked [gauges] (5 km variogram),R+G,100,0.0734,1.2119,0.8059,0.8462
openmrg,openmrg 2015-07-25 21,radar okrig_add [dynamic] (5 km variogram),R+L,100,1.3004,3.0018,0.9509,0.7674
openmrg,openmrg 2015-07-25 21,radar ked [dynamic] (5 km variogram),R+L,100,1.398,3.0805,0.947,0.8125
openmrg,openmrg 2015-07-25 21,radar okrig_add [constant] (5 km variogram),R+L,100,-0.3256,0.808,0.9358,0.4375
openmrg,openmrg 2015-07-25 21,radar ked [constant] (5 km variogram),R+L,100,-0.0591,1.1582,0.8242,0.8256
openmrg,openmrg 2015-07-25 21,radar okrig_add [pycomlink] (5 km variogram),R+L,100,0.0521,0.8105,0.9505,0.6125
openmrg,openmrg 2015-07-25 21,radar ked [pycomlink] (5 km variogram),R+L,100,0.0405,0.7015,0.9556,0.6905
openmrg,openmrg 2015-07-25 21,radar okrig_add [nearby] (5 km variogram),R+L,100,-0.0166,0.8665,0.9129,0.5375
openmrg,openmrg 2015-07-25 21,radar ked [nearby] (5 km variogram),R+L,100,0.0525,0.896,0.9053,0.7471
openmrg,openmrg 2015-07-25 21,radar okrig_add [rnn] (5 km variogram),R+L,100,-0.2416,1.2834,0.8249,0.7262
openmrg,openmrg 2015-07-25 21,radar ked [rnn] (5 km variogram),R+L,100,-0.2194,1.3119,0.823,0.74
openmrg,openmrg 2015-07-25 21,radar okrig_add [dynamic + gauges] (5 km variogram),R+L+G,100,1.2556,2.9713,0.9524,0.7791
openmrg,openmrg 2015-07-25 21,radar ked [dynamic + gauges] (5 km variogram),R+L+G,100,1.3335,3.0776,0.9475,0.7835
openmrg,openmrg 2015-07-25 21,radar okrig_add [constant + gauges] (5 km variogram),R+L+G,100,-0.299,0.8124,0.9324,0.5125
openmrg,openmrg 2015-07-25 21,radar ked [constant + gauges] (5 km variogram),R+L+G,100,-0.1673,0.8807,0.9154,0.766
openmrg,openmrg 2015-07-25 21,radar okrig_add [pycomlink + gauges] (5 km variogram),R+L+G,100,0.0584,0.8038,0.9515,0.6375
openmrg,openmrg 2015-07-25 21,radar ked [pycomlink + gauges] (5 km variogram),R+L+G,100,0.0349,0.6991,0.9549,0.7033
openmrg,openmrg 2015-07-25 21,radar okrig_add [nearby + gauges] (5 km variogram),R+L+G,100,-0.0141,0.8489,0.9161,0.6
openmrg,openmrg 2015-07-25 21,radar ked [nearby + gauges] (5 km variogram),R+L+G,100,0.044,0.8592,0.9117,0.7347
openmrg,openmrg 2015-07-25 21,radar okrig_add [rnn + gauges] (5 km variogram),R+L+G,100,-0.2357,1.2852,0.8208,0.75
openmrg,openmrg 2015-07-25 21,radar ked [rnn + gauges] (5 km variogram),R+L+G,100,-0.2217,1.3084,0.8265,0.7653
openmrg,openmrg 2015-07-28 03,radar,R,320,0.0014,2.5186,0.422,0.6391
openmrg,openmrg 2015-07-28 03,links dynamic idw,L,320,1.4833,3.6243,0.7511,0.6114
openmrg,openmrg 2015-07-28 03,links dynamic line,L,320,1.2578,3.1634,0.7633,0.6418
openmrg,openmrg 2015-07-28 03,links constant idw,L,320,-0.212,1.6437,0.7633,0.5605
openmrg,openmrg 2015-07-28 03,links constant line,L,320,-0.2481,1.5802,0.7789,0.5641
openmrg,openmrg 2015-07-28 03,links pycomlink idw,L,320,0.0551,1.8968,0.7545,0.5724
openmrg,openmrg 2015-07-28 03,links pycomlink line,L,320,-0.015,1.7594,0.7659,0.5724
openmrg,openmrg 2015-07-28 03,links nearby idw,L,320,-0.0028,1.7074,0.7694,0.6309
openmrg,openmrg 2015-07-28 03,links nearby line,L,320,-0.0668,1.618,0.7773,0.604
openmrg,openmrg 2015-07-28 03,links rnn idw,L,320,0.0169,1.6457,0.7495,0.6585
openmrg,openmrg 2015-07-28 03,links rnn line,L,320,0.0332,1.6081,0.7627,0.6667
openmrg,openmrg 2015-07-28 03,gauges,G,320,-0.2849,1.9041,0.6719,0.7219
openmrg,openmrg 2015-07-28 03,links dynamic + gauges,L+G,320,1.3605,3.4336,0.7499,0.6262
openmrg,openmrg 2015-07-28 03,links constant + gauges,L+G,320,-0.2083,1.6159,0.7687,0.5987
openmrg,openmrg 2015-07-28 03,links pycomlink + gauges,L+G,320,0.0442,1.8354,0.7587,0.6078
openmrg,openmrg 2015-07-28 03,links nearby + gauges,L+G,320,-0.0133,1.6607,0.774,0.6556
openmrg,openmrg 2015-07-28 03,links rnn + gauges,L+G,320,0.0018,1.6248,0.7554,0.6707
openmrg,openmrg 2015-07-28 03,radar mfb [gauges],R+G,320,-0.1457,2.1958,0.5114,0.6061
openmrg,openmrg 2015-07-28 03,radar add [gauges],R+G,320,-0.1432,2.0483,0.5859,0.6221
openmrg,openmrg 2015-07-28 03,radar mul [gauges],R+G,320,-0.1349,2.0351,0.5856,0.6527
openmrg,openmrg 2015-07-28 03,radar idw_add [gauges],R+G,320,-0.1633,2.0743,0.5725,0.5954
openmrg,openmrg 2015-07-28 03,radar idw_mul [gauges],R+G,320,0.4721,4.4187,0.3302,0.6429
openmrg,openmrg 2015-07-28 03,radar okrig_add [gauges],R+G,320,-0.1744,2.1198,0.5572,0.5952
openmrg,openmrg 2015-07-28 03,radar ked [gauges],R+G,320,0.1599,2.3098,0.5389,0.5708
openmrg,openmrg 2015-07-28 03,radar mfb [dynamic],R+L,320,1.0177,3.712,0.5501,0.6723
openmrg,openmrg 2015-07-28 03,radar add [dynamic],R+L,320,1.5335,3.6792,0.7562,0.6029
openmrg,openmrg 2015-07-28 03,radar mul [dynamic],R+L,320,0.9226,3.2346,0.6834,0.6686
openmrg,openmrg 2015-07-28 03,radar idw_add [dynamic],R+L,320,1.4024,3.8217,0.7609,0.6591
openmrg,openmrg 2015-07-28 03,radar idw_mul [dynamic],R+L,320,1.4631,3.9897,0.7717,0.6936
openmrg,openmrg 2015-07-28 03,radar okrig_add [dynamic],R+L,320,1.1043,3.1844,0.7493,0.6784
openmrg,openmrg 2015-07-28 03,radar ked [dynamic],R+L,320,3.1245,5.854,0.4364,0.4338
openmrg,openmrg 2015-07-28 03,radar mfb [constant],R+L,320,-0.2738,2.1108,0.5601,0.5652
openmrg,openmrg 2015-07-28 03,radar add [constant],R+L,320,-0.1438,1.6969,0.7537,0.5
openmrg,openmrg 2015-07-28 03,radar mul [constant],R+L,320,-0.1734,1.7548,0.7199,0.6242
openmrg,openmrg 2015-07-28 03,radar idw_add [constant],R+L,320,-0.2062,1.8019,0.7418,0.4527
openmrg,openmrg 2015-07-28 03,radar idw_mul [constant],R+L,320,-0.2132,1.8403,0.7442,0.4577
openmrg,openmrg 2015-07-28 03,radar okrig_add [constant],R+L,320,-0.2536,1.7175,0.7473,0.4575
openmrg,openmrg 2015-07-28 03,radar ked [constant],R+L,320,4.0211,10.9082,0.0084,0.5342
openmrg,openmrg 2015-07-28 03,radar mfb [pycomlink],R+L,320,-0.096,2.2269,0.56,0.5912
openmrg,openmrg 2015-07-28 03,radar add [pycomlink],R+L,320,0.1221,1.9549,0.7536,0.5478
openmrg,openmrg 2015-07-28 03,radar mul [pycomlink],R+L,320,0.016,1.9256,0.7096,0.6524
openmrg,openmrg 2015-07-28 03,radar idw_add [pycomlink],R+L,320,0.0898,2.1377,0.7405,0.48
openmrg,openmrg 2015-07-28 03,radar idw_mul [pycomlink],R+L,320,0.1153,2.2177,0.7471,0.4932
openmrg,openmrg 2015-07-28 03,radar okrig_add [pycomlink],R+L,320,0.0184,1.9619,0.739,0.4935
openmrg,openmrg 2015-07-28 03,radar ked [pycomlink],R+L,320,0.4427,2.2092,0.6976,0.5751
openmrg,openmrg 2015-07-28 03,radar mfb [nearby],R+L,320,-0.1666,2.1068,0.5718,0.5812
openmrg,openmrg 2015-07-28 03,radar add [nearby],R+L,320,0.0668,1.7612,0.7673,0.5714
openmrg,openmrg 2015-07-28 03,radar mul [nearby],R+L,320,-0.0233,1.748,0.7365,0.6463
openmrg,openmrg 2015-07-28 03,radar idw_add [nearby],R+L,320,0.0739,1.9617,0.7454,0.52
openmrg,openmrg 2015-07-28 03,radar idw_mul [nearby],R+L,320,0.0637,1.986,0.7559,0.531
openmrg,openmrg 2015-07-28 03,radar okrig_add [nearby],R+L,320,-0.0148,1.8464,0.7367,0.5197
openmrg,openmrg 2015-07-28 03,radar ked [nearby],R+L,320,0.2143,2.1688,0.6744,0.5833
openmrg,openmrg 2015-07-28 03,radar mfb [rnn],R+L,320,0.0461,2.2316,0.5584,0.6503
openmrg,openmrg 2015-07-28 03,radar add [rnn],R+L,320,0.0704,1.638,0.7553,0.6319
openmrg,openmrg 2015-07-28 03,radar mul [rnn],R+L,320,-0.0304,1.7921,0.6944,0.6707
openmrg,openmrg 2015-07-28 03,radar idw_add [rnn],R+L,320,0.0546,1.5972,0.7691,0.6319
openmrg,openmrg 2015-07-28 03,radar idw_mul [rnn],R+L,320,0.0878,1.7485,0.7386,0.6303
openmrg,openmrg 2015-07-28 03,radar okrig_add [rnn],R+L,320,0.0633,1.5842,0.7731,0.6442
openmrg,openmrg 2015-07-28 03,radar ked [rnn],R+L,320,0.1594,1.5891,0.7713,0.4701
openmrg,openmrg 2015-07-28 03,radar mfb [dynamic + gauges],R+L+G,320,0.9148,3.5024,0.55,0.6761
openmrg,openmrg 2015-07-28 03,radar add [dynamic + gauges],R+L+G,320,1.4157,3.4959,0.7554,0.6146
openmrg,openmrg 2015-07-28 03,radar mul [dynamic + gauges],R+L+G,320,0.8589,3.0792,0.6929,0.6686
openmrg,openmrg 2015-07-28 03,radar idw_add [dynamic + gauges],R+L+G,320,1.3595,3.7589,0.7604,0.6686
openmrg,openmrg 2015-07-28 03,radar idw_mul [dynamic + gauges],R+L+G,320,1.4219,3.9392,0.7711,0.6936
openmrg,openmrg 2015-07-28 03,radar okrig_add [dynamic + gauges],R+L+G,320,1.1262,3.3199,0.7414,0.6802
openmrg,openmrg 2015-07-28 03,radar ked [dynamic + gauges],R+L+G,320,3.1048,5.8767,0.4479,0.4348
openmrg,openmrg 2015-07-28 03,radar mfb [constant + gauges],R+L+G,320,-0.2651,2.107,0.5599,0.5714
openmrg,openmrg 2015-07-28 03,radar add [constant + gauges],R+L+G,320,-0.1404,1.6681,0.7587,0.5472
openmrg,openmrg 2015-07-28 03,radar mul [constant + gauges],R+L+G,320,-0.1673,1.7327,0.7256,0.6303
openmrg,openmrg 2015-07-28 03,radar idw_add [constant + gauges],R+L+G,320,-0.19,1.774,0.7476,0.4899
openmrg,openmrg 2015-07-28 03,radar idw_mul [constant + gauges],R+L+G,320,-0.1887,1.8188,0.7488,0.4863
openmrg,openmrg 2015-07-28 03,radar okrig_add [constant + gauges],R+L+G,320,-0.2145,1.7843,0.7342,0.4771
openmrg,openmrg 2015-07-28 03,radar ked [constant + gauges],R+L+G,320,3.6576,8.96,0.0205,0.4845
openmrg,openmrg 2015-07-28 03,radar mfb [pycomlink + gauges],R+L+G,320,-0.1042,2.2033,0.5606,0.6038
openmrg,openmrg 2015-07-28 03,radar add [pycomlink + gauges],R+L+G,320,0.1104,1.8956,0.7577,0.5605
openmrg,openmrg 2015-07-28 03,radar mul [pycomlink + gauges],R+L+G,320,0.0133,1.8736,0.7185,0.6524
openmrg,openmrg 2015-07-28 03,radar idw_add [pycomlink + gauges],R+L+G,320,0.1,2.1001,0.7456,0.5132
openmrg,openmrg 2015-07-28 03,radar idw_mul [pycomlink + gauges],R+L+G,320,0.1306,2.1911,0.7512,0.5203
openmrg,openmrg 2015-07-28 03,radar okrig_add [pycomlink + gauges],R+L+G,320,0.0529,2.0572,0.7288,0.5195
openmrg,openmrg 2015-07-28 03,radar ked [pycomlink + gauges],R+L+G,320,0.3923,2.0169,0.7276,0.5219
openmrg,openmrg 2015-07-28 03,radar mfb [nearby + gauges],R+L+G,320,-0.165,2.1077,0.569,0.5875
openmrg,openmrg 2015-07-28 03,radar add [nearby + gauges],R+L+G,320,0.0574,1.7185,0.7708,0.5871
openmrg,openmrg 2015-07-28 03,radar mul [nearby + gauges],R+L+G,320,-0.0267,1.7189,0.7415,0.6463
openmrg,openmrg 2015-07-28 03,radar idw_add [nearby + gauges],R+L+G,320,0.0745,1.923,0.7501,0.543
openmrg,openmrg 2015-07-28 03,radar idw_mul [nearby + gauges],R+L+G,320,0.0774,1.9538,0.7603,0.5405
openmrg,openmrg 2015-07-28 03,radar okrig_add [nearby + gauges],R+L+G,320,-0.0061,1.8363,0.7392,0.5294
openmrg,openmrg 2015-07-28 03,radar ked [nearby + gauges],R+L+G,320,0.2649,2.139,0.677,0.5238
openmrg,openmrg 2015-07-28 03,radar mfb [rnn + gauges],R+L+G,320,0.0296,2.217,0.557,0.6564
openmrg,openmrg 2015-07-28 03,radar add [rnn + gauges],R+L+G,320,0.0577,1.6194,0.7598,0.638
openmrg,openmrg 2015-07-28 03,radar mul [rnn + gauges],R+L+G,320,-0.0385,1.7619,0.7048,0.6707
openmrg,openmrg 2015-07-28 03,radar idw_add [rnn + gauges],R+L+G,320,0.0568,1.5825,0.7732,0.6442
openmrg,openmrg 2015-07-28 03,radar idw_mul [rnn + gauges],R+L+G,320,0.0806,1.7017,0.7506,0.6386
openmrg,openmrg 2015-07-28 03,radar okrig_add [rnn + gauges],R+L+G,320,0.0645,1.5673,0.7779,0.6626
openmrg,openmrg 2015-07-28 03,radar ked [rnn + gauges],R+L+G,320,0.1662,1.5896,0.7709,0.4359
openmrg,openmrg 2015-07-28 03,radar okrig_add [gauges] (5 km variogram),R+G,320,-0.2208,2.0812,0.563,0.564
openmrg,openmrg 2015-07-28 03,radar ked [gauges] (5 km variogram),R+G,320,0.1971,2.4461,0.5009,0.5504
openmrg,openmrg 2015-07-28 03,radar okrig_add [dynamic] (5 km variogram),R+L,320,1.2131,3.3962,0.7487,0.6864
openmrg,openmrg 2015-07-28 03,radar ked [dynamic] (5 km variogram),R+L,320,3.2303,6.5754,0.3957,0.4358
openmrg,openmrg 2015-07-28 03,radar okrig_add [constant] (5 km variogram),R+L,320,-0.2632,1.7176,0.7518,0.4467
openmrg,openmrg 2015-07-28 03,radar ked [constant] (5 km variogram),R+L,320,3.3187,9.1706,0.0485,0.5114
openmrg,openmrg 2015-07-28 03,radar okrig_add [pycomlink] (5 km variogram),R+L,320,0.0349,1.9971,0.745,0.4768
openmrg,openmrg 2015-07-28 03,radar ked [pycomlink] (5 km variogram),R+L,320,0.4837,2.2811,0.6999,0.5663
openmrg,openmrg 2015-07-28 03,radar okrig_add [nearby] (5 km variogram),R+L,320,-0.0189,1.8508,0.7416,0.5033
openmrg,openmrg 2015-07-28 03,radar ked [nearby] (5 km variogram),R+L,320,0.1956,2.1757,0.6761,0.5567
openmrg,openmrg 2015-07-28 03,radar okrig_add [rnn] (5 km variogram),R+L,320,0.0406,1.5659,0.7778,0.6341
openmrg,openmrg 2015-07-28 03,radar ked [rnn] (5 km variogram),R+L,320,0.1665,1.5925,0.7705,0.4661
openmrg,openmrg 2015-07-28 03,radar okrig_add [dynamic + gauges] (5 km variogram),R+L+G,320,1.2131,3.5491,0.7402,0.6923
openmrg,openmrg 2015-07-28 03,radar ked [dynamic + gauges] (5 km variogram),R+L+G,320,3.197,6.6447,0.4084,0.4399
openmrg,openmrg 2015-07-28 03,radar okrig_add [constant + gauges] (5 km variogram),R+L+G,320,-0.1983,1.797,0.7382,0.4868
openmrg,openmrg 2015-07-28 03,radar ked [constant + gauges] (5 km variogram),R+L+G,320,2.7772,6.9875,0.0946,0.4788
openmrg,openmrg 2015-07-28 03,radar okrig_add [pycomlink + gauges] (5 km variogram),R+L+G,320,0.096,2.1175,0.7356,0.5229
openmrg,openmrg 2015-07-28 03,radar ked [pycomlink + gauges] (5 km variogram),R+L+G,320,0.4229,2.1018,0.7217,0.5312
openmrg,openmrg 2015-07-28 03,radar okrig_add [nearby + gauges] (5 km variogram),R+L+G,320,0.0013,1.8366,0.7449,0.5359
openmrg,openmrg 2015-07-28 03,radar ked [nearby + gauges] (5 km variogram),R+L+G,320,0.2261,2.0992,0.6858,0.5422
openmrg,openmrg 2015-07-28 03,radar okrig_add [rnn + gauges] (5 km variogram),R+L+G,320,0.042,1.5421,0.7846,0.6503
openmrg,openmrg 2015-07-28 03,radar ked [rnn + gauges] (5 km variogram),R+L+G,320,0.1643,1.5828,0.7731,0.4457
openmrg,openmrg 2015-08-04 19,radar,R,60,-0.0659,0.4264,0.9135,0.8889
openmrg,openmrg 2015-08-04 19,links dynamic idw,L,60,2.1306,3.0163,0.8593,0.8
openmrg,openmrg 2015-08-04 19,links dynamic line,L,60,1.8351,2.61,0.8655,0.8
openmrg,openmrg 2015-08-04 19,links constant idw,L,60,-0.39,0.6944,0.8389,0.4773
openmrg,openmrg 2015-08-04 19,links constant line,L,60,-0.3946,0.6848,0.8456,0.4773
openmrg,openmrg 2015-08-04 19,links pycomlink idw,L,60,0.5028,0.9398,0.9061,0.9348
openmrg,openmrg 2015-08-04 19,links pycomlink line,L,60,0.4052,0.8049,0.9109,0.913
openmrg,openmrg 2015-08-04 19,links nearby idw,L,60,-0.0959,0.5116,0.9023,0.75
openmrg,openmrg 2015-08-04 19,links nearby line,L,60,-0.1328,0.5024,0.8993,0.7727
openmrg,openmrg 2015-08-04 19,links rnn idw,L,60,0.5631,0.8277,0.8815,0.86
openmrg,openmrg 2015-08-04 19,links rnn line,L,60,0.5726,0.8259,0.8905,0.86
openmrg,openmrg 2015-08-04 19,gauges,G,60,-0.1128,0.3823,0.9386,0.9318
openmrg,openmrg 2015-08-04 19,links dynamic + gauges,L+G,60,1.956,2.8291,0.8454,0.8
openmrg,openmrg 2015-08-04 19,links constant + gauges,L+G,60,-0.3671,0.6544,0.8559,0.5455
openmrg,openmrg 2015-08-04 19,links pycomlink + gauges,L+G,60,0.4585,0.8894,0.9027,0.9348
openmrg,openmrg 2015-08-04 19,links nearby + gauges,L+G,60,-0.0948,0.4907,0.9072,0.7727
openmrg,openmrg 2015-08-04 19,links rnn + gauges,L+G,60,0.5154,0.7775,0.8863,0.86
openmrg,openmrg 2015-08-04 19,radar mfb [gauges],R+G,60,-0.1914,0.4898,0.9055,0.8889
openmrg,openmrg 2015-08-04 19,radar add [gauges],R+G,60,-0.0799,0.386,0.9314,0.9545
openmrg,openmrg 2015-08-04 19,radar mul [gauges],R+G,60,-0.0923,0.3682,0.9388,0.8889
openmrg,openmrg 2015-08-04 19,radar idw_add [gauges],R+G,60,-0.0899,0.3898,0.9312,0.9545
openmrg,openmrg 2015-08-04 19,radar idw_mul [gauges],R+G,60,-0.1179,0.3723,0.9403,0.9091
openmrg,openmrg 2015-08-04 19,radar okrig_add [gauges],R+G,60,-0.0878,0.3869,0.9323,0.9545
openmrg,openmrg 2015-08-04 19,radar ked [gauges],R+G,60,-0.058,0.4847,0.8896,0.8431
openmrg,openmrg 2015-08-04 19,radar mfb [dynamic],R+L,60,1.4217,2.0128,0.9201,0.9348
openmrg,openmrg 2015-08-04 19,radar add [dynamic],R+L,60,2.1376,3.0204,0.8637,0.8
openmrg,openmrg 2015-08-04 19,radar mul [dynamic],R+L,60,1.6597,2.5653,0.876,0.913
openmrg,openmrg 2015-08-04 19,radar idw_add [dynamic],R+L,60,1.944,2.8127,0.857,0.88
openmrg,openmrg 2015-08-04 19,radar idw_mul [dynamic],R+L,60,1.9389,2.8076,0.8569,0.88
openmrg,openmrg 2015-08-04 19,radar okrig_add [dynamic],R+L,60,1.6023,2.3722,0.8643,0.88
openmrg,openmrg 2015-08-04 19,radar ked [dynamic],R+L,60,1.9645,2.6949,0.8237,0.7458
openmrg,openmrg 2015-08-04 19,radar mfb [constant],R+L,60,-0.3585,0.646,0.8538,0.7111
openmrg,openmrg 2015-08-04 19,radar add [constant],R+L,60,-0.3746,0.6761,0.8465,0.5227
openmrg,openmrg 2015-08-04 19,radar mul [constant],R+L,60,-0.3008,0.5805,0.878,0.8889
openmrg,openmrg 2015-08-04 19,radar idw_add [constant],R+L,60,-0.4018,0.7047,0.8388,0.4773
openmrg,openmrg 2015-08-04 19,radar idw_mul [constant],R+L,60,-0.408,0.7073,0.8385,0.4773
openmrg,openmrg 2015-08-04 19,radar okrig_add [constant],R+L,60,-0.4316,0.7165,0.8365,0.4773
openmrg,openmrg 2015-08-04 19,radar ked [constant],R+L,60,-0.1944,0.5602,0.8616,0.7193
openmrg,openmrg 2015-08-04 19,radar mfb [pycomlink],R+L,60,0.2322,0.5957,0.9239,0.8889
openmrg,openmrg 2015-08-04 19,radar add [pycomlink],R+L,60,0.5101,0.9406,0.9115,0.913
openmrg,openmrg 2015-08-04 19,radar mul [pycomlink],R+L,60,0.4043,0.8355,0.913,0.8889
openmrg,openmrg 2015-08-04 19,radar idw_add [pycomlink],R+L,60,0.4633,0.9082,0.9074,0.9348
openmrg,openmrg 2015-08-04 19,radar idw_mul [pycomlink],R+L,60,0.46,0.9067,0.9058,0.9565
openmrg,openmrg 2015-08-04 19,radar okrig_add [pycomlink],R+L,60,0.3426,0.7459,0.9121,0.9333
openmrg,openmrg 2015-08-04 19,radar ked [pycomlink],R+L,60,0.4597,0.8823,0.8872,0.9362
openmrg,openmrg 2015-08-04 19,radar mfb [nearby],R+L,60,-0.2006,0.5099,0.8934,0.8
openmrg,openmrg 2015-08-04 19,radar add [nearby],R+L,60,-0.0871,0.5126,0.9042,0.7727
openmrg,openmrg 2015-08-04 19,radar mul [nearby],R+L,60,-0.0647,0.4658,0.9141,0.8889
openmrg,openmrg 2015-08-04 19,radar idw_add [nearby],R+L,60,-0.1321,0.5559,0.8882,0.7273
openmrg,openmrg 2015-08-04 19,radar idw_mul [nearby],R+L,60,-0.1351,0.5529,0.8889,0.75
openmrg,openmrg 2015-08-04 19,radar okrig_add [nearby],R+L,60,-0.1912,0.5385,0.8868,0.7273
openmrg,openmrg 2015-08-04 19,radar ked [nearby],R+L,60,-0.1135,0.5856,0.8639,0.8864
openmrg,openmrg 2015-08-04 19,radar mfb [rnn],R+L,60,0.4348,0.7386,0.9074,0.9348
openmrg,openmrg 2015-08-04 19,radar add [rnn],R+L,60,0.5706,0.8193,0.8914,0.88
openmrg,openmrg 2015-08-04 19,radar mul [rnn],R+L,60,0.3746,0.6912,0.8994,0.913
openmrg,openmrg 2015-08-04 19,radar idw_add [rnn],R+L,60,0.5731,0.8224,0.895,0.88
openmrg,openmrg 2015-08-04 19,radar idw_mul [rnn],R+L,60,0.5707,0.822,0.8941,0.86
openmrg,openmrg 2015-08-04 19,radar okrig_add [rnn],R+L,60,0.5514,0.7963,0.8974,0.88
openmrg,openmrg 2015-08-04 19,radar ked [rnn],R+L,60,0.5541,0.8213,0.8768,0.8302
openmrg,openmrg 2015-08-04 19,radar mfb [dynamic + gauges],R+L+G,60,1.2705,1.8074,0.9186,0.9348
openmrg,openmrg 2015-08-04 19,radar add [dynamic + gauges],R+L+G,60,1.9647,2.8333,0.8509,0.8302
openmrg,openmrg 2015-08-04 19,radar mul [dynamic + gauges],R+L+G,60,1.5294,2.4114,0.8641,0.913
openmrg,openmrg 2015-08-04 19,radar idw_add [dynamic + gauges],R+L+G,60,1.8481,2.7229,0.8464,0.88
openmrg,openmrg 2015-08-04 19,radar idw_mul [dynamic + gauges],R+L+G,60,1.8418,2.7159,0.8455,0.88
openmrg,openmrg 2015-08-04 19,radar okrig_add [dynamic + gauges],R+L+G,60,1.5678,2.3439,0.8576,0.88
openmrg,openmrg 2015-08-04 19,radar ked [dynamic + gauges],R+L+G,60,1.9081,2.587,0.8326,0.7458
openmrg,openmrg 2015-08-04 19,radar mfb [constant + gauges],R+L+G,60,-0.3555,0.6445,0.8536,0.7111
openmrg,openmrg 2015-08-04 19,radar add [constant + gauges],R+L+G,60,-0.355,0.6382,0.863,0.5909
openmrg,openmrg 2015-08-04 19,radar mul [constant + gauges],R+L+G,60,-0.2844,0.5459,0.8927,0.8889
openmrg,openmrg 2015-08-04 19,radar idw_add [constant + gauges],R+L+G,60,-0.3852,0.6781,0.8505,0.5455
openmrg,openmrg 2015-08-04 19,radar idw_mul [constant + gauges],R+L+G,60,-0.3895,0.6778,0.8515,0.5455
openmrg,openmrg 2015-08-04 19,radar okrig_add [constant + gauges],R+L+G,60,-0.4154,0.6953,0.8455,0.5227
openmrg,openmrg 2015-08-04 19,radar ked [constant + gauges],R+L+G,60,0.048,0.8722,0.6223,0.7544
openmrg,openmrg 2015-08-04 19,radar mfb [pycomlink + gauges],R+L+G,60,0.1923,0.5483,0.9237,0.8889
openmrg,openmrg 2015-08-04 19,radar add [pycomlink + gauges],R+L+G,60,0.4673,0.8879,0.91,0.913
openmrg,openmrg 2015-08-04 19,radar mul [pycomlink + gauges],R+L+G,60,0.3687,0.7905,0.9121,0.8889
openmrg,openmrg 2015-08-04 19,radar idw_add [pycomlink + gauges],R+L+G,60,0.4414,0.8859,0.9054,0.9348
openmrg,openmrg 2015-08-04 19,radar idw_mul [pycomlink + gauges],R+L+G,60,0.4378,0.8839,0.9036,0.9565
openmrg,openmrg 2015-08-04 19,radar okrig_add [pycomlink + gauges],R+L+G,60,0.3406,0.7384,0.9139,0.9556
openmrg,openmrg 2015-08-04 19,radar ked [pycomlink + gauges],R+L+G,60,0.4425,0.8151,0.8959,0.9167
openmrg,openmrg 2015-08-04 19,radar mfb [nearby + gauges],R+L+G,60,-0.2001,0.4998,0.8972,0.8444
openmrg,openmrg 2015-08-04 19,radar add [nearby + gauges],R+L+G,60,-0.0843,0.4861,0.9111,0.7727
openmrg,openmrg 2015-08-04 19,radar mul [nearby + gauges],R+L+G,60,-0.0651,0.4457,0.9197,0.8889
openmrg,openmrg 2015-08-04 19,radar idw_add [nearby + gauges],R+L+G,60,-0.1262,0.5409,0.8929,0.75
openmrg,openmrg 2015-08-04 19,radar idw_mul [nearby + gauges],R+L+G,60,-0.1295,0.5386,0.8933,0.75
openmrg,openmrg 2015-08-04 19,radar okrig_add [nearby + gauges],R+L+G,60,-0.1745,0.5234,0.8929,0.75
openmrg,openmrg 2015-08-04 19,radar ked [nearby + gauges],R+L+G,60,-0.1278,0.5622,0.8721,0.8636
openmrg,openmrg 2015-08-04 19,radar mfb [rnn + gauges],R+L+G,60,0.3784,0.6786,0.907,0.9348
openmrg,openmrg 2015-08-04 19,radar add [rnn + gauges],R+L+G,60,0.5244,0.7708,0.8962,0.88
openmrg,openmrg 2015-08-04 19,radar mul [rnn + gauges],R+L+G,60,0.3443,0.6582,0.9027,0.913
openmrg,openmrg 2015-08-04 19,radar idw_add [rnn + gauges],R+L+G,60,0.5459,0.792,0.8995,0.88
openmrg,openmrg 2015-08-04 19,radar idw_mul [rnn + gauges],R+L+G,60,0.5436,0.7932,0.8984,0.86
openmrg,openmrg 2015-08-04 19,radar okrig_add [rnn + gauges],R+L+G,60,0.5346,0.7813,0.8981,0.88
openmrg,openmrg 2015-08-04 19,radar ked [rnn + gauges],R+L+G,60,0.7527,1.1906,0.6953,0.8
openmrg,openmrg 2015-08-04 19,radar okrig_add [gauges] (5 km variogram),R+G,60,-0.098,0.4056,0.925,0.9545
openmrg,openmrg 2015-08-04 19,radar ked [gauges] (5 km variogram),R+G,60,-0.0487,0.5345,0.8601,0.8235
openmrg,openmrg 2015-08-04 19,radar okrig_add [dynamic] (5 km variogram),R+L,60,1.6957,2.5623,0.8497,0.9167
openmrg,openmrg 2015-08-04 19,radar ked [dynamic] (5 km variogram),R+L,60,1.9876,2.839,0.7922,0.7719
openmrg,openmrg 2015-08-04 19,radar okrig_add [constant] (5 km variogram),R+L,60,-0.4519,0.7473,0.8213,0.4773
openmrg,openmrg 2015-08-04 19,radar ked [constant] (5 km variogram),R+L,60,-0.194,0.5797,0.8491,0.7091
openmrg,openmrg 2015-08-04 19,radar okrig_add [pycomlink] (5 km variogram),R+L,60,0.3626,0.8008,0.9024,0.913
openmrg,openmrg 2015-08-04 19,radar ked [pycomlink] (5 km variogram),R+L,60,0.4758,0.927,0.8718,0.9565
openmrg,openmrg 2015-08-04 19,radar okrig_add [nearby] (5 km variogram),R+L,60,-0.1901,0.5552,0.8828,0.7273
openmrg,openmrg 2015-08-04 19,radar ked [nearby] (5 km variogram),R+L,60,-0.0979,0.5672,0.8706,0.8636
openmrg,openmrg 2015-08-04 19,radar okrig_add [rnn] (5 km variogram),R+L,60,0.5324,0.7983,0.8836,0.898
openmrg,openmrg 2015-08-04 19,radar ked [rnn] (5 km variogram),R+L,60,0.544,0.8254,0.868,0.8148
openmrg,openmrg 2015-08-04 19,radar okrig_add [dynamic + gauges] (5 km variogram),R+L+G,60,1.5819,2.4501,0.8314,0.9167
openmrg,openmrg 2015-08-04 19,radar ked [dynamic + gauges] (5 km variogram),R+L+G,60,1.8492,2.6605,0.7833,0.7719
openmrg,openmrg 2015-08-04 19,radar okrig_add [constant + gauges] (5 km variogram),R+L+G,60,-0.4257,0.7002,0.8444,0.5455
openmrg,openmrg 2015-08-04 19,radar ked [constant + gauges] (5 km variogram),R+L+G,60,0.0506,0.8965,0.5936,0.7368
openmrg,openmrg 2015-08-04 19,radar okrig_add [pycomlink + gauges] (5 km variogram),R+L+G,60,0.3315,0.7565,0.9027,0.9348
openmrg,openmrg 2015-08-04 19,radar ked [pycomlink + gauges] (5 km variogram),R+L+G,60,0.4274,0.8225,0.8804,0.9362
openmrg,openmrg 2015-08-04 19,radar okrig_add [nearby + gauges] (5 km variogram),R+L+G,60,-0.1773,0.523,0.8942,0.75
openmrg,openmrg 2015-08-04 19,radar ked [nearby + gauges] (5 km variogram),R+L+G,60,-0.1172,0.529,0.8834,0.9091
openmrg,openmrg 2015-08-04 19,radar okrig_add [rnn + gauges] (5 km variogram),R+L+G,60,0.493,0.7646,0.8857,0.898
openmrg,openmrg 2015-08-04 19,radar ked [rnn + gauges] (5 km variogram),R+L+G,60,0.7058,1.1396,0.7039,0.8
openmrg,openmrg 2015-08-25 02,radar,R,210,0.2966,1.2267,0.8979,0.7545
openmrg,openmrg 2015-08-25 02,links dynamic idw,L,210,1.5512,3.3627,0.9192,0.6345
openmrg,openmrg 2015-08-25 02,links dynamic line,L,210,1.3323,2.9184,0.927,0.6642
openmrg,openmrg 2015-08-25 02,links constant idw,L,210,-0.0961,0.6341,0.9487,0.6842
openmrg,openmrg 2015-08-25 02,links constant line,L,210,-0.1156,0.6034,0.9532,0.7196
openmrg,openmrg 2015-08-25 02,links pycomlink idw,L,210,0.5431,1.3708,0.9578,0.7547
openmrg,openmrg 2015-08-25 02,links pycomlink line,L,210,0.4437,1.1686,0.9626,0.7941
openmrg,openmrg 2015-08-25 02,links nearby idw,L,210,0.0007,0.6138,0.955,0.7475
openmrg,openmrg 2015-08-25 02,links nearby line,L,210,-0.031,0.5509,0.9613,0.7475
openmrg,openmrg 2015-08-25 02,links rnn idw,L,210,-0.0708,0.6532,0.9461,0.8019
openmrg,openmrg 2015-08-25 02,links rnn line,L,210,-0.0427,0.6348,0.9458,0.789
openmrg,openmrg 2015-08-25 02,gauges,G,210,-0.1155,0.5906,0.9572,0.7692
openmrg,openmrg 2015-08-25 02,links dynamic + gauges,L+G,210,1.4247,3.1457,0.9152,0.6389
openmrg,openmrg 2015-08-25 02,links constant + gauges,L+G,210,-0.1006,0.5992,0.9535,0.6783
openmrg,openmrg 2015-08-25 02,links pycomlink + gauges,L+G,210,0.4925,1.2695,0.9582,0.7547
openmrg,openmrg 2015-08-25 02,links nearby + gauges,L+G,210,-0.008,0.5794,0.9585,0.7475
openmrg,openmrg 2015-08-25 02,links rnn + gauges,L+G,210,-0.0743,0.6318,0.9504,0.7944
openmrg,openmrg 2015-08-25 02,radar mfb [gauges],R+G,210,-0.0923,0.7368,0.9234,0.7685
openmrg,openmrg 2015-08-25 02,radar add [gauges],R+G,210,-0.1267,0.7756,0.9155,0.7925
openmrg,openmrg 2015-08-25 02,radar mul [gauges],R+G,210,-0.0801,0.6762,0.9368,0.7615
openmrg,openmrg 2015-08-25 02,radar idw_add [gauges],R+G,210,-0.1288,0.7783,0.9151,0.7642
openmrg,openmrg 2015-08-25 02,radar idw_mul [gauges],R+G,210,-0.0508,0.9196,0.8762,0.81
openmrg,openmrg 2015-08-25 02,radar okrig_add [gauges],R+G,210,-0.1234,0.7579,0.9195,0.7961
openmrg,openmrg 2015-08-25 02,radar ked [gauges],R+G,210,-0.046,0.6716,0.9367,0.6458
openmrg,openmrg 2015-08-25 02,radar mfb [dynamic],R+L,210,1.1695,2.6378,0.9222,0.7031
openmrg,openmrg 2015-08-25 02,radar add [dynamic],R+L,210,1.5491,3.3669,0.921,0.6434
openmrg,openmrg 2015-08-25 02,radar mul [dynamic],R+L,210,1.2902,3.1722,0.9169,0.7748
openmrg,openmrg 2015-08-25 02,radar idw_add [dynamic],R+L,210,1.3895,3.0918,0.9228,0.7895
openmrg,openmrg 2015-08-25 02,radar idw_mul [dynamic],R+L,210,1.3682,3.0594,0.922,0.7876
openmrg,openmrg 2015-08-25 02,radar okrig_add [dynamic],R+L,210,1.159,2.7134,0.9237,0.8241
openmrg,openmrg 2015-08-25 02,radar ked [dynamic],R+L,210,2.3691,4.4275,0.7224,0.5165
openmrg,openmrg 2015-08-25 02,radar mfb [constant],R+L,210,-0.0834,0.74,0.9225,0.7961
openmrg,openmrg 2015-08-25 02,radar add [constant],R+L,210,-0.0912,0.7043,0.9384,0.7143
openmrg,openmrg 2015-08-25 02,radar mul [constant],R+L,210,-0.0765,0.6533,0.9447,0.7706
openmrg,openmrg 2015-08-25 02,radar idw_add [constant],R+L,210,-0.1644,0.7365,0.9329,0.7143
openmrg,openmrg 2015-08-25 02,radar idw_mul [constant],R+L,210,-0.1813,0.7108,0.9366,0.7396
openmrg,openmrg 2015-08-25 02,radar okrig_add [constant],R+L,210,-0.193,0.7282,0.9313,0.7143
openmrg,openmrg 2015-08-25 02,radar ked [constant],R+L,210,5.5977,12.6945,-0.1046,0.5733
openmrg,openmrg 2015-08-25 02,radar mfb [pycomlink],R+L,210,0.3974,1.1907,0.9317,0.8095
openmrg,openmrg 2015-08-25 02,radar add [pycomlink],R+L,210,0.5447,1.3931,0.9567,0.785
openmrg,openmrg 2015-08-25 02,radar mul [pycomlink],R+L,210,0.4808,1.346,0.9492,0.789
openmrg,openmrg 2015-08-25 02,radar idw_add [pycomlink],R+L,210,0.4596,1.2502,0.9588,0.8265
openmrg,openmrg 2015-08-25 02,radar idw_mul [pycomlink],R+L,210,0.4406,1.225,0.9578,0.8144
openmrg,openmrg 2015-08-25 02,radar okrig_add [pycomlink],R+L,210,0.3572,1.0998,0.9539,0.7677
openmrg,openmrg 2015-08-25 02,radar ked [pycomlink],R+L,210,0.7738,1.8209,0.856,0.5839
openmrg,openmrg 2015-08-25 02,radar mfb [nearby],R+L,210,-0.0489,0.7332,0.924,0.8119
openmrg,openmrg 2015-08-25 02,radar add [nearby],R+L,210,0.0094,0.6756,0.9474,0.8081
openmrg,openmrg 2015-08-25 02,radar mul [nearby],R+L,210,0.0082,0.6227,0.9535,0.7798
openmrg,openmrg 2015-08-25 02,radar idw_add [nearby],R+L,210,0.0003,0.6969,0.9453,0.7576
openmrg,openmrg 2015-08-25 02,radar idw_mul [nearby],R+L,210,-0.0185,0.6846,0.9459,0.7604
openmrg,openmrg 2015-08-25 02,radar okrig_add [nearby],R+L,210,-0.0669,0.6312,0.9474,0.7677
openmrg,openmrg 2015-08-25 02,radar ked [nearby],R+L,210,0.0963,0.717,0.9329,0.625
openmrg,openmrg 2015-08-25 02,radar mfb [rnn],R+L,210,-0.0299,0.7442,0.922,0.7798
openmrg,openmrg 2015-08-25 02,radar add [rnn],R+L,210,-0.0699,0.6434,0.947,0.8131
openmrg,openmrg 2015-08-25 02,radar mul [rnn],R+L,210,-0.0706,0.6448,0.9459,0.7636
openmrg,openmrg 2015-08-25 02,radar idw_add [rnn],R+L,210,-0.0602,0.6178,0.951,0.8095
openmrg,openmrg 2015-08-25 02,radar idw_mul [rnn],R+L,210,-0.0676,0.6362,0.9482,0.8095
openmrg,openmrg 2015-08-25 02,radar okrig_add [rnn],R+L,210,-0.0449,0.6183,0.9492,0.8113
openmrg,openmrg 2015-08-25 02,radar ked [rnn],R+L,210,0.0471,0.6743,0.9449,0.5298
openmrg,openmrg 2015-08-25 02,radar mfb [dynamic + gauges],R+L+G,210,1.0576,2.4158,0.9222,0.7143
openmrg,openmrg 2015-08-25 02,radar add [dynamic + gauges],R+L+G,210,1.4209,3.1374,0.9184,0.6434
openmrg,openmrg 2015-08-25 02,radar mul [dynamic + gauges],R+L+G,210,1.1874,2.9487,0.9155,0.7818
openmrg,openmrg 2015-08-25 02,radar idw_add [dynamic + gauges],R+L+G,210,1.3301,2.9904,0.9198,0.7895
openmrg,openmrg 2015-08-25 02,radar idw_mul [dynamic + gauges],R+L+G,210,1.3087,2.9537,0.9193,0.7876
openmrg,openmrg 2015-08-25 02,radar okrig_add [dynamic + gauges],R+L+G,210,1.1344,2.6633,0.9225,0.8241
openmrg,openmrg 2015-08-25 02,radar ked [dynamic + gauges],R+L+G,210,2.2536,4.228,0.7334,0.5193
openmrg,openmrg 2015-08-25 02,radar mfb [constant + gauges],R+L+G,210,-0.0848,0.7369,0.9231,0.7961
openmrg,openmrg 2015-08-25 02,radar add [constant + gauges],R+L+G,210,-0.0977,0.6642,0.9441,0.708
openmrg,openmrg 2015-08-25 02,radar mul [constant + gauges],R+L+G,210,-0.0785,0.619,0.9495,0.7706
openmrg,openmrg 2015-08-25 02,radar idw_add [constant + gauges],R+L+G,210,-0.159,0.7131,0.937,0.7143
openmrg,openmrg 2015-08-25 02,radar idw_mul [constant + gauges],R+L+G,210,-0.1741,0.6864,0.9408,0.7396
openmrg,openmrg 2015-08-25 02,radar okrig_add [constant + gauges],R+L+G,210,-0.1863,0.7122,0.9343,0.7041
openmrg,openmrg 2015-08-25 02,radar ked [constant + gauges],R+L+G,210,4.1288,9.8414,-0.0493,0.5176
openmrg,openmrg 2015-08-25 02,radar mfb [pycomlink + gauges],R+L+G,210,0.3535,1.1173,0.9312,0.8019
openmrg,openmrg 2015-08-25 02,radar add [pycomlink + gauges],R+L+G,210,0.4921,1.2786,0.9587,0.787
openmrg,openmrg 2015-08-25 02,radar mul [pycomlink + gauges],R+L+G,210,0.4365,1.2387,0.9516,0.789
openmrg,openmrg 2015-08-25 02,radar idw_add [pycomlink + gauges],R+L+G,210,0.4394,1.2003,0.9601,0.8163
openmrg,openmrg 2015-08-25 02,radar idw_mul [pycomlink + gauges],R+L+G,210,0.4216,1.1745,0.9594,0.8144
openmrg,openmrg 2015-08-25 02,radar okrig_add [pycomlink + gauges],R+L+G,210,0.3513,1.0691,0.9567,0.7677
openmrg,openmrg 2015-08-25 02,radar ked [pycomlink + gauges],R+L+G,210,0.7716,1.7571,0.858,0.5273
openmrg,openmrg 2015-08-25 02,radar mfb [nearby + gauges],R+L+G,210,-0.054,0.7274,0.925,0.8039
openmrg,openmrg 2015-08-25 02,radar add [nearby + gauges],R+L+G,210,-0.0016,0.6346,0.9518,0.81
openmrg,openmrg 2015-08-25 02,radar mul [nearby + gauges],R+L+G,210,0.0016,0.5898,0.9569,0.7798
openmrg,openmrg 2015-08-25 02,radar idw_add [nearby + gauges],R+L+G,210,-0.0064,0.6651,0.9491,0.7576
openmrg,openmrg 2015-08-25 02,radar idw_mul [nearby + gauges],R+L+G,210,-0.0231,0.6557,0.9493,0.7526
openmrg,openmrg 2015-08-25 02,radar okrig_add [nearby + gauges],R+L+G,210,-0.0609,0.6262,0.9485,0.7677
openmrg,openmrg 2015-08-25 02,radar ked [nearby + gauges],R+L+G,210,0.0894,0.6973,0.9359,0.586
openmrg,openmrg 2015-08-25 02,radar mfb [rnn + gauges],R+L+G,210,-0.0356,0.7399,0.9229,0.787
openmrg,openmrg 2015-08-25 02,radar add [rnn + gauges],R+L+G,210,-0.0753,0.6225,0.9513,0.8056
openmrg,openmrg 2015-08-25 02,radar mul [rnn + gauges],R+L+G,210,-0.0713,0.626,0.9495,0.7636
openmrg,openmrg 2015-08-25 02,radar idw_add [rnn + gauges],R+L+G,210,-0.0623,0.6017,0.9538,0.8019
openmrg,openmrg 2015-08-25 02,radar idw_mul [rnn + gauges],R+L+G,210,-0.068,0.6187,0.9513,0.8019
openmrg,openmrg 2015-08-25 02,radar okrig_add [rnn + gauges],R+L+G,210,-0.046,0.6053,0.9516,0.8037
openmrg,openmrg 2015-08-25 02,radar ked [rnn + gauges],R+L+G,210,0.1182,0.7399,0.9319,0.484
openmrg,openmrg 2015-08-25 02,radar okrig_add [gauges] (5 km variogram),R+G,210,-0.1386,0.7885,0.9129,0.7736
openmrg,openmrg 2015-08-25 02,radar ked [gauges] (5 km variogram),R+G,210,-0.0328,0.727,0.9243,0.5935
openmrg,openmrg 2015-08-25 02,radar okrig_add [dynamic] (5 km variogram),R+L,210,1.2779,3.0057,0.9159,0.8241
openmrg,openmrg 2015-08-25 02,radar ked [dynamic] (5 km variogram),R+L,210,2.512,4.9869,0.6778,0.5281
openmrg,openmrg 2015-08-25 02,radar okrig_add [constant] (5 km variogram),R+L,210,-0.2004,0.7652,0.9245,0.6939
openmrg,openmrg 2015-08-25 02,radar ked [constant] (5 km variogram),R+L,210,3.7392,8.8804,-0.0238,0.5414
openmrg,openmrg 2015-08-25 02,radar okrig_add [pycomlink] (5 km variogram),R+L,210,0.3994,1.2017,0.9516,0.76
openmrg,openmrg 2015-08-25 02,radar ked [pycomlink] (5 km variogram),R+L,210,0.7825,1.9823,0.8384,0.6084
openmrg,openmrg 2015-08-25 02,radar okrig_add [nearby] (5 km variogram),R+L,210,-0.0574,0.6692,0.9421,0.7653
openmrg,openmrg 2015-08-25 02,radar ked [nearby] (5 km variogram),R+L,210,0.1246,0.788,0.9208,0.6403
openmrg,openmrg 2015-08-25 02,radar okrig_add [rnn] (5 km variogram),R+L,210,-0.0571,0.6498,0.944,0.7944
openmrg,openmrg 2015-08-25 02,radar ked [rnn] (5 km variogram),R+L,210,0.0554,0.705,0.938,0.5349
openmrg,openmrg 2015-08-25 02,radar okrig_add [dynamic + gauges] (5 km variogram),R+L+G,210,1.1874,2.8368,0.9102,0.8241
openmrg,openmrg 2015-08-25 02,radar ked [dynamic + gauges] (5 km variogram),R+L+G,210,2.3319,4.7692,0.6732,0.5311
openmrg,openmrg 2015-08-25 02,radar okrig_add [constant + gauges] (5 km variogram),R+L+G,210,-0.1999,0.7286,0.9314,0.7041
openmrg,openmrg 2015-08-25 02,radar ked [constant + gauges] (5 km variogram),R+L+G,210,2.8029,7.1522,0.0425,0.5089
openmrg,openmrg 2015-08-25 02,radar okrig_add [pycomlink + gauges] (5 km variogram),R+L+G,210,0.3587,1.1005,0.955,0.76
openmrg,openmrg 2015-08-25 02,radar ked [pycomlink + gauges] (5 km variogram),R+L+G,210,0.7629,1.9021,0.835,0.5528
openmrg,openmrg 2015-08-25 02,radar okrig_add [nearby + gauges] (5 km variogram),R+L+G,210,-0.0645,0.6299,0.9478,0.75
openmrg,openmrg 2015-08-25 02,radar ked [nearby + gauges] (5 km variogram),R+L+G,210,0.1135,0.7549,0.9251,0.5688
openmrg,openmrg 2015-08-25 02,radar okrig_add [rnn + gauges] (5 km variogram),R+L+G,210,-0.0675,0.6111,0.9526,0.7944
openmrg,openmrg 2015-08-25 02,radar ked [rnn + gauges] (5 km variogram),R+L+G,210,0.1143,0.755,0.9285,0.4946
openmrg,openmrg 2015-08-27 01,radar,R,240,-0.0422,1.1077,0.8074,0.7383
openmrg,openmrg 2015-08-27 01,links dynamic idw,L,240,1.4379,3.0005,0.8616,0.6703
openmrg,openmrg 2015-08-27 01,links dynamic line,L,240,1.222,2.6143,0.868,0.6977
openmrg,openmrg 2015-08-27 01,links constant idw,L,240,-0.1982,0.7208,0.929,0.6038
openmrg,openmrg 2015-08-27 01,links constant line,L,240,-0.23,0.7056,0.934,0.6507
openmrg,openmrg 2015-08-27 01,links pycomlink idw,L,240,0.2187,0.7995,0.9619,0.7368
openmrg,openmrg 2015-08-27 01,links pycomlink line,L,240,0.1427,0.7076,0.9592,0.7634
openmrg,openmrg 2015-08-27 01,links nearby idw,L,240,0.239,0.843,0.9505,0.7308
openmrg,openmrg 2015-08-27 01,links nearby line,L,240,0.1825,0.7828,0.9487,0.7154
openmrg,openmrg 2015-08-27 01,links rnn idw,L,240,0.1201,0.7735,0.9124,0.8195
openmrg,openmrg 2015-08-27 01,links rnn line,L,240,0.1213,0.7424,0.9198,0.806
openmrg,openmrg 2015-08-27 01,gauges,G,240,-0.117,0.6701,0.9388,0.8284
openmrg,openmrg 2015-08-27 01,links dynamic + gauges,L+G,240,1.3145,2.8304,0.8488,0.6721
openmrg,openmrg 2015-08-27 01,links constant + gauges,L+G,240,-0.2005,0.6967,0.9339,0.6139
openmrg,openmrg 2015-08-27 01,links pycomlink + gauges,L+G,240,0.1824,0.7301,0.96,0.7769
openmrg,openmrg 2015-08-27 01,links nearby + gauges,L+G,240,0.2054,0.7997,0.9481,0.7597
openmrg,openmrg 2015-08-27 01,links rnn + gauges,L+G,240,0.1063,0.7085,0.9269,0.8271
openmrg,openmrg 2015-08-27 01,radar mfb [gauges],R+G,240,-0.0977,0.9972,0.8474,0.763
openmrg,openmrg 2015-08-27 01,radar add [gauges],R+G,240,-0.0277,0.8122,0.9055,0.8045
openmrg,openmrg 2015-08-27 01,radar mul [gauges],R+G,240,-0.0067,0.8237,0.9035,0.723
openmrg,openmrg 2015-08-27 01,radar idw_add [gauges],R+G,240,-0.0296,0.833,0.8986,0.797
openmrg,openmrg 2015-08-27 01,radar idw_mul [gauges],R+G,240,0.2141,2.2503,0.5915,0.8162
openmrg,openmrg 2015-08-27 01,radar okrig_add [gauges],R+G,240,-0.0483,0.8907,0.8839,0.7836
openmrg,openmrg 2015-08-27 01,radar ked [gauges],R+G,240,0.1516,1.2157,0.8415,0.6294
openmrg,openmrg 2015-08-27 01,radar mfb [dynamic],R+L,240,0.9952,2.2276,0.8695,0.7188
openmrg,openmrg 2015-08-27 01,radar add [dynamic],R+L,240,1.4721,3.0345,0.8713,0.6613
openmrg,openmrg 2015-08-27 01,radar mul [dynamic],R+L,240,1.1669,2.6459,0.8909,0.7303
openmrg,openmrg 2015-08-27 01,radar idw_add [dynamic],R+L,240,1.2602,2.7961,0.8808,0.7986
openmrg,openmrg 2015-08-27 01,radar idw_mul [dynamic],R+L,240,1.3005,2.8654,0.8825,0.7986
openmrg,openmrg 2015-08-27 01,radar okrig_add [dynamic],R+L,240,1.0746,2.4833,0.8886,0.8394
openmrg,openmrg 2015-08-27 01,radar ked [dynamic],R+L,240,2.8962,4.9028,0.5137,0.5385
openmrg,openmrg 2015-08-27 01,radar mfb [constant],R+L,240,-0.1326,0.9164,0.8744,0.6643
openmrg,openmrg 2015-08-27 01,radar add [constant],R+L,240,-0.1594,0.8293,0.9082,0.5812
openmrg,openmrg 2015-08-27 01,radar mul [constant],R+L,240,-0.1252,0.8496,0.9038,0.7086
openmrg,openmrg 2015-08-27 01,radar idw_add [constant],R+L,240,-0.2971,0.9083,0.898,0.6183
openmrg,openmrg 2015-08-27 01,radar idw_mul [constant],R+L,240,-0.2895,0.9123,0.8987,0.6047
openmrg,openmrg 2015-08-27 01,radar okrig_add [constant],R+L,240,-0.3028,0.8804,0.9016,0.6231
openmrg,openmrg 2015-08-27 01,radar ked [constant],R+L,240,6.2306,14.2988,-0.1371,0.5758
openmrg,openmrg 2015-08-27 01,radar mfb [pycomlink],R+L,240,0.1171,0.9426,0.8899,0.763
openmrg,openmrg 2015-08-27 01,radar add [pycomlink],R+L,240,0.2569,0.9236,0.9548,0.7353
openmrg,openmrg 2015-08-27 01,radar mul [pycomlink],R+L,240,0.2379,1.0017,0.9386,0.7211
openmrg,openmrg 2015-08-27 01,radar idw_add [pycomlink],R+L,240,0.1456,0.9086,0.949,0.7481
openmrg,openmrg 2015-08-27 01,radar idw_mul [pycomlink],R+L,240,0.1642,0.9634,0.9469,0.7519
openmrg,openmrg 2015-08-27 01,radar okrig_add [pycomlink],R+L,240,0.124,0.8346,0.9527,0.7481
openmrg,openmrg 2015-08-27 01,radar ked [pycomlink],R+L,240,1.0646,2.8514,0.5549,0.5892
openmrg,openmrg 2015-08-27 01,radar mfb [nearby],R+L,240,0.06,1.0202,0.8573,0.7687
openmrg,openmrg 2015-08-27 01,radar add [nearby],R+L,240,0.2719,0.9459,0.9447,0.7273
openmrg,openmrg 2015-08-27 01,radar mul [nearby],R+L,240,0.2258,0.9585,0.9333,0.7279
openmrg,openmrg 2015-08-27 01,radar idw_add [nearby],R+L,240,0.2394,0.9719,0.9478,0.6742
openmrg,openmrg 2015-08-27 01,radar idw_mul [nearby],R+L,240,0.2722,1.0859,0.939,0.6899
openmrg,openmrg 2015-08-27 01,radar okrig_add [nearby],R+L,240,0.1888,0.8659,0.9483,0.6667
openmrg,openmrg 2015-08-27 01,radar ked [nearby],R+L,240,0.4759,1.3125,0.8694,0.629
openmrg,openmrg 2015-08-27 01,radar mfb [rnn],R+L,240,0.0491,1.0471,0.8384,0.7664
openmrg,openmrg 2015-08-27 01,radar add [rnn],R+L,240,0.1567,0.8003,0.9094,0.7926
openmrg,openmrg 2015-08-27 01,radar mul [rnn],R+L,240,0.1257,0.8371,0.8997,0.7347
openmrg,openmrg 2015-08-27 01,radar idw_add [rnn],R+L,240,0.1305,0.7383,0.9219,0.7926
openmrg,openmrg 2015-08-27 01,radar idw_mul [rnn],R+L,240,0.1495,0.7916,0.9118,0.7985
openmrg,openmrg 2015-08-27 01,radar okrig_add [rnn],R+L,240,0.1386,0.7746,0.9141,0.7737
openmrg,openmrg 2015-08-27 01,radar ked [rnn],R+L,240,0.1936,0.6975,0.9341,0.674
openmrg,openmrg 2015-08-27 01,radar mfb [dynamic + gauges],R+L+G,240,0.901,2.0674,0.8696,0.7233
openmrg,openmrg 2015-08-27 01,radar add [dynamic + gauges],R+L+G,240,1.3491,2.8635,0.8588,0.6703
openmrg,openmrg 2015-08-27 01,radar mul [dynamic + gauges],R+L+G,240,1.0701,2.4898,0.88,0.7303
openmrg,openmrg 2015-08-27 01,radar idw_add [dynamic + gauges],R+L+G,240,1.2027,2.7156,0.8711,0.7986
openmrg,openmrg 2015-08-27 01,radar idw_mul [dynamic + gauges],R+L+G,240,1.241,2.776,0.8738,0.7986
openmrg,openmrg 2015-08-27 01,radar okrig_add [dynamic + gauges],R+L+G,240,1.0573,2.4728,0.8796,0.8394
openmrg,openmrg 2015-08-27 01,radar ked [dynamic + gauges],R+L+G,240,2.833,4.9774,0.4944,0.5455
openmrg,openmrg 2015-08-27 01,radar mfb [constant + gauges],R+L+G,240,-0.1302,0.9196,0.8733,0.6809
openmrg,openmrg 2015-08-27 01,radar add [constant + gauges],R+L+G,240,-0.1617,0.8108,0.9105,0.5949
openmrg,openmrg 2015-08-27 01,radar mul [constant + gauges],R+L+G,240,-0.1247,0.8345,0.9051,0.7133
openmrg,openmrg 2015-08-27 01,radar idw_add [constant + gauges],R+L+G,240,-0.2918,0.8732,0.9035,0.6336
openmrg,openmrg 2015-08-27 01,radar idw_mul [constant + gauges],R+L+G,240,-0.2822,0.8714,0.9048,0.6202
openmrg,openmrg 2015-08-27 01,radar okrig_add [constant + gauges],R+L+G,240,-0.2974,0.8696,0.903,0.6231
openmrg,openmrg 2015-08-27 01,radar ked [constant + gauges],R+L+G,240,4.2297,10.9443,-0.0704,0.555
openmrg,openmrg 2015-08-27 01,radar mfb [pycomlink + gauges],R+L+G,240,0.0985,0.9344,0.8879,0.763
openmrg,openmrg 2015-08-27 01,radar add [pycomlink + gauges],R+L+G,240,0.2209,0.8627,0.9509,0.7537
openmrg,openmrg 2015-08-27 01,radar mul [pycomlink + gauges],R+L+G,240,0.2063,0.9516,0.9341,0.7211
openmrg,openmrg 2015-08-27 01,radar idw_add [pycomlink + gauges],R+L+G,240,0.1263,0.8287,0.9512,0.771
openmrg,openmrg 2015-08-27 01,radar idw_mul [pycomlink + gauges],R+L+G,240,0.1457,0.8777,0.9494,0.7752
openmrg,openmrg 2015-08-27 01,radar okrig_add [pycomlink + gauges],R+L+G,240,0.1199,0.7984,0.954,0.7557
openmrg,openmrg 2015-08-27 01,radar ked [pycomlink + gauges],R+L+G,240,0.8626,2.3716,0.6319,0.5663
openmrg,openmrg 2015-08-27 01,radar mfb [nearby + gauges],R+L+G,240,0.0448,1.0125,0.8568,0.7895
openmrg,openmrg 2015-08-27 01,radar add [nearby + gauges],R+L+G,240,0.2388,0.9095,0.9406,0.7424
openmrg,openmrg 2015-08-27 01,radar mul [nearby + gauges],R+L+G,240,0.1982,0.9295,0.9294,0.7279
openmrg,openmrg 2015-08-27 01,radar idw_add [nearby + gauges],R+L+G,240,0.2125,0.9283,0.9432,0.6894
openmrg,openmrg 2015-08-27 01,radar idw_mul [nearby + gauges],R+L+G,240,0.2461,1.037,0.9342,0.7054
openmrg,openmrg 2015-08-27 01,radar okrig_add [nearby + gauges],R+L+G,240,0.1767,0.851,0.9451,0.6742
openmrg,openmrg 2015-08-27 01,radar ked [nearby + gauges],R+L+G,240,0.3092,0.9455,0.9306,0.5885
openmrg,openmrg 2015-08-27 01,radar mfb [rnn + gauges],R+L+G,240,0.0363,1.0391,0.8396,0.7664
openmrg,openmrg 2015-08-27 01,radar add [rnn + gauges],R+L+G,240,0.1433,0.7413,0.9224,0.7926
openmrg,openmrg 2015-08-27 01,radar mul [rnn + gauges],R+L+G,240,0.115,0.7813,0.9127,0.7347
openmrg,openmrg 2015-08-27 01,radar idw_add [rnn + gauges],R+L+G,240,0.1224,0.6904,0.9319,0.7926
openmrg,openmrg 2015-08-27 01,radar idw_mul [rnn + gauges],R+L+G,240,0.1405,0.7229,0.9265,0.7985
openmrg,openmrg 2015-08-27 01,radar okrig_add [rnn + gauges],R+L+G,240,0.1393,0.7446,0.9214,0.7737
openmrg,openmrg 2015-08-27 01,radar ked [rnn + gauges],R+L+G,240,0.2102,0.7281,0.9278,0.6244
openmrg,openmrg 2015-08-27 01,radar okrig_add [gauges] (5 km variogram),R+G,240,-0.0719,0.865,0.8899,0.7985
openmrg,openmrg 2015-08-27 01,radar ked [gauges] (5 km variogram),R+G,240,0.1307,1.0582,0.8714,0.6256
openmrg,openmrg 2015-08-27 01,radar okrig_add [dynamic] (5 km variogram),R+L,240,1.1752,2.7494,0.8725,0.8261
openmrg,openmrg 2015-08-27 01,radar ked [dynamic] (5 km variogram),R+L,240,2.8675,5.2988,0.4913,0.5411
openmrg,openmrg 2015-08-27 01,radar okrig_add [constant] (5 km variogram),R+L,240,-0.3081,0.8989,0.8987,0.6154
openmrg,openmrg 2015-08-27 01,radar ked [constant] (5 km variogram),R+L,240,4.2761,10.4007,-0.071,0.5758
openmrg,openmrg 2015-08-27 01,radar okrig_add [pycomlink] (5 km variogram),R+L,240,0.1527,0.8759,0.9543,0.7405
openmrg,openmrg 2015-08-27 01,radar ked [pycomlink] (5 km variogram),R+L,240,0.9329,2.4332,0.6415,0.5892
openmrg,openmrg 2015-08-27 01,radar okrig_add [nearby] (5 km variogram),R+L,240,0.2317,0.9845,0.9459,0.6718
openmrg,openmrg 2015-08-27 01,radar ked [nearby] (5 km variogram),R+L,240,0.5203,1.413,0.8653,0.6201
openmrg,openmrg 2015-08-27 01,radar okrig_add [rnn] (5 km variogram),R+L,240,0.1316,0.7468,0.92,0.7664
openmrg,openmrg 2015-08-27 01,radar ked [rnn] (5 km variogram),R+L,240,0.1979,0.712,0.9311,0.6455
openmrg,openmrg 2015-08-27 01,radar okrig_add [dynamic + gauges] (5 km variogram),R+L+G,240,1.1012,2.6561,0.8547,0.8261
openmrg,openmrg 2015-08-27 01,radar ked [dynamic + gauges] (5 km variogram),R+L+G,240,2.7777,5.3983,0.4534,0.5459
openmrg,openmrg 2015-08-27 01,radar okrig_add [constant + gauges] (5 km variogram),R+L+G,240,-0.2997,0.8613,0.9047,0.6462
openmrg,openmrg 2015-08-27 01,radar ked [constant + gauges] (5 km variogram),R+L+G,240,3.051,8.2692,-0.0085,0.5529
openmrg,openmrg 2015-08-27 01,radar okrig_add [pycomlink + gauges] (5 km variogram),R+L+G,240,0.1244,0.7801,0.9545,0.771
openmrg,openmrg 2015-08-27 01,radar ked [pycomlink + gauges] (5 km variogram),R+L+G,240,0.8328,2.248,0.6526,0.5584
openmrg,openmrg 2015-08-27 01,radar okrig_add [nearby + gauges] (5 km variogram),R+L+G,240,0.1975,0.9348,0.9406,0.7099
openmrg,openmrg 2015-08-27 01,radar ked [nearby + gauges] (5 km variogram),R+L+G,240,0.3441,1.0203,0.9237,0.582
openmrg,openmrg 2015-08-27 01,radar okrig_add [rnn + gauges] (5 km variogram),R+L+G,240,0.1166,0.6855,0.9327,0.7737
openmrg,openmrg 2015-08-27 01,radar ked [rnn + gauges] (5 km variogram),R+L+G,240,0.2054,0.7232,0.9286,0.6212
openmrg,openmrg 2015-08-31 17,radar,R,70,-0.232,0.5193,0.7046,0.9857
openmrg,openmrg 2015-08-31 17,links dynamic idw,L,70,1.246,1.8173,0.6805,0.9857
openmrg,openmrg 2015-08-31 17,links dynamic line,L,70,1.0236,1.556,0.6896,0.9857
openmrg,openmrg 2015-08-31 17,links constant idw,L,70,-0.9024,1.0747,0.4836,0.3623
openmrg,openmrg 2015-08-31 17,links constant line,L,70,-0.9014,1.0734,0.481,0.3623
openmrg,openmrg 2015-08-31 17,links pycomlink idw,L,70,-0.921,1.1101,0.2872,0.3478
openmrg,openmrg 2015-08-31 17,links pycomlink line,L,70,-0.9222,1.1125,0.2694,0.3478
openmrg,openmrg 2015-08-31 17,links nearby idw,L,70,-0.1682,0.4977,0.8013,0.7391
openmrg,openmrg 2015-08-31 17,links nearby line,L,70,-0.2414,0.4496,0.8394,0.7391
openmrg,openmrg 2015-08-31 17,links rnn idw,L,70,-0.2887,0.4446,0.9101,0.9857
openmrg,openmrg 2015-08-31 17,links rnn line,L,70,-0.2864,0.4404,0.9114,0.9857
openmrg,openmrg 2015-08-31 17,gauges,G,70,-0.1959,0.3707,0.8928,0.9857
openmrg,openmrg 2015-08-31 17,links dynamic + gauges,L+G,70,1.1457,1.712,0.6741,0.9857
openmrg,openmrg 2015-08-31 17,links constant + gauges,L+G,70,-0.848,1.0215,0.5141,0.5507
openmrg,openmrg 2015-08-31 17,links pycomlink + gauges,L+G,70,-0.8624,1.0499,0.3942,0.5942
openmrg,openmrg 2015-08-31 17,links nearby + gauges,L+G,70,-0.1619,0.4839,0.8028,0.7826
openmrg,openmrg 2015-08-31 17,links rnn + gauges,L+G,70,-0.2792,0.4348,0.9132,0.9857
openmrg,openmrg 2015-08-31 17,radar mfb [gauges],R+G,70,-0.182,0.3585,0.8874,0.9857
openmrg,openmrg 2015-08-31 17,radar add [gauges],R+G,70,-0.1881,0.3609,0.8941,0.9714
openmrg,openmrg 2015-08-31 17,radar mul [gauges],R+G,70,-0.1903,0.3781,0.8926,0.9857
openmrg,openmrg 2015-08-31 17,radar idw_add [gauges],R+G,70,-0.1932,0.3633,0.8944,0.9714
openmrg,openmrg 2015-08-31 17,radar idw_mul [gauges],R+G,70,-0.1851,0.3565,0.8963,0.9857
openmrg,openmrg 2015-08-31 17,radar okrig_add [gauges],R+G,70,-0.2112,0.3768,0.8906,0.9571
openmrg,openmrg 2015-08-31 17,radar ked [gauges],R+G,70,-0.1402,0.3323,0.8872,0.9857
openmrg,openmrg 2015-08-31 17,radar mfb [dynamic],R+L,70,0.8063,1.1687,0.7548,0.9857
openmrg,openmrg 2015-08-31 17,radar add [dynamic],R+L,70,1.2502,1.823,0.6824,0.9857
openmrg,openmrg 2015-08-31 17,radar mul [dynamic],R+L,70,0.9491,1.4857,0.6944,0.9857
openmrg,openmrg 2015-08-31 17,radar idw_add [dynamic],R+L,70,1.0427,1.6572,0.6823,0.9857
openmrg,openmrg 2015-08-31 17,radar idw_mul [dynamic],R+L,70,1.0462,1.658,0.6858,0.9857
openmrg,openmrg 2015-08-31 17,radar okrig_add [dynamic],R+L,70,0.8043,1.3833,0.6516,0.9857
openmrg,openmrg 2015-08-31 17,radar ked [dynamic],R+L,70,0.8892,1.499,0.6135,0.9857
openmrg,openmrg 2015-08-31 17,radar mfb [constant],R+L,70,-0.76,0.9348,0.6466,0.9571
openmrg,openmrg 2015-08-31 17,radar add [constant],R+L,70,-0.8931,1.064,0.4984,0.4203
openmrg,openmrg 2015-08-31 17,radar mul [constant],R+L,70,-0.7448,0.9374,0.5822,0.9857
openmrg,openmrg 2015-08-31 17,radar idw_add [constant],R+L,70,-0.9447,1.1217,0.4359,0.2174
openmrg,openmrg 2015-08-31 17,radar idw_mul [constant],R+L,70,-0.9508,1.1268,0.4453,0.1884
openmrg,openmrg 2015-08-31 17,radar okrig_add [constant],R+L,70,-0.9359,1.1153,0.3807,0.2174
openmrg,openmrg 2015-08-31 17,radar ked [constant],R+L,70,-0.1578,1.4897,-0.0476,0.9571
openmrg,openmrg 2015-08-31 17,radar mfb [pycomlink],R+L,70,-0.8283,1.0143,0.6404,0.9571
openmrg,openmrg 2015-08-31 17,radar add [pycomlink],R+L,70,-0.9112,1.0979,0.331,0.3913
openmrg,openmrg 2015-08-31 17,radar mul [pycomlink],R+L,70,-0.7607,0.9687,0.4248,0.9857
openmrg,openmrg 2015-08-31 17,radar idw_add [pycomlink],R+L,70,-0.9356,1.1259,0.2454,0.2899
openmrg,openmrg 2015-08-31 17,radar idw_mul [pycomlink],R+L,70,-0.9428,1.1337,0.2228,0.2754
openmrg,openmrg 2015-08-31 17,radar okrig_add [pycomlink],R+L,70,-0.9363,1.1272,0.2355,0.3043
openmrg,openmrg 2015-08-31 17,radar ked [pycomlink],R+L,70,-0.5946,0.9208,0.2058,0.9143
openmrg,openmrg 2015-08-31 17,radar mfb [nearby],R+L,70,-0.2898,0.3997,0.9114,0.9571
openmrg,openmrg 2015-08-31 17,radar add [nearby],R+L,70,-0.164,0.4969,0.8034,0.7681
openmrg,openmrg 2015-08-31 17,radar mul [nearby],R+L,70,-0.1675,0.4352,0.8119,0.9857
openmrg,openmrg 2015-08-31 17,radar idw_add [nearby],R+L,70,-0.2396,0.5179,0.795,0.7681
openmrg,openmrg 2015-08-31 17,radar idw_mul [nearby],R+L,70,-0.2406,0.5164,0.7976,0.7536
openmrg,openmrg 2015-08-31 17,radar okrig_add [nearby],R+L,70,-0.3717,0.512,0.8397,0.7681
openmrg,openmrg 2015-08-31 17,radar ked [nearby],R+L,70,-0.2812,0.6367,0.6477,0.8286
openmrg,openmrg 2015-08-31 17,radar mfb [rnn],R+L,70,-0.2984,0.4703,0.8866,0.9857
openmrg,openmrg 2015-08-31 17,radar add [rnn],R+L,70,-0.2842,0.4352,0.9176,0.9857
openmrg,openmrg 2015-08-31 17,radar mul [rnn],R+L,70,-0.2766,0.4421,0.926,0.9857
openmrg,openmrg 2015-08-31 17,radar idw_add [rnn],R+L,70,-0.2973,0.4503,0.9133,0.9857
openmrg,openmrg 2015-08-31 17,radar idw_mul [rnn],R+L,70,-0.2984,0.4511,0.9127,0.9857
openmrg,openmrg 2015-08-31 17,radar okrig_add [rnn],R+L,70,-0.2947,0.4512,0.9074,0.9857
openmrg,openmrg 2015-08-31 17,radar ked [rnn],R+L,70,-0.3011,0.4605,0.8999,0.9857
openmrg,openmrg 2015-08-31 17,radar mfb [dynamic + gauges],R+L+G,70,0.7144,1.0531,0.765,0.9857
openmrg,openmrg 2015-08-31 17,radar add [dynamic + gauges],R+L+G,70,1.1508,1.7186,0.676,0.9857
openmrg,openmrg 2015-08-31 17,radar mul [dynamic + gauges],R+L+G,70,0.8708,1.4031,0.6877,0.9857
openmrg,openmrg 2015-08-31 17,radar idw_add [dynamic + gauges],R+L+G,70,1.009,1.6273,0.6787,0.9857
openmrg,openmrg 2015-08-31 17,radar idw_mul [dynamic + gauges],R+L+G,70,1.0129,1.6282,0.6823,0.9857
openmrg,openmrg 2015-08-31 17,radar okrig_add [dynamic + gauges],R+L+G,70,0.7935,1.3829,0.6469,0.9714
openmrg,openmrg 2015-08-31 17,radar ked [dynamic + gauges],R+L+G,70,0.8522,1.4657,0.6118,0.9857
openmrg,openmrg 2015-08-31 17,radar mfb [constant + gauges],R+L+G,70,-0.7325,0.9081,0.6264,0.9571
openmrg,openmrg 2015-08-31 17,radar add [constant + gauges],R+L+G,70,-0.8417,1.0136,0.5266,0.5942
openmrg,openmrg 2015-08-31 17,radar mul [constant + gauges],R+L+G,70,-0.7038,0.8967,0.6007,0.9857
openmrg,openmrg 2015-08-31 17,radar idw_add [constant + gauges],R+L+G,70,-0.9047,1.0849,0.4122,0.3478
openmrg,openmrg 2015-08-31 17,radar idw_mul [constant + gauges],R+L+G,70,-0.9098,1.0893,0.4122,0.3188
openmrg,openmrg 2015-08-31 17,radar okrig_add [constant + gauges],R+L+G,70,-0.9081,1.0908,0.373,0.3188
openmrg,openmrg 2015-08-31 17,radar ked [constant + gauges],R+L+G,70,-0.281,1.0409,0.3156,0.9143
openmrg,openmrg 2015-08-31 17,radar mfb [pycomlink + gauges],R+L+G,70,-0.8109,0.9988,0.5624,0.9571
openmrg,openmrg 2015-08-31 17,radar add [pycomlink + gauges],R+L+G,70,-0.8563,1.0417,0.4186,0.6377
openmrg,openmrg 2015-08-31 17,radar mul [pycomlink + gauges],R+L+G,70,-0.7154,0.9214,0.504,0.9857
openmrg,openmrg 2015-08-31 17,radar idw_add [pycomlink + gauges],R+L+G,70,-0.895,1.0865,0.3052,0.4493
openmrg,openmrg 2015-08-31 17,radar idw_mul [pycomlink + gauges],R+L+G,70,-0.9005,1.0928,0.2861,0.4348
openmrg,openmrg 2015-08-31 17,radar okrig_add [pycomlink + gauges],R+L+G,70,-0.9057,1.0976,0.2819,0.4203
openmrg,openmrg 2015-08-31 17,radar ked [pycomlink + gauges],R+L+G,70,-0.4484,0.7181,0.5414,0.9143
openmrg,openmrg 2015-08-31 17,radar mfb [nearby + gauges],R+L+G,70,-0.282,0.3933,0.9126,0.9571
openmrg,openmrg 2015-08-31 17,radar add [nearby + gauges],R+L+G,70,-0.157,0.4822,0.8056,0.7971
openmrg,openmrg 2015-08-31 17,radar mul [nearby + gauges],R+L+G,70,-0.1628,0.4258,0.8151,0.9857
openmrg,openmrg 2015-08-31 17,radar idw_add [nearby + gauges],R+L+G,70,-0.2252,0.5058,0.7967,0.7971
openmrg,openmrg 2015-08-31 17,radar idw_mul [nearby + gauges],R+L+G,70,-0.2264,0.5043,0.7994,0.7826
openmrg,openmrg 2015-08-31 17,radar okrig_add [nearby + gauges],R+L+G,70,-0.3538,0.4979,0.8414,0.7826
openmrg,openmrg 2015-08-31 17,radar ked [nearby + gauges],R+L+G,70,-0.3229,0.5342,0.7664,0.9
openmrg,openmrg 2015-08-31 17,radar mfb [rnn + gauges],R+L+G,70,-0.2878,0.4583,0.8879,0.9857
openmrg,openmrg 2015-08-31 17,radar add [rnn + gauges],R+L+G,70,-0.274,0.4248,0.9204,0.9857
openmrg,openmrg 2015-08-31 17,radar mul [rnn + gauges],R+L+G,70,-0.2681,0.434,0.9268,0.9857
openmrg,openmrg 2015-08-31 17,radar idw_add [rnn + gauges],R+L+G,70,-0.2871,0.4416,0.9138,0.9857
openmrg,openmrg 2015-08-31 17,radar idw_mul [rnn + gauges],R+L+G,70,-0.2883,0.4421,0.9135,0.9857
openmrg,openmrg 2015-08-31 17,radar okrig_add [rnn + gauges],R+L+G,70,-0.2878,0.4454,0.9077,0.9857
openmrg,openmrg 2015-08-31 17,radar ked [rnn + gauges],R+L+G,70,-0.2963,0.4579,0.8972,0.9857
openmrg,openmrg 2015-08-31 17,radar okrig_add [gauges] (5 km variogram),R+G,70,-0.2045,0.3991,0.8574,0.9714
openmrg,openmrg 2015-08-31 17,radar ked [gauges] (5 km variogram),R+G,70,-0.1306,0.336,0.8791,0.9857
openmrg,openmrg 2015-08-31 17,radar okrig_add [dynamic] (5 km variogram),R+L,70,0.9278,1.5682,0.6212,0.9571
openmrg,openmrg 2015-08-31 17,radar ked [dynamic] (5 km variogram),R+L,70,0.9824,1.6615,0.5899,0.9857
openmrg,openmrg 2015-08-31 17,radar okrig_add [constant] (5 km variogram),R+L,70,-0.9452,1.1248,0.3694,0.1739
openmrg,openmrg 2015-08-31 17,radar ked [constant] (5 km variogram),R+L,70,-0.3037,1.1989,0.0056,0.9286
openmrg,openmrg 2015-08-31 17,radar okrig_add [pycomlink] (5 km variogram),R+L,70,-0.9363,1.1283,0.2232,0.2754
openmrg,openmrg 2015-08-31 17,radar ked [pycomlink] (5 km variogram),R+L,70,-0.5965,0.962,0.2453,0.8857
openmrg,openmrg 2015-08-31 17,radar okrig_add [nearby] (5 km variogram),R+L,70,-0.3289,0.5582,0.7609,0.7681
openmrg,openmrg 2015-08-31 17,radar ked [nearby] (5 km variogram),R+L,70,-0.2456,0.697,0.6077,0.8286
openmrg,openmrg 2015-08-31 17,radar okrig_add [rnn] (5 km variogram),R+L,70,-0.3017,0.4593,0.8991,0.9857
openmrg,openmrg 2015-08-31 17,radar ked [rnn] (5 km variogram),R+L,70,-0.3076,0.4694,0.8904,0.9857
openmrg,openmrg 2015-08-31 17,radar okrig_add [dynamic + gauges] (5 km variogram),R+L+G,70,0.8664,1.5112,0.614,0.9571
openmrg,openmrg 2015-08-31 17,radar ked [dynamic + gauges] (5 km variogram),R+L+G,70,0.9203,1.6095,0.5835,0.9857
openmrg,openmrg 2015-08-31 17,radar okrig_add [constant + gauges] (5 km variogram),R+L+G,70,-0.8824,1.0725,0.33,0.3333
openmrg,openmrg 2015-08-31 17,radar ked [constant + gauges] (5 km variogram),R+L+G,70,-0.3306,0.7365,0.4803,0.9
openmrg,openmrg 2015-08-31 17,radar okrig_add [pycomlink + gauges] (5 km variogram),R+L+G,70,-0.87,1.0694,0.2744,0.4493
openmrg,openmrg 2015-08-31 17,radar ked [pycomlink + gauges] (5 km variogram),R+L+G,70,-0.4188,0.7486,0.4704,0.9143
openmrg,openmrg 2015-08-31 17,radar okrig_add [nearby + gauges] (5 km variogram),R+L+G,70,-0.3085,0.5448,0.7581,0.8261
openmrg,openmrg 2015-08-31 17,radar ked [nearby + gauges] (5 km variogram),R+L+G,70,-0.2837,0.5683,0.7112,0.9286
openmrg,openmrg 2015-08-31 17,radar okrig_add [rnn + gauges] (5 km variogram),R+L+G,70,-0.2883,0.4495,0.897,0.9857
openmrg,openmrg 2015-08-31 17,radar ked [rnn + gauges] (5 km variogram),R+L+G,70,-0.2985,0.4647,0.8845,0.9857
openrainer,openrainer 2021-05-23 23,radar,R,4378,0.324,1.1716,0.7664,0.8032
openrainer,openrainer 2021-05-23 23,links dynamic idw,L,2918,0.7605,2.2609,0.7203,0.819
openrainer,openrainer 2021-05-23 23,links dynamic line,L,3158,0.5783,2.0654,0.6936,0.8013
openrainer,openrainer 2021-05-23 23,links constant idw,L,2918,-0.3288,1.428,0.5779,0.6138
openrainer,openrainer 2021-05-23 23,links constant line,L,3158,-0.3201,1.5022,0.5544,0.662
openrainer,openrainer 2021-05-23 23,links pycomlink idw,L,2918,-0.0962,1.0436,0.7807,0.8048
openrainer,openrainer 2021-05-23 23,links pycomlink line,L,3158,-0.089,1.3902,0.6672,0.8096
openrainer,openrainer 2021-05-23 23,links nearby idw,L,2118,-0.3183,0.9492,0.8276,0.7084
openrainer,openrainer 2021-05-23 23,links nearby line,L,2357,-0.3587,0.9454,0.8222,0.724
openrainer,openrainer 2021-05-23 23,links rnn idw,L,2918,0.6328,1.2878,0.8372,0.8372
openrainer,openrainer 2021-05-23 23,links rnn line,L,3158,0.7449,1.407,0.8355,0.8322
openrainer,openrainer 2021-05-23 23,gauges,G,4378,-0.0006,0.6015,0.916,0.8873
openrainer,openrainer 2021-05-23 23,links dynamic + gauges,L+G,4378,0.2775,1.153,0.8304,0.857
openrainer,openrainer 2021-05-23 23,links constant + gauges,L+G,4378,-0.1238,0.7689,0.8633,0.8481
openrainer,openrainer 2021-05-23 23,links pycomlink + gauges,L+G,4378,-0.035,0.6495,0.9039,0.8752
openrainer,openrainer 2021-05-23 23,links nearby + gauges,L+G,4378,-0.0673,0.6244,0.9102,0.8779
openrainer,openrainer 2021-05-23 23,links rnn + gauges,L+G,4378,0.2243,0.817,0.881,0.8662
openrainer,openrainer 2021-05-23 23,radar mfb [gauges],R+G,4378,0.0008,0.7786,0.8541,0.8268
openrainer,openrainer 2021-05-23 23,radar add [gauges],R+G,4378,0.0413,0.7297,0.8867,0.8372
openrainer,openrainer 2021-05-23 23,radar mul [gauges],R+G,4378,0.0799,0.7133,0.8923,0.8143
openrainer,openrainer 2021-05-23 23,radar idw_add [gauges],R+G,4378,0.0216,0.6822,0.8977,0.8476
openrainer,openrainer 2021-05-23 23,radar idw_mul [gauges],R+G,4378,0.3163,3.9165,0.3487,0.8795
openrainer,openrainer 2021-05-23 23,radar okrig_add [gauges],R+G,4378,0.019,0.694,0.8946,0.8387
openrainer,openrainer 2021-05-23 23,radar ked [gauges],R+G,4378,0.0434,0.5255,0.9365,0.7921
openrainer,openrainer 2021-05-23 23,radar mfb [dynamic],R+L,4378,0.8844,1.7248,0.8185,0.8017
openrainer,openrainer 2021-05-23 23,radar add [dynamic],R+L,4378,0.8726,2.1911,0.7511,0.7978
openrainer,openrainer 2021-05-23 23,radar mul [dynamic],R+L,4378,0.7264,1.8727,0.8108,0.8109
openrainer,openrainer 2021-05-23 23,radar idw_add [dynamic],R+L,4378,0.9241,2.1965,0.7706,0.7963
openrainer,openrainer 2021-05-23 23,radar idw_mul [dynamic],R+L,4378,8.2135,101.1901,-0.0115,0.8284
openrainer,openrainer 2021-05-23 23,radar okrig_add [dynamic],R+L,4378,0.9353,2.2125,0.7554,0.7736
openrainer,openrainer 2021-05-23 23,radar ked [dynamic],R+L,4378,1.0403,2.8992,0.6312,0.7596
openrainer,openrainer 2021-05-23 23,radar mfb [constant],R+L,4378,-0.2646,1.0285,0.7448,0.7883
openrainer,openrainer 2021-05-23 23,radar add [constant],R+L,4378,-0.2401,1.3345,0.617,0.6753
openrainer,openrainer 2021-05-23 23,radar mul [constant],R+L,4378,-0.2222,1.0807,0.7228,0.8001
openrainer,openrainer 2021-05-23 23,radar idw_add [constant],R+L,4378,-0.2418,1.2754,0.6564,0.6358
openrainer,openrainer 2021-05-23 23,radar idw_mul [constant],R+L,4378,-0.1695,4.6737,0.1957,0.6429
openrainer,openrainer 2021-05-23 23,radar okrig_add [constant],R+L,4378,-0.2029,1.4918,0.576,0.6365
openrainer,openrainer 2021-05-23 23,radar ked [constant],R+L,4378,0.015,2.3116,0.3993,0.7183
openrainer,openrainer 2021-05-23 23,radar mfb [pycomlink],R+L,4378,-0.0467,0.8656,0.8191,0.8231
openrainer,openrainer 2021-05-23 23,radar add [pycomlink],R+L,4378,-0.0144,1.0666,0.7766,0.7752
openrainer,openrainer 2021-05-23 23,radar mul [pycomlink],R+L,4378,-0.0044,0.9082,0.8255,0.8171
openrainer,openrainer 2021-05-23 23,radar idw_add [pycomlink],R+L,4378,0.0178,1.1017,0.7814,0.7613
openrainer,openrainer 2021-05-23 23,radar idw_mul [pycomlink],R+L,4378,0.7932,14.6021,0.0664,0.8169
openrainer,openrainer 2021-05-23 23,radar okrig_add [pycomlink],R+L,4378,0.0016,1.0947,0.7798,0.759
openrainer,openrainer 2021-05-23 23,radar ked [pycomlink],R+L,4378,0.0801,1.623,0.6362,0.7923
openrainer,openrainer 2021-05-23 23,radar mfb [nearby],R+L,4378,-0.2677,0.8357,0.8564,0.8176
openrainer,openrainer 2021-05-23 23,radar add [nearby],R+L,4378,-0.252,0.8756,0.8275,0.7452
openrainer,openrainer 2021-05-23 23,radar mul [nearby],R+L,4378,-0.2153,0.8041,0.8539,0.8067
openrainer,openrainer 2021-05-23 23,radar idw_add [nearby],R+L,4314,-0.1473,1.0292,0.7846,0.6822
openrainer,openrainer 2021-05-23 23,radar idw_mul [nearby],R+L,4314,0.6947,16.1328,0.1244,0.7057
openrainer,openrainer 2021-05-23 23,radar okrig_add [nearby],R+L,4378,-0.1655,1.0606,0.7658,0.6828
openrainer,openrainer 2021-05-23 23,radar ked [nearby],R+L,4378,-0.1496,1.6803,0.5345,0.7222
openrainer,openrainer 2021-05-23 23,radar mfb [rnn],R+L,4378,0.7185,1.5111,0.827,0.8241
openrainer,openrainer 2021-05-23 23,radar add [rnn],R+L,4378,0.7209,1.4731,0.8226,0.8223
openrainer,openrainer 2021-05-23 23,radar mul [rnn],R+L,4378,0.6436,1.4918,0.8124,0.8121
openrainer,openrainer 2021-05-23 23,radar idw_add [rnn],R+L,4378,0.6811,1.3685,0.8277,0.7948
openrainer,openrainer 2021-05-23 23,radar idw_mul [rnn],R+L,4378,5.3733,67.4515,0.0021,0.8405
openrainer,openrainer 2021-05-23 23,radar okrig_add [rnn],R+L,4378,0.6502,1.3331,0.8202,0.7984
openrainer,openrainer 2021-05-23 23,radar ked [rnn],R+L,4378,0.6783,1.5124,0.7677,0.7741
openrainer,openrainer 2021-05-23 23,radar mfb [dynamic + gauges],R+L+G,4378,0.3249,1.0237,0.8335,0.8104
openrainer,openrainer 2021-05-23 23,radar add [dynamic + gauges],R+L+G,4378,0.3202,1.2506,0.8215,0.8306
openrainer,openrainer 2021-05-23 23,radar mul [dynamic + gauges],R+L+G,4378,0.2838,1.1591,0.8426,0.814
openrainer,openrainer 2021-05-23 23,radar idw_add [dynamic + gauges],R+L+G,4378,0.329,1.2019,0.8381,0.8416
openrainer,openrainer 2021-05-23 23,radar idw_mul [dynamic + gauges],R+L+G,4378,1.2659,20.279,0.0702,0.8585
openrainer,openrainer 2021-05-23 23,radar okrig_add [dynamic + gauges],R+L+G,4378,0.2826,1.2273,0.8149,0.8365
openrainer,openrainer 2021-05-23 23,radar ked [dynamic + gauges],R+L+G,4378,0.3802,1.5528,0.7339,0.7865
openrainer,openrainer 2021-05-23 23,radar mfb [constant + gauges],R+L+G,4378,-0.1069,0.8226,0.8368,0.8172
openrainer,openrainer 2021-05-23 23,radar add [constant + gauges],R+L+G,4378,-0.0803,0.846,0.8408,0.7907
openrainer,openrainer 2021-05-23 23,radar mul [constant + gauges],R+L+G,4378,-0.0317,0.762,0.8665,0.8126
openrainer,openrainer 2021-05-23 23,radar idw_add [constant + gauges],R+L+G,4378,-0.1036,0.8244,0.8468,0.801
openrainer,openrainer 2021-05-23 23,radar idw_mul [constant + gauges],R+L+G,4378,0.0463,3.2327,0.3694,0.8565
openrainer,openrainer 2021-05-23 23,radar okrig_add [constant + gauges],R+L+G,4378,-0.0741,0.8677,0.8336,0.8057
openrainer,openrainer 2021-05-23 23,radar ked [constant + gauges],R+L+G,4378,0.4411,2.7543,0.3518,0.7813
openrainer,openrainer 2021-05-23 23,radar mfb [pycomlink + gauges],R+L+G,4378,-0.0202,0.7932,0.8479,0.825
openrainer,openrainer 2021-05-23 23,radar add [pycomlink + gauges],R+L+G,4378,0.007,0.764,0.8776,0.8265
openrainer,openrainer 2021-05-23 23,radar mul [pycomlink + gauges],R+L+G,4378,0.0461,0.722,0.889,0.8148
openrainer,openrainer 2021-05-23 23,radar idw_add [pycomlink + gauges],R+L+G,4378,-0.0025,0.7627,0.877,0.8342
openrainer,openrainer 2021-05-23 23,radar idw_mul [pycomlink + gauges],R+L+G,4378,0.1498,2.6757,0.4705,0.8694
openrainer,openrainer 2021-05-23 23,radar okrig_add [pycomlink + gauges],R+L+G,4378,0.0012,0.7859,0.8704,0.8337
openrainer,openrainer 2021-05-23 23,radar ked [pycomlink + gauges],R+L+G,4378,0.0399,0.8555,0.8496,0.8195
openrainer,openrainer 2021-05-23 23,radar mfb [nearby + gauges],R+L+G,4378,-0.0693,0.7719,0.8564,0.8245
openrainer,openrainer 2021-05-23 23,radar add [nearby + gauges],R+L+G,4378,-0.0225,0.741,0.8813,0.8213
openrainer,openrainer 2021-05-23 23,radar mul [nearby + gauges],R+L+G,4378,0.025,0.7077,0.8905,0.8139
openrainer,openrainer 2021-05-23 23,radar idw_add [nearby + gauges],R+L+G,4378,-0.0444,0.7016,0.8913,0.8273
openrainer,openrainer 2021-05-23 23,radar idw_mul [nearby + gauges],R+L+G,4378,0.2011,4.4872,0.3012,0.8713
openrainer,openrainer 2021-05-23 23,radar okrig_add [nearby + gauges],R+L+G,4378,-0.036,0.7049,0.8893,0.8355
openrainer,openrainer 2021-05-23 23,radar ked [nearby + gauges],R+L+G,4378,0.0034,0.671,0.8958,0.7928
openrainer,openrainer 2021-05-23 23,radar mfb [rnn + gauges],R+L+G,4378,0.2653,0.9399,0.8458,0.8248
openrainer,openrainer 2021-05-23 23,radar add [rnn + gauges],R+L+G,4378,0.2655,0.922,0.8652,0.8392
openrainer,openrainer 2021-05-23 23,radar mul [rnn + gauges],R+L+G,4378,0.2493,0.9215,0.8636,0.8108
openrainer,openrainer 2021-05-23 23,radar idw_add [rnn + gauges],R+L+G,4378,0.2635,0.8731,0.8759,0.835
openrainer,openrainer 2021-05-23 23,radar idw_mul [rnn + gauges],R+L+G,4378,0.6263,6.2937,0.2329,0.8636
openrainer,openrainer 2021-05-23 23,radar okrig_add [rnn + gauges],R+L+G,4378,0.1999,0.8222,0.8777,0.8288
openrainer,openrainer 2021-05-23 23,radar ked [rnn + gauges],R+L+G,4378,0.255,0.8565,0.8734,0.7759
openrainer,openrainer 2021-05-23 23,radar okrig_add [gauges] (5 km variogram),R+G,4378,0.0213,0.7064,0.8888,0.8335
openrainer,openrainer 2021-05-23 23,radar ked [gauges] (5 km variogram),R+G,4378,0.0457,0.54,0.9328,0.7896
openrainer,openrainer 2021-05-23 23,radar okrig_add [dynamic] (5 km variogram),R+L,4378,0.8216,1.7008,0.8155,0.7745
openrainer,openrainer 2021-05-23 23,radar ked [dynamic] (5 km variogram),R+L,4378,0.8535,2.1522,0.7467,0.7604
openrainer,openrainer 2021-05-23 23,radar okrig_add [constant] (5 km variogram),R+L,4378,-0.2553,1.0949,0.7293,0.6609
openrainer,openrainer 2021-05-23 23,radar ked [constant] (5 km variogram),R+L,4378,-0.0688,1.2979,0.6438,0.7567
openrainer,openrainer 2021-05-23 23,radar okrig_add [pycomlink] (5 km variogram),R+L,4378,-0.0001,0.9459,0.8166,0.7686
openrainer,openrainer 2021-05-23 23,radar ked [pycomlink] (5 km variogram),R+L,4378,0.0474,1.1935,0.7494,0.8144
openrainer,openrainer 2021-05-23 23,radar okrig_add [nearby] (5 km variogram),R+L,4378,-0.196,0.9157,0.8116,0.6828
openrainer,openrainer 2021-05-23 23,radar ked [nearby] (5 km variogram),R+L,4378,-0.1899,1.1055,0.7188,0.7657
openrainer,openrainer 2021-05-23 23,radar okrig_add [rnn] (5 km variogram),R+L,4378,0.7291,1.3787,0.8377,0.8121
openrainer,openrainer 2021-05-23 23,radar ked [rnn] (5 km variogram),R+L,4378,0.7245,1.4992,0.7861,0.7815
openrainer,openrainer 2021-05-23 23,radar okrig_add [dynamic + gauges] (5 km variogram),R+L+G,4378,0.3151,1.1144,0.8441,0.8179
openrainer,openrainer 2021-05-23 23,radar ked [dynamic + gauges] (5 km variogram),R+L+G,4378,0.3702,1.2692,0.8026,0.7739
openrainer,openrainer 2021-05-23 23,radar okrig_add [constant + gauges] (5 km variogram),R+L+G,4378,-0.1173,0.834,0.8429,0.7938
openrainer,openrainer 2021-05-23 23,radar ked [constant + gauges] (5 km variogram),R+L+G,4378,0.3195,2.1918,0.4339,0.7779
openrainer,openrainer 2021-05-23 23,radar okrig_add [pycomlink + gauges] (5 km variogram),R+L+G,4378,-0.0119,0.7864,0.8673,0.8245
openrainer,openrainer 2021-05-23 23,radar ked [pycomlink + gauges] (5 km variogram),R+L+G,4378,0.0215,0.7912,0.8647,0.8171
openrainer,openrainer 2021-05-23 23,radar okrig_add [nearby + gauges] (5 km variogram),R+L+G,4378,-0.0634,0.7231,0.8818,0.8157
openrainer,openrainer 2021-05-23 23,radar ked [nearby + gauges] (5 km variogram),R+L+G,4378,-0.0173,0.6439,0.9025,0.7858
openrainer,openrainer 2021-05-23 23,radar okrig_add [rnn + gauges] (5 km variogram),R+L+G,4378,0.3346,0.9214,0.8777,0.8361
openrainer,openrainer 2021-05-23 23,radar ked [rnn + gauges] (5 km variogram),R+L+G,4378,0.3528,0.9263,0.8745,0.7804
openrainer,openrainer 2021-09-26 06,radar,R,3167,-0.168,1.0883,0.8531,0.8734
openrainer,openrainer 2021-09-26 06,links dynamic idw,L,2018,0.4308,2.3652,0.5616,0.7845
openrainer,openrainer 2021-09-26 06,links dynamic line,L,2186,0.2625,1.6545,0.6593,0.7854
openrainer,openrainer 2021-09-26 06,links constant idw,L,2018,-0.0717,1.7035,0.6364,0.8279
openrainer,openrainer 2021-09-26 06,links constant line,L,2186,-0.1332,1.3273,0.7199,0.8426
openrainer,openrainer 2021-09-26 06,links pycomlink idw,L,2018,0.0402,1.815,0.6155,0.85
openrainer,openrainer 2021-09-26 06,links pycomlink line,L,2186,-0.0511,1.386,0.6981,0.8588
openrainer,openrainer 2021-09-26 06,links nearby idw,L,1258,-0.1316,1.5371,0.6373,0.8412
openrainer,openrainer 2021-09-26 06,links nearby line,L,1428,-0.124,1.7386,0.567,0.8414
openrainer,openrainer 2021-09-26 06,links rnn idw,L,2020,0.157,1.1707,0.7754,0.8283
openrainer,openrainer 2021-09-26 06,links rnn line,L,2188,0.1877,1.1994,0.7623,0.8323
openrainer,openrainer 2021-09-26 06,gauges,G,3167,0.0284,0.9231,0.8808,0.8869
openrainer,openrainer 2021-09-26 06,links dynamic + gauges,L+G,3167,0.1572,1.1926,0.8215,0.8314
openrainer,openrainer 2021-09-26 06,links constant + gauges,L+G,3167,-0.0057,0.9953,0.8611,0.889
openrainer,openrainer 2021-09-26 06,links pycomlink + gauges,L+G,3167,0.0314,1.0188,0.8559,0.8737
openrainer,openrainer 2021-09-26 06,links nearby + gauges,L+G,3167,0.009,0.9986,0.8601,0.8812
openrainer,openrainer 2021-09-26 06,links rnn + gauges,L+G,3167,0.0693,0.9199,0.8794,0.8666
openrainer,openrainer 2021-09-26 06,radar mfb [gauges],R+G,3167,0.0295,1.0271,0.846,0.8636
openrainer,openrainer 2021-09-26 06,radar add [gauges],R+G,3167,0.0322,0.8136,0.9097,0.8618
openrainer,openrainer 2021-09-26 06,radar mul [gauges],R+G,3167,0.0626,1.11,0.8536,0.8852
openrainer,openrainer 2021-09-26 06,radar idw_add [gauges],R+G,3167,0.0259,0.7705,0.9175,0.8567
openrainer,openrainer 2021-09-26 06,radar idw_mul [gauges],R+G,3167,0.1427,1.6954,0.7409,0.9122
openrainer,openrainer 2021-09-26 06,radar okrig_add [gauges],R+G,3167,0.0218,0.7691,0.9178,0.856
openrainer,openrainer 2021-09-26 06,radar ked [gauges],R+G,3167,0.025,0.7446,0.9231,0.796
openrainer,openrainer 2021-09-26 06,radar mfb [dynamic],R+L,3167,0.5104,1.394,0.8184,0.8548
openrainer,openrainer 2021-09-26 06,radar add [dynamic],R+L,3167,0.4819,2.1121,0.6549,0.7968
openrainer,openrainer 2021-09-26 06,radar mul [dynamic],R+L,3167,0.3676,1.4279,0.7987,0.8611
openrainer,openrainer 2021-09-26 06,radar idw_add [dynamic],R+L,3167,0.4417,1.7241,0.7063,0.7646
openrainer,openrainer 2021-09-26 06,radar idw_mul [dynamic],R+L,3167,68.9243,1539.0577,0.0305,0.7954
openrainer,openrainer 2021-09-26 06,radar okrig_add [dynamic],R+L,3167,0.5336,2.1198,0.6392,0.7558
openrainer,openrainer 2021-09-26 06,radar ked [dynamic],R+L,3167,0.6553,2.5023,0.5647,0.6939
openrainer,openrainer 2021-09-26 06,radar mfb [constant],R+L,3167,-0.0339,1.0844,0.8284,0.8707
openrainer,openrainer 2021-09-26 06,radar add [constant],R+L,3167,-0.0443,1.5022,0.7045,0.8209
openrainer,openrainer 2021-09-26 06,radar mul [constant],R+L,3167,-0.0808,1.1041,0.8223,0.877
openrainer,openrainer 2021-09-26 06,radar idw_add [constant],R+L,3167,-0.0629,1.3098,0.7563,0.8037
openrainer,openrainer 2021-09-26 06,radar idw_mul [constant],R+L,3167,3.2578,77.4371,0.0481,0.8375
openrainer,openrainer 2021-09-26 06,radar okrig_add [constant],R+L,3167,-0.0052,1.5551,0.6925,0.7913
openrainer,openrainer 2021-09-26 06,radar ked [constant],R+L,3167,0.2439,2.1377,0.5418,0.741
openrainer,openrainer 2021-09-26 06,radar mfb [pycomlink],R+L,3167,0.1229,1.1119,0.8208,0.8657
openrainer,openrainer 2021-09-26 06,radar add [pycomlink],R+L,3167,0.0908,1.6011,0.6946,0.8307
openrainer,openrainer 2021-09-26 06,radar mul [pycomlink],R+L,3167,0.0439,1.1218,0.8217,0.8733
openrainer,openrainer 2021-09-26 06,radar idw_add [pycomlink],R+L,3167,0.0693,1.3679,0.7456,0.8013
openrainer,openrainer 2021-09-26 06,radar idw_mul [pycomlink],R+L,3167,1.2722,16.3216,0.078,0.8478
openrainer,openrainer 2021-09-26 06,radar okrig_add [pycomlink],R+L,3167,0.1349,1.6538,0.6798,0.7779
openrainer,openrainer 2021-09-26 06,radar ked [pycomlink],R+L,3167,0.1972,1.9106,0.6177,0.7311
openrainer,openrainer 2021-09-26 06,radar mfb [nearby],R+L,3167,-0.0479,1.2179,0.775,0.8795
openrainer,openrainer 2021-09-26 06,radar add [nearby],R+L,3167,-0.076,1.3131,0.7356,0.8639
openrainer,openrainer 2021-09-26 06,radar mul [nearby],R+L,3167,-0.0948,1.2318,0.77,0.8838
openrainer,openrainer 2021-09-26 06,radar idw_add [nearby],R+L,3016,-0.1669,1.2002,0.7764,0.791
openrainer,openrainer 2021-09-26 06,radar idw_mul [nearby],R+L,3016,2.1319,38.4773,0.0577,0.847
openrainer,openrainer 2021-09-26 06,radar okrig_add [nearby],R+L,3167,-0.0894,1.3699,0.7157,0.8067
openrainer,openrainer 2021-09-26 06,radar ked [nearby],R+L,3167,0.2355,2.7579,0.3416,0.7654
openrainer,openrainer 2021-09-26 06,radar mfb [rnn],R+L,3167,0.2373,1.1011,0.8378,0.8614
openrainer,openrainer 2021-09-26 06,radar add [rnn],R+L,3167,0.1935,1.1447,0.8134,0.8307
openrainer,openrainer 2021-09-26 06,radar mul [rnn],R+L,3167,0.1864,1.1949,0.8001,0.8676
openrainer,openrainer 2021-09-26 06,radar idw_add [rnn],R+L,3167,0.1893,1.1134,0.8217,0.7915
openrainer,openrainer 2021-09-26 06,radar idw_mul [rnn],R+L,3167,25.2429,570.0159,0.0322,0.8588
openrainer,openrainer 2021-09-26 06,radar okrig_add [rnn],R+L,3167,0.1774,1.1125,0.8213,0.7839
openrainer,openrainer 2021-09-26 06,radar ked [rnn],R+L,3167,0.3185,1.2771,0.7669,0.6999
openrainer,openrainer 2021-09-26 06,radar mfb [dynamic + gauges],R+L+G,3167,0.1888,1.0517,0.8472,0.8537
openrainer,openrainer 2021-09-26 06,radar add [dynamic + gauges],R+L+G,3167,0.1642,1.1309,0.8468,0.8195
openrainer,openrainer 2021-09-26 06,radar mul [dynamic + gauges],R+L+G,3167,0.1396,1.1208,0.8568,0.8784
openrainer,openrainer 2021-09-26 06,radar idw_add [dynamic + gauges],R+L+G,3167,0.1669,1.0458,0.8639,0.8149
openrainer,openrainer 2021-09-26 06,radar idw_mul [dynamic + gauges],R+L+G,3167,20.3848,778.7281,-0.0057,0.8542
openrainer,openrainer 2021-09-26 06,radar okrig_add [dynamic + gauges],R+L+G,3167,0.1675,1.1365,0.8486,0.822
openrainer,openrainer 2021-09-26 06,radar ked [dynamic + gauges],R+L+G,3167,0.2509,1.3522,0.8016,0.7295
openrainer,openrainer 2021-09-26 06,radar mfb [constant + gauges],R+L+G,3167,0.0087,1.0218,0.8487,0.8682
openrainer,openrainer 2021-09-26 06,radar add [constant + gauges],R+L+G,3167,0.0038,0.9156,0.8856,0.8591
openrainer,openrainer 2021-09-26 06,radar mul [constant + gauges],R+L+G,3167,0.0124,1.0091,0.869,0.8858
openrainer,openrainer 2021-09-26 06,radar idw_add [constant + gauges],R+L+G,3167,-0.0023,0.8615,0.8966,0.8606
openrainer,openrainer 2021-09-26 06,radar idw_mul [constant + gauges],R+L+G,3167,1.0609,39.2618,0.0374,0.9088
openrainer,openrainer 2021-09-26 06,radar okrig_add [constant + gauges],R+L+G,3167,0.0225,0.911,0.8886,0.8555
openrainer,openrainer 2021-09-26 06,radar ked [constant + gauges],R+L+G,3167,0.0486,0.9972,0.8711,0.7788
openrainer,openrainer 2021-09-26 06,radar mfb [pycomlink + gauges],R+L+G,3167,0.0614,1.0237,0.8475,0.8563
openrainer,openrainer 2021-09-26 06,radar add [pycomlink + gauges],R+L+G,3167,0.0397,0.9425,0.8804,0.8541
openrainer,openrainer 2021-09-26 06,radar mul [pycomlink + gauges],R+L+G,3167,0.0433,1.019,0.8683,0.8828
openrainer,openrainer 2021-09-26 06,radar idw_add [pycomlink + gauges],R+L+G,3167,0.0399,0.8879,0.8913,0.8386
openrainer,openrainer 2021-09-26 06,radar idw_mul [pycomlink + gauges],R+L+G,3167,0.235,4.0078,0.4001,0.8838
openrainer,openrainer 2021-09-26 06,radar okrig_add [pycomlink + gauges],R+L+G,3167,0.0608,0.9532,0.8806,0.8274
openrainer,openrainer 2021-09-26 06,radar ked [pycomlink + gauges],R+L+G,3167,0.085,1.0536,0.86,0.789
openrainer,openrainer 2021-09-26 06,radar mfb [nearby + gauges],R+L+G,3167,0.0276,1.0344,0.8439,0.8609
openrainer,openrainer 2021-09-26 06,radar add [nearby + gauges],R+L+G,3167,0.018,0.9137,0.8865,0.8586
openrainer,openrainer 2021-09-26 06,radar mul [nearby + gauges],R+L+G,3167,0.032,1.0533,0.8606,0.8843
openrainer,openrainer 2021-09-26 06,radar idw_add [nearby + gauges],R+L+G,3167,0.0104,0.8343,0.9027,0.8473
openrainer,openrainer 2021-09-26 06,radar idw_mul [nearby + gauges],R+L+G,3167,0.3009,7.577,0.2261,0.9025
openrainer,openrainer 2021-09-26 06,radar okrig_add [nearby + gauges],R+L+G,3167,0.0236,0.8568,0.8992,0.845
openrainer,openrainer 2021-09-26 06,radar ked [nearby + gauges],R+L+G,3167,0.0489,0.9486,0.8785,0.7794
openrainer,openrainer 2021-09-26 06,radar mfb [rnn + gauges],R+L+G,3167,0.1011,1.0151,0.8514,0.8582
openrainer,openrainer 2021-09-26 06,radar add [rnn + gauges],R+L+G,3167,0.0742,0.8385,0.9016,0.8488
openrainer,openrainer 2021-09-26 06,radar mul [rnn + gauges],R+L+G,3167,0.094,1.0521,0.8566,0.8793
openrainer,openrainer 2021-09-26 06,radar idw_add [rnn + gauges],R+L+G,3167,0.0766,0.8127,0.9074,0.8231
openrainer,openrainer 2021-09-26 06,radar idw_mul [rnn + gauges],R+L+G,3167,7.553,288.8325,-0.002,0.8789
openrainer,openrainer 2021-09-26 06,radar okrig_add [rnn + gauges],R+L+G,3167,0.0663,0.8089,0.9084,0.826
openrainer,openrainer 2021-09-26 06,radar ked [rnn + gauges],R+L+G,3167,0.1003,0.892,0.8888,0.7656
openrainer,openrainer 2021-09-26 06,radar okrig_add [gauges] (5 km variogram),R+G,3167,0.0231,0.7788,0.9146,0.8531
openrainer,openrainer 2021-09-26 06,radar ked [gauges] (5 km variogram),R+G,3167,0.0257,0.7704,0.9172,0.8114
openrainer,openrainer 2021-09-26 06,radar okrig_add [dynamic] (5 km variogram),R+L,3167,0.3987,1.3164,0.7879,0.7236
openrainer,openrainer 2021-09-26 06,radar ked [dynamic] (5 km variogram),R+L,3167,0.5265,1.8221,0.6746,0.7019
openrainer,openrainer 2021-09-26 06,radar okrig_add [constant] (5 km variogram),R+L,3167,-0.0711,1.0982,0.8223,0.8181
openrainer,openrainer 2021-09-26 06,radar ked [constant] (5 km variogram),R+L,3167,0.142,1.6092,0.6619,0.7635
openrainer,openrainer 2021-09-26 06,radar okrig_add [pycomlink] (5 km variogram),R+L,3167,0.048,1.1194,0.8144,0.7705
openrainer,openrainer 2021-09-26 06,radar ked [pycomlink] (5 km variogram),R+L,3167,0.0994,1.4179,0.7274,0.7397
openrainer,openrainer 2021-09-26 06,radar okrig_add [nearby] (5 km variogram),R+L,3167,-0.1338,1.2301,0.7726,0.7603
openrainer,openrainer 2021-09-26 06,radar ked [nearby] (5 km variogram),R+L,3167,0.1571,2.3362,0.4006,0.7485
openrainer,openrainer 2021-09-26 06,radar okrig_add [rnn] (5 km variogram),R+L,3167,0.2298,1.0821,0.8358,0.7797
openrainer,openrainer 2021-09-26 06,radar ked [rnn] (5 km variogram),R+L,3167,0.3196,1.2326,0.786,0.6911
openrainer,openrainer 2021-09-26 06,radar okrig_add [dynamic + gauges] (5 km variogram),R+L+G,3167,0.155,1.0052,0.8672,0.7953
openrainer,openrainer 2021-09-26 06,radar ked [dynamic + gauges] (5 km variogram),R+L+G,3167,0.2201,1.1575,0.8369,0.7356
openrainer,openrainer 2021-09-26 06,radar okrig_add [constant + gauges] (5 km variogram),R+L+G,3167,-0.0182,0.8578,0.8956,0.8536
openrainer,openrainer 2021-09-26 06,radar ked [constant + gauges] (5 km variogram),R+L+G,3167,0.0208,0.9531,0.875,0.7879
openrainer,openrainer 2021-09-26 06,radar okrig_add [pycomlink + gauges] (5 km variogram),R+L+G,3167,0.0233,0.882,0.8899,0.8295
openrainer,openrainer 2021-09-26 06,radar ked [pycomlink + gauges] (5 km variogram),R+L+G,3167,0.0538,0.9793,0.8697,0.784
openrainer,openrainer 2021-09-26 06,radar okrig_add [nearby + gauges] (5 km variogram),R+L+G,3167,-0.004,0.8527,0.8967,0.8317
openrainer,openrainer 2021-09-26 06,radar ked [nearby + gauges] (5 km variogram),R+L+G,3167,0.0346,0.9856,0.8649,0.7927
openrainer,openrainer 2021-09-26 06,radar okrig_add [rnn + gauges] (5 km variogram),R+L+G,3167,0.0975,0.8401,0.9012,0.8061
openrainer,openrainer 2021-09-26 06,radar ked [rnn + gauges] (5 km variogram),R+L+G,3167,0.1279,0.9421,0.8752,0.7492
openrainer,openrainer 2021-10-05 19,radar,R,14984,0.3828,2.1882,0.7349,0.6417
openrainer,openrainer 2021-10-05 19,links dynamic idw,L,9765,0.7981,3.1236,0.5689,0.5614
openrainer,openrainer 2021-10-05 19,links dynamic line,L,10541,0.5547,2.6588,0.6011,0.566
openrainer,openrainer 2021-10-05 19,links constant idw,L,9765,-0.4372,1.8168,0.7017,0.4544
openrainer,openrainer 2021-10-05 19,links constant line,L,10541,-0.4051,1.7367,0.7383,0.5027
openrainer,openrainer 2021-10-05 19,links pycomlink idw,L,9765,-0.5237,1.9991,0.6369,0.3136
openrainer,openrainer 2021-10-05 19,links pycomlink line,L,10541,-0.5741,2.0045,0.6432,0.3174
openrainer,openrainer 2021-10-05 19,links nearby idw,L,6130,-0.3267,1.6219,0.7713,0.4847
openrainer,openrainer 2021-10-05 19,links nearby line,L,7026,-0.3419,1.6101,0.7814,0.4955
openrainer,openrainer 2021-10-05 19,links rnn idw,L,9810,0.2574,1.9272,0.7371,0.6468
openrainer,openrainer 2021-10-05 19,links rnn line,L,10589,0.2702,1.9634,0.7334,0.643
openrainer,openrainer 2021-10-05 19,gauges,G,14984,0.0119,1.6036,0.8169,0.7488
openrainer,openrainer 2021-10-05 19,links dynamic + gauges,L+G,14984,0.3261,2.1255,0.738,0.6431
openrainer,openrainer 2021-10-05 19,links constant + gauges,L+G,14984,-0.1746,1.545,0.8215,0.7146
openrainer,openrainer 2021-10-05 19,links pycomlink + gauges,L+G,14984,-0.2115,1.617,0.8036,0.7034
openrainer,openrainer 2021-10-05 19,links nearby + gauges,L+G,14984,-0.0745,1.5158,0.8291,0.7332
openrainer,openrainer 2021-10-05 19,links rnn + gauges,L+G,14984,0.1099,1.6195,0.8174,0.7182
openrainer,openrainer 2021-10-05 19,radar mfb [gauges],R+G,14984,0.0026,1.6321,0.7959,0.6623
openrainer,openrainer 2021-10-05 19,radar add [gauges],R+G,14984,0.0827,1.5485,0.8441,0.697
openrainer,openrainer 2021-10-05 19,radar mul [gauges],R+G,14984,0.1094,1.4943,0.8488,0.664
openrainer,openrainer 2021-10-05 19,radar idw_add [gauges],R+G,14984,0.0737,1.4758,0.8516,0.7037
openrainer,openrainer 2021-10-05 19,radar idw_mul [gauges],R+G,14984,1.7446,47.4738,0.0666,0.7589
openrainer,openrainer 2021-10-05 19,radar okrig_add [gauges],R+G,14984,0.0865,1.4752,0.8516,0.6951
openrainer,openrainer 2021-10-05 19,radar ked [gauges],R+G,14984,0.1673,1.3978,0.8607,0.5406
openrainer,openrainer 2021-10-05 19,radar mfb [dynamic],R+L,14984,1.0367,3.3299,0.723,0.6237
openrainer,openrainer 2021-10-05 19,radar add [dynamic],R+L,14984,1.0011,3.5351,0.6133,0.5467
openrainer,openrainer 2021-10-05 19,radar mul [dynamic],R+L,14984,0.6266,2.9131,0.6848,0.6315
openrainer,openrainer 2021-10-05 19,radar idw_add [dynamic],R+L,14984,0.982,2.954,0.681,0.4897
openrainer,openrainer 2021-10-05 19,radar idw_mul [dynamic],R+L,14984,14.8097,340.4413,0.0311,0.5872
openrainer,openrainer 2021-10-05 19,radar okrig_add [dynamic],R+L,14984,0.9872,3.0994,0.6575,0.4999
openrainer,openrainer 2021-10-05 19,radar ked [dynamic],R+L,14984,1.7739,5.4095,0.4163,0.4897
openrainer,openrainer 2021-10-05 19,radar mfb [constant],R+L,14984,-0.329,1.8198,0.7577,0.6679
openrainer,openrainer 2021-10-05 19,radar add [constant],R+L,14984,-0.3101,1.8529,0.7362,0.5354
openrainer,openrainer 2021-10-05 19,radar mul [constant],R+L,14984,-0.2656,1.8456,0.7364,0.6655
openrainer,openrainer 2021-10-05 19,radar idw_add [constant],R+L,14984,-0.3229,1.8405,0.7428,0.4916
openrainer,openrainer 2021-10-05 19,radar idw_mul [constant],R+L,14984,0.5071,29.8847,0.0681,0.5023
openrainer,openrainer 2021-10-05 19,radar okrig_add [constant],R+L,14984,-0.3223,1.8173,0.7503,0.4928
openrainer,openrainer 2021-10-05 19,radar ked [constant],R+L,14984,0.9709,5.0574,0.3088,0.4993
openrainer,openrainer 2021-10-05 19,radar mfb [pycomlink],R+L,14984,-0.3446,2.014,0.6772,0.6517
openrainer,openrainer 2021-10-05 19,radar add [pycomlink],R+L,14984,-0.363,2.0595,0.6695,0.4825
openrainer,openrainer 2021-10-05 19,radar mul [pycomlink],R+L,14984,-0.305,1.9948,0.6872,0.6575
openrainer,openrainer 2021-10-05 19,radar idw_add [pycomlink],R+L,14984,-0.3572,2.0394,0.6833,0.4437
openrainer,openrainer 2021-10-05 19,radar idw_mul [pycomlink],R+L,14984,0.1258,29.471,0.0734,0.3844
openrainer,openrainer 2021-10-05 19,radar okrig_add [pycomlink],R+L,14984,-0.3605,2.0404,0.6837,0.4373
openrainer,openrainer 2021-10-05 19,radar ked [pycomlink],R+L,14984,0.3685,2.6476,0.5554,0.532
openrainer,openrainer 2021-10-05 19,radar mfb [nearby],R+L,14984,-0.2007,1.7331,0.7686,0.6645
openrainer,openrainer 2021-10-05 19,radar add [nearby],R+L,14984,-0.1962,1.7758,0.7571,0.5925
openrainer,openrainer 2021-10-05 19,radar mul [nearby],R+L,14984,-0.186,1.6931,0.7804,0.6643
openrainer,openrainer 2021-10-05 19,radar idw_add [nearby],R+L,14338,-0.1613,1.8088,0.749,0.5188
openrainer,openrainer 2021-10-05 19,radar idw_mul [nearby],R+L,14338,3.6681,139.3819,0.0499,0.5061
openrainer,openrainer 2021-10-05 19,radar okrig_add [nearby],R+L,14984,-0.1354,1.8473,0.7487,0.5007
openrainer,openrainer 2021-10-05 19,radar ked [nearby],R+L,14984,0.476,2.5893,0.5456,0.4902
openrainer,openrainer 2021-10-05 19,radar mfb [rnn],R+L,14984,0.3856,2.289,0.7634,0.6567
openrainer,openrainer 2021-10-05 19,radar add [rnn],R+L,14984,0.389,2.1828,0.7552,0.613
openrainer,openrainer 2021-10-05 19,radar mul [rnn],R+L,14984,0.3238,2.1764,0.7557,0.662
openrainer,openrainer 2021-10-05 19,radar idw_add [rnn],R+L,14984,0.3478,2.0729,0.7653,0.6014
openrainer,openrainer 2021-10-05 19,radar idw_mul [rnn],R+L,14984,4.773,168.089,0.0323,0.6649
openrainer,openrainer 2021-10-05 19,radar okrig_add [rnn],R+L,14984,0.3536,2.0377,0.7687,0.5853
openrainer,openrainer 2021-10-05 19,radar ked [rnn],R+L,14984,0.5901,2.1871,0.7312,0.5075
openrainer,openrainer 2021-10-05 19,radar mfb [dynamic + gauges],R+L+G,14984,0.3958,1.9984,0.7746,0.6367
openrainer,openrainer 2021-10-05 19,radar add [dynamic + gauges],R+L+G,14984,0.3582,2.1068,0.7658,0.6131
openrainer,openrainer 2021-10-05 19,radar mul [dynamic + gauges],R+L+G,14984,0.2039,1.7478,0.815,0.6562
openrainer,openrainer 2021-10-05 19,radar idw_add [dynamic + gauges],R+L+G,14984,0.3788,1.9952,0.7826,0.6012
openrainer,openrainer 2021-10-05 19,radar idw_mul [dynamic + gauges],R+L+G,14984,2.954,108.5468,0.0503,0.6798
openrainer,openrainer 2021-10-05 19,radar okrig_add [dynamic + gauges],R+L+G,14984,0.3651,2.0774,0.7711,0.6273
openrainer,openrainer 2021-10-05 19,radar ked [dynamic + gauges],R+L+G,14984,0.9141,3.177,0.5961,0.5181
openrainer,openrainer 2021-10-05 19,radar mfb [constant + gauges],R+L+G,14984,-0.1342,1.6452,0.7947,0.6708
openrainer,openrainer 2021-10-05 19,radar add [constant + gauges],R+L+G,14984,-0.1209,1.4963,0.8363,0.6457
openrainer,openrainer 2021-10-05 19,radar mul [constant + gauges],R+L+G,14984,-0.0549,1.4494,0.8441,0.6607
openrainer,openrainer 2021-10-05 19,radar idw_add [constant + gauges],R+L+G,14984,-0.129,1.4847,0.8373,0.6574
openrainer,openrainer 2021-10-05 19,radar idw_mul [constant + gauges],R+L+G,14984,0.3473,14.6502,0.1582,0.7281
openrainer,openrainer 2021-10-05 19,radar okrig_add [constant + gauges],R+L+G,14984,-0.0685,1.471,0.8424,0.6723
openrainer,openrainer 2021-10-05 19,radar ked [constant + gauges],R+L+G,14984,0.265,1.7707,0.7869,0.5233
openrainer,openrainer 2021-10-05 19,radar mfb [pycomlink + gauges],R+L+G,14984,-0.1635,1.6842,0.7855,0.6694
openrainer,openrainer 2021-10-05 19,radar add [pycomlink + gauges],R+L+G,14984,-0.1568,1.5721,0.8189,0.6339
openrainer,openrainer 2021-10-05 19,radar mul [pycomlink + gauges],R+L+G,14984,-0.0814,1.4781,0.8371,0.6595
openrainer,openrainer 2021-10-05 19,radar idw_add [pycomlink + gauges],R+L+G,14984,-0.1658,1.5632,0.819,0.6503
openrainer,openrainer 2021-10-05 19,radar idw_mul [pycomlink + gauges],R+L+G,14984,0.2331,13.5016,0.1661,0.7231
openrainer,openrainer 2021-10-05 19,radar okrig_add [pycomlink + gauges],R+L+G,14984,-0.1004,1.5606,0.8224,0.66
openrainer,openrainer 2021-10-05 19,radar ked [pycomlink + gauges],R+L+G,14984,0.2332,1.9863,0.7446,0.5278
openrainer,openrainer 2021-10-05 19,radar mfb [nearby + gauges],R+L+G,14984,-0.0477,1.6111,0.8012,0.6686
openrainer,openrainer 2021-10-05 19,radar add [nearby + gauges],R+L+G,14984,-0.0084,1.4579,0.8498,0.6704
openrainer,openrainer 2021-10-05 19,radar mul [nearby + gauges],R+L+G,14984,0.0316,1.3914,0.8589,0.6629
openrainer,openrainer 2021-10-05 19,radar idw_add [nearby + gauges],R+L+G,14984,-0.0152,1.4352,0.8522,0.6789
openrainer,openrainer 2021-10-05 19,radar idw_mul [nearby + gauges],R+L+G,14984,0.9349,32.8928,0.09,0.7401
openrainer,openrainer 2021-10-05 19,radar okrig_add [nearby + gauges],R+L+G,14984,0.0181,1.4417,0.853,0.68
openrainer,openrainer 2021-10-05 19,radar ked [nearby + gauges],R+L+G,14984,0.1494,1.4129,0.8548,0.534
openrainer,openrainer 2021-10-05 19,radar mfb [rnn + gauges],R+L+G,14984,0.1494,1.7414,0.7928,0.6623
openrainer,openrainer 2021-10-05 19,radar add [rnn + gauges],R+L+G,14984,0.1471,1.581,0.8392,0.679
openrainer,openrainer 2021-10-05 19,radar mul [rnn + gauges],R+L+G,14984,0.1456,1.5366,0.8431,0.6616
openrainer,openrainer 2021-10-05 19,radar idw_add [rnn + gauges],R+L+G,14984,0.1512,1.5549,0.8409,0.6806
openrainer,openrainer 2021-10-05 19,radar idw_mul [rnn + gauges],R+L+G,14984,1.0175,25.7312,0.1102,0.7398
openrainer,openrainer 2021-10-05 19,radar okrig_add [rnn + gauges],R+L+G,14984,0.1535,1.535,0.8454,0.6748
openrainer,openrainer 2021-10-05 19,radar ked [rnn + gauges],R+L+G,14984,0.2891,1.5602,0.8388,0.524
openrainer,openrainer 2021-10-05 19,radar okrig_add [gauges] (5 km variogram),R+G,14984,0.062,1.5106,0.8409,0.6906
openrainer,openrainer 2021-10-05 19,radar ked [gauges] (5 km variogram),R+G,14984,0.1959,1.3988,0.8588,0.5278
openrainer,openrainer 2021-10-05 19,radar okrig_add [dynamic] (5 km variogram),R+L,14984,0.9063,2.6296,0.706,0.4737
openrainer,openrainer 2021-10-05 19,radar ked [dynamic] (5 km variogram),R+L,14984,1.5072,4.0772,0.5113,0.4886
openrainer,openrainer 2021-10-05 19,radar okrig_add [constant] (5 km variogram),R+L,14984,-0.2814,1.7934,0.7562,0.521
openrainer,openrainer 2021-10-05 19,radar ked [constant] (5 km variogram),R+L,14984,0.8998,3.8585,0.3907,0.526
openrainer,openrainer 2021-10-05 19,radar okrig_add [pycomlink] (5 km variogram),R+L,14984,-0.356,2.009,0.6911,0.4555
openrainer,openrainer 2021-10-05 19,radar ked [pycomlink] (5 km variogram),R+L,14984,0.3667,2.5658,0.5621,0.5495
openrainer,openrainer 2021-10-05 19,radar okrig_add [nearby] (5 km variogram),R+L,14984,-0.1119,1.8205,0.7579,0.5491
openrainer,openrainer 2021-10-05 19,radar ked [nearby] (5 km variogram),R+L,14984,0.3909,2.3852,0.5858,0.5067
openrainer,openrainer 2021-10-05 19,radar okrig_add [rnn] (5 km variogram),R+L,14984,0.4065,2.0887,0.7692,0.5862
openrainer,openrainer 2021-10-05 19,radar ked [rnn] (5 km variogram),R+L,14984,0.6153,2.2134,0.7305,0.5095
openrainer,openrainer 2021-10-05 19,radar okrig_add [dynamic + gauges] (5 km variogram),R+L+G,14984,0.382,1.9323,0.7885,0.5815
openrainer,openrainer 2021-10-05 19,radar ked [dynamic + gauges] (5 km variogram),R+L+G,14984,0.8296,2.5561,0.6797,0.5037
openrainer,openrainer 2021-10-05 19,radar okrig_add [constant + gauges] (5 km variogram),R+L+G,14984,-0.1317,1.5144,0.8301,0.652
openrainer,openrainer 2021-10-05 19,radar ked [constant + gauges] (5 km variogram),R+L+G,14984,0.2539,1.6581,0.8017,0.5157
openrainer,openrainer 2021-10-05 19,radar okrig_add [pycomlink + gauges] (5 km variogram),R+L+G,14984,-0.1954,1.6029,0.8086,0.6362
openrainer,openrainer 2021-10-05 19,radar ked [pycomlink + gauges] (5 km variogram),R+L+G,14984,0.2291,1.9088,0.747,0.5209
openrainer,openrainer 2021-10-05 19,radar okrig_add [nearby + gauges] (5 km variogram),R+L+G,14984,-0.0297,1.4886,0.84,0.6627
openrainer,openrainer 2021-10-05 19,radar ked [nearby + gauges] (5 km variogram),R+L+G,14984,0.1538,1.3993,0.856,0.5239
openrainer,openrainer 2021-10-05 19,radar okrig_add [rnn + gauges] (5 km variogram),R+L+G,14984,0.1763,1.595,0.8354,0.6695
openrainer,openrainer 2021-10-05 19,radar ked [rnn + gauges] (5 km variogram),R+L+G,14984,0.3421,1.5717,0.8352,0.5148
openrainer,openrainer 2021-11-13 11,radar,R,13098,0.7012,1.96,0.8337,0.7363
openrainer,openrainer 2021-11-13 11,links dynamic idw,L,8545,0.2201,1.8139,0.6726,0.663
openrainer,openrainer 2021-11-13 11,links dynamic line,L,9227,0.1137,1.5713,0.6843,0.6689
openrainer,openrainer 2021-11-13 11,links constant idw,L,8545,-0.5612,1.5734,0.6193,0.402
openrainer,openrainer 2021-11-13 11,links constant line,L,9227,-0.5129,1.4918,0.6508,0.4419
openrainer,openrainer 2021-11-13 11,links pycomlink idw,L,8545,-0.5553,1.63,0.5996,0.3753
openrainer,openrainer 2021-11-13 11,links pycomlink line,L,9227,-0.566,1.5703,0.6156,0.3799
openrainer,openrainer 2021-11-13 11,links nearby idw,L,5770,-0.5363,1.5744,0.6227,0.4082
openrainer,openrainer 2021-11-13 11,links nearby line,L,6459,-0.5457,1.5051,0.6438,0.4226
openrainer,openrainer 2021-11-13 11,links rnn idw,L,8545,0.3383,1.4634,0.7758,0.6857
openrainer,openrainer 2021-11-13 11,links rnn line,L,9227,0.3994,1.5148,0.7742,0.6856
openrainer,openrainer 2021-11-13 11,gauges,G,13098,0.0003,0.9878,0.8628,0.7629
openrainer,openrainer 2021-11-13 11,links dynamic + gauges,L+G,13098,0.0875,1.2115,0.8172,0.7397
openrainer,openrainer 2021-11-13 11,links constant + gauges,L+G,13098,-0.184,1.0854,0.8348,0.7331
openrainer,openrainer 2021-11-13 11,links pycomlink + gauges,L+G,13098,-0.1837,1.1106,0.8271,0.7376
openrainer,openrainer 2021-11-13 11,links nearby + gauges,L+G,13098,-0.1128,1.0406,0.847,0.7431
openrainer,openrainer 2021-11-13 11,links rnn + gauges,L+G,13098,0.1225,1.0529,0.8572,0.7447
openrainer,openrainer 2021-11-13 11,radar mfb [gauges],R+G,13098,0.0108,1.0085,0.8559,0.7537
openrainer,openrainer 2021-11-13 11,radar add [gauges],R+G,13098,0.0579,1.0334,0.8721,0.7261
openrainer,openrainer 2021-11-13 11,radar mul [gauges],R+G,13098,0.1255,0.9226,0.8943,0.7515
openrainer,openrainer 2021-11-13 11,radar idw_add [gauges],R+G,13098,0.0512,0.9844,0.8818,0.728
openrainer,openrainer 2021-11-13 11,radar idw_mul [gauges],R+G,13098,0.7208,16.4893,0.1005,0.7888
openrainer,openrainer 2021-11-13 11,radar okrig_add [gauges],R+G,13098,0.0588,0.9588,0.8873,0.7159
openrainer,openrainer 2021-11-13 11,radar ked [gauges],R+G,13098,0.0956,0.8591,0.9003,0.6613
openrainer,openrainer 2021-11-13 11,radar mfb [dynamic],R+L,13098,0.3866,1.4928,0.8103,0.7412
openrainer,openrainer 2021-11-13 11,radar add [dynamic],R+L,13098,0.3872,1.7182,0.7772,0.6699
openrainer,openrainer 2021-11-13 11,radar mul [dynamic],R+L,13098,0.3326,1.5696,0.8008,0.7397
openrainer,openrainer 2021-11-13 11,radar idw_add [dynamic],R+L,13098,0.4861,1.8046,0.7856,0.6135
openrainer,openrainer 2021-11-13 11,radar idw_mul [dynamic],R+L,13098,24.0589,811.1478,0.0046,0.6963
openrainer,openrainer 2021-11-13 11,radar okrig_add [dynamic],R+L,13098,0.4798,1.7595,0.7953,0.6089
openrainer,openrainer 2021-11-13 11,radar ked [dynamic],R+L,13098,0.6763,2.4969,0.6482,0.6041
openrainer,openrainer 2021-11-13 11,radar mfb [constant],R+L,13098,-0.4888,1.3543,0.8237,0.7309
openrainer,openrainer 2021-11-13 11,radar add [constant],R+L,13098,-0.3992,1.3517,0.7469,0.5814
openrainer,openrainer 2021-11-13 11,radar mul [constant],R+L,13098,-0.359,1.2377,0.7998,0.7457
openrainer,openrainer 2021-11-13 11,radar idw_add [constant],R+L,13098,-0.2365,1.3457,0.77,0.5364
openrainer,openrainer 2021-11-13 11,radar idw_mul [constant],R+L,13098,-0.0132,17.8357,0.0483,0.4437
openrainer,openrainer 2021-11-13 11,radar okrig_add [constant],R+L,13098,-0.2427,1.3342,0.7728,0.5286
openrainer,openrainer 2021-11-13 11,radar ked [constant],R+L,13098,0.0025,1.6665,0.6365,0.6072
openrainer,openrainer 2021-11-13 11,radar mfb [pycomlink],R+L,13098,-0.4574,1.3404,0.7944,0.7276
openrainer,openrainer 2021-11-13 11,radar add [pycomlink],R+L,13098,-0.3821,1.3859,0.7327,0.5704
openrainer,openrainer 2021-11-13 11,radar mul [pycomlink],R+L,13098,-0.3378,1.2722,0.7757,0.7457
openrainer,openrainer 2021-11-13 11,radar idw_add [pycomlink],R+L,13098,-0.2308,1.4135,0.7551,0.5189
openrainer,openrainer 2021-11-13 11,radar idw_mul [pycomlink],R+L,13098,-0.0267,18.4954,0.0526,0.4293
openrainer,openrainer 2021-11-13 11,radar okrig_add [pycomlink],R+L,13098,-0.2349,1.3899,0.7611,0.5173
openrainer,openrainer 2021-11-13 11,radar ked [pycomlink],R+L,13098,-0.1421,1.5939,0.6719,0.5849
openrainer,openrainer 2021-11-13 11,radar mfb [nearby],R+L,13098,-0.4595,1.3264,0.8235,0.7349
openrainer,openrainer 2021-11-13 11,radar add [nearby],R+L,13098,-0.4087,1.3343,0.759,0.6387
openrainer,openrainer 2021-11-13 11,radar mul [nearby],R+L,13098,-0.3759,1.2563,0.8057,0.7385
openrainer,openrainer 2021-11-13 11,radar idw_add [nearby],R+L,12717,-0.1549,1.3527,0.7677,0.5686
openrainer,openrainer 2021-11-13 11,radar idw_mul [nearby],R+L,12717,-0.5267,1.7389,0.5825,0.4419
openrainer,openrainer 2021-11-13 11,radar okrig_add [nearby],R+L,13098,-0.1721,1.3475,0.7743,0.5595
openrainer,openrainer 2021-11-13 11,radar ked [nearby],R+L,13098,-0.1009,1.5673,0.6453,0.631
openrainer,openrainer 2021-11-13 11,radar mfb [rnn],R+L,13098,0.4197,1.4242,0.8397,0.7456
openrainer,openrainer 2021-11-13 11,radar add [rnn],R+L,13098,0.4601,1.5097,0.8359,0.6938
openrainer,openrainer 2021-11-13 11,radar mul [rnn],R+L,13098,0.4265,1.4618,0.844,0.7461
openrainer,openrainer 2021-11-13 11,radar idw_add [rnn],R+L,13098,0.4975,1.5525,0.8434,0.6585
openrainer,openrainer 2021-11-13 11,radar idw_mul [rnn],R+L,13098,5.6184,73.7677,0.042,0.7159
openrainer,openrainer 2021-11-13 11,radar okrig_add [rnn],R+L,13098,0.4838,1.5168,0.8457,0.6532
openrainer,openrainer 2021-11-13 11,radar ked [rnn],R+L,13098,0.5389,1.5982,0.7983,0.6243
openrainer,openrainer 2021-11-13 11,radar mfb [dynamic + gauges],R+L+G,13098,0.1409,1.0747,0.8517,0.7465
openrainer,openrainer 2021-11-13 11,radar add [dynamic + gauges],R+L+G,13098,0.1388,1.2076,0.8483,0.707
openrainer,openrainer 2021-11-13 11,radar mul [dynamic + gauges],R+L+G,13098,0.1735,1.0884,0.8726,0.7495
openrainer,openrainer 2021-11-13 11,radar idw_add [dynamic + gauges],R+L+G,13098,0.1608,1.1636,0.858,0.6901
openrainer,openrainer 2021-11-13 11,radar idw_mul [dynamic + gauges],R+L+G,13098,2.6224,69.0681,0.0142,0.765
openrainer,openrainer 2021-11-13 11,radar okrig_add [dynamic + gauges],R+L+G,13098,0.1563,1.1305,0.865,0.6959
openrainer,openrainer 2021-11-13 11,radar ked [dynamic + gauges],R+L+G,13098,0.2846,1.3506,0.8069,0.6476
openrainer,openrainer 2021-11-13 11,radar mfb [constant + gauges],R+L+G,13098,-0.1814,1.0335,0.8588,0.7495
openrainer,openrainer 2021-11-13 11,radar add [constant + gauges],R+L+G,13098,-0.115,1.0696,0.8497,0.6767
openrainer,openrainer 2021-11-13 11,radar mul [constant + gauges],R+L+G,13098,-0.02,0.9543,0.8754,0.7506
openrainer,openrainer 2021-11-13 11,radar idw_add [constant + gauges],R+L+G,13098,-0.1267,1.0229,0.8609,0.6788
openrainer,openrainer 2021-11-13 11,radar idw_mul [constant + gauges],R+L+G,13098,0.3498,14.2605,0.1029,0.7555
openrainer,openrainer 2021-11-13 11,radar okrig_add [constant + gauges],R+L+G,13098,-0.0842,0.9916,0.8697,0.6916
openrainer,openrainer 2021-11-13 11,radar ked [constant + gauges],R+L+G,13098,0.0591,0.9604,0.8732,0.6528
openrainer,openrainer 2021-11-13 11,radar mfb [pycomlink + gauges],R+L+G,13098,-0.1702,1.0308,0.8567,0.748
openrainer,openrainer 2021-11-13 11,radar add [pycomlink + gauges],R+L+G,13098,-0.1146,1.0851,0.8471,0.6768
openrainer,openrainer 2021-11-13 11,radar mul [pycomlink + gauges],R+L+G,13098,-0.0188,0.9774,0.8704,0.7502
openrainer,openrainer 2021-11-13 11,radar idw_add [pycomlink + gauges],R+L+G,13098,-0.1233,1.0421,0.8575,0.6798
openrainer,openrainer 2021-11-13 11,radar idw_mul [pycomlink + gauges],R+L+G,13098,0.3623,14.6129,0.1011,0.7601
openrainer,openrainer 2021-11-13 11,radar okrig_add [pycomlink + gauges],R+L+G,13098,-0.076,1.0074,0.8678,0.6918
openrainer,openrainer 2021-11-13 11,radar ked [pycomlink + gauges],R+L+G,13098,0.0558,0.9407,0.8793,0.6573
openrainer,openrainer 2021-11-13 11,radar mfb [nearby + gauges],R+L+G,13098,-0.1228,1.0136,0.8573,0.7516
openrainer,openrainer 2021-11-13 11,radar add [nearby + gauges],R+L+G,13098,-0.0503,1.044,0.8583,0.699
openrainer,openrainer 2021-11-13 11,radar mul [nearby + gauges],R+L+G,13098,0.0385,0.9467,0.8804,0.7513
openrainer,openrainer 2021-11-13 11,radar idw_add [nearby + gauges],R+L+G,13098,-0.0629,0.9901,0.8703,0.7007
openrainer,openrainer 2021-11-13 11,radar idw_mul [nearby + gauges],R+L+G,13098,0.4608,15.6995,0.0979,0.7653
openrainer,openrainer 2021-11-13 11,radar okrig_add [nearby + gauges],R+L+G,13098,-0.0394,0.9623,0.8775,0.705
openrainer,openrainer 2021-11-13 11,radar ked [nearby + gauges],R+L+G,13098,0.0477,0.8986,0.888,0.6531
openrainer,openrainer 2021-11-13 11,radar mfb [rnn + gauges],R+L+G,13098,0.1546,1.0784,0.8543,0.7509
openrainer,openrainer 2021-11-13 11,radar add [rnn + gauges],R+L+G,13098,0.1702,1.0754,0.8777,0.7196
openrainer,openrainer 2021-11-13 11,radar mul [rnn + gauges],R+L+G,13098,0.2147,1.0203,0.8907,0.7507
openrainer,openrainer 2021-11-13 11,radar idw_add [rnn + gauges],R+L+G,13098,0.1744,1.0306,0.8857,0.7082
openrainer,openrainer 2021-11-13 11,radar idw_mul [rnn + gauges],R+L+G,13098,1.2622,20.9198,0.0856,0.7694
openrainer,openrainer 2021-11-13 11,radar okrig_add [rnn + gauges],R+L+G,13098,0.1484,0.9825,0.8912,0.7051
openrainer,openrainer 2021-11-13 11,radar ked [rnn + gauges],R+L+G,13098,0.2024,0.9681,0.8851,0.6469
openrainer,openrainer 2021-11-13 11,radar okrig_add [gauges] (5 km variogram),R+G,13098,0.0621,1.0447,0.8708,0.7164
openrainer,openrainer 2021-11-13 11,radar ked [gauges] (5 km variogram),R+G,13098,0.0839,0.8473,0.901,0.6622
openrainer,openrainer 2021-11-13 11,radar okrig_add [dynamic] (5 km variogram),R+L,13098,0.4512,1.6458,0.8103,0.6081
openrainer,openrainer 2021-11-13 11,radar ked [dynamic] (5 km variogram),R+L,13098,0.6037,2.2886,0.6718,0.6154
openrainer,openrainer 2021-11-13 11,radar okrig_add [constant] (5 km variogram),R+L,13098,-0.1911,1.3086,0.7861,0.5565
openrainer,openrainer 2021-11-13 11,radar ked [constant] (5 km variogram),R+L,13098,-0.0308,1.5149,0.6823,0.6359
openrainer,openrainer 2021-11-13 11,radar okrig_add [pycomlink] (5 km variogram),R+L,13098,-0.1881,1.3754,0.7728,0.5348
openrainer,openrainer 2021-11-13 11,radar ked [pycomlink] (5 km variogram),R+L,13098,-0.1348,1.5608,0.6897,0.6331
openrainer,openrainer 2021-11-13 11,radar okrig_add [nearby] (5 km variogram),R+L,13098,-0.1208,1.3121,0.7958,0.5722
openrainer,openrainer 2021-11-13 11,radar ked [nearby] (5 km variogram),R+L,13098,-0.1417,1.4729,0.6756,0.6354
openrainer,openrainer 2021-11-13 11,radar okrig_add [rnn] (5 km variogram),R+L,13098,0.528,1.5675,0.8505,0.6621
openrainer,openrainer 2021-11-13 11,radar ked [rnn] (5 km variogram),R+L,13098,0.5797,1.6566,0.8002,0.6315
openrainer,openrainer 2021-11-13 11,radar okrig_add [dynamic + gauges] (5 km variogram),R+L+G,13098,0.1614,1.147,0.8618,0.6771
openrainer,openrainer 2021-11-13 11,radar ked [dynamic + gauges] (5 km variogram),R+L+G,13098,0.2559,1.1799,0.8368,0.6404
openrainer,openrainer 2021-11-13 11,radar okrig_add [constant + gauges] (5 km variogram),R+L+G,13098,-0.1254,1.0521,0.8539,0.6661
openrainer,openrainer 2021-11-13 11,radar ked [constant + gauges] (5 km variogram),R+L+G,13098,0.0236,0.9299,0.8779,0.6554
openrainer,openrainer 2021-11-13 11,radar okrig_add [pycomlink + gauges] (5 km variogram),R+L+G,13098,-0.1366,1.0822,0.8476,0.6578
openrainer,openrainer 2021-11-13 11,radar ked [pycomlink + gauges] (5 km variogram),R+L+G,13098,0.0146,0.9152,0.8822,0.6656
openrainer,openrainer 2021-11-13 11,radar okrig_add [nearby + gauges] (5 km variogram),R+L+G,13098,-0.0635,1.0222,0.8635,0.6857
openrainer,openrainer 2021-11-13 11,radar ked [nearby + gauges] (5 km variogram),R+L+G,13098,0.021,0.8838,0.8903,0.6541
openrainer,openrainer 2021-11-13 11,radar okrig_add [rnn + gauges] (5 km variogram),R+L+G,13098,0.2254,1.0872,0.8833,0.7011
openrainer,openrainer 2021-11-13 11,radar ked [rnn + gauges] (5 km variogram),R+L+G,13098,0.2521,0.9842,0.8847,0.6442
openrainer,openrainer 2022-05-05 09,radar,R,9904,0.3739,1.4166,0.6099,0.7459
openrainer,openrainer 2022-05-05 09,links dynamic idw,L,6557,0.1646,2.1125,0.3262,0.7356
openrainer,openrainer 2022-05-05 09,links dynamic line,L,7076,0.0315,1.8117,0.3472,0.7446
openrainer,openrainer 2022-05-05 09,links constant idw,L,6557,-0.9233,1.3869,0.3396,0.1335
openrainer,openrainer 2022-05-05 09,links constant line,L,7076,-0.9101,1.3677,0.3865,0.163
openrainer,openrainer 2022-05-05 09,links pycomlink idw,L,6557,-0.684,1.3883,0.3629,0.3946
openrainer,openrainer 2022-05-05 09,links pycomlink line,L,7076,-0.7044,1.3214,0.3928,0.4054
openrainer,openrainer 2022-05-05 09,links nearby idw,L,4120,-0.6532,1.1361,0.5026,0.4008
openrainer,openrainer 2022-05-05 09,links nearby line,L,4788,-0.6436,1.0876,0.5581,0.409
openrainer,openrainer 2022-05-05 09,links rnn idw,L,6557,-0.1009,0.9158,0.686,0.7674
openrainer,openrainer 2022-05-05 09,links rnn line,L,7076,-0.056,0.9222,0.691,0.7689
openrainer,openrainer 2022-05-05 09,gauges,G,9904,0.0155,0.6074,0.8555,0.8896
openrainer,openrainer 2022-05-05 09,links dynamic + gauges,L+G,9904,0.0647,1.288,0.5805,0.8608
openrainer,openrainer 2022-05-05 09,links constant + gauges,L+G,9904,-0.3158,0.8553,0.7258,0.8184
openrainer,openrainer 2022-05-05 09,links pycomlink + gauges,L+G,9904,-0.2301,0.8784,0.7084,0.8426
openrainer,openrainer 2022-05-05 09,links nearby + gauges,L+G,9904,-0.1302,0.7127,0.8015,0.8565
openrainer,openrainer 2022-05-05 09,links rnn + gauges,L+G,9904,-0.0275,0.6712,0.8242,0.8714
openrainer,openrainer 2022-05-05 09,radar mfb [gauges],R+G,9904,-0.0104,0.9534,0.6999,0.7691
openrainer,openrainer 2022-05-05 09,radar add [gauges],R+G,9904,0.0515,0.7489,0.8097,0.8362
openrainer,openrainer 2022-05-05 09,radar mul [gauges],R+G,9904,0.0299,0.7458,0.8092,0.771
openrainer,openrainer 2022-05-05 09,radar idw_add [gauges],R+G,9904,0.0434,0.7203,0.8178,0.836
openrainer,openrainer 2022-05-05 09,radar idw_mul [gauges],R+G,9904,1.0297,10.07,0.1328,0.8407
openrainer,openrainer 2022-05-05 09,radar okrig_add [gauges],R+G,9904,0.0444,0.7109,0.8223,0.8367
openrainer,openrainer 2022-05-05 09,radar ked [gauges],R+G,9904,0.028,0.6275,0.8532,0.7994
openrainer,openrainer 2022-05-05 09,radar mfb [dynamic],R+L,9904,0.195,1.2288,0.61,0.7731
openrainer,openrainer 2022-05-05 09,radar add [dynamic],R+L,9904,0.2751,2.0064,0.399,0.7255
openrainer,openrainer 2022-05-05 09,radar mul [dynamic],R+L,9904,0.1,1.4175,0.5307,0.7626
openrainer,openrainer 2022-05-05 09,radar idw_add [dynamic],R+L,9904,0.2841,1.7301,0.4503,0.7215
openrainer,openrainer 2022-05-05 09,radar idw_mul [dynamic],R+L,9904,3.9491,53.7961,0.0103,0.7484
openrainer,openrainer 2022-05-05 09,radar okrig_add [dynamic],R+L,9904,0.27,1.8697,0.4132,0.7051
openrainer,openrainer 2022-05-05 09,radar ked [dynamic],R+L,9904,0.4977,2.7128,0.2841,0.7151
openrainer,openrainer 2022-05-05 09,radar mfb [constant],R+L,9904,-0.7242,1.2195,0.6127,0.6346
openrainer,openrainer 2022-05-05 09,radar add [constant],R+L,9904,-0.7421,1.3094,0.3816,0.4499
openrainer,openrainer 2022-05-05 09,radar mul [constant],R+L,9904,-0.6461,1.154,0.6081,0.7098
openrainer,openrainer 2022-05-05 09,radar idw_add [constant],R+L,9904,-0.7167,1.3027,0.3965,0.3696
openrainer,openrainer 2022-05-05 09,radar idw_mul [constant],R+L,9904,-0.854,3.2101,0.0394,0.1715
openrainer,openrainer 2022-05-05 09,radar okrig_add [constant],R+L,9904,-0.7382,1.3173,0.3839,0.3564
openrainer,openrainer 2022-05-05 09,radar ked [constant],R+L,9904,-0.3362,1.2562,0.3218,0.6768
openrainer,openrainer 2022-05-05 09,radar mfb [pycomlink],R+L,9904,-0.6446,1.1099,0.6869,0.6792
openrainer,openrainer 2022-05-05 09,radar add [pycomlink],R+L,9904,-0.5702,1.3208,0.4212,0.545
openrainer,openrainer 2022-05-05 09,radar mul [pycomlink],R+L,9904,-0.5155,1.1356,0.5238,0.7279
openrainer,openrainer 2022-05-05 09,radar idw_add [pycomlink],R+L,9904,-0.5247,1.2439,0.4783,0.4981
openrainer,openrainer 2022-05-05 09,radar idw_mul [pycomlink],R+L,9904,-0.4288,5.095,0.0957,0.4746
openrainer,openrainer 2022-05-05 09,radar okrig_add [pycomlink],R+L,9904,-0.544,1.2691,0.4588,0.4908
openrainer,openrainer 2022-05-05 09,radar ked [pycomlink],R+L,9904,-0.3813,1.4586,0.3451,0.6515
openrainer,openrainer 2022-05-05 09,radar mfb [nearby],R+L,9904,-0.5004,0.9935,0.6684,0.6898
openrainer,openrainer 2022-05-05 09,radar add [nearby],R+L,9904,-0.4952,1.0564,0.6102,0.6088
openrainer,openrainer 2022-05-05 09,radar mul [nearby],R+L,9904,-0.4542,0.9667,0.674,0.7175
openrainer,openrainer 2022-05-05 09,radar idw_add [nearby],R+L,9795,-0.4049,1.1232,0.5642,0.5235
openrainer,openrainer 2022-05-05 09,radar idw_mul [nearby],R+L,9795,0.6184,35.9802,0.0133,0.4313
openrainer,openrainer 2022-05-05 09,radar okrig_add [nearby],R+L,9904,-0.4224,1.1145,0.5707,0.5124
openrainer,openrainer 2022-05-05 09,radar ked [nearby],R+L,9904,-0.1127,1.3563,0.3582,0.7226
openrainer,openrainer 2022-05-05 09,radar mfb [rnn],R+L,9904,-0.0213,0.9874,0.6982,0.7499
openrainer,openrainer 2022-05-05 09,radar add [rnn],R+L,9904,-0.0053,1.0288,0.681,0.735
openrainer,openrainer 2022-05-05 09,radar mul [rnn],R+L,9904,-0.0167,0.972,0.7019,0.7568
openrainer,openrainer 2022-05-05 09,radar idw_add [rnn],R+L,9904,0.0262,1.0324,0.6967,0.7164
openrainer,openrainer 2022-05-05 09,radar idw_mul [rnn],R+L,9904,3.0651,44.9172,0.0312,0.7396
openrainer,openrainer 2022-05-05 09,radar okrig_add [rnn],R+L,9904,-0.0274,0.9978,0.6945,0.7146
openrainer,openrainer 2022-05-05 09,radar ked [rnn],R+L,9904,0.0066,0.9966,0.6605,0.7546
openrainer,openrainer 2022-05-05 09,radar mfb [dynamic + gauges],R+L+G,9904,0.0554,1.0108,0.6783,0.7708
openrainer,openrainer 2022-05-05 09,radar add [dynamic + gauges],R+L+G,9904,0.0955,1.3495,0.5878,0.8098
openrainer,openrainer 2022-05-05 09,radar mul [dynamic + gauges],R+L+G,9904,0.0187,0.9498,0.7184,0.7687
openrainer,openrainer 2022-05-05 09,radar idw_add [dynamic + gauges],R+L+G,9904,0.089,1.2174,0.6236,0.8108
openrainer,openrainer 2022-05-05 09,radar idw_mul [dynamic + gauges],R+L+G,9904,1.1322,12.7747,0.0744,0.8196
openrainer,openrainer 2022-05-05 09,radar okrig_add [dynamic + gauges],R+L+G,9904,0.0676,1.1735,0.6386,0.814
openrainer,openrainer 2022-05-05 09,radar ked [dynamic + gauges],R+L+G,9904,0.1274,1.3429,0.5647,0.7792
openrainer,openrainer 2022-05-05 09,radar mfb [constant + gauges],R+L+G,9904,-0.3138,0.8883,0.697,0.7498
openrainer,openrainer 2022-05-05 09,radar add [constant + gauges],R+L+G,9904,-0.2708,0.9251,0.6803,0.7446
openrainer,openrainer 2022-05-05 09,radar mul [constant + gauges],R+L+G,9904,-0.2059,0.8209,0.7351,0.7624
openrainer,openrainer 2022-05-05 09,radar idw_add [constant + gauges],R+L+G,9904,-0.3016,0.897,0.7013,0.7421
openrainer,openrainer 2022-05-05 09,radar idw_mul [constant + gauges],R+L+G,9904,0.1582,6.3401,0.1288,0.7842
openrainer,openrainer 2022-05-05 09,radar okrig_add [constant + gauges],R+L+G,9904,-0.2236,0.851,0.7282,0.7721
openrainer,openrainer 2022-05-05 09,radar ked [constant + gauges],R+L+G,9904,-0.0227,0.6542,0.8298,0.7985
openrainer,openrainer 2022-05-05 09,radar mfb [pycomlink + gauges],R+L+G,9904,-0.246,0.8742,0.7021,0.7565
openrainer,openrainer 2022-05-05 09,radar add [pycomlink + gauges],R+L+G,9904,-0.1896,0.9523,0.6841,0.7707
openrainer,openrainer 2022-05-05 09,radar mul [pycomlink + gauges],R+L+G,9904,-0.1471,0.8461,0.731,0.7641
openrainer,openrainer 2022-05-05 09,radar idw_add [pycomlink + gauges],R+L+G,9904,-0.2199,0.9057,0.7058,0.7651
openrainer,openrainer 2022-05-05 09,radar idw_mul [pycomlink + gauges],R+L+G,9904,0.262,6.1253,0.1536,0.8017
openrainer,openrainer 2022-05-05 09,radar okrig_add [pycomlink + gauges],R+L+G,9904,-0.163,0.8666,0.7302,0.7864
openrainer,openrainer 2022-05-05 09,radar ked [pycomlink + gauges],R+L+G,9904,-0.0743,0.8174,0.7483,0.7978
openrainer,openrainer 2022-05-05 09,radar mfb [nearby + gauges],R+L+G,9904,-0.1449,0.8972,0.7023,0.7615
openrainer,openrainer 2022-05-05 09,radar add [nearby + gauges],R+L+G,9904,-0.0906,0.8195,0.7606,0.7946
openrainer,openrainer 2022-05-05 09,radar mul [nearby + gauges],R+L+G,9904,-0.071,0.7666,0.7835,0.7662
openrainer,openrainer 2022-05-05 09,radar idw_add [nearby + gauges],R+L+G,9904,-0.1208,0.7858,0.7734,0.7845
openrainer,openrainer 2022-05-05 09,radar idw_mul [nearby + gauges],R+L+G,9904,0.805,17.4564,0.0551,0.8075
openrainer,openrainer 2022-05-05 09,radar okrig_add [nearby + gauges],R+L+G,9904,-0.0762,0.7632,0.7879,0.8009
openrainer,openrainer 2022-05-05 09,radar ked [nearby + gauges],R+L+G,9904,-0.0157,0.6843,0.8214,0.7953
openrainer,openrainer 2022-05-05 09,radar mfb [rnn + gauges],R+L+G,9904,-0.0105,0.9441,0.7076,0.7661
openrainer,openrainer 2022-05-05 09,radar add [rnn + gauges],R+L+G,9904,0.0029,0.7907,0.7852,0.8247
openrainer,openrainer 2022-05-05 09,radar mul [rnn + gauges],R+L+G,9904,0.001,0.7777,0.7891,0.7679
openrainer,openrainer 2022-05-05 09,radar idw_add [rnn + gauges],R+L+G,9904,-0.0076,0.7679,0.794,0.8215
openrainer,openrainer 2022-05-05 09,radar idw_mul [rnn + gauges],R+L+G,9904,1.0114,14.891,0.0755,0.8262
openrainer,openrainer 2022-05-05 09,radar okrig_add [rnn + gauges],R+L+G,9904,-0.0067,0.7479,0.8011,0.8259
openrainer,openrainer 2022-05-05 09,radar ked [rnn + gauges],R+L+G,9904,-0.0021,0.6859,0.8208,0.7873
openrainer,openrainer 2022-05-05 09,radar okrig_add [gauges] (5 km variogram),R+G,9904,0.0458,0.7484,0.8023,0.8297
openrainer,openrainer 2022-05-05 09,radar ked [gauges] (5 km variogram),R+G,9904,0.021,0.6181,0.8512,0.7989
openrainer,openrainer 2022-05-05 09,radar okrig_add [dynamic] (5 km variogram),R+L,9904,0.2248,1.5158,0.5004,0.7222
openrainer,openrainer 2022-05-05 09,radar ked [dynamic] (5 km variogram),R+L,9904,0.3712,1.8646,0.3796,0.7526
openrainer,openrainer 2022-05-05 09,radar okrig_add [constant] (5 km variogram),R+L,9904,-0.6867,1.2717,0.4344,0.3867
openrainer,openrainer 2022-05-05 09,radar ked [constant] (5 km variogram),R+L,9904,-0.3159,1.2363,0.3362,0.718
openrainer,openrainer 2022-05-05 09,radar okrig_add [pycomlink] (5 km variogram),R+L,9904,-0.5089,1.1981,0.5111,0.5028
openrainer,openrainer 2022-05-05 09,radar ked [pycomlink] (5 km variogram),R+L,9904,-0.4051,1.2675,0.4052,0.6997
openrainer,openrainer 2022-05-05 09,radar okrig_add [nearby] (5 km variogram),R+L,9904,-0.4131,1.0775,0.5992,0.5258
openrainer,openrainer 2022-05-05 09,radar ked [nearby] (5 km variogram),R+L,9904,-0.1305,1.2879,0.3891,0.7471
openrainer,openrainer 2022-05-05 09,radar okrig_add [rnn] (5 km variogram),R+L,9904,0.025,0.9874,0.7131,0.7176
openrainer,openrainer 2022-05-05 09,radar ked [rnn] (5 km variogram),R+L,9904,0.0368,0.9716,0.681,0.7716
openrainer,openrainer 2022-05-05 09,radar okrig_add [dynamic + gauges] (5 km variogram),R+L+G,9904,0.052,1.1704,0.6255,0.7988
openrainer,openrainer 2022-05-05 09,radar ked [dynamic + gauges] (5 km variogram),R+L+G,9904,0.0966,1.2523,0.5793,0.7838
openrainer,openrainer 2022-05-05 09,radar okrig_add [constant + gauges] (5 km variogram),R+L+G,9904,-0.3495,0.9215,0.6893,0.7189
openrainer,openrainer 2022-05-05 09,radar ked [constant + gauges] (5 km variogram),R+L+G,9904,-0.0604,0.6725,0.8149,0.7973
openrainer,openrainer 2022-05-05 09,radar okrig_add [pycomlink + gauges] (5 km variogram),R+L+G,9904,-0.2664,0.9218,0.6934,0.7434
openrainer,openrainer 2022-05-05 09,radar ked [pycomlink + gauges] (5 km variogram),R+L+G,9904,-0.1332,0.8149,0.7372,0.8031
openrainer,openrainer 2022-05-05 09,radar okrig_add [nearby + gauges] (5 km variogram),R+L+G,9904,-0.1561,0.8129,0.7556,0.7741
openrainer,openrainer 2022-05-05 09,radar ked [nearby + gauges] (5 km variogram),R+L+G,9904,-0.0481,0.6883,0.8097,0.7947
openrainer,openrainer 2022-05-05 09,radar okrig_add [rnn + gauges] (5 km variogram),R+L+G,9904,-0.0065,0.7836,0.7889,0.8149
openrainer,openrainer 2022-05-05 09,radar ked [rnn + gauges] (5 km variogram),R+L+G,9904,0.0045,0.6979,0.8148,0.7913
openrainer,openrainer 2022-08-06 09,radar,R,13217,2.1592,9.0001,0.7663,0.5039
openrainer,openrainer 2022-08-06 09,links dynamic idw,L,8599,3.5876,20.6351,0.311,0.2651
openrainer,openrainer 2022-08-06 09,links dynamic line,L,9265,2.7563,15.3437,0.2808,0.2699
openrainer,openrainer 2022-08-06 09,links constant idw,L,8599,1.3144,15.3021,0.3001,0.3557
openrainer,openrainer 2022-08-06 09,links constant line,L,9265,0.9802,11.9801,0.2479,0.363
openrainer,openrainer 2022-08-06 09,links pycomlink idw,L,8599,0.615,15.076,0.3341,0.4996
openrainer,openrainer 2022-08-06 09,links pycomlink line,L,9265,0.5223,11.4238,0.2842,0.4943
openrainer,openrainer 2022-08-06 09,links nearby idw,L,5807,-0.1188,6.9971,0.5684,0.3576
openrainer,openrainer 2022-08-06 09,links nearby line,L,6602,-0.1726,6.6171,0.5004,0.3606
openrainer,openrainer 2022-08-06 09,links rnn idw,L,8599,0.6363,5.5707,0.5925,0.4413
openrainer,openrainer 2022-08-06 09,links rnn line,L,9265,0.7446,5.8825,0.5547,0.4308
openrainer,openrainer 2022-08-06 09,gauges,G,13217,0.0135,6.1602,0.5701,0.5633
openrainer,openrainer 2022-08-06 09,links dynamic + gauges,L+G,13217,1.3181,11.0894,0.4232,0.3371
openrainer,openrainer 2022-08-06 09,links constant + gauges,L+G,13217,0.4796,8.4482,0.4716,0.4834
openrainer,openrainer 2022-08-06 09,links pycomlink + gauges,L+G,13217,0.2588,8.9623,0.462,0.5457
openrainer,openrainer 2022-08-06 09,links nearby + gauges,L+G,13217,0.0096,6.2005,0.5966,0.5633
openrainer,openrainer 2022-08-06 09,links rnn + gauges,L+G,13217,0.2654,5.9745,0.599,0.5032
openrainer,openrainer 2022-08-06 09,radar mfb [gauges],R+G,13217,0.0384,4.3349,0.8041,0.604
openrainer,openrainer 2022-08-06 09,radar add [gauges],R+G,13217,0.4733,5.2007,0.7925,0.5332
openrainer,openrainer 2022-08-06 09,radar mul [gauges],R+G,13217,0.3959,5.3344,0.7281,0.5287
openrainer,openrainer 2022-08-06 09,radar idw_add [gauges],R+G,13217,0.4833,5.3462,0.79,0.5589
openrainer,openrainer 2022-08-06 09,radar idw_mul [gauges],R+G,13217,0.5941,42.1745,0.12,0.6712
openrainer,openrainer 2022-08-06 09,radar okrig_add [gauges],R+G,13217,0.5927,5.5736,0.7789,0.4288
openrainer,openrainer 2022-08-06 09,radar ked [gauges],R+G,13217,0.3823,5.0553,0.7663,0.4877
openrainer,openrainer 2022-08-06 09,radar mfb [dynamic],R+L,13217,3.5243,15.9079,0.6944,0.4707
openrainer,openrainer 2022-08-06 09,radar add [dynamic],R+L,13217,4.2602,22.0743,0.4727,0.2889
openrainer,openrainer 2022-08-06 09,radar mul [dynamic],R+L,13217,2.2452,15.5079,0.5904,0.4818
openrainer,openrainer 2022-08-06 09,radar idw_add [dynamic],R+L,13217,5.3142,20.8337,0.4389,0.2158
openrainer,openrainer 2022-08-06 09,radar idw_mul [dynamic],R+L,13217,1278.5022,58573.7228,-0.0024,0.4345
openrainer,openrainer 2022-08-06 09,radar okrig_add [dynamic],R+L,13217,5.3287,21.5325,0.4507,0.2144
openrainer,openrainer 2022-08-06 09,radar ked [dynamic],R+L,13217,5.3287,36.5395,0.303,0.3546
openrainer,openrainer 2022-08-06 09,radar mfb [constant],R+L,13217,1.3464,9.2484,0.5659,0.5159
openrainer,openrainer 2022-08-06 09,radar add [constant],R+L,13217,2.0082,16.1356,0.4299,0.4312
openrainer,openrainer 2022-08-06 09,radar mul [constant],R+L,13217,0.8238,10.9102,0.5141,0.5162
openrainer,openrainer 2022-08-06 09,radar idw_add [constant],R+L,13217,2.8346,14.3933,0.502,0.3015
openrainer,openrainer 2022-08-06 09,radar idw_mul [constant],R+L,13217,745.4748,32698.1604,-0.0027,0.4063
openrainer,openrainer 2022-08-06 09,radar okrig_add [constant],R+L,13217,2.9689,16.0528,0.4825,0.2879
openrainer,openrainer 2022-08-06 09,radar ked [constant],R+L,13217,2.7188,25.9842,0.3541,0.4071
openrainer,openrainer 2022-08-06 09,radar mfb [pycomlink],R+L,13217,0.6626,6.8627,0.6469,0.5797
openrainer,openrainer 2022-08-06 09,radar add [pycomlink],R+L,13217,1.1816,15.2675,0.4641,0.4988
openrainer,openrainer 2022-08-06 09,radar mul [pycomlink],R+L,13217,0.6393,10.3384,0.5419,0.5406
openrainer,openrainer 2022-08-06 09,radar idw_add [pycomlink],R+L,13217,1.9044,14.9122,0.5084,0.4374
openrainer,openrainer 2022-08-06 09,radar idw_mul [pycomlink],R+L,13217,12.5065,522.6971,0.0169,0.572
openrainer,openrainer 2022-08-06 09,radar okrig_add [pycomlink],R+L,13217,2.5849,18.9734,0.4408,0.3946
openrainer,openrainer 2022-08-06 09,radar ked [pycomlink],R+L,13217,2.3431,30.7023,0.3111,0.4549
openrainer,openrainer 2022-08-06 09,radar mfb [nearby],R+L,13217,0.0074,4.8963,0.7329,0.6026
openrainer,openrainer 2022-08-06 09,radar add [nearby],R+L,13217,0.2576,6.1409,0.6659,0.5456
openrainer,openrainer 2022-08-06 09,radar mul [nearby],R+L,13217,0.1469,5.6652,0.6849,0.5661
openrainer,openrainer 2022-08-06 09,radar idw_add [nearby],R+L,12278,1.0385,7.055,0.7408,0.4606
openrainer,openrainer 2022-08-06 09,radar idw_mul [nearby],R+L,12278,0.0377,10.7862,0.2854,0.4389
openrainer,openrainer 2022-08-06 09,radar okrig_add [nearby],R+L,13217,1.1636,7.5963,0.7257,0.3924
openrainer,openrainer 2022-08-06 09,radar ked [nearby],R+L,13217,1.8552,10.6306,0.5691,0.4681
openrainer,openrainer 2022-08-06 09,radar mfb [rnn],R+L,13217,0.7513,5.0051,0.7695,0.5584
openrainer,openrainer 2022-08-06 09,radar add [rnn],R+L,13217,1.0387,6.4528,0.7149,0.4759
openrainer,openrainer 2022-08-06 09,radar mul [rnn],R+L,13217,0.8916,6.731,0.6711,0.5265
openrainer,openrainer 2022-08-06 09,radar idw_add [rnn],R+L,13217,1.2988,6.8472,0.7421,0.3769
openrainer,openrainer 2022-08-06 09,radar idw_mul [rnn],R+L,13217,7.1545,163.6781,0.2345,0.52
openrainer,openrainer 2022-08-06 09,radar okrig_add [rnn],R+L,13217,1.3934,6.7742,0.7454,0.34
openrainer,openrainer 2022-08-06 09,radar ked [rnn],R+L,13217,1.2498,6.5947,0.6621,0.3963
openrainer,openrainer 2022-08-06 09,radar mfb [dynamic + gauges],R+L+G,13217,1.1523,6.0463,0.7642,0.5099
openrainer,openrainer 2022-08-06 09,radar add [dynamic + gauges],R+L+G,13217,1.7076,10.8241,0.6062,0.3291
openrainer,openrainer 2022-08-06 09,radar mul [dynamic + gauges],R+L+G,13217,0.8592,7.945,0.67,0.5109
openrainer,openrainer 2022-08-06 09,radar idw_add [dynamic + gauges],R+L+G,13217,1.8457,10.2458,0.6279,0.308
openrainer,openrainer 2022-08-06 09,radar idw_mul [dynamic + gauges],R+L+G,13217,77.1611,4211.2373,0.0012,0.5328
openrainer,openrainer 2022-08-06 09,radar okrig_add [dynamic + gauges],R+L+G,13217,1.8169,10.8458,0.6059,0.2971
openrainer,openrainer 2022-08-06 09,radar ked [dynamic + gauges],R+L+G,13217,2.8126,17.6639,0.3874,0.3706
openrainer,openrainer 2022-08-06 09,radar mfb [constant + gauges],R+L+G,13217,0.3726,4.6106,0.7725,0.5559
openrainer,openrainer 2022-08-06 09,radar add [constant + gauges],R+L+G,13217,0.93,8.0457,0.6743,0.4664
openrainer,openrainer 2022-08-06 09,radar mul [constant + gauges],R+L+G,13217,0.4449,6.1307,0.7093,0.5186
openrainer,openrainer 2022-08-06 09,radar idw_add [constant + gauges],R+L+G,13217,1.053,7.8298,0.6857,0.417
openrainer,openrainer 2022-08-06 09,radar idw_mul [constant + gauges],R+L+G,13217,88.7387,7168.9418,-0.0005,0.5897
openrainer,openrainer 2022-08-06 09,radar okrig_add [constant + gauges],R+L+G,13217,1.1205,8.5443,0.6641,0.3689
openrainer,openrainer 2022-08-06 09,radar ked [constant + gauges],R+L+G,13217,2.1232,14.3214,0.4357,0.4133
openrainer,openrainer 2022-08-06 09,radar mfb [pycomlink + gauges],R+L+G,13217,0.2377,4.4465,0.7873,0.5942
openrainer,openrainer 2022-08-06 09,radar add [pycomlink + gauges],R+L+G,13217,0.6931,8.6084,0.6591,0.5204
openrainer,openrainer 2022-08-06 09,radar mul [pycomlink + gauges],R+L+G,13217,0.4867,6.482,0.6959,0.5252
openrainer,openrainer 2022-08-06 09,radar idw_add [pycomlink + gauges],R+L+G,13217,0.7983,8.1201,0.6818,0.527
openrainer,openrainer 2022-08-06 09,radar idw_mul [pycomlink + gauges],R+L+G,13217,5.4578,385.0433,0.0148,0.6378
openrainer,openrainer 2022-08-06 09,radar okrig_add [pycomlink + gauges],R+L+G,13217,0.871,8.344,0.6834,0.4184
openrainer,openrainer 2022-08-06 09,radar ked [pycomlink + gauges],R+L+G,13217,0.9908,12.0351,0.5105,0.4643
openrainer,openrainer 2022-08-06 09,radar mfb [nearby + gauges],R+L+G,13217,0.0297,4.306,0.8081,0.6041
openrainer,openrainer 2022-08-06 09,radar add [nearby + gauges],R+L+G,13217,0.457,5.585,0.7837,0.5253
openrainer,openrainer 2022-08-06 09,radar mul [nearby + gauges],R+L+G,13217,0.3991,5.6047,0.7342,0.5242
openrainer,openrainer 2022-08-06 09,radar idw_add [nearby + gauges],R+L+G,13217,0.5043,5.7032,0.7811,0.5306
openrainer,openrainer 2022-08-06 09,radar idw_mul [nearby + gauges],R+L+G,13217,0.4429,36.934,0.1502,0.6398
openrainer,openrainer 2022-08-06 09,radar okrig_add [nearby + gauges],R+L+G,13217,0.6232,6.0389,0.7598,0.4102
openrainer,openrainer 2022-08-06 09,radar ked [nearby + gauges],R+L+G,13217,0.5476,5.5908,0.7437,0.4383
openrainer,openrainer 2022-08-06 09,radar mfb [rnn + gauges],R+L+G,13217,0.268,4.2806,0.8048,0.5824
openrainer,openrainer 2022-08-06 09,radar add [rnn + gauges],R+L+G,13217,0.6364,5.2788,0.7849,0.5137
openrainer,openrainer 2022-08-06 09,radar mul [rnn + gauges],R+L+G,13217,0.5617,4.9407,0.7639,0.52
openrainer,openrainer 2022-08-06 09,radar idw_add [rnn + gauges],R+L+G,13217,0.6826,5.3763,0.7847,0.4981
openrainer,openrainer 2022-08-06 09,radar idw_mul [rnn + gauges],R+L+G,13217,2.2154,68.3231,0.1189,0.6047
openrainer,openrainer 2022-08-06 09,radar okrig_add [rnn + gauges],R+L+G,13217,0.7507,5.5999,0.7716,0.3887
openrainer,openrainer 2022-08-06 09,radar ked [rnn + gauges],R+L+G,13217,0.674,5.1657,0.7452,0.3986
openrainer,openrainer 2022-08-06 09,radar okrig_add [gauges] (5 km variogram),R+G,13217,0.5399,5.3549,0.8031,0.5533
openrainer,openrainer 2022-08-06 09,radar ked [gauges] (5 km variogram),R+G,13217,0.3164,4.475,0.8016,0.4696
openrainer,openrainer 2022-08-06 09,radar okrig_add [dynamic] (5 km variogram),R+L,13217,4.2706,12.2776,0.6524,0.191
openrainer,openrainer 2022-08-06 09,radar ked [dynamic] (5 km variogram),R+L,13217,3.8561,22.3542,0.4301,0.356
openrainer,openrainer 2022-08-06 09,radar okrig_add [constant] (5 km variogram),R+L,13217,2.3569,9.3577,0.6645,0.2759
openrainer,openrainer 2022-08-06 09,radar ked [constant] (5 km variogram),R+L,13217,2.0648,18.9098,0.3979,0.4261
openrainer,openrainer 2022-08-06 09,radar okrig_add [pycomlink] (5 km variogram),R+L,13217,1.9994,10.7089,0.6234,0.4033
openrainer,openrainer 2022-08-06 09,radar ked [pycomlink] (5 km variogram),R+L,13217,2.0016,22.6151,0.3471,0.472
openrainer,openrainer 2022-08-06 09,radar okrig_add [nearby] (5 km variogram),R+L,13217,1.1826,7.0695,0.7741,0.3849
openrainer,openrainer 2022-08-06 09,radar ked [nearby] (5 km variogram),R+L,13217,1.7014,9.741,0.5968,0.4767
openrainer,openrainer 2022-08-06 09,radar okrig_add [rnn] (5 km variogram),R+L,13217,1.428,6.9462,0.7616,0.3647
openrainer,openrainer 2022-08-06 09,radar ked [rnn] (5 km variogram),R+L,13217,1.2228,5.9071,0.7079,0.4007
openrainer,openrainer 2022-08-06 09,radar okrig_add [dynamic + gauges] (5 km variogram),R+L+G,13217,1.8445,8.5452,0.7032,0.2942
openrainer,openrainer 2022-08-06 09,radar ked [dynamic + gauges] (5 km variogram),R+L+G,13217,2.18,11.3832,0.5309,0.3671
openrainer,openrainer 2022-08-06 09,radar okrig_add [constant + gauges] (5 km variogram),R+L+G,13217,1.1043,6.7847,0.7452,0.3922
openrainer,openrainer 2022-08-06 09,radar ked [constant + gauges] (5 km variogram),R+L+G,13217,1.7281,11.4483,0.4888,0.41
openrainer,openrainer 2022-08-06 09,radar okrig_add [pycomlink + gauges] (5 km variogram),R+L+G,13217,0.8981,7.1773,0.7335,0.5164
openrainer,openrainer 2022-08-06 09,radar ked [pycomlink + gauges] (5 km variogram),R+L+G,13217,1.0046,10.6623,0.5249,0.456
openrainer,openrainer 2022-08-06 09,radar okrig_add [nearby + gauges] (5 km variogram),R+L+G,13217,0.5662,5.5758,0.7971,0.5217
openrainer,openrainer 2022-08-06 09,radar ked [nearby + gauges] (5 km variogram),R+L+G,13217,0.4869,5.1587,0.7634,0.4318
openrainer,openrainer 2022-08-06 09,radar okrig_add [rnn + gauges] (5 km variogram),R+L+G,13217,0.796,5.5072,0.7958,0.4928
openrainer,openrainer 2022-08-06 09,radar ked [rnn + gauges] (5 km variogram),R+L+G,13217,0.7478,4.9011,0.7641,0.3883
openrainer,openrainer 2022-08-17 10,radar,R,11745,0.2846,1.7569,0.85,0.6493
openrainer,openrainer 2022-08-17 10,links dynamic idw,L,7254,0.7826,3.523,0.6661,0.4761
openrainer,openrainer 2022-08-17 10,links dynamic line,L,7838,0.5922,3.1953,0.6549,0.4744
openrainer,openrainer 2022-08-17 10,links constant idw,L,7254,-0.0938,2.2879,0.7524,0.5941
openrainer,openrainer 2022-08-17 10,links constant line,L,7838,-0.0776,2.5141,0.6938,0.6084
openrainer,openrainer 2022-08-17 10,links pycomlink idw,L,7254,-0.0189,2.3089,0.7598,0.6358
openrainer,openrainer 2022-08-17 10,links pycomlink line,L,7838,-0.0597,2.334,0.7338,0.6462
openrainer,openrainer 2022-08-17 10,links nearby idw,L,5036,-0.1541,2.4267,0.7263,0.5879
openrainer,openrainer 2022-08-17 10,links nearby line,L,5795,-0.2142,2.5179,0.6886,0.5774
openrainer,openrainer 2022-08-17 10,links rnn idw,L,7704,0.3865,2.3007,0.7462,0.5486
openrainer,openrainer 2022-08-17 10,links rnn line,L,8322,0.3995,2.3482,0.7333,0.5523
openrainer,openrainer 2022-08-17 10,gauges,G,11745,-0.0066,1.7934,0.8396,0.7253
openrainer,openrainer 2022-08-17 10,links dynamic + gauges,L+G,11745,0.2179,2.1707,0.7918,0.593
openrainer,openrainer 2022-08-17 10,links constant + gauges,L+G,11745,-0.0432,1.7913,0.8404,0.7115
openrainer,openrainer 2022-08-17 10,links pycomlink + gauges,L+G,11745,-0.0164,1.8009,0.84,0.7191
openrainer,openrainer 2022-08-17 10,links nearby + gauges,L+G,11745,-0.0339,1.7803,0.8418,0.7217
openrainer,openrainer 2022-08-17 10,links rnn + gauges,L+G,11745,0.0976,1.7726,0.8422,0.6574
openrainer,openrainer 2022-08-17 10,radar mfb [gauges],R+G,11745,-0.003,1.641,0.8708,0.696
openrainer,openrainer 2022-08-17 10,radar add [gauges],R+G,11745,0.0416,1.3408,0.9133,0.675
openrainer,openrainer 2022-08-17 10,radar mul [gauges],R+G,11745,0.0438,1.3371,0.913,0.6656
openrainer,openrainer 2022-08-17 10,radar idw_add [gauges],R+G,11745,0.0642,1.2993,0.9184,0.6605
openrainer,openrainer 2022-08-17 10,radar idw_mul [gauges],R+G,11745,1.3006,67.8762,0.0627,0.7782
openrainer,openrainer 2022-08-17 10,radar okrig_add [gauges],R+G,11745,0.0749,1.2575,0.924,0.637
openrainer,openrainer 2022-08-17 10,radar ked [gauges],R+G,11745,0.068,1.2608,0.924,0.6009
openrainer,openrainer 2022-08-17 10,radar mfb [dynamic],R+L,11745,0.6528,2.237,0.8466,0.6325
openrainer,openrainer 2022-08-17 10,radar add [dynamic],R+L,11745,0.7757,2.8489,0.7806,0.5289
openrainer,openrainer 2022-08-17 10,radar mul [dynamic],R+L,11745,0.5188,2.3487,0.8326,0.6463
openrainer,openrainer 2022-08-17 10,radar idw_add [dynamic],R+L,11745,0.7498,2.672,0.7884,0.4778
openrainer,openrainer 2022-08-17 10,radar idw_mul [dynamic],R+L,11745,374.2116,14219.8745,-0.0017,0.6363
openrainer,openrainer 2022-08-17 10,radar okrig_add [dynamic],R+L,11745,0.7543,2.6384,0.7963,0.4639
openrainer,openrainer 2022-08-17 10,radar ked [dynamic],R+L,11745,0.7701,3.2184,0.7333,0.5504
openrainer,openrainer 2022-08-17 10,radar mfb [constant],R+L,11745,-0.0615,1.771,0.8465,0.6809
openrainer,openrainer 2022-08-17 10,radar add [constant],R+L,11745,-0.03,1.8257,0.8324,0.631
openrainer,openrainer 2022-08-17 10,radar mul [constant],R+L,11745,-0.0609,1.7568,0.8442,0.6667
openrainer,openrainer 2022-08-17 10,radar idw_add [constant],R+L,11745,0.0651,1.8168,0.8444,0.5967
openrainer,openrainer 2022-08-17 10,radar idw_mul [constant],R+L,11745,9.8448,337.3963,0.0071,0.632
openrainer,openrainer 2022-08-17 10,radar okrig_add [constant],R+L,11745,0.0731,1.8381,0.8428,0.5888
openrainer,openrainer 2022-08-17 10,radar ked [constant],R+L,11745,0.5595,3.8769,0.5787,0.5753
openrainer,openrainer 2022-08-17 10,radar mfb [pycomlink],R+L,11745,0.0306,1.7462,0.8463,0.6819
openrainer,openrainer 2022-08-17 10,radar add [pycomlink],R+L,11745,0.0513,1.8138,0.8397,0.6481
openrainer,openrainer 2022-08-17 10,radar mul [pycomlink],R+L,11745,0.0206,1.7346,0.85,0.6674
openrainer,openrainer 2022-08-17 10,radar idw_add [pycomlink],R+L,11745,0.1526,1.9167,0.8377,0.6238
openrainer,openrainer 2022-08-17 10,radar idw_mul [pycomlink],R+L,11745,30.0281,815.4661,0.0008,0.6872
openrainer,openrainer 2022-08-17 10,radar okrig_add [pycomlink],R+L,11745,0.1557,1.9152,0.8398,0.6146
openrainer,openrainer 2022-08-17 10,radar ked [pycomlink],R+L,11745,0.4213,3.0857,0.6787,0.5706
openrainer,openrainer 2022-08-17 10,radar mfb [nearby],R+L,11745,-0.2148,1.9881,0.8087,0.7047
openrainer,openrainer 2022-08-17 10,radar add [nearby],R+L,11745,-0.1696,1.9937,0.7951,0.67
openrainer,openrainer 2022-08-17 10,radar mul [nearby],R+L,11745,-0.1858,1.9575,0.8057,0.6817
openrainer,openrainer 2022-08-17 10,radar idw_add [nearby],R+L,11069,0.0103,1.8263,0.8263,0.6163
openrainer,openrainer 2022-08-17 10,radar idw_mul [nearby],R+L,11069,17.4087,797.9009,-0.0046,0.5895
openrainer,openrainer 2022-08-17 10,radar okrig_add [nearby],R+L,11745,-0.0078,1.7639,0.8435,0.5925
openrainer,openrainer 2022-08-17 10,radar ked [nearby],R+L,11745,0.0361,2.6158,0.6784,0.581
openrainer,openrainer 2022-08-17 10,radar mfb [rnn],R+L,11745,0.3322,1.8768,0.8476,0.6701
openrainer,openrainer 2022-08-17 10,radar add [rnn],R+L,11745,0.3941,1.9548,0.8318,0.6016
openrainer,openrainer 2022-08-17 10,radar mul [rnn],R+L,11745,0.352,1.9597,0.8315,0.6633
openrainer,openrainer 2022-08-17 10,radar idw_add [rnn],R+L,11745,0.3851,1.8569,0.8367,0.5529
openrainer,openrainer 2022-08-17 10,radar idw_mul [rnn],R+L,11745,16.2725,566.42,0.0272,0.6686
openrainer,openrainer 2022-08-17 10,radar okrig_add [rnn],R+L,11745,0.3889,1.8495,0.8376,0.5142
openrainer,openrainer 2022-08-17 10,radar ked [rnn],R+L,11745,0.4554,2.4387,0.7261,0.5569
openrainer,openrainer 2022-08-17 10,radar mfb [dynamic + gauges],R+L+G,11745,0.2017,1.6534,0.8662,0.6526
openrainer,openrainer 2022-08-17 10,radar add [dynamic + gauges],R+L+G,11745,0.2589,1.8805,0.8533,0.572
openrainer,openrainer 2022-08-17 10,radar mul [dynamic + gauges],R+L+G,11745,0.1448,1.6156,0.8824,0.663
openrainer,openrainer 2022-08-17 10,radar idw_add [dynamic + gauges],R+L+G,11745,0.2527,1.6289,0.8864,0.5341
openrainer,openrainer 2022-08-17 10,radar idw_mul [dynamic + gauges],R+L+G,11745,65.0696,4082.0187,-0.0006,0.7094
openrainer,openrainer 2022-08-17 10,radar okrig_add [dynamic + gauges],R+L+G,11745,0.2202,1.5704,0.8926,0.5269
openrainer,openrainer 2022-08-17 10,radar ked [dynamic + gauges],R+L+G,11745,0.3518,2.0521,0.8373,0.5596
openrainer,openrainer 2022-08-17 10,radar mfb [constant + gauges],R+L+G,11745,-0.0252,1.6479,0.8712,0.6896
openrainer,openrainer 2022-08-17 10,radar add [constant + gauges],R+L+G,11745,0.0079,1.4255,0.9021,0.6611
openrainer,openrainer 2022-08-17 10,radar mul [constant + gauges],R+L+G,11745,0.005,1.3939,0.9051,0.6646
openrainer,openrainer 2022-08-17 10,radar idw_add [constant + gauges],R+L+G,11745,0.0195,1.3401,0.9132,0.6551
openrainer,openrainer 2022-08-17 10,radar idw_mul [constant + gauges],R+L+G,11745,0.9487,37.6324,0.0867,0.7547
openrainer,openrainer 2022-08-17 10,radar okrig_add [constant + gauges],R+L+G,11745,0.0265,1.3023,0.9184,0.641
openrainer,openrainer 2022-08-17 10,radar ked [constant + gauges],R+L+G,11745,0.1487,1.8076,0.8555,0.592
openrainer,openrainer 2022-08-17 10,radar mfb [pycomlink + gauges],R+L+G,11745,0.0023,1.6406,0.8697,0.6907
openrainer,openrainer 2022-08-17 10,radar add [pycomlink + gauges],R+L+G,11745,0.0322,1.433,0.902,0.6753
openrainer,openrainer 2022-08-17 10,radar mul [pycomlink + gauges],R+L+G,11745,0.0272,1.3857,0.9065,0.6663
openrainer,openrainer 2022-08-17 10,radar idw_add [pycomlink + gauges],R+L+G,11745,0.0493,1.3488,0.9129,0.6563
openrainer,openrainer 2022-08-17 10,radar idw_mul [pycomlink + gauges],R+L+G,11745,3.3448,141.2031,0.0215,0.7618
openrainer,openrainer 2022-08-17 10,radar okrig_add [pycomlink + gauges],R+L+G,11745,0.0508,1.3049,0.9188,0.6517
openrainer,openrainer 2022-08-17 10,radar ked [pycomlink + gauges],R+L+G,11745,0.124,1.6025,0.8842,0.6106
openrainer,openrainer 2022-08-17 10,radar mfb [nearby + gauges],R+L+G,11745,-0.0511,1.6792,0.8671,0.6981
openrainer,openrainer 2022-08-17 10,radar add [nearby + gauges],R+L+G,11745,0.0121,1.4021,0.9046,0.6716
openrainer,openrainer 2022-08-17 10,radar mul [nearby + gauges],R+L+G,11745,0.0153,1.3703,0.9083,0.6665
openrainer,openrainer 2022-08-17 10,radar idw_add [nearby + gauges],R+L+G,11745,0.0218,1.3308,0.9139,0.6574
openrainer,openrainer 2022-08-17 10,radar idw_mul [nearby + gauges],R+L+G,11745,1.2226,55.2355,0.0576,0.7631
openrainer,openrainer 2022-08-17 10,radar okrig_add [nearby + gauges],R+L+G,11745,0.0331,1.2801,0.9206,0.6407
openrainer,openrainer 2022-08-17 10,radar ked [nearby + gauges],R+L+G,11745,0.0746,1.4568,0.8994,0.5952
openrainer,openrainer 2022-08-17 10,radar mfb [rnn + gauges],R+L+G,11745,0.1013,1.6164,0.8706,0.6856
openrainer,openrainer 2022-08-17 10,radar add [rnn + gauges],R+L+G,11745,0.1306,1.4588,0.8968,0.6414
openrainer,openrainer 2022-08-17 10,radar mul [rnn + gauges],R+L+G,11745,0.1201,1.45,0.8976,0.6661
openrainer,openrainer 2022-08-17 10,radar idw_add [rnn + gauges],R+L+G,11745,0.1562,1.3829,0.9078,0.6031
openrainer,openrainer 2022-08-17 10,radar idw_mul [rnn + gauges],R+L+G,11745,1.1334,30.606,0.1075,0.7297
openrainer,openrainer 2022-08-17 10,radar okrig_add [rnn + gauges],R+L+G,11745,0.133,1.3132,0.917,0.5853
openrainer,openrainer 2022-08-17 10,radar ked [rnn + gauges],R+L+G,11745,0.1672,1.4129,0.9042,0.5711
openrainer,openrainer 2022-08-17 10,radar okrig_add [gauges] (5 km variogram),R+G,11745,0.0744,1.316,0.916,0.6638
openrainer,openrainer 2022-08-17 10,radar ked [gauges] (5 km variogram),R+G,11745,0.0588,1.2961,0.9188,0.5986
openrainer,openrainer 2022-08-17 10,radar okrig_add [dynamic] (5 km variogram),R+L,11745,0.639,2.1263,0.8381,0.4495
openrainer,openrainer 2022-08-17 10,radar ked [dynamic] (5 km variogram),R+L,11745,0.6983,2.8549,0.781,0.5517
openrainer,openrainer 2022-08-17 10,radar okrig_add [constant] (5 km variogram),R+L,11745,0.0748,1.6749,0.8624,0.5964
openrainer,openrainer 2022-08-17 10,radar ked [constant] (5 km variogram),R+L,11745,0.3948,2.9769,0.6906,0.6023
openrainer,openrainer 2022-08-17 10,radar okrig_add [pycomlink] (5 km variogram),R+L,11745,0.1322,1.7027,0.8613,0.6245
openrainer,openrainer 2022-08-17 10,radar ked [pycomlink] (5 km variogram),R+L,11745,0.3786,2.7706,0.7236,0.5915
openrainer,openrainer 2022-08-17 10,radar okrig_add [nearby] (5 km variogram),R+L,11745,-0.0397,1.6609,0.8635,0.6062
openrainer,openrainer 2022-08-17 10,radar ked [nearby] (5 km variogram),R+L,11745,0.03,2.302,0.7287,0.5973
openrainer,openrainer 2022-08-17 10,radar okrig_add [rnn] (5 km variogram),R+L,11745,0.4175,1.785,0.8517,0.5338
openrainer,openrainer 2022-08-17 10,radar ked [rnn] (5 km variogram),R+L,11745,0.4457,2.1358,0.7836,0.564
openrainer,openrainer 2022-08-17 10,radar okrig_add [dynamic + gauges] (5 km variogram),R+L+G,11745,0.2698,1.5724,0.8896,0.4991
openrainer,openrainer 2022-08-17 10,radar ked [dynamic + gauges] (5 km variogram),R+L+G,11745,0.3295,1.7987,0.8644,0.552
openrainer,openrainer 2022-08-17 10,radar okrig_add [constant + gauges] (5 km variogram),R+L+G,11745,0.0307,1.3621,0.9096,0.6454
openrainer,openrainer 2022-08-17 10,radar ked [constant + gauges] (5 km variogram),R+L+G,11745,0.1504,1.7632,0.8559,0.5871
openrainer,openrainer 2022-08-17 10,radar okrig_add [pycomlink + gauges] (5 km variogram),R+L+G,11745,0.0528,1.3541,0.911,0.6538
openrainer,openrainer 2022-08-17 10,radar ked [pycomlink + gauges] (5 km variogram),R+L+G,11745,0.1192,1.5607,0.8853,0.6053
openrainer,openrainer 2022-08-17 10,radar okrig_add [nearby + gauges] (5 km variogram),R+L+G,11745,0.018,1.3458,0.9118,0.6552
openrainer,openrainer 2022-08-17 10,radar ked [nearby + gauges] (5 km variogram),R+L+G,11745,0.0565,1.4522,0.8973,0.5896
openrainer,openrainer 2022-08-17 10,radar okrig_add [rnn + gauges] (5 km variogram),R+L+G,11745,0.197,1.402,0.9058,0.6063
openrainer,openrainer 2022-08-17 10,radar ked [rnn + gauges] (5 km variogram),R+L+G,11745,0.2095,1.4523,0.8988,0.5682
openrainer,openrainer 2022-08-30 11,radar,R,11142,1.0264,4.0713,0.842,0.5648
openrainer,openrainer 2022-08-30 11,links dynamic idw,L,7331,1.4827,7.1597,0.4753,0.3175
openrainer,openrainer 2022-08-30 11,links dynamic line,L,7786,1.1979,6.3633,0.4836,0.3128
openrainer,openrainer 2022-08-30 11,links constant idw,L,7331,0.365,6.6673,0.4218,0.3794
openrainer,openrainer 2022-08-30 11,links constant line,L,7786,0.2744,5.8916,0.4439,0.3839
openrainer,openrainer 2022-08-30 11,links pycomlink idw,L,7331,0.2827,5.9912,0.4793,0.4712
openrainer,openrainer 2022-08-30 11,links pycomlink line,L,7786,0.1775,5.2148,0.5085,0.4556
openrainer,openrainer 2022-08-30 11,links nearby idw,L,4714,-0.2921,3.9156,0.5962,0.3983
openrainer,openrainer 2022-08-30 11,links nearby line,L,5523,-0.3195,3.9536,0.5985,0.3855
openrainer,openrainer 2022-08-30 11,links rnn idw,L,7345,0.487,4.1534,0.6483,0.4222
openrainer,openrainer 2022-08-30 11,links rnn line,L,7793,0.5653,4.3084,0.6306,0.408
openrainer,openrainer 2022-08-30 11,gauges,G,11142,0.0111,3.9173,0.66,0.5188
openrainer,openrainer 2022-08-30 11,links dynamic + gauges,L+G,11142,0.5082,4.823,0.5946,0.417
openrainer,openrainer 2022-08-30 11,links constant + gauges,L+G,11142,0.1257,4.5227,0.5969,0.5032
openrainer,openrainer 2022-08-30 11,links pycomlink + gauges,L+G,11142,0.107,4.4244,0.6123,0.5288
openrainer,openrainer 2022-08-30 11,links nearby + gauges,L+G,11142,-0.0633,3.8878,0.6647,0.5269
openrainer,openrainer 2022-08-30 11,links rnn + gauges,L+G,11142,0.1749,3.7489,0.694,0.493
openrainer,openrainer 2022-08-30 11,radar mfb [gauges],R+G,11142,0.0136,2.6657,0.8557,0.6103
openrainer,openrainer 2022-08-30 11,radar add [gauges],R+G,11142,0.2398,2.962,0.8491,0.542
openrainer,openrainer 2022-08-30 11,radar mul [gauges],R+G,11142,0.1999,2.7922,0.8471,0.5804
openrainer,openrainer 2022-08-30 11,radar idw_add [gauges],R+G,11142,0.2393,2.8463,0.8606,0.5044
openrainer,openrainer 2022-08-30 11,radar idw_mul [gauges],R+G,11142,-0.0532,3.2874,0.7844,0.6675
openrainer,openrainer 2022-08-30 11,radar okrig_add [gauges],R+G,11142,0.2958,2.8657,0.8584,0.4231
openrainer,openrainer 2022-08-30 11,radar ked [gauges],R+G,11142,0.2351,3.2491,0.8012,0.5141
openrainer,openrainer 2022-08-30 11,radar mfb [dynamic],R+L,11142,1.2461,5.5823,0.7765,0.5429
openrainer,openrainer 2022-08-30 11,radar add [dynamic],R+L,11142,1.6246,6.9107,0.6832,0.3889
openrainer,openrainer 2022-08-30 11,radar mul [dynamic],R+L,11142,0.9742,6.2751,0.7164,0.5628
openrainer,openrainer 2022-08-30 11,radar idw_add [dynamic],R+L,11142,1.3198,5.9594,0.7006,0.3415
openrainer,openrainer 2022-08-30 11,radar idw_mul [dynamic],R+L,11142,16697.3451,1145575.6521,0.0814,0.543
openrainer,openrainer 2022-08-30 11,radar okrig_add [dynamic],R+L,11142,1.5322,6.7048,0.6535,0.3062
openrainer,openrainer 2022-08-30 11,radar ked [dynamic],R+L,11142,1.2469,7.2908,0.6081,0.4361
openrainer,openrainer 2022-08-30 11,radar mfb [constant],R+L,11142,0.1414,3.6378,0.7283,0.5849
openrainer,openrainer 2022-08-30 11,radar add [constant],R+L,11142,0.5364,5.6095,0.6276,0.5017
openrainer,openrainer 2022-08-30 11,radar mul [constant],R+L,11142,0.127,3.7843,0.7424,0.5816
openrainer,openrainer 2022-08-30 11,radar idw_add [constant],R+L,11142,1.1429,10.6142,0.4112,0.4556
openrainer,openrainer 2022-08-30 11,radar idw_mul [constant],R+L,11142,20.2327,811.2091,0.0216,0.4916
openrainer,openrainer 2022-08-30 11,radar okrig_add [constant],R+L,11142,1.4238,9.3435,0.4565,0.4058
openrainer,openrainer 2022-08-30 11,radar ked [constant],R+L,11142,1.0762,8.7808,0.425,0.486
openrainer,openrainer 2022-08-30 11,radar mfb [pycomlink],R+L,11142,0.1694,3.5144,0.7516,0.5863
openrainer,openrainer 2022-08-30 11,radar add [pycomlink],R+L,11142,0.4596,5.0366,0.678,0.5318
openrainer,openrainer 2022-08-30 11,radar mul [pycomlink],R+L,11142,0.1969,3.7772,0.7511,0.5786
openrainer,openrainer 2022-08-30 11,radar idw_add [pycomlink],R+L,11142,1.2039,10.843,0.4128,0.4665
openrainer,openrainer 2022-08-30 11,radar idw_mul [pycomlink],R+L,11142,21.9723,840.3234,0.0232,0.5848
openrainer,openrainer 2022-08-30 11,radar okrig_add [pycomlink],R+L,11142,1.4528,9.3934,0.465,0.4158
openrainer,openrainer 2022-08-30 11,radar ked [pycomlink],R+L,11142,0.7053,7.0259,0.5231,0.4852
openrainer,openrainer 2022-08-30 11,radar mfb [nearby],R+L,11142,-0.2177,3.1933,0.7847,0.6331
openrainer,openrainer 2022-08-30 11,radar add [nearby],R+L,11142,-0.0565,3.2493,0.781,0.5655
openrainer,openrainer 2022-08-30 11,radar mul [nearby],R+L,11142,-0.1239,3.3361,0.7566,0.6112
openrainer,openrainer 2022-08-30 11,radar idw_add [nearby],R+L,10117,0.2149,3.1165,0.8319,0.524
openrainer,openrainer 2022-08-30 11,radar idw_mul [nearby],R+L,10117,-0.5096,3.8785,0.633,0.4212
openrainer,openrainer 2022-08-30 11,radar okrig_add [nearby],R+L,11142,0.1883,3.1904,0.8317,0.4959
openrainer,openrainer 2022-08-30 11,radar ked [nearby],R+L,11142,0.2746,3.65,0.776,0.4981
openrainer,openrainer 2022-08-30 11,radar mfb [rnn],R+L,11142,0.4718,2.9478,0.8558,0.5857
openrainer,openrainer 2022-08-30 11,radar add [rnn],R+L,11142,0.58,3.2155,0.8477,0.4973
openrainer,openrainer 2022-08-30 11,radar mul [rnn],R+L,11142,0.5341,3.3206,0.8392,0.5714
openrainer,openrainer 2022-08-30 11,radar idw_add [rnn],R+L,11142,0.7052,3.3271,0.848,0.4282
openrainer,openrainer 2022-08-30 11,radar idw_mul [rnn],R+L,11142,6.077,156.9114,0.1161,0.5893
openrainer,openrainer 2022-08-30 11,radar okrig_add [rnn],R+L,11142,0.7554,3.3507,0.841,0.3588
openrainer,openrainer 2022-08-30 11,radar ked [rnn],R+L,11142,0.6266,3.5047,0.785,0.4796
openrainer,openrainer 2022-08-30 11,radar mfb [dynamic + gauges],R+L+G,11142,0.4604,3.0576,0.8296,0.5619
openrainer,openrainer 2022-08-30 11,radar add [dynamic + gauges],R+L+G,11142,0.6776,4.2278,0.7696,0.43
openrainer,openrainer 2022-08-30 11,radar mul [dynamic + gauges],R+L+G,11142,0.3699,3.887,0.7803,0.5762
openrainer,openrainer 2022-08-30 11,radar idw_add [dynamic + gauges],R+L+G,11142,0.6031,4.22,0.7718,0.423
openrainer,openrainer 2022-08-30 11,radar idw_mul [dynamic + gauges],R+L+G,11142,6268.0728,467542.2816,0.0784,0.6085
openrainer,openrainer 2022-08-30 11,radar okrig_add [dynamic + gauges],R+L+G,11142,0.7192,5.3565,0.684,0.3657
openrainer,openrainer 2022-08-30 11,radar ked [dynamic + gauges],R+L+G,11142,0.712,5.5199,0.6412,0.4498
openrainer,openrainer 2022-08-30 11,radar mfb [constant + gauges],R+L+G,11142,0.0827,2.9654,0.8117,0.5849
openrainer,openrainer 2022-08-30 11,radar add [constant + gauges],R+L+G,11142,0.3419,3.8236,0.7792,0.5094
openrainer,openrainer 2022-08-30 11,radar mul [constant + gauges],R+L+G,11142,0.1455,2.9592,0.8308,0.5816
openrainer,openrainer 2022-08-30 11,radar idw_add [constant + gauges],R+L+G,11142,0.766,8.6022,0.4774,0.4883
openrainer,openrainer 2022-08-30 11,radar idw_mul [constant + gauges],R+L+G,11142,3.5593,203.8494,0.0224,0.6353
openrainer,openrainer 2022-08-30 11,radar okrig_add [constant + gauges],R+L+G,11142,0.9661,8.4581,0.482,0.4144
openrainer,openrainer 2022-08-30 11,radar ked [constant + gauges],R+L+G,11142,0.9393,8.0385,0.4634,0.4985
openrainer,openrainer 2022-08-30 11,radar mfb [pycomlink + gauges],R+L+G,11142,0.0802,2.778,0.8376,0.5868
openrainer,openrainer 2022-08-30 11,radar add [pycomlink + gauges],R+L+G,11142,0.3106,3.7175,0.7911,0.5397
openrainer,openrainer 2022-08-30 11,radar mul [pycomlink + gauges],R+L+G,11142,0.1786,2.9883,0.8303,0.5799
openrainer,openrainer 2022-08-30 11,radar idw_add [pycomlink + gauges],R+L+G,11142,0.7921,8.8065,0.4726,0.4954
openrainer,openrainer 2022-08-30 11,radar idw_mul [pycomlink + gauges],R+L+G,11142,3.8323,215.7497,0.0226,0.6533
openrainer,openrainer 2022-08-30 11,radar okrig_add [pycomlink + gauges],R+L+G,11142,0.9829,8.6079,0.4786,0.4243
openrainer,openrainer 2022-08-30 11,radar ked [pycomlink + gauges],R+L+G,11142,0.649,6.5779,0.5484,0.5171
openrainer,openrainer 2022-08-30 11,radar mfb [nearby + gauges],R+L+G,11142,-0.0565,2.7047,0.8554,0.613
openrainer,openrainer 2022-08-30 11,radar add [nearby + gauges],R+L+G,11142,0.1681,2.9751,0.8452,0.5357
openrainer,openrainer 2022-08-30 11,radar mul [nearby + gauges],R+L+G,11142,0.1303,2.8502,0.8381,0.5805
openrainer,openrainer 2022-08-30 11,radar idw_add [nearby + gauges],R+L+G,11142,0.1623,2.8664,0.855,0.508
openrainer,openrainer 2022-08-30 11,radar idw_mul [nearby + gauges],R+L+G,11142,-0.127,3.3633,0.7703,0.6409
openrainer,openrainer 2022-08-30 11,radar okrig_add [nearby + gauges],R+L+G,11142,0.2155,2.8769,0.8548,0.4471
openrainer,openrainer 2022-08-30 11,radar ked [nearby + gauges],R+L+G,11142,0.1857,3.2628,0.8008,0.5152
openrainer,openrainer 2022-08-30 11,radar mfb [rnn + gauges],R+L+G,11142,0.1831,2.5899,0.861,0.5953
openrainer,openrainer 2022-08-30 11,radar add [rnn + gauges],R+L+G,11142,0.3315,2.9537,0.8526,0.5254
openrainer,openrainer 2022-08-30 11,radar mul [rnn + gauges],R+L+G,11142,0.3165,2.8599,0.8504,0.5757
openrainer,openrainer 2022-08-30 11,radar idw_add [rnn + gauges],R+L+G,11142,0.3575,2.8861,0.8597,0.4945
openrainer,openrainer 2022-08-30 11,radar idw_mul [rnn + gauges],R+L+G,11142,1.0955,26.1959,0.1955,0.6343
openrainer,openrainer 2022-08-30 11,radar okrig_add [rnn + gauges],R+L+G,11142,0.3988,2.8829,0.8572,0.3958
openrainer,openrainer 2022-08-30 11,radar ked [rnn + gauges],R+L+G,11142,0.3408,3.1037,0.8181,0.5042
openrainer,openrainer 2022-08-30 11,radar okrig_add [gauges] (5 km variogram),R+G,11142,0.2378,2.7994,0.868,0.5447
openrainer,openrainer 2022-08-30 11,radar ked [gauges] (5 km variogram),R+G,11142,0.1627,2.8121,0.8401,0.512
openrainer,openrainer 2022-08-30 11,radar okrig_add [dynamic] (5 km variogram),R+L,11142,1.2427,4.718,0.7808,0.3517
openrainer,openrainer 2022-08-30 11,radar ked [dynamic] (5 km variogram),R+L,11142,1.1513,6.1465,0.6782,0.433
openrainer,openrainer 2022-08-30 11,radar okrig_add [constant] (5 km variogram),R+L,11142,1.3063,5.954,0.6454,0.44
openrainer,openrainer 2022-08-30 11,radar ked [constant] (5 km variogram),R+L,11142,0.9824,7.408,0.4896,0.4994
openrainer,openrainer 2022-08-30 11,radar okrig_add [pycomlink] (5 km variogram),R+L,11142,1.2013,5.671,0.6729,0.4579
openrainer,openrainer 2022-08-30 11,radar ked [pycomlink] (5 km variogram),R+L,11142,0.7575,6.1891,0.5737,0.5037
openrainer,openrainer 2022-08-30 11,radar okrig_add [nearby] (5 km variogram),R+L,11142,0.2115,3.0587,0.8464,0.5237
openrainer,openrainer 2022-08-30 11,radar ked [nearby] (5 km variogram),R+L,11142,0.1926,3.3726,0.7956,0.5043
openrainer,openrainer 2022-08-30 11,radar okrig_add [rnn] (5 km variogram),R+L,11142,0.7501,3.3213,0.8555,0.4073
openrainer,openrainer 2022-08-30 11,radar ked [rnn] (5 km variogram),R+L,11142,0.6705,3.4524,0.7999,0.4728
openrainer,openrainer 2022-08-30 11,radar okrig_add [dynamic + gauges] (5 km variogram),R+L+G,11142,0.5621,3.5761,0.8247,0.4392
openrainer,openrainer 2022-08-30 11,radar ked [dynamic + gauges] (5 km variogram),R+L+G,11142,0.6235,4.0356,0.7548,0.4479
openrainer,openrainer 2022-08-30 11,radar okrig_add [constant + gauges] (5 km variogram),R+L+G,11142,0.5648,4.2501,0.7503,0.4969
openrainer,openrainer 2022-08-30 11,radar ked [constant + gauges] (5 km variogram),R+L+G,11142,0.8222,6.2971,0.5519,0.5077
openrainer,openrainer 2022-08-30 11,radar okrig_add [pycomlink + gauges] (5 km variogram),R+L+G,11142,0.5612,4.2096,0.7567,0.5026
openrainer,openrainer 2022-08-30 11,radar ked [pycomlink + gauges] (5 km variogram),R+L+G,11142,0.5504,5.1639,0.6367,0.5098
openrainer,openrainer 2022-08-30 11,radar okrig_add [nearby + gauges] (5 km variogram),R+L+G,11142,0.1609,2.8187,0.8601,0.5356
openrainer,openrainer 2022-08-30 11,radar ked [nearby + gauges] (5 km variogram),R+L+G,11142,0.1177,2.9261,0.8285,0.5099
openrainer,openrainer 2022-08-30 11,radar okrig_add [rnn + gauges] (5 km variogram),R+L+G,11142,0.4105,2.8777,0.867,0.4787
openrainer,openrainer 2022-08-30 11,radar ked [rnn + gauges] (5 km variogram),R+L+G,11142,0.3567,2.8384,0.8439,0.4968
openrainer,openrainer 2022-09-29 10,radar,R,7760,1.7715,4.4592,0.8296,0.7048
openrainer,openrainer 2022-09-29 10,links dynamic idw,L,5160,0.8907,4.6335,0.4866,0.5565
openrainer,openrainer 2022-09-29 10,links dynamic line,L,5563,0.6637,3.7192,0.5241,0.5698
openrainer,openrainer 2022-09-29 10,links constant idw,L,5160,-0.3944,3.8329,0.3391,0.3942
openrainer,openrainer 2022-09-29 10,links constant line,L,5563,-0.4168,3.0833,0.4159,0.4346
openrainer,openrainer 2022-09-29 10,links pycomlink idw,L,5160,-0.1484,3.9029,0.4013,0.5778
openrainer,openrainer 2022-09-29 10,links pycomlink line,L,5563,-0.2145,3.0902,0.4667,0.5871
openrainer,openrainer 2022-09-29 10,links nearby idw,L,3362,-0.4919,1.931,0.6756,0.4012
openrainer,openrainer 2022-09-29 10,links nearby line,L,3871,-0.5225,1.8119,0.6992,0.4046
openrainer,openrainer 2022-09-29 10,links rnn idw,L,5160,0.4634,1.9837,0.8048,0.6712
openrainer,openrainer 2022-09-29 10,links rnn line,L,5563,0.5085,2.0569,0.8019,0.6739
openrainer,openrainer 2022-09-29 10,gauges,G,7760,-0.0351,1.2308,0.8639,0.7543
openrainer,openrainer 2022-09-29 10,links dynamic + gauges,L+G,7760,0.3258,3.3389,0.5556,0.6801
openrainer,openrainer 2022-09-29 10,links constant + gauges,L+G,7760,-0.1369,3.0192,0.5051,0.7178
openrainer,openrainer 2022-09-29 10,links pycomlink + gauges,L+G,7760,-0.0347,3.1194,0.5197,0.7494
openrainer,openrainer 2022-09-29 10,links nearby + gauges,L+G,7760,-0.1321,1.3105,0.8455,0.7427
openrainer,openrainer 2022-09-29 10,links rnn + gauges,L+G,7760,0.1478,1.3946,0.8467,0.7423
openrainer,openrainer 2022-09-29 10,radar mfb [gauges],R+G,7760,0.0647,1.3523,0.8392,0.7503
openrainer,openrainer 2022-09-29 10,radar add [gauges],R+G,7760,0.1355,1.5987,0.8311,0.6667
openrainer,openrainer 2022-09-29 10,radar mul [gauges],R+G,7760,0.2618,1.2531,0.8868,0.7181
openrainer,openrainer 2022-09-29 10,radar idw_add [gauges],R+G,7760,0.1232,1.548,0.844,0.6597
openrainer,openrainer 2022-09-29 10,radar idw_mul [gauges],R+G,7760,0.2263,3.6316,0.517,0.7975
openrainer,openrainer 2022-09-29 10,radar okrig_add [gauges],R+G,7760,0.1382,1.4958,0.8521,0.6286
openrainer,openrainer 2022-09-29 10,radar ked [gauges],R+G,7760,0.0831,1.0131,0.9102,0.6441
openrainer,openrainer 2022-09-29 10,radar mfb [dynamic],R+L,7760,1.0091,3.8768,0.665,0.7166
openrainer,openrainer 2022-09-29 10,radar add [dynamic],R+L,7760,1.0556,4.5039,0.5827,0.598
openrainer,openrainer 2022-09-29 10,radar mul [dynamic],R+L,7760,0.8151,3.0008,0.7562,0.7092
openrainer,openrainer 2022-09-29 10,radar idw_add [dynamic],R+L,7760,0.9648,2.984,0.7564,0.5774
openrainer,openrainer 2022-09-29 10,radar idw_mul [dynamic],R+L,7760,230.5094,9366.8701,0.0081,0.6874
openrainer,openrainer 2022-09-29 10,radar okrig_add [dynamic],R+L,7760,0.9836,3.0873,0.7514,0.5599
openrainer,openrainer 2022-09-29 10,radar ked [dynamic],R+L,7760,1.1127,3.5398,0.6553,0.6063
openrainer,openrainer 2022-09-29 10,radar mfb [constant],R+L,7760,-0.2648,2.4332,0.499,0.7467
openrainer,openrainer 2022-09-29 10,radar add [constant],R+L,7760,-0.1418,3.4504,0.4383,0.5738
openrainer,openrainer 2022-09-29 10,radar mul [constant],R+L,7760,-0.1616,1.7518,0.7208,0.7268
openrainer,openrainer 2022-09-29 10,radar idw_add [constant],R+L,7760,-0.0556,1.9299,0.7356,0.5225
openrainer,openrainer 2022-09-29 10,radar idw_mul [constant],R+L,7760,-0.5024,1.8976,0.6752,0.445
openrainer,openrainer 2022-09-29 10,radar okrig_add [constant],R+L,7760,-0.0629,1.9505,0.7381,0.5072
openrainer,openrainer 2022-09-29 10,radar ked [constant],R+L,7760,0.0443,2.2392,0.6461,0.6076
openrainer,openrainer 2022-09-29 10,radar mfb [pycomlink],R+L,7760,-0.0485,2.4416,0.5737,0.756
openrainer,openrainer 2022-09-29 10,radar add [pycomlink],R+L,7760,0.0629,3.547,0.4945,0.6369
openrainer,openrainer 2022-09-29 10,radar mul [pycomlink],R+L,7760,0.0389,1.7667,0.753,0.7293
openrainer,openrainer 2022-09-29 10,radar idw_add [pycomlink],R+L,7760,0.1461,2.0066,0.7643,0.5977
openrainer,openrainer 2022-09-29 10,radar idw_mul [pycomlink],R+L,7760,-0.0801,2.9743,0.5333,0.6595
openrainer,openrainer 2022-09-29 10,radar okrig_add [pycomlink],R+L,7760,0.1553,2.0301,0.7677,0.5898
openrainer,openrainer 2022-09-29 10,radar ked [pycomlink],R+L,7760,0.0747,1.9752,0.7306,0.6462
openrainer,openrainer 2022-09-29 10,radar mfb [nearby],R+L,7760,-0.3884,1.5565,0.84,0.7451
openrainer,openrainer 2022-09-29 10,radar add [nearby],R+L,7760,-0.2811,1.6907,0.7354,0.6451
openrainer,openrainer 2022-09-29 10,radar mul [nearby],R+L,7760,-0.2557,1.5831,0.7671,0.7288
openrainer,openrainer 2022-09-29 10,radar idw_add [nearby],R+L,7471,0.1436,2.085,0.748,0.555
openrainer,openrainer 2022-09-29 10,radar idw_mul [nearby],R+L,7471,-0.4293,1.9422,0.66,0.4617
openrainer,openrainer 2022-09-29 10,radar okrig_add [nearby],R+L,7760,0.133,2.1239,0.7539,0.5363
openrainer,openrainer 2022-09-29 10,radar ked [nearby],R+L,7760,0.0739,2.2945,0.6519,0.6107
openrainer,openrainer 2022-09-29 10,radar mfb [rnn],R+L,7760,0.563,1.8953,0.8487,0.74
openrainer,openrainer 2022-09-29 10,radar add [rnn],R+L,7760,0.6452,2.1873,0.8322,0.6853
openrainer,openrainer 2022-09-29 10,radar mul [rnn],R+L,7760,0.6624,2.0467,0.8546,0.7228
openrainer,openrainer 2022-09-29 10,radar idw_add [rnn],R+L,7760,0.6971,2.3169,0.8326,0.6306
openrainer,openrainer 2022-09-29 10,radar idw_mul [rnn],R+L,7760,2.3216,46.9921,0.083,0.7464
openrainer,openrainer 2022-09-29 10,radar okrig_add [rnn],R+L,7760,0.6583,2.2035,0.8442,0.6287
openrainer,openrainer 2022-09-29 10,radar ked [rnn],R+L,7760,0.6629,1.9356,0.831,0.6143
openrainer,openrainer 2022-09-29 10,radar mfb [dynamic + gauges],R+L+G,7760,0.4044,2.0208,0.7715,0.7357
openrainer,openrainer 2022-09-29 10,radar add [dynamic + gauges],R+L+G,7760,0.4596,3.4676,0.6111,0.6316
openrainer,openrainer 2022-09-29 10,radar mul [dynamic + gauges],R+L+G,7760,0.4261,1.6965,0.8582,0.7129
openrainer,openrainer 2022-09-29 10,radar idw_add [dynamic + gauges],R+L+G,7760,0.3698,1.9014,0.8225,0.642
openrainer,openrainer 2022-09-29 10,radar idw_mul [dynamic + gauges],R+L+G,7760,39.2912,2160.7205,0.0064,0.7585
openrainer,openrainer 2022-09-29 10,radar okrig_add [dynamic + gauges],R+L+G,7760,0.3449,1.8834,0.8251,0.6347
openrainer,openrainer 2022-09-29 10,radar ked [dynamic + gauges],R+L+G,7760,0.4662,1.9732,0.7825,0.6174
openrainer,openrainer 2022-09-29 10,radar mfb [constant + gauges],R+L+G,7760,-0.083,1.4766,0.797,0.7577
openrainer,openrainer 2022-09-29 10,radar add [constant + gauges],R+L+G,7760,0.0366,3.0999,0.572,0.6207
openrainer,openrainer 2022-09-29 10,radar mul [constant + gauges],R+L+G,7760,0.1161,1.2057,0.8789,0.7164
openrainer,openrainer 2022-09-29 10,radar idw_add [constant + gauges],R+L+G,7760,-0.048,1.4625,0.8338,0.6232
openrainer,openrainer 2022-09-29 10,radar idw_mul [constant + gauges],R+L+G,7760,-0.0945,2.6783,0.5872,0.7482
openrainer,openrainer 2022-09-29 10,radar okrig_add [constant + gauges],R+L+G,7760,-0.0091,1.4215,0.8468,0.621
openrainer,openrainer 2022-09-29 10,radar ked [constant + gauges],R+L+G,7760,0.0389,1.1853,0.8752,0.6372
openrainer,openrainer 2022-09-29 10,radar mfb [pycomlink + gauges],R+L+G,7760,0.0149,1.4916,0.8004,0.7581
openrainer,openrainer 2022-09-29 10,radar add [pycomlink + gauges],R+L+G,7760,0.1248,3.2149,0.5825,0.6615
openrainer,openrainer 2022-09-29 10,radar mul [pycomlink + gauges],R+L+G,7760,0.195,1.2421,0.8826,0.7166
openrainer,openrainer 2022-09-29 10,radar idw_add [pycomlink + gauges],R+L+G,7760,0.045,1.4726,0.8451,0.6598
openrainer,openrainer 2022-09-29 10,radar idw_mul [pycomlink + gauges],R+L+G,7760,0.0418,2.7711,0.6028,0.7794
openrainer,openrainer 2022-09-29 10,radar okrig_add [pycomlink + gauges],R+L+G,7760,0.0712,1.4274,0.8573,0.6498
openrainer,openrainer 2022-09-29 10,radar ked [pycomlink + gauges],R+L+G,7760,0.059,1.1531,0.8856,0.6572
openrainer,openrainer 2022-09-29 10,radar mfb [nearby + gauges],R+L+G,7760,-0.07,1.3262,0.839,0.7566
openrainer,openrainer 2022-09-29 10,radar add [nearby + gauges],R+L+G,7760,0.037,1.5094,0.834,0.651
openrainer,openrainer 2022-09-29 10,radar mul [nearby + gauges],R+L+G,7760,0.1723,1.2132,0.8833,0.7179
openrainer,openrainer 2022-09-29 10,radar idw_add [nearby + gauges],R+L+G,7760,0.0194,1.4575,0.8433,0.643
openrainer,openrainer 2022-09-29 10,radar idw_mul [nearby + gauges],R+L+G,7760,0.0427,3.3442,0.519,0.7719
openrainer,openrainer 2022-09-29 10,radar okrig_add [nearby + gauges],R+L+G,7760,0.0494,1.4308,0.8519,0.6337
openrainer,openrainer 2022-09-29 10,radar ked [nearby + gauges],R+L+G,7760,0.0571,1.1171,0.8897,0.6353
openrainer,openrainer 2022-09-29 10,radar mfb [rnn + gauges],R+L+G,7760,0.2325,1.4309,0.848,0.7486
openrainer,openrainer 2022-09-29 10,radar add [rnn + gauges],R+L+G,7760,0.2819,1.662,0.8471,0.6853
openrainer,openrainer 2022-09-29 10,radar mul [rnn + gauges],R+L+G,7760,0.3956,1.4196,0.8883,0.7161
openrainer,openrainer 2022-09-29 10,radar idw_add [rnn + gauges],R+L+G,7760,0.2677,1.5887,0.8583,0.6836
openrainer,openrainer 2022-09-29 10,radar idw_mul [rnn + gauges],R+L+G,7760,0.7683,16.1017,0.1666,0.7831
openrainer,openrainer 2022-09-29 10,radar okrig_add [rnn + gauges],R+L+G,7760,0.2422,1.53,0.8628,0.6552
openrainer,openrainer 2022-09-29 10,radar ked [rnn + gauges],R+L+G,7760,0.2446,1.222,0.8873,0.629
openrainer,openrainer 2022-09-29 10,radar okrig_add [gauges] (5 km variogram),R+G,7760,0.1635,1.6774,0.8331,0.6365
openrainer,openrainer 2022-09-29 10,radar ked [gauges] (5 km variogram),R+G,7760,0.0864,1.0803,0.8968,0.6359
openrainer,openrainer 2022-09-29 10,radar okrig_add [dynamic] (5 km variogram),R+L,7760,0.963,2.8024,0.8011,0.5638
openrainer,openrainer 2022-09-29 10,radar ked [dynamic] (5 km variogram),R+L,7760,1.0333,2.8385,0.7316,0.603
openrainer,openrainer 2022-09-29 10,radar okrig_add [constant] (5 km variogram),R+L,7760,0.0254,1.9404,0.7616,0.5345
openrainer,openrainer 2022-09-29 10,radar ked [constant] (5 km variogram),R+L,7760,0.0088,2.0321,0.6733,0.65
openrainer,openrainer 2022-09-29 10,radar okrig_add [pycomlink] (5 km variogram),R+L,7760,0.2054,2.0081,0.79,0.597
openrainer,openrainer 2022-09-29 10,radar ked [pycomlink] (5 km variogram),R+L,7760,0.0375,1.6408,0.7852,0.6635
openrainer,openrainer 2022-09-29 10,radar okrig_add [nearby] (5 km variogram),R+L,7760,0.2384,2.2955,0.7698,0.5383
openrainer,openrainer 2022-09-29 10,radar ked [nearby] (5 km variogram),R+L,7760,0.0859,2.0349,0.6945,0.6279
openrainer,openrainer 2022-09-29 10,radar okrig_add [rnn] (5 km variogram),R+L,7760,0.7558,2.4304,0.8438,0.6496
openrainer,openrainer 2022-09-29 10,radar ked [rnn] (5 km variogram),R+L,7760,0.7157,1.8595,0.8545,0.619
openrainer,openrainer 2022-09-29 10,radar okrig_add [dynamic + gauges] (5 km variogram),R+L+G,7760,0.3886,1.908,0.827,0.6249
openrainer,openrainer 2022-09-29 10,radar ked [dynamic + gauges] (5 km variogram),R+L+G,7760,0.4644,1.7681,0.8079,0.6145
openrainer,openrainer 2022-09-29 10,radar okrig_add [constant + gauges] (5 km variogram),R+L+G,7760,-0.0289,1.5427,0.8218,0.6051
openrainer,openrainer 2022-09-29 10,radar ked [constant + gauges] (5 km variogram),R+L+G,7760,0.0059,1.1822,0.8742,0.6249
openrainer,openrainer 2022-09-29 10,radar okrig_add [pycomlink + gauges] (5 km variogram),R+L+G,7760,0.0627,1.5527,0.8343,0.6384
openrainer,openrainer 2022-09-29 10,radar ked [pycomlink + gauges] (5 km variogram),R+L+G,7760,0.0254,1.1439,0.8837,0.6536
openrainer,openrainer 2022-09-29 10,radar okrig_add [nearby + gauges] (5 km variogram),R+L+G,7760,0.0409,1.5494,0.8318,0.6105
openrainer,openrainer 2022-09-29 10,radar ked [nearby + gauges] (5 km variogram),R+L+G,7760,0.0363,1.1441,0.8828,0.6285
openrainer,openrainer 2022-09-29 10,radar okrig_add [rnn + gauges] (5 km variogram),R+L+G,7760,0.3398,1.7169,0.8571,0.6708
openrainer,openrainer 2022-09-29 10,radar ked [rnn + gauges] (5 km variogram),R+L+G,7760,0.3115,1.2619,0.8866,0.6283
openrainer,openrainer 2022-11-21 17,radar,R,7950,0.5248,1.4068,0.7084,0.8572
openrainer,openrainer 2022-11-21 17,links dynamic idw,L,5297,0.2324,1.982,0.4428,0.7791
openrainer,openrainer 2022-11-21 17,links dynamic line,L,5730,0.1066,1.5206,0.4939,0.7933
openrainer,openrainer 2022-11-21 17,links constant idw,L,5297,-0.4031,1.7887,0.32,0.4833
openrainer,openrainer 2022-11-21 17,links constant line,L,5730,-0.3511,1.4834,0.3896,0.5603
openrainer,openrainer 2022-11-21 17,links pycomlink idw,L,5297,-0.4349,1.8389,0.2989,0.5421
openrainer,openrainer 2022-11-21 17,links pycomlink line,L,5730,-0.4547,1.4684,0.3583,0.5732
openrainer,openrainer 2022-11-21 17,links nearby idw,L,3414,-0.0484,1.3616,0.5577,0.6738
openrainer,openrainer 2022-11-21 17,links nearby line,L,3921,-0.0694,1.2364,0.5871,0.6818
openrainer,openrainer 2022-11-21 17,links rnn idw,L,5304,0.2662,1.3153,0.5923,0.7952
openrainer,openrainer 2022-11-21 17,links rnn line,L,5739,0.3094,1.3713,0.5715,0.8038
openrainer,openrainer 2022-11-21 17,gauges,G,7950,0.0025,0.5198,0.8887,0.9046
openrainer,openrainer 2022-11-21 17,links dynamic + gauges,L+G,7950,0.0914,1.2984,0.607,0.8834
openrainer,openrainer 2022-11-21 17,links constant + gauges,L+G,7950,-0.1109,1.1586,0.6116,0.8604
openrainer,openrainer 2022-11-21 17,links pycomlink + gauges,L+G,7950,-0.1168,1.2122,0.5924,0.8726
openrainer,openrainer 2022-11-21 17,links nearby + gauges,L+G,7950,-0.0085,0.6878,0.8203,0.8937
openrainer,openrainer 2022-11-21 17,links rnn + gauges,L+G,7950,0.0824,0.6878,0.8233,0.8906
openrainer,openrainer 2022-11-21 17,radar mfb [gauges],R+G,7950,0.0316,0.8709,0.7332,0.8561
openrainer,openrainer 2022-11-21 17,radar add [gauges],R+G,7950,0.0238,0.7495,0.8004,0.8385
openrainer,openrainer 2022-11-21 17,radar mul [gauges],R+G,7950,0.0944,0.6989,0.8309,0.8637
openrainer,openrainer 2022-11-21 17,radar idw_add [gauges],R+G,7950,0.02,0.7234,0.8111,0.8496
openrainer,openrainer 2022-11-21 17,radar idw_mul [gauges],R+G,7950,0.7035,8.9806,0.1495,0.8924
openrainer,openrainer 2022-11-21 17,radar okrig_add [gauges],R+G,7950,0.0277,0.7121,0.816,0.8459
openrainer,openrainer 2022-11-21 17,radar ked [gauges],R+G,7950,0.0338,0.5188,0.8892,0.8247
openrainer,openrainer 2022-11-21 17,radar mfb [dynamic],R+L,7950,0.3213,1.2555,0.6587,0.8485
openrainer,openrainer 2022-11-21 17,radar add [dynamic],R+L,7950,0.301,1.7775,0.5083,0.7829
openrainer,openrainer 2022-11-21 17,radar mul [dynamic],R+L,7950,0.2432,1.464,0.5868,0.8566
openrainer,openrainer 2022-11-21 17,radar idw_add [dynamic],R+L,7950,0.2427,1.6912,0.5193,0.7426
openrainer,openrainer 2022-11-21 17,radar idw_mul [dynamic],R+L,7950,2.0288,34.5196,0.0006,0.8245
openrainer,openrainer 2022-11-21 17,radar okrig_add [dynamic],R+L,7950,0.2345,1.705,0.502,0.7272
openrainer,openrainer 2022-11-21 17,radar ked [dynamic],R+L,7950,0.3393,1.9416,0.4067,0.7618
openrainer,openrainer 2022-11-21 17,radar mfb [constant],R+L,7950,-0.3132,0.9405,0.6482,0.8578
openrainer,openrainer 2022-11-21 17,radar add [constant],R+L,7950,-0.293,1.5266,0.4053,0.6704
openrainer,openrainer 2022-11-21 17,radar mul [constant],R+L,7950,-0.2829,1.2239,0.5092,0.8591
openrainer,openrainer 2022-11-21 17,radar idw_add [constant],R+L,7950,-0.2974,1.5401,0.4048,0.6106
openrainer,openrainer 2022-11-21 17,radar idw_mul [constant],R+L,7950,-0.1571,5.3068,0.0938,0.6133
openrainer,openrainer 2022-11-21 17,radar okrig_add [constant],R+L,7950,-0.3459,1.5333,0.3916,0.5865
openrainer,openrainer 2022-11-21 17,radar ked [constant],R+L,7950,0.479,2.4698,0.2714,0.7703
openrainer,openrainer 2022-11-21 17,radar mfb [pycomlink],R+L,7950,-0.3017,0.8945,0.6778,0.8601
openrainer,openrainer 2022-11-21 17,radar add [pycomlink],R+L,7950,-0.3119,1.5469,0.3955,0.6849
openrainer,openrainer 2022-11-21 17,radar mul [pycomlink],R+L,7950,-0.294,1.2083,0.5092,0.8596
openrainer,openrainer 2022-11-21 17,radar idw_add [pycomlink],R+L,7950,-0.311,1.5649,0.3945,0.6206
openrainer,openrainer 2022-11-21 17,radar idw_mul [pycomlink],R+L,7950,-0.1906,4.8291,0.1026,0.6508
openrainer,openrainer 2022-11-21 17,radar okrig_add [pycomlink],R+L,7950,-0.3305,1.5653,0.3896,0.6147
openrainer,openrainer 2022-11-21 17,radar ked [pycomlink],R+L,7950,0.1099,2.1506,0.2767,0.7469
openrainer,openrainer 2022-11-21 17,radar mfb [nearby],R+L,7950,0.0621,1.2074,0.6469,0.8636
openrainer,openrainer 2022-11-21 17,radar add [nearby],R+L,7950,0.0294,1.3585,0.5854,0.7833
openrainer,openrainer 2022-11-21 17,radar mul [nearby],R+L,7950,0.0327,1.268,0.6178,0.8626
openrainer,openrainer 2022-11-21 17,radar idw_add [nearby],R+L,7838,0.0959,1.4446,0.5624,0.6756
openrainer,openrainer 2022-11-21 17,radar idw_mul [nearby],R+L,7838,0.316,4.7223,0.2048,0.691
openrainer,openrainer 2022-11-21 17,radar okrig_add [nearby],R+L,7950,0.0831,1.439,0.5475,0.6624
openrainer,openrainer 2022-11-21 17,radar ked [nearby],R+L,7950,0.3093,2.0223,0.3219,0.7593
openrainer,openrainer 2022-11-21 17,radar mfb [rnn],R+L,7950,0.245,1.0756,0.7106,0.8527
openrainer,openrainer 2022-11-21 17,radar add [rnn],R+L,7950,0.2881,1.2861,0.6305,0.8117
openrainer,openrainer 2022-11-21 17,radar mul [rnn],R+L,7950,0.2414,1.1951,0.66,0.8617
openrainer,openrainer 2022-11-21 17,radar idw_add [rnn],R+L,7950,0.2395,1.2702,0.6084,0.7868
openrainer,openrainer 2022-11-21 17,radar idw_mul [rnn],R+L,7950,6.2861,187.4577,-0.0127,0.8317
openrainer,openrainer 2022-11-21 17,radar okrig_add [rnn],R+L,7950,0.1885,1.2219,0.6016,0.7784
openrainer,openrainer 2022-11-21 17,radar ked [rnn],R+L,7950,0.2188,1.2482,0.563,0.7995
openrainer,openrainer 2022-11-21 17,radar mfb [dynamic + gauges],R+L+G,7950,0.1291,0.9544,0.7177,0.8537
openrainer,openrainer 2022-11-21 17,radar add [dynamic + gauges],R+L+G,7950,0.1146,1.3877,0.5937,0.8256
openrainer,openrainer 2022-11-21 17,radar mul [dynamic + gauges],R+L+G,7950,0.1324,0.9638,0.7411,0.8629
openrainer,openrainer 2022-11-21 17,radar idw_add [dynamic + gauges],R+L+G,7950,0.1196,1.2831,0.6248,0.8284
openrainer,openrainer 2022-11-21 17,radar idw_mul [dynamic + gauges],R+L+G,7950,0.7729,9.8804,0.1141,0.8756
openrainer,openrainer 2022-11-21 17,radar okrig_add [dynamic + gauges],R+L+G,7950,0.1186,1.2558,0.6334,0.8261
openrainer,openrainer 2022-11-21 17,radar ked [dynamic + gauges],R+L+G,7950,0.1639,1.3114,0.5975,0.8144
openrainer,openrainer 2022-11-21 17,radar mfb [constant + gauges],R+L+G,7950,-0.0936,0.8359,0.7248,0.8582
openrainer,openrainer 2022-11-21 17,radar add [constant + gauges],R+L+G,7950,-0.0785,1.2543,0.5909,0.7853
openrainer,openrainer 2022-11-21 17,radar mul [constant + gauges],R+L+G,7950,-0.0225,0.8783,0.7383,0.8618
openrainer,openrainer 2022-11-21 17,radar idw_add [constant + gauges],R+L+G,7950,-0.0892,1.1693,0.6151,0.808
openrainer,openrainer 2022-11-21 17,radar idw_mul [constant + gauges],R+L+G,7950,0.3892,7.1775,0.1514,0.8737
openrainer,openrainer 2022-11-21 17,radar okrig_add [constant + gauges],R+L+G,7950,-0.0618,1.1317,0.6372,0.809
openrainer,openrainer 2022-11-21 17,radar ked [constant + gauges],R+L+G,7950,0.1092,1.204,0.6185,0.8138
openrainer,openrainer 2022-11-21 17,radar mfb [pycomlink + gauges],R+L+G,7950,-0.0865,0.8273,0.7285,0.8581
openrainer,openrainer 2022-11-21 17,radar add [pycomlink + gauges],R+L+G,7950,-0.085,1.3056,0.5743,0.7944
openrainer,openrainer 2022-11-21 17,radar mul [pycomlink + gauges],R+L+G,7950,-0.0249,0.8725,0.7398,0.8613
openrainer,openrainer 2022-11-21 17,radar idw_add [pycomlink + gauges],R+L+G,7950,-0.0908,1.2154,0.6,0.8114
openrainer,openrainer 2022-11-21 17,radar idw_mul [pycomlink + gauges],R+L+G,7950,0.389,7.177,0.1523,0.8789
openrainer,openrainer 2022-11-21 17,radar okrig_add [pycomlink + gauges],R+L+G,7950,-0.0515,1.1853,0.6215,0.8131
openrainer,openrainer 2022-11-21 17,radar ked [pycomlink + gauges],R+L+G,7950,0.0595,1.2431,0.5986,0.8236
openrainer,openrainer 2022-11-21 17,radar mfb [nearby + gauges],R+L+G,7950,0.0273,0.8982,0.7265,0.8607
openrainer,openrainer 2022-11-21 17,radar add [nearby + gauges],R+L+G,7950,0.0199,0.8511,0.7631,0.8219
openrainer,openrainer 2022-11-21 17,radar mul [nearby + gauges],R+L+G,7950,0.078,0.7512,0.8111,0.8629
openrainer,openrainer 2022-11-21 17,radar idw_add [nearby + gauges],R+L+G,7950,0.0222,0.8282,0.7706,0.831
openrainer,openrainer 2022-11-21 17,radar idw_mul [nearby + gauges],R+L+G,7950,0.63,8.5878,0.1532,0.8825
openrainer,openrainer 2022-11-21 17,radar okrig_add [nearby + gauges],R+L+G,7950,0.0346,0.8149,0.7765,0.827
openrainer,openrainer 2022-11-21 17,radar ked [nearby + gauges],R+L+G,7950,0.0658,0.7641,0.787,0.8155
openrainer,openrainer 2022-11-21 17,radar mfb [rnn + gauges],R+L+G,7950,0.1049,0.9193,0.7296,0.8555
openrainer,openrainer 2022-11-21 17,radar add [rnn + gauges],R+L+G,7950,0.1052,0.843,0.7694,0.8431
openrainer,openrainer 2022-11-21 17,radar mul [rnn + gauges],R+L+G,7950,0.1363,0.794,0.7982,0.8634
openrainer,openrainer 2022-11-21 17,radar idw_add [rnn + gauges],R+L+G,7950,0.1077,0.824,0.7745,0.8453
openrainer,openrainer 2022-11-21 17,radar idw_mul [rnn + gauges],R+L+G,7950,1.0601,25.9441,0.0337,0.8887
openrainer,openrainer 2022-11-21 17,radar okrig_add [rnn + gauges],R+L+G,7950,0.0851,0.7711,0.7934,0.843
openrainer,openrainer 2022-11-21 17,radar ked [rnn + gauges],R+L+G,7950,0.1003,0.7262,0.8049,0.8164
openrainer,openrainer 2022-11-21 17,radar okrig_add [gauges] (5 km variogram),R+G,7950,0.0291,0.7772,0.7909,0.8446
openrainer,openrainer 2022-11-21 17,radar ked [gauges] (5 km variogram),R+G,7950,0.0399,0.5434,0.8769,0.8187
openrainer,openrainer 2022-11-21 17,radar okrig_add [dynamic] (5 km variogram),R+L,7950,0.2198,1.4756,0.5575,0.743
openrainer,openrainer 2022-11-21 17,radar ked [dynamic] (5 km variogram),R+L,7950,0.3012,1.6429,0.4426,0.7897
openrainer,openrainer 2022-11-21 17,radar okrig_add [constant] (5 km variogram),R+L,7950,-0.2334,1.3816,0.4627,0.6429
openrainer,openrainer 2022-11-21 17,radar ked [constant] (5 km variogram),R+L,7950,0.4754,2.0346,0.3263,0.8131
openrainer,openrainer 2022-11-21 17,radar okrig_add [pycomlink] (5 km variogram),R+L,7950,-0.2688,1.4098,0.4516,0.6503
openrainer,openrainer 2022-11-21 17,radar ked [pycomlink] (5 km variogram),R+L,7950,0.1121,1.775,0.3312,0.8039
openrainer,openrainer 2022-11-21 17,radar okrig_add [nearby] (5 km variogram),R+L,7950,0.1485,1.3726,0.592,0.686
openrainer,openrainer 2022-11-21 17,radar ked [nearby] (5 km variogram),R+L,7950,0.2919,1.7154,0.4283,0.7979
openrainer,openrainer 2022-11-21 17,radar okrig_add [rnn] (5 km variogram),R+L,7950,0.2777,1.2239,0.6314,0.7791
openrainer,openrainer 2022-11-21 17,radar ked [rnn] (5 km variogram),R+L,7950,0.2651,1.237,0.5694,0.8057
openrainer,openrainer 2022-11-21 17,radar okrig_add [dynamic + gauges] (5 km variogram),R+L+G,7950,0.1234,1.23,0.6399,0.8251
openrainer,openrainer 2022-11-21 17,radar ked [dynamic + gauges] (5 km variogram),R+L+G,7950,0.1531,1.195,0.6201,0.8158
openrainer,openrainer 2022-11-21 17,radar okrig_add [constant + gauges] (5 km variogram),R+L+G,7950,-0.0787,1.1202,0.6337,0.807
openrainer,openrainer 2022-11-21 17,radar ked [constant + gauges] (5 km variogram),R+L+G,7950,0.1252,1.1083,0.6347,0.8135
openrainer,openrainer 2022-11-21 17,radar okrig_add [pycomlink + gauges] (5 km variogram),R+L+G,7950,-0.0977,1.1614,0.6156,0.8022
openrainer,openrainer 2022-11-21 17,radar ked [pycomlink + gauges] (5 km variogram),R+L+G,7950,0.0488,1.1387,0.6146,0.823
openrainer,openrainer 2022-11-21 17,radar okrig_add [nearby + gauges] (5 km variogram),R+L+G,7950,0.039,0.8685,0.7559,0.8198
openrainer,openrainer 2022-11-21 17,radar ked [nearby + gauges] (5 km variogram),R+L+G,7950,0.0839,0.75,0.7873,0.8156
openrainer,openrainer 2022-11-21 17,radar okrig_add [rnn + gauges] (5 km variogram),R+L+G,7950,0.1556,0.8833,0.7594,0.8404
openrainer,openrainer 2022-11-21 17,radar ked [rnn + gauges] (5 km variogram),R+L+G,7950,0.1409,0.7686,0.7852,0.8166
openmesh,openmesh 2023-11-21 18,radar,R,420,-0.1212,1.0713,0.5564,0.8426
openmesh,openmesh 2023-11-21 18,radar only,R,420,-0.2608,1.2081,0.3978,0.8349
openmesh,openmesh 2023-11-21 18,links dynamic idw,L,420,0.5912,1.5981,0.3984,0.8282
openmesh,openmesh 2023-11-21 18,links dynamic line,L,420,0.5529,1.5207,0.4251,0.831
openmesh,openmesh 2023-11-21 18,links constant idw,L,420,-0.6058,1.5305,0.1382,0.5896
openmesh,openmesh 2023-11-21 18,links constant line,L,420,-0.5612,1.5039,0.1517,0.6684
openmesh,openmesh 2023-11-21 18,links pycomlink idw,L,420,-0.3683,1.3648,0.3575,0.7315
openmesh,openmesh 2023-11-21 18,links pycomlink line,L,420,-0.3254,1.328,0.3763,0.7877
openmesh,openmesh 2023-11-21 18,links nearby idw,L,420,-0.3745,1.2299,0.4351,0.7556
openmesh,openmesh 2023-11-21 18,links nearby line,L,420,-0.3511,1.204,0.4509,0.7926
openmesh,openmesh 2023-11-21 18,links rnn idw,L,420,-0.1199,1.1109,0.5085,0.8471
openmesh,openmesh 2023-11-21 18,links rnn line,L,420,-0.1021,1.1182,0.496,0.8672
openmesh,openmesh 2023-11-21 18,gauges,G,420,-0.0129,0.9271,0.6933,0.8647
openmesh,openmesh 2023-11-21 18,links dynamic + gauges,L+G,420,0.3803,1.3942,0.4632,0.8305
openmesh,openmesh 2023-11-21 18,links constant + gauges,L+G,420,-0.4421,1.2215,0.4691,0.7665
openmesh,openmesh 2023-11-21 18,links pycomlink + gauges,L+G,420,-0.2903,1.1703,0.5187,0.7728
openmesh,openmesh 2023-11-21 18,links nearby + gauges,L+G,420,-0.2572,1.0659,0.5906,0.805
openmesh,openmesh 2023-11-21 18,links rnn + gauges,L+G,420,-0.082,1.0177,0.6141,0.8471
openmesh,openmesh 2023-11-21 18,radar mfb [gauges],R+G,420,0.0034,0.9356,0.6844,0.8529
openmesh,openmesh 2023-11-21 18,radar add [gauges],R+G,420,-0.0159,0.9241,0.6957,0.8622
openmesh,openmesh 2023-11-21 18,radar mul [gauges],R+G,420,-0.0265,0.9288,0.6903,0.8426
openmesh,openmesh 2023-11-21 18,radar idw_add [gauges],R+G,420,-0.0123,0.9109,0.7048,0.8643
openmesh,openmesh 2023-11-21 18,radar idw_mul [gauges],R+G,420,-0.0084,0.9234,0.6965,0.8712
openmesh,openmesh 2023-11-21 18,radar okrig_add [gauges],R+G,420,-0.0375,0.9414,0.6863,0.8568
openmesh,openmesh 2023-11-21 18,radar ked [gauges],R+G,420,0.119,1.0586,0.6294,0.8402
openmesh,openmesh 2023-11-21 18,radar mfb [dynamic],R+L,420,0.32,1.0174,0.6571,0.8426
openmesh,openmesh 2023-11-21 18,radar add [dynamic],R+L,420,0.6022,1.6081,0.4029,0.8282
openmesh,openmesh 2023-11-21 18,radar mul [dynamic],R+L,420,0.3316,1.2749,0.5094,0.8426
openmesh,openmesh 2023-11-21 18,radar idw_add [dynamic],R+L,420,0.5843,1.4476,0.4551,0.8329
openmesh,openmesh 2023-11-21 18,radar idw_mul [dynamic],R+L,420,4.5666,45.0282,-0.0496,0.8447
openmesh,openmesh 2023-11-21 18,radar okrig_add [dynamic],R+L,420,0.8039,1.7361,0.4342,0.8158
openmesh,openmesh 2023-11-21 18,radar ked [dynamic],R+L,420,0.9867,2.1936,0.3385,0.7912
openmesh,openmesh 2023-11-21 18,radar mfb [constant],R+L,420,-0.6254,1.3327,0.4151,0.8075
openmesh,openmesh 2023-11-21 18,radar add [constant],R+L,420,-0.5869,1.5192,0.1576,0.5943
openmesh,openmesh 2023-11-21 18,radar mul [constant],R+L,420,-0.5107,1.4352,0.2051,0.8426
openmesh,openmesh 2023-11-21 18,radar idw_add [constant],R+L,420,-0.6045,1.4922,0.1734,0.646
openmesh,openmesh 2023-11-21 18,radar idw_mul [constant],R+L,420,-0.5945,1.5214,0.1354,0.6414
openmesh,openmesh 2023-11-21 18,radar okrig_add [constant],R+L,420,-0.6226,1.4972,0.1897,0.5623
openmesh,openmesh 2023-11-21 18,radar ked [constant],R+L,420,-0.2043,1.6717,0.2646,0.72
openmesh,openmesh 2023-11-21 18,radar mfb [pycomlink],R+L,420,-0.4163,1.0841,0.6811,0.8251
openmesh,openmesh 2023-11-21 18,radar add [pycomlink],R+L,420,-0.3565,1.3624,0.3644,0.73
openmesh,openmesh 2023-11-21 18,radar mul [pycomlink],R+L,420,-0.323,1.2867,0.3923,0.8426
openmesh,openmesh 2023-11-21 18,radar idw_add [pycomlink],R+L,420,-0.3759,1.2737,0.4202,0.8025
openmesh,openmesh 2023-11-21 18,radar idw_mul [pycomlink],R+L,420,-0.347,1.3382,0.3614,0.8005
openmesh,openmesh 2023-11-21 18,radar okrig_add [pycomlink],R+L,420,-0.3443,1.2694,0.4632,0.7238
openmesh,openmesh 2023-11-21 18,radar ked [pycomlink],R+L,420,0.1341,1.6997,0.5339,0.7362
openmesh,openmesh 2023-11-21 18,radar mfb [nearby],R+L,420,-0.3115,1.0412,0.6651,0.8407
openmesh,openmesh 2023-11-21 18,radar add [nearby],R+L,420,-0.3546,1.2211,0.4437,0.7556
openmesh,openmesh 2023-11-21 18,radar mul [nearby],R+L,420,-0.3253,1.1784,0.475,0.8426
openmesh,openmesh 2023-11-21 18,radar idw_add [nearby],R+L,420,-0.3593,1.19,0.4714,0.7935
openmesh,openmesh 2023-11-21 18,radar idw_mul [nearby],R+L,420,-0.3016,1.3175,0.3355,0.8005
openmesh,openmesh 2023-11-21 18,radar okrig_add [nearby],R+L,420,-0.3427,1.3034,0.3459,0.7589
openmesh,openmesh 2023-11-21 18,radar ked [nearby],R+L,420,-0.2319,1.4806,0.2673,0.7229
openmesh,openmesh 2023-11-21 18,radar mfb [rnn],R+L,420,-0.0633,1.0971,0.5187,0.8529
openmesh,openmesh 2023-11-21 18,radar add [rnn],R+L,420,-0.109,1.1103,0.5065,0.8429
openmesh,openmesh 2023-11-21 18,radar mul [rnn],R+L,420,-0.1289,1.1008,0.523,0.8426
openmesh,openmesh 2023-11-21 18,radar idw_add [rnn],R+L,420,-0.1067,1.1037,0.516,0.8625
openmesh,openmesh 2023-11-21 18,radar idw_mul [rnn],R+L,420,0.7559,9.8124,-0.0305,0.864
openmesh,openmesh 2023-11-21 18,radar okrig_add [rnn],R+L,420,-0.1249,1.1067,0.5153,0.8575
openmesh,openmesh 2023-11-21 18,radar ked [rnn],R+L,420,-0.1764,1.1269,0.495,0.8492
openmesh,openmesh 2023-11-21 18,radar mfb [dynamic + gauges],R+L+G,420,0.1918,0.9603,0.6786,0.8426
openmesh,openmesh 2023-11-21 18,radar add [dynamic + gauges],R+L+G,420,0.3841,1.3978,0.4664,0.8305
openmesh,openmesh 2023-11-21 18,radar mul [dynamic + gauges],R+L+G,420,0.2052,1.1583,0.557,0.8426
openmesh,openmesh 2023-11-21 18,radar idw_add [dynamic + gauges],R+L+G,420,0.3478,1.2179,0.5554,0.8329
openmesh,openmesh 2023-11-21 18,radar idw_mul [dynamic + gauges],R+L+G,420,1.943,23.4873,-0.02,0.8467
openmesh,openmesh 2023-11-21 18,radar okrig_add [dynamic + gauges],R+L+G,420,0.2416,1.2623,0.5162,0.8204
openmesh,openmesh 2023-11-21 18,radar ked [dynamic + gauges],R+L+G,420,0.4794,1.5263,0.4256,0.8113
openmesh,openmesh 2023-11-21 18,radar mfb [constant + gauges],R+L+G,420,-0.3175,1.0244,0.6753,0.8456
openmesh,openmesh 2023-11-21 18,radar add [constant + gauges],R+L+G,420,-0.4374,1.2197,0.4716,0.7595
openmesh,openmesh 2023-11-21 18,radar mul [constant + gauges],R+L+G,420,-0.3846,1.1812,0.4927,0.8426
openmesh,openmesh 2023-11-21 18,radar idw_add [constant + gauges],R+L+G,420,-0.4165,1.1659,0.5289,0.8177
openmesh,openmesh 2023-11-21 18,radar idw_mul [constant + gauges],R+L+G,420,-0.4092,1.1707,0.5196,0.8338
openmesh,openmesh 2023-11-21 18,radar okrig_add [constant + gauges],R+L+G,420,-0.3728,1.1746,0.5177,0.8005
openmesh,openmesh 2023-11-21 18,radar ked [constant + gauges],R+L+G,420,0.1381,1.2291,0.556,0.8415
openmesh,openmesh 2023-11-21 18,radar mfb [pycomlink + gauges],R+L+G,420,-0.2066,0.9583,0.6904,0.8529
openmesh,openmesh 2023-11-21 18,radar add [pycomlink + gauges],R+L+G,420,-0.286,1.1683,0.5223,0.7761
openmesh,openmesh 2023-11-21 18,radar mul [pycomlink + gauges],R+L+G,420,-0.2598,1.1203,0.5439,0.8426
openmesh,openmesh 2023-11-21 18,radar idw_add [pycomlink + gauges],R+L+G,420,-0.2694,1.0818,0.5903,0.8442
openmesh,openmesh 2023-11-21 18,radar idw_mul [pycomlink + gauges],R+L+G,420,-0.2573,1.1028,0.5703,0.8384
openmesh,openmesh 2023-11-21 18,radar okrig_add [pycomlink + gauges],R+L+G,420,-0.2711,1.1316,0.5605,0.8246
openmesh,openmesh 2023-11-21 18,radar ked [pycomlink + gauges],R+L+G,420,0.0721,1.2156,0.5656,0.8243
openmesh,openmesh 2023-11-21 18,radar mfb [nearby + gauges],R+L+G,420,-0.1524,0.9556,0.6837,0.8529
openmesh,openmesh 2023-11-21 18,radar add [nearby + gauges],R+L+G,420,-0.2504,1.0611,0.5944,0.8095
openmesh,openmesh 2023-11-21 18,radar mul [nearby + gauges],R+L+G,420,-0.2324,1.0452,0.6061,0.8426
openmesh,openmesh 2023-11-21 18,radar idw_add [nearby + gauges],R+L+G,420,-0.2405,1.0249,0.6287,0.8463
openmesh,openmesh 2023-11-21 18,radar idw_mul [nearby + gauges],R+L+G,420,-0.218,1.0622,0.5866,0.8481
openmesh,openmesh 2023-11-21 18,radar okrig_add [nearby + gauges],R+L+G,420,-0.1613,1.0201,0.6247,0.8463
openmesh,openmesh 2023-11-21 18,radar ked [nearby + gauges],R+L+G,420,0.0894,1.2744,0.5342,0.8391
openmesh,openmesh 2023-11-21 18,radar mfb [rnn + gauges],R+L+G,420,-0.0344,0.9822,0.6478,0.8529
openmesh,openmesh 2023-11-21 18,radar add [rnn + gauges],R+L+G,420,-0.078,1.0155,0.6153,0.8454
openmesh,openmesh 2023-11-21 18,radar mul [rnn + gauges],R+L+G,420,-0.0937,1.0163,0.6173,0.8426
openmesh,openmesh 2023-11-21 18,radar idw_add [rnn + gauges],R+L+G,420,-0.0752,0.9738,0.6582,0.8675
openmesh,openmesh 2023-11-21 18,radar idw_mul [rnn + gauges],R+L+G,420,0.2687,5.1746,0.0457,0.8643
openmesh,openmesh 2023-11-21 18,radar okrig_add [rnn + gauges],R+L+G,420,-0.093,0.9815,0.6467,0.855
openmesh,openmesh 2023-11-21 18,radar ked [rnn + gauges],R+L+G,420,0.0208,1.1031,0.555,0.8475
openmesh,openmesh 2023-11-21 18,radar only mfb [gauges],R+G,420,-0.0362,0.8802,0.7274,0.8512
openmesh,openmesh 2023-11-21 18,radar only add [gauges],R+G,420,-0.0145,0.9188,0.6995,0.8693
openmesh,openmesh 2023-11-21 18,radar only mul [gauges],R+G,420,-0.0709,0.9165,0.702,0.8349
openmesh,openmesh 2023-11-21 18,radar only idw_add [gauges],R+G,420,-0.0097,0.9043,0.7097,0.8697
openmesh,openmesh 2023-11-21 18,radar only idw_mul [gauges],R+G,420,-0.0103,0.9048,0.7101,0.8715
openmesh,openmesh 2023-11-21 18,radar only okrig_add [gauges],R+G,420,-0.0394,0.9522,0.6792,0.8518
openmesh,openmesh 2023-11-21 18,radar only ked [gauges],R+G,420,0.098,1.0178,0.646,0.8278
openmesh,openmesh 2023-11-21 18,radar only mfb [dynamic],R+L,420,0.3082,0.983,0.6876,0.8349
openmesh,openmesh 2023-11-21 18,radar only add [dynamic],R+L,420,0.5895,1.5935,0.4049,0.8234
openmesh,openmesh 2023-11-21 18,radar only mul [dynamic],R+L,420,0.3253,1.2217,0.4833,0.8349
openmesh,openmesh 2023-11-21 18,radar only idw_add [dynamic],R+L,420,0.5713,1.4315,0.46,0.8329
openmesh,openmesh 2023-11-21 18,radar only idw_mul [dynamic],R+L,420,0.5732,1.4341,0.461,0.8369
openmesh,openmesh 2023-11-21 18,radar only okrig_add [dynamic],R+L,420,0.7796,1.7039,0.4452,0.8182
openmesh,openmesh 2023-11-21 18,radar only ked [dynamic],R+L,420,0.9849,3.0697,0.2216,0.7683
openmesh,openmesh 2023-11-21 18,radar only mfb [constant],R+L,420,-0.6403,1.3567,0.3737,0.8108
openmesh,openmesh 2023-11-21 18,radar only add [constant],R+L,420,-0.6024,1.522,0.1529,0.6144
openmesh,openmesh 2023-11-21 18,radar only mul [constant],R+L,420,-0.5303,1.4561,0.1688,0.8349
openmesh,openmesh 2023-11-21 18,radar only idw_add [constant],R+L,420,-0.6191,1.4956,0.1701,0.6788
openmesh,openmesh 2023-11-21 18,radar only idw_mul [constant],R+L,420,-0.6216,1.5032,0.1632,0.6382
openmesh,openmesh 2023-11-21 18,radar only okrig_add [constant],R+L,420,-0.6333,1.502,0.1861,0.563
openmesh,openmesh 2023-11-21 18,radar only ked [constant],R+L,420,-0.204,1.7706,0.2191,0.7188
openmesh,openmesh 2023-11-21 18,radar only mfb [pycomlink],R+L,420,-0.4381,1.0753,0.728,0.8512
openmesh,openmesh 2023-11-21 18,radar only add [pycomlink],R+L,420,-0.369,1.3583,0.3666,0.7357
openmesh,openmesh 2023-11-21 18,radar only mul [pycomlink],R+L,420,-0.3792,1.2727,0.3882,0.8349
openmesh,openmesh 2023-11-21 18,radar only idw_add [pycomlink],R+L,420,-0.383,1.2704,0.4221,0.7955
openmesh,openmesh 2023-11-21 18,radar only idw_mul [pycomlink],R+L,420,-0.3791,1.2761,0.4185,0.7925
openmesh,openmesh 2023-11-21 18,radar only okrig_add [pycomlink],R+L,420,-0.3494,1.268,0.4629,0.705
openmesh,openmesh 2023-11-21 18,radar only ked [pycomlink],R+L,420,0.1547,1.7134,0.5293,0.7295
openmesh,openmesh 2023-11-21 18,radar only mfb [nearby],R+L,420,-0.3518,1.0262,0.7185,0.8488
openmesh,openmesh 2023-11-21 18,radar only add [nearby],R+L,420,-0.3711,1.216,0.4515,0.765
openmesh,openmesh 2023-11-21 18,radar only mul [nearby],R+L,420,-0.3837,1.1788,0.493,0.8349
openmesh,openmesh 2023-11-21 18,radar only idw_add [nearby],R+L,420,-0.3745,1.1862,0.4805,0.783
openmesh,openmesh 2023-11-21 18,radar only idw_mul [nearby],R+L,420,-0.3635,1.1866,0.48,0.791
openmesh,openmesh 2023-11-21 18,radar only okrig_add [nearby],R+L,420,-0.3569,1.3108,0.3391,0.7494
openmesh,openmesh 2023-11-21 18,radar only ked [nearby],R+L,420,-0.188,1.4895,0.2624,0.7313
openmesh,openmesh 2023-11-21 18,radar only mfb [rnn],R+L,420,-0.09,1.0726,0.5574,0.8512
openmesh,openmesh 2023-11-21 18,radar only add [rnn],R+L,420,-0.1202,1.0959,0.5308,0.8429
openmesh,openmesh 2023-11-21 18,radar only mul [rnn],R+L,420,-0.1544,1.1069,0.5271,0.8349
openmesh,openmesh 2023-11-21 18,radar only idw_add [rnn],R+L,420,-0.1161,1.0908,0.5384,0.855
openmesh,openmesh 2023-11-21 18,radar only idw_mul [rnn],R+L,420,-0.1191,1.086,0.5461,0.8571
openmesh,openmesh 2023-11-21 18,radar only okrig_add [rnn],R+L,420,-0.1328,1.0968,0.5327,0.86
openmesh,openmesh 2023-11-21 18,radar only ked [rnn],R+L,420,-0.1171,1.0999,0.5212,0.8529
openmesh,openmesh 2023-11-21 18,radar only mfb [dynamic + gauges],R+L+G,420,0.1546,0.9065,0.7209,0.8349
openmesh,openmesh 2023-11-21 18,radar only add [dynamic + gauges],R+L+G,420,0.377,1.389,0.4686,0.8305
openmesh,openmesh 2023-11-21 18,radar only mul [dynamic + gauges],R+L+G,420,0.1815,1.1002,0.5581,0.8349
openmesh,openmesh 2023-11-21 18,radar only idw_add [dynamic + gauges],R+L+G,420,0.3442,1.2112,0.5587,0.8329
openmesh,openmesh 2023-11-21 18,radar only idw_mul [dynamic + gauges],R+L+G,420,0.3441,1.207,0.5634,0.8389
openmesh,openmesh 2023-11-21 18,radar only okrig_add [dynamic + gauges],R+L+G,420,0.2384,1.2671,0.5129,0.8101
openmesh,openmesh 2023-11-21 18,radar only ked [dynamic + gauges],R+L+G,420,0.5225,1.552,0.4524,0.8039
openmesh,openmesh 2023-11-21 18,radar only mfb [constant + gauges],R+L+G,420,-0.3289,1.0015,0.7189,0.8488
openmesh,openmesh 2023-11-21 18,radar only add [constant + gauges],R+L+G,420,-0.4444,1.2162,0.4777,0.7544
openmesh,openmesh 2023-11-21 18,radar only mul [constant + gauges],R+L+G,420,-0.4082,1.1918,0.4863,0.8349
openmesh,openmesh 2023-11-21 18,radar only idw_add [constant + gauges],R+L+G,420,-0.4197,1.1631,0.5335,0.8147
openmesh,openmesh 2023-11-21 18,radar only idw_mul [constant + gauges],R+L+G,420,-0.42,1.16,0.5375,0.8203
openmesh,openmesh 2023-11-21 18,radar only okrig_add [constant + gauges],R+L+G,420,-0.376,1.1822,0.5116,0.7859
openmesh,openmesh 2023-11-21 18,radar only ked [constant + gauges],R+L+G,420,0.0724,1.222,0.5388,0.8184
openmesh,openmesh 2023-11-21 18,radar only mfb [pycomlink + gauges],R+L+G,420,-0.2391,0.9271,0.7343,0.8512
openmesh,openmesh 2023-11-21 18,radar only add [pycomlink + gauges],R+L+G,420,-0.2931,1.164,0.526,0.7667
openmesh,openmesh 2023-11-21 18,radar only mul [pycomlink + gauges],R+L+G,420,-0.31,1.1039,0.5629,0.8349
openmesh,openmesh 2023-11-21 18,radar only idw_add [pycomlink + gauges],R+L+G,420,-0.271,1.0785,0.5931,0.8209
openmesh,openmesh 2023-11-21 18,radar only idw_mul [pycomlink + gauges],R+L+G,420,-0.2694,1.0765,0.5956,0.835
openmesh,openmesh 2023-11-21 18,radar only okrig_add [pycomlink + gauges],R+L+G,420,-0.2726,1.1396,0.5546,0.8145
openmesh,openmesh 2023-11-21 18,radar only ked [pycomlink + gauges],R+L+G,420,0.0593,1.2337,0.5576,0.8068
openmesh,openmesh 2023-11-21 18,radar only mfb [nearby + gauges],R+L+G,420,-0.1922,0.9226,0.7283,0.8512
openmesh,openmesh 2023-11-21 18,radar only add [nearby + gauges],R+L+G,420,-0.258,1.0557,0.6015,0.8141
openmesh,openmesh 2023-11-21 18,radar only mul [nearby + gauges],R+L+G,420,-0.2792,1.0458,0.6244,0.8349
openmesh,openmesh 2023-11-21 18,radar only idw_add [nearby + gauges],R+L+G,420,-0.244,1.0206,0.6339,0.835
openmesh,openmesh 2023-11-21 18,radar only idw_mul [nearby + gauges],R+L+G,420,-0.2399,1.0181,0.6352,0.84
openmesh,openmesh 2023-11-21 18,radar only okrig_add [nearby + gauges],R+L+G,420,-0.1642,1.0307,0.6164,0.8396
openmesh,openmesh 2023-11-21 18,radar only ked [nearby + gauges],R+L+G,420,0.0486,1.1982,0.5271,0.8146
openmesh,openmesh 2023-11-21 18,radar only mfb [rnn + gauges],R+L+G,420,-0.0655,0.9493,0.6891,0.8512
openmesh,openmesh 2023-11-21 18,radar only add [rnn + gauges],R+L+G,420,-0.0843,1.0064,0.6272,0.8454
openmesh,openmesh 2023-11-21 18,radar only mul [rnn + gauges],R+L+G,420,-0.1245,1.0237,0.6215,0.8349
openmesh,openmesh 2023-11-21 18,radar only idw_add [rnn + gauges],R+L+G,420,-0.0786,0.9695,0.6635,0.86
openmesh,openmesh 2023-11-21 18,radar only idw_mul [rnn + gauges],R+L+G,420,-0.0805,0.9684,0.664,0.8625
openmesh,openmesh 2023-11-21 18,radar only okrig_add [rnn + gauges],R+L+G,420,-0.0965,0.9933,0.6363,0.8525
openmesh,openmesh 2023-11-21 18,radar only ked [rnn + gauges],R+L+G,420,0.0058,1.044,0.5927,0.8321
openmesh,openmesh 2023-11-21 18,radar okrig_add [gauges] (5 km variogram),R+G,420,-0.0186,0.9572,0.672,0.8647
openmesh,openmesh 2023-11-21 18,radar ked [gauges] (5 km variogram),R+G,420,0.1264,1.0473,0.6326,0.8402
openmesh,openmesh 2023-11-21 18,radar okrig_add [dynamic] (5 km variogram),R+L,420,0.6019,1.5499,0.3973,0.8186
openmesh,openmesh 2023-11-21 18,radar ked [dynamic] (5 km variogram),R+L,420,0.8237,2.052,0.3235,0.7922
openmesh,openmesh 2023-11-21 18,radar okrig_add [constant] (5 km variogram),R+L,420,-0.618,1.4556,0.2031,0.646
openmesh,openmesh 2023-11-21 18,radar ked [constant] (5 km variogram),R+L,420,-0.1981,1.6275,0.2711,0.7261
openmesh,openmesh 2023-11-21 18,radar okrig_add [pycomlink] (5 km variogram),R+L,420,-0.3973,1.2481,0.4475,0.8026
openmesh,openmesh 2023-11-21 18,radar ked [pycomlink] (5 km variogram),R+L,420,-0.0309,1.4961,0.4562,0.7563
openmesh,openmesh 2023-11-21 18,radar okrig_add [nearby] (5 km variogram),R+L,420,-0.3389,1.2016,0.4444,0.8051
openmesh,openmesh 2023-11-21 18,radar ked [nearby] (5 km variogram),R+L,420,-0.256,1.4209,0.3027,0.7387
openmesh,openmesh 2023-11-21 18,radar okrig_add [rnn] (5 km variogram),R+L,420,-0.1069,1.1089,0.5094,0.8675
openmesh,openmesh 2023-11-21 18,radar ked [rnn] (5 km variogram),R+L,420,-0.1669,1.1247,0.4966,0.8539
openmesh,openmesh 2023-11-21 18,radar okrig_add [dynamic + gauges] (5 km variogram),R+L+G,420,0.3025,1.2781,0.5209,0.8234
openmesh,openmesh 2023-11-21 18,radar ked [dynamic + gauges] (5 km variogram),R+L+G,420,0.4763,1.5231,0.4302,0.8102
openmesh,openmesh 2023-11-21 18,radar okrig_add [constant + gauges] (5 km variogram),R+L+G,420,-0.3806,1.1546,0.5353,0.8076
openmesh,openmesh 2023-11-21 18,radar ked [constant + gauges] (5 km variogram),R+L+G,420,0.0973,1.2177,0.5496,0.835
openmesh,openmesh 2023-11-21 18,radar okrig_add [pycomlink + gauges] (5 km variogram),R+L+G,420,-0.2543,1.1062,0.5758,0.8291
openmesh,openmesh 2023-11-21 18,radar ked [pycomlink + gauges] (5 km variogram),R+L+G,420,0.052,1.2109,0.5642,0.8222
openmesh,openmesh 2023-11-21 18,radar okrig_add [nearby + gauges] (5 km variogram),R+L+G,420,-0.1859,1.0239,0.6209,0.8413
openmesh,openmesh 2023-11-21 18,radar ked [nearby + gauges] (5 km variogram),R+L+G,420,0.0493,1.2872,0.523,0.8215
openmesh,openmesh 2023-11-21 18,radar okrig_add [rnn + gauges] (5 km variogram),R+L+G,420,-0.0706,0.9773,0.649,0.8625
openmesh,openmesh 2023-11-21 18,radar ked [rnn + gauges] (5 km variogram),R+L+G,420,0.035,1.1389,0.5385,0.8465
openmesh,openmesh 2023-11-21 18,radar only okrig_add [gauges] (5 km variogram),R+G,420,-0.019,0.9546,0.6742,0.8647
openmesh,openmesh 2023-11-21 18,radar only ked [gauges] (5 km variogram),R+G,420,0.1234,1.0274,0.6475,0.8278
openmesh,openmesh 2023-11-21 18,radar only okrig_add [dynamic] (5 km variogram),R+L,420,0.589,1.5346,0.4004,0.821
openmesh,openmesh 2023-11-21 18,radar only ked [dynamic] (5 km variogram),R+L,420,0.8112,2.4644,0.2391,0.7597
openmesh,openmesh 2023-11-21 18,radar only okrig_add [constant] (5 km variogram),R+L,420,-0.6319,1.4628,0.1967,0.6331
openmesh,openmesh 2023-11-21 18,radar only ked [constant] (5 km variogram),R+L,420,-0.1393,1.8001,0.2246,0.7403
openmesh,openmesh 2023-11-21 18,radar only okrig_add [pycomlink] (5 km variogram),R+L,420,-0.4055,1.2479,0.4479,0.77
openmesh,openmesh 2023-11-21 18,radar only ked [pycomlink] (5 km variogram),R+L,420,0.1124,1.722,0.456,0.7506
openmesh,openmesh 2023-11-21 18,radar only okrig_add [nearby] (5 km variogram),R+L,420,-0.3616,1.2074,0.4436,0.795
openmesh,openmesh 2023-11-21 18,radar only ked [nearby] (5 km variogram),R+L,420,-0.1882,1.3977,0.3105,0.7463
openmesh,openmesh 2023-11-21 18,radar only okrig_add [rnn] (5 km variogram),R+L,420,-0.1158,1.098,0.5289,0.8675
openmesh,openmesh 2023-11-21 18,radar only ked [rnn] (5 km variogram),R+L,420,-0.112,1.1268,0.4837,0.8554
openmesh,openmesh 2023-11-21 18,radar only okrig_add [dynamic + gauges] (5 km variogram),R+L+G,420,0.3011,1.2749,0.5226,0.8234
openmesh,openmesh 2023-11-21 18,radar only ked [dynamic + gauges] (5 km variogram),R+L+G,420,0.5362,1.5725,0.4503,0.8048
openmesh,openmesh 2023-11-21 18,radar only okrig_add [constant + gauges] (5 km variogram),R+L+G,420,-0.3825,1.1544,0.5364,0.8051
openmesh,openmesh 2023-11-21 18,radar only ked [constant + gauges] (5 km variogram),R+L+G,420,0.048,1.2034,0.5484,0.8169
openmesh,openmesh 2023-11-21 18,radar only okrig_add [pycomlink + gauges] (5 km variogram),R+L+G,420,-0.2546,1.1061,0.5761,0.8189
openmesh,openmesh 2023-11-21 18,radar only ked [pycomlink + gauges] (5 km variogram),R+L+G,420,0.0265,1.1867,0.5745,0.8215
openmesh,openmesh 2023-11-21 18,radar only okrig_add [nearby + gauges] (5 km variogram),R+L+G,420,-0.1884,1.0277,0.618,0.8346
openmesh,openmesh 2023-11-21 18,radar only ked [nearby + gauges] (5 km variogram),R+L+G,420,0.0085,1.1492,0.5491,0.8068
openmesh,openmesh 2023-11-21 18,radar only okrig_add [rnn + gauges] (5 km variogram),R+L+G,420,-0.0729,0.9811,0.6455,0.8675
openmesh,openmesh 2023-11-21 18,radar only ked [rnn + gauges] (5 km variogram),R+L+G,420,0.0115,1.031,0.6024,0.8424
openmesh,openmesh 2023-12-10 16,radar,R,608,-0.0306,1.0333,0.6359,0.8392
openmesh,openmesh 2023-12-10 16,radar only,R,608,-0.1378,1.0934,0.595,0.8239
openmesh,openmesh 2023-12-10 16,links dynamic idw,L,608,0.8995,2.0923,0.2919,0.7754
openmesh,openmesh 2023-12-10 16,links dynamic line,L,608,0.8684,1.9474,0.3231,0.8013
openmesh,openmesh 2023-12-10 16,links constant idw,L,608,-0.3457,1.5262,0.2341,0.6259
openmesh,openmesh 2023-12-10 16,links constant line,L,608,-0.3083,1.4585,0.2757,0.714
openmesh,openmesh 2023-12-10 16,links pycomlink idw,L,608,-0.4897,1.369,0.3524,0.5781
openmesh,openmesh 2023-12-10 16,links pycomlink line,L,608,-0.4557,1.3177,0.4024,0.6294
openmesh,openmesh 2023-12-10 16,links nearby idw,L,608,-0.3446,1.5398,0.2543,0.7681
openmesh,openmesh 2023-12-10 16,links nearby line,L,608,-0.3521,1.3075,0.3851,0.805
openmesh,openmesh 2023-12-10 16,links rnn idw,L,608,0.0743,1.1834,0.5317,0.7905
openmesh,openmesh 2023-12-10 16,links rnn line,L,608,0.1504,1.18,0.5509,0.7986
openmesh,openmesh 2023-12-10 16,gauges,G,608,-0.0633,1.0562,0.6175,0.8348
openmesh,openmesh 2023-12-10 16,links dynamic + gauges,L+G,608,0.5506,1.7693,0.341,0.7837
openmesh,openmesh 2023-12-10 16,links constant + gauges,L+G,608,-0.3487,1.3273,0.3762,0.7297
openmesh,openmesh 2023-12-10 16,links pycomlink + gauges,L+G,608,-0.4137,1.2614,0.4588,0.7238
openmesh,openmesh 2023-12-10 16,links nearby + gauges,L+G,608,-0.2402,1.4477,0.3232,0.7944
openmesh,openmesh 2023-12-10 16,links rnn + gauges,L+G,608,0.0047,1.1181,0.5706,0.8028
openmesh,openmesh 2023-12-10 16,radar mfb [gauges],R+G,608,-0.0094,1.0528,0.6178,0.8383
openmesh,openmesh 2023-12-10 16,radar add [gauges],R+G,608,-0.0578,1.0462,0.6265,0.8275
openmesh,openmesh 2023-12-10 16,radar mul [gauges],R+G,608,-0.0564,1.0314,0.6386,0.8392
openmesh,openmesh 2023-12-10 16,radar idw_add [gauges],R+G,608,-0.0499,1.0443,0.6282,0.8254
openmesh,openmesh 2023-12-10 16,radar idw_mul [gauges],R+G,608,-0.0531,1.0411,0.6309,0.8345
openmesh,openmesh 2023-12-10 16,radar okrig_add [gauges],R+G,608,-0.0377,1.1186,0.5758,0.8256
openmesh,openmesh 2023-12-10 16,radar ked [gauges],R+G,608,0.0342,1.1411,0.563,0.8304
openmesh,openmesh 2023-12-10 16,radar mfb [dynamic],R+L,608,0.5644,1.2636,0.5843,0.8392
openmesh,openmesh 2023-12-10 16,radar add [dynamic],R+L,608,0.9045,2.0874,0.3007,0.7717
openmesh,openmesh 2023-12-10 16,radar mul [dynamic],R+L,608,0.6217,1.7887,0.3987,0.8392
openmesh,openmesh 2023-12-10 16,radar idw_add [dynamic],R+L,608,0.8743,1.9666,0.3315,0.8194
openmesh,openmesh 2023-12-10 16,radar idw_mul [dynamic],R+L,608,0.8977,1.995,0.3314,0.8307
openmesh,openmesh 2023-12-10 16,radar okrig_add [dynamic],R+L,608,1.0885,2.4288,0.2547,0.7969
openmesh,openmesh 2023-12-10 16,radar ked [dynamic],R+L,608,1.0778,2.7144,0.2033,0.7633
openmesh,openmesh 2023-12-10 16,radar mfb [constant],R+L,608,-0.4262,1.1874,0.5811,0.8243
openmesh,openmesh 2023-12-10 16,radar add [constant],R+L,608,-0.3366,1.5197,0.2465,0.6543
openmesh,openmesh 2023-12-10 16,radar mul [constant],R+L,608,-0.2802,1.4235,0.2964,0.8392
openmesh,openmesh 2023-12-10 16,radar idw_add [constant],R+L,608,-0.343,1.4513,0.284,0.7122
openmesh,openmesh 2023-12-10 16,radar idw_mul [constant],R+L,608,-0.3401,1.4656,0.2757,0.6869
openmesh,openmesh 2023-12-10 16,radar okrig_add [constant],R+L,608,-0.3587,1.517,0.2407,0.6446
openmesh,openmesh 2023-12-10 16,radar ked [constant],R+L,608,0.1314,1.8234,0.207,0.7669
openmesh,openmesh 2023-12-10 16,radar mfb [pycomlink],R+L,608,-0.4995,1.2164,0.602,0.8257
openmesh,openmesh 2023-12-10 16,radar add [pycomlink],R+L,608,-0.4796,1.3558,0.3688,0.6341
openmesh,openmesh 2023-12-10 16,radar mul [pycomlink],R+L,608,-0.3983,1.2925,0.4099,0.8392
openmesh,openmesh 2023-12-10 16,radar idw_add [pycomlink],R+L,608,-0.479,1.321,0.4078,0.6717
openmesh,openmesh 2023-12-10 16,radar idw_mul [pycomlink],R+L,608,-0.4824,1.3297,0.3981,0.6252
openmesh,openmesh 2023-12-10 16,radar okrig_add [pycomlink],R+L,608,-0.4681,1.3728,0.3463,0.6116
openmesh,openmesh 2023-12-10 16,radar ked [pycomlink],R+L,608,-0.1412,1.4458,0.3175,0.7801
openmesh,openmesh 2023-12-10 16,radar mfb [nearby],R+L,608,-0.3406,1.1667,0.5872,0.818
openmesh,openmesh 2023-12-10 16,radar add [nearby],R+L,608,-0.34,1.5312,0.267,0.7705
openmesh,openmesh 2023-12-10 16,radar mul [nearby],R+L,608,-0.3219,1.3523,0.359,0.8392
openmesh,openmesh 2023-12-10 16,radar idw_add [nearby],R+L,608,-0.3576,1.3666,0.3417,0.8169
openmesh,openmesh 2023-12-10 16,radar idw_mul [nearby],R+L,608,-0.3529,1.3719,0.3339,0.8204
openmesh,openmesh 2023-12-10 16,radar okrig_add [nearby],R+L,608,-0.4306,1.4305,0.2873,0.7616
openmesh,openmesh 2023-12-10 16,radar ked [nearby],R+L,608,-0.2592,1.505,0.2723,0.7527
openmesh,openmesh 2023-12-10 16,radar mfb [rnn],R+L,608,0.1342,1.1221,0.5907,0.8237
openmesh,openmesh 2023-12-10 16,radar add [rnn],R+L,608,0.0803,1.1754,0.5416,0.7805
openmesh,openmesh 2023-12-10 16,radar mul [rnn],R+L,608,0.0645,1.1361,0.5663,0.8392
openmesh,openmesh 2023-12-10 16,radar idw_add [rnn],R+L,608,0.089,1.1597,0.5554,0.7904
openmesh,openmesh 2023-12-10 16,radar idw_mul [rnn],R+L,608,0.0981,1.1691,0.5508,0.8054
openmesh,openmesh 2023-12-10 16,radar okrig_add [rnn],R+L,608,0.007,1.1844,0.5229,0.7811
openmesh,openmesh 2023-12-10 16,radar ked [rnn],R+L,608,-0.0303,1.2584,0.4601,0.774
openmesh,openmesh 2023-12-10 16,radar mfb [dynamic + gauges],R+L+G,608,0.303,1.1095,0.6125,0.8392
openmesh,openmesh 2023-12-10 16,radar add [dynamic + gauges],R+L+G,608,0.5543,1.7619,0.3502,0.783
openmesh,openmesh 2023-12-10 16,radar mul [dynamic + gauges],R+L+G,608,0.3604,1.5276,0.4384,0.8392
openmesh,openmesh 2023-12-10 16,radar idw_add [dynamic + gauges],R+L+G,608,0.4609,1.5405,0.4152,0.8264
openmesh,openmesh 2023-12-10 16,radar idw_mul [dynamic + gauges],R+L+G,608,0.4698,1.548,0.4152,0.8348
openmesh,openmesh 2023-12-10 16,radar okrig_add [dynamic + gauges],R+L+G,608,0.3337,1.53,0.4103,0.8153
openmesh,openmesh 2023-12-10 16,radar ked [dynamic + gauges],R+L+G,608,0.4653,1.7658,0.3372,0.7912
openmesh,openmesh 2023-12-10 16,radar mfb [constant + gauges],R+L+G,608,-0.2324,1.0873,0.6163,0.8446
openmesh,openmesh 2023-12-10 16,radar add [constant + gauges],R+L+G,608,-0.3433,1.3189,0.3882,0.7454
openmesh,openmesh 2023-12-10 16,radar mul [constant + gauges],R+L+G,608,-0.2862,1.2569,0.4329,0.8392
openmesh,openmesh 2023-12-10 16,radar idw_add [constant + gauges],R+L+G,608,-0.3364,1.2685,0.4341,0.796
openmesh,openmesh 2023-12-10 16,radar idw_mul [constant + gauges],R+L+G,608,-0.3372,1.2733,0.4286,0.7887
openmesh,openmesh 2023-12-10 16,radar okrig_add [constant + gauges],R+L+G,608,-0.3313,1.2604,0.4482,0.7665
openmesh,openmesh 2023-12-10 16,radar ked [constant + gauges],R+L+G,608,0.0184,1.3883,0.3778,0.812
openmesh,openmesh 2023-12-10 16,radar mfb [pycomlink + gauges],R+L+G,608,-0.2808,1.1,0.6182,0.8435
openmesh,openmesh 2023-12-10 16,radar add [pycomlink + gauges],R+L+G,608,-0.4087,1.2511,0.4715,0.7404
openmesh,openmesh 2023-12-10 16,radar mul [pycomlink + gauges],R+L+G,608,-0.341,1.2051,0.5038,0.8392
openmesh,openmesh 2023-12-10 16,radar idw_add [pycomlink + gauges],R+L+G,608,-0.3879,1.2107,0.515,0.7894
openmesh,openmesh 2023-12-10 16,radar idw_mul [pycomlink + gauges],R+L+G,608,-0.3904,1.2135,0.5124,0.7832
openmesh,openmesh 2023-12-10 16,radar okrig_add [pycomlink + gauges],R+L+G,608,-0.3643,1.2094,0.5098,0.7723
openmesh,openmesh 2023-12-10 16,radar ked [pycomlink + gauges],R+L+G,608,-0.0919,1.2911,0.415,0.8021
openmesh,openmesh 2023-12-10 16,radar mfb [nearby + gauges],R+L+G,608,-0.1706,1.0797,0.6148,0.8383
openmesh,openmesh 2023-12-10 16,radar add [nearby + gauges],R+L+G,608,-0.2373,1.4395,0.3348,0.8028
openmesh,openmesh 2023-12-10 16,radar mul [nearby + gauges],R+L+G,608,-0.2355,1.2774,0.4269,0.8392
openmesh,openmesh 2023-12-10 16,radar idw_add [nearby + gauges],R+L+G,608,-0.2593,1.2799,0.4202,0.8286
openmesh,openmesh 2023-12-10 16,radar idw_mul [nearby + gauges],R+L+G,608,-0.262,1.2807,0.418,0.8242
openmesh,openmesh 2023-12-10 16,radar okrig_add [nearby + gauges],R+L+G,608,-0.232,1.2798,0.4354,0.819
openmesh,openmesh 2023-12-10 16,radar ked [nearby + gauges],R+L+G,608,-0.0745,1.3976,0.3541,0.7944
openmesh,openmesh 2023-12-10 16,radar mfb [rnn + gauges],R+L+G,608,0.0684,1.0658,0.6145,0.8377
openmesh,openmesh 2023-12-10 16,radar add [rnn + gauges],R+L+G,608,0.0091,1.1092,0.5801,0.7986
openmesh,openmesh 2023-12-10 16,radar mul [rnn + gauges],R+L+G,608,0.004,1.0851,0.5968,0.8392
openmesh,openmesh 2023-12-10 16,radar idw_add [rnn + gauges],R+L+G,608,0.0008,1.0981,0.5886,0.8212
openmesh,openmesh 2023-12-10 16,radar idw_mul [rnn + gauges],R+L+G,608,0.0028,1.1009,0.5866,0.8357
openmesh,openmesh 2023-12-10 16,radar okrig_add [rnn + gauges],R+L+G,608,-0.0702,1.1167,0.5734,0.8307
openmesh,openmesh 2023-12-10 16,radar ked [rnn + gauges],R+L+G,608,-0.0061,1.1922,0.5146,0.8113
openmesh,openmesh 2023-12-10 16,radar only mfb [gauges],R+G,608,-0.0087,1.0538,0.6167,0.8264
openmesh,openmesh 2023-12-10 16,radar only add [gauges],R+G,608,-0.0597,1.0484,0.6247,0.8195
openmesh,openmesh 2023-12-10 16,radar only mul [gauges],R+G,608,-0.0687,1.0334,0.6373,0.829
openmesh,openmesh 2023-12-10 16,radar only idw_add [gauges],R+G,608,-0.0502,1.0466,0.6263,0.8169
openmesh,openmesh 2023-12-10 16,radar only idw_mul [gauges],R+G,608,-0.0512,1.0435,0.6293,0.8248
openmesh,openmesh 2023-12-10 16,radar only okrig_add [gauges],R+G,608,-0.0386,1.1233,0.5721,0.8224
openmesh,openmesh 2023-12-10 16,radar only ked [gauges],R+G,608,0.0286,1.1492,0.5572,0.8202
openmesh,openmesh 2023-12-10 16,radar only mfb [dynamic],R+L,608,0.5503,1.253,0.5895,0.8239
openmesh,openmesh 2023-12-10 16,radar only add [dynamic],R+L,608,0.9033,2.0857,0.2994,0.772
openmesh,openmesh 2023-12-10 16,radar only mul [dynamic],R+L,608,0.5684,1.6819,0.4061,0.8205
openmesh,openmesh 2023-12-10 16,radar only idw_add [dynamic],R+L,608,0.8715,1.9629,0.3311,0.8103
openmesh,openmesh 2023-12-10 16,radar only idw_mul [dynamic],R+L,608,0.889,1.9854,0.335,0.8177
openmesh,openmesh 2023-12-10 16,radar only okrig_add [dynamic],R+L,608,1.0815,2.4205,0.2544,0.7886
openmesh,openmesh 2023-12-10 16,radar only ked [dynamic],R+L,608,1.3037,3.259,0.1501,0.7687
openmesh,openmesh 2023-12-10 16,radar only mfb [constant],R+L,608,-0.4225,1.1891,0.5769,0.8162
openmesh,openmesh 2023-12-10 16,radar only add [constant],R+L,608,-0.339,1.5185,0.245,0.6344
openmesh,openmesh 2023-12-10 16,radar only mul [constant],R+L,608,-0.2954,1.4186,0.2903,0.8247
openmesh,openmesh 2023-12-10 16,radar only idw_add [constant],R+L,608,-0.3469,1.4492,0.2842,0.6974
openmesh,openmesh 2023-12-10 16,radar only idw_mul [constant],R+L,608,-0.3413,1.4611,0.2789,0.6825
openmesh,openmesh 2023-12-10 16,radar only okrig_add [constant],R+L,608,-0.364,1.5131,0.2395,0.6417
openmesh,openmesh 2023-12-10 16,radar only ked [constant],R+L,608,0.1816,1.8828,0.188,0.7583
openmesh,openmesh 2023-12-10 16,radar only mfb [pycomlink],R+L,608,-0.4869,1.2136,0.5992,0.786
openmesh,openmesh 2023-12-10 16,radar only add [pycomlink],R+L,608,-0.4814,1.3567,0.3668,0.6157
openmesh,openmesh 2023-12-10 16,radar only mul [pycomlink],R+L,608,-0.4145,1.2938,0.4105,0.8247
openmesh,openmesh 2023-12-10 16,radar only idw_add [pycomlink],R+L,608,-0.4818,1.321,0.4081,0.6555
openmesh,openmesh 2023-12-10 16,radar only idw_mul [pycomlink],R+L,608,-0.4833,1.3277,0.4013,0.6108
openmesh,openmesh 2023-12-10 16,radar only okrig_add [pycomlink],R+L,608,-0.4734,1.3718,0.3461,0.6116
openmesh,openmesh 2023-12-10 16,radar only ked [pycomlink],R+L,608,-0.0869,1.4409,0.3071,0.753
openmesh,openmesh 2023-12-10 16,radar only mfb [nearby],R+L,608,-0.3344,1.1689,0.5802,0.8021
openmesh,openmesh 2023-12-10 16,radar only add [nearby],R+L,608,-0.3408,1.5326,0.2641,0.7642
openmesh,openmesh 2023-12-10 16,radar only mul [nearby],R+L,608,-0.3351,1.3264,0.3691,0.8247
openmesh,openmesh 2023-12-10 16,radar only idw_add [nearby],R+L,608,-0.3582,1.3674,0.3394,0.8045
openmesh,openmesh 2023-12-10 16,radar only idw_mul [nearby],R+L,608,-0.3491,1.3708,0.3345,0.8131
openmesh,openmesh 2023-12-10 16,radar only okrig_add [nearby],R+L,608,-0.4341,1.4338,0.2831,0.7413
openmesh,openmesh 2023-12-10 16,radar only ked [nearby],R+L,608,-0.1786,1.7991,0.1956,0.7219
openmesh,openmesh 2023-12-10 16,radar only mfb [rnn],R+L,608,0.1425,1.1301,0.585,0.8071
openmesh,openmesh 2023-12-10 16,radar only add [rnn],R+L,608,0.0784,1.1749,0.5406,0.7852
openmesh,openmesh 2023-12-10 16,radar only mul [rnn],R+L,608,0.0332,1.119,0.5725,0.8236
openmesh,openmesh 2023-12-10 16,radar only idw_add [rnn],R+L,608,0.0861,1.1584,0.5551,0.7915
openmesh,openmesh 2023-12-10 16,radar only idw_mul [rnn],R+L,608,0.0971,1.1716,0.5505,0.7918
openmesh,openmesh 2023-12-10 16,radar only okrig_add [rnn],R+L,608,0.0013,1.1831,0.5224,0.776
openmesh,openmesh 2023-12-10 16,radar only ked [rnn],R+L,608,0.0103,1.346,0.4226,0.764
openmesh,openmesh 2023-12-10 16,radar only mfb [dynamic + gauges],R+L+G,608,0.3095,1.1144,0.6096,0.8239
openmesh,openmesh 2023-12-10 16,radar only add [dynamic + gauges],R+L+G,608,0.5533,1.7628,0.3486,0.7783
openmesh,openmesh 2023-12-10 16,radar only mul [dynamic + gauges],R+L+G,608,0.3225,1.4462,0.4484,0.8205
openmesh,openmesh 2023-12-10 16,radar only idw_add [dynamic + gauges],R+L+G,608,0.4583,1.5416,0.4139,0.8201
openmesh,openmesh 2023-12-10 16,radar only idw_mul [dynamic + gauges],R+L+G,608,0.4714,1.5553,0.4138,0.8247
openmesh,openmesh 2023-12-10 16,radar only okrig_add [dynamic + gauges],R+L+G,608,0.3289,1.5338,0.4087,0.8239
openmesh,openmesh 2023-12-10 16,radar only ked [dynamic + gauges],R+L+G,608,0.5211,1.8351,0.3548,0.7787
openmesh,openmesh 2023-12-10 16,radar only mfb [constant + gauges],R+L+G,608,-0.2289,1.0899,0.6131,0.8342
openmesh,openmesh 2023-12-10 16,radar only add [constant + gauges],R+L+G,608,-0.3452,1.319,0.3874,0.7291
openmesh,openmesh 2023-12-10 16,radar only mul [constant + gauges],R+L+G,608,-0.3007,1.2579,0.4301,0.8262
openmesh,openmesh 2023-12-10 16,radar only idw_add [constant + gauges],R+L+G,608,-0.3395,1.2696,0.4334,0.7839
openmesh,openmesh 2023-12-10 16,radar only idw_mul [constant + gauges],R+L+G,608,-0.3376,1.2716,0.4313,0.7855
openmesh,openmesh 2023-12-10 16,radar only okrig_add [constant + gauges],R+L+G,608,-0.3334,1.263,0.4457,0.7651
openmesh,openmesh 2023-12-10 16,radar only ked [constant + gauges],R+L+G,608,0.0636,1.4666,0.3685,0.7911
openmesh,openmesh 2023-12-10 16,radar only mfb [pycomlink + gauges],R+L+G,608,-0.2772,1.1031,0.6137,0.8354
openmesh,openmesh 2023-12-10 16,radar only add [pycomlink + gauges],R+L+G,608,-0.4102,1.2519,0.4707,0.7273
openmesh,openmesh 2023-12-10 16,radar only mul [pycomlink + gauges],R+L+G,608,-0.3561,1.208,0.5061,0.8262
openmesh,openmesh 2023-12-10 16,radar only idw_add [pycomlink + gauges],R+L+G,608,-0.3908,1.2117,0.5149,0.7587
openmesh,openmesh 2023-12-10 16,radar only idw_mul [pycomlink + gauges],R+L+G,608,-0.3915,1.2123,0.5145,0.7788
openmesh,openmesh 2023-12-10 16,radar only okrig_add [pycomlink + gauges],R+L+G,608,-0.3664,1.2121,0.5072,0.7715
openmesh,openmesh 2023-12-10 16,radar only ked [pycomlink + gauges],R+L+G,608,-0.055,1.3277,0.4202,0.7887
openmesh,openmesh 2023-12-10 16,radar only mfb [nearby + gauges],R+L+G,608,-0.1658,1.0818,0.6121,0.8253
openmesh,openmesh 2023-12-10 16,radar only add [nearby + gauges],R+L+G,608,-0.2378,1.4404,0.3329,0.7926
openmesh,openmesh 2023-12-10 16,radar only mul [nearby + gauges],R+L+G,608,-0.2473,1.2508,0.4397,0.8262
openmesh,openmesh 2023-12-10 16,radar only idw_add [nearby + gauges],R+L+G,608,-0.2602,1.2815,0.4181,0.8274
openmesh,openmesh 2023-12-10 16,radar only idw_mul [nearby + gauges],R+L+G,608,-0.2596,1.2799,0.4189,0.828
openmesh,openmesh 2023-12-10 16,radar only okrig_add [nearby + gauges],R+L+G,608,-0.2315,1.2827,0.432,0.8213
openmesh,openmesh 2023-12-10 16,radar only ked [nearby + gauges],R+L+G,608,-0.0038,1.5315,0.3412,0.7728
openmesh,openmesh 2023-12-10 16,radar only mfb [rnn + gauges],R+L+G,608,0.0732,1.0713,0.6099,0.8316
openmesh,openmesh 2023-12-10 16,radar only add [rnn + gauges],R+L+G,608,0.0074,1.1102,0.5788,0.8028
openmesh,openmesh 2023-12-10 16,radar only mul [rnn + gauges],R+L+G,608,-0.0206,1.0749,0.6019,0.8236
openmesh,openmesh 2023-12-10 16,radar only idw_add [rnn + gauges],R+L+G,608,-0.0028,1.0996,0.5873,0.8245
openmesh,openmesh 2023-12-10 16,radar only idw_mul [rnn + gauges],R+L+G,608,0.0039,1.1055,0.5842,0.823
openmesh,openmesh 2023-12-10 16,radar only okrig_add [rnn + gauges],R+L+G,608,-0.0721,1.1204,0.5704,0.8182
openmesh,openmesh 2023-12-10 16,radar only ked [rnn + gauges],R+L+G,608,0.0103,1.1896,0.5227,0.7907
openmesh,openmesh 2023-12-10 16,radar okrig_add [gauges] (5 km variogram),R+G,608,-0.0332,1.0778,0.6044,0.8307
openmesh,openmesh 2023-12-10 16,radar ked [gauges] (5 km variogram),R+G,608,0.0342,1.1182,0.5786,0.8336
openmesh,openmesh 2023-12-10 16,radar okrig_add [dynamic] (5 km variogram),R+L,608,0.9472,2.1647,0.2763,0.8177
openmesh,openmesh 2023-12-10 16,radar ked [dynamic] (5 km variogram),R+L,608,0.9404,2.4432,0.2407,0.7754
openmesh,openmesh 2023-12-10 16,radar okrig_add [constant] (5 km variogram),R+L,608,-0.3851,1.4113,0.3121,0.6817
openmesh,openmesh 2023-12-10 16,radar ked [constant] (5 km variogram),R+L,608,0.0655,1.7247,0.2102,0.7629
openmesh,openmesh 2023-12-10 16,radar okrig_add [pycomlink] (5 km variogram),R+L,608,-0.4862,1.3077,0.4291,0.6554
openmesh,openmesh 2023-12-10 16,radar ked [pycomlink] (5 km variogram),R+L,608,-0.1793,1.4168,0.3138,0.7975
openmesh,openmesh 2023-12-10 16,radar okrig_add [nearby] (5 km variogram),R+L,608,-0.4331,1.4009,0.3162,0.7772
openmesh,openmesh 2023-12-10 16,radar ked [nearby] (5 km variogram),R+L,608,-0.2555,1.4692,0.3032,0.7638
openmesh,openmesh 2023-12-10 16,radar okrig_add [rnn] (5 km variogram),R+L,608,0.0761,1.1484,0.5661,0.7897
openmesh,openmesh 2023-12-10 16,radar ked [rnn] (5 km variogram),R+L,608,0.0312,1.2297,0.4959,0.7943
openmesh,openmesh 2023-12-10 16,radar okrig_add [dynamic + gauges] (5 km variogram),R+L+G,608,0.4202,1.5902,0.3895,0.8232
openmesh,openmesh 2023-12-10 16,radar ked [dynamic + gauges] (5 km variogram),R+L+G,608,0.5038,1.7765,0.3376,0.7937
openmesh,openmesh 2023-12-10 16,radar okrig_add [constant + gauges] (5 km variogram),R+L+G,608,-0.335,1.2523,0.4547,0.793
openmesh,openmesh 2023-12-10 16,radar ked [constant + gauges] (5 km variogram),R+L+G,608,-0.047,1.3345,0.3954,0.812
openmesh,openmesh 2023-12-10 16,radar okrig_add [pycomlink + gauges] (5 km variogram),R+L+G,608,-0.3612,1.2064,0.5113,0.796
openmesh,openmesh 2023-12-10 16,radar ked [pycomlink + gauges] (5 km variogram),R+L+G,608,-0.1342,1.2579,0.433,0.8126
openmesh,openmesh 2023-12-10 16,radar okrig_add [nearby + gauges] (5 km variogram),R+L+G,608,-0.241,1.2889,0.4236,0.828
openmesh,openmesh 2023-12-10 16,radar ked [nearby + gauges] (5 km variogram),R+L+G,608,-0.1235,1.3699,0.362,0.7958
openmesh,openmesh 2023-12-10 16,radar okrig_add [rnn + gauges] (5 km variogram),R+L+G,608,-0.008,1.1038,0.5872,0.8259
openmesh,openmesh 2023-12-10 16,radar ked [rnn + gauges] (5 km variogram),R+L+G,608,0.0302,1.1874,0.5266,0.812
openmesh,openmesh 2023-12-10 16,radar only okrig_add [gauges] (5 km variogram),R+G,608,-0.0339,1.0816,0.6013,0.8145
openmesh,openmesh 2023-12-10 16,radar only ked [gauges] (5 km variogram),R+G,608,0.0366,1.108,0.5877,0.8222
openmesh,openmesh 2023-12-10 16,radar only okrig_add [dynamic] (5 km variogram),R+L,608,0.9437,2.1616,0.275,0.8083
openmesh,openmesh 2023-12-10 16,radar only ked [dynamic] (5 km variogram),R+L,608,1.1676,3.12,0.1608,0.7759
openmesh,openmesh 2023-12-10 16,radar only okrig_add [constant] (5 km variogram),R+L,608,-0.389,1.4077,0.313,0.6835
openmesh,openmesh 2023-12-10 16,radar only ked [constant] (5 km variogram),R+L,608,0.1077,1.7917,0.1875,0.7452
openmesh,openmesh 2023-12-10 16,radar only okrig_add [pycomlink] (5 km variogram),R+L,608,-0.4899,1.3068,0.4311,0.6549
openmesh,openmesh 2023-12-10 16,radar only ked [pycomlink] (5 km variogram),R+L,608,-0.1338,1.399,0.3064,0.7646
openmesh,openmesh 2023-12-10 16,radar only okrig_add [nearby] (5 km variogram),R+L,608,-0.4332,1.402,0.3132,0.7632
openmesh,openmesh 2023-12-10 16,radar only ked [nearby] (5 km variogram),R+L,608,-0.1753,1.7521,0.2227,0.7309
openmesh,openmesh 2023-12-10 16,radar only okrig_add [rnn] (5 km variogram),R+L,608,0.0727,1.1471,0.5656,0.7792
openmesh,openmesh 2023-12-10 16,radar only ked [rnn] (5 km variogram),R+L,608,0.0587,1.3124,0.4593,0.7856
openmesh,openmesh 2023-12-10 16,radar only okrig_add [dynamic + gauges] (5 km variogram),R+L+G,608,0.4164,1.5915,0.3887,0.8198
openmesh,openmesh 2023-12-10 16,radar only ked [dynamic + gauges] (5 km variogram),R+L+G,608,0.5764,1.9067,0.3327,0.7861
openmesh,openmesh 2023-12-10 16,radar only okrig_add [constant + gauges] (5 km variogram),R+L+G,608,-0.3377,1.2529,0.4545,0.7812
openmesh,openmesh 2023-12-10 16,radar only ked [constant + gauges] (5 km variogram),R+L+G,608,-0.0012,1.4241,0.3765,0.7966
openmesh,openmesh 2023-12-10 16,radar only okrig_add [pycomlink + gauges] (5 km variogram),R+L+G,608,-0.3639,1.2075,0.5108,0.7766
openmesh,openmesh 2023-12-10 16,radar only ked [pycomlink + gauges] (5 km variogram),R+L+G,608,-0.0955,1.3053,0.4266,0.8021
openmesh,openmesh 2023-12-10 16,radar only okrig_add [nearby + gauges] (5 km variogram),R+L+G,608,-0.2422,1.2906,0.4218,0.8214
openmesh,openmesh 2023-12-10 16,radar only ked [nearby + gauges] (5 km variogram),R+L+G,608,-0.0529,1.5101,0.3381,0.7785
openmesh,openmesh 2023-12-10 16,radar only okrig_add [rnn + gauges] (5 km variogram),R+L+G,608,-0.0111,1.1057,0.5857,0.8292
openmesh,openmesh 2023-12-10 16,radar only ked [rnn + gauges] (5 km variogram),R+L+G,608,0.0442,1.1896,0.5297,0.8007
openmesh,openmesh 2023-12-17 18,radar,R,606,0.1233,0.9782,0.8191,0.8032
openmesh,openmesh 2023-12-17 18,radar only,R,606,-0.293,1.2258,0.7988,0.7946
openmesh,openmesh 2023-12-17 18,links dynamic idw,L,606,0.8548,1.6714,0.6518,0.6628
openmesh,openmesh 2023-12-17 18,links dynamic line,L,606,0.7936,1.5594,0.677,0.6871
openmesh,openmesh 2023-12-17 18,links constant idw,L,606,-0.1228,1.4546,0.5813,0.5758
openmesh,openmesh 2023-12-17 18,links constant line,L,606,-0.1293,1.4281,0.5883,0.6011
openmesh,openmesh 2023-12-17 18,links pycomlink idw,L,606,-0.4808,1.3261,0.7011,0.5308
openmesh,openmesh 2023-12-17 18,links pycomlink line,L,606,-0.4799,1.3106,0.7236,0.54
openmesh,openmesh 2023-12-17 18,links nearby idw,L,606,-0.4932,1.4254,0.647,0.6577
openmesh,openmesh 2023-12-17 18,links nearby line,L,606,-0.4904,1.4087,0.678,0.6808
openmesh,openmesh 2023-12-17 18,links rnn idw,L,606,-0.0508,1.2195,0.7074,0.7143
openmesh,openmesh 2023-12-17 18,links rnn line,L,606,-0.0416,1.2269,0.7018,0.7074
openmesh,openmesh 2023-12-17 18,gauges,G,606,0.0239,0.9336,0.8345,0.8032
openmesh,openmesh 2023-12-17 18,links dynamic + gauges,L+G,606,0.4689,1.3568,0.7246,0.6661
openmesh,openmesh 2023-12-17 18,links constant + gauges,L+G,606,-0.0394,1.176,0.7301,0.714
openmesh,openmesh 2023-12-17 18,links pycomlink + gauges,L+G,606,-0.2192,1.0835,0.7789,0.7087
openmesh,openmesh 2023-12-17 18,links nearby + gauges,L+G,606,-0.1956,1.0692,0.7873,0.7427
openmesh,openmesh 2023-12-17 18,links rnn + gauges,L+G,606,-0.0257,1.044,0.7902,0.7611
openmesh,openmesh 2023-12-17 18,radar mfb [gauges],R+G,606,0.0083,0.969,0.819,0.8008
openmesh,openmesh 2023-12-17 18,radar add [gauges],R+G,606,0.0199,0.887,0.8509,0.8138
openmesh,openmesh 2023-12-17 18,radar mul [gauges],R+G,606,0.0318,0.8764,0.8547,0.8032
openmesh,openmesh 2023-12-17 18,radar idw_add [gauges],R+G,606,0.0293,0.8882,0.8509,0.813
openmesh,openmesh 2023-12-17 18,radar idw_mul [gauges],R+G,606,0.0216,0.8776,0.8544,0.8068
openmesh,openmesh 2023-12-17 18,radar okrig_add [gauges],R+G,606,-0.025,0.8564,0.8618,0.7984
openmesh,openmesh 2023-12-17 18,radar ked [gauges],R+G,606,0.1107,0.9727,0.8261,0.806
openmesh,openmesh 2023-12-17 18,radar mfb [dynamic],R+L,606,0.5233,1.2083,0.765,0.8032
openmesh,openmesh 2023-12-17 18,radar add [dynamic],R+L,606,0.8344,1.6599,0.6524,0.6661
openmesh,openmesh 2023-12-17 18,radar mul [dynamic],R+L,606,0.5059,1.3959,0.7218,0.8032
openmesh,openmesh 2023-12-17 18,radar idw_add [dynamic],R+L,606,0.6818,1.4697,0.7005,0.778
openmesh,openmesh 2023-12-17 18,radar idw_mul [dynamic],R+L,606,0.689,1.5257,0.6804,0.8032
openmesh,openmesh 2023-12-17 18,radar okrig_add [dynamic],R+L,606,0.7267,1.6778,0.6181,0.7931
openmesh,openmesh 2023-12-17 18,radar ked [dynamic],R+L,606,0.7315,2.1323,0.4901,0.7234
openmesh,openmesh 2023-12-17 18,radar mfb [constant],R+L,606,-0.1178,1.16,0.7353,0.8032
openmesh,openmesh 2023-12-17 18,radar add [constant],R+L,606,-0.1343,1.4495,0.5835,0.5844
openmesh,openmesh 2023-12-17 18,radar mul [constant],R+L,606,-0.1206,1.3808,0.6166,0.8032
openmesh,openmesh 2023-12-17 18,radar idw_add [constant],R+L,606,-0.1796,1.3954,0.6051,0.6427
openmesh,openmesh 2023-12-17 18,radar idw_mul [constant],R+L,606,-0.1868,1.4027,0.6012,0.6375
openmesh,openmesh 2023-12-17 18,radar okrig_add [constant],R+L,606,-0.1179,1.4872,0.5592,0.628
openmesh,openmesh 2023-12-17 18,radar ked [constant],R+L,606,0.293,1.8863,0.5365,0.7545
openmesh,openmesh 2023-12-17 18,radar mfb [pycomlink],R+L,606,-0.505,1.3222,0.775,0.748
openmesh,openmesh 2023-12-17 18,radar add [pycomlink],R+L,606,-0.4901,1.3279,0.7042,0.5275
openmesh,openmesh 2023-12-17 18,radar mul [pycomlink],R+L,606,-0.4233,1.273,0.7326,0.8032
openmesh,openmesh 2023-12-17 18,radar idw_add [pycomlink],R+L,606,-0.5137,1.3117,0.739,0.5821
openmesh,openmesh 2023-12-17 18,radar idw_mul [pycomlink],R+L,606,-0.5108,1.3155,0.7351,0.618
openmesh,openmesh 2023-12-17 18,radar okrig_add [pycomlink],R+L,606,-0.5149,1.357,0.6915,0.5802
openmesh,openmesh 2023-12-17 18,radar ked [pycomlink],R+L,606,-0.2126,1.3015,0.6558,0.7455
openmesh,openmesh 2023-12-17 18,radar mfb [nearby],R+L,606,-0.504,1.4134,0.7412,0.7928
openmesh,openmesh 2023-12-17 18,radar add [nearby],R+L,606,-0.5062,1.4251,0.6521,0.626
openmesh,openmesh 2023-12-17 18,radar mul [nearby],R+L,606,-0.4473,1.3563,0.7092,0.8032
openmesh,openmesh 2023-12-17 18,radar idw_add [nearby],R+L,606,-0.5195,1.4093,0.6967,0.6531
openmesh,openmesh 2023-12-17 18,radar idw_mul [nearby],R+L,606,-0.5154,1.4083,0.6974,0.7012
openmesh,openmesh 2023-12-17 18,radar okrig_add [nearby],R+L,606,-0.5308,1.4576,0.6414,0.6715
openmesh,openmesh 2023-12-17 18,radar ked [nearby],R+L,606,-0.2639,1.4014,0.5789,0.7756
openmesh,openmesh 2023-12-17 18,radar mfb [rnn],R+L,606,-0.0867,1.2193,0.7175,0.7928
openmesh,openmesh 2023-12-17 18,radar add [rnn],R+L,606,-0.0714,1.2192,0.7095,0.7179
openmesh,openmesh 2023-12-17 18,radar mul [rnn],R+L,606,-0.0997,1.17,0.7426,0.8032
openmesh,openmesh 2023-12-17 18,radar idw_add [rnn],R+L,606,-0.0882,1.2093,0.7185,0.7625
openmesh,openmesh 2023-12-17 18,radar idw_mul [rnn],R+L,606,-0.0726,1.2125,0.7144,0.7725
openmesh,openmesh 2023-12-17 18,radar okrig_add [rnn],R+L,606,-0.0807,1.2223,0.7077,0.7695
openmesh,openmesh 2023-12-17 18,radar ked [rnn],R+L,606,-0.0711,1.247,0.6824,0.7893
openmesh,openmesh 2023-12-17 18,radar mfb [dynamic + gauges],R+L+G,606,0.2254,1.0085,0.8128,0.8032
openmesh,openmesh 2023-12-17 18,radar add [dynamic + gauges],R+L+G,606,0.4566,1.335,0.7304,0.6672
openmesh,openmesh 2023-12-17 18,radar mul [dynamic + gauges],R+L+G,606,0.2883,1.1575,0.7813,0.8032
openmesh,openmesh 2023-12-17 18,radar idw_add [dynamic + gauges],R+L+G,606,0.3527,1.1664,0.7757,0.7835
openmesh,openmesh 2023-12-17 18,radar idw_mul [dynamic + gauges],R+L+G,606,0.3499,1.1724,0.7731,0.7992
openmesh,openmesh 2023-12-17 18,radar okrig_add [dynamic + gauges],R+L+G,606,0.252,1.1194,0.7871,0.7657
openmesh,openmesh 2023-12-17 18,radar ked [dynamic + gauges],R+L+G,606,0.4034,1.3634,0.7219,0.7735
openmesh,openmesh 2023-12-17 18,radar mfb [constant + gauges],R+L+G,606,-0.0361,0.9896,0.8117,0.8032
openmesh,openmesh 2023-12-17 18,radar add [constant + gauges],R+L+G,606,-0.0502,1.155,0.7388,0.7124
openmesh,openmesh 2023-12-17 18,radar mul [constant + gauges],R+L+G,606,-0.0343,1.1187,0.754,0.8032
openmesh,openmesh 2023-12-17 18,radar idw_add [constant + gauges],R+L+G,606,-0.0643,1.1067,0.7601,0.7525
openmesh,openmesh 2023-12-17 18,radar idw_mul [constant + gauges],R+L+G,606,-0.0689,1.106,0.7605,0.7789
openmesh,openmesh 2023-12-17 18,radar okrig_add [constant + gauges],R+L+G,606,-0.0171,1.0694,0.7806,0.7771
openmesh,openmesh 2023-12-17 18,radar ked [constant + gauges],R+L+G,606,0.2827,1.5152,0.6563,0.7916
openmesh,openmesh 2023-12-17 18,radar mfb [pycomlink + gauges],R+L+G,606,-0.1823,1.0072,0.8184,0.8032
openmesh,openmesh 2023-12-17 18,radar add [pycomlink + gauges],R+L+G,606,-0.2299,1.0615,0.7926,0.7131
openmesh,openmesh 2023-12-17 18,radar mul [pycomlink + gauges],R+L+G,606,-0.1879,1.0344,0.803,0.8032
openmesh,openmesh 2023-12-17 18,radar idw_add [pycomlink + gauges],R+L+G,606,-0.2198,1.0201,0.8114,0.7583
openmesh,openmesh 2023-12-17 18,radar idw_mul [pycomlink + gauges],R+L+G,606,-0.2208,1.0178,0.813,0.771
openmesh,openmesh 2023-12-17 18,radar okrig_add [pycomlink + gauges],R+L+G,606,-0.1819,0.9764,0.8235,0.7759
openmesh,openmesh 2023-12-17 18,radar ked [pycomlink + gauges],R+L+G,606,0.0346,1.1208,0.7614,0.798
openmesh,openmesh 2023-12-17 18,radar mfb [nearby + gauges],R+L+G,606,-0.1468,1.0086,0.8184,0.8032
openmesh,openmesh 2023-12-17 18,radar add [nearby + gauges],R+L+G,606,-0.2052,1.0454,0.8028,0.7461
openmesh,openmesh 2023-12-17 18,radar mul [nearby + gauges],R+L+G,606,-0.1726,1.019,0.8142,0.8032
openmesh,openmesh 2023-12-17 18,radar idw_add [nearby + gauges],R+L+G,606,-0.1914,1.0227,0.8124,0.7787
openmesh,openmesh 2023-12-17 18,radar idw_mul [nearby + gauges],R+L+G,606,-0.1917,1.0187,0.8147,0.7864
openmesh,openmesh 2023-12-17 18,radar okrig_add [nearby + gauges],R+L+G,606,-0.1534,0.9738,0.8238,0.7952
openmesh,openmesh 2023-12-17 18,radar ked [nearby + gauges],R+L+G,606,0.0333,1.137,0.7523,0.7976
openmesh,openmesh 2023-12-17 18,radar mfb [rnn + gauges],R+L+G,606,-0.035,1.002,0.8127,0.8032
openmesh,openmesh 2023-12-17 18,radar add [rnn + gauges],R+L+G,606,-0.0384,1.0211,0.804,0.7519
openmesh,openmesh 2023-12-17 18,radar mul [rnn + gauges],R+L+G,606,-0.0434,1.0037,0.8118,0.8032
openmesh,openmesh 2023-12-17 18,radar idw_add [rnn + gauges],R+L+G,606,-0.0399,0.9947,0.8154,0.7886
openmesh,openmesh 2023-12-17 18,radar idw_mul [rnn + gauges],R+L+G,606,-0.0383,0.991,0.8174,0.8008
openmesh,openmesh 2023-12-17 18,radar okrig_add [rnn + gauges],R+L+G,606,-0.0462,0.9363,0.8362,0.787
openmesh,openmesh 2023-12-17 18,radar ked [rnn + gauges],R+L+G,606,0.0714,1.1031,0.7616,0.8004
openmesh,openmesh 2023-12-17 18,radar only mfb [gauges],R+G,606,0.0066,0.9754,0.8163,0.8099
openmesh,openmesh 2023-12-17 18,radar only add [gauges],R+G,606,0.0213,0.9001,0.8466,0.7944
openmesh,openmesh 2023-12-17 18,radar only mul [gauges],R+G,606,-0.0061,0.8735,0.8561,0.8078
openmesh,openmesh 2023-12-17 18,radar only idw_add [gauges],R+G,606,0.0309,0.9032,0.8459,0.8008
openmesh,openmesh 2023-12-17 18,radar only idw_mul [gauges],R+G,606,0.0288,0.8785,0.8544,0.8032
openmesh,openmesh 2023-12-17 18,radar only okrig_add [gauges],R+G,606,-0.0253,0.8681,0.8577,0.7863
openmesh,openmesh 2023-12-17 18,radar only ked [gauges],R+G,606,0.1203,1.0095,0.8177,0.7827
openmesh,openmesh 2023-12-17 18,radar only mfb [dynamic],R+L,606,0.5285,1.2133,0.763,0.7946
openmesh,openmesh 2023-12-17 18,radar only add [dynamic],R+L,606,0.8442,1.66,0.6554,0.6628
openmesh,openmesh 2023-12-17 18,radar only mul [dynamic],R+L,606,0.4575,1.2968,0.7358,0.7946
openmesh,openmesh 2023-12-17 18,radar only idw_add [dynamic],R+L,606,0.6928,1.4706,0.7032,0.7755
openmesh,openmesh 2023-12-17 18,radar only idw_mul [dynamic],R+L,606,0.7382,1.5673,0.6727,0.7908
openmesh,openmesh 2023-12-17 18,radar only okrig_add [dynamic],R+L,606,0.7352,1.6724,0.6209,0.7818
openmesh,openmesh 2023-12-17 18,radar only ked [dynamic],R+L,606,0.7892,1.7835,0.614,0.7606
openmesh,openmesh 2023-12-17 18,radar only mfb [constant],R+L,606,-0.1082,1.17,0.729,0.7946
openmesh,openmesh 2023-12-17 18,radar only add [constant],R+L,606,-0.1255,1.442,0.5878,0.5882
openmesh,openmesh 2023-12-17 18,radar only mul [constant],R+L,606,-0.1603,1.3571,0.6228,0.8066
openmesh,openmesh 2023-12-17 18,radar only idw_add [constant],R+L,606,-0.1727,1.3857,0.6108,0.6393
openmesh,openmesh 2023-12-17 18,radar only idw_mul [constant],R+L,606,-0.1774,1.4085,0.5986,0.633
openmesh,openmesh 2023-12-17 18,radar only okrig_add [constant],R+L,606,-0.1173,1.4839,0.5607,0.6503
openmesh,openmesh 2023-12-17 18,radar only ked [constant],R+L,606,0.3418,1.8549,0.5589,0.7621
openmesh,openmesh 2023-12-17 18,radar only mfb [pycomlink],R+L,606,-0.5036,1.3287,0.7695,0.7857
openmesh,openmesh 2023-12-17 18,radar only add [pycomlink],R+L,606,-0.4834,1.3182,0.71,0.54
openmesh,openmesh 2023-12-17 18,radar only mul [pycomlink],R+L,606,-0.4464,1.288,0.7372,0.8094
openmesh,openmesh 2023-12-17 18,radar only idw_add [pycomlink],R+L,606,-0.5058,1.301,0.745,0.6055
openmesh,openmesh 2023-12-17 18,radar only idw_mul [pycomlink],R+L,606,-0.5098,1.3073,0.7409,0.6115
openmesh,openmesh 2023-12-17 18,radar only okrig_add [pycomlink],R+L,606,-0.5132,1.3555,0.6922,0.6008
openmesh,openmesh 2023-12-17 18,radar only ked [pycomlink],R+L,606,-0.2004,1.2609,0.6794,0.7616
openmesh,openmesh 2023-12-17 18,radar only mfb [nearby],R+L,606,-0.5009,1.4141,0.7398,0.7938
openmesh,openmesh 2023-12-17 18,radar only add [nearby],R+L,606,-0.5018,1.4174,0.6596,0.6348
openmesh,openmesh 2023-12-17 18,radar only mul [nearby],R+L,606,-0.4673,1.377,0.7081,0.7958
openmesh,openmesh 2023-12-17 18,radar only idw_add [nearby],R+L,606,-0.514,1.4002,0.7061,0.6514
openmesh,openmesh 2023-12-17 18,radar only idw_mul [nearby],R+L,606,-0.5134,1.4,0.707,0.6926
openmesh,openmesh 2023-12-17 18,radar only okrig_add [nearby],R+L,606,-0.5278,1.4596,0.6383,0.6875
openmesh,openmesh 2023-12-17 18,radar only ked [nearby],R+L,606,-0.2885,1.3969,0.5865,0.7679
openmesh,openmesh 2023-12-17 18,radar only mfb [rnn],R+L,606,-0.0875,1.2248,0.7145,0.7946
openmesh,openmesh 2023-12-17 18,radar only add [rnn],R+L,606,-0.0635,1.2144,0.7121,0.7269
openmesh,openmesh 2023-12-17 18,radar only mul [rnn],R+L,606,-0.1294,1.1875,0.7417,0.7992
openmesh,openmesh 2023-12-17 18,radar only idw_add [rnn],R+L,606,-0.0804,1.2049,0.7205,0.7761
openmesh,openmesh 2023-12-17 18,radar only idw_mul [rnn],R+L,606,-0.0584,1.217,0.7096,0.773
openmesh,openmesh 2023-12-17 18,radar only okrig_add [rnn],R+L,606,-0.0748,1.2206,0.7084,0.7776
openmesh,openmesh 2023-12-17 18,radar only ked [rnn],R+L,606,-0.0538,1.256,0.6746,0.7716
openmesh,openmesh 2023-12-17 18,radar only mfb [dynamic + gauges],R+L+G,606,0.2295,1.0132,0.8112,0.7946
openmesh,openmesh 2023-12-17 18,radar only add [dynamic + gauges],R+L+G,606,0.4613,1.3414,0.7301,0.6622
openmesh,openmesh 2023-12-17 18,radar only mul [dynamic + gauges],R+L+G,606,0.2386,1.0679,0.7988,0.7946
openmesh,openmesh 2023-12-17 18,radar only idw_add [dynamic + gauges],R+L+G,606,0.3539,1.1725,0.7751,0.7859
openmesh,openmesh 2023-12-17 18,radar only idw_mul [dynamic + gauges],R+L+G,606,0.3703,1.189,0.7708,0.7919
openmesh,openmesh 2023-12-17 18,radar only okrig_add [dynamic + gauges],R+L+G,606,0.2495,1.1266,0.7847,0.7622
openmesh,openmesh 2023-12-17 18,radar only ked [dynamic + gauges],R+L+G,606,0.4437,1.3589,0.732,0.7588
openmesh,openmesh 2023-12-17 18,radar only mfb [constant + gauges],R+L+G,606,-0.0343,0.996,0.8091,0.7927
openmesh,openmesh 2023-12-17 18,radar only add [constant + gauges],R+L+G,606,-0.0458,1.1605,0.7372,0.7046
openmesh,openmesh 2023-12-17 18,radar only mul [constant + gauges],R+L+G,606,-0.0732,1.1084,0.7569,0.8066
openmesh,openmesh 2023-12-17 18,radar only idw_add [constant + gauges],R+L+G,606,-0.0614,1.1122,0.7585,0.7681
openmesh,openmesh 2023-12-17 18,radar only idw_mul [constant + gauges],R+L+G,606,-0.0593,1.1149,0.7575,0.768
openmesh,openmesh 2023-12-17 18,radar only okrig_add [constant + gauges],R+L+G,606,-0.0201,1.0791,0.7771,0.7834
openmesh,openmesh 2023-12-17 18,radar only ked [constant + gauges],R+L+G,606,0.3338,1.5538,0.6574,0.7895
openmesh,openmesh 2023-12-17 18,radar only mfb [pycomlink + gauges],R+L+G,606,-0.1824,1.0139,0.8157,0.8023
openmesh,openmesh 2023-12-17 18,radar only add [pycomlink + gauges],R+L+G,606,-0.2249,1.0678,0.7879,0.699
openmesh,openmesh 2023-12-17 18,radar only mul [pycomlink + gauges],R+L+G,606,-0.2181,1.0498,0.8014,0.8063
openmesh,openmesh 2023-12-17 18,radar only idw_add [pycomlink + gauges],R+L+G,606,-0.2147,1.0264,0.8067,0.7536
openmesh,openmesh 2023-12-17 18,radar only idw_mul [pycomlink + gauges],R+L+G,606,-0.2147,1.0179,0.8109,0.7652
openmesh,openmesh 2023-12-17 18,radar only okrig_add [pycomlink + gauges],R+L+G,606,-0.1805,0.9887,0.8179,0.7757
openmesh,openmesh 2023-12-17 18,radar only ked [pycomlink + gauges],R+L+G,606,0.0655,1.1353,0.7613,0.7988
openmesh,openmesh 2023-12-17 18,radar only mfb [nearby + gauges],R+L+G,606,-0.1461,1.0143,0.8159,0.8035
openmesh,openmesh 2023-12-17 18,radar only add [nearby + gauges],R+L+G,606,-0.2016,1.049,0.799,0.7397
openmesh,openmesh 2023-12-17 18,radar only mul [nearby + gauges],R+L+G,606,-0.2013,1.0339,0.8135,0.7988
openmesh,openmesh 2023-12-17 18,radar only idw_add [nearby + gauges],R+L+G,606,-0.1876,1.0254,0.8089,0.7745
openmesh,openmesh 2023-12-17 18,radar only idw_mul [nearby + gauges],R+L+G,606,-0.1853,1.0142,0.8143,0.7776
openmesh,openmesh 2023-12-17 18,radar only okrig_add [nearby + gauges],R+L+G,606,-0.1524,0.9827,0.8195,0.7849
openmesh,openmesh 2023-12-17 18,radar only ked [nearby + gauges],R+L+G,606,0.0359,1.1669,0.741,0.7896
openmesh,openmesh 2023-12-17 18,radar only mfb [rnn + gauges],R+L+G,606,-0.0339,1.0105,0.8092,0.8054
openmesh,openmesh 2023-12-17 18,radar only add [rnn + gauges],R+L+G,606,-0.0342,1.0274,0.7993,0.7584
openmesh,openmesh 2023-12-17 18,radar only mul [rnn + gauges],R+L+G,606,-0.0774,1.0181,0.8102,0.8008
openmesh,openmesh 2023-12-17 18,radar only idw_add [rnn + gauges],R+L+G,606,-0.035,0.9989,0.8117,0.7812
openmesh,openmesh 2023-12-17 18,radar only idw_mul [rnn + gauges],R+L+G,606,-0.0288,0.9933,0.8144,0.8039
openmesh,openmesh 2023-12-17 18,radar only okrig_add [rnn + gauges],R+L+G,606,-0.0458,0.9482,0.8305,0.7852
openmesh,openmesh 2023-12-17 18,radar only ked [rnn + gauges],R+L+G,606,0.0844,1.0848,0.7696,0.7946
openmesh,openmesh 2023-12-17 18,radar okrig_add [gauges] (5 km variogram),R+G,606,0.0262,0.8635,0.8594,0.8089
openmesh,openmesh 2023-12-17 18,radar ked [gauges] (5 km variogram),R+G,606,0.1241,0.969,0.8289,0.8004
openmesh,openmesh 2023-12-17 18,radar okrig_add [dynamic] (5 km variogram),R+L,606,0.7186,1.4892,0.722,0.7871
openmesh,openmesh 2023-12-17 18,radar ked [dynamic] (5 km variogram),R+L,606,0.6416,1.8528,0.5508,0.7505
openmesh,openmesh 2023-12-17 18,radar okrig_add [constant] (5 km variogram),R+L,606,-0.1588,1.3354,0.6381,0.638
openmesh,openmesh 2023-12-17 18,radar ked [constant] (5 km variogram),R+L,606,0.4155,1.9369,0.5801,0.7505
openmesh,openmesh 2023-12-17 18,radar okrig_add [pycomlink] (5 km variogram),R+L,606,-0.4767,1.2935,0.7278,0.5958
openmesh,openmesh 2023-12-17 18,radar ked [pycomlink] (5 km variogram),R+L,606,-0.2267,1.2103,0.7108,0.7784
openmesh,openmesh 2023-12-17 18,radar okrig_add [nearby] (5 km variogram),R+L,606,-0.5042,1.3944,0.6986,0.6646
openmesh,openmesh 2023-12-17 18,radar ked [nearby] (5 km variogram),R+L,606,-0.294,1.4044,0.586,0.7804
openmesh,openmesh 2023-12-17 18,radar okrig_add [rnn] (5 km variogram),R+L,606,-0.0368,1.2155,0.7036,0.7745
openmesh,openmesh 2023-12-17 18,radar ked [rnn] (5 km variogram),R+L,606,-0.0411,1.2469,0.6795,0.8012
openmesh,openmesh 2023-12-17 18,radar okrig_add [dynamic + gauges] (5 km variogram),R+L+G,606,0.3187,1.1683,0.7759,0.7816
openmesh,openmesh 2023-12-17 18,radar ked [dynamic + gauges] (5 km variogram),R+L+G,606,0.3982,1.3445,0.7286,0.7836
openmesh,openmesh 2023-12-17 18,radar okrig_add [constant + gauges] (5 km variogram),R+L+G,606,-0.0195,1.0662,0.7786,0.7673
openmesh,openmesh 2023-12-17 18,radar ked [constant + gauges] (5 km variogram),R+L+G,606,0.241,1.4079,0.6784,0.7904
openmesh,openmesh 2023-12-17 18,radar okrig_add [pycomlink + gauges] (5 km variogram),R+L+G,606,-0.1775,0.9895,0.8188,0.7921
openmesh,openmesh 2023-12-17 18,radar ked [pycomlink + gauges] (5 km variogram),R+L+G,606,-0.0014,1.1031,0.7631,0.7944
openmesh,openmesh 2023-12-17 18,radar okrig_add [nearby + gauges] (5 km variogram),R+L+G,606,-0.1411,0.9669,0.8289,0.7916
openmesh,openmesh 2023-12-17 18,radar ked [nearby + gauges] (5 km variogram),R+L+G,606,0.0076,1.0984,0.7636,0.7964
openmesh,openmesh 2023-12-17 18,radar okrig_add [rnn + gauges] (5 km variogram),R+L+G,606,-0.0293,0.9739,0.8217,0.7941
openmesh,openmesh 2023-12-17 18,radar ked [rnn + gauges] (5 km variogram),R+L+G,606,0.0658,1.127,0.7482,0.7948
openmesh,openmesh 2023-12-17 18,radar only okrig_add [gauges] (5 km variogram),R+G,606,0.0259,0.8766,0.855,0.8057
openmesh,openmesh 2023-12-17 18,radar only ked [gauges] (5 km variogram),R+G,606,0.1322,0.9869,0.8266,0.7865
openmesh,openmesh 2023-12-17 18,radar only okrig_add [dynamic] (5 km variogram),R+L,606,0.7242,1.4909,0.7227,0.7811
openmesh,openmesh 2023-12-17 18,radar only ked [dynamic] (5 km variogram),R+L,606,0.77,1.6366,0.681,0.7765
openmesh,openmesh 2023-12-17 18,radar only okrig_add [constant] (5 km variogram),R+L,606,-0.1619,1.3279,0.643,0.6571
openmesh,openmesh 2023-12-17 18,radar only ked [constant] (5 km variogram),R+L,606,0.3062,1.7057,0.5802,0.7296
openmesh,openmesh 2023-12-17 18,radar only okrig_add [pycomlink] (5 km variogram),R+L,606,-0.4707,1.2879,0.7312,0.6307
openmesh,openmesh 2023-12-17 18,radar only ked [pycomlink] (5 km variogram),R+L,606,-0.2515,1.2406,0.6942,0.7625
openmesh,openmesh 2023-12-17 18,radar only okrig_add [nearby] (5 km variogram),R+L,606,-0.5016,1.3898,0.7054,0.6922
openmesh,openmesh 2023-12-17 18,radar only ked [nearby] (5 km variogram),R+L,606,-0.315,1.4078,0.5856,0.7817
openmesh,openmesh 2023-12-17 18,radar only okrig_add [rnn] (5 km variogram),R+L,606,-0.0297,1.2133,0.7053,0.7799
openmesh,openmesh 2023-12-17 18,radar only ked [rnn] (5 km variogram),R+L,606,-0.0191,1.2497,0.6766,0.7869
openmesh,openmesh 2023-12-17 18,radar only okrig_add [dynamic + gauges] (5 km variogram),R+L+G,606,0.3141,1.1779,0.7731,0.7793
openmesh,openmesh 2023-12-17 18,radar only ked [dynamic + gauges] (5 km variogram),R+L+G,606,0.4442,1.3417,0.7397,0.7592
openmesh,openmesh 2023-12-17 18,radar only okrig_add [constant + gauges] (5 km variogram),R+L+G,606,-0.0309,1.0722,0.7768,0.7944
openmesh,openmesh 2023-12-17 18,radar only ked [constant + gauges] (5 km variogram),R+L+G,606,0.2714,1.4043,0.6874,0.7842
openmesh,openmesh 2023-12-17 18,radar only okrig_add [pycomlink + gauges] (5 km variogram),R+L+G,606,-0.1757,1.0004,0.8133,0.7897
openmesh,openmesh 2023-12-17 18,radar only ked [pycomlink + gauges] (5 km variogram),R+L+G,606,0.0158,1.1037,0.7666,0.7961
openmesh,openmesh 2023-12-17 18,radar only okrig_add [nearby + gauges] (5 km variogram),R+L+G,606,-0.1404,0.976,0.8238,0.7837
openmesh,openmesh 2023-12-17 18,radar only ked [nearby + gauges] (5 km variogram),R+L+G,606,-0.0043,1.1172,0.756,0.7876
openmesh,openmesh 2023-12-17 18,radar only okrig_add [rnn + gauges] (5 km variogram),R+L+G,606,-0.0289,0.9859,0.8151,0.7888
openmesh,openmesh 2023-12-17 18,radar only ked [rnn + gauges] (5 km variogram),R+L+G,606,0.0799,1.0933,0.764,0.7938
openmesh,openmesh 2023-12-27 15,radar,R,630,0.0751,1.0706,0.8528,0.6545
openmesh,openmesh 2023-12-27 15,radar only,R,630,-0.1992,1.2916,0.8148,0.594
openmesh,openmesh 2023-12-27 15,links dynamic idw,L,630,1.7744,3.2255,0.4894,0.4822
openmesh,openmesh 2023-12-27 15,links dynamic line,L,630,1.6982,2.9558,0.5476,0.4837
openmesh,openmesh 2023-12-27 15,links constant idw,L,630,0.1995,2.2171,0.5604,0.5282
openmesh,openmesh 2023-12-27 15,links constant line,L,630,0.2138,1.8721,0.6502,0.5563
openmesh,openmesh 2023-12-27 15,links pycomlink idw,L,630,-0.1963,1.8819,0.5559,0.571
openmesh,openmesh 2023-12-27 15,links pycomlink line,L,630,-0.1936,1.6742,0.627,0.6064
openmesh,openmesh 2023-12-27 15,links nearby idw,L,630,-0.3565,1.8092,0.5249,0.5731
openmesh,openmesh 2023-12-27 15,links nearby line,L,630,-0.3133,1.7224,0.572,0.5982
openmesh,openmesh 2023-12-27 15,links rnn idw,L,630,0.0669,1.3368,0.7545,0.638
openmesh,openmesh 2023-12-27 15,links rnn line,L,630,0.1003,1.35,0.7506,0.658
openmesh,openmesh 2023-12-27 15,gauges,G,630,-0.0205,1.0597,0.8532,0.6667
openmesh,openmesh 2023-12-27 15,links dynamic + gauges,L+G,630,1.2187,2.7121,0.5152,0.4905
openmesh,openmesh 2023-12-27 15,links constant + gauges,L+G,630,0.1209,2.0219,0.5868,0.5459
openmesh,openmesh 2023-12-27 15,links pycomlink + gauges,L+G,630,-0.1401,1.6983,0.6296,0.6128
openmesh,openmesh 2023-12-27 15,links nearby + gauges,L+G,630,-0.2587,1.4147,0.7299,0.6204
openmesh,openmesh 2023-12-27 15,links rnn + gauges,L+G,630,0.0378,1.1991,0.8076,0.646
openmesh,openmesh 2023-12-27 15,radar mfb [gauges],R+G,630,0.0082,1.0819,0.8474,0.6706
openmesh,openmesh 2023-12-27 15,radar add [gauges],R+G,630,0.0061,1.0615,0.8529,0.6554
openmesh,openmesh 2023-12-27 15,radar mul [gauges],R+G,630,0.0052,1.0577,0.8543,0.6545
openmesh,openmesh 2023-12-27 15,radar idw_add [gauges],R+G,630,-0.0221,1.0668,0.8515,0.6598
openmesh,openmesh 2023-12-27 15,radar idw_mul [gauges],R+G,630,-0.017,1.0693,0.8509,0.6667
openmesh,openmesh 2023-12-27 15,radar okrig_add [gauges],R+G,630,-0.0276,1.0947,0.845,0.6588
openmesh,openmesh 2023-12-27 15,radar ked [gauges],R+G,630,0.1006,1.2913,0.7977,0.6545
openmesh,openmesh 2023-12-27 15,radar mfb [dynamic],R+L,630,0.7767,1.7995,0.7661,0.6545
openmesh,openmesh 2023-12-27 15,radar add [dynamic],R+L,630,1.8099,3.249,0.4999,0.483
openmesh,openmesh 2023-12-27 15,radar mul [dynamic],R+L,630,0.733,2.3991,0.6562,0.6545
openmesh,openmesh 2023-12-27 15,radar idw_add [dynamic],R+L,630,1.0922,2.6066,0.6294,0.6158
openmesh,openmesh 2023-12-27 15,radar idw_mul [dynamic],R+L,630,2.1471,10.883,0.1554,0.6545
openmesh,openmesh 2023-12-27 15,radar okrig_add [dynamic],R+L,630,1.1831,3.1599,0.5502,0.6192
openmesh,openmesh 2023-12-27 15,radar ked [dynamic],R+L,630,0.9614,3.1928,0.5759,0.5881
openmesh,openmesh 2023-12-27 15,radar mfb [constant],R+L,630,0.1121,1.0897,0.8505,0.6441
openmesh,openmesh 2023-12-27 15,radar add [constant],R+L,630,0.2376,2.2197,0.5712,0.5281
openmesh,openmesh 2023-12-27 15,radar mul [constant],R+L,630,0.1281,2.0485,0.6126,0.6545
openmesh,openmesh 2023-12-27 15,radar idw_add [constant],R+L,630,0.144,1.9643,0.6384,0.6139
openmesh,openmesh 2023-12-27 15,radar idw_mul [constant],R+L,630,0.4522,3.66,0.3804,0.6437
openmesh,openmesh 2023-12-27 15,radar okrig_add [constant],R+L,630,0.1107,2.242,0.5737,0.5591
openmesh,openmesh 2023-12-27 15,radar ked [constant],R+L,630,0.6619,2.8388,0.6497,0.5955
openmesh,openmesh 2023-12-27 15,radar mfb [pycomlink],R+L,630,-0.2174,1.1829,0.8361,0.6522
openmesh,openmesh 2023-12-27 15,radar add [pycomlink],R+L,630,-0.1552,1.8662,0.5693,0.5955
openmesh,openmesh 2023-12-27 15,radar mul [pycomlink],R+L,630,-0.142,1.7659,0.6037,0.6545
openmesh,openmesh 2023-12-27 15,radar idw_add [pycomlink],R+L,630,-0.1792,1.6634,0.6371,0.6246
openmesh,openmesh 2023-12-27 15,radar idw_mul [pycomlink],R+L,630,0.0534,2.8302,0.3761,0.6189
openmesh,openmesh 2023-12-27 15,radar okrig_add [pycomlink],R+L,630,-0.1982,1.8417,0.5807,0.5988
openmesh,openmesh 2023-12-27 15,radar ked [pycomlink],R+L,630,0.149,2.2383,0.614,0.6097
openmesh,openmesh 2023-12-27 15,radar mfb [nearby],R+L,630,-0.3639,1.4128,0.7885,0.6627
openmesh,openmesh 2023-12-27 15,radar add [nearby],R+L,630,-0.3171,1.7831,0.5413,0.6081
openmesh,openmesh 2023-12-27 15,radar mul [nearby],R+L,630,-0.2944,1.6636,0.6006,0.6545
openmesh,openmesh 2023-12-27 15,radar idw_add [nearby],R+L,630,-0.3278,1.6609,0.6052,0.6269
openmesh,openmesh 2023-12-27 15,radar idw_mul [nearby],R+L,630,-0.3549,1.6727,0.5994,0.6061
openmesh,openmesh 2023-12-27 15,radar okrig_add [nearby],R+L,630,-0.3743,1.8371,0.5121,0.5964
openmesh,openmesh 2023-12-27 15,radar ked [nearby],R+L,630,-0.2134,1.9582,0.5137,0.5677
openmesh,openmesh 2023-12-27 15,radar mfb [rnn],R+L,630,0.1441,1.3704,0.7473,0.6459
openmesh,openmesh 2023-12-27 15,radar add [rnn],R+L,630,0.1065,1.3331,0.7588,0.6347
openmesh,openmesh 2023-12-27 15,radar mul [rnn],R+L,630,0.0687,1.2768,0.7791,0.6545
openmesh,openmesh 2023-12-27 15,radar idw_add [rnn],R+L,630,0.1012,1.3205,0.764,0.625
openmesh,openmesh 2023-12-27 15,radar idw_mul [rnn],R+L,630,0.1086,1.3374,0.7581,0.6522
openmesh,openmesh 2023-12-27 15,radar okrig_add [rnn],R+L,630,0.0851,1.3338,0.7585,0.6455
openmesh,openmesh 2023-12-27 15,radar ked [rnn],R+L,630,0.0496,1.7514,0.6192,0.6304
openmesh,openmesh 2023-12-27 15,radar mfb [dynamic + gauges],R+L+G,630,0.4681,1.3703,0.8065,0.6545
openmesh,openmesh 2023-12-27 15,radar add [dynamic + gauges],R+L+G,630,1.2482,2.7202,0.5258,0.4931
openmesh,openmesh 2023-12-27 15,radar mul [dynamic + gauges],R+L+G,630,0.4843,2.0002,0.6782,0.6545
openmesh,openmesh 2023-12-27 15,radar idw_add [dynamic + gauges],R+L+G,630,0.7638,2.1163,0.6524,0.6049
openmesh,openmesh 2023-12-27 15,radar idw_mul [dynamic + gauges],R+L+G,630,1.2837,7.9503,0.1927,0.6581
openmesh,openmesh 2023-12-27 15,radar okrig_add [dynamic + gauges],R+L+G,630,0.5704,2.1419,0.6057,0.6086
openmesh,openmesh 2023-12-27 15,radar ked [dynamic + gauges],R+L+G,630,0.632,2.59,0.577,0.5949
openmesh,openmesh 2023-12-27 15,radar mfb [constant + gauges],R+L+G,630,0.0636,1.0815,0.8495,0.6545
openmesh,openmesh 2023-12-27 15,radar add [constant + gauges],R+L+G,630,0.1523,2.025,0.5954,0.5571
openmesh,openmesh 2023-12-27 15,radar mul [constant + gauges],R+L+G,630,0.0727,1.8726,0.637,0.6545
openmesh,openmesh 2023-12-27 15,radar idw_add [constant + gauges],R+L+G,630,0.0526,1.7974,0.6532,0.6078
openmesh,openmesh 2023-12-27 15,radar idw_mul [constant + gauges],R+L+G,630,0.2309,2.8847,0.4484,0.6418
openmesh,openmesh 2023-12-27 15,radar okrig_add [constant + gauges],R+L+G,630,-0.0307,1.7959,0.6376,0.6092
openmesh,openmesh 2023-12-27 15,radar ked [constant + gauges],R+L+G,630,0.469,2.2001,0.6753,0.6225
openmesh,openmesh 2023-12-27 15,radar mfb [pycomlink + gauges],R+L+G,630,-0.1015,1.0951,0.8461,0.6826
openmesh,openmesh 2023-12-27 15,radar add [pycomlink + gauges],R+L+G,630,-0.1066,1.6906,0.6381,0.6143
openmesh,openmesh 2023-12-27 15,radar mul [pycomlink + gauges],R+L+G,630,-0.0994,1.6088,0.6667,0.6545
openmesh,openmesh 2023-12-27 15,radar idw_add [pycomlink + gauges],R+L+G,630,-0.1328,1.4869,0.7091,0.6213
openmesh,openmesh 2023-12-27 15,radar idw_mul [pycomlink + gauges],R+L+G,630,0.0051,2.2395,0.5085,0.6364
openmesh,openmesh 2023-12-27 15,radar okrig_add [pycomlink + gauges],R+L+G,630,-0.1808,1.5292,0.6916,0.6276
openmesh,openmesh 2023-12-27 15,radar ked [pycomlink + gauges],R+L+G,630,0.1641,1.721,0.7141,0.6254
openmesh,openmesh 2023-12-27 15,radar mfb [nearby + gauges],R+L+G,630,-0.1584,1.145,0.8408,0.6667
openmesh,openmesh 2023-12-27 15,radar add [nearby + gauges],R+L+G,630,-0.2273,1.4032,0.7319,0.615
openmesh,openmesh 2023-12-27 15,radar mul [nearby + gauges],R+L+G,630,-0.2094,1.3451,0.758,0.6545
openmesh,openmesh 2023-12-27 15,radar idw_add [nearby + gauges],R+L+G,630,-0.2293,1.3187,0.7713,0.6297
openmesh,openmesh 2023-12-27 15,radar idw_mul [nearby + gauges],R+L+G,630,-0.2411,1.3201,0.7721,0.6535
openmesh,openmesh 2023-12-27 15,radar okrig_add [nearby + gauges],R+L+G,630,-0.2384,1.3075,0.7749,0.6486
openmesh,openmesh 2023-12-27 15,radar ked [nearby + gauges],R+L+G,630,0.0145,1.3789,0.7637,0.631
openmesh,openmesh 2023-12-27 15,radar mfb [rnn + gauges],R+L+G,630,0.0805,1.164,0.8206,0.6715
openmesh,openmesh 2023-12-27 15,radar add [rnn + gauges],R+L+G,630,0.0704,1.1952,0.8093,0.6416
openmesh,openmesh 2023-12-27 15,radar mul [rnn + gauges],R+L+G,630,0.042,1.1583,0.8218,0.6545
openmesh,openmesh 2023-12-27 15,radar idw_add [rnn + gauges],R+L+G,630,0.0505,1.1612,0.8209,0.6457
openmesh,openmesh 2023-12-27 15,radar idw_mul [rnn + gauges],R+L+G,630,0.0545,1.1661,0.8192,0.6579
openmesh,openmesh 2023-12-27 15,radar okrig_add [rnn + gauges],R+L+G,630,0.0005,1.132,0.8303,0.6184
openmesh,openmesh 2023-12-27 15,radar ked [rnn + gauges],R+L+G,630,0.0399,1.2442,0.7946,0.6384
openmesh,openmesh 2023-12-27 15,radar only mfb [gauges],R+G,630,0.0246,1.0545,0.8553,0.6452
openmesh,openmesh 2023-12-27 15,radar only add [gauges],R+G,630,-0.0066,1.0549,0.8546,0.6398
openmesh,openmesh 2023-12-27 15,radar only mul [gauges],R+G,630,-0.0189,1.0483,0.8574,0.6061
openmesh,openmesh 2023-12-27 15,radar only idw_add [gauges],R+G,630,-0.0133,1.066,0.8513,0.632
openmesh,openmesh 2023-12-27 15,radar only idw_mul [gauges],R+G,630,-0.0118,1.0613,0.8528,0.6545
openmesh,openmesh 2023-12-27 15,radar only okrig_add [gauges],R+G,630,-0.0091,1.1028,0.8418,0.6285
openmesh,openmesh 2023-12-27 15,radar only ked [gauges],R+G,630,0.1633,1.2453,0.8111,0.591
openmesh,openmesh 2023-12-27 15,radar only mfb [dynamic],R+L,630,1.014,1.8369,0.7637,0.594
openmesh,openmesh 2023-12-27 15,radar only add [dynamic],R+L,630,1.794,3.2352,0.4958,0.4855
openmesh,openmesh 2023-12-27 15,radar only mul [dynamic],R+L,630,0.7829,2.1962,0.6558,0.5953
openmesh,openmesh 2023-12-27 15,radar only idw_add [dynamic],R+L,630,1.5964,2.8854,0.5703,0.5465
openmesh,openmesh 2023-12-27 15,radar only idw_mul [dynamic],R+L,630,1.4843,2.9282,0.577,0.5931
openmesh,openmesh 2023-12-27 15,radar only okrig_add [dynamic],R+L,630,1.6449,3.3865,0.4982,0.5665
openmesh,openmesh 2023-12-27 15,radar only ked [dynamic],R+L,630,1.4889,3.509,0.4458,0.5593
openmesh,openmesh 2023-12-27 15,radar only mfb [constant],R+L,630,0.1463,1.0743,0.8547,0.5861
openmesh,openmesh 2023-12-27 15,radar only add [constant],R+L,630,0.2236,2.2126,0.5673,0.5191
openmesh,openmesh 2023-12-27 15,radar only mul [constant],R+L,630,0.0955,1.8766,0.6283,0.6013
openmesh,openmesh 2023-12-27 15,radar only idw_add [constant],R+L,630,0.1574,1.9562,0.6323,0.5789
openmesh,openmesh 2023-12-27 15,radar only idw_mul [constant],R+L,630,0.1519,1.9698,0.6314,0.5776
openmesh,openmesh 2023-12-27 15,radar only okrig_add [constant],R+L,630,0.1198,2.2294,0.5729,0.5317
openmesh,openmesh 2023-12-27 15,radar only ked [constant],R+L,630,0.9403,3.3576,0.5829,0.5284
openmesh,openmesh 2023-12-27 15,radar only mfb [pycomlink],R+L,630,-0.205,1.1707,0.8426,0.6162
openmesh,openmesh 2023-12-27 15,radar only add [pycomlink],R+L,630,-0.1685,1.8677,0.5643,0.5833
openmesh,openmesh 2023-12-27 15,radar only mul [pycomlink],R+L,630,-0.1625,1.7355,0.5985,0.6039
openmesh,openmesh 2023-12-27 15,radar only idw_add [pycomlink],R+L,630,-0.192,1.6658,0.6322,0.6017
openmesh,openmesh 2023-12-27 15,radar only idw_mul [pycomlink],R+L,630,-0.2025,1.6774,0.6301,0.5797
openmesh,openmesh 2023-12-27 15,radar only okrig_add [pycomlink],R+L,630,-0.2028,1.8452,0.5759,0.5568
openmesh,openmesh 2023-12-27 15,radar only ked [pycomlink],R+L,630,0.2475,2.2499,0.5753,0.5411
openmesh,openmesh 2023-12-27 15,radar only mfb [nearby],R+L,630,-0.3422,1.4232,0.7787,0.6396
openmesh,openmesh 2023-12-27 15,radar only add [nearby],R+L,630,-0.3284,1.7887,0.5356,0.5836
openmesh,openmesh 2023-12-27 15,radar only mul [nearby],R+L,630,-0.3118,1.6511,0.6032,0.6031
openmesh,openmesh 2023-12-27 15,radar only idw_add [nearby],R+L,630,-0.3299,1.6748,0.5949,0.6061
openmesh,openmesh 2023-12-27 15,radar only idw_mul [nearby],R+L,630,-0.3116,1.715,0.5723,0.6074
openmesh,openmesh 2023-12-27 15,radar only okrig_add [nearby],R+L,630,-0.3727,1.8626,0.4918,0.5843
openmesh,openmesh 2023-12-27 15,radar only ked [nearby],R+L,630,-0.153,1.9201,0.5198,0.5342
openmesh,openmesh 2023-12-27 15,radar only mfb [rnn],R+L,630,0.1553,1.3985,0.7369,0.6667
openmesh,openmesh 2023-12-27 15,radar only add [rnn],R+L,630,0.0918,1.329,0.7589,0.6294
openmesh,openmesh 2023-12-27 15,radar only mul [rnn],R+L,630,0.0278,1.2386,0.795,0.6048
openmesh,openmesh 2023-12-27 15,radar only idw_add [rnn],R+L,630,0.0926,1.3186,0.7628,0.6256
openmesh,openmesh 2023-12-27 15,radar only idw_mul [rnn],R+L,630,0.16,1.5143,0.6948,0.6325
openmesh,openmesh 2023-12-27 15,radar only okrig_add [rnn],R+L,630,0.0767,1.3267,0.7595,0.619
openmesh,openmesh 2023-12-27 15,radar only ked [rnn],R+L,630,0.0741,1.3851,0.7355,0.6061
openmesh,openmesh 2023-12-27 15,radar only mfb [dynamic + gauges],R+L+G,630,0.6294,1.3966,0.8098,0.594
openmesh,openmesh 2023-12-27 15,radar only add [dynamic + gauges],R+L+G,630,1.2337,2.7149,0.521,0.4939
openmesh,openmesh 2023-12-27 15,radar only mul [dynamic + gauges],R+L+G,630,0.514,1.8459,0.6811,0.5953
openmesh,openmesh 2023-12-27 15,radar only idw_add [dynamic + gauges],R+L+G,630,1.0207,2.2682,0.6107,0.5346
openmesh,openmesh 2023-12-27 15,radar only idw_mul [dynamic + gauges],R+L+G,630,0.914,2.2442,0.6236,0.5987
openmesh,openmesh 2023-12-27 15,radar only okrig_add [dynamic + gauges],R+L+G,630,0.7196,2.2491,0.5732,0.5754
openmesh,openmesh 2023-12-27 15,radar only ked [dynamic + gauges],R+L+G,630,1.0647,2.9411,0.4407,0.5743
openmesh,openmesh 2023-12-27 15,radar only mfb [constant + gauges],R+L+G,630,0.0883,1.0584,0.856,0.6081
openmesh,openmesh 2023-12-27 15,radar only add [constant + gauges],R+L+G,630,0.1387,2.0182,0.5922,0.5596
openmesh,openmesh 2023-12-27 15,radar only mul [constant + gauges],R+L+G,630,0.0439,1.7237,0.6538,0.6013
openmesh,openmesh 2023-12-27 15,radar only idw_add [constant + gauges],R+L+G,630,0.0586,1.806,0.6431,0.6128
openmesh,openmesh 2023-12-27 15,radar only idw_mul [constant + gauges],R+L+G,630,0.0597,1.8107,0.6438,0.6005
openmesh,openmesh 2023-12-27 15,radar only okrig_add [constant + gauges],R+L+G,630,-0.0196,1.816,0.6268,0.616
openmesh,openmesh 2023-12-27 15,radar only ked [constant + gauges],R+L+G,630,0.6351,2.3778,0.6336,0.5762
openmesh,openmesh 2023-12-27 15,radar only mfb [pycomlink + gauges],R+L+G,630,-0.0926,1.0717,0.8543,0.6328
openmesh,openmesh 2023-12-27 15,radar only add [pycomlink + gauges],R+L+G,630,-0.1197,1.6896,0.6351,0.6022
openmesh,openmesh 2023-12-27 15,radar only mul [pycomlink + gauges],R+L+G,630,-0.1184,1.5809,0.664,0.6053
openmesh,openmesh 2023-12-27 15,radar only idw_add [pycomlink + gauges],R+L+G,630,-0.1404,1.499,0.7011,0.6209
openmesh,openmesh 2023-12-27 15,radar only idw_mul [pycomlink + gauges],R+L+G,630,-0.1433,1.4999,0.7019,0.6225
openmesh,openmesh 2023-12-27 15,radar only okrig_add [pycomlink + gauges],R+L+G,630,-0.1785,1.5509,0.6809,0.6181
openmesh,openmesh 2023-12-27 15,radar only ked [pycomlink + gauges],R+L+G,630,0.2077,1.7604,0.6778,0.583
openmesh,openmesh 2023-12-27 15,radar only mfb [nearby + gauges],R+L+G,630,-0.1495,1.1337,0.8461,0.6345
openmesh,openmesh 2023-12-27 15,radar only add [nearby + gauges],R+L+G,630,-0.2397,1.4033,0.7334,0.6081
openmesh,openmesh 2023-12-27 15,radar only mul [nearby + gauges],R+L+G,630,-0.2226,1.3504,0.7629,0.6053
openmesh,openmesh 2023-12-27 15,radar only idw_add [nearby + gauges],R+L+G,630,-0.2332,1.3306,0.7683,0.6436
openmesh,openmesh 2023-12-27 15,radar only idw_mul [nearby + gauges],R+L+G,630,-0.224,1.3388,0.7633,0.6494
openmesh,openmesh 2023-12-27 15,radar only okrig_add [nearby + gauges],R+L+G,630,-0.2306,1.327,0.7664,0.6464
openmesh,openmesh 2023-12-27 15,radar only ked [nearby + gauges],R+L+G,630,0.049,1.4413,0.7316,0.589
openmesh,openmesh 2023-12-27 15,radar only mfb [rnn + gauges],R+L+G,630,0.0867,1.1602,0.822,0.6718
openmesh,openmesh 2023-12-27 15,radar only add [rnn + gauges],R+L+G,630,0.0569,1.1912,0.8106,0.6263
openmesh,openmesh 2023-12-27 15,radar only mul [rnn + gauges],R+L+G,630,0.007,1.1354,0.8341,0.6061
openmesh,openmesh 2023-12-27 15,radar only idw_add [rnn + gauges],R+L+G,630,0.0423,1.1716,0.8174,0.6361
openmesh,openmesh 2023-12-27 15,radar only idw_mul [rnn + gauges],R+L+G,630,0.0718,1.2169,0.8016,0.6471
openmesh,openmesh 2023-12-27 15,radar only okrig_add [rnn + gauges],R+L+G,630,0.0012,1.151,0.824,0.6471
openmesh,openmesh 2023-12-27 15,radar only ked [rnn + gauges],R+L+G,630,0.1169,1.3631,0.7558,0.6069
openmesh,openmesh 2023-12-27 15,radar okrig_add [gauges] (5 km variogram),R+G,630,-0.0294,1.0913,0.8448,0.6637
openmesh,openmesh 2023-12-27 15,radar ked [gauges] (5 km variogram),R+G,630,0.0815,1.2698,0.7988,0.6517
openmesh,openmesh 2023-12-27 15,radar okrig_add [dynamic] (5 km variogram),R+L,630,1.0706,2.7361,0.5965,0.6168
openmesh,openmesh 2023-12-27 15,radar ked [dynamic] (5 km variogram),R+L,630,0.8581,2.8813,0.5841,0.6017
openmesh,openmesh 2023-12-27 15,radar okrig_add [constant] (5 km variogram),R+L,630,0.0622,1.9786,0.6214,0.6149
openmesh,openmesh 2023-12-27 15,radar ked [constant] (5 km variogram),R+L,630,0.6997,2.7669,0.6812,0.6096
openmesh,openmesh 2023-12-27 15,radar okrig_add [pycomlink] (5 km variogram),R+L,630,-0.2284,1.7225,0.6127,0.6254
openmesh,openmesh 2023-12-27 15,radar ked [pycomlink] (5 km variogram),R+L,630,0.148,2.1278,0.6226,0.6239
openmesh,openmesh 2023-12-27 15,radar okrig_add [nearby] (5 km variogram),R+L,630,-0.3642,1.6054,0.6387,0.6358
openmesh,openmesh 2023-12-27 15,radar ked [nearby] (5 km variogram),R+L,630,-0.1571,1.9678,0.536,0.5874
openmesh,openmesh 2023-12-27 15,radar okrig_add [rnn] (5 km variogram),R+L,630,0.113,1.3297,0.7619,0.6338
openmesh,openmesh 2023-12-27 15,radar ked [rnn] (5 km variogram),R+L,630,0.0686,1.7126,0.63,0.6457
openmesh,openmesh 2023-12-27 15,radar okrig_add [dynamic + gauges] (5 km variogram),R+L+G,630,0.6262,2.1145,0.633,0.6375
openmesh,openmesh 2023-12-27 15,radar ked [dynamic + gauges] (5 km variogram),R+L+G,630,0.6211,2.4891,0.5823,0.6158
openmesh,openmesh 2023-12-27 15,radar okrig_add [constant + gauges] (5 km variogram),R+L+G,630,0.0007,1.7564,0.6546,0.6046
openmesh,openmesh 2023-12-27 15,radar ked [constant + gauges] (5 km variogram),R+L+G,630,0.4161,2.1455,0.6698,0.618
openmesh,openmesh 2023-12-27 15,radar okrig_add [pycomlink + gauges] (5 km variogram),R+L+G,630,-0.1503,1.4875,0.71,0.6228
openmesh,openmesh 2023-12-27 15,radar ked [pycomlink + gauges] (5 km variogram),R+L+G,630,0.1278,1.6918,0.707,0.6254
openmesh,openmesh 2023-12-27 15,radar okrig_add [nearby + gauges] (5 km variogram),R+L+G,630,-0.2337,1.2908,0.7832,0.6456
openmesh,openmesh 2023-12-27 15,radar ked [nearby + gauges] (5 km variogram),R+L+G,630,-0.0327,1.3796,0.7519,0.631
openmesh,openmesh 2023-12-27 15,radar okrig_add [rnn + gauges] (5 km variogram),R+L+G,630,0.0391,1.1327,0.8304,0.6484
openmesh,openmesh 2023-12-27 15,radar ked [rnn + gauges] (5 km variogram),R+L+G,630,0.0492,1.2807,0.781,0.6412
openmesh,openmesh 2023-12-27 15,radar only okrig_add [gauges] (5 km variogram),R+G,630,-0.018,1.0755,0.8486,0.6405
openmesh,openmesh 2023-12-27 15,radar only ked [gauges] (5 km variogram),R+G,630,0.146,1.1887,0.8244,0.591
openmesh,openmesh 2023-12-27 15,radar only okrig_add [dynamic] (5 km variogram),R+L,630,1.5854,3.0824,0.522,0.5509
openmesh,openmesh 2023-12-27 15,radar only ked [dynamic] (5 km variogram),R+L,630,1.3739,3.2271,0.448,0.5632
openmesh,openmesh 2023-12-27 15,radar only okrig_add [constant] (5 km variogram),R+L,630,0.0797,1.9822,0.6126,0.549
openmesh,openmesh 2023-12-27 15,radar only ked [constant] (5 km variogram),R+L,630,0.9591,3.3474,0.5951,0.5403
openmesh,openmesh 2023-12-27 15,radar only okrig_add [pycomlink] (5 km variogram),R+L,630,-0.2415,1.732,0.6056,0.5994
openmesh,openmesh 2023-12-27 15,radar only ked [pycomlink] (5 km variogram),R+L,630,0.2148,2.2343,0.5647,0.5539
openmesh,openmesh 2023-12-27 15,radar only okrig_add [nearby] (5 km variogram),R+L,630,-0.367,1.6247,0.6277,0.6173
openmesh,openmesh 2023-12-27 15,radar only ked [nearby] (5 km variogram),R+L,630,-0.119,1.8679,0.5504,0.5642
openmesh,openmesh 2023-12-27 15,radar only okrig_add [rnn] (5 km variogram),R+L,630,0.1034,1.3209,0.7633,0.6218
openmesh,openmesh 2023-12-27 15,radar only ked [rnn] (5 km variogram),R+L,630,0.0859,1.3984,0.7301,0.6075
openmesh,openmesh 2023-12-27 15,radar only okrig_add [dynamic + gauges] (5 km variogram),R+L+G,630,0.8437,2.2769,0.5865,0.5584
openmesh,openmesh 2023-12-27 15,radar only ked [dynamic + gauges] (5 km variogram),R+L+G,630,1.0581,2.8436,0.4668,0.5788
openmesh,openmesh 2023-12-27 15,radar only okrig_add [constant + gauges] (5 km variogram),R+L+G,630,0.0015,1.7628,0.6464,0.5989
openmesh,openmesh 2023-12-27 15,radar only ked [constant + gauges] (5 km variogram),R+L+G,630,0.5684,2.2817,0.6391,0.5786
openmesh,openmesh 2023-12-27 15,radar only okrig_add [pycomlink + gauges] (5 km variogram),R+L+G,630,-0.157,1.4975,0.7032,0.6137
openmesh,openmesh 2023-12-27 15,radar only ked [pycomlink + gauges] (5 km variogram),R+L+G,630,0.1692,1.6982,0.6895,0.5748
openmesh,openmesh 2023-12-27 15,radar only okrig_add [nearby + gauges] (5 km variogram),R+L+G,630,-0.236,1.3014,0.7808,0.6438
openmesh,openmesh 2023-12-27 15,radar only ked [nearby + gauges] (5 km variogram),R+L+G,630,0.0069,1.4085,0.7377,0.5881
openmesh,openmesh 2023-12-27 15,radar only okrig_add [rnn + gauges] (5 km variogram),R+L+G,630,0.0339,1.1394,0.828,0.6481
openmesh,openmesh 2023-12-27 15,radar only ked [rnn + gauges] (5 km variogram),R+L+G,630,0.1286,1.34,0.7632,0.6101
openmesh,openmesh 2024-01-09 16,radar,R,568,0.0853,0.6601,0.8262,0.858
openmesh,openmesh 2024-01-09 16,radar only,R,568,-0.1712,0.8165,0.7491,0.821
openmesh,openmesh 2024-01-09 16,links dynamic idw,L,568,0.5224,1.444,0.386,0.7697
openmesh,openmesh 2024-01-09 16,links dynamic line,L,568,0.4848,1.3813,0.3935,0.7724
openmesh,openmesh 2024-01-09 16,links constant idw,L,568,-0.2348,1.2938,0.3692,0.7824
openmesh,openmesh 2024-01-09 16,links constant line,L,568,-0.1681,1.2146,0.4276,0.8267
openmesh,openmesh 2024-01-09 16,links pycomlink idw,L,568,-0.7789,1.2827,0.5063,0.6432
openmesh,openmesh 2024-01-09 16,links pycomlink line,L,568,-0.7743,1.2797,0.5107,0.674
openmesh,openmesh 2024-01-09 16,links nearby idw,L,568,-0.3474,1.016,0.5699,0.8104
openmesh,openmesh 2024-01-09 16,links nearby line,L,568,-0.3118,0.9637,0.6146,0.8306
openmesh,openmesh 2024-01-09 16,links rnn idw,L,568,-0.1844,0.8872,0.6679,0.826
openmesh,openmesh 2024-01-09 16,links rnn line,L,568,-0.1508,0.8921,0.6536,0.8382
openmesh,openmesh 2024-01-09 16,gauges,G,568,-0.0187,0.6953,0.8012,0.8191
openmesh,openmesh 2024-01-09 16,links dynamic + gauges,L+G,568,0.2946,1.1566,0.5243,0.7747
openmesh,openmesh 2024-01-09 16,links constant + gauges,L+G,568,-0.2477,1.0228,0.5594,0.793
openmesh,openmesh 2024-01-09 16,links pycomlink + gauges,L+G,568,-0.5076,1.0292,0.6437,0.7824
openmesh,openmesh 2024-01-09 16,links nearby + gauges,L+G,568,-0.223,0.8395,0.7134,0.8084
openmesh,openmesh 2024-01-09 16,links rnn + gauges,L+G,568,-0.1378,0.7964,0.7411,0.8198
openmesh,openmesh 2024-01-09 16,radar mfb [gauges],R+G,568,0.0001,0.6615,0.8204,0.861
openmesh,openmesh 2024-01-09 16,radar add [gauges],R+G,568,-0.0102,0.6883,0.8055,0.8187
openmesh,openmesh 2024-01-09 16,radar mul [gauges],R+G,568,-0.0006,0.6816,0.8094,0.858
openmesh,openmesh 2024-01-09 16,radar idw_add [gauges],R+G,568,-0.0092,0.6698,0.8166,0.8565
openmesh,openmesh 2024-01-09 16,radar idw_mul [gauges],R+G,568,-0.0086,0.6711,0.8159,0.8571
openmesh,openmesh 2024-01-09 16,radar okrig_add [gauges],R+G,568,-0.049,0.7044,0.7974,0.8577
openmesh,openmesh 2024-01-09 16,radar ked [gauges],R+G,568,0.0337,0.7577,0.7679,0.8557
openmesh,openmesh 2024-01-09 16,radar mfb [dynamic],R+L,568,0.2558,1.0052,0.5749,0.858
openmesh,openmesh 2024-01-09 16,radar add [dynamic],R+L,568,0.538,1.4442,0.3947,0.7656
openmesh,openmesh 2024-01-09 16,radar mul [dynamic],R+L,568,0.3242,1.2056,0.5302,0.858
openmesh,openmesh 2024-01-09 16,radar idw_add [dynamic],R+L,568,0.4637,1.3533,0.4492,0.8493
openmesh,openmesh 2024-01-09 16,radar idw_mul [dynamic],R+L,568,0.4895,1.3961,0.4293,0.8539
openmesh,openmesh 2024-01-09 16,radar okrig_add [dynamic],R+L,568,0.5402,1.5528,0.4028,0.8457
openmesh,openmesh 2024-01-09 16,radar ked [dynamic],R+L,568,0.4935,1.6072,0.3733,0.8288
openmesh,openmesh 2024-01-09 16,radar mfb [constant],R+L,568,-0.3192,0.8405,0.7705,0.8571
openmesh,openmesh 2024-01-09 16,radar add [constant],R+L,568,-0.2171,1.2827,0.3788,0.7826
openmesh,openmesh 2024-01-09 16,radar mul [constant],R+L,568,-0.2205,1.1603,0.4584,0.858
openmesh,openmesh 2024-01-09 16,radar idw_add [constant],R+L,568,-0.2428,1.1873,0.445,0.8161
openmesh,openmesh 2024-01-09 16,radar idw_mul [constant],R+L,568,-0.257,1.1882,0.4436,0.8277
openmesh,openmesh 2024-01-09 16,radar okrig_add [constant],R+L,568,-0.2317,1.2863,0.3907,0.7436
openmesh,openmesh 2024-01-09 16,radar ked [constant],R+L,568,0.1801,1.3927,0.4746,0.81
openmesh,openmesh 2024-01-09 16,radar mfb [pycomlink],R+L,568,-0.7425,1.2156,0.7901,0.8404
openmesh,openmesh 2024-01-09 16,radar add [pycomlink],R+L,568,-0.7588,1.2634,0.5216,0.6811
openmesh,openmesh 2024-01-09 16,radar mul [pycomlink],R+L,568,-0.6562,1.1593,0.6445,0.858
openmesh,openmesh 2024-01-09 16,radar idw_add [pycomlink],R+L,568,-0.7536,1.2469,0.578,0.7091
openmesh,openmesh 2024-01-09 16,radar idw_mul [pycomlink],R+L,568,-0.7697,1.2625,0.567,0.6645
openmesh,openmesh 2024-01-09 16,radar okrig_add [pycomlink],R+L,568,-0.7445,1.2598,0.4954,0.6379
openmesh,openmesh 2024-01-09 16,radar ked [pycomlink],R+L,568,-0.6308,1.2179,0.4323,0.7573
openmesh,openmesh 2024-01-09 16,radar mfb [nearby],R+L,568,-0.3099,0.8094,0.8012,0.8577
openmesh,openmesh 2024-01-09 16,radar add [nearby],R+L,568,-0.3354,1.0036,0.58,0.8049
openmesh,openmesh 2024-01-09 16,radar mul [nearby],R+L,568,-0.3033,0.9431,0.6342,0.858
openmesh,openmesh 2024-01-09 16,radar idw_add [nearby],R+L,568,-0.3254,0.9486,0.6362,0.8505
openmesh,openmesh 2024-01-09 16,radar idw_mul [nearby],R+L,568,-0.3329,0.9509,0.6365,0.852
openmesh,openmesh 2024-01-09 16,radar okrig_add [nearby],R+L,568,-0.3927,1.0852,0.5116,0.8038
openmesh,openmesh 2024-01-09 16,radar ked [nearby],R+L,568,-0.2349,1.2446,0.4417,0.8047
openmesh,openmesh 2024-01-09 16,radar mfb [rnn],R+L,568,-0.14,0.8818,0.6622,0.8568
openmesh,openmesh 2024-01-09 16,radar add [rnn],R+L,568,-0.1668,0.8757,0.6754,0.8462
openmesh,openmesh 2024-01-09 16,radar mul [rnn],R+L,568,-0.1611,0.8469,0.7066,0.858
openmesh,openmesh 2024-01-09 16,radar idw_add [rnn],R+L,568,-0.1569,0.8698,0.6795,0.8489
openmesh,openmesh 2024-01-09 16,radar idw_mul [rnn],R+L,568,-0.1628,0.878,0.6717,0.8274
openmesh,openmesh 2024-01-09 16,radar okrig_add [rnn],R+L,568,-0.1861,0.8848,0.672,0.8427
openmesh,openmesh 2024-01-09 16,radar ked [rnn],R+L,568,-0.173,0.9168,0.6285,0.8589
openmesh,openmesh 2024-01-09 16,radar mfb [dynamic + gauges],R+L+G,568,0.1444,0.764,0.7606,0.858
openmesh,openmesh 2024-01-09 16,radar add [dynamic + gauges],R+L+G,568,0.3057,1.1522,0.5322,0.7702
openmesh,openmesh 2024-01-09 16,radar mul [dynamic + gauges],R+L+G,568,0.1748,0.9794,0.6374,0.858
openmesh,openmesh 2024-01-09 16,radar idw_add [dynamic + gauges],R+L+G,568,0.2153,0.9961,0.622,0.8525
openmesh,openmesh 2024-01-09 16,radar idw_mul [dynamic + gauges],R+L+G,568,0.221,1.0068,0.6149,0.8571
openmesh,openmesh 2024-01-09 16,radar okrig_add [dynamic + gauges],R+L+G,568,0.1403,1.004,0.6188,0.8527
openmesh,openmesh 2024-01-09 16,radar ked [dynamic + gauges],R+L+G,568,0.2269,1.2068,0.5218,0.8285
openmesh,openmesh 2024-01-09 16,radar mfb [constant + gauges],R+L+G,568,-0.1549,0.6986,0.8164,0.8565
openmesh,openmesh 2024-01-09 16,radar add [constant + gauges],R+L+G,568,-0.2353,1.0142,0.5665,0.7809
openmesh,openmesh 2024-01-09 16,radar mul [constant + gauges],R+L+G,568,-0.2122,0.9551,0.6118,0.858
openmesh,openmesh 2024-01-09 16,radar idw_add [constant + gauges],R+L+G,568,-0.2243,0.9344,0.6342,0.8481
openmesh,openmesh 2024-01-09 16,radar idw_mul [constant + gauges],R+L+G,568,-0.231,0.9373,0.6324,0.8547
openmesh,openmesh 2024-01-09 16,radar okrig_add [constant + gauges],R+L+G,568,-0.2247,0.9396,0.638,0.8453
openmesh,openmesh 2024-01-09 16,radar ked [constant + gauges],R+L+G,568,0.0438,1.0475,0.5819,0.8436
openmesh,openmesh 2024-01-09 16,radar mfb [pycomlink + gauges],R+L+G,568,-0.3842,0.8351,0.8155,0.8536
openmesh,openmesh 2024-01-09 16,radar add [pycomlink + gauges],R+L+G,568,-0.4949,1.0192,0.6469,0.7794
openmesh,openmesh 2024-01-09 16,radar mul [pycomlink + gauges],R+L+G,568,-0.433,0.9642,0.6842,0.858
openmesh,openmesh 2024-01-09 16,radar idw_add [pycomlink + gauges],R+L+G,568,-0.4615,0.952,0.7138,0.8365
openmesh,openmesh 2024-01-09 16,radar idw_mul [pycomlink + gauges],R+L+G,568,-0.4679,0.9575,0.7124,0.8433
openmesh,openmesh 2024-01-09 16,radar okrig_add [pycomlink + gauges],R+L+G,568,-0.4035,0.9516,0.6658,0.8255
openmesh,openmesh 2024-01-09 16,radar ked [pycomlink + gauges],R+L+G,568,-0.2329,0.9421,0.6214,0.8433
openmesh,openmesh 2024-01-09 16,radar mfb [nearby + gauges],R+L+G,568,-0.1403,0.6855,0.821,0.858
openmesh,openmesh 2024-01-09 16,radar add [nearby + gauges],R+L+G,568,-0.2136,0.8304,0.7191,0.7905
openmesh,openmesh 2024-01-09 16,radar mul [nearby + gauges],R+L+G,568,-0.1903,0.8013,0.7392,0.858
openmesh,openmesh 2024-01-09 16,radar idw_add [nearby + gauges],R+L+G,568,-0.2035,0.7747,0.7645,0.8518
openmesh,openmesh 2024-01-09 16,radar idw_mul [nearby + gauges],R+L+G,568,-0.2069,0.7773,0.7632,0.865
openmesh,openmesh 2024-01-09 16,radar okrig_add [nearby + gauges],R+L+G,568,-0.1889,0.7791,0.7562,0.8468
openmesh,openmesh 2024-01-09 16,radar ked [nearby + gauges],R+L+G,568,-0.0537,0.8984,0.6685,0.8358
openmesh,openmesh 2024-01-09 16,radar mfb [rnn + gauges],R+L+G,568,-0.0706,0.7153,0.7962,0.858
openmesh,openmesh 2024-01-09 16,radar add [rnn + gauges],R+L+G,568,-0.1253,0.7886,0.745,0.8229
openmesh,openmesh 2024-01-09 16,radar mul [rnn + gauges],R+L+G,568,-0.1167,0.7697,0.7598,0.858
openmesh,openmesh 2024-01-09 16,radar idw_add [rnn + gauges],R+L+G,568,-0.1142,0.7551,0.7708,0.8506
openmesh,openmesh 2024-01-09 16,radar idw_mul [rnn + gauges],R+L+G,568,-0.1178,0.7584,0.7687,0.85
openmesh,openmesh 2024-01-09 16,radar okrig_add [rnn + gauges],R+L+G,568,-0.1337,0.7769,0.7496,0.8468
openmesh,openmesh 2024-01-09 16,radar ked [rnn + gauges],R+L+G,568,-0.0718,0.8464,0.6862,0.8454
openmesh,openmesh 2024-01-09 16,radar only mfb [gauges],R+G,568,0.0033,0.6954,0.8007,0.8417
openmesh,openmesh 2024-01-09 16,radar only add [gauges],R+G,568,-0.0153,0.6954,0.8012,0.8198
openmesh,openmesh 2024-01-09 16,radar only mul [gauges],R+G,568,-0.0238,0.6918,0.8017,0.8239
openmesh,openmesh 2024-01-09 16,radar only idw_add [gauges],R+G,568,-0.0123,0.6794,0.8108,0.8415
openmesh,openmesh 2024-01-09 16,radar only idw_mul [gauges],R+G,568,-0.0073,0.6855,0.8081,0.8477
openmesh,openmesh 2024-01-09 16,radar only okrig_add [gauges],R+G,568,-0.048,0.717,0.7897,0.827
openmesh,openmesh 2024-01-09 16,radar only ked [gauges],R+G,568,0.0347,0.8997,0.6954,0.8171
openmesh,openmesh 2024-01-09 16,radar only mfb [dynamic],R+L,568,0.2842,1.0312,0.5543,0.821
openmesh,openmesh 2024-01-09 16,radar only add [dynamic],R+L,568,0.5312,1.4492,0.3865,0.766
openmesh,openmesh 2024-01-09 16,radar only mul [dynamic],R+L,568,0.3153,1.2258,0.4953,0.821
openmesh,openmesh 2024-01-09 16,radar only idw_add [dynamic],R+L,568,0.4777,1.3641,0.4325,0.8402
openmesh,openmesh 2024-01-09 16,radar only idw_mul [dynamic],R+L,568,0.4827,1.3762,0.4284,0.837
openmesh,openmesh 2024-01-09 16,radar only okrig_add [dynamic],R+L,568,0.5508,1.5544,0.3917,0.8407
openmesh,openmesh 2024-01-09 16,radar only ked [dynamic],R+L,568,0.6324,1.8965,0.2858,0.7827
openmesh,openmesh 2024-01-09 16,radar only mfb [constant],R+L,568,-0.3136,0.8531,0.7499,0.858
openmesh,openmesh 2024-01-09 16,radar only add [constant],R+L,568,-0.2245,1.288,0.3715,0.7778
openmesh,openmesh 2024-01-09 16,radar only mul [constant],R+L,568,-0.253,1.155,0.4516,0.8281
openmesh,openmesh 2024-01-09 16,radar only idw_add [constant],R+L,568,-0.2524,1.1925,0.438,0.8284
openmesh,openmesh 2024-01-09 16,radar only idw_mul [constant],R+L,568,-0.2603,1.1808,0.4484,0.8255
openmesh,openmesh 2024-01-09 16,radar only okrig_add [constant],R+L,568,-0.2417,1.286,0.3858,0.7511
openmesh,openmesh 2024-01-09 16,radar only ked [constant],R+L,568,0.1561,1.552,0.4097,0.7573
openmesh,openmesh 2024-01-09 16,radar only mfb [pycomlink],R+L,568,-0.7554,1.2458,0.7117,0.8239
openmesh,openmesh 2024-01-09 16,radar only add [pycomlink],R+L,568,-0.7662,1.2765,0.498,0.6631
openmesh,openmesh 2024-01-09 16,radar only mul [pycomlink],R+L,568,-0.6745,1.1987,0.579,0.8277
openmesh,openmesh 2024-01-09 16,radar only idw_add [pycomlink],R+L,568,-0.7629,1.2609,0.5561,0.6768
openmesh,openmesh 2024-01-09 16,radar only idw_mul [pycomlink],R+L,568,-0.7717,1.2645,0.5647,0.6718
openmesh,openmesh 2024-01-09 16,radar only okrig_add [pycomlink],R+L,568,-0.7544,1.2733,0.4774,0.6342
openmesh,openmesh 2024-01-09 16,radar only ked [pycomlink],R+L,568,-0.6114,1.2396,0.3686,0.6969
openmesh,openmesh 2024-01-09 16,radar only mfb [nearby],R+L,568,-0.2985,0.816,0.7805,0.858
openmesh,openmesh 2024-01-09 16,radar only add [nearby],R+L,568,-0.3355,1.0101,0.5726,0.8029
openmesh,openmesh 2024-01-09 16,radar only mul [nearby],R+L,568,-0.3148,0.9606,0.6185,0.8284
openmesh,openmesh 2024-01-09 16,radar only idw_add [nearby],R+L,568,-0.3271,0.9566,0.6279,0.8431
openmesh,openmesh 2024-01-09 16,radar only idw_mul [nearby],R+L,568,-0.329,0.9532,0.6326,0.8586
openmesh,openmesh 2024-01-09 16,radar only okrig_add [nearby],R+L,568,-0.3945,1.0927,0.5028,0.7962
openmesh,openmesh 2024-01-09 16,radar only ked [nearby],R+L,568,-0.2494,1.272,0.4208,0.7666
openmesh,openmesh 2024-01-09 16,radar only mfb [rnn],R+L,568,-0.1387,0.8884,0.6534,0.834
openmesh,openmesh 2024-01-09 16,radar only add [rnn],R+L,568,-0.1746,0.8891,0.6623,0.8247
openmesh,openmesh 2024-01-09 16,radar only mul [rnn],R+L,568,-0.173,0.871,0.6866,0.8277
openmesh,openmesh 2024-01-09 16,radar only idw_add [rnn],R+L,568,-0.168,0.8848,0.6655,0.8358
openmesh,openmesh 2024-01-09 16,radar only idw_mul [rnn],R+L,568,-0.1686,0.8834,0.6668,0.8278
openmesh,openmesh 2024-01-09 16,radar only okrig_add [rnn],R+L,568,-0.1973,0.8968,0.6615,0.8354
openmesh,openmesh 2024-01-09 16,radar only ked [rnn],R+L,568,-0.1908,0.9274,0.6207,0.8169
openmesh,openmesh 2024-01-09 16,radar only mfb [dynamic + gauges],R+L+G,568,0.1584,0.7866,0.745,0.821
openmesh,openmesh 2024-01-09 16,radar only add [dynamic + gauges],R+L+G,568,0.3,1.1603,0.524,0.7743
openmesh,openmesh 2024-01-09 16,radar only mul [dynamic + gauges],R+L+G,568,0.1635,1.0033,0.608,0.8226
openmesh,openmesh 2024-01-09 16,radar only idw_add [dynamic + gauges],R+L+G,568,0.2245,1.0121,0.607,0.8393
openmesh,openmesh 2024-01-09 16,radar only idw_mul [dynamic + gauges],R+L+G,568,0.2267,1.0188,0.6042,0.838
openmesh,openmesh 2024-01-09 16,radar only okrig_add [dynamic + gauges],R+L+G,568,0.1477,1.0216,0.6051,0.826
openmesh,openmesh 2024-01-09 16,radar only ked [dynamic + gauges],R+L+G,568,0.2496,1.2352,0.492,0.8065
openmesh,openmesh 2024-01-09 16,radar only mfb [constant + gauges],R+L+G,568,-0.151,0.7222,0.7966,0.8496
openmesh,openmesh 2024-01-09 16,radar only add [constant + gauges],R+L+G,568,-0.2415,1.0213,0.5597,0.789
openmesh,openmesh 2024-01-09 16,radar only mul [constant + gauges],R+L+G,568,-0.2371,0.968,0.5991,0.8232
openmesh,openmesh 2024-01-09 16,radar only idw_add [constant + gauges],R+L+G,568,-0.2298,0.9441,0.6256,0.8402
openmesh,openmesh 2024-01-09 16,radar only idw_mul [constant + gauges],R+L+G,568,-0.2332,0.941,0.6293,0.8424
openmesh,openmesh 2024-01-09 16,radar only okrig_add [constant + gauges],R+L+G,568,-0.2267,0.9472,0.631,0.842
openmesh,openmesh 2024-01-09 16,radar only ked [constant + gauges],R+L+G,568,0.019,1.051,0.5722,0.809
openmesh,openmesh 2024-01-09 16,radar only mfb [pycomlink + gauges],R+L+G,568,-0.3795,0.8477,0.7964,0.8545
openmesh,openmesh 2024-01-09 16,radar only add [pycomlink + gauges],R+L+G,568,-0.5012,1.0296,0.637,0.7789
openmesh,openmesh 2024-01-09 16,radar only mul [pycomlink + gauges],R+L+G,568,-0.448,0.9897,0.6631,0.8248
openmesh,openmesh 2024-01-09 16,radar only idw_add [pycomlink + gauges],R+L+G,568,-0.4672,0.9624,0.7062,0.8256
openmesh,openmesh 2024-01-09 16,radar only idw_mul [pycomlink + gauges],R+L+G,568,-0.4695,0.9623,0.7078,0.8301
openmesh,openmesh 2024-01-09 16,radar only okrig_add [pycomlink + gauges],R+L+G,568,-0.4057,0.9621,0.6552,0.8108
openmesh,openmesh 2024-01-09 16,radar only ked [pycomlink + gauges],R+L+G,568,-0.265,0.9632,0.6077,0.7918
openmesh,openmesh 2024-01-09 16,radar only mfb [nearby + gauges],R+L+G,568,-0.131,0.7088,0.8011,0.8448
openmesh,openmesh 2024-01-09 16,radar only add [nearby + gauges],R+L+G,568,-0.2158,0.8385,0.7126,0.8008
openmesh,openmesh 2024-01-09 16,radar only mul [nearby + gauges],R+L+G,568,-0.2068,0.8193,0.7283,0.8275
openmesh,openmesh 2024-01-09 16,radar only idw_add [nearby + gauges],R+L+G,568,-0.2064,0.785,0.757,0.8436
openmesh,openmesh 2024-01-09 16,radar only idw_mul [nearby + gauges],R+L+G,568,-0.2068,0.7857,0.7561,0.8556
openmesh,openmesh 2024-01-09 16,radar only okrig_add [nearby + gauges],R+L+G,568,-0.1894,0.7893,0.7484,0.8364
openmesh,openmesh 2024-01-09 16,radar only ked [nearby + gauges],R+L+G,568,-0.0823,0.9084,0.6552,0.8115
openmesh,openmesh 2024-01-09 16,radar only mfb [rnn + gauges],R+L+G,568,-0.0676,0.7354,0.7789,0.8482
openmesh,openmesh 2024-01-09 16,radar only add [rnn + gauges],R+L+G,568,-0.1317,0.7995,0.7363,0.8136
openmesh,openmesh 2024-01-09 16,radar only mul [rnn + gauges],R+L+G,568,-0.1324,0.7946,0.7434,0.8248
openmesh,openmesh 2024-01-09 16,radar only idw_add [rnn + gauges],R+L+G,568,-0.1207,0.768,0.7615,0.8402
openmesh,openmesh 2024-01-09 16,radar only idw_mul [rnn + gauges],R+L+G,568,-0.1202,0.7683,0.7605,0.8357
openmesh,openmesh 2024-01-09 16,radar only okrig_add [rnn + gauges],R+L+G,568,-0.1366,0.7896,0.7397,0.8256
openmesh,openmesh 2024-01-09 16,radar only ked [rnn + gauges],R+L+G,568,-0.0977,0.8356,0.6955,0.8093
openmesh,openmesh 2024-01-09 16,radar okrig_add [gauges] (5 km variogram),R+G,568,-0.0224,0.6888,0.8064,0.864
openmesh,openmesh 2024-01-09 16,radar ked [gauges] (5 km variogram),R+G,568,0.0415,0.7636,0.7661,0.856
openmesh,openmesh 2024-01-09 16,radar okrig_add [dynamic] (5 km variogram),R+L,568,0.4789,1.4667,0.3946,0.858
openmesh,openmesh 2024-01-09 16,radar ked [dynamic] (5 km variogram),R+L,568,0.44,1.5447,0.3643,0.8288
openmesh,openmesh 2024-01-09 16,radar okrig_add [constant] (5 km variogram),R+L,568,-0.2612,1.1433,0.4613,0.833
openmesh,openmesh 2024-01-09 16,radar ked [constant] (5 km variogram),R+L,568,0.1576,1.3355,0.4748,0.8219
openmesh,openmesh 2024-01-09 16,radar okrig_add [pycomlink] (5 km variogram),R+L,568,-0.759,1.2605,0.5385,0.6796
openmesh,openmesh 2024-01-09 16,radar ked [pycomlink] (5 km variogram),R+L,568,-0.6436,1.2213,0.441,0.7727
openmesh,openmesh 2024-01-09 16,radar okrig_add [nearby] (5 km variogram),R+L,568,-0.3456,0.9494,0.6436,0.8592
openmesh,openmesh 2024-01-09 16,radar ked [nearby] (5 km variogram),R+L,568,-0.2375,1.2036,0.4638,0.8238
openmesh,openmesh 2024-01-09 16,radar okrig_add [rnn] (5 km variogram),R+L,568,-0.1534,0.8816,0.666,0.8468
openmesh,openmesh 2024-01-09 16,radar ked [rnn] (5 km variogram),R+L,568,-0.1573,0.9148,0.6272,0.8557
openmesh,openmesh 2024-01-09 16,radar okrig_add [dynamic + gauges] (5 km variogram),R+L+G,568,0.1817,1.0147,0.6143,0.8616
openmesh,openmesh 2024-01-09 16,radar ked [dynamic + gauges] (5 km variogram),R+L+G,568,0.2433,1.2136,0.5158,0.8368
openmesh,openmesh 2024-01-09 16,radar okrig_add [constant + gauges] (5 km variogram),R+L+G,568,-0.2169,0.9076,0.6601,0.852
openmesh,openmesh 2024-01-09 16,radar ked [constant + gauges] (5 km variogram),R+L+G,568,0.0209,1.021,0.5928,0.8457
openmesh,openmesh 2024-01-09 16,radar okrig_add [pycomlink + gauges] (5 km variogram),R+L+G,568,-0.4179,0.9319,0.6971,0.8351
openmesh,openmesh 2024-01-09 16,radar ked [pycomlink + gauges] (5 km variogram),R+L+G,568,-0.2586,0.9284,0.6384,0.8515
openmesh,openmesh 2024-01-09 16,radar okrig_add [nearby + gauges] (5 km variogram),R+L+G,568,-0.1831,0.7554,0.7733,0.8634
openmesh,openmesh 2024-01-09 16,radar ked [nearby + gauges] (5 km variogram),R+L+G,568,-0.0716,0.8817,0.6762,0.8423
openmesh,openmesh 2024-01-09 16,radar okrig_add [rnn + gauges] (5 km variogram),R+L+G,568,-0.1153,0.7485,0.7723,0.8489
openmesh,openmesh 2024-01-09 16,radar ked [rnn + gauges] (5 km variogram),R+L+G,568,-0.0668,0.8382,0.6912,0.8539
openmesh,openmesh 2024-01-09 16,radar only okrig_add [gauges] (5 km variogram),R+G,568,-0.0259,0.6986,0.8005,0.8411
openmesh,openmesh 2024-01-09 16,radar only ked [gauges] (5 km variogram),R+G,568,0.0471,0.8697,0.7138,0.821
openmesh,openmesh 2024-01-09 16,radar only okrig_add [dynamic] (5 km variogram),R+L,568,0.4835,1.4703,0.3838,0.8488
openmesh,openmesh 2024-01-09 16,radar only ked [dynamic] (5 km variogram),R+L,568,0.5586,1.828,0.2757,0.784
openmesh,openmesh 2024-01-09 16,radar only okrig_add [constant] (5 km variogram),R+L,568,-0.2712,1.1443,0.4573,0.8393
openmesh,openmesh 2024-01-09 16,radar only ked [constant] (5 km variogram),R+L,568,0.1035,1.3381,0.4404,0.7661
openmesh,openmesh 2024-01-09 16,radar only okrig_add [pycomlink] (5 km variogram),R+L,568,-0.7686,1.2743,0.5165,0.6688
openmesh,openmesh 2024-01-09 16,radar only ked [pycomlink] (5 km variogram),R+L,568,-0.6294,1.2419,0.3777,0.6998
openmesh,openmesh 2024-01-09 16,radar only okrig_add [nearby] (5 km variogram),R+L,568,-0.3465,0.9544,0.6382,0.8512
openmesh,openmesh 2024-01-09 16,radar only ked [nearby] (5 km variogram),R+L,568,-0.2543,1.2138,0.4434,0.7515
openmesh,openmesh 2024-01-09 16,radar only okrig_add [rnn] (5 km variogram),R+L,568,-0.1644,0.8929,0.6558,0.8399
openmesh,openmesh 2024-01-09 16,radar only ked [rnn] (5 km variogram),R+L,568,-0.1658,0.9252,0.6166,0.8216
openmesh,openmesh 2024-01-09 16,radar only okrig_add [dynamic + gauges] (5 km variogram),R+L+G,568,0.1863,1.0301,0.6012,0.841
openmesh,openmesh 2024-01-09 16,radar only ked [dynamic + gauges] (5 km variogram),R+L+G,568,0.2634,1.2372,0.4914,0.8048
openmesh,openmesh 2024-01-09 16,radar only okrig_add [constant + gauges] (5 km variogram),R+L+G,568,-0.2219,0.9151,0.654,0.8441
openmesh,openmesh 2024-01-09 16,radar only ked [constant + gauges] (5 km variogram),R+L+G,568,-0.0027,1.0295,0.5803,0.8109
openmesh,openmesh 2024-01-09 16,radar only okrig_add [pycomlink + gauges] (5 km variogram),R+L+G,568,-0.4231,0.9423,0.6884,0.8143
openmesh,openmesh 2024-01-09 16,radar only ked [pycomlink + gauges] (5 km variogram),R+L+G,568,-0.2842,0.9538,0.6201,0.7879
openmesh,openmesh 2024-01-09 16,radar only okrig_add [nearby + gauges] (5 km variogram),R+L+G,568,-0.1867,0.7651,0.7667,0.8506
openmesh,openmesh 2024-01-09 16,radar only ked [nearby + gauges] (5 km variogram),R+L+G,568,-0.0982,0.8911,0.6647,0.8035
openmesh,openmesh 2024-01-09 16,radar only okrig_add [rnn + gauges] (5 km variogram),R+L+G,568,-0.1211,0.7596,0.7643,0.8344
openmesh,openmesh 2024-01-09 16,radar only ked [rnn + gauges] (5 km variogram),R+L+G,568,-0.0865,0.8285,0.7007,0.8093
openmesh,openmesh 2024-03-02 12,radar,R,376,-0.064,0.9469,0.6138,0.8468
openmesh,openmesh 2024-03-02 12,radar only,R,376,-0.1769,1.1132,0.4212,0.8468
openmesh,openmesh 2024-03-02 12,links dynamic idw,L,376,0.46,1.3232,0.3779,0.8777
openmesh,openmesh 2024-03-02 12,links dynamic line,L,376,0.4136,1.2407,0.4137,0.9016
openmesh,openmesh 2024-03-02 12,links constant idw,L,376,-0.621,1.3193,0.3707,0.522
openmesh,openmesh 2024-03-02 12,links constant line,L,376,-0.6205,1.3062,0.3855,0.5604
openmesh,openmesh 2024-03-02 12,links pycomlink idw,L,376,-0.6483,1.2579,0.4355,0.624
openmesh,openmesh 2024-03-02 12,links pycomlink line,L,376,-0.6598,1.2484,0.4659,0.6223
openmesh,openmesh 2024-03-02 12,links nearby idw,L,376,-0.5538,1.2453,0.3741,0.7641
openmesh,openmesh 2024-03-02 12,links nearby line,L,376,-0.5646,1.2394,0.3912,0.7828
openmesh,openmesh 2024-03-02 12,links rnn idw,L,376,-0.1521,1.0106,0.5561,0.891
openmesh,openmesh 2024-03-02 12,links rnn line,L,376,-0.1536,1.0054,0.565,0.8963
openmesh,openmesh 2024-03-02 12,gauges,G,376,-0.033,0.95,0.6147,0.8936
openmesh,openmesh 2024-03-02 12,links dynamic + gauges,L+G,376,0.1515,1.1216,0.4767,0.8777
openmesh,openmesh 2024-03-02 12,links constant + gauges,L+G,376,-0.3352,1.0874,0.5186,0.8138
openmesh,openmesh 2024-03-02 12,links pycomlink + gauges,L+G,376,-0.3281,1.0703,0.527,0.8431
openmesh,openmesh 2024-03-02 12,links nearby + gauges,L+G,376,-0.2658,1.0528,0.5267,0.8537
openmesh,openmesh 2024-03-02 12,links rnn + gauges,L+G,376,-0.1073,0.9812,0.5796,0.8883
openmesh,openmesh 2024-03-02 12,radar mfb [gauges],R+G,376,0.0079,0.9639,0.5983,0.8468
openmesh,openmesh 2024-03-02 12,radar add [gauges],R+G,376,-0.037,0.9585,0.6066,0.8963
openmesh,openmesh 2024-03-02 12,radar mul [gauges],R+G,376,-0.0384,0.9526,0.6118,0.8468
openmesh,openmesh 2024-03-02 12,radar idw_add [gauges],R+G,376,-0.0401,0.946,0.6189,0.8468
openmesh,openmesh 2024-03-02 12,radar idw_mul [gauges],R+G,376,-0.033,0.9474,0.6181,0.8468
openmesh,openmesh 2024-03-02 12,radar okrig_add [gauges],R+G,376,-0.0354,1.0289,0.5611,0.8414
openmesh,openmesh 2024-03-02 12,radar ked [gauges],R+G,376,0.1342,1.0952,0.5578,0.8468
openmesh,openmesh 2024-03-02 12,radar mfb [dynamic],R+L,376,0.2852,1.0423,0.5526,0.8468
openmesh,openmesh 2024-03-02 12,radar add [dynamic],R+L,376,0.4514,1.3249,0.3783,0.8777
openmesh,openmesh 2024-03-02 12,radar mul [dynamic],R+L,376,0.2598,1.1828,0.472,0.8468
openmesh,openmesh 2024-03-02 12,radar idw_add [dynamic],R+L,376,0.3835,1.2406,0.4326,0.8414
openmesh,openmesh 2024-03-02 12,radar idw_mul [dynamic],R+L,376,0.3742,1.234,0.4383,0.8468
openmesh,openmesh 2024-03-02 12,radar okrig_add [dynamic],R+L,376,0.4648,1.3746,0.404,0.828
openmesh,openmesh 2024-03-02 12,radar ked [dynamic],R+L,376,0.4853,1.5401,0.335,0.7957
openmesh,openmesh 2024-03-02 12,radar mfb [constant],R+L,376,-0.6185,1.1981,0.5473,0.837
openmesh,openmesh 2024-03-02 12,radar add [constant],R+L,376,-0.6187,1.3197,0.3718,0.4959
openmesh,openmesh 2024-03-02 12,radar mul [constant],R+L,376,-0.5119,1.2174,0.4295,0.8468
openmesh,openmesh 2024-03-02 12,radar idw_add [constant],R+L,376,-0.6327,1.2964,0.3923,0.5301
openmesh,openmesh 2024-03-02 12,radar idw_mul [constant],R+L,376,-0.6243,1.2964,0.3899,0.5562
openmesh,openmesh 2024-03-02 12,radar okrig_add [constant],R+L,376,-0.6129,1.2944,0.4006,0.474
openmesh,openmesh 2024-03-02 12,radar ked [constant],R+L,376,-0.119,1.1188,0.477,0.8333
openmesh,openmesh 2024-03-02 12,radar mfb [pycomlink],R+L,376,-0.663,1.2417,0.5117,0.837
openmesh,openmesh 2024-03-02 12,radar add [pycomlink],R+L,376,-0.6506,1.2605,0.4334,0.5788
openmesh,openmesh 2024-03-02 12,radar mul [pycomlink],R+L,376,-0.5683,1.1854,0.4969,0.8468
openmesh,openmesh 2024-03-02 12,radar idw_add [pycomlink],R+L,376,-0.6728,1.2472,0.4809,0.544
openmesh,openmesh 2024-03-02 12,radar idw_mul [pycomlink],R+L,376,-0.6704,1.2418,0.4892,0.5852
openmesh,openmesh 2024-03-02 12,radar okrig_add [pycomlink],R+L,376,-0.6882,1.2635,0.4652,0.4876
openmesh,openmesh 2024-03-02 12,radar ked [pycomlink],R+L,376,-0.3779,1.1486,0.4702,0.8172
openmesh,openmesh 2024-03-02 12,radar mfb [nearby],R+L,376,-0.5489,1.1699,0.5453,0.8397
openmesh,openmesh 2024-03-02 12,radar add [nearby],R+L,376,-0.5574,1.2495,0.3724,0.7682
openmesh,openmesh 2024-03-02 12,radar mul [nearby],R+L,376,-0.5013,1.186,0.4405,0.8468
openmesh,openmesh 2024-03-02 12,radar idw_add [nearby],R+L,376,-0.5894,1.228,0.4355,0.729
openmesh,openmesh 2024-03-02 12,radar idw_mul [nearby],R+L,376,-0.5777,1.226,0.4284,0.7317
openmesh,openmesh 2024-03-02 12,radar okrig_add [nearby],R+L,376,-0.5998,1.2443,0.4143,0.7131
openmesh,openmesh 2024-03-02 12,radar ked [nearby],R+L,376,-0.5401,1.2327,0.388,0.703
openmesh,openmesh 2024-03-02 12,radar mfb [rnn],R+L,376,-0.196,0.9794,0.6032,0.8468
openmesh,openmesh 2024-03-02 12,radar add [rnn],R+L,376,-0.1602,1.0123,0.554,0.8883
openmesh,openmesh 2024-03-02 12,radar mul [rnn],R+L,376,-0.187,0.9945,0.5815,0.8468
openmesh,openmesh 2024-03-02 12,radar idw_add [rnn],R+L,376,-0.1991,0.9982,0.5796,0.8333
openmesh,openmesh 2024-03-02 12,radar idw_mul [rnn],R+L,376,-0.1991,0.997,0.5813,0.836
openmesh,openmesh 2024-03-02 12,radar okrig_add [rnn],R+L,376,-0.2015,1.0115,0.5642,0.8306
openmesh,openmesh 2024-03-02 12,radar ked [rnn],R+L,376,-0.1837,1.0213,0.5446,0.8199
openmesh,openmesh 2024-03-02 12,radar mfb [dynamic + gauges],R+L+G,376,0.1017,0.9694,0.5949,0.8468
openmesh,openmesh 2024-03-02 12,radar add [dynamic + gauges],R+L+G,376,0.1463,1.1283,0.4717,0.875
openmesh,openmesh 2024-03-02 12,radar mul [dynamic + gauges],R+L+G,376,0.0689,1.0637,0.5241,0.8468
openmesh,openmesh 2024-03-02 12,radar idw_add [dynamic + gauges],R+L+G,376,0.1256,1.0658,0.5247,0.8468
openmesh,openmesh 2024-03-02 12,radar idw_mul [dynamic + gauges],R+L+G,376,0.1277,1.066,0.5261,0.8468
openmesh,openmesh 2024-03-02 12,radar okrig_add [dynamic + gauges],R+L+G,376,0.0106,1.0316,0.5477,0.8387
openmesh,openmesh 2024-03-02 12,radar ked [dynamic + gauges],R+L+G,376,0.1774,1.0984,0.5415,0.8199
openmesh,openmesh 2024-03-02 12,radar mfb [constant + gauges],R+L+G,376,-0.2057,0.9783,0.6024,0.8468
openmesh,openmesh 2024-03-02 12,radar add [constant + gauges],R+L+G,376,-0.3401,1.0946,0.5129,0.8032
openmesh,openmesh 2024-03-02 12,radar mul [constant + gauges],R+L+G,376,-0.2912,1.0482,0.546,0.8468
openmesh,openmesh 2024-03-02 12,radar idw_add [constant + gauges],R+L+G,376,-0.3151,1.0514,0.5537,0.8226
openmesh,openmesh 2024-03-02 12,radar idw_mul [constant + gauges],R+L+G,376,-0.3094,1.0483,0.5557,0.828
openmesh,openmesh 2024-03-02 12,radar okrig_add [constant + gauges],R+L+G,376,-0.272,1.0487,0.552,0.8333
openmesh,openmesh 2024-03-02 12,radar ked [constant + gauges],R+L+G,376,0.1461,1.1699,0.5626,0.8414
openmesh,openmesh 2024-03-02 12,radar mfb [pycomlink + gauges],R+L+G,376,-0.2204,0.9899,0.5923,0.8468
openmesh,openmesh 2024-03-02 12,radar add [pycomlink + gauges],R+L+G,376,-0.3333,1.0778,0.5199,0.8378
openmesh,openmesh 2024-03-02 12,radar mul [pycomlink + gauges],R+L+G,376,-0.2976,1.0447,0.5479,0.8468
openmesh,openmesh 2024-03-02 12,radar idw_add [pycomlink + gauges],R+L+G,376,-0.3152,1.033,0.5702,0.8172
openmesh,openmesh 2024-03-02 12,radar idw_mul [pycomlink + gauges],R+L+G,376,-0.3113,1.0308,0.5716,0.8226
openmesh,openmesh 2024-03-02 12,radar okrig_add [pycomlink + gauges],R+L+G,376,-0.3136,1.0507,0.5506,0.8306
openmesh,openmesh 2024-03-02 12,radar ked [pycomlink + gauges],R+L+G,376,-0.0423,1.0013,0.5921,0.8441
openmesh,openmesh 2024-03-02 12,radar mfb [nearby + gauges],R+L+G,376,-0.1566,0.9728,0.5972,0.8468
openmesh,openmesh 2024-03-02 12,radar add [nearby + gauges],R+L+G,376,-0.2691,1.058,0.5215,0.8457
openmesh,openmesh 2024-03-02 12,radar mul [nearby + gauges],R+L+G,376,-0.2478,1.0335,0.5458,0.8468
openmesh,openmesh 2024-03-02 12,radar idw_add [nearby + gauges],R+L+G,376,-0.263,1.0159,0.5725,0.8253
openmesh,openmesh 2024-03-02 12,radar idw_mul [nearby + gauges],R+L+G,376,-0.2585,1.0147,0.5727,0.8306
openmesh,openmesh 2024-03-02 12,radar okrig_add [nearby + gauges],R+L+G,376,-0.2375,1.0058,0.5794,0.8414
openmesh,openmesh 2024-03-02 12,radar ked [nearby + gauges],R+L+G,376,-0.0678,1.0153,0.5661,0.8468
openmesh,openmesh 2024-03-02 12,radar mfb [rnn + gauges],R+L+G,376,-0.0607,0.9581,0.6018,0.8468
openmesh,openmesh 2024-03-02 12,radar add [rnn + gauges],R+L+G,376,-0.1125,0.9869,0.5735,0.8883
openmesh,openmesh 2024-03-02 12,radar mul [rnn + gauges],R+L+G,376,-0.1215,0.978,0.5852,0.8468
openmesh,openmesh 2024-03-02 12,radar idw_add [rnn + gauges],R+L+G,376,-0.1166,0.9557,0.6098,0.8387
openmesh,openmesh 2024-03-02 12,radar idw_mul [rnn + gauges],R+L+G,376,-0.1145,0.955,0.6102,0.8387
openmesh,openmesh 2024-03-02 12,radar okrig_add [rnn + gauges],R+L+G,376,-0.1585,0.9907,0.5783,0.8441
openmesh,openmesh 2024-03-02 12,radar ked [rnn + gauges],R+L+G,376,-0.0313,1.0043,0.5673,0.8441
openmesh,openmesh 2024-03-02 12,radar only mfb [gauges],R+G,376,-0.0175,0.9406,0.6214,0.8468
openmesh,openmesh 2024-03-02 12,radar only add [gauges],R+G,376,-0.0362,0.9551,0.6098,0.891
openmesh,openmesh 2024-03-02 12,radar only mul [gauges],R+G,376,-0.0853,0.9562,0.607,0.8468
openmesh,openmesh 2024-03-02 12,radar only idw_add [gauges],R+G,376,-0.0402,0.9433,0.6217,0.8441
openmesh,openmesh 2024-03-02 12,radar only idw_mul [gauges],R+G,376,-0.0329,0.9437,0.6222,0.8468
openmesh,openmesh 2024-03-02 12,radar only okrig_add [gauges],R+G,376,-0.0388,1.0284,0.562,0.8356
openmesh,openmesh 2024-03-02 12,radar only ked [gauges],R+G,376,0.108,1.0419,0.5853,0.8491
openmesh,openmesh 2024-03-02 12,radar only mfb [dynamic],R+L,376,0.259,1.0164,0.5732,0.8468
openmesh,openmesh 2024-03-02 12,radar only add [dynamic],R+L,376,0.459,1.3239,0.3813,0.8777
openmesh,openmesh 2024-03-02 12,radar only mul [dynamic],R+L,376,0.2239,1.1227,0.4745,0.8468
openmesh,openmesh 2024-03-02 12,radar only idw_add [dynamic],R+L,376,0.3874,1.2388,0.4368,0.8414
openmesh,openmesh 2024-03-02 12,radar only idw_mul [dynamic],R+L,376,0.3924,1.2371,0.4489,0.8468
openmesh,openmesh 2024-03-02 12,radar only okrig_add [dynamic],R+L,376,0.464,1.3746,0.406,0.828
openmesh,openmesh 2024-03-02 12,radar only ked [dynamic],R+L,376,0.5624,1.5272,0.3755,0.8275
openmesh,openmesh 2024-03-02 12,radar only mfb [constant],R+L,376,-0.6259,1.2088,0.5308,0.8248
openmesh,openmesh 2024-03-02 12,radar only add [constant],R+L,376,-0.6157,1.3183,0.3733,0.5301
openmesh,openmesh 2024-03-02 12,radar only mul [constant],R+L,376,-0.5285,1.2337,0.4082,0.8491
openmesh,openmesh 2024-03-02 12,radar only idw_add [constant],R+L,376,-0.6308,1.2941,0.396,0.5804
openmesh,openmesh 2024-03-02 12,radar only idw_mul [constant],R+L,376,-0.6352,1.2981,0.3924,0.5616
openmesh,openmesh 2024-03-02 12,radar only okrig_add [constant],R+L,376,-0.6145,1.2979,0.3998,0.4918
openmesh,openmesh 2024-03-02 12,radar only ked [constant],R+L,376,-0.1483,1.3195,0.2952,0.8333
openmesh,openmesh 2024-03-02 12,radar only mfb [pycomlink],R+L,376,-0.6479,1.2225,0.5388,0.8468
openmesh,openmesh 2024-03-02 12,radar only add [pycomlink],R+L,376,-0.643,1.2577,0.4319,0.6043
openmesh,openmesh 2024-03-02 12,radar only mul [pycomlink],R+L,376,-0.5914,1.1986,0.4998,0.8468
openmesh,openmesh 2024-03-02 12,radar only idw_add [pycomlink],R+L,376,-0.6693,1.2435,0.4839,0.5592
openmesh,openmesh 2024-03-02 12,radar only idw_mul [pycomlink],R+L,376,-0.6691,1.2388,0.4931,0.5852
openmesh,openmesh 2024-03-02 12,radar only okrig_add [pycomlink],R+L,376,-0.689,1.2669,0.4602,0.4918
openmesh,openmesh 2024-03-02 12,radar only ked [pycomlink],R+L,376,-0.3196,1.1448,0.4458,0.8226
openmesh,openmesh 2024-03-02 12,radar only mfb [nearby],R+L,376,-0.5526,1.1497,0.6137,0.8491
openmesh,openmesh 2024-03-02 12,radar only add [nearby],R+L,376,-0.552,1.2446,0.377,0.7601
openmesh,openmesh 2024-03-02 12,radar only mul [nearby],R+L,376,-0.5149,1.2006,0.4236,0.8468
openmesh,openmesh 2024-03-02 12,radar only idw_add [nearby],R+L,376,-0.5858,1.2217,0.4447,0.7154
openmesh,openmesh 2024-03-02 12,radar only idw_mul [nearby],R+L,376,-0.5776,1.2213,0.4375,0.7344
openmesh,openmesh 2024-03-02 12,radar only okrig_add [nearby],R+L,376,-0.6031,1.2457,0.4151,0.7213
openmesh,openmesh 2024-03-02 12,radar only ked [nearby],R+L,376,-0.5313,1.2343,0.3837,0.7268
openmesh,openmesh 2024-03-02 12,radar only mfb [rnn],R+L,376,-0.1974,0.956,0.6335,0.8468
openmesh,openmesh 2024-03-02 12,radar only add [rnn],R+L,376,-0.1538,1.0074,0.5601,0.8797
openmesh,openmesh 2024-03-02 12,radar only mul [rnn],R+L,376,-0.2184,1.0091,0.5762,0.8468
openmesh,openmesh 2024-03-02 12,radar only idw_add [rnn],R+L,376,-0.196,0.9934,0.585,0.8378
openmesh,openmesh 2024-03-02 12,radar only idw_mul [rnn],R+L,376,-0.1905,0.9898,0.5876,0.836
openmesh,openmesh 2024-03-02 12,radar only okrig_add [rnn],R+L,376,-0.2033,1.0076,0.5703,0.8414
openmesh,openmesh 2024-03-02 12,radar only ked [rnn],R+L,376,-0.1986,1.0159,0.5566,0.8333
openmesh,openmesh 2024-03-02 12,radar only mfb [dynamic + gauges],R+L+G,376,0.0765,0.9433,0.6193,0.8468
openmesh,openmesh 2024-03-02 12,radar only add [dynamic + gauges],R+L+G,376,0.1493,1.1242,0.4755,0.8777
openmesh,openmesh 2024-03-02 12,radar only mul [dynamic + gauges],R+L+G,376,0.022,1.0212,0.538,0.8468
openmesh,openmesh 2024-03-02 12,radar only idw_add [dynamic + gauges],R+L+G,376,0.1263,1.0628,0.5281,0.8468
openmesh,openmesh 2024-03-02 12,radar only idw_mul [dynamic + gauges],R+L+G,376,0.1292,1.0658,0.5289,0.8468
openmesh,openmesh 2024-03-02 12,radar only okrig_add [dynamic + gauges],R+L+G,376,0.0075,1.0311,0.5486,0.836
openmesh,openmesh 2024-03-02 12,radar only ked [dynamic + gauges],R+L+G,376,0.1658,1.1008,0.5382,0.8152
openmesh,openmesh 2024-03-02 12,radar only mfb [constant + gauges],R+L+G,376,-0.2129,0.9629,0.6225,0.8468
openmesh,openmesh 2024-03-02 12,radar only add [constant + gauges],R+L+G,376,-0.3372,1.0916,0.5155,0.8165
openmesh,openmesh 2024-03-02 12,radar only mul [constant + gauges],R+L+G,376,-0.321,1.062,0.5359,0.8468
openmesh,openmesh 2024-03-02 12,radar only idw_add [constant + gauges],R+L+G,376,-0.3143,1.05,0.5556,0.8248
openmesh,openmesh 2024-03-02 12,radar only idw_mul [constant + gauges],R+L+G,376,-0.3091,1.0488,0.5562,0.828
openmesh,openmesh 2024-03-02 12,radar only okrig_add [constant + gauges],R+L+G,376,-0.2751,1.0494,0.5527,0.8253
openmesh,openmesh 2024-03-02 12,radar only ked [constant + gauges],R+L+G,376,0.1173,1.1167,0.584,0.8464
openmesh,openmesh 2024-03-02 12,radar only mfb [pycomlink + gauges],R+L+G,376,-0.2325,0.969,0.621,0.8468
openmesh,openmesh 2024-03-02 12,radar only add [pycomlink + gauges],R+L+G,376,-0.3303,1.0744,0.5231,0.8404
openmesh,openmesh 2024-03-02 12,radar only mul [pycomlink + gauges],R+L+G,376,-0.3348,1.0554,0.5488,0.8468
openmesh,openmesh 2024-03-02 12,radar only idw_add [pycomlink + gauges],R+L+G,376,-0.3145,1.0312,0.5723,0.8221
openmesh,openmesh 2024-03-02 12,radar only idw_mul [pycomlink + gauges],R+L+G,376,-0.3095,1.0304,0.5718,0.8226
openmesh,openmesh 2024-03-02 12,radar only okrig_add [pycomlink + gauges],R+L+G,376,-0.3167,1.0511,0.5514,0.8226
openmesh,openmesh 2024-03-02 12,radar only ked [pycomlink + gauges],R+L+G,376,-0.05,0.9982,0.5958,0.8464
openmesh,openmesh 2024-03-02 12,radar only mfb [nearby + gauges],R+L+G,376,-0.1691,0.951,0.6248,0.8491
openmesh,openmesh 2024-03-02 12,radar only add [nearby + gauges],R+L+G,376,-0.2672,1.0546,0.5253,0.8537
openmesh,openmesh 2024-03-02 12,radar only mul [nearby + gauges],R+L+G,376,-0.2812,1.0463,0.5393,0.8468
openmesh,openmesh 2024-03-02 12,radar only idw_add [nearby + gauges],R+L+G,376,-0.2628,1.0142,0.5746,0.8302
openmesh,openmesh 2024-03-02 12,radar only idw_mul [nearby + gauges],R+L+G,376,-0.2572,1.0135,0.5739,0.8306
openmesh,openmesh 2024-03-02 12,radar only okrig_add [nearby + gauges],R+L+G,376,-0.2411,1.0071,0.5791,0.8414
openmesh,openmesh 2024-03-02 12,radar only ked [nearby + gauges],R+L+G,376,-0.0722,1.0239,0.5613,0.8459
openmesh,openmesh 2024-03-02 12,radar only mfb [rnn + gauges],R+L+G,376,-0.074,0.9348,0.6275,0.8468
openmesh,openmesh 2024-03-02 12,radar only add [rnn + gauges],R+L+G,376,-0.1096,0.983,0.5777,0.8856
openmesh,openmesh 2024-03-02 12,radar only mul [rnn + gauges],R+L+G,376,-0.1616,0.9887,0.5802,0.8468
openmesh,openmesh 2024-03-02 12,radar only idw_add [rnn + gauges],R+L+G,376,-0.1159,0.9536,0.612,0.836
openmesh,openmesh 2024-03-02 12,radar only idw_mul [rnn + gauges],R+L+G,376,-0.1126,0.9529,0.6122,0.8387
openmesh,openmesh 2024-03-02 12,radar only okrig_add [rnn + gauges],R+L+G,376,-0.1615,0.9904,0.5794,0.8414
openmesh,openmesh 2024-03-02 12,radar only ked [rnn + gauges],R+L+G,376,-0.0232,1.0076,0.5666,0.8437
openmesh,openmesh 2024-03-02 12,radar okrig_add [gauges] (5 km variogram),R+G,376,-0.0611,0.9916,0.5796,0.8414
openmesh,openmesh 2024-03-02 12,radar ked [gauges] (5 km variogram),R+G,376,0.1279,1.0666,0.565,0.8468
openmesh,openmesh 2024-03-02 12,radar okrig_add [dynamic] (5 km variogram),R+L,376,0.2392,1.1826,0.4346,0.836
openmesh,openmesh 2024-03-02 12,radar ked [dynamic] (5 km variogram),R+L,376,0.3747,1.3538,0.3506,0.8065
openmesh,openmesh 2024-03-02 12,radar okrig_add [constant] (5 km variogram),R+L,376,-0.7098,1.3007,0.4174,0.4904
openmesh,openmesh 2024-03-02 12,radar ked [constant] (5 km variogram),R+L,376,-0.1123,1.0181,0.5579,0.8333
openmesh,openmesh 2024-03-02 12,radar okrig_add [pycomlink] (5 km variogram),R+L,376,-0.7313,1.2934,0.4582,0.5166
openmesh,openmesh 2024-03-02 12,radar ked [pycomlink] (5 km variogram),R+L,376,-0.4527,1.1642,0.4636,0.7832
openmesh,openmesh 2024-03-02 12,radar okrig_add [nearby] (5 km variogram),R+L,376,-0.6165,1.2152,0.4948,0.7073
openmesh,openmesh 2024-03-02 12,radar ked [nearby] (5 km variogram),R+L,376,-0.5509,1.2393,0.3793,0.7371
openmesh,openmesh 2024-03-02 12,radar okrig_add [rnn] (5 km variogram),R+L,376,-0.1916,0.9993,0.5762,0.8329
openmesh,openmesh 2024-03-02 12,radar ked [rnn] (5 km variogram),R+L,376,-0.1718,1.0161,0.5482,0.8226
openmesh,openmesh 2024-03-02 12,radar okrig_add [dynamic + gauges] (5 km variogram),R+L+G,376,0.0021,1.0601,0.5178,0.836
openmesh,openmesh 2024-03-02 12,radar ked [dynamic + gauges] (5 km variogram),R+L+G,376,0.1707,1.0937,0.5351,0.8306
openmesh,openmesh 2024-03-02 12,radar okrig_add [constant + gauges] (5 km variogram),R+L+G,376,-0.2968,1.0376,0.5642,0.8253
openmesh,openmesh 2024-03-02 12,radar ked [constant + gauges] (5 km variogram),R+L+G,376,0.1244,1.1203,0.5768,0.8441
openmesh,openmesh 2024-03-02 12,radar okrig_add [pycomlink + gauges] (5 km variogram),R+L+G,376,-0.3292,1.0533,0.5511,0.8199
openmesh,openmesh 2024-03-02 12,radar ked [pycomlink + gauges] (5 km variogram),R+L+G,376,-0.0692,0.9874,0.5949,0.8441
openmesh,openmesh 2024-03-02 12,radar okrig_add [nearby + gauges] (5 km variogram),R+L+G,376,-0.2629,1.0187,0.5697,0.8387
openmesh,openmesh 2024-03-02 12,radar ked [nearby + gauges] (5 km variogram),R+L+G,376,-0.1006,1.008,0.5655,0.8468
openmesh,openmesh 2024-03-02 12,radar okrig_add [rnn + gauges] (5 km variogram),R+L+G,376,-0.1637,0.9957,0.5726,0.8441
openmesh,openmesh 2024-03-02 12,radar ked [rnn + gauges] (5 km variogram),R+L+G,376,-0.0445,1.0008,0.5657,0.8441
openmesh,openmesh 2024-03-02 12,radar only okrig_add [gauges] (5 km variogram),R+G,376,-0.0617,0.99,0.582,0.8333
openmesh,openmesh 2024-03-02 12,radar only ked [gauges] (5 km variogram),R+G,376,0.0983,1.0007,0.6075,0.8441
openmesh,openmesh 2024-03-02 12,radar only okrig_add [dynamic] (5 km variogram),R+L,376,0.2444,1.1805,0.4387,0.8387
openmesh,openmesh 2024-03-02 12,radar only ked [dynamic] (5 km variogram),R+L,376,0.3966,1.319,0.4037,0.8275
openmesh,openmesh 2024-03-02 12,radar only okrig_add [constant] (5 km variogram),R+L,376,-0.7073,1.2966,0.4234,0.5452
openmesh,openmesh 2024-03-02 12,radar only ked [constant] (5 km variogram),R+L,376,-0.1413,1.236,0.3542,0.836
openmesh,openmesh 2024-03-02 12,radar only okrig_add [pycomlink] (5 km variogram),R+L,376,-0.7285,1.289,0.4634,0.5304
openmesh,openmesh 2024-03-02 12,radar only ked [pycomlink] (5 km variogram),R+L,376,-0.3889,1.1615,0.4366,0.7919
openmesh,openmesh 2024-03-02 12,radar only okrig_add [nearby] (5 km variogram),R+L,376,-0.6126,1.2087,0.5046,0.7236
openmesh,openmesh 2024-03-02 12,radar only ked [nearby] (5 km variogram),R+L,376,-0.5169,1.2186,0.3967,0.7568
openmesh,openmesh 2024-03-02 12,radar only okrig_add [rnn] (5 km variogram),R+L,376,-0.1873,0.9942,0.5819,0.8383
openmesh,openmesh 2024-03-02 12,radar only ked [rnn] (5 km variogram),R+L,376,-0.191,1.0065,0.5666,0.8226
openmesh,openmesh 2024-03-02 12,radar only okrig_add [dynamic + gauges] (5 km variogram),R+L+G,376,0.0008,1.0584,0.5201,0.836
openmesh,openmesh 2024-03-02 12,radar only ked [dynamic + gauges] (5 km variogram),R+L+G,376,0.1574,1.0838,0.5418,0.8324
openmesh,openmesh 2024-03-02 12,radar only okrig_add [constant + gauges] (5 km variogram),R+L+G,376,-0.2982,1.0374,0.5654,0.8226
openmesh,openmesh 2024-03-02 12,radar only ked [constant + gauges] (5 km variogram),R+L+G,376,0.0998,1.0618,0.6072,0.8437
openmesh,openmesh 2024-03-02 12,radar only okrig_add [pycomlink + gauges] (5 km variogram),R+L+G,376,-0.3305,1.0524,0.553,0.8199
openmesh,openmesh 2024-03-02 12,radar only ked [pycomlink + gauges] (5 km variogram),R+L+G,376,-0.0689,0.9887,0.5987,0.8464
openmesh,openmesh 2024-03-02 12,radar only okrig_add [nearby + gauges] (5 km variogram),R+L+G,376,-0.264,1.0168,0.5724,0.836
openmesh,openmesh 2024-03-02 12,radar only ked [nearby + gauges] (5 km variogram),R+L+G,376,-0.0979,1.0068,0.5717,0.8459
openmesh,openmesh 2024-03-02 12,radar only okrig_add [rnn + gauges] (5 km variogram),R+L+G,376,-0.1649,0.9941,0.5747,0.8414
openmesh,openmesh 2024-03-02 12,radar only ked [rnn + gauges] (5 km variogram),R+L+G,376,-0.035,0.9852,0.583,0.8441
openmesh,openmesh 2024-03-09 19,radar,R,513,-0.0156,0.7972,0.8432,0.8241
openmesh,openmesh 2024-03-09 19,radar only,R,513,-0.4155,1.2085,0.7426,0.8147
openmesh,openmesh 2024-03-09 19,links dynamic idw,L,513,0.9384,1.9058,0.5668,0.6926
openmesh,openmesh 2024-03-09 19,links dynamic line,L,513,0.8671,1.7815,0.5917,0.6917
openmesh,openmesh 2024-03-09 19,links constant idw,L,513,-0.2313,1.2396,0.6172,0.7091
openmesh,openmesh 2024-03-09 19,links constant line,L,513,-0.2116,1.2294,0.6179,0.7542
openmesh,openmesh 2024-03-09 19,links pycomlink idw,L,513,-0.4455,1.266,0.6165,0.5464
openmesh,openmesh 2024-03-09 19,links pycomlink line,L,513,-0.4566,1.2649,0.617,0.5635
openmesh,openmesh 2024-03-09 19,links nearby idw,L,513,-0.2707,1.3589,0.5116,0.7146
openmesh,openmesh 2024-03-09 19,links nearby line,L,513,-0.2839,1.2288,0.597,0.75
openmesh,openmesh 2024-03-09 19,links rnn idw,L,513,-0.1614,1.004,0.7726,0.8575
openmesh,openmesh 2024-03-09 19,links rnn line,L,513,-0.1232,1.0114,0.763,0.8575
openmesh,openmesh 2024-03-09 19,gauges,G,513,0.0072,0.7415,0.8665,0.8521
openmesh,openmesh 2024-03-09 19,links dynamic + gauges,L+G,513,0.5739,1.5187,0.638,0.7051
openmesh,openmesh 2024-03-09 19,links constant + gauges,L+G,513,-0.1836,0.9528,0.7766,0.7542
openmesh,openmesh 2024-03-09 19,links pycomlink + gauges,L+G,513,-0.2672,1.0005,0.7608,0.7623
openmesh,openmesh 2024-03-09 19,links nearby + gauges,L+G,513,-0.1288,1.0653,0.709,0.7563
openmesh,openmesh 2024-03-09 19,links rnn + gauges,L+G,513,-0.0916,0.8545,0.8311,0.8532
openmesh,openmesh 2024-03-09 19,radar mfb [gauges],R+G,513,0.0022,0.8057,0.8402,0.8241
openmesh,openmesh 2024-03-09 19,radar add [gauges],R+G,513,0.002,0.7641,0.8578,0.8489
openmesh,openmesh 2024-03-09 19,radar mul [gauges],R+G,513,0.0034,0.7622,0.8585,0.8241
openmesh,openmesh 2024-03-09 19,radar idw_add [gauges],R+G,513,0.0009,0.7475,0.8643,0.8211
openmesh,openmesh 2024-03-09 19,radar idw_mul [gauges],R+G,513,0.008,0.7466,0.8649,0.8241
openmesh,openmesh 2024-03-09 19,radar okrig_add [gauges],R+G,513,-0.0398,0.78,0.8521,0.8237
openmesh,openmesh 2024-03-09 19,radar ked [gauges],R+G,513,0.0847,0.8074,0.8497,0.8215
openmesh,openmesh 2024-03-09 19,radar mfb [dynamic],R+L,513,0.4552,1.0692,0.7905,0.8241
openmesh,openmesh 2024-03-09 19,radar add [dynamic],R+L,513,0.9244,1.9043,0.5587,0.6926
openmesh,openmesh 2024-03-09 19,radar mul [dynamic],R+L,513,0.4985,1.5646,0.6587,0.8241
openmesh,openmesh 2024-03-09 19,radar idw_add [dynamic],R+L,513,0.6715,1.6434,0.6493,0.8333
openmesh,openmesh 2024-03-09 19,radar idw_mul [dynamic],R+L,513,0.6548,1.6745,0.6366,0.8241
openmesh,openmesh 2024-03-09 19,radar okrig_add [dynamic],R+L,513,0.6847,1.8769,0.5985,0.8094
openmesh,openmesh 2024-03-09 19,radar ked [dynamic],R+L,513,0.7436,2.6752,0.4635,0.7704
openmesh,openmesh 2024-03-09 19,radar mfb [constant],R+L,513,-0.4024,1.0147,0.8335,0.8053
openmesh,openmesh 2024-03-09 19,radar add [constant],R+L,513,-0.2406,1.2518,0.6068,0.6899
openmesh,openmesh 2024-03-09 19,radar mul [constant],R+L,513,-0.2576,1.1584,0.664,0.8241
openmesh,openmesh 2024-03-09 19,radar idw_add [constant],R+L,513,-0.3066,1.1682,0.662,0.7487
openmesh,openmesh 2024-03-09 19,radar idw_mul [constant],R+L,513,-0.3103,1.1558,0.6697,0.7546
openmesh,openmesh 2024-03-09 19,radar okrig_add [constant],R+L,513,-0.2965,1.2664,0.6139,0.6863
openmesh,openmesh 2024-03-09 19,radar ked [constant],R+L,513,0.1758,1.8053,0.5626,0.7874
openmesh,openmesh 2024-03-09 19,radar mfb [pycomlink],R+L,513,-0.537,1.1245,0.8197,0.8026
openmesh,openmesh 2024-03-09 19,radar add [pycomlink],R+L,513,-0.4516,1.2851,0.6016,0.5567
openmesh,openmesh 2024-03-09 19,radar mul [pycomlink],R+L,513,-0.3945,1.1947,0.6522,0.8241
openmesh,openmesh 2024-03-09 19,radar idw_add [pycomlink],R+L,513,-0.4671,1.2134,0.6553,0.56
openmesh,openmesh 2024-03-09 19,radar idw_mul [pycomlink],R+L,513,-0.4694,1.2038,0.6637,0.5561
openmesh,openmesh 2024-03-09 19,radar okrig_add [pycomlink],R+L,513,-0.4103,1.2465,0.6255,0.5505
openmesh,openmesh 2024-03-09 19,radar ked [pycomlink],R+L,513,0.0092,1.4906,0.6157,0.7717
openmesh,openmesh 2024-03-09 19,radar mfb [nearby],R+L,513,-0.3543,1.0084,0.8335,0.8241
openmesh,openmesh 2024-03-09 19,radar add [nearby],R+L,513,-0.2856,1.384,0.4913,0.6875
openmesh,openmesh 2024-03-09 19,radar mul [nearby],R+L,513,-0.3109,1.2657,0.5816,0.8241
openmesh,openmesh 2024-03-09 19,radar idw_add [nearby],R+L,513,-0.3371,1.2372,0.6028,0.8084
openmesh,openmesh 2024-03-09 19,radar idw_mul [nearby],R+L,513,-0.3301,1.2205,0.6142,0.8136
openmesh,openmesh 2024-03-09 19,radar okrig_add [nearby],R+L,513,-0.4401,1.4166,0.4801,0.6772
openmesh,openmesh 2024-03-09 19,radar ked [nearby],R+L,513,-0.2022,1.5565,0.4593,0.7335
openmesh,openmesh 2024-03-09 19,radar mfb [rnn],R+L,513,-0.1529,0.9835,0.784,0.8241
openmesh,openmesh 2024-03-09 19,radar add [rnn],R+L,513,-0.1777,1.0389,0.7479,0.851
openmesh,openmesh 2024-03-09 19,radar mul [rnn],R+L,513,-0.1881,1.0003,0.7742,0.8241
openmesh,openmesh 2024-03-09 19,radar idw_add [rnn],R+L,513,-0.1763,1.0258,0.7559,0.8289
openmesh,openmesh 2024-03-09 19,radar idw_mul [rnn],R+L,513,-0.1683,1.0151,0.7623,0.8241
openmesh,openmesh 2024-03-09 19,radar okrig_add [rnn],R+L,513,-0.2185,1.05,0.7457,0.8241
openmesh,openmesh 2024-03-09 19,radar ked [rnn],R+L,513,-0.2382,1.1219,0.6783,0.7979
openmesh,openmesh 2024-03-09 19,radar mfb [dynamic + gauges],R+L+G,513,0.2144,0.8731,0.8259,0.8241
openmesh,openmesh 2024-03-09 19,radar add [dynamic + gauges],R+L+G,513,0.5656,1.5283,0.63,0.7091
openmesh,openmesh 2024-03-09 19,radar mul [dynamic + gauges],R+L+G,513,0.302,1.2831,0.7121,0.8241
openmesh,openmesh 2024-03-09 19,radar idw_add [dynamic + gauges],R+L+G,513,0.3638,1.2383,0.7311,0.8381
openmesh,openmesh 2024-03-09 19,radar idw_mul [dynamic + gauges],R+L+G,513,0.3504,1.2348,0.7318,0.8241
openmesh,openmesh 2024-03-09 19,radar okrig_add [dynamic + gauges],R+L+G,513,0.2023,1.2276,0.7115,0.8268
openmesh,openmesh 2024-03-09 19,radar ked [dynamic + gauges],R+L+G,513,0.358,1.4325,0.6755,0.7895
openmesh,openmesh 2024-03-09 19,radar mfb [constant + gauges],R+L+G,513,-0.1684,0.8302,0.8419,0.8241
openmesh,openmesh 2024-03-09 19,radar add [constant + gauges],R+L+G,513,-0.1905,0.971,0.7673,0.7482
openmesh,openmesh 2024-03-09 19,radar mul [constant + gauges],R+L+G,513,-0.185,0.9348,0.786,0.8241
openmesh,openmesh 2024-03-09 19,radar idw_add [constant + gauges],R+L+G,513,-0.1971,0.9057,0.8026,0.7942
openmesh,openmesh 2024-03-09 19,radar idw_mul [constant + gauges],R+L+G,513,-0.1962,0.9005,0.8051,0.8047
openmesh,openmesh 2024-03-09 19,radar okrig_add [constant + gauges],R+L+G,513,-0.2222,0.9415,0.7876,0.7984
openmesh,openmesh 2024-03-09 19,radar ked [constant + gauges],R+L+G,513,0.0457,1.0516,0.7632,0.811
openmesh,openmesh 2024-03-09 19,radar mfb [pycomlink + gauges],R+L+G,513,-0.2269,0.852,0.8409,0.8241
openmesh,openmesh 2024-03-09 19,radar add [pycomlink + gauges],R+L+G,513,-0.2739,1.0185,0.7513,0.7455
openmesh,openmesh 2024-03-09 19,radar mul [pycomlink + gauges],R+L+G,513,-0.2379,0.9801,0.7673,0.8241
openmesh,openmesh 2024-03-09 19,radar idw_add [pycomlink + gauges],R+L+G,513,-0.2565,0.9274,0.799,0.7836
openmesh,openmesh 2024-03-09 19,radar idw_mul [pycomlink + gauges],R+L+G,513,-0.2549,0.9241,0.8005,0.7995
openmesh,openmesh 2024-03-09 19,radar okrig_add [pycomlink + gauges],R+L+G,513,-0.2585,0.9621,0.781,0.7889
openmesh,openmesh 2024-03-09 19,radar ked [pycomlink + gauges],R+L+G,513,0.041,1.0379,0.7627,0.811
openmesh,openmesh 2024-03-09 19,radar mfb [nearby + gauges],R+L+G,513,-0.1463,0.831,0.8413,0.8241
openmesh,openmesh 2024-03-09 19,radar add [nearby + gauges],R+L+G,513,-0.1371,1.0837,0.6979,0.7431
openmesh,openmesh 2024-03-09 19,radar mul [nearby + gauges],R+L+G,513,-0.1625,1.0093,0.7427,0.8241
openmesh,openmesh 2024-03-09 19,radar idw_add [nearby + gauges],R+L+G,513,-0.1832,0.9394,0.7833,0.8158
openmesh,openmesh 2024-03-09 19,radar idw_mul [nearby + gauges],R+L+G,513,-0.178,0.9328,0.7863,0.8215
openmesh,openmesh 2024-03-09 19,radar okrig_add [nearby + gauges],R+L+G,513,-0.1991,0.9665,0.7703,0.8206
openmesh,openmesh 2024-03-09 19,radar ked [nearby + gauges],R+L+G,513,0.0036,1.0751,0.7337,0.8163
openmesh,openmesh 2024-03-09 19,radar mfb [rnn + gauges],R+L+G,513,-0.0727,0.8405,0.8329,0.8241
openmesh,openmesh 2024-03-09 19,radar add [rnn + gauges],R+L+G,513,-0.1014,0.8781,0.8193,0.8496
openmesh,openmesh 2024-03-09 19,radar mul [rnn + gauges],R+L+G,513,-0.1085,0.8617,0.8266,0.8241
openmesh,openmesh 2024-03-09 19,radar idw_add [rnn + gauges],R+L+G,513,-0.098,0.8315,0.8421,0.8289
openmesh,openmesh 2024-03-09 19,radar idw_mul [rnn + gauges],R+L+G,513,-0.094,0.8277,0.8432,0.8241
openmesh,openmesh 2024-03-09 19,radar okrig_add [rnn + gauges],R+L+G,513,-0.1379,0.8656,0.8207,0.8268
openmesh,openmesh 2024-03-09 19,radar ked [rnn + gauges],R+L+G,513,-0.0511,0.8598,0.8152,0.8031
openmesh,openmesh 2024-03-09 19,radar only mfb [gauges],R+G,513,-0.001,0.7894,0.8468,0.8381
openmesh,openmesh 2024-03-09 19,radar only add [gauges],R+G,513,0.0005,0.7476,0.8642,0.8371
openmesh,openmesh 2024-03-09 19,radar only mul [gauges],R+G,513,-0.0548,0.7608,0.8593,0.8295
openmesh,openmesh 2024-03-09 19,radar only idw_add [gauges],R+G,513,0.0007,0.7307,0.8706,0.8161
openmesh,openmesh 2024-03-09 19,radar only idw_mul [gauges],R+G,513,0.0051,0.7434,0.8662,0.8226
openmesh,openmesh 2024-03-09 19,radar only okrig_add [gauges],R+G,513,-0.0386,0.7643,0.8582,0.8114
openmesh,openmesh 2024-03-09 19,radar only ked [gauges],R+G,513,0.0808,0.8194,0.8451,0.8096
openmesh,openmesh 2024-03-09 19,radar only mfb [dynamic],R+L,513,0.4637,1.0639,0.7955,0.8147
openmesh,openmesh 2024-03-09 19,radar only add [dynamic],R+L,513,0.9264,1.8989,0.5675,0.694
openmesh,openmesh 2024-03-09 19,radar only mul [dynamic],R+L,513,0.4138,1.3482,0.6776,0.8147
openmesh,openmesh 2024-03-09 19,radar only idw_add [dynamic],R+L,513,0.7622,1.6771,0.6418,0.7663
openmesh,openmesh 2024-03-09 19,radar only idw_mul [dynamic],R+L,513,0.7803,1.8673,0.5953,0.8147
openmesh,openmesh 2024-03-09 19,radar only okrig_add [dynamic],R+L,513,0.7949,1.9357,0.58,0.7512
openmesh,openmesh 2024-03-09 19,radar only ked [dynamic],R+L,513,1.0926,4.4827,0.2802,0.7824
openmesh,openmesh 2024-03-09 19,radar only mfb [constant],R+L,513,-0.4008,1.0071,0.8369,0.8329
openmesh,openmesh 2024-03-09 19,radar only add [constant],R+L,513,-0.2386,1.2374,0.6186,0.6866
openmesh,openmesh 2024-03-09 19,radar only mul [constant],R+L,513,-0.2981,1.1548,0.6648,0.8316
openmesh,openmesh 2024-03-09 19,radar only idw_add [constant],R+L,513,-0.3042,1.1514,0.6744,0.733
openmesh,openmesh 2024-03-09 19,radar only idw_mul [constant],R+L,513,-0.3066,1.1383,0.6815,0.7573
openmesh,openmesh 2024-03-09 19,radar only okrig_add [constant],R+L,513,-0.2932,1.2561,0.623,0.689
openmesh,openmesh 2024-03-09 19,radar only ked [constant],R+L,513,0.2512,1.8111,0.5836,0.7735
openmesh,openmesh 2024-03-09 19,radar only mfb [pycomlink],R+L,513,-0.535,1.1185,0.8224,0.8329
openmesh,openmesh 2024-03-09 19,radar only add [pycomlink],R+L,513,-0.4492,1.2675,0.6162,0.5741
openmesh,openmesh 2024-03-09 19,radar only mul [pycomlink],R+L,513,-0.4243,1.2081,0.6468,0.8316
openmesh,openmesh 2024-03-09 19,radar only idw_add [pycomlink],R+L,513,-0.4649,1.1937,0.6707,0.5957
openmesh,openmesh 2024-03-09 19,radar only idw_mul [pycomlink],R+L,513,-0.4606,1.1879,0.674,0.5615
openmesh,openmesh 2024-03-09 19,radar only okrig_add [pycomlink],R+L,513,-0.4072,1.2323,0.6366,0.6027
openmesh,openmesh 2024-03-09 19,radar only ked [pycomlink],R+L,513,0.0867,1.3282,0.6913,0.7792
openmesh,openmesh 2024-03-09 19,radar only mfb [nearby],R+L,513,-0.3592,1.0036,0.8433,0.8168
openmesh,openmesh 2024-03-09 19,radar only add [nearby],R+L,513,-0.2824,1.3638,0.5086,0.6874
openmesh,openmesh 2024-03-09 19,radar only mul [nearby],R+L,513,-0.36,1.216,0.6211,0.8252
openmesh,openmesh 2024-03-09 19,radar only idw_add [nearby],R+L,513,-0.333,1.2142,0.6208,0.7718
openmesh,openmesh 2024-03-09 19,radar only idw_mul [nearby],R+L,513,-0.336,1.2149,0.6196,0.7959
openmesh,openmesh 2024-03-09 19,radar only okrig_add [nearby],R+L,513,-0.4368,1.4038,0.4916,0.6787
openmesh,openmesh 2024-03-09 19,radar only ked [nearby],R+L,513,-0.1849,1.616,0.4274,0.7069
openmesh,openmesh 2024-03-09 19,radar only mfb [rnn],R+L,513,-0.1531,0.9678,0.7965,0.8381
openmesh,openmesh 2024-03-09 19,radar only add [rnn],R+L,513,-0.1737,1.0069,0.7721,0.8421
openmesh,openmesh 2024-03-09 19,radar only mul [rnn],R+L,513,-0.221,1.0198,0.7774,0.8295
openmesh,openmesh 2024-03-09 19,radar only idw_add [rnn],R+L,513,-0.172,0.9927,0.7797,0.8172
openmesh,openmesh 2024-03-09 19,radar only idw_mul [rnn],R+L,513,-0.1698,0.9918,0.7791,0.8359
openmesh,openmesh 2024-03-09 19,radar only okrig_add [rnn],R+L,513,-0.2148,1.0258,0.7638,0.822
openmesh,openmesh 2024-03-09 19,radar only ked [rnn],R+L,513,-0.1836,1.0413,0.7331,0.7964
openmesh,openmesh 2024-03-09 19,radar only mfb [dynamic + gauges],R+L+G,513,0.2169,0.8563,0.8328,0.8147
openmesh,openmesh 2024-03-09 19,radar only add [dynamic + gauges],R+L+G,513,0.5645,1.5183,0.6371,0.7126
openmesh,openmesh 2024-03-09 19,radar only mul [dynamic + gauges],R+L+G,513,0.2215,1.1086,0.7355,0.8147
openmesh,openmesh 2024-03-09 19,radar only idw_add [dynamic + gauges],R+L+G,513,0.4071,1.2517,0.7282,0.7687
openmesh,openmesh 2024-03-09 19,radar only idw_mul [dynamic + gauges],R+L+G,513,0.4117,1.3434,0.7022,0.8147
openmesh,openmesh 2024-03-09 19,radar only okrig_add [dynamic + gauges],R+L+G,513,0.2504,1.2549,0.6999,0.785
openmesh,openmesh 2024-03-09 19,radar only ked [dynamic + gauges],R+L+G,513,0.3851,1.4474,0.6656,0.787
openmesh,openmesh 2024-03-09 19,radar only mfb [constant + gauges],R+L+G,513,-0.1705,0.82,0.8473,0.8329
openmesh,openmesh 2024-03-09 19,radar only add [constant + gauges],R+L+G,513,-0.1911,0.9582,0.7746,0.7404
openmesh,openmesh 2024-03-09 19,radar only mul [constant + gauges],R+L+G,513,-0.2301,0.941,0.789,0.8295
openmesh,openmesh 2024-03-09 19,radar only idw_add [constant + gauges],R+L+G,513,-0.196,0.8963,0.8073,0.788
openmesh,openmesh 2024-03-09 19,radar only idw_mul [constant + gauges],R+L+G,513,-0.1921,0.8955,0.8074,0.8105
openmesh,openmesh 2024-03-09 19,radar only okrig_add [constant + gauges],R+L+G,513,-0.223,0.9318,0.7927,0.7926
openmesh,openmesh 2024-03-09 19,radar only ked [constant + gauges],R+L+G,513,0.0511,1.0626,0.7607,0.7964
openmesh,openmesh 2024-03-09 19,radar only mfb [pycomlink + gauges],R+L+G,513,-0.2289,0.843,0.8461,0.8329
openmesh,openmesh 2024-03-09 19,radar only add [pycomlink + gauges],R+L+G,513,-0.2746,1.0065,0.7586,0.7526
openmesh,openmesh 2024-03-09 19,radar only mul [pycomlink + gauges],R+L+G,513,-0.2805,0.9835,0.7724,0.8295
openmesh,openmesh 2024-03-09 19,radar only idw_add [pycomlink + gauges],R+L+G,513,-0.2554,0.9205,0.8024,0.7775
openmesh,openmesh 2024-03-09 19,radar only idw_mul [pycomlink + gauges],R+L+G,513,-0.2488,0.921,0.8012,0.8053
openmesh,openmesh 2024-03-09 19,radar only okrig_add [pycomlink + gauges],R+L+G,513,-0.2593,0.9541,0.7854,0.7757
openmesh,openmesh 2024-03-09 19,radar only ked [pycomlink + gauges],R+L+G,513,0.0547,1.0055,0.7775,0.7995
openmesh,openmesh 2024-03-09 19,radar only mfb [nearby + gauges],R+L+G,513,-0.1485,0.8203,0.8479,0.8168
openmesh,openmesh 2024-03-09 19,radar only add [nearby + gauges],R+L+G,513,-0.1381,1.0713,0.706,0.7341
openmesh,openmesh 2024-03-09 19,radar only mul [nearby + gauges],R+L+G,513,-0.2226,0.9444,0.7905,0.8273
openmesh,openmesh 2024-03-09 19,radar only idw_add [nearby + gauges],R+L+G,513,-0.1825,0.9265,0.7902,0.8094
openmesh,openmesh 2024-03-09 19,radar only idw_mul [nearby + gauges],R+L+G,513,-0.1803,0.9286,0.7888,0.8303
openmesh,openmesh 2024-03-09 19,radar only okrig_add [nearby + gauges],R+L+G,513,-0.1994,0.9578,0.7752,0.8153
openmesh,openmesh 2024-03-09 19,radar only ked [nearby + gauges],R+L+G,513,0.0177,1.1011,0.7257,0.8015
openmesh,openmesh 2024-03-09 19,radar only mfb [rnn + gauges],R+L+G,513,-0.0734,0.8262,0.8405,0.8381
openmesh,openmesh 2024-03-09 19,radar only add [rnn + gauges],R+L+G,513,-0.101,0.8581,0.8296,0.8408
openmesh,openmesh 2024-03-09 19,radar only mul [rnn + gauges],R+L+G,513,-0.1526,0.8838,0.8276,0.8295
openmesh,openmesh 2024-03-09 19,radar only idw_add [rnn + gauges],R+L+G,513,-0.097,0.8169,0.8483,0.8251
openmesh,openmesh 2024-03-09 19,radar only idw_mul [rnn + gauges],R+L+G,513,-0.0933,0.8201,0.8454,0.8333
openmesh,openmesh 2024-03-09 19,radar only okrig_add [rnn + gauges],R+L+G,513,-0.1386,0.8571,0.8249,0.8241
openmesh,openmesh 2024-03-09 19,radar only ked [rnn + gauges],R+L+G,513,-0.0549,0.9179,0.7863,0.797
openmesh,openmesh 2024-03-09 19,radar okrig_add [gauges] (5 km variogram),R+G,513,-0.025,0.7789,0.8522,0.8158
openmesh,openmesh 2024-03-09 19,radar ked [gauges] (5 km variogram),R+G,513,0.075,0.809,0.8479,0.8215
openmesh,openmesh 2024-03-09 19,radar okrig_add [dynamic] (5 km variogram),R+L,513,0.6253,1.7324,0.609,0.8255
openmesh,openmesh 2024-03-09 19,radar ked [dynamic] (5 km variogram),R+L,513,0.6825,2.4245,0.4891,0.7816
openmesh,openmesh 2024-03-09 19,radar okrig_add [constant] (5 km variogram),R+L,513,-0.3408,1.1619,0.6675,0.7586
openmesh,openmesh 2024-03-09 19,radar ked [constant] (5 km variogram),R+L,513,0.1029,1.6563,0.5766,0.7874
openmesh,openmesh 2024-03-09 19,radar okrig_add [pycomlink] (5 km variogram),R+L,513,-0.4735,1.2244,0.6491,0.5707
openmesh,openmesh 2024-03-09 19,radar ked [pycomlink] (5 km variogram),R+L,513,-0.072,1.4125,0.6132,0.7822
openmesh,openmesh 2024-03-09 19,radar okrig_add [nearby] (5 km variogram),R+L,513,-0.4038,1.3017,0.5591,0.8
openmesh,openmesh 2024-03-09 19,radar ked [nearby] (5 km variogram),R+L,513,-0.2116,1.4409,0.5062,0.7421
openmesh,openmesh 2024-03-09 19,radar okrig_add [rnn] (5 km variogram),R+L,513,-0.1789,1.0357,0.7508,0.8289
openmesh,openmesh 2024-03-09 19,radar ked [rnn] (5 km variogram),R+L,513,-0.2078,1.1076,0.6855,0.8031
openmesh,openmesh 2024-03-09 19,radar okrig_add [dynamic + gauges] (5 km variogram),R+L+G,513,0.267,1.2706,0.703,0.8333
openmesh,openmesh 2024-03-09 19,radar ked [dynamic + gauges] (5 km variogram),R+L+G,513,0.3887,1.474,0.6633,0.8026
openmesh,openmesh 2024-03-09 19,radar okrig_add [constant + gauges] (5 km variogram),R+L+G,513,-0.2167,0.916,0.7997,0.8016
openmesh,openmesh 2024-03-09 19,radar ked [constant + gauges] (5 km variogram),R+L+G,513,0.0201,0.9917,0.7816,0.8136
openmesh,openmesh 2024-03-09 19,radar okrig_add [pycomlink + gauges] (5 km variogram),R+L+G,513,-0.2606,0.9543,0.7853,0.7757
openmesh,openmesh 2024-03-09 19,radar ked [pycomlink + gauges] (5 km variogram),R+L+G,513,0.0124,0.9807,0.7824,0.8136
openmesh,openmesh 2024-03-09 19,radar okrig_add [nearby + gauges] (5 km variogram),R+L+G,513,-0.2156,0.9818,0.7632,0.8132
openmesh,openmesh 2024-03-09 19,radar ked [nearby + gauges] (5 km variogram),R+L+G,513,-0.0472,1.0212,0.7479,0.8163
openmesh,openmesh 2024-03-09 19,radar okrig_add [rnn + gauges] (5 km variogram),R+L+G,513,-0.1207,0.8509,0.8306,0.8268
openmesh,openmesh 2024-03-09 19,radar ked [rnn + gauges] (5 km variogram),R+L+G,513,-0.0556,0.8471,0.8224,0.8084
openmesh,openmesh 2024-03-09 19,radar only okrig_add [gauges] (5 km variogram),R+G,513,-0.0257,0.764,0.8581,0.8161
openmesh,openmesh 2024-03-09 19,radar only ked [gauges] (5 km variogram),R+G,513,0.062,0.7976,0.8503,0.8122
openmesh,openmesh 2024-03-09 19,radar only okrig_add [dynamic] (5 km variogram),R+L,513,0.7373,1.7764,0.596,0.7663
openmesh,openmesh 2024-03-09 19,radar only ked [dynamic] (5 km variogram),R+L,513,0.9321,4.3514,0.2453,0.7897
openmesh,openmesh 2024-03-09 19,radar only okrig_add [constant] (5 km variogram),R+L,513,-0.3361,1.1472,0.6783,0.7513
openmesh,openmesh 2024-03-09 19,radar only ked [constant] (5 km variogram),R+L,513,0.0778,1.4427,0.6087,0.7939
openmesh,openmesh 2024-03-09 19,radar only okrig_add [pycomlink] (5 km variogram),R+L,513,-0.4685,1.2034,0.6647,0.5957
openmesh,openmesh 2024-03-09 19,radar only ked [pycomlink] (5 km variogram),R+L,513,-0.0762,1.2075,0.6644,0.7843
openmesh,openmesh 2024-03-09 19,radar only okrig_add [nearby] (5 km variogram),R+L,513,-0.3985,1.2741,0.5826,0.7795
openmesh,openmesh 2024-03-09 19,radar only ked [nearby] (5 km variogram),R+L,513,-0.2098,1.5179,0.463,0.7224
openmesh,openmesh 2024-03-09 19,radar only okrig_add [rnn] (5 km variogram),R+L,513,-0.1737,1.0068,0.7714,0.8225
openmesh,openmesh 2024-03-09 19,radar only ked [rnn] (5 km variogram),R+L,513,-0.16,1.0391,0.7338,0.802
openmesh,openmesh 2024-03-09 19,radar only okrig_add [dynamic + gauges] (5 km variogram),R+L+G,513,0.3128,1.2879,0.6958,0.7633
openmesh,openmesh 2024-03-09 19,radar only ked [dynamic + gauges] (5 km variogram),R+L+G,513,0.416,1.5076,0.6524,0.8015
openmesh,openmesh 2024-03-09 19,radar only okrig_add [constant + gauges] (5 km variogram),R+L+G,513,-0.217,0.9074,0.8042,0.7958
openmesh,openmesh 2024-03-09 19,radar only ked [constant + gauges] (5 km variogram),R+L+G,513,0.0242,1.0169,0.771,0.8015
openmesh,openmesh 2024-03-09 19,radar only okrig_add [pycomlink + gauges] (5 km variogram),R+L+G,513,-0.2611,0.9468,0.7896,0.7678
openmesh,openmesh 2024-03-09 19,radar only ked [pycomlink + gauges] (5 km variogram),R+L+G,513,0.0294,0.9926,0.7779,0.7995
openmesh,openmesh 2024-03-09 19,radar only okrig_add [nearby + gauges] (5 km variogram),R+L+G,513,-0.216,0.9728,0.7684,0.8079
openmesh,openmesh 2024-03-09 19,radar only ked [nearby + gauges] (5 km variogram),R+L+G,513,-0.0344,1.0562,0.7314,0.7995
openmesh,openmesh 2024-03-09 19,radar only okrig_add [rnn + gauges] (5 km variogram),R+L+G,513,-0.1211,0.842,0.8347,0.8294
openmesh,openmesh 2024-03-09 19,radar only ked [rnn + gauges] (5 km variogram),R+L+G,513,-0.0545,0.8995,0.7959,0.802
openmesh,openmesh 2024-03-23 06,radar,R,497,-0.0271,0.7298,0.7595,0.8803
openmesh,openmesh 2024-03-23 06,radar only,R,497,-0.3716,0.9566,0.6866,0.8861
openmesh,openmesh 2024-03-23 06,links dynamic idw,L,497,0.2936,1.2994,0.3939,0.8992
openmesh,openmesh 2024-03-23 06,links dynamic line,L,497,0.2541,1.2472,0.4076,0.9012
openmesh,openmesh 2024-03-23 06,links constant idw,L,497,-0.4547,1.0903,0.4938,0.7601
openmesh,openmesh 2024-03-23 06,links constant line,L,497,-0.4242,1.0598,0.5154,0.7839
openmesh,openmesh 2024-03-23 06,links pycomlink idw,L,497,-0.2589,1.02,0.5077,0.8626
openmesh,openmesh 2024-03-23 06,links pycomlink line,L,497,-0.2457,0.9975,0.5264,0.8911
openmesh,openmesh 2024-03-23 06,links nearby idw,L,497,-0.4237,1.1141,0.4034,0.863
openmesh,openmesh 2024-03-23 06,links nearby line,L,497,-0.4007,1.0944,0.4235,0.8811
openmesh,openmesh 2024-03-23 06,links rnn idw,L,497,-0.1895,0.9994,0.504,0.8714
openmesh,openmesh 2024-03-23 06,links rnn line,L,497,-0.1715,0.9943,0.5096,0.8714
openmesh,openmesh 2024-03-23 06,gauges,G,497,-0.0013,0.7016,0.7798,0.9061
openmesh,openmesh 2024-03-23 06,links dynamic + gauges,L+G,497,0.173,1.0997,0.5203,0.8974
openmesh,openmesh 2024-03-23 06,links constant + gauges,L+G,497,-0.306,0.9044,0.6526,0.8698
openmesh,openmesh 2024-03-23 06,links pycomlink + gauges,L+G,497,-0.1771,0.8677,0.6566,0.8725
openmesh,openmesh 2024-03-23 06,links nearby + gauges,L+G,497,-0.2401,0.8619,0.6771,0.8806
openmesh,openmesh 2024-03-23 06,links rnn + gauges,L+G,497,-0.1261,0.8559,0.6736,0.897
openmesh,openmesh 2024-03-23 06,radar mfb [gauges],R+G,497,0.0097,0.7478,0.745,0.8803
openmesh,openmesh 2024-03-23 06,radar add [gauges],R+G,497,-0.0039,0.7114,0.773,0.9115
openmesh,openmesh 2024-03-23 06,radar mul [gauges],R+G,497,-0.0045,0.7108,0.7735,0.8803
openmesh,openmesh 2024-03-23 06,radar idw_add [gauges],R+G,497,-0.0074,0.7045,0.7778,0.8863
openmesh,openmesh 2024-03-23 06,radar idw_mul [gauges],R+G,497,-0.0023,0.707,0.7762,0.8782
openmesh,openmesh 2024-03-23 06,radar okrig_add [gauges],R+G,497,-0.0248,0.7339,0.7629,0.8908
openmesh,openmesh 2024-03-23 06,radar ked [gauges],R+G,497,0.0522,0.8378,0.707,0.8739
openmesh,openmesh 2024-03-23 06,radar mfb [dynamic],R+L,497,0.0594,0.8433,0.6627,0.8803
openmesh,openmesh 2024-03-23 06,radar add [dynamic],R+L,497,0.3,1.307,0.3965,0.8952
openmesh,openmesh 2024-03-23 06,radar mul [dynamic],R+L,497,0.1805,1.1989,0.4724,0.8803
openmesh,openmesh 2024-03-23 06,radar idw_add [dynamic],R+L,497,0.2732,1.1829,0.463,0.8974
openmesh,openmesh 2024-03-23 06,radar idw_mul [dynamic],R+L,497,0.2475,1.1872,0.4732,0.8803
openmesh,openmesh 2024-03-23 06,radar okrig_add [dynamic],R+L,497,0.3488,1.3554,0.4168,0.8896
openmesh,openmesh 2024-03-23 06,radar ked [dynamic],R+L,497,0.3312,1.6183,0.3966,0.8217
openmesh,openmesh 2024-03-23 06,radar mfb [constant],R+L,497,-0.4989,1.0138,0.7019,0.8739
openmesh,openmesh 2024-03-23 06,radar add [constant],R+L,497,-0.4459,1.0833,0.4998,0.7801
openmesh,openmesh 2024-03-23 06,radar mul [constant],R+L,497,-0.4048,1.0267,0.5455,0.8803
openmesh,openmesh 2024-03-23 06,radar idw_add [constant],R+L,497,-0.4413,1.0271,0.5627,0.8013
openmesh,openmesh 2024-03-23 06,radar idw_mul [constant],R+L,497,-0.4484,1.0355,0.5548,0.7691
openmesh,openmesh 2024-03-23 06,radar okrig_add [constant],R+L,497,-0.4172,1.0727,0.5067,0.7453
openmesh,openmesh 2024-03-23 06,radar ked [constant],R+L,497,-0.0526,1.1692,0.4518,0.8382
openmesh,openmesh 2024-03-23 06,radar mfb [pycomlink],R+L,497,-0.3214,0.9107,0.713,0.8803
openmesh,openmesh 2024-03-23 06,radar add [pycomlink],R+L,497,-0.2525,1.0144,0.5143,0.8644
openmesh,openmesh 2024-03-23 06,radar mul [pycomlink],R+L,497,-0.2467,0.9747,0.5536,0.8803
openmesh,openmesh 2024-03-23 06,radar idw_add [pycomlink],R+L,497,-0.26,0.9451,0.5866,0.8766
openmesh,openmesh 2024-03-23 06,radar idw_mul [pycomlink],R+L,497,-0.2667,0.9515,0.5808,0.8655
openmesh,openmesh 2024-03-23 06,radar okrig_add [pycomlink],R+L,497,-0.1893,0.998,0.5306,0.8817
openmesh,openmesh 2024-03-23 06,radar ked [pycomlink],R+L,497,0.1028,1.1493,0.5168,0.8568
openmesh,openmesh 2024-03-23 06,radar mfb [nearby],R+L,497,-0.4306,1.0193,0.6478,0.8803
openmesh,openmesh 2024-03-23 06,radar add [nearby],R+L,497,-0.4163,1.1025,0.4198,0.8648
openmesh,openmesh 2024-03-23 06,radar mul [nearby],R+L,497,-0.4042,1.0621,0.4816,0.8803
openmesh,openmesh 2024-03-23 06,radar idw_add [nearby],R+L,497,-0.4298,1.0732,0.4797,0.8758
openmesh,openmesh 2024-03-23 06,radar idw_mul [nearby],R+L,497,-0.4348,1.0844,0.4627,0.8655
openmesh,openmesh 2024-03-23 06,radar okrig_add [nearby],R+L,497,-0.4484,1.1415,0.3734,0.8542
openmesh,openmesh 2024-03-23 06,radar ked [nearby],R+L,497,-0.3699,1.1979,0.2949,0.8424
openmesh,openmesh 2024-03-23 06,radar mfb [rnn],R+L,497,-0.172,0.963,0.5699,0.8803
openmesh,openmesh 2024-03-23 06,radar add [rnn],R+L,497,-0.1834,0.994,0.5102,0.8857
openmesh,openmesh 2024-03-23 06,radar mul [rnn],R+L,497,-0.2065,0.9772,0.5422,0.8803
openmesh,openmesh 2024-03-23 06,radar idw_add [rnn],R+L,497,-0.1771,0.9829,0.5332,0.8875
openmesh,openmesh 2024-03-23 06,radar idw_mul [rnn],R+L,497,-0.1798,0.9964,0.498,0.8613
openmesh,openmesh 2024-03-23 06,radar okrig_add [rnn],R+L,497,-0.2221,0.9945,0.529,0.8875
openmesh,openmesh 2024-03-23 06,radar ked [rnn],R+L,497,-0.2234,1.0303,0.4414,0.8739
openmesh,openmesh 2024-03-23 06,radar mfb [dynamic + gauges],R+L+G,497,0.0489,0.77,0.7305,0.8803
openmesh,openmesh 2024-03-23 06,radar add [dynamic + gauges],R+L+G,497,0.1749,1.1053,0.5195,0.8954
openmesh,openmesh 2024-03-23 06,radar mul [dynamic + gauges],R+L+G,497,0.1016,1.0279,0.5734,0.8803
openmesh,openmesh 2024-03-23 06,radar idw_add [dynamic + gauges],R+L+G,497,0.1432,0.9669,0.6067,0.9012
openmesh,openmesh 2024-03-23 06,radar idw_mul [dynamic + gauges],R+L+G,497,0.1264,0.9697,0.6112,0.8803
openmesh,openmesh 2024-03-23 06,radar okrig_add [dynamic + gauges],R+L+G,497,0.0355,0.9813,0.581,0.8981
openmesh,openmesh 2024-03-23 06,radar ked [dynamic + gauges],R+L+G,497,0.0902,1.0989,0.5198,0.8565
openmesh,openmesh 2024-03-23 06,radar mfb [constant + gauges],R+L+G,497,-0.2139,0.7925,0.7473,0.8803
openmesh,openmesh 2024-03-23 06,radar add [constant + gauges],R+L+G,497,-0.304,0.9096,0.6476,0.8577
openmesh,openmesh 2024-03-23 06,radar mul [constant + gauges],R+L+G,497,-0.2764,0.8815,0.6657,0.8803
openmesh,openmesh 2024-03-23 06,radar idw_add [constant + gauges],R+L+G,497,-0.2785,0.8386,0.7083,0.88
openmesh,openmesh 2024-03-23 06,radar idw_mul [constant + gauges],R+L+G,497,-0.2766,0.8396,0.7069,0.8655
openmesh,openmesh 2024-03-23 06,radar okrig_add [constant + gauges],R+L+G,497,-0.2878,0.8561,0.6946,0.8669
openmesh,openmesh 2024-03-23 06,radar ked [constant + gauges],R+L+G,497,-0.0603,0.8997,0.6291,0.8697
openmesh,openmesh 2024-03-23 06,radar mfb [pycomlink + gauges],R+L+G,497,-0.1317,0.7693,0.7478,0.8803
openmesh,openmesh 2024-03-23 06,radar add [pycomlink + gauges],R+L+G,497,-0.1753,0.8725,0.6528,0.8765
openmesh,openmesh 2024-03-23 06,radar mul [pycomlink + gauges],R+L+G,497,-0.168,0.8544,0.6673,0.8803
openmesh,openmesh 2024-03-23 06,radar idw_add [pycomlink + gauges],R+L+G,497,-0.1648,0.7982,0.7172,0.8864
openmesh,openmesh 2024-03-23 06,radar idw_mul [pycomlink + gauges],R+L+G,497,-0.1644,0.7997,0.716,0.8718
openmesh,openmesh 2024-03-23 06,radar okrig_add [pycomlink + gauges],R+L+G,497,-0.1806,0.8282,0.6936,0.8963
openmesh,openmesh 2024-03-23 06,radar ked [pycomlink + gauges],R+L+G,497,-0.0212,0.9258,0.6142,0.8592
openmesh,openmesh 2024-03-23 06,radar mfb [nearby + gauges],R+L+G,497,-0.1674,0.7898,0.7439,0.8803
openmesh,openmesh 2024-03-23 06,radar add [nearby + gauges],R+L+G,497,-0.2385,0.8661,0.671,0.8796
openmesh,openmesh 2024-03-23 06,radar mul [nearby + gauges],R+L+G,497,-0.2268,0.8504,0.6852,0.8803
openmesh,openmesh 2024-03-23 06,radar idw_add [nearby + gauges],R+L+G,497,-0.2291,0.8106,0.7271,0.8889
openmesh,openmesh 2024-03-23 06,radar idw_mul [nearby + gauges],R+L+G,497,-0.2296,0.8119,0.7254,0.8739
openmesh,openmesh 2024-03-23 06,radar okrig_add [nearby + gauges],R+L+G,497,-0.2183,0.815,0.7182,0.8965
openmesh,openmesh 2024-03-23 06,radar ked [nearby + gauges],R+L+G,497,-0.128,0.8903,0.6221,0.8676
openmesh,openmesh 2024-03-23 06,radar mfb [rnn + gauges],R+L+G,497,-0.0728,0.7948,0.7306,0.8803
openmesh,openmesh 2024-03-23 06,radar add [rnn + gauges],R+L+G,497,-0.1243,0.8593,0.6656,0.8902
openmesh,openmesh 2024-03-23 06,radar mul [rnn + gauges],R+L+G,497,-0.1354,0.8473,0.6785,0.8803
openmesh,openmesh 2024-03-23 06,radar idw_add [rnn + gauges],R+L+G,497,-0.1097,0.8118,0.7155,0.8916
openmesh,openmesh 2024-03-23 06,radar idw_mul [rnn + gauges],R+L+G,497,-0.1088,0.8181,0.7046,0.8782
openmesh,openmesh 2024-03-23 06,radar okrig_add [rnn + gauges],R+L+G,497,-0.1618,0.8405,0.6874,0.8932
openmesh,openmesh 2024-03-23 06,radar ked [rnn + gauges],R+L+G,497,-0.1093,0.9339,0.5657,0.8629
openmesh,openmesh 2024-03-23 06,radar only mfb [gauges],R+G,497,0.0057,0.7331,0.7563,0.8857
openmesh,openmesh 2024-03-23 06,radar only add [gauges],R+G,497,0.0006,0.703,0.7788,0.9177
openmesh,openmesh 2024-03-23 06,radar only mul [gauges],R+G,497,-0.0428,0.7036,0.7794,0.8896
openmesh,openmesh 2024-03-23 06,radar only idw_add [gauges],R+G,497,0.0,0.6957,0.7839,0.9037
openmesh,openmesh 2024-03-23 06,radar only idw_mul [gauges],R+G,497,0.0013,0.6965,0.7834,0.8912
openmesh,openmesh 2024-03-23 06,radar only okrig_add [gauges],R+G,497,-0.0205,0.725,0.7679,0.9117
openmesh,openmesh 2024-03-23 06,radar only ked [gauges],R+G,497,0.0492,0.8028,0.7256,0.8776
openmesh,openmesh 2024-03-23 06,radar only mfb [dynamic],R+L,497,0.0622,0.8366,0.6708,0.8861
openmesh,openmesh 2024-03-23 06,radar only add [dynamic],R+L,497,0.298,1.2974,0.398,0.8972
openmesh,openmesh 2024-03-23 06,radar only mul [dynamic],R+L,497,0.1216,1.1206,0.4855,0.8861
openmesh,openmesh 2024-03-23 06,radar only idw_add [dynamic],R+L,497,0.2957,1.1847,0.4517,0.9014
openmesh,openmesh 2024-03-23 06,radar only idw_mul [dynamic],R+L,497,0.2696,1.1818,0.4651,0.8861
openmesh,openmesh 2024-03-23 06,radar only okrig_add [dynamic],R+L,497,0.3631,1.3531,0.4113,0.8898
openmesh,openmesh 2024-03-23 06,radar only ked [dynamic],R+L,497,0.3963,1.4842,0.4624,0.8285
openmesh,openmesh 2024-03-23 06,radar only mfb [constant],R+L,497,-0.5036,1.0153,0.7019,0.8634
openmesh,openmesh 2024-03-23 06,radar only add [constant],R+L,497,-0.4481,1.0824,0.5005,0.7622
openmesh,openmesh 2024-03-23 06,radar only mul [constant],R+L,497,-0.437,1.0577,0.5177,0.8808
openmesh,openmesh 2024-03-23 06,radar only idw_add [constant],R+L,497,-0.4425,1.0274,0.5624,0.7834
openmesh,openmesh 2024-03-23 06,radar only idw_mul [constant],R+L,497,-0.4472,1.0361,0.5531,0.7851
openmesh,openmesh 2024-03-23 06,radar only okrig_add [constant],R+L,497,-0.4198,1.0682,0.5117,0.7282
openmesh,openmesh 2024-03-23 06,radar only ked [constant],R+L,497,-0.0364,1.0935,0.5653,0.8396
openmesh,openmesh 2024-03-23 06,radar only mfb [pycomlink],R+L,497,-0.3288,0.9049,0.7275,0.8912
openmesh,openmesh 2024-03-23 06,radar only add [pycomlink],R+L,497,-0.2544,1.0128,0.5149,0.8664
openmesh,openmesh 2024-03-23 06,radar only mul [pycomlink],R+L,497,-0.2819,0.9899,0.5414,0.8859
openmesh,openmesh 2024-03-23 06,radar only idw_add [pycomlink],R+L,497,-0.2586,0.9453,0.5853,0.8717
openmesh,openmesh 2024-03-23 06,radar only idw_mul [pycomlink],R+L,497,-0.2668,0.9497,0.5827,0.8734
openmesh,openmesh 2024-03-23 06,radar only okrig_add [pycomlink],R+L,497,-0.1893,0.9929,0.5335,0.8635
openmesh,openmesh 2024-03-23 06,radar only ked [pycomlink],R+L,497,0.0888,1.1102,0.5847,0.858
openmesh,openmesh 2024-03-23 06,radar only mfb [nearby],R+L,497,-0.4386,1.0128,0.668,0.8808
openmesh,openmesh 2024-03-23 06,radar only add [nearby],R+L,497,-0.4186,1.1036,0.4186,0.8683
openmesh,openmesh 2024-03-23 06,radar only mul [nearby],R+L,497,-0.4356,1.0765,0.4796,0.8838
openmesh,openmesh 2024-03-23 06,radar only idw_add [nearby],R+L,497,-0.432,1.0769,0.4747,0.8802
openmesh,openmesh 2024-03-23 06,radar only idw_mul [nearby],R+L,497,-0.4393,1.0814,0.4721,0.8755
openmesh,openmesh 2024-03-23 06,radar only okrig_add [nearby],R+L,497,-0.4518,1.1442,0.371,0.845
openmesh,openmesh 2024-03-23 06,radar only ked [nearby],R+L,497,-0.3965,1.2039,0.253,0.8216
openmesh,openmesh 2024-03-23 06,radar only mfb [rnn],R+L,497,-0.1652,0.9593,0.5784,0.8861
openmesh,openmesh 2024-03-23 06,radar only add [rnn],R+L,497,-0.1849,0.9943,0.5117,0.8837
openmesh,openmesh 2024-03-23 06,radar only mul [rnn],R+L,497,-0.2334,0.9861,0.5446,0.882
openmesh,openmesh 2024-03-23 06,radar only idw_add [rnn],R+L,497,-0.1754,0.9839,0.5334,0.8814
openmesh,openmesh 2024-03-23 06,radar only idw_mul [rnn],R+L,497,-0.1752,0.9875,0.5214,0.8675
openmesh,openmesh 2024-03-23 06,radar only okrig_add [rnn],R+L,497,-0.2225,0.9929,0.5356,0.8814
openmesh,openmesh 2024-03-23 06,radar only ked [rnn],R+L,497,-0.2041,0.9944,0.4962,0.8758
openmesh,openmesh 2024-03-23 06,radar only mfb [dynamic + gauges],R+L+G,497,0.0462,0.7569,0.7428,0.8861
openmesh,openmesh 2024-03-23 06,radar only add [dynamic + gauges],R+L+G,497,0.1756,1.0995,0.5218,0.8974
openmesh,openmesh 2024-03-23 06,radar only mul [dynamic + gauges],R+L+G,497,0.051,0.9736,0.5869,0.8861
openmesh,openmesh 2024-03-23 06,radar only idw_add [dynamic + gauges],R+L+G,497,0.1591,0.9666,0.604,0.9052
openmesh,openmesh 2024-03-23 06,radar only idw_mul [dynamic + gauges],R+L+G,497,0.1419,0.9663,0.609,0.8861
openmesh,openmesh 2024-03-23 06,radar only okrig_add [dynamic + gauges],R+L+G,497,0.047,0.9908,0.5715,0.8969
openmesh,openmesh 2024-03-23 06,radar only ked [dynamic + gauges],R+L+G,497,0.1643,1.1277,0.5355,0.8524
openmesh,openmesh 2024-03-23 06,radar only mfb [constant + gauges],R+L+G,497,-0.2148,0.7842,0.7574,0.8891
openmesh,openmesh 2024-03-23 06,radar only add [constant + gauges],R+L+G,497,-0.3032,0.9034,0.653,0.8706
openmesh,openmesh 2024-03-23 06,radar only mul [constant + gauges],R+L+G,497,-0.3075,0.8935,0.663,0.8891
openmesh,openmesh 2024-03-23 06,radar only idw_add [constant + gauges],R+L+G,497,-0.2761,0.8307,0.715,0.8828
openmesh,openmesh 2024-03-23 06,radar only idw_mul [constant + gauges],R+L+G,497,-0.2759,0.8351,0.7108,0.8782
openmesh,openmesh 2024-03-23 06,radar only okrig_add [constant + gauges],R+L+G,497,-0.2891,0.8563,0.6947,0.8661
openmesh,openmesh 2024-03-23 06,radar only ked [constant + gauges],R+L+G,497,-0.0604,0.8582,0.6728,0.8667
openmesh,openmesh 2024-03-23 06,radar only mfb [pycomlink + gauges],R+L+G,497,-0.1365,0.7589,0.7592,0.8912
openmesh,openmesh 2024-03-23 06,radar only add [pycomlink + gauges],R+L+G,497,-0.1745,0.8667,0.6573,0.8816
openmesh,openmesh 2024-03-23 06,radar only mul [pycomlink + gauges],R+L+G,497,-0.2032,0.8571,0.6698,0.8859
openmesh,openmesh 2024-03-23 06,radar only idw_add [pycomlink + gauges],R+L+G,497,-0.1608,0.7913,0.7224,0.9
openmesh,openmesh 2024-03-23 06,radar only idw_mul [pycomlink + gauges],R+L+G,497,-0.1637,0.7947,0.7201,0.8797
openmesh,openmesh 2024-03-23 06,radar only okrig_add [pycomlink + gauges],R+L+G,497,-0.18,0.8294,0.6923,0.9008
openmesh,openmesh 2024-03-23 06,radar only ked [pycomlink + gauges],R+L+G,497,-0.0308,0.8709,0.6668,0.8727
openmesh,openmesh 2024-03-23 06,radar only mfb [nearby + gauges],R+L+G,497,-0.1714,0.7796,0.7559,0.8891
openmesh,openmesh 2024-03-23 06,radar only add [nearby + gauges],R+L+G,497,-0.2374,0.8601,0.6779,0.8891
openmesh,openmesh 2024-03-23 06,radar only mul [nearby + gauges],R+L+G,497,-0.2594,0.8569,0.6931,0.8877
openmesh,openmesh 2024-03-23 06,radar only idw_add [nearby + gauges],R+L+G,497,-0.2251,0.8044,0.7338,0.9059
openmesh,openmesh 2024-03-23 06,radar only idw_mul [nearby + gauges],R+L+G,497,-0.2295,0.8069,0.7315,0.8797
openmesh,openmesh 2024-03-23 06,radar only okrig_add [nearby + gauges],R+L+G,497,-0.2184,0.8156,0.7178,0.8965
openmesh,openmesh 2024-03-23 06,radar only ked [nearby + gauges],R+L+G,497,-0.1276,0.8439,0.6731,0.8631
openmesh,openmesh 2024-03-23 06,radar only mfb [rnn + gauges],R+L+G,497,-0.0737,0.7848,0.7436,0.8861
openmesh,openmesh 2024-03-23 06,radar only add [rnn + gauges],R+L+G,497,-0.1234,0.8552,0.6726,0.8929
openmesh,openmesh 2024-03-23 06,radar only mul [rnn + gauges],R+L+G,497,-0.1674,0.8555,0.6825,0.8841
openmesh,openmesh 2024-03-23 06,radar only idw_add [rnn + gauges],R+L+G,497,-0.1072,0.8068,0.7229,0.8902
openmesh,openmesh 2024-03-23 06,radar only idw_mul [rnn + gauges],R+L+G,497,-0.1067,0.8083,0.7187,0.8841
openmesh,openmesh 2024-03-23 06,radar only okrig_add [rnn + gauges],R+L+G,497,-0.1628,0.8434,0.6841,0.8951
openmesh,openmesh 2024-03-23 06,radar only ked [rnn + gauges],R+L+G,497,-0.0787,0.863,0.6428,0.8734
openmesh,openmesh 2024-03-23 06,radar okrig_add [gauges] (5 km variogram),R+G,497,-0.0372,0.743,0.7499,0.8905
openmesh,openmesh 2024-03-23 06,radar ked [gauges] (5 km variogram),R+G,497,0.0396,0.829,0.6987,0.8739
openmesh,openmesh 2024-03-23 06,radar okrig_add [dynamic] (5 km variogram),R+L,497,0.2641,1.2461,0.4405,0.8949
openmesh,openmesh 2024-03-23 06,radar ked [dynamic] (5 km variogram),R+L,497,0.2707,1.4789,0.3921,0.8207
openmesh,openmesh 2024-03-23 06,radar okrig_add [constant] (5 km variogram),R+L,497,-0.4639,1.0385,0.5619,0.7844
openmesh,openmesh 2024-03-23 06,radar ked [constant] (5 km variogram),R+L,497,-0.0965,1.1629,0.4395,0.8547
openmesh,openmesh 2024-03-23 06,radar okrig_add [pycomlink] (5 km variogram),R+L,497,-0.2628,0.9627,0.5702,0.8882
openmesh,openmesh 2024-03-23 06,radar ked [pycomlink] (5 km variogram),R+L,497,0.0087,1.0784,0.5184,0.8547
openmesh,openmesh 2024-03-23 06,radar okrig_add [nearby] (5 km variogram),R+L,497,-0.4614,1.067,0.521,0.884
openmesh,openmesh 2024-03-23 06,radar ked [nearby] (5 km variogram),R+L,497,-0.4131,1.1266,0.3749,0.8589
openmesh,openmesh 2024-03-23 06,radar okrig_add [rnn] (5 km variogram),R+L,497,-0.2057,0.9785,0.5561,0.8896
openmesh,openmesh 2024-03-23 06,radar ked [rnn] (5 km variogram),R+L,497,-0.219,1.0216,0.455,0.8739
openmesh,openmesh 2024-03-23 06,radar okrig_add [dynamic + gauges] (5 km variogram),R+L+G,497,0.0803,1.0094,0.5667,0.8853
openmesh,openmesh 2024-03-23 06,radar ked [dynamic + gauges] (5 km variogram),R+L+G,497,0.1171,1.1175,0.5175,0.8589
openmesh,openmesh 2024-03-23 06,radar okrig_add [constant + gauges] (5 km variogram),R+L+G,497,-0.2912,0.8536,0.6981,0.8761
openmesh,openmesh 2024-03-23 06,radar ked [constant + gauges] (5 km variogram),R+L+G,497,-0.0858,0.8857,0.6398,0.8697
openmesh,openmesh 2024-03-23 06,radar okrig_add [pycomlink + gauges] (5 km variogram),R+L+G,497,-0.1812,0.8275,0.694,0.8896
openmesh,openmesh 2024-03-23 06,radar ked [pycomlink + gauges] (5 km variogram),R+L+G,497,-0.0363,0.9076,0.6273,0.8592
openmesh,openmesh 2024-03-23 06,radar okrig_add [nearby + gauges] (5 km variogram),R+L+G,497,-0.2403,0.8296,0.7142,0.8938
openmesh,openmesh 2024-03-23 06,radar ked [nearby + gauges] (5 km variogram),R+L+G,497,-0.153,0.8739,0.641,0.8697
openmesh,openmesh 2024-03-23 06,radar okrig_add [rnn + gauges] (5 km variogram),R+L+G,497,-0.1519,0.8412,0.6895,0.8896
openmesh,openmesh 2024-03-23 06,radar ked [rnn + gauges] (5 km variogram),R+L+G,497,-0.114,0.9123,0.5898,0.8692
openmesh,openmesh 2024-03-23 06,radar only okrig_add [gauges] (5 km variogram),R+G,497,-0.0334,0.7387,0.7527,0.9139
openmesh,openmesh 2024-03-23 06,radar only ked [gauges] (5 km variogram),R+G,497,0.0282,0.77,0.7378,0.8797
openmesh,openmesh 2024-03-23 06,radar only okrig_add [dynamic] (5 km variogram),R+L,497,0.2881,1.2546,0.4224,0.8972
openmesh,openmesh 2024-03-23 06,radar only ked [dynamic] (5 km variogram),R+L,497,0.3199,1.4226,0.4507,0.8274
openmesh,openmesh 2024-03-23 06,radar only okrig_add [constant] (5 km variogram),R+L,497,-0.4673,1.0405,0.5601,0.7622
openmesh,openmesh 2024-03-23 06,radar only ked [constant] (5 km variogram),R+L,497,-0.1249,0.9945,0.5852,0.8651
openmesh,openmesh 2024-03-23 06,radar only okrig_add [pycomlink] (5 km variogram),R+L,497,-0.2628,0.9649,0.5657,0.8819
openmesh,openmesh 2024-03-23 06,radar only ked [pycomlink] (5 km variogram),R+L,497,-0.0101,1.0,0.6005,0.8589
openmesh,openmesh 2024-03-23 06,radar only okrig_add [nearby] (5 km variogram),R+L,497,-0.4634,1.0755,0.5073,0.8812
openmesh,openmesh 2024-03-23 06,radar only ked [nearby] (5 km variogram),R+L,497,-0.4247,1.1542,0.3267,0.8568
openmesh,openmesh 2024-03-23 06,radar only okrig_add [rnn] (5 km variogram),R+L,497,-0.2064,0.9823,0.5515,0.8814
openmesh,openmesh 2024-03-23 06,radar only ked [rnn] (5 km variogram),R+L,497,-0.1982,0.9843,0.5131,0.8778
openmesh,openmesh 2024-03-23 06,radar only okrig_add [dynamic + gauges] (5 km variogram),R+L+G,497,0.0921,1.0162,0.5582,0.8954
openmesh,openmesh 2024-03-23 06,radar only ked [dynamic + gauges] (5 km variogram),R+L+G,497,0.1794,1.1357,0.5258,0.853
openmesh,openmesh 2024-03-23 06,radar only okrig_add [constant + gauges] (5 km variogram),R+L+G,497,-0.2913,0.8525,0.6993,0.8873
openmesh,openmesh 2024-03-23 06,radar only ked [constant + gauges] (5 km variogram),R+L+G,497,-0.0841,0.8481,0.6753,0.8669
openmesh,openmesh 2024-03-23 06,radar only okrig_add [pycomlink + gauges] (5 km variogram),R+L+G,497,-0.1793,0.8274,0.6936,0.9136
openmesh,openmesh 2024-03-23 06,radar only ked [pycomlink + gauges] (5 km variogram),R+L+G,497,-0.0393,0.8607,0.6682,0.8732
openmesh,openmesh 2024-03-23 06,radar only okrig_add [nearby + gauges] (5 km variogram),R+L+G,497,-0.2386,0.8308,0.7134,0.8996
openmesh,openmesh 2024-03-23 06,radar only ked [nearby + gauges] (5 km variogram),R+L+G,497,-0.1595,0.8458,0.6719,0.8672
openmesh,openmesh 2024-03-23 06,radar only okrig_add [rnn + gauges] (5 km variogram),R+L+G,497,-0.153,0.8425,0.6887,0.8982
openmesh,openmesh 2024-03-23 06,radar only ked [rnn + gauges] (5 km variogram),R+L+G,497,-0.0858,0.859,0.6469,0.8716
openmesh,openmesh 2024-04-03 07,radar,R,400,0.0972,0.8344,0.67,0.7669
openmesh,openmesh 2024-04-03 07,radar only,R,400,-0.1986,0.9638,0.5324,0.7539
openmesh,openmesh 2024-04-03 07,links dynamic idw,L,400,3.6677,5.5566,0.1762,0.7714
openmesh,openmesh 2024-04-03 07,links dynamic line,L,400,3.4866,5.0337,0.2102,0.785
openmesh,openmesh 2024-04-03 07,links constant idw,L,400,-0.6704,1.364,0.1455,0.5142
openmesh,openmesh 2024-04-03 07,links constant line,L,400,-0.5884,1.3289,0.1755,0.625
openmesh,openmesh 2024-04-03 07,links pycomlink idw,L,400,-0.875,1.3648,0.3056,0.3433
openmesh,openmesh 2024-04-03 07,links pycomlink line,L,400,-0.8567,1.3452,0.3363,0.3881
openmesh,openmesh 2024-04-03 07,links nearby idw,L,400,-0.5976,1.2094,0.3617,0.5015
openmesh,openmesh 2024-04-03 07,links nearby line,L,400,-0.5889,1.1797,0.3998,0.5191
openmesh,openmesh 2024-04-03 07,links rnn idw,L,400,-0.083,0.9692,0.5691,0.7198
openmesh,openmesh 2024-04-03 07,links rnn line,L,400,-0.026,0.9525,0.5923,0.7308
openmesh,openmesh 2024-04-03 07,gauges,G,400,-0.0002,0.8568,0.6304,0.8074
openmesh,openmesh 2024-04-03 07,links dynamic + gauges,L+G,400,2.2211,4.3237,0.155,0.7764
openmesh,openmesh 2024-04-03 07,links constant + gauges,L+G,400,-0.4747,1.1153,0.4025,0.7104
openmesh,openmesh 2024-04-03 07,links pycomlink + gauges,L+G,400,-0.5539,1.1187,0.459,0.6409
openmesh,openmesh 2024-04-03 07,links nearby + gauges,L+G,400,-0.2307,0.9635,0.533,0.7715
openmesh,openmesh 2024-04-03 07,links rnn + gauges,L+G,400,-0.0729,0.9187,0.5856,0.7614
openmesh,openmesh 2024-04-03 07,radar mfb [gauges],R+G,400,0.0572,0.8305,0.6669,0.7669
openmesh,openmesh 2024-04-03 07,radar add [gauges],R+G,400,-0.0145,0.854,0.6361,0.8043
openmesh,openmesh 2024-04-03 07,radar mul [gauges],R+G,400,-0.0038,0.853,0.6388,0.7669
openmesh,openmesh 2024-04-03 07,radar idw_add [gauges],R+G,400,-0.0504,0.8481,0.6475,0.7684
openmesh,openmesh 2024-04-03 07,radar idw_mul [gauges],R+G,400,-0.0455,0.8502,0.6448,0.7629
openmesh,openmesh 2024-04-03 07,radar okrig_add [gauges],R+G,400,-0.081,0.9153,0.5921,0.7775
openmesh,openmesh 2024-04-03 07,radar ked [gauges],R+G,400,0.1153,0.9938,0.5689,0.7588
openmesh,openmesh 2024-04-03 07,radar mfb [dynamic],R+L,400,2.002,2.4737,0.581,0.7669
openmesh,openmesh 2024-04-03 07,radar add [dynamic],R+L,400,3.6581,5.5587,0.1821,0.7753
openmesh,openmesh 2024-04-03 07,radar mul [dynamic],R+L,400,1.7473,2.9575,0.4696,0.7669
openmesh,openmesh 2024-04-03 07,radar idw_add [dynamic],R+L,400,3.4181,4.9367,0.2139,0.7758
openmesh,openmesh 2024-04-03 07,radar idw_mul [dynamic],R+L,400,3.0275,4.8163,0.2743,0.7669
openmesh,openmesh 2024-04-03 07,radar okrig_add [dynamic],R+L,400,3.842,5.7666,0.2431,0.7582
openmesh,openmesh 2024-04-03 07,radar ked [dynamic],R+L,400,3.4923,6.2711,0.2599,0.7041
openmesh,openmesh 2024-04-03 07,radar mfb [constant],R+L,400,-0.5849,1.1175,0.5385,0.772
openmesh,openmesh 2024-04-03 07,radar add [constant],R+L,400,-0.6568,1.3479,0.1776,0.5057
openmesh,openmesh 2024-04-03 07,radar mul [constant],R+L,400,-0.4796,1.1801,0.301,0.7669
openmesh,openmesh 2024-04-03 07,radar idw_add [constant],R+L,400,-0.6635,1.3022,0.2334,0.5431
openmesh,openmesh 2024-04-03 07,radar idw_mul [constant],R+L,400,-0.6879,1.3182,0.2213,0.5289
openmesh,openmesh 2024-04-03 07,radar okrig_add [constant],R+L,400,-0.5343,1.396,0.2063,0.4943
openmesh,openmesh 2024-04-03 07,radar ked [constant],R+L,400,-0.1112,1.19,0.406,0.726
openmesh,openmesh 2024-04-03 07,radar mfb [pycomlink],R+L,400,-0.7725,1.2513,0.663,0.7311
openmesh,openmesh 2024-04-03 07,radar add [pycomlink],R+L,400,-0.8456,1.3404,0.3253,0.3666
openmesh,openmesh 2024-04-03 07,radar mul [pycomlink],R+L,400,-0.6213,1.162,0.5175,0.7669
openmesh,openmesh 2024-04-03 07,radar idw_add [pycomlink],R+L,400,-0.852,1.3402,0.3605,0.3812
openmesh,openmesh 2024-04-03 07,radar idw_mul [pycomlink],R+L,400,-0.8838,1.3623,0.3718,0.3423
openmesh,openmesh 2024-04-03 07,radar okrig_add [pycomlink],R+L,400,-0.8236,1.335,0.2798,0.3739
openmesh,openmesh 2024-04-03 07,radar ked [pycomlink],R+L,400,-0.5572,1.1986,0.2828,0.6444
openmesh,openmesh 2024-04-03 07,radar mfb [nearby],R+L,400,-0.5622,1.0948,0.5253,0.7588
openmesh,openmesh 2024-04-03 07,radar add [nearby],R+L,400,-0.5183,1.1752,0.3747,0.5597
openmesh,openmesh 2024-04-03 07,radar mul [nearby],R+L,400,-0.3743,1.0638,0.442,0.7669
openmesh,openmesh 2024-04-03 07,radar idw_add [nearby],R+L,400,-0.3978,1.1259,0.3647,0.6889
openmesh,openmesh 2024-04-03 07,radar idw_mul [nearby],R+L,400,-0.4339,1.1564,0.3286,0.721
openmesh,openmesh 2024-04-03 07,radar okrig_add [nearby],R+L,400,-0.4524,1.1522,0.3416,0.6612
openmesh,openmesh 2024-04-03 07,radar ked [nearby],R+L,400,-0.1436,1.0667,0.4509,0.721
openmesh,openmesh 2024-04-03 07,radar mfb [rnn],R+L,400,-0.0639,0.9424,0.5945,0.7131
openmesh,openmesh 2024-04-03 07,radar add [rnn],R+L,400,-0.0809,0.9669,0.5785,0.7171
openmesh,openmesh 2024-04-03 07,radar mul [rnn],R+L,400,-0.0348,0.9181,0.603,0.7669
openmesh,openmesh 2024-04-03 07,radar idw_add [rnn],R+L,400,-0.0828,0.9677,0.5844,0.7031
openmesh,openmesh 2024-04-03 07,radar idw_mul [rnn],R+L,400,-0.0867,0.9769,0.5781,0.6807
openmesh,openmesh 2024-04-03 07,radar okrig_add [rnn],R+L,400,-0.1539,0.9762,0.5599,0.6884
openmesh,openmesh 2024-04-03 07,radar ked [rnn],R+L,400,-0.1237,0.9974,0.5338,0.7198
openmesh,openmesh 2024-04-03 07,radar mfb [dynamic + gauges],R+L+G,400,1.1083,1.5719,0.5702,0.7669
openmesh,openmesh 2024-04-03 07,radar add [dynamic + gauges],R+L+G,400,2.2071,4.3242,0.1605,0.7708
openmesh,openmesh 2024-04-03 07,radar mul [dynamic + gauges],R+L+G,400,1.0194,2.2034,0.423,0.7669
openmesh,openmesh 2024-04-03 07,radar idw_add [dynamic + gauges],R+L+G,400,1.8733,3.3838,0.2183,0.7683
openmesh,openmesh 2024-04-03 07,radar idw_mul [dynamic + gauges],R+L+G,400,1.6542,3.3511,0.2602,0.7669
openmesh,openmesh 2024-04-03 07,radar okrig_add [dynamic + gauges],R+L+G,400,1.5015,3.3638,0.2052,0.7519
openmesh,openmesh 2024-04-03 07,radar ked [dynamic + gauges],R+L+G,400,1.6681,3.7905,0.2271,0.7273
openmesh,openmesh 2024-04-03 07,radar mfb [constant + gauges],R+L+G,400,-0.2607,0.8917,0.6319,0.7669
openmesh,openmesh 2024-04-03 07,radar add [constant + gauges],R+L+G,400,-0.4818,1.1117,0.4195,0.6831
openmesh,openmesh 2024-04-03 07,radar mul [constant + gauges],R+L+G,400,-0.3417,1.0075,0.5004,0.7669
openmesh,openmesh 2024-04-03 07,radar idw_add [constant + gauges],R+L+G,400,-0.4724,1.0788,0.4708,0.7036
openmesh,openmesh 2024-04-03 07,radar idw_mul [constant + gauges],R+L+G,400,-0.4758,1.0797,0.4716,0.7131
openmesh,openmesh 2024-04-03 07,radar okrig_add [constant + gauges],R+L+G,400,-0.4227,1.0916,0.4374,0.7135
openmesh,openmesh 2024-04-03 07,radar ked [constant + gauges],R+L+G,400,0.0115,1.0901,0.4874,0.7554
openmesh,openmesh 2024-04-03 07,radar mfb [pycomlink + gauges],R+L+G,400,-0.37,0.9244,0.6565,0.7636
openmesh,openmesh 2024-04-03 07,radar add [pycomlink + gauges],R+L+G,400,-0.5564,1.1138,0.4716,0.6184
openmesh,openmesh 2024-04-03 07,radar mul [pycomlink + gauges],R+L+G,400,-0.3918,1.0014,0.542,0.7669
openmesh,openmesh 2024-04-03 07,radar idw_add [pycomlink + gauges],R+L+G,400,-0.5434,1.0733,0.5339,0.648
openmesh,openmesh 2024-04-03 07,radar idw_mul [pycomlink + gauges],R+L+G,400,-0.5453,1.0731,0.5362,0.6443
openmesh,openmesh 2024-04-03 07,radar okrig_add [pycomlink + gauges],R+L+G,400,-0.4569,1.0407,0.5241,0.6778
openmesh,openmesh 2024-04-03 07,radar ked [pycomlink + gauges],R+L+G,400,-0.0895,1.0335,0.4863,0.7425
openmesh,openmesh 2024-04-03 07,radar mfb [nearby + gauges],R+L+G,400,-0.1028,0.8285,0.6599,0.7669
openmesh,openmesh 2024-04-03 07,radar add [nearby + gauges],R+L+G,400,-0.2267,0.9609,0.54,0.7561
openmesh,openmesh 2024-04-03 07,radar mul [nearby + gauges],R+L+G,400,-0.1588,0.9165,0.5742,0.7669
openmesh,openmesh 2024-04-03 07,radar idw_add [nearby + gauges],R+L+G,400,-0.2499,0.929,0.5846,0.7432
openmesh,openmesh 2024-04-03 07,radar idw_mul [nearby + gauges],R+L+G,400,-0.2478,0.9291,0.5835,0.7569
openmesh,openmesh 2024-04-03 07,radar okrig_add [nearby + gauges],R+L+G,400,-0.2353,0.9524,0.5602,0.7671
openmesh,openmesh 2024-04-03 07,radar ked [nearby + gauges],R+L+G,400,0.0277,0.9962,0.5427,0.7527
openmesh,openmesh 2024-04-03 07,radar mfb [rnn + gauges],R+L+G,400,-0.0041,0.8501,0.6512,0.7669
openmesh,openmesh 2024-04-03 07,radar add [rnn + gauges],R+L+G,400,-0.0835,0.9175,0.5935,0.7541
openmesh,openmesh 2024-04-03 07,radar mul [rnn + gauges],R+L+G,400,-0.0415,0.8903,0.6114,0.7669
openmesh,openmesh 2024-04-03 07,radar idw_add [rnn + gauges],R+L+G,400,-0.0994,0.8976,0.6151,0.7479
openmesh,openmesh 2024-04-03 07,radar idw_mul [rnn + gauges],R+L+G,400,-0.1017,0.9061,0.6092,0.7335
openmesh,openmesh 2024-04-03 07,radar okrig_add [rnn + gauges],R+L+G,400,-0.1474,0.9181,0.593,0.7726
openmesh,openmesh 2024-04-03 07,radar ked [rnn + gauges],R+L+G,400,0.0323,0.9777,0.5649,0.748
openmesh,openmesh 2024-04-03 07,radar only mfb [gauges],R+G,400,0.032,0.8143,0.6793,0.773
openmesh,openmesh 2024-04-03 07,radar only add [gauges],R+G,400,-0.0061,0.8419,0.6472,0.8085
openmesh,openmesh 2024-04-03 07,radar only mul [gauges],R+G,400,-0.1368,0.8756,0.6182,0.7599
openmesh,openmesh 2024-04-03 07,radar only idw_add [gauges],R+G,400,-0.0166,0.8221,0.6666,0.8097
openmesh,openmesh 2024-04-03 07,radar only idw_mul [gauges],R+G,400,-0.0321,0.8435,0.6513,0.7696
openmesh,openmesh 2024-04-03 07,radar only okrig_add [gauges],R+G,400,-0.0515,0.898,0.6027,0.813
openmesh,openmesh 2024-04-03 07,radar only ked [gauges],R+G,400,0.1601,0.9567,0.6129,0.7539
openmesh,openmesh 2024-04-03 07,radar only mfb [dynamic],R+L,400,1.5322,2.1292,0.5015,0.7539
openmesh,openmesh 2024-04-03 07,radar only add [dynamic],R+L,400,3.6697,5.5576,0.185,0.7727
openmesh,openmesh 2024-04-03 07,radar only mul [dynamic],R+L,400,1.1999,2.3639,0.4328,0.7487
openmesh,openmesh 2024-04-03 07,radar only idw_add [dynamic],R+L,400,3.4083,4.9825,0.2197,0.7904
openmesh,openmesh 2024-04-03 07,radar only idw_mul [dynamic],R+L,400,3.3346,5.1926,0.2413,0.7539
openmesh,openmesh 2024-04-03 07,radar only okrig_add [dynamic],R+L,400,3.8518,5.8251,0.2435,0.7696
openmesh,openmesh 2024-04-03 07,radar only ked [dynamic],R+L,400,5.3146,30.7267,-0.0047,0.7263
openmesh,openmesh 2024-04-03 07,radar only mfb [constant],R+L,400,-0.6174,1.1575,0.4643,0.7056
openmesh,openmesh 2024-04-03 07,radar only add [constant],R+L,400,-0.6538,1.3436,0.1868,0.4844
openmesh,openmesh 2024-04-03 07,radar only mul [constant],R+L,400,-0.5317,1.2125,0.2845,0.7361
openmesh,openmesh 2024-04-03 07,radar only idw_add [constant],R+L,400,-0.6503,1.2984,0.2335,0.5395
openmesh,openmesh 2024-04-03 07,radar only idw_mul [constant],R+L,400,-0.6781,1.3168,0.2242,0.5314
openmesh,openmesh 2024-04-03 07,radar only okrig_add [constant],R+L,400,-0.5219,1.3997,0.2084,0.4886
openmesh,openmesh 2024-04-03 07,radar only ked [constant],R+L,400,-0.2595,1.2737,0.289,0.7169
openmesh,openmesh 2024-04-03 07,radar only mfb [pycomlink],R+L,400,-0.8182,1.3017,0.5671,0.6439
openmesh,openmesh 2024-04-03 07,radar only add [pycomlink],R+L,400,-0.8445,1.3293,0.3781,0.3846
openmesh,openmesh 2024-04-03 07,radar only mul [pycomlink],R+L,400,-0.667,1.1997,0.4781,0.7196
openmesh,openmesh 2024-04-03 07,radar only idw_add [pycomlink],R+L,400,-0.8476,1.3284,0.4123,0.4184
openmesh,openmesh 2024-04-03 07,radar only idw_mul [pycomlink],R+L,400,-0.8831,1.3609,0.3782,0.3494
openmesh,openmesh 2024-04-03 07,radar only okrig_add [pycomlink],R+L,400,-0.8203,1.3225,0.3262,0.3977
openmesh,openmesh 2024-04-03 07,radar only ked [pycomlink],R+L,400,-0.59,1.1906,0.334,0.6334
openmesh,openmesh 2024-04-03 07,radar only mfb [nearby],R+L,400,-0.5702,1.1168,0.4806,0.6944
openmesh,openmesh 2024-04-03 07,radar only add [nearby],R+L,400,-0.5248,1.1824,0.3707,0.5581
openmesh,openmesh 2024-04-03 07,radar only mul [nearby],R+L,400,-0.4235,1.1089,0.4056,0.7132
openmesh,openmesh 2024-04-03 07,radar only idw_add [nearby],R+L,400,-0.4323,1.1358,0.3736,0.6917
openmesh,openmesh 2024-04-03 07,radar only idw_mul [nearby],R+L,400,-0.449,1.1663,0.342,0.6873
openmesh,openmesh 2024-04-03 07,radar only okrig_add [nearby],R+L,400,-0.4948,1.1663,0.3484,0.6364
openmesh,openmesh 2024-04-03 07,radar only ked [nearby],R+L,400,-0.3737,1.3274,0.2656,0.7032
openmesh,openmesh 2024-04-03 07,radar only mfb [rnn],R+L,400,-0.0619,0.9283,0.6084,0.725
openmesh,openmesh 2024-04-03 07,radar only add [rnn],R+L,400,-0.068,0.9511,0.5897,0.7167
openmesh,openmesh 2024-04-03 07,radar only mul [rnn],R+L,400,-0.1312,0.9591,0.567,0.7546
openmesh,openmesh 2024-04-03 07,radar only idw_add [rnn],R+L,400,-0.0562,0.944,0.5985,0.7258
openmesh,openmesh 2024-04-03 07,radar only idw_mul [rnn],R+L,400,-0.0692,0.9632,0.5903,0.6936
openmesh,openmesh 2024-04-03 07,radar only okrig_add [rnn],R+L,400,-0.1363,0.951,0.5783,0.7183
openmesh,openmesh 2024-04-03 07,radar only ked [rnn],R+L,400,-0.0048,2.2508,0.1909,0.7079
openmesh,openmesh 2024-04-03 07,radar only mfb [dynamic + gauges],R+L+G,400,0.86,1.3742,0.5463,0.7539
openmesh,openmesh 2024-04-03 07,radar only add [dynamic + gauges],R+L+G,400,2.217,4.3209,0.163,0.7766
openmesh,openmesh 2024-04-03 07,radar only mul [dynamic + gauges],R+L+G,400,0.6779,1.776,0.4116,0.7487
openmesh,openmesh 2024-04-03 07,radar only idw_add [dynamic + gauges],R+L+G,400,1.8995,3.4577,0.2152,0.7854
openmesh,openmesh 2024-04-03 07,radar only idw_mul [dynamic + gauges],R+L+G,400,1.7776,3.4698,0.2442,0.7513
openmesh,openmesh 2024-04-03 07,radar only okrig_add [dynamic + gauges],R+L+G,400,1.5354,3.4608,0.1946,0.7708
openmesh,openmesh 2024-04-03 07,radar only ked [dynamic + gauges],R+L+G,400,1.9112,4.3745,0.1856,0.7067
openmesh,openmesh 2024-04-03 07,radar only mfb [constant + gauges],R+L+G,400,-0.2698,0.8803,0.6509,0.773
openmesh,openmesh 2024-04-03 07,radar only add [constant + gauges],R+L+G,400,-0.4728,1.1018,0.4298,0.6975
openmesh,openmesh 2024-04-03 07,radar only mul [constant + gauges],R+L+G,400,-0.4198,1.0495,0.4778,0.7493
openmesh,openmesh 2024-04-03 07,radar only idw_add [constant + gauges],R+L+G,400,-0.4489,1.0656,0.4758,0.7384
openmesh,openmesh 2024-04-03 07,radar only idw_mul [constant + gauges],R+L+G,400,-0.4636,1.0763,0.4704,0.7182
openmesh,openmesh 2024-04-03 07,radar only okrig_add [constant + gauges],R+L+G,400,-0.4065,1.0867,0.4351,0.7555
openmesh,openmesh 2024-04-03 07,radar only ked [constant + gauges],R+L+G,400,0.0757,1.0838,0.5143,0.7408
openmesh,openmesh 2024-04-03 07,radar only mfb [pycomlink + gauges],R+L+G,400,-0.3717,0.9188,0.6662,0.773
openmesh,openmesh 2024-04-03 07,radar only add [pycomlink + gauges],R+L+G,400,-0.5489,1.1034,0.4842,0.6333
openmesh,openmesh 2024-04-03 07,radar only mul [pycomlink + gauges],R+L+G,400,-0.4674,1.0484,0.5177,0.7467
openmesh,openmesh 2024-04-03 07,radar only idw_add [pycomlink + gauges],R+L+G,400,-0.5263,1.0589,0.5441,0.6797
openmesh,openmesh 2024-04-03 07,radar only idw_mul [pycomlink + gauges],R+L+G,400,-0.5365,1.0685,0.5359,0.6611
openmesh,openmesh 2024-04-03 07,radar only okrig_add [pycomlink + gauges],R+L+G,400,-0.4464,1.0342,0.5266,0.6944
openmesh,openmesh 2024-04-03 07,radar only ked [pycomlink + gauges],R+L+G,400,-0.0346,1.0088,0.533,0.7447
openmesh,openmesh 2024-04-03 07,radar only mfb [nearby + gauges],R+L+G,400,-0.1158,0.8176,0.6728,0.773
openmesh,openmesh 2024-04-03 07,radar only add [nearby + gauges],R+L+G,400,-0.2197,0.949,0.5513,0.7601
openmesh,openmesh 2024-04-03 07,radar only mul [nearby + gauges],R+L+G,400,-0.2653,0.9598,0.545,0.752
openmesh,openmesh 2024-04-03 07,radar only idw_add [nearby + gauges],R+L+G,400,-0.2246,0.9067,0.6007,0.7875
openmesh,openmesh 2024-04-03 07,radar only idw_mul [nearby + gauges],R+L+G,400,-0.2348,0.9224,0.5888,0.7576
openmesh,openmesh 2024-04-03 07,radar only okrig_add [nearby + gauges],R+L+G,400,-0.2176,0.9415,0.5658,0.7967
openmesh,openmesh 2024-04-03 07,radar only ked [nearby + gauges],R+L+G,400,0.0716,1.0092,0.5634,0.7546
openmesh,openmesh 2024-04-03 07,radar only mfb [rnn + gauges],R+L+G,400,-0.0142,0.8343,0.6652,0.773
openmesh,openmesh 2024-04-03 07,radar only add [rnn + gauges],R+L+G,400,-0.072,0.9045,0.6035,0.7554
openmesh,openmesh 2024-04-03 07,radar only mul [rnn + gauges],R+L+G,400,-0.1493,0.9285,0.5777,0.7546
openmesh,openmesh 2024-04-03 07,radar only idw_add [rnn + gauges],R+L+G,400,-0.0719,0.8764,0.629,0.7696
openmesh,openmesh 2024-04-03 07,radar only idw_mul [rnn + gauges],R+L+G,400,-0.0889,0.8938,0.6196,0.7363
openmesh,openmesh 2024-04-03 07,radar only okrig_add [rnn + gauges],R+L+G,400,-0.1324,0.9103,0.5972,0.7961
openmesh,openmesh 2024-04-03 07,radar only ked [rnn + gauges],R+L+G,400,0.0855,1.0143,0.5596,0.7356
openmesh,openmesh 2024-04-03 07,radar okrig_add [gauges] (5 km variogram),R+G,400,-0.0783,0.8901,0.612,0.7775
openmesh,openmesh 2024-04-03 07,radar ked [gauges] (5 km variogram),R+G,400,0.093,0.9493,0.5954,0.7561
openmesh,openmesh 2024-04-03 07,radar okrig_add [dynamic] (5 km variogram),R+L,400,3.3707,5.2185,0.2313,0.7803
openmesh,openmesh 2024-04-03 07,radar ked [dynamic] (5 km variogram),R+L,400,3.2839,5.9817,0.2468,0.706
openmesh,openmesh 2024-04-03 07,radar okrig_add [constant] (5 km variogram),R+L,400,-0.5914,1.2776,0.2545,0.5657
openmesh,openmesh 2024-04-03 07,radar ked [constant] (5 km variogram),R+L,400,-0.1065,1.1972,0.4102,0.7527
openmesh,openmesh 2024-04-03 07,radar okrig_add [pycomlink] (5 km variogram),R+L,400,-0.8283,1.3253,0.3377,0.3739
openmesh,openmesh 2024-04-03 07,radar ked [pycomlink] (5 km variogram),R+L,400,-0.5671,1.2057,0.269,0.6749
openmesh,openmesh 2024-04-03 07,radar okrig_add [nearby] (5 km variogram),R+L,400,-0.4288,1.1324,0.356,0.7033
openmesh,openmesh 2024-04-03 07,radar ked [nearby] (5 km variogram),R+L,400,-0.1619,1.0656,0.4407,0.7135
openmesh,openmesh 2024-04-03 07,radar okrig_add [rnn] (5 km variogram),R+L,400,-0.1166,0.9391,0.595,0.6947
openmesh,openmesh 2024-04-03 07,radar ked [rnn] (5 km variogram),R+L,400,-0.0812,0.9521,0.5731,0.7411
openmesh,openmesh 2024-04-03 07,radar okrig_add [dynamic + gauges] (5 km variogram),R+L+G,400,1.6405,3.4813,0.2138,0.769
openmesh,openmesh 2024-04-03 07,radar ked [dynamic + gauges] (5 km variogram),R+L+G,400,1.7801,3.8234,0.2588,0.7383
openmesh,openmesh 2024-04-03 07,radar okrig_add [constant + gauges] (5 km variogram),R+L+G,400,-0.4417,1.0614,0.4847,0.7151
openmesh,openmesh 2024-04-03 07,radar ked [constant + gauges] (5 km variogram),R+L+G,400,-0.0188,1.0467,0.5103,0.7527
openmesh,openmesh 2024-04-03 07,radar okrig_add [pycomlink + gauges] (5 km variogram),R+L+G,400,-0.5102,1.0508,0.5431,0.662
openmesh,openmesh 2024-04-03 07,radar ked [pycomlink + gauges] (5 km variogram),R+L+G,400,-0.1585,0.9978,0.5034,0.7371
openmesh,openmesh 2024-04-03 07,radar okrig_add [nearby + gauges] (5 km variogram),R+L+G,400,-0.2563,0.9452,0.5693,0.7479
openmesh,openmesh 2024-04-03 07,radar ked [nearby + gauges] (5 km variogram),R+L+G,400,-0.0053,0.979,0.5513,0.752
openmesh,openmesh 2024-04-03 07,radar okrig_add [rnn + gauges] (5 km variogram),R+L+G,400,-0.129,0.9123,0.602,0.7741
openmesh,openmesh 2024-04-03 07,radar ked [rnn + gauges] (5 km variogram),R+L+G,400,0.0392,0.9778,0.5688,0.7507
openmesh,openmesh 2024-04-03 07,radar only okrig_add [gauges] (5 km variogram),R+G,400,-0.0451,0.8704,0.6242,0.812
openmesh,openmesh 2024-04-03 07,radar only ked [gauges] (5 km variogram),R+G,400,0.1331,0.9259,0.6257,0.7461
openmesh,openmesh 2024-04-03 07,radar only okrig_add [dynamic] (5 km variogram),R+L,400,3.4161,5.3154,0.224,0.7873
openmesh,openmesh 2024-04-03 07,radar only ked [dynamic] (5 km variogram),R+L,400,4.2647,17.3342,0.015,0.7184
openmesh,openmesh 2024-04-03 07,radar only okrig_add [constant] (5 km variogram),R+L,400,-0.5738,1.2754,0.2512,0.5549
openmesh,openmesh 2024-04-03 07,radar only ked [constant] (5 km variogram),R+L,400,-0.2654,1.2854,0.2763,0.7222
openmesh,openmesh 2024-04-03 07,radar only okrig_add [pycomlink] (5 km variogram),R+L,400,-0.8248,1.3147,0.3762,0.3977
openmesh,openmesh 2024-04-03 07,radar only ked [pycomlink] (5 km variogram),R+L,400,-0.6033,1.2032,0.3117,0.6595
openmesh,openmesh 2024-04-03 07,radar only okrig_add [nearby] (5 km variogram),R+L,400,-0.4642,1.1409,0.3659,0.7003
openmesh,openmesh 2024-04-03 07,radar only ked [nearby] (5 km variogram),R+L,400,-0.388,1.2849,0.2847,0.7154
openmesh,openmesh 2024-04-03 07,radar only okrig_add [rnn] (5 km variogram),R+L,400,-0.0938,0.9155,0.6098,0.7374
openmesh,openmesh 2024-04-03 07,radar only ked [rnn] (5 km variogram),R+L,400,0.012,1.9562,0.2309,0.7251
openmesh,openmesh 2024-04-03 07,radar only okrig_add [dynamic + gauges] (5 km variogram),R+L+G,400,1.7003,3.585,0.1988,0.7857
openmesh,openmesh 2024-04-03 07,radar only ked [dynamic + gauges] (5 km variogram),R+L+G,400,1.9984,4.2962,0.2159,0.7154
openmesh,openmesh 2024-04-03 07,radar only okrig_add [constant + gauges] (5 km variogram),R+L+G,400,-0.4198,1.0542,0.482,0.7473
openmesh,openmesh 2024-04-03 07,radar only ked [constant + gauges] (5 km variogram),R+L+G,400,0.0413,1.0647,0.5208,0.7408
openmesh,openmesh 2024-04-03 07,radar only okrig_add [pycomlink + gauges] (5 km variogram),R+L+G,400,-0.4968,1.0406,0.5491,0.6816
openmesh,openmesh 2024-04-03 07,radar only ked [pycomlink + gauges] (5 km variogram),R+L+G,400,-0.0977,0.9866,0.5305,0.7289
openmesh,openmesh 2024-04-03 07,radar only okrig_add [nearby + gauges] (5 km variogram),R+L+G,400,-0.233,0.9273,0.5806,0.806
openmesh,openmesh 2024-04-03 07,radar only ked [nearby + gauges] (5 km variogram),R+L+G,400,0.0357,1.0017,0.5566,0.7493
openmesh,openmesh 2024-04-03 07,radar only okrig_add [rnn + gauges] (5 km variogram),R+L+G,400,-0.1066,0.9003,0.6084,0.7747
openmesh,openmesh 2024-04-03 07,radar only ked [rnn + gauges] (5 km variogram),R+L+G,400,0.0907,1.0187,0.5578,0.7356
