network,estimate,reference,near_km,n,mean_ref,mean_est,bias,rel_bias,mae,rmse,nrmse,corr,pod,far,csi,event
openmrg,pws,radar,2.0,21120,0.5375,0.5554,0.0179,0.0334,0.3504,0.6763,1.2583,0.6603,0.8242,0.0774,0.7708,openmrg 2015-06-02 04
openmrg,city,radar,2.0,8280,0.5333,0.8065,0.2732,0.5122,0.5167,1.1398,2.1372,0.5406,0.8189,0.0817,0.7633,openmrg 2015-06-02 04
openmrg,dynamic idw,radar,2.0,25560,0.5257,1.4684,0.9427,1.7932,0.9973,1.8806,3.5774,0.7508,0.9382,0.1807,0.7774,openmrg 2015-06-02 04
openmrg,dynamic line,radar,2.0,25560,0.5257,1.4135,0.8879,1.689,0.9434,1.7425,3.3148,0.7562,0.9368,0.1823,0.775,openmrg 2015-06-02 04
openmrg,dynamic gmz,radar,2.0,25560,0.5257,1.4133,0.8877,1.6886,0.9507,1.7775,3.3814,0.7409,0.9309,0.1889,0.765,openmrg 2015-06-02 04
openmrg,constant idw,radar,2.0,25560,0.5257,0.2818,-0.2439,-0.464,0.3916,0.6775,1.2887,0.6119,0.4703,0.0626,0.456,openmrg 2015-06-02 04
openmrg,constant line,radar,2.0,25560,0.5257,0.2839,-0.2417,-0.4599,0.3954,0.6807,1.2949,0.6024,0.4698,0.0722,0.4533,openmrg 2015-06-02 04
openmrg,constant gmz,radar,2.0,25560,0.5257,0.2998,-0.2259,-0.4297,0.4052,0.7246,1.3784,0.5732,0.4743,0.0787,0.4558,openmrg 2015-06-02 04
openmrg,pycomlink idw,radar,2.0,25560,0.5257,0.1568,-0.3689,-0.7018,0.4648,0.7959,1.5141,0.5134,0.216,0.0405,0.214,openmrg 2015-06-02 04
openmrg,pycomlink line,radar,2.0,25560,0.5257,0.1515,-0.3741,-0.7117,0.4621,0.7857,1.4947,0.5175,0.208,0.0365,0.2064,openmrg 2015-06-02 04
openmrg,pycomlink gmz,radar,2.0,25560,0.5257,0.1572,-0.3685,-0.701,0.4638,0.7997,1.5212,0.5097,0.2126,0.042,0.2106,openmrg 2015-06-02 04
openmrg,nearby idw,radar,2.0,25560,0.5257,0.4941,-0.0316,-0.06,0.3513,0.6637,1.2626,0.713,0.7109,0.0413,0.6898,openmrg 2015-06-02 04
openmrg,nearby line,radar,2.0,25560,0.5257,0.4698,-0.0559,-0.1063,0.3407,0.6283,1.1953,0.7201,0.7031,0.0383,0.6839,openmrg 2015-06-02 04
openmrg,nearby gmz,radar,2.0,25560,0.5257,0.4728,-0.0528,-0.1005,0.3497,0.6556,1.2472,0.7071,0.6954,0.0412,0.6752,openmrg 2015-06-02 04
openmrg,rnn idw,radar,2.0,25560,0.5257,0.8326,0.3069,0.5838,0.4521,0.8785,1.6712,0.7454,0.8695,0.0812,0.8075,openmrg 2015-06-02 04
openmrg,rnn line,radar,2.0,25560,0.5257,0.834,0.3083,0.5864,0.4537,0.8783,1.6708,0.7468,0.8685,0.0819,0.806,openmrg 2015-06-02 04
openmrg,rnn gmz,radar,2.0,25560,0.5257,0.8376,0.312,0.5934,0.4593,0.902,1.7159,0.74,0.8678,0.0824,0.8051,openmrg 2015-06-02 04
openmrg,city,pws,2.0,7380,0.5519,0.731,0.1791,0.3246,0.3708,0.8488,1.5379,0.6933,0.9126,0.0969,0.8312,openmrg 2015-06-02 04
openmrg,dynamic idw,pws,2.0,21120,0.5554,1.5161,0.9607,1.7296,0.9874,1.8343,3.3024,0.7969,0.9668,0.2461,0.7349,openmrg 2015-06-02 04
openmrg,dynamic line,pws,2.0,21120,0.5554,1.4572,0.9017,1.6235,0.931,1.6944,3.0505,0.7963,0.9661,0.2465,0.7341,openmrg 2015-06-02 04
openmrg,dynamic gmz,pws,2.0,21120,0.5554,1.4585,0.9031,1.6259,0.9386,1.7324,3.119,0.7846,0.9615,0.253,0.7253,openmrg 2015-06-02 04
openmrg,constant idw,pws,2.0,21120,0.5554,0.2891,-0.2664,-0.4796,0.3897,0.725,1.3053,0.6582,0.5082,0.1,0.481,openmrg 2015-06-02 04
openmrg,constant line,pws,2.0,21120,0.5554,0.2931,-0.2623,-0.4722,0.3982,0.7292,1.3128,0.65,0.5093,0.1137,0.4781,openmrg 2015-06-02 04
openmrg,constant gmz,pws,2.0,21120,0.5554,0.3098,-0.2457,-0.4423,0.4032,0.7587,1.366,0.6292,0.5156,0.1169,0.4826,openmrg 2015-06-02 04
openmrg,pycomlink idw,pws,2.0,21120,0.5554,0.1657,-0.3898,-0.7017,0.5121,0.978,1.7607,0.3899,0.2352,0.0818,0.2303,openmrg 2015-06-02 04
openmrg,pycomlink line,pws,2.0,21120,0.5554,0.1605,-0.3949,-0.711,0.5125,0.9706,1.7474,0.3897,0.2278,0.0804,0.2233,openmrg 2015-06-02 04
openmrg,pycomlink gmz,pws,2.0,21120,0.5554,0.1665,-0.389,-0.7003,0.515,0.9811,1.7663,0.3894,0.2334,0.0846,0.2285,openmrg 2015-06-02 04
openmrg,nearby idw,pws,2.0,21120,0.5554,0.5056,-0.0499,-0.0898,0.2878,0.5917,1.0653,0.7985,0.7689,0.0651,0.7298,openmrg 2015-06-02 04
openmrg,nearby line,pws,2.0,21120,0.5554,0.4801,-0.0754,-0.1357,0.2825,0.5686,1.0237,0.8017,0.763,0.0632,0.7256,openmrg 2015-06-02 04
openmrg,nearby gmz,pws,2.0,21120,0.5554,0.484,-0.0714,-0.1286,0.2907,0.5927,1.067,0.7916,0.7564,0.0642,0.7191,openmrg 2015-06-02 04
openmrg,rnn idw,pws,2.0,21120,0.5554,0.836,0.2805,0.5051,0.3959,0.7993,1.4389,0.793,0.9104,0.1321,0.7996,openmrg 2015-06-02 04
openmrg,rnn line,pws,2.0,21120,0.5554,0.836,0.2805,0.5051,0.3961,0.7971,1.4351,0.7938,0.9092,0.1313,0.7994,openmrg 2015-06-02 04
openmrg,rnn gmz,pws,2.0,21120,0.5554,0.8398,0.2843,0.5119,0.4023,0.8163,1.4696,0.7909,0.9078,0.1328,0.797,openmrg 2015-06-02 04
openmrg,dynamic idw,city,2.0,8280,0.8065,1.776,0.9696,1.2023,1.2936,2.2693,2.8139,0.5842,0.9734,0.2963,0.6904,openmrg 2015-06-02 04
openmrg,dynamic line,city,2.0,8280,0.8065,1.6519,0.8455,1.0484,1.1763,2.0492,2.5411,0.5857,0.9711,0.293,0.6924,openmrg 2015-06-02 04
openmrg,dynamic gmz,city,2.0,8280,0.8065,1.6464,0.8399,1.0415,1.179,2.0741,2.5719,0.5741,0.9727,0.3007,0.6859,openmrg 2015-06-02 04
openmrg,constant idw,city,2.0,8280,0.8065,0.2261,-0.5803,-0.7196,0.6099,1.2759,1.5821,0.5212,0.5095,0.0319,0.5011,openmrg 2015-06-02 04
openmrg,constant line,city,2.0,8280,0.8065,0.2265,-0.58,-0.7192,0.6121,1.2794,1.5865,0.5143,0.5088,0.0311,0.5007,openmrg 2015-06-02 04
openmrg,constant gmz,city,2.0,8280,0.8065,0.2411,-0.5654,-0.7011,0.6139,1.2913,1.6012,0.4703,0.52,0.0341,0.5107,openmrg 2015-06-02 04
openmrg,pycomlink idw,city,2.0,8280,0.8065,0.1111,-0.6954,-0.8623,0.7162,1.4034,1.7402,0.4004,0.2801,0.0713,0.2742,openmrg 2015-06-02 04
openmrg,pycomlink line,city,2.0,8280,0.8065,0.106,-0.7004,-0.8685,0.721,1.4103,1.7487,0.3873,0.2675,0.0605,0.263,openmrg 2015-06-02 04
openmrg,pycomlink gmz,city,2.0,8280,0.8065,0.1121,-0.6944,-0.861,0.7209,1.4109,1.7494,0.3676,0.278,0.0704,0.2723,openmrg 2015-06-02 04
openmrg,nearby idw,city,2.0,8280,0.8065,0.4967,-0.3098,-0.3841,0.4248,1.1037,1.3686,0.5982,0.7878,0.0422,0.7614,openmrg 2015-06-02 04
openmrg,nearby line,city,2.0,8280,0.8065,0.4725,-0.334,-0.4141,0.4324,1.1068,1.3725,0.5982,0.7844,0.0389,0.7603,openmrg 2015-06-02 04
openmrg,nearby gmz,city,2.0,8280,0.8065,0.4755,-0.331,-0.4104,0.4414,1.1203,1.3892,0.5853,0.7804,0.0402,0.7557,openmrg 2015-06-02 04
openmrg,rnn idw,city,2.0,8280,0.8065,0.7252,-0.0812,-0.1007,0.3868,0.967,1.1991,0.6843,0.889,0.0948,0.8132,openmrg 2015-06-02 04
openmrg,rnn line,city,2.0,8280,0.8065,0.7287,-0.0778,-0.0964,0.3889,0.97,1.2028,0.6823,0.8885,0.0953,0.8125,openmrg 2015-06-02 04
openmrg,rnn gmz,city,2.0,8280,0.8065,0.729,-0.0774,-0.096,0.3922,0.9743,1.2081,0.6794,0.8876,0.0958,0.8113,openmrg 2015-06-02 04
openmrg,pws,radar,,35550,0.5254,0.53,0.0046,0.0088,0.3626,0.7124,1.356,0.6565,0.7786,0.0945,0.7201,openmrg 2015-06-02 04
openmrg,city,radar,,9660,0.527,0.8349,0.3079,0.5842,0.5533,1.2236,2.3219,0.5083,0.8166,0.0852,0.7589,openmrg 2015-06-02 04
openmrg,dynamic idw,radar,,44550,0.5102,1.3794,0.8692,1.7037,0.9339,1.7387,3.4079,0.7461,0.9304,0.183,0.7699,openmrg 2015-06-02 04
openmrg,dynamic line,radar,,47370,0.5073,1.3287,0.8214,1.6192,0.8879,1.6158,3.1852,0.7467,0.9311,0.1899,0.7643,openmrg 2015-06-02 04
openmrg,dynamic gmz,radar,,47370,0.5073,1.3256,0.8184,1.6133,0.8926,1.6495,3.2517,0.7312,0.917,0.1943,0.751,openmrg 2015-06-02 04
openmrg,constant idw,radar,,44550,0.5102,0.2936,-0.2166,-0.4245,0.3951,0.6885,1.3495,0.5901,0.4796,0.0847,0.4592,openmrg 2015-06-02 04
openmrg,constant line,radar,,47370,0.5073,0.2854,-0.2219,-0.4373,0.3981,0.6928,1.3656,0.5741,0.4693,0.0921,0.448,openmrg 2015-06-02 04
openmrg,constant gmz,radar,,47370,0.5073,0.3052,-0.2021,-0.3984,0.4102,0.7488,1.4761,0.5443,0.4736,0.0976,0.4505,openmrg 2015-06-02 04
openmrg,pycomlink idw,radar,,44550,0.5102,0.1678,-0.3424,-0.6711,0.459,0.8025,1.573,0.5008,0.2191,0.0355,0.2174,openmrg 2015-06-02 04
openmrg,pycomlink line,radar,,47370,0.5073,0.1625,-0.3448,-0.6796,0.4544,0.7885,1.5544,0.5046,0.2127,0.0327,0.2112,openmrg 2015-06-02 04
openmrg,pycomlink gmz,radar,,47370,0.5073,0.1705,-0.3368,-0.6639,0.4576,0.8168,1.6101,0.4918,0.2173,0.0362,0.2155,openmrg 2015-06-02 04
openmrg,nearby idw,radar,,44550,0.5102,0.4782,-0.032,-0.0627,0.3548,0.6712,1.3157,0.6936,0.7008,0.0425,0.6797,openmrg 2015-06-02 04
openmrg,nearby line,radar,,47370,0.5073,0.4443,-0.063,-0.1241,0.3411,0.6321,1.2461,0.6979,0.6878,0.0416,0.6679,openmrg 2015-06-02 04
openmrg,nearby gmz,radar,,47370,0.5073,0.4456,-0.0616,-0.1215,0.3527,0.6671,1.315,0.681,0.6766,0.044,0.6562,openmrg 2015-06-02 04
openmrg,rnn idw,radar,,44730,0.5096,0.8516,0.342,0.6711,0.4832,0.9364,1.8374,0.7289,0.87,0.0965,0.796,openmrg 2015-06-02 04
openmrg,rnn line,radar,,47640,0.5064,0.8524,0.346,0.6832,0.4883,0.9426,1.8612,0.7259,0.8705,0.0989,0.7946,openmrg 2015-06-02 04
openmrg,rnn gmz,radar,,47640,0.5064,0.8598,0.3533,0.6977,0.4964,0.9856,1.9461,0.7152,0.869,0.0997,0.7927,openmrg 2015-06-02 04
openmrg,city,pws,,8400,0.5574,0.7504,0.193,0.3463,0.3998,0.9276,1.6643,0.6579,0.9067,0.0984,0.8251,openmrg 2015-06-02 04
openmrg,dynamic idw,pws,,32940,0.5303,1.4334,0.9032,1.7032,0.9356,1.7128,3.23,0.7797,0.9546,0.2721,0.7035,openmrg 2015-06-02 04
openmrg,dynamic line,pws,,34410,0.5254,1.3843,0.8589,1.6347,0.8961,1.5985,3.0424,0.7685,0.9492,0.287,0.6868,openmrg 2015-06-02 04
openmrg,dynamic gmz,pws,,34410,0.5254,1.386,0.8606,1.6379,0.9014,1.6262,3.0951,0.7701,0.946,0.2854,0.6865,openmrg 2015-06-02 04
openmrg,constant idw,pws,,32940,0.5303,0.3015,-0.2287,-0.4313,0.3801,0.7178,1.3537,0.6674,0.5271,0.1363,0.4866,openmrg 2015-06-02 04
openmrg,constant line,pws,,34410,0.5254,0.3035,-0.2219,-0.4223,0.3849,0.7245,1.3788,0.668,0.5261,0.1544,0.48,openmrg 2015-06-02 04
openmrg,constant gmz,pws,,34410,0.5254,0.3261,-0.1993,-0.3793,0.3886,0.7519,1.431,0.6586,0.5336,0.1551,0.486,openmrg 2015-06-02 04
openmrg,pycomlink idw,pws,,32940,0.5303,0.1801,-0.3502,-0.6604,0.4929,0.9571,1.805,0.4407,0.2385,0.0977,0.2325,openmrg 2015-06-02 04
openmrg,pycomlink line,pws,,34410,0.5254,0.1756,-0.3499,-0.6659,0.485,0.9377,1.7848,0.4707,0.232,0.1115,0.2255,openmrg 2015-06-02 04
openmrg,pycomlink gmz,pws,,34410,0.5254,0.1844,-0.341,-0.6491,0.4892,0.9515,1.811,0.4773,0.2376,0.1154,0.2304,openmrg 2015-06-02 04
openmrg,nearby idw,pws,,32940,0.5303,0.491,-0.0393,-0.0741,0.2977,0.6159,1.1615,0.7799,0.756,0.091,0.7028,openmrg 2015-06-02 04
openmrg,nearby line,pws,,34410,0.5254,0.4606,-0.0648,-0.1234,0.2918,0.5939,1.1303,0.7861,0.7467,0.103,0.6877,openmrg 2015-06-02 04
openmrg,nearby gmz,pws,,34410,0.5254,0.4646,-0.0608,-0.1157,0.2913,0.604,1.1495,0.7887,0.7434,0.0954,0.6894,openmrg 2015-06-02 04
openmrg,rnn idw,pws,,32970,0.5298,0.8558,0.326,0.6154,0.4387,0.8669,1.6363,0.774,0.9105,0.1703,0.7671,openmrg 2015-06-02 04
openmrg,rnn line,pws,,34410,0.5254,0.8583,0.3328,0.6335,0.4476,0.8754,1.6661,0.7721,0.9063,0.1842,0.7524,openmrg 2015-06-02 04
openmrg,rnn gmz,pws,,34410,0.5254,0.8661,0.3407,0.6484,0.4552,0.9021,1.717,0.7766,0.9048,0.1846,0.7509,openmrg 2015-06-02 04
openmrg,dynamic idw,city,,9660,0.8349,1.718,0.8832,1.0579,1.2646,2.2136,2.6515,0.5531,0.9726,0.3023,0.6842,openmrg 2015-06-02 04
openmrg,dynamic line,city,,9660,0.8349,1.6037,0.7689,0.9209,1.1578,2.0118,2.4098,0.5552,0.9699,0.3035,0.6818,openmrg 2015-06-02 04
openmrg,dynamic gmz,city,,9660,0.8349,1.5976,0.7627,0.9136,1.1595,2.0331,2.4353,0.5446,0.972,0.31,0.6766,openmrg 2015-06-02 04
openmrg,constant idw,city,,9660,0.8349,0.2242,-0.6107,-0.7314,0.6406,1.3549,1.6229,0.4945,0.5149,0.0459,0.5024,openmrg 2015-06-02 04
openmrg,constant line,city,,9660,0.8349,0.2239,-0.611,-0.7318,0.6423,1.3582,1.6268,0.4884,0.516,0.0434,0.5042,openmrg 2015-06-02 04
openmrg,constant gmz,city,,9660,0.8349,0.2374,-0.5975,-0.7157,0.6435,1.3673,1.6378,0.449,0.527,0.0465,0.5137,openmrg 2015-06-02 04
openmrg,pycomlink idw,city,,9660,0.8349,0.1113,-0.7235,-0.8667,0.7445,1.4745,1.7662,0.3822,0.2887,0.0733,0.2823,openmrg 2015-06-02 04
openmrg,pycomlink line,city,,9660,0.8349,0.106,-0.7289,-0.873,0.7493,1.4811,1.7741,0.3707,0.2768,0.0642,0.2716,openmrg 2015-06-02 04
openmrg,pycomlink gmz,city,,9660,0.8349,0.1118,-0.723,-0.8661,0.749,1.4812,1.7742,0.3529,0.287,0.0725,0.2807,openmrg 2015-06-02 04
openmrg,nearby idw,city,,9660,0.8349,0.4815,-0.3534,-0.4233,0.4615,1.1906,1.4261,0.5663,0.7861,0.0461,0.7573,openmrg 2015-06-02 04
openmrg,nearby line,city,,9660,0.8349,0.4589,-0.376,-0.4503,0.469,1.1949,1.4313,0.5661,0.7829,0.0434,0.756,openmrg 2015-06-02 04
openmrg,nearby gmz,city,,9660,0.8349,0.4613,-0.3736,-0.4475,0.4771,1.2061,1.4446,0.5545,0.7802,0.0444,0.7529,openmrg 2015-06-02 04
openmrg,rnn idw,city,,9660,0.8349,0.7241,-0.1108,-0.1327,0.4154,1.0415,1.2475,0.6606,0.8878,0.0982,0.8095,openmrg 2015-06-02 04
openmrg,rnn line,city,,9660,0.8349,0.7283,-0.1066,-0.1276,0.4174,1.0441,1.2507,0.6586,0.8876,0.0982,0.8093,openmrg 2015-06-02 04
openmrg,rnn gmz,city,,9660,0.8349,0.7284,-0.1065,-0.1275,0.4202,1.0476,1.2548,0.6562,0.8866,0.099,0.8079,openmrg 2015-06-02 04
openmrg,pws,radar,2.0,11264,0.2274,0.0662,-0.1611,-0.7087,0.1746,0.3289,1.4465,0.7267,0.2731,0.0669,0.2679,openmrg 2015-06-05 17
openmrg,city,radar,2.0,4416,0.2299,0.0536,-0.1762,-0.7667,0.1974,0.3317,1.443,0.4815,0.2483,0.2021,0.2336,openmrg 2015-06-05 17
openmrg,dynamic idw,radar,2.0,13632,0.2436,0.2073,-0.0363,-0.149,0.2118,0.4261,1.7493,0.5903,0.4297,0.2614,0.3729,openmrg 2015-06-05 17
openmrg,dynamic line,radar,2.0,13632,0.2436,0.2283,-0.0153,-0.0627,0.2248,0.4734,1.9433,0.5602,0.4487,0.2643,0.3864,openmrg 2015-06-05 17
openmrg,dynamic gmz,radar,2.0,13632,0.2436,0.2397,-0.0039,-0.0159,0.2346,0.525,2.1553,0.5342,0.4508,0.2726,0.3856,openmrg 2015-06-05 17
openmrg,constant idw,radar,2.0,13632,0.2436,0.0159,-0.2277,-0.9349,0.2372,0.4663,1.9143,0.3089,0.056,0.156,0.0554,openmrg 2015-06-05 17
openmrg,constant line,radar,2.0,13632,0.2436,0.0187,-0.2249,-0.9232,0.2379,0.4669,1.9166,0.2995,0.0579,0.1876,0.0572,openmrg 2015-06-05 17
openmrg,constant gmz,radar,2.0,13632,0.2436,0.0209,-0.2227,-0.9143,0.2379,0.4694,1.9268,0.2928,0.0578,0.2017,0.057,openmrg 2015-06-05 17
openmrg,pycomlink idw,radar,2.0,13632,0.2436,0.0403,-0.2033,-0.8345,0.2177,0.4241,1.741,0.4961,0.1495,0.0864,0.1474,openmrg 2015-06-05 17
openmrg,pycomlink line,radar,2.0,13632,0.2436,0.0474,-0.1962,-0.8053,0.2172,0.4241,1.7409,0.4797,0.1594,0.0934,0.1568,openmrg 2015-06-05 17
openmrg,pycomlink gmz,radar,2.0,13632,0.2436,0.0515,-0.1921,-0.7884,0.2171,0.4298,1.7644,0.4629,0.1629,0.097,0.1601,openmrg 2015-06-05 17
openmrg,nearby idw,radar,2.0,13632,0.2436,0.0573,-0.1863,-0.7649,0.2201,0.4333,1.7786,0.411,0.1925,0.1446,0.1865,openmrg 2015-06-05 17
openmrg,nearby line,radar,2.0,13632,0.2436,0.055,-0.1886,-0.7741,0.2181,0.4286,1.7594,0.4369,0.1947,0.1392,0.1887,openmrg 2015-06-05 17
openmrg,nearby gmz,radar,2.0,13632,0.2436,0.0563,-0.1873,-0.7688,0.2187,0.4291,1.7613,0.4331,0.1903,0.1414,0.1845,openmrg 2015-06-05 17
openmrg,rnn idw,radar,2.0,13632,0.2436,0.1216,-0.122,-0.5007,0.1945,0.3722,1.5278,0.622,0.337,0.0951,0.3255,openmrg 2015-06-05 17
openmrg,rnn line,radar,2.0,13632,0.2436,0.1226,-0.121,-0.4968,0.1952,0.374,1.5355,0.6171,0.3379,0.0931,0.3266,openmrg 2015-06-05 17
openmrg,rnn gmz,radar,2.0,13632,0.2436,0.1238,-0.1198,-0.492,0.196,0.3776,1.5501,0.6153,0.336,0.0924,0.3249,openmrg 2015-06-05 17
openmrg,city,pws,2.0,3936,0.0273,0.0463,0.0189,0.6919,0.035,0.0981,3.5866,0.6175,0.8365,0.4951,0.4596,openmrg 2015-06-05 17
openmrg,dynamic idw,pws,2.0,11264,0.0662,0.1987,0.1325,2.0,0.1474,0.4341,6.5533,0.5972,0.8459,0.5547,0.4119,openmrg 2015-06-05 17
openmrg,dynamic line,pws,2.0,11264,0.0662,0.2175,0.1513,2.2834,0.1657,0.5038,7.6061,0.5473,0.8471,0.573,0.3964,openmrg 2015-06-05 17
openmrg,dynamic gmz,pws,2.0,11264,0.0662,0.2268,0.1605,2.4232,0.1762,0.5609,8.468,0.5239,0.8363,0.5871,0.382,openmrg 2015-06-05 17
openmrg,constant idw,pws,2.0,11264,0.0662,0.0161,-0.0501,-0.7564,0.0678,0.2276,3.4355,0.3155,0.1127,0.4486,0.1033,openmrg 2015-06-05 17
openmrg,constant line,pws,2.0,11264,0.0662,0.0187,-0.0475,-0.7173,0.0707,0.2398,3.6195,0.2991,0.1089,0.5128,0.0977,openmrg 2015-06-05 17
openmrg,constant gmz,pws,2.0,11264,0.0662,0.0206,-0.0457,-0.6897,0.0718,0.2531,3.8205,0.2907,0.1076,0.5239,0.0962,openmrg 2015-06-05 17
openmrg,pycomlink idw,pws,2.0,11264,0.0662,0.0394,-0.0268,-0.4051,0.0594,0.2163,3.2661,0.4825,0.3796,0.2687,0.3331,openmrg 2015-06-05 17
openmrg,pycomlink line,pws,2.0,11264,0.0662,0.0461,-0.0202,-0.3045,0.0644,0.2405,3.6306,0.4529,0.4025,0.2946,0.3446,openmrg 2015-06-05 17
openmrg,pycomlink gmz,pws,2.0,11264,0.0662,0.0496,-0.0166,-0.2513,0.0658,0.263,3.9702,0.4414,0.4115,0.2963,0.3507,openmrg 2015-06-05 17
openmrg,nearby idw,pws,2.0,11264,0.0662,0.0509,-0.0154,-0.2323,0.0642,0.2192,3.3088,0.4595,0.5503,0.2209,0.476,openmrg 2015-06-05 17
openmrg,nearby line,pws,2.0,11264,0.0662,0.0481,-0.0181,-0.2736,0.0626,0.2097,3.1653,0.4771,0.5522,0.2238,0.4764,openmrg 2015-06-05 17
openmrg,nearby gmz,pws,2.0,11264,0.0662,0.0492,-0.0171,-0.2579,0.0636,0.2154,3.2512,0.4663,0.5414,0.2202,0.4696,openmrg 2015-06-05 17
openmrg,rnn idw,pws,2.0,11264,0.0662,0.1133,0.0471,0.7105,0.0838,0.2803,4.2317,0.659,0.8255,0.2926,0.6154,openmrg 2015-06-05 17
openmrg,rnn line,pws,2.0,11264,0.0662,0.1149,0.0486,0.734,0.0861,0.2837,4.2831,0.6536,0.8255,0.2937,0.6145,openmrg 2015-06-05 17
openmrg,rnn gmz,pws,2.0,11264,0.0662,0.1171,0.0508,0.7671,0.0881,0.2991,4.5146,0.6455,0.8191,0.2946,0.6103,openmrg 2015-06-05 17
openmrg,dynamic idw,city,2.0,4416,0.0536,0.213,0.1594,2.9723,0.165,0.371,6.9182,0.6744,0.9242,0.5452,0.4385,openmrg 2015-06-05 17
openmrg,dynamic line,city,2.0,4416,0.0536,0.2187,0.1651,3.079,0.1712,0.3753,6.9992,0.6524,0.9295,0.5531,0.4323,openmrg 2015-06-05 17
openmrg,dynamic gmz,city,2.0,4416,0.0536,0.2242,0.1706,3.1811,0.1771,0.3975,7.4134,0.6212,0.9202,0.5739,0.4109,openmrg 2015-06-05 17
openmrg,constant idw,city,2.0,4416,0.0536,0.0039,-0.0497,-0.9269,0.0513,0.1559,2.9082,0.1725,0.0731,0.0,0.0731,openmrg 2015-06-05 17
openmrg,constant line,city,2.0,4416,0.0536,0.0052,-0.0484,-0.9031,0.0513,0.1562,2.9121,0.1763,0.0838,0.0,0.0838,openmrg 2015-06-05 17
openmrg,constant gmz,city,2.0,4416,0.0536,0.005,-0.0486,-0.9071,0.0516,0.157,2.9283,0.1626,0.0851,0.0,0.0851,openmrg 2015-06-05 17
openmrg,pycomlink idw,city,2.0,4416,0.0536,0.0243,-0.0293,-0.5469,0.0384,0.1129,2.1058,0.6868,0.3351,0.0118,0.3338,openmrg 2015-06-05 17
openmrg,pycomlink line,city,2.0,4416,0.0536,0.0259,-0.0277,-0.5161,0.0391,0.1155,2.1537,0.6681,0.3511,0.0112,0.3497,openmrg 2015-06-05 17
openmrg,pycomlink gmz,city,2.0,4416,0.0536,0.0268,-0.0269,-0.5011,0.0391,0.1186,2.2124,0.6523,0.3644,0.0108,0.3629,openmrg 2015-06-05 17
openmrg,nearby idw,city,2.0,4416,0.0536,0.0626,0.0089,0.1669,0.0427,0.1415,2.6382,0.7451,0.6769,0.0779,0.6403,openmrg 2015-06-05 17
openmrg,nearby line,city,2.0,4416,0.0536,0.0592,0.0056,0.1041,0.0403,0.1233,2.2987,0.7668,0.6769,0.0779,0.6403,openmrg 2015-06-05 17
openmrg,nearby gmz,city,2.0,4416,0.0536,0.0597,0.0061,0.1136,0.0415,0.1337,2.494,0.7469,0.6676,0.0789,0.6314,openmrg 2015-06-05 17
openmrg,rnn idw,city,2.0,4416,0.0536,0.102,0.0483,0.9015,0.0658,0.206,3.8423,0.8371,0.8391,0.1564,0.7261,openmrg 2015-06-05 17
openmrg,rnn line,city,2.0,4416,0.0536,0.1018,0.0482,0.8985,0.0657,0.2059,3.8395,0.8279,0.8378,0.1463,0.7326,openmrg 2015-06-05 17
openmrg,rnn gmz,city,2.0,4416,0.0536,0.1026,0.049,0.9134,0.067,0.2116,3.946,0.8233,0.8298,0.1533,0.7214,openmrg 2015-06-05 17
openmrg,pws,radar,,18960,0.2344,0.074,-0.1603,-0.6842,0.1772,0.3461,1.4768,0.7188,0.2905,0.0483,0.2863,openmrg 2015-06-05 17
openmrg,city,radar,,5152,0.2383,0.0563,-0.182,-0.7636,0.2036,0.342,1.435,0.4954,0.2567,0.2,0.2412,openmrg 2015-06-05 17
openmrg,dynamic idw,radar,,23760,0.2664,0.2369,-0.0295,-0.1108,0.241,0.4766,1.7892,0.5795,0.4551,0.2673,0.3903,openmrg 2015-06-05 17
openmrg,dynamic line,radar,,25264,0.2635,0.2608,-0.0026,-0.01,0.2538,0.5194,1.9714,0.5535,0.4932,0.2705,0.417,openmrg 2015-06-05 17
openmrg,dynamic gmz,radar,,25264,0.2635,0.2762,0.0127,0.0482,0.2645,0.5656,2.1467,0.5412,0.4918,0.2779,0.4135,openmrg 2015-06-05 17
openmrg,constant idw,radar,,23760,0.2664,0.0215,-0.2449,-0.9193,0.2592,0.5077,1.9058,0.3276,0.0726,0.2034,0.0713,openmrg 2015-06-05 17
openmrg,constant line,radar,,25264,0.2635,0.0246,-0.2389,-0.9066,0.2572,0.5042,1.9137,0.3144,0.0753,0.2151,0.0738,openmrg 2015-06-05 17
openmrg,constant gmz,radar,,25264,0.2635,0.0281,-0.2354,-0.8935,0.2571,0.5046,1.9153,0.3163,0.0746,0.2254,0.073,openmrg 2015-06-05 17
openmrg,pycomlink idw,radar,,23760,0.2664,0.0478,-0.2186,-0.8205,0.2399,0.4699,1.7639,0.4684,0.169,0.1075,0.1657,openmrg 2015-06-05 17
openmrg,pycomlink line,radar,,25264,0.2635,0.056,-0.2075,-0.7874,0.2367,0.464,1.7611,0.4625,0.1826,0.1116,0.1785,openmrg 2015-06-05 17
openmrg,pycomlink gmz,radar,,25264,0.2635,0.0622,-0.2012,-0.7639,0.236,0.4656,1.7674,0.4609,0.1855,0.1115,0.1813,openmrg 2015-06-05 17
openmrg,nearby idw,radar,,23760,0.2664,0.06,-0.2064,-0.7749,0.2417,0.4793,1.7992,0.3973,0.1988,0.1342,0.1929,openmrg 2015-06-05 17
openmrg,nearby line,radar,,25264,0.2635,0.0565,-0.207,-0.7856,0.2366,0.4715,1.7897,0.4202,0.2051,0.1286,0.1991,openmrg 2015-06-05 17
openmrg,nearby gmz,radar,,25264,0.2635,0.0585,-0.205,-0.778,0.2373,0.4709,1.7873,0.4193,0.1983,0.1309,0.1925,openmrg 2015-06-05 17
openmrg,rnn idw,radar,,23856,0.2664,0.1318,-0.1345,-0.5051,0.2163,0.4204,1.5784,0.5886,0.3427,0.0953,0.3308,openmrg 2015-06-05 17
openmrg,rnn line,radar,,25408,0.2637,0.1335,-0.1302,-0.4939,0.2184,0.4276,1.6218,0.5673,0.3411,0.0959,0.3292,openmrg 2015-06-05 17
openmrg,rnn gmz,radar,,25408,0.2637,0.1348,-0.1289,-0.4889,0.2184,0.427,1.6193,0.573,0.3387,0.0955,0.327,openmrg 2015-06-05 17
openmrg,city,pws,,4480,0.0269,0.0483,0.0214,0.7966,0.0368,0.1057,3.9296,0.6143,0.8495,0.5119,0.4493,openmrg 2015-06-05 17
openmrg,dynamic idw,pws,,17568,0.0741,0.2197,0.1456,1.9661,0.1662,0.456,6.1573,0.607,0.8498,0.569,0.4005,openmrg 2015-06-05 17
openmrg,dynamic line,pws,,18352,0.0733,0.2434,0.17,2.3195,0.19,0.5383,7.3429,0.5451,0.8568,0.5948,0.3795,openmrg 2015-06-05 17
openmrg,dynamic gmz,pws,,18352,0.0733,0.2552,0.1818,2.4803,0.2019,0.5939,8.1012,0.528,0.8432,0.6058,0.3672,openmrg 2015-06-05 17
openmrg,constant idw,pws,,17568,0.0741,0.0208,-0.0532,-0.7188,0.0774,0.2509,3.3885,0.335,0.1286,0.5361,0.112,openmrg 2015-06-05 17
openmrg,constant line,pws,,18352,0.0733,0.0243,-0.049,-0.6681,0.0812,0.2659,3.6273,0.2992,0.1207,0.5972,0.1024,openmrg 2015-06-05 17
openmrg,constant gmz,pws,,18352,0.0733,0.0272,-0.0462,-0.6295,0.0833,0.2789,3.8048,0.2924,0.1145,0.6159,0.0967,openmrg 2015-06-05 17
openmrg,pycomlink idw,pws,,17568,0.0741,0.0457,-0.0284,-0.3834,0.0697,0.241,3.254,0.4709,0.4083,0.3129,0.3443,openmrg 2015-06-05 17
openmrg,pycomlink line,pws,,18352,0.0733,0.0539,-0.0194,-0.2646,0.076,0.2669,3.64,0.4344,0.4385,0.3411,0.3574,openmrg 2015-06-05 17
openmrg,pycomlink gmz,pws,,18352,0.0733,0.059,-0.0143,-0.1946,0.0783,0.2876,3.9223,0.4299,0.4509,0.3368,0.3669,openmrg 2015-06-05 17
openmrg,nearby idw,pws,,17568,0.0741,0.0517,-0.0224,-0.3021,0.0695,0.2344,3.1654,0.4799,0.5393,0.2224,0.4672,openmrg 2015-06-05 17
openmrg,nearby line,pws,,18352,0.0733,0.0481,-0.0252,-0.3441,0.0673,0.2243,3.0601,0.5,0.5468,0.2322,0.4692,openmrg 2015-06-05 17
openmrg,nearby gmz,pws,,18352,0.0733,0.0497,-0.0237,-0.3227,0.0683,0.2296,3.1312,0.4884,0.5371,0.215,0.4682,openmrg 2015-06-05 17
openmrg,rnn idw,pws,,17584,0.074,0.119,0.045,0.6084,0.0897,0.2942,3.9759,0.6357,0.8221,0.298,0.6094,openmrg 2015-06-05 17
openmrg,rnn line,pws,,18352,0.0733,0.1214,0.0481,0.6565,0.0927,0.2996,4.0871,0.626,0.8172,0.3061,0.6007,openmrg 2015-06-05 17
openmrg,rnn gmz,pws,,18352,0.0733,0.1255,0.0521,0.7112,0.0962,0.3194,4.3562,0.6191,0.813,0.3049,0.5993,openmrg 2015-06-05 17
openmrg,dynamic idw,city,,5152,0.0563,0.2183,0.1619,2.8751,0.1672,0.3607,6.4049,0.6871,0.9268,0.5583,0.4268,openmrg 2015-06-05 17
openmrg,dynamic line,city,,5152,0.0563,0.2259,0.1696,3.0116,0.1753,0.366,6.4975,0.6691,0.9311,0.5763,0.4108,openmrg 2015-06-05 17
openmrg,dynamic gmz,city,,5152,0.0563,0.2309,0.1746,3.1001,0.1806,0.3857,6.8477,0.641,0.9235,0.5932,0.3936,openmrg 2015-06-05 17
openmrg,constant idw,city,,5152,0.0563,0.0043,-0.052,-0.9231,0.0534,0.1652,2.9336,0.1778,0.082,0.0,0.082,openmrg 2015-06-05 17
openmrg,constant line,city,,5152,0.0563,0.0057,-0.0506,-0.8988,0.0532,0.1652,2.9333,0.1814,0.0962,0.0,0.0962,openmrg 2015-06-05 17
openmrg,constant gmz,city,,5152,0.0563,0.0054,-0.0509,-0.9039,0.0535,0.166,2.9474,0.1675,0.0962,0.0,0.0962,openmrg 2015-06-05 17
openmrg,pycomlink idw,city,,5152,0.0563,0.0265,-0.0298,-0.5293,0.0388,0.1153,2.0475,0.7152,0.3596,0.009,0.3584,openmrg 2015-06-05 17
openmrg,pycomlink line,city,,5152,0.0563,0.0282,-0.0281,-0.4991,0.0396,0.1185,2.1039,0.6916,0.3781,0.0114,0.3765,openmrg 2015-06-05 17
openmrg,pycomlink gmz,city,,5152,0.0563,0.029,-0.0273,-0.4851,0.0394,0.1205,2.1398,0.6804,0.3902,0.0111,0.3885,openmrg 2015-06-05 17
openmrg,nearby idw,city,,5152,0.0563,0.0636,0.0073,0.1288,0.0424,0.1368,2.4282,0.7581,0.6667,0.0758,0.6321,openmrg 2015-06-05 17
openmrg,nearby line,city,,5152,0.0563,0.0604,0.0041,0.073,0.0399,0.1203,2.1355,0.7783,0.6765,0.0747,0.6415,openmrg 2015-06-05 17
openmrg,nearby gmz,city,,5152,0.0563,0.0609,0.0046,0.0817,0.0409,0.1294,2.2975,0.7619,0.6634,0.0761,0.629,openmrg 2015-06-05 17
openmrg,rnn idw,city,,5152,0.0563,0.1054,0.0491,0.8715,0.0659,0.2029,3.6021,0.8515,0.8459,0.1429,0.7414,openmrg 2015-06-05 17
openmrg,rnn line,city,,5152,0.0563,0.1052,0.0489,0.8676,0.0656,0.202,3.5864,0.8431,0.8448,0.1382,0.744,openmrg 2015-06-05 17
openmrg,rnn gmz,city,,5152,0.0563,0.1062,0.0498,0.8847,0.067,0.2079,3.6914,0.84,0.8393,0.1438,0.7356,openmrg 2015-06-05 17
openmrg,pws,radar,2.0,7744,0.7134,0.5925,-0.1209,-0.1694,0.4155,0.7159,1.0035,0.7123,0.7582,0.0795,0.7116,openmrg 2015-06-13 14
openmrg,city,radar,2.0,3036,0.6336,0.6422,0.0086,0.0136,0.399,0.5853,0.9238,0.7603,0.7739,0.0883,0.72,openmrg 2015-06-13 14
openmrg,dynamic idw,radar,2.0,9372,0.6805,1.0927,0.4122,0.6057,0.6723,1.3145,1.9316,0.7644,0.78,0.073,0.7349,openmrg 2015-06-13 14
openmrg,dynamic line,radar,2.0,9372,0.6805,1.1086,0.4281,0.629,0.6754,1.3066,1.9201,0.7685,0.7981,0.0886,0.7407,openmrg 2015-06-13 14
openmrg,dynamic gmz,radar,2.0,9372,0.6805,1.1165,0.436,0.6407,0.6896,1.3724,2.0167,0.7465,0.794,0.0952,0.7328,openmrg 2015-06-13 14
openmrg,constant idw,radar,2.0,9372,0.6805,0.1208,-0.5597,-0.8225,0.5705,0.8995,1.3218,0.5552,0.2014,0.0,0.2014,openmrg 2015-06-13 14
openmrg,constant line,radar,2.0,9372,0.6805,0.1252,-0.5553,-0.816,0.5675,0.8938,1.3134,0.562,0.2144,0.0,0.2144,openmrg 2015-06-13 14
openmrg,constant gmz,radar,2.0,9372,0.6805,0.1316,-0.5489,-0.8065,0.5678,0.898,1.3196,0.5448,0.2207,0.0,0.2207,openmrg 2015-06-13 14
openmrg,pycomlink idw,radar,2.0,9372,0.6805,0.5647,-0.1158,-0.1701,0.4105,0.6743,0.9909,0.7385,0.6037,0.0444,0.5872,openmrg 2015-06-13 14
openmrg,pycomlink line,radar,2.0,9372,0.6805,0.5528,-0.1277,-0.1877,0.3994,0.6572,0.9657,0.7462,0.6026,0.0437,0.5864,openmrg 2015-06-13 14
openmrg,pycomlink gmz,radar,2.0,9372,0.6805,0.5553,-0.1252,-0.184,0.4069,0.6848,1.0063,0.7311,0.603,0.0475,0.5854,openmrg 2015-06-13 14
openmrg,nearby idw,radar,2.0,9372,0.6805,0.201,-0.4795,-0.7046,0.5022,0.8128,1.1945,0.6333,0.3562,0.0004,0.3562,openmrg 2015-06-13 14
openmrg,nearby line,radar,2.0,9372,0.6805,0.2036,-0.4769,-0.7008,0.499,0.8062,1.1848,0.6416,0.3581,0.0008,0.358,openmrg 2015-06-13 14
openmrg,nearby gmz,radar,2.0,9372,0.6805,0.2073,-0.4733,-0.6954,0.5037,0.816,1.1991,0.6247,0.3578,0.0004,0.3578,openmrg 2015-06-13 14
openmrg,rnn idw,radar,2.0,9372,0.6805,0.5164,-0.1641,-0.2411,0.2977,0.4924,0.7236,0.8374,0.6925,0.0315,0.6773,openmrg 2015-06-13 14
openmrg,rnn line,radar,2.0,9372,0.6805,0.5292,-0.1513,-0.2223,0.2995,0.4935,0.7252,0.835,0.6976,0.0364,0.6797,openmrg 2015-06-13 14
openmrg,rnn gmz,radar,2.0,9372,0.6805,0.5325,-0.148,-0.2175,0.3043,0.5073,0.7455,0.8256,0.6996,0.0384,0.6806,openmrg 2015-06-13 14
openmrg,city,pws,2.0,2706,0.4352,0.647,0.2119,0.4868,0.286,0.5243,1.2047,0.8691,0.8987,0.1509,0.7749,openmrg 2015-06-13 14
openmrg,dynamic idw,pws,2.0,7744,0.5925,1.1385,0.546,0.9214,0.6414,1.3265,2.2386,0.793,0.8169,0.214,0.6683,openmrg 2015-06-13 14
openmrg,dynamic line,pws,2.0,7744,0.5925,1.1543,0.5618,0.9481,0.6571,1.333,2.2497,0.7849,0.8274,0.2354,0.6594,openmrg 2015-06-13 14
openmrg,dynamic gmz,pws,2.0,7744,0.5925,1.1583,0.5658,0.9548,0.6677,1.3819,2.3323,0.7701,0.8264,0.2385,0.6565,openmrg 2015-06-13 14
openmrg,constant idw,pws,2.0,7744,0.5925,0.1276,-0.4649,-0.7846,0.4842,0.8456,1.4271,0.716,0.2414,0.044,0.2387,openmrg 2015-06-13 14
openmrg,constant line,pws,2.0,7744,0.5925,0.1327,-0.4598,-0.776,0.4787,0.8365,1.4117,0.727,0.2573,0.0429,0.2544,openmrg 2015-06-13 14
openmrg,constant gmz,pws,2.0,7744,0.5925,0.138,-0.4546,-0.7671,0.4763,0.8359,1.4108,0.7117,0.2648,0.0417,0.2618,openmrg 2015-06-13 14
openmrg,pycomlink idw,pws,2.0,7744,0.5925,0.5864,-0.0061,-0.0104,0.3,0.5939,1.0024,0.8153,0.7025,0.0879,0.6579,openmrg 2015-06-13 14
openmrg,pycomlink line,pws,2.0,7744,0.5925,0.5717,-0.0209,-0.0352,0.298,0.5855,0.9881,0.8156,0.6972,0.0895,0.6525,openmrg 2015-06-13 14
openmrg,pycomlink gmz,pws,2.0,7744,0.5925,0.5721,-0.0204,-0.0344,0.3056,0.6135,1.0354,0.7995,0.6953,0.092,0.6496,openmrg 2015-06-13 14
openmrg,nearby idw,pws,2.0,7744,0.5925,0.2128,-0.3798,-0.6409,0.4195,0.7237,1.2214,0.7904,0.4288,0.0413,0.421,openmrg 2015-06-13 14
openmrg,nearby line,pws,2.0,7744,0.5925,0.2151,-0.3775,-0.637,0.4163,0.7196,1.2145,0.7962,0.428,0.044,0.4197,openmrg 2015-06-13 14
openmrg,nearby gmz,pws,2.0,7744,0.5925,0.2169,-0.3756,-0.634,0.4164,0.7226,1.2195,0.7873,0.4276,0.0432,0.4195,openmrg 2015-06-13 14
openmrg,rnn idw,pws,2.0,7744,0.5925,0.5277,-0.0648,-0.1094,0.2536,0.5043,0.8511,0.8587,0.7501,0.136,0.6709,openmrg 2015-06-13 14
openmrg,rnn line,pws,2.0,7744,0.5925,0.5397,-0.0528,-0.0891,0.2519,0.5032,0.8493,0.8571,0.7517,0.1454,0.6665,openmrg 2015-06-13 14
openmrg,rnn gmz,pws,2.0,7744,0.5925,0.5414,-0.0512,-0.0863,0.2545,0.5069,0.8555,0.8539,0.7553,0.1464,0.6686,openmrg 2015-06-13 14
openmrg,dynamic idw,city,2.0,3036,0.6422,1.1028,0.4606,0.7173,0.518,1.0985,1.7106,0.8967,0.8141,0.2082,0.6705,openmrg 2015-06-13 14
openmrg,dynamic line,city,2.0,3036,0.6422,1.0379,0.3958,0.6163,0.4578,0.919,1.4311,0.9128,0.8272,0.2151,0.6743,openmrg 2015-06-13 14
openmrg,dynamic gmz,city,2.0,3036,0.6422,1.0312,0.3891,0.6058,0.4631,0.9419,1.4667,0.8978,0.8292,0.2158,0.6752,openmrg 2015-06-13 14
openmrg,constant idw,city,2.0,3036,0.6422,0.0616,-0.5806,-0.904,0.5806,0.9891,1.5401,0.6203,0.2413,0.0,0.2413,openmrg 2015-06-13 14
openmrg,constant line,city,2.0,3036,0.6422,0.064,-0.5782,-0.9003,0.5782,0.9808,1.5273,0.6864,0.2522,0.0,0.2522,openmrg 2015-06-13 14
openmrg,constant gmz,city,2.0,3036,0.6422,0.0681,-0.5741,-0.894,0.5742,0.9745,1.5175,0.6703,0.2648,0.0,0.2648,openmrg 2015-06-13 14
openmrg,pycomlink idw,city,2.0,3036,0.6422,0.5569,-0.0853,-0.1328,0.2011,0.4058,0.6318,0.9006,0.6851,0.05,0.6613,openmrg 2015-06-13 14
openmrg,pycomlink line,city,2.0,3036,0.6422,0.5239,-0.1183,-0.1842,0.2038,0.3755,0.5847,0.918,0.6778,0.0512,0.6539,openmrg 2015-06-13 14
openmrg,pycomlink gmz,city,2.0,3036,0.6422,0.5207,-0.1215,-0.1892,0.2149,0.4038,0.6287,0.9034,0.6815,0.0523,0.6568,openmrg 2015-06-13 14
openmrg,nearby idw,city,2.0,3036,0.6422,0.1328,-0.5094,-0.7932,0.5123,0.8556,1.3323,0.8237,0.4266,0.0,0.4266,openmrg 2015-06-13 14
openmrg,nearby line,city,2.0,3036,0.6422,0.1327,-0.5095,-0.7933,0.5095,0.8511,1.3253,0.8608,0.4272,0.0,0.4272,openmrg 2015-06-13 14
openmrg,nearby gmz,city,2.0,3036,0.6422,0.1348,-0.5074,-0.7902,0.5077,0.8508,1.3248,0.835,0.4282,0.0,0.4282,openmrg 2015-06-13 14
openmrg,rnn idw,city,2.0,3036,0.6422,0.439,-0.2032,-0.3164,0.2701,0.4692,0.7306,0.9358,0.7342,0.1157,0.6698,openmrg 2015-06-13 14
openmrg,rnn line,city,2.0,3036,0.6422,0.4446,-0.1976,-0.3078,0.2654,0.4613,0.7182,0.9357,0.7321,0.1149,0.6686,openmrg 2015-06-13 14
openmrg,rnn gmz,city,2.0,3036,0.6422,0.4442,-0.198,-0.3083,0.2676,0.4644,0.7232,0.9328,0.7326,0.1182,0.6671,openmrg 2015-06-13 14
openmrg,pws,radar,,13035,0.7454,0.6255,-0.12,-0.1609,0.4768,0.8738,1.1723,0.6814,0.72,0.1041,0.6644,openmrg 2015-06-13 14
openmrg,city,radar,,3542,0.6389,0.6469,0.008,0.0126,0.3982,0.5862,0.9176,0.7634,0.7816,0.0881,0.7267,openmrg 2015-06-13 14
openmrg,dynamic idw,radar,,16335,0.7175,1.1015,0.384,0.5351,0.664,1.2955,1.8055,0.7628,0.7785,0.0814,0.7283,openmrg 2015-06-13 14
openmrg,dynamic line,radar,,17369,0.7242,1.149,0.4248,0.5866,0.6871,1.3521,1.867,0.7587,0.799,0.098,0.7352,openmrg 2015-06-13 14
openmrg,dynamic gmz,radar,,17369,0.7242,1.1744,0.4502,0.6216,0.7208,1.4718,2.0324,0.732,0.7949,0.1049,0.7272,openmrg 2015-06-13 14
openmrg,constant idw,radar,,16335,0.7175,0.1377,-0.5798,-0.8081,0.594,0.9548,1.3307,0.5688,0.2127,0.0,0.2127,openmrg 2015-06-13 14
openmrg,constant line,radar,,17369,0.7242,0.1496,-0.5746,-0.7935,0.5969,0.9644,1.3317,0.5611,0.2318,0.0,0.2318,openmrg 2015-06-13 14
openmrg,constant gmz,radar,,17369,0.7242,0.164,-0.5602,-0.7736,0.6004,0.9789,1.3517,0.5308,0.2397,0.0,0.2397,openmrg 2015-06-13 14
openmrg,pycomlink idw,radar,,16335,0.7175,0.5684,-0.1492,-0.2079,0.4133,0.6999,0.9755,0.7434,0.6173,0.051,0.5975,openmrg 2015-06-13 14
openmrg,pycomlink line,radar,,17369,0.7242,0.5692,-0.155,-0.214,0.4124,0.7171,0.9902,0.7393,0.6178,0.0493,0.5986,openmrg 2015-06-13 14
openmrg,pycomlink gmz,radar,,17369,0.7242,0.5785,-0.1457,-0.2012,0.4246,0.7676,1.0599,0.7166,0.6206,0.053,0.5998,openmrg 2015-06-13 14
openmrg,nearby idw,radar,,16335,0.7175,0.2164,-0.5011,-0.6983,0.5279,0.8697,1.212,0.6381,0.3568,0.0046,0.3562,openmrg 2015-06-13 14
openmrg,nearby line,radar,,17369,0.7242,0.2302,-0.494,-0.6821,0.5297,0.8795,1.2144,0.6319,0.3647,0.0043,0.3641,openmrg 2015-06-13 14
openmrg,nearby gmz,radar,,17369,0.7242,0.2433,-0.4809,-0.6641,0.5409,0.9049,1.2496,0.6001,0.3666,0.0036,0.3661,openmrg 2015-06-13 14
openmrg,rnn idw,radar,,16401,0.7197,0.5386,-0.1811,-0.2516,0.3217,0.5502,0.7645,0.8285,0.6957,0.0469,0.6727,openmrg 2015-06-13 14
openmrg,rnn line,radar,,17468,0.7285,0.5626,-0.1658,-0.2277,0.334,0.5728,0.7863,0.8172,0.6987,0.0601,0.6688,openmrg 2015-06-13 14
openmrg,rnn gmz,radar,,17468,0.7285,0.5747,-0.1538,-0.2111,0.3452,0.6028,0.8274,0.7995,0.7016,0.0617,0.6706,openmrg 2015-06-13 14
openmrg,city,pws,,3080,0.4498,0.6534,0.2037,0.4528,0.2882,0.5266,1.1708,0.8596,0.8945,0.1696,0.7564,openmrg 2015-06-13 14
openmrg,dynamic idw,pws,,12078,0.6011,1.136,0.5349,0.8899,0.6462,1.3086,2.177,0.776,0.8096,0.244,0.6419,openmrg 2015-06-13 14
openmrg,dynamic line,pws,,12617,0.6073,1.1787,0.5715,0.941,0.6899,1.3752,2.2645,0.7496,0.8199,0.2706,0.6287,openmrg 2015-06-13 14
openmrg,dynamic gmz,pws,,12617,0.6073,1.1952,0.5879,0.968,0.7054,1.439,2.3696,0.7433,0.8201,0.2731,0.6269,openmrg 2015-06-13 14
openmrg,constant idw,pws,,12078,0.6011,0.1447,-0.4564,-0.7593,0.4825,0.8806,1.465,0.7527,0.2488,0.0734,0.244,openmrg 2015-06-13 14
openmrg,constant line,pws,,12617,0.6073,0.1578,-0.4495,-0.7402,0.4781,0.8878,1.4618,0.7691,0.2679,0.0921,0.2609,openmrg 2015-06-13 14
openmrg,constant gmz,pws,,12617,0.6073,0.1711,-0.4362,-0.7183,0.4723,0.8743,1.4397,0.7505,0.2781,0.089,0.2707,openmrg 2015-06-13 14
openmrg,pycomlink idw,pws,,12078,0.6011,0.5824,-0.0187,-0.0311,0.3224,0.6535,1.0872,0.8015,0.6995,0.1379,0.6291,openmrg 2015-06-13 14
openmrg,pycomlink line,pws,,12617,0.6073,0.5748,-0.0324,-0.0534,0.3354,0.6852,1.1283,0.7926,0.6907,0.1444,0.6186,openmrg 2015-06-13 14
openmrg,pycomlink gmz,pws,,12617,0.6073,0.5787,-0.0286,-0.0471,0.3406,0.7011,1.1545,0.785,0.6901,0.1479,0.6163,openmrg 2015-06-13 14
openmrg,nearby idw,pws,,12078,0.6011,0.2265,-0.3746,-0.6231,0.428,0.7777,1.2939,0.7972,0.4222,0.0768,0.4078,openmrg 2015-06-13 14
openmrg,nearby line,pws,,12617,0.6073,0.2366,-0.3706,-0.6103,0.4326,0.801,1.3189,0.7986,0.4208,0.0937,0.4033,openmrg 2015-06-13 14
openmrg,nearby gmz,pws,,12617,0.6073,0.2465,-0.3608,-0.5941,0.43,0.792,1.3042,0.7879,0.4219,0.0917,0.4047,openmrg 2015-06-13 14
openmrg,rnn idw,pws,,12089,0.6005,0.5487,-0.0519,-0.0864,0.289,0.6016,1.0018,0.8319,0.7435,0.1813,0.6384,openmrg 2015-06-13 14
openmrg,rnn line,pws,,12617,0.6073,0.5698,-0.0374,-0.0616,0.2997,0.6323,1.0412,0.8255,0.7408,0.2034,0.623,openmrg 2015-06-13 14
openmrg,rnn gmz,pws,,12617,0.6073,0.5798,-0.0275,-0.0453,0.2996,0.6245,1.0283,0.828,0.7465,0.2051,0.6259,openmrg 2015-06-13 14
openmrg,dynamic idw,city,,3542,0.6469,1.0833,0.4364,0.6746,0.4945,1.047,1.6185,0.9007,0.8197,0.192,0.6861,openmrg 2015-06-13 14
openmrg,dynamic line,city,,3542,0.6469,1.0256,0.3786,0.5853,0.4404,0.8807,1.3613,0.9161,0.8316,0.2004,0.6882,openmrg 2015-06-13 14
openmrg,dynamic gmz,city,,3542,0.6469,1.019,0.3721,0.5752,0.4443,0.8998,1.3909,0.9027,0.8334,0.2028,0.6876,openmrg 2015-06-13 14
openmrg,constant idw,city,,3542,0.6469,0.0626,-0.5843,-0.9032,0.5844,0.9938,1.5361,0.6438,0.2468,0.0,0.2468,openmrg 2015-06-13 14
openmrg,constant line,city,,3542,0.6469,0.0656,-0.5813,-0.8986,0.5813,0.9847,1.522,0.7066,0.2561,0.0,0.2561,openmrg 2015-06-13 14
openmrg,constant gmz,city,,3542,0.6469,0.0696,-0.5773,-0.8923,0.5773,0.9783,1.5122,0.6916,0.2697,0.0,0.2697,openmrg 2015-06-13 14
openmrg,pycomlink idw,city,,3542,0.6469,0.5511,-0.0958,-0.1482,0.2021,0.4013,0.6204,0.9039,0.6796,0.0499,0.6562,openmrg 2015-06-13 14
openmrg,pycomlink line,city,,3542,0.6469,0.5207,-0.1262,-0.1951,0.2055,0.3777,0.5838,0.9198,0.6739,0.0521,0.6498,openmrg 2015-06-13 14
openmrg,pycomlink gmz,city,,3542,0.6469,0.5173,-0.1296,-0.2004,0.2156,0.4027,0.6225,0.9068,0.6774,0.0524,0.6529,openmrg 2015-06-13 14
openmrg,nearby idw,city,,3542,0.6469,0.1337,-0.5132,-0.7933,0.5157,0.8602,1.3297,0.8359,0.4218,0.0,0.4218,openmrg 2015-06-13 14
openmrg,nearby line,city,,3542,0.6469,0.1341,-0.5128,-0.7927,0.5129,0.8556,1.3226,0.8679,0.4235,0.0,0.4235,openmrg 2015-06-13 14
openmrg,nearby gmz,city,,3542,0.6469,0.1361,-0.5108,-0.7896,0.5111,0.8549,1.3215,0.845,0.4257,0.0,0.4257,openmrg 2015-06-13 14
openmrg,rnn idw,city,,3542,0.6469,0.4398,-0.2071,-0.3201,0.2727,0.4737,0.7322,0.9363,0.7307,0.1067,0.6721,openmrg 2015-06-13 14
openmrg,rnn line,city,,3542,0.6469,0.4462,-0.2008,-0.3103,0.2672,0.4646,0.7182,0.9363,0.7285,0.106,0.6706,openmrg 2015-06-13 14
openmrg,rnn gmz,city,,3542,0.6469,0.4459,-0.201,-0.3107,0.2692,0.4676,0.7227,0.9337,0.7294,0.1088,0.6698,openmrg 2015-06-13 14
openmrg,pws,radar,2.0,2816,0.6738,1.6439,0.9702,1.44,1.0612,1.5108,2.2424,0.7359,0.9501,0.0458,0.9087,openmrg 2015-06-17 15
openmrg,city,radar,2.0,1104,0.6973,2.2853,1.588,2.2773,1.591,2.1246,3.047,0.7981,1.0,0.0335,0.9665,openmrg 2015-06-17 15
openmrg,dynamic idw,radar,2.0,3408,0.6644,1.0028,0.3384,0.5094,0.6884,1.2271,1.8471,0.7303,0.7624,0.0038,0.7602,openmrg 2015-06-17 15
openmrg,dynamic line,radar,2.0,3408,0.6644,0.9754,0.311,0.4681,0.6735,1.1958,1.7999,0.7307,0.7563,0.0055,0.7532,openmrg 2015-06-17 15
openmrg,dynamic gmz,radar,2.0,3408,0.6644,0.9811,0.3167,0.4768,0.685,1.2169,1.8317,0.7217,0.7522,0.0059,0.7488,openmrg 2015-06-17 15
openmrg,constant idw,radar,2.0,3408,0.6644,0.5159,-0.1485,-0.2235,0.6367,0.9563,1.4395,0.5975,0.3997,0.0,0.3997,openmrg 2015-06-17 15
openmrg,constant line,radar,2.0,3408,0.6644,0.5481,-0.1162,-0.175,0.6478,0.9767,1.4702,0.6029,0.4016,0.0,0.4016,openmrg 2015-06-17 15
openmrg,constant gmz,radar,2.0,3408,0.6644,0.5773,-0.0871,-0.1311,0.6688,1.0386,1.5634,0.5959,0.4083,0.0,0.4083,openmrg 2015-06-17 15
openmrg,pycomlink idw,radar,2.0,3408,0.6644,2.385,1.7207,2.59,1.768,2.5659,3.8623,0.7882,0.9756,0.0288,0.9482,openmrg 2015-06-17 15
openmrg,pycomlink line,radar,2.0,3408,0.6644,2.2292,1.5648,2.3554,1.6215,2.3785,3.5801,0.7757,0.9676,0.0274,0.9419,openmrg 2015-06-17 15
openmrg,pycomlink gmz,radar,2.0,3408,0.6644,2.2357,1.5713,2.3652,1.6309,2.3991,3.6112,0.7666,0.9647,0.0278,0.9388,openmrg 2015-06-17 15
openmrg,nearby idw,radar,2.0,3408,0.6644,1.7557,1.0914,1.6427,1.2181,2.1059,3.1698,0.7726,0.8504,0.0023,0.8488,openmrg 2015-06-17 15
openmrg,nearby line,radar,2.0,3408,0.6644,1.6704,1.006,1.5143,1.143,1.937,2.9156,0.783,0.844,0.0008,0.8434,openmrg 2015-06-17 15
openmrg,nearby gmz,radar,2.0,3408,0.6644,1.668,1.0036,1.5106,1.1499,1.9534,2.9402,0.7718,0.8395,0.0015,0.8384,openmrg 2015-06-17 15
openmrg,rnn idw,radar,2.0,3408,0.6644,1.0963,0.432,0.6502,0.523,0.7612,1.1458,0.848,0.8864,0.0036,0.8835,openmrg 2015-06-17 15
openmrg,rnn line,radar,2.0,3408,0.6644,1.1001,0.4357,0.6559,0.5297,0.7681,1.1562,0.8436,0.8857,0.0054,0.8815,openmrg 2015-06-17 15
openmrg,rnn gmz,radar,2.0,3408,0.6644,1.1023,0.4379,0.6592,0.5356,0.7775,1.1703,0.8383,0.8828,0.0069,0.8775,openmrg 2015-06-17 15
openmrg,city,pws,2.0,984,1.7103,2.3231,0.6128,0.3583,0.6744,0.9273,0.5422,0.9225,1.0,0.0681,0.9319,openmrg 2015-06-17 15
openmrg,dynamic idw,pws,2.0,2816,1.6439,1.06,-0.584,-0.3552,0.9098,1.2513,0.7612,0.7161,0.731,0.045,0.7067,openmrg 2015-06-17 15
openmrg,dynamic line,pws,2.0,2816,1.6439,1.0281,-0.6158,-0.3746,0.92,1.2553,0.7636,0.7159,0.7267,0.0487,0.7006,openmrg 2015-06-17 15
openmrg,dynamic gmz,pws,2.0,2816,1.6439,1.0331,-0.6108,-0.3716,0.9298,1.2655,0.7698,0.7096,0.7244,0.0493,0.6981,openmrg 2015-06-17 15
openmrg,constant idw,pws,2.0,2816,1.6439,0.5695,-1.0744,-0.6536,1.2294,1.6052,0.9764,0.6035,0.3966,0.0443,0.3895,openmrg 2015-06-17 15
openmrg,constant line,pws,2.0,2816,1.6439,0.6001,-1.0439,-0.635,1.1967,1.5616,0.9499,0.629,0.4013,0.0438,0.3941,openmrg 2015-06-17 15
openmrg,constant gmz,pws,2.0,2816,1.6439,0.6269,-1.0171,-0.6187,1.1947,1.564,0.9514,0.6241,0.4072,0.0424,0.4,openmrg 2015-06-17 15
openmrg,pycomlink idw,pws,2.0,2816,1.6439,2.4999,0.8559,0.5206,1.0728,1.7139,1.0426,0.7864,0.9546,0.0514,0.9077,openmrg 2015-06-17 15
openmrg,pycomlink line,pws,2.0,2816,1.6439,2.3308,0.6869,0.4178,0.9615,1.5532,0.9448,0.7832,0.9468,0.0518,0.9002,openmrg 2015-06-17 15
openmrg,pycomlink gmz,pws,2.0,2816,1.6439,2.3359,0.6919,0.4209,0.9823,1.5839,0.9635,0.7732,0.9452,0.0507,0.8997,openmrg 2015-06-17 15
openmrg,nearby idw,pws,2.0,2816,1.6439,1.881,0.237,0.1442,0.7967,1.3938,0.8478,0.7999,0.8262,0.0281,0.8069,openmrg 2015-06-17 15
openmrg,nearby line,pws,2.0,2816,1.6439,1.7776,0.1337,0.0813,0.7399,1.2305,0.7485,0.8134,0.8191,0.0301,0.7988,openmrg 2015-06-17 15
openmrg,nearby gmz,pws,2.0,2816,1.6439,1.7707,0.1268,0.0771,0.7616,1.2687,0.7717,0.8005,0.816,0.0293,0.7963,openmrg 2015-06-17 15
openmrg,rnn idw,pws,2.0,2816,1.6439,1.1216,-0.5224,-0.3177,0.6897,0.9736,0.5922,0.8335,0.8547,0.0345,0.8294,openmrg 2015-06-17 15
openmrg,rnn line,pws,2.0,2816,1.6439,1.1173,-0.5267,-0.3204,0.6948,0.9795,0.5958,0.831,0.8551,0.0353,0.8292,openmrg 2015-06-17 15
openmrg,rnn gmz,pws,2.0,2816,1.6439,1.1182,-0.5257,-0.3198,0.6965,0.9827,0.5977,0.8275,0.852,0.0372,0.8249,openmrg 2015-06-17 15
openmrg,dynamic idw,city,2.0,1104,2.2853,0.9801,-1.3052,-0.5711,1.3116,1.5754,0.6894,0.8632,0.7509,0.0,0.7509,openmrg 2015-06-17 15
openmrg,dynamic line,city,2.0,1104,2.2853,0.9373,-1.348,-0.5899,1.352,1.6159,0.7071,0.8653,0.7464,0.0,0.7464,openmrg 2015-06-17 15
openmrg,dynamic gmz,city,2.0,1104,2.2853,0.9416,-1.3437,-0.588,1.3502,1.6238,0.7105,0.8543,0.7482,0.0,0.7482,openmrg 2015-06-17 15
openmrg,constant idw,city,2.0,1104,2.2853,0.4206,-1.8646,-0.8159,1.8677,2.2792,0.9973,0.6613,0.4574,0.0,0.4574,openmrg 2015-06-17 15
openmrg,constant line,city,2.0,1104,2.2853,0.4719,-1.8133,-0.7935,1.8151,2.2076,0.966,0.7024,0.4629,0.0,0.4629,openmrg 2015-06-17 15
openmrg,constant gmz,city,2.0,1104,2.2853,0.4963,-1.7889,-0.7828,1.7964,2.1849,0.9561,0.693,0.4656,0.0,0.4656,openmrg 2015-06-17 15
openmrg,pycomlink idw,city,2.0,1104,2.2853,3.0175,0.7322,0.3204,0.9997,1.4841,0.6494,0.8798,0.9774,0.0,0.9774,openmrg 2015-06-17 15
openmrg,pycomlink line,city,2.0,1104,2.2853,2.8233,0.538,0.2354,0.8956,1.3506,0.591,0.8664,0.9737,0.0,0.9737,openmrg 2015-06-17 15
openmrg,pycomlink gmz,city,2.0,1104,2.2853,2.8165,0.5312,0.2324,0.9289,1.3977,0.6116,0.8547,0.9719,0.0,0.9719,openmrg 2015-06-17 15
openmrg,nearby idw,city,2.0,1104,2.2853,2.2269,-0.0583,-0.0255,0.7885,1.3029,0.5701,0.8796,0.7862,0.0,0.7862,openmrg 2015-06-17 15
openmrg,nearby line,city,2.0,1104,2.2853,2.0714,-0.2138,-0.0936,0.7384,1.0672,0.467,0.9011,0.7835,0.0,0.7835,openmrg 2015-06-17 15
openmrg,nearby gmz,city,2.0,1104,2.2853,2.0693,-0.216,-0.0945,0.7746,1.1522,0.5042,0.8823,0.7817,0.0,0.7817,openmrg 2015-06-17 15
openmrg,rnn idw,city,2.0,1104,2.2853,1.2768,-1.0084,-0.4413,1.012,1.2541,0.5488,0.9621,0.8016,0.0,0.8016,openmrg 2015-06-17 15
openmrg,rnn line,city,2.0,1104,2.2853,1.2769,-1.0083,-0.4412,1.0114,1.2556,0.5494,0.961,0.8016,0.0,0.8016,openmrg 2015-06-17 15
openmrg,rnn gmz,city,2.0,1104,2.2853,1.2771,-1.0081,-0.4411,1.0117,1.255,0.5492,0.9607,0.8016,0.0,0.8016,openmrg 2015-06-17 15
openmrg,pws,radar,,4740,0.655,1.5204,0.8654,1.3212,0.985,1.4287,2.1811,0.7041,0.9337,0.0424,0.8966,openmrg 2015-06-17 15
openmrg,city,radar,,1288,0.6955,2.2723,1.5768,2.267,1.5796,2.1074,3.0299,0.796,1.0,0.0419,0.9581,openmrg 2015-06-17 15
openmrg,dynamic idw,radar,,5940,0.6474,0.972,0.3246,0.5014,0.6829,1.2351,1.9077,0.7144,0.7711,0.0079,0.7664,openmrg 2015-06-17 15
openmrg,dynamic line,radar,,6316,0.6485,0.9562,0.3077,0.4744,0.6765,1.2401,1.9123,0.715,0.7564,0.0097,0.7509,openmrg 2015-06-17 15
openmrg,dynamic gmz,radar,,6316,0.6485,0.9699,0.3214,0.4955,0.6955,1.2926,1.9932,0.6998,0.7534,0.0099,0.7477,openmrg 2015-06-17 15
openmrg,constant idw,radar,,5940,0.6474,0.5291,-0.1183,-0.1828,0.631,0.9613,1.4848,0.5967,0.3973,0.0,0.3973,openmrg 2015-06-17 15
openmrg,constant line,radar,,6316,0.6485,0.5678,-0.0807,-0.1244,0.6472,0.9987,1.54,0.5961,0.4051,0.0,0.4051,openmrg 2015-06-17 15
openmrg,constant gmz,radar,,6316,0.6485,0.6049,-0.0436,-0.0673,0.6744,1.0723,1.6535,0.591,0.4096,0.0,0.4096,openmrg 2015-06-17 15
openmrg,pycomlink idw,radar,,5940,0.6474,2.194,1.5466,2.3888,1.6033,2.331,3.6005,0.7967,0.9731,0.0439,0.9315,openmrg 2015-06-17 15
openmrg,pycomlink line,radar,,6316,0.6485,2.0296,1.3811,2.1297,1.4697,2.164,3.337,0.7775,0.945,0.0454,0.9043,openmrg 2015-06-17 15
openmrg,pycomlink gmz,radar,,6316,0.6485,2.0582,1.4097,2.1738,1.5009,2.2216,3.4258,0.7668,0.9424,0.0466,0.9009,openmrg 2015-06-17 15
openmrg,nearby idw,radar,,5940,0.6474,1.5771,0.9297,1.436,1.0775,1.8731,2.8931,0.7769,0.8625,0.0033,0.86,openmrg 2015-06-17 15
openmrg,nearby line,radar,,6316,0.6485,1.501,0.8525,1.3146,1.0263,1.7467,2.6934,0.7803,0.8464,0.0008,0.8458,openmrg 2015-06-17 15
openmrg,nearby gmz,radar,,6316,0.6485,1.5106,0.8621,1.3294,1.0481,1.7863,2.7545,0.7692,0.8349,0.0015,0.8338,openmrg 2015-06-17 15
openmrg,rnn idw,radar,,5964,0.647,1.0611,0.4141,0.6401,0.5094,0.7392,1.1426,0.8465,0.9074,0.0056,0.9028,openmrg 2015-06-17 15
openmrg,rnn line,radar,,6352,0.6477,1.0639,0.4163,0.6427,0.525,0.7559,1.1671,0.8364,0.9005,0.01,0.8923,openmrg 2015-06-17 15
openmrg,rnn gmz,radar,,6352,0.6477,1.0702,0.4225,0.6524,0.542,0.7802,1.2047,0.8238,0.8919,0.0109,0.8832,openmrg 2015-06-17 15
openmrg,city,pws,,1120,1.721,2.3124,0.5914,0.3436,0.6688,0.9173,0.533,0.9188,1.0,0.0795,0.9205,openmrg 2015-06-17 15
openmrg,dynamic idw,pws,,4392,1.5244,1.0457,-0.4787,-0.314,0.8928,1.2557,0.8237,0.6858,0.7345,0.0669,0.6978,openmrg 2015-06-17 15
openmrg,dynamic line,pws,,4588,1.5163,1.0209,-0.4954,-0.3267,0.8971,1.253,0.8263,0.6863,0.7245,0.0716,0.6861,openmrg 2015-06-17 15
openmrg,dynamic gmz,pws,,4588,1.5163,1.0326,-0.4837,-0.319,0.9123,1.2697,0.8374,0.6786,0.724,0.0719,0.6855,openmrg 2015-06-17 15
openmrg,constant idw,pws,,4392,1.5244,0.5843,-0.9401,-0.6167,1.1406,1.5131,0.9926,0.605,0.3816,0.0759,0.37,openmrg 2015-06-17 15
openmrg,constant line,pws,,4588,1.5163,0.6297,-0.8867,-0.5847,1.1044,1.4626,0.9645,0.6285,0.389,0.0795,0.3764,openmrg 2015-06-17 15
openmrg,constant gmz,pws,,4588,1.5163,0.6591,-0.8572,-0.5653,1.1068,1.4705,0.9698,0.624,0.3938,0.0792,0.3809,openmrg 2015-06-17 15
openmrg,pycomlink idw,pws,,4392,1.5244,2.3273,0.8029,0.5267,0.99,1.6031,1.0516,0.7871,0.9544,0.0816,0.8798,openmrg 2015-06-17 15
openmrg,pycomlink line,pws,,4588,1.5163,2.15,0.6337,0.4179,0.9035,1.4592,0.9623,0.7851,0.9267,0.0872,0.8514,openmrg 2015-06-17 15
openmrg,pycomlink gmz,pws,,4588,1.5163,2.1759,0.6596,0.435,0.9413,1.5137,0.9983,0.7756,0.9259,0.0872,0.8507,openmrg 2015-06-17 15
openmrg,nearby idw,pws,,4392,1.5244,1.7197,0.1953,0.1281,0.7498,1.2963,0.8504,0.7979,0.8264,0.0456,0.795,openmrg 2015-06-17 15
openmrg,nearby line,pws,,4588,1.5163,1.6246,0.1083,0.0714,0.7155,1.1724,0.7732,0.8092,0.8117,0.048,0.7797,openmrg 2015-06-17 15
openmrg,nearby gmz,pws,,4588,1.5163,1.6262,0.1098,0.0724,0.7417,1.2141,0.8007,0.7974,0.8021,0.048,0.7709,openmrg 2015-06-17 15
openmrg,rnn idw,pws,,4396,1.523,1.0814,-0.4416,-0.29,0.6717,0.9646,0.6334,0.8015,0.8654,0.0606,0.8197,openmrg 2015-06-17 15
openmrg,rnn line,pws,,4588,1.5163,1.0711,-0.4452,-0.2936,0.6735,0.9617,0.6343,0.7997,0.8595,0.0618,0.8134,openmrg 2015-06-17 15
openmrg,rnn gmz,pws,,4588,1.5163,1.0761,-0.4402,-0.2903,0.676,0.9669,0.6377,0.7926,0.8501,0.063,0.8042,openmrg 2015-06-17 15
openmrg,dynamic idw,city,,1288,2.2723,0.9463,-1.3261,-0.5836,1.3316,1.6003,0.7042,0.8592,0.7453,0.0,0.7453,openmrg 2015-06-17 15
openmrg,dynamic line,city,,1288,2.2723,0.9075,-1.3649,-0.6006,1.3683,1.637,0.7204,0.862,0.7407,0.0,0.7407,openmrg 2015-06-17 15
openmrg,dynamic gmz,city,,1288,2.2723,0.9105,-1.3618,-0.5993,1.3674,1.6449,0.7239,0.8513,0.7438,0.0,0.7438,openmrg 2015-06-17 15
openmrg,constant idw,city,,1288,2.2723,0.4185,-1.8538,-0.8158,1.8565,2.2605,0.9948,0.6755,0.4565,0.0,0.4565,openmrg 2015-06-17 15
openmrg,constant line,city,,1288,2.2723,0.4682,-1.8042,-0.794,1.8057,2.1919,0.9646,0.7135,0.4674,0.0,0.4674,openmrg 2015-06-17 15
openmrg,constant gmz,city,,1288,2.2723,0.491,-1.7814,-0.7839,1.7878,2.1697,0.9548,0.7047,0.4697,0.0,0.4697,openmrg 2015-06-17 15
openmrg,pycomlink idw,city,,1288,2.2723,2.9228,0.6505,0.2863,0.9246,1.3967,0.6146,0.882,0.9744,0.0,0.9744,openmrg 2015-06-17 15
openmrg,pycomlink line,city,,1288,2.2723,2.733,0.4606,0.2027,0.8262,1.269,0.5585,0.8699,0.9705,0.0,0.9705,openmrg 2015-06-17 15
openmrg,pycomlink gmz,city,,1288,2.2723,2.7249,0.4525,0.1991,0.8548,1.3122,0.5775,0.8591,0.9697,0.0,0.9697,openmrg 2015-06-17 15
openmrg,nearby idw,city,,1288,2.2723,2.1527,-0.1196,-0.0526,0.7649,1.2451,0.5479,0.8803,0.7873,0.0,0.7873,openmrg 2015-06-17 15
openmrg,nearby line,city,,1288,2.2723,2.008,-0.2643,-0.1163,0.7267,1.0353,0.4556,0.901,0.7849,0.0,0.7849,openmrg 2015-06-17 15
openmrg,nearby gmz,city,,1288,2.2723,2.0051,-0.2672,-0.1176,0.7586,1.1112,0.489,0.8837,0.7834,0.0,0.7834,openmrg 2015-06-17 15
openmrg,rnn idw,city,,1288,2.2723,1.2636,-1.0087,-0.4439,1.0118,1.2545,0.5521,0.9603,0.8012,0.0,0.8012,openmrg 2015-06-17 15
openmrg,rnn line,city,,1288,2.2723,1.2649,-1.0075,-0.4434,1.0102,1.2553,0.5524,0.9593,0.802,0.0,0.802,openmrg 2015-06-17 15
openmrg,rnn gmz,city,,1288,2.2723,1.2645,-1.0078,-0.4435,1.0109,1.255,0.5523,0.9591,0.802,0.0,0.802,openmrg 2015-06-17 15
openmrg,pws,radar,2.0,14784,0.1977,0.1454,-0.0523,-0.2644,0.1646,0.3908,1.9773,0.4901,0.6055,0.2597,0.4994,openmrg 2015-06-18 08
openmrg,city,radar,2.0,5796,0.1334,0.0627,-0.0707,-0.5299,0.1067,0.2669,2.0011,0.517,0.4364,0.2242,0.3875,openmrg 2015-06-18 08
openmrg,dynamic idw,radar,2.0,17892,0.1925,0.2865,0.094,0.4883,0.2232,0.4738,2.4612,0.591,0.6361,0.4217,0.4345,openmrg 2015-06-18 08
openmrg,dynamic line,radar,2.0,17892,0.1925,0.2925,0.1,0.5194,0.2343,0.4977,2.5854,0.5624,0.6293,0.4322,0.4255,openmrg 2015-06-18 08
openmrg,dynamic gmz,radar,2.0,17892,0.1925,0.3078,0.1153,0.599,0.247,0.5491,2.8522,0.5398,0.6336,0.4384,0.4239,openmrg 2015-06-18 08
openmrg,constant idw,radar,2.0,17892,0.1925,0.0387,-0.1538,-0.7987,0.1783,0.3647,1.8944,0.4334,0.1515,0.2514,0.1442,openmrg 2015-06-18 08
openmrg,constant line,radar,2.0,17892,0.1925,0.038,-0.1545,-0.8025,0.1791,0.3681,1.9119,0.4158,0.1458,0.2378,0.1395,openmrg 2015-06-18 08
openmrg,constant gmz,radar,2.0,17892,0.1925,0.0423,-0.1502,-0.7801,0.18,0.3737,1.9413,0.3904,0.1528,0.2467,0.1455,openmrg 2015-06-18 08
openmrg,pycomlink idw,radar,2.0,17892,0.1925,0.0894,-0.1031,-0.5354,0.1626,0.3282,1.7048,0.5696,0.2884,0.2613,0.2617,openmrg 2015-06-18 08
openmrg,pycomlink line,radar,2.0,17892,0.1925,0.0844,-0.1081,-0.5617,0.1632,0.3297,1.7128,0.5632,0.2759,0.2498,0.2527,openmrg 2015-06-18 08
openmrg,pycomlink gmz,radar,2.0,17892,0.1925,0.0898,-0.1027,-0.5333,0.1645,0.3398,1.7651,0.5451,0.2815,0.2539,0.2569,openmrg 2015-06-18 08
openmrg,nearby idw,radar,2.0,17892,0.1925,0.0218,-0.1707,-0.8867,0.1786,0.3755,1.9504,0.4156,0.1047,0.1189,0.1033,openmrg 2015-06-18 08
openmrg,nearby line,radar,2.0,17892,0.1925,0.0202,-0.1723,-0.895,0.1793,0.3768,1.9573,0.4154,0.0948,0.1171,0.0936,openmrg 2015-06-18 08
openmrg,nearby gmz,radar,2.0,17892,0.1925,0.0223,-0.1703,-0.8844,0.1794,0.3774,1.9607,0.3956,0.1036,0.1222,0.1021,openmrg 2015-06-18 08
openmrg,rnn idw,radar,2.0,17892,0.1925,0.2253,0.0328,0.1704,0.1585,0.3051,1.585,0.6424,0.8013,0.3538,0.5569,openmrg 2015-06-18 08
openmrg,rnn line,radar,2.0,17892,0.1925,0.2257,0.0332,0.1725,0.1598,0.3056,1.5877,0.6396,0.7972,0.3585,0.5515,openmrg 2015-06-18 08
openmrg,rnn gmz,radar,2.0,17892,0.1925,0.2293,0.0368,0.1911,0.1619,0.3164,1.6437,0.6319,0.7997,0.3587,0.5526,openmrg 2015-06-18 08
openmrg,city,pws,2.0,5166,0.091,0.0684,-0.0226,-0.2484,0.0793,0.2932,3.2214,0.3746,0.5788,0.4147,0.4105,openmrg 2015-06-18 08
openmrg,dynamic idw,pws,2.0,14784,0.1454,0.3081,0.1627,1.1192,0.2662,0.5644,3.8819,0.4627,0.5925,0.5739,0.3295,openmrg 2015-06-18 08
openmrg,dynamic line,pws,2.0,14784,0.1454,0.3124,0.167,1.1482,0.2728,0.585,4.0234,0.4373,0.5961,0.5738,0.3307,openmrg 2015-06-18 08
openmrg,dynamic gmz,pws,2.0,14784,0.1454,0.3276,0.1822,1.2531,0.2863,0.6351,4.368,0.4238,0.5975,0.5802,0.3273,openmrg 2015-06-18 08
openmrg,constant idw,pws,2.0,14784,0.1454,0.0435,-0.1019,-0.7006,0.1434,0.3755,2.5824,0.3799,0.1689,0.3807,0.153,openmrg 2015-06-18 08
openmrg,constant line,pws,2.0,14784,0.1454,0.0429,-0.1025,-0.7051,0.1458,0.3833,2.6361,0.3396,0.1588,0.3911,0.1441,openmrg 2015-06-18 08
openmrg,constant gmz,pws,2.0,14784,0.1454,0.0478,-0.0976,-0.6714,0.1482,0.393,2.7026,0.3123,0.1658,0.4003,0.1493,openmrg 2015-06-18 08
openmrg,pycomlink idw,pws,2.0,14784,0.1454,0.097,-0.0484,-0.3327,0.1489,0.3647,2.508,0.4744,0.2984,0.4091,0.2473,openmrg 2015-06-18 08
openmrg,pycomlink line,pws,2.0,14784,0.1454,0.0915,-0.0539,-0.3707,0.149,0.3663,2.5189,0.4599,0.2918,0.4003,0.2442,openmrg 2015-06-18 08
openmrg,pycomlink gmz,pws,2.0,14784,0.1454,0.098,-0.0474,-0.3261,0.152,0.3804,2.6161,0.4421,0.2978,0.4025,0.2481,openmrg 2015-06-18 08
openmrg,nearby idw,pws,2.0,14784,0.1454,0.0248,-0.1206,-0.8297,0.1337,0.3657,2.5153,0.4752,0.1355,0.1583,0.1322,openmrg 2015-06-18 08
openmrg,nearby line,pws,2.0,14784,0.1454,0.0232,-0.1222,-0.8403,0.1342,0.3687,2.5359,0.4657,0.1254,0.1597,0.1225,openmrg 2015-06-18 08
openmrg,nearby gmz,pws,2.0,14784,0.1454,0.0256,-0.1198,-0.8238,0.1348,0.3701,2.5454,0.4382,0.1362,0.1684,0.1325,openmrg 2015-06-18 08
openmrg,rnn idw,pws,2.0,14784,0.1454,0.2386,0.0932,0.6406,0.1947,0.3867,2.6592,0.4995,0.7608,0.5161,0.42,openmrg 2015-06-18 08
openmrg,rnn line,pws,2.0,14784,0.1454,0.2392,0.0938,0.6451,0.197,0.3891,2.6763,0.4894,0.7563,0.5218,0.4144,openmrg 2015-06-18 08
openmrg,rnn gmz,pws,2.0,14784,0.1454,0.2426,0.0972,0.6684,0.2001,0.4016,2.7619,0.4809,0.7552,0.5237,0.4126,openmrg 2015-06-18 08
openmrg,dynamic idw,city,2.0,5796,0.0627,0.2646,0.2019,3.2205,0.2198,0.4325,6.9001,0.6066,0.7386,0.7667,0.2155,openmrg 2015-06-18 08
openmrg,dynamic line,city,2.0,5796,0.0627,0.2557,0.193,3.0788,0.2132,0.4162,6.6397,0.5902,0.6983,0.7763,0.204,openmrg 2015-06-18 08
openmrg,dynamic gmz,city,2.0,5796,0.0627,0.2687,0.206,3.2859,0.2262,0.4523,7.2151,0.5582,0.7097,0.7802,0.2016,openmrg 2015-06-18 08
openmrg,constant idw,city,2.0,5796,0.0627,0.0231,-0.0395,-0.6308,0.0595,0.1655,2.6395,0.4172,0.1932,0.4174,0.1697,openmrg 2015-06-18 08
openmrg,constant line,city,2.0,5796,0.0627,0.0214,-0.0412,-0.6579,0.0582,0.1602,2.5553,0.4527,0.1849,0.3697,0.1668,openmrg 2015-06-18 08
openmrg,constant gmz,city,2.0,5796,0.0627,0.0244,-0.0383,-0.6113,0.06,0.1741,2.7769,0.3953,0.1921,0.4114,0.1694,openmrg 2015-06-18 08
openmrg,pycomlink idw,city,2.0,5796,0.0627,0.0694,0.0067,0.1072,0.0668,0.1899,3.0297,0.6038,0.4174,0.4488,0.3115,openmrg 2015-06-18 08
openmrg,pycomlink line,city,2.0,5796,0.0627,0.0631,0.0004,0.0064,0.0645,0.1785,2.8483,0.6081,0.4039,0.419,0.3128,openmrg 2015-06-18 08
openmrg,pycomlink gmz,city,2.0,5796,0.0627,0.0675,0.0049,0.0776,0.068,0.2032,3.2411,0.5694,0.4112,0.4379,0.3114,openmrg 2015-06-18 08
openmrg,nearby idw,city,2.0,5796,0.0627,0.0232,-0.0395,-0.6296,0.0486,0.1359,2.1684,0.6498,0.3027,0.0548,0.2975,openmrg 2015-06-18 08
openmrg,nearby line,city,2.0,5796,0.0627,0.0209,-0.0418,-0.6664,0.0497,0.1396,2.2268,0.6249,0.2665,0.0409,0.2635,openmrg 2015-06-18 08
openmrg,nearby gmz,city,2.0,5796,0.0627,0.0221,-0.0406,-0.6477,0.0498,0.1408,2.2461,0.6187,0.2893,0.0345,0.2863,openmrg 2015-06-18 08
openmrg,rnn idw,city,2.0,5796,0.0627,0.161,0.0983,1.569,0.1143,0.2061,3.2875,0.7042,0.8719,0.6699,0.3148,openmrg 2015-06-18 08
openmrg,rnn line,city,2.0,5796,0.0627,0.1638,0.1011,1.6133,0.1173,0.2137,3.4094,0.6968,0.8678,0.6759,0.3088,openmrg 2015-06-18 08
openmrg,rnn gmz,city,2.0,5796,0.0627,0.1664,0.1037,1.6551,0.1206,0.2307,3.6803,0.6669,0.8709,0.68,0.3055,openmrg 2015-06-18 08
openmrg,pws,radar,,24885,0.2213,0.1733,-0.048,-0.217,0.1811,0.4219,1.9067,0.488,0.6486,0.243,0.5368,openmrg 2015-06-18 08
openmrg,city,radar,,6762,0.1286,0.0597,-0.0689,-0.5355,0.1046,0.2624,2.0408,0.4907,0.4408,0.2414,0.3866,openmrg 2015-06-18 08
openmrg,dynamic idw,radar,,31185,0.2034,0.2977,0.0943,0.4638,0.2516,0.5315,2.6136,0.4938,0.6362,0.4119,0.4401,openmrg 2015-06-18 08
openmrg,dynamic line,radar,,33159,0.2103,0.3111,0.1008,0.4791,0.2728,0.5658,2.6906,0.4577,0.6245,0.4285,0.4253,openmrg 2015-06-18 08
openmrg,dynamic gmz,radar,,33159,0.2103,0.3298,0.1195,0.5684,0.2884,0.616,2.9293,0.4427,0.6253,0.4322,0.4236,openmrg 2015-06-18 08
openmrg,constant idw,radar,,31185,0.2034,0.0388,-0.1646,-0.8093,0.1919,0.3932,1.9335,0.3651,0.1474,0.2702,0.1398,openmrg 2015-06-18 08
openmrg,constant line,radar,,33159,0.2103,0.0387,-0.1716,-0.8162,0.2002,0.4188,1.9917,0.3269,0.1399,0.2663,0.1331,openmrg 2015-06-18 08
openmrg,constant gmz,radar,,33159,0.2103,0.0433,-0.167,-0.7939,0.2011,0.4222,2.0074,0.3157,0.147,0.2674,0.1395,openmrg 2015-06-18 08
openmrg,pycomlink idw,radar,,31185,0.2034,0.0875,-0.1158,-0.5695,0.1803,0.367,1.8047,0.4819,0.2868,0.2656,0.2599,openmrg 2015-06-18 08
openmrg,pycomlink line,radar,,33159,0.2103,0.0847,-0.1256,-0.5974,0.1893,0.3933,1.8703,0.4446,0.2712,0.2606,0.2475,openmrg 2015-06-18 08
openmrg,pycomlink gmz,radar,,33159,0.2103,0.0904,-0.1199,-0.5701,0.1902,0.3986,1.8954,0.4355,0.2778,0.2605,0.253,openmrg 2015-06-18 08
openmrg,nearby idw,radar,,31185,0.2034,0.0201,-0.1833,-0.9014,0.1914,0.4016,1.9747,0.3597,0.095,0.1372,0.0936,openmrg 2015-06-18 08
openmrg,nearby line,radar,,33159,0.2103,0.018,-0.1923,-0.9145,0.1993,0.426,2.0255,0.3339,0.0827,0.145,0.0816,openmrg 2015-06-18 08
openmrg,nearby gmz,radar,,33159,0.2103,0.0202,-0.1901,-0.9038,0.1995,0.4264,2.0277,0.3147,0.0906,0.1461,0.0892,openmrg 2015-06-18 08
openmrg,rnn idw,radar,,31311,0.2031,0.2239,0.0208,0.1024,0.1761,0.3401,1.6742,0.5729,0.7667,0.3587,0.5366,openmrg 2015-06-18 08
openmrg,rnn line,radar,,33348,0.2099,0.2276,0.0177,0.0845,0.1849,0.3597,1.7134,0.5509,0.7556,0.3645,0.5271,openmrg 2015-06-18 08
openmrg,rnn gmz,radar,,33348,0.2099,0.2334,0.0235,0.112,0.1878,0.3687,1.7566,0.5515,0.7536,0.3649,0.5259,openmrg 2015-06-18 08
openmrg,city,pws,,5880,0.0927,0.066,-0.0267,-0.2882,0.083,0.3217,3.472,0.3356,0.5706,0.4187,0.4044,openmrg 2015-06-18 08
openmrg,dynamic idw,pws,,23058,0.1574,0.3182,0.1609,1.0222,0.2776,0.5721,3.6357,0.4486,0.5949,0.5474,0.346,openmrg 2015-06-18 08
openmrg,dynamic line,pws,,24087,0.1652,0.3272,0.1621,0.9813,0.294,0.6047,3.661,0.3986,0.5908,0.5424,0.3475,openmrg 2015-06-18 08
openmrg,dynamic gmz,pws,,24087,0.1652,0.3456,0.1805,1.0926,0.3109,0.6596,3.9936,0.388,0.5874,0.5487,0.3427,openmrg 2015-06-18 08
openmrg,constant idw,pws,,23058,0.1574,0.0442,-0.1132,-0.7192,0.1562,0.3834,2.4366,0.3881,0.1563,0.4086,0.1411,openmrg 2015-06-18 08
openmrg,constant line,pws,,24087,0.1652,0.0441,-0.121,-0.7327,0.1686,0.4074,2.4668,0.3067,0.1397,0.4419,0.1258,openmrg 2015-06-18 08
openmrg,constant gmz,pws,,24087,0.1652,0.0496,-0.1155,-0.6996,0.1706,0.4148,2.5116,0.2873,0.1463,0.4451,0.1309,openmrg 2015-06-18 08
openmrg,pycomlink idw,pws,,23058,0.1574,0.0949,-0.0624,-0.3968,0.1592,0.3701,2.3519,0.468,0.2847,0.4136,0.2371,openmrg 2015-06-18 08
openmrg,pycomlink line,pws,,24087,0.1652,0.0898,-0.0754,-0.4564,0.1694,0.3893,2.357,0.4165,0.2711,0.4121,0.2278,openmrg 2015-06-18 08
openmrg,pycomlink gmz,pws,,24087,0.1652,0.0976,-0.0676,-0.4093,0.1717,0.3992,2.4171,0.4057,0.2793,0.4082,0.2342,openmrg 2015-06-18 08
openmrg,nearby idw,pws,,23058,0.1574,0.0235,-0.1339,-0.8509,0.1467,0.3786,2.4061,0.4731,0.1148,0.2057,0.1115,openmrg 2015-06-18 08
openmrg,nearby line,pws,,24087,0.1652,0.0212,-0.1439,-0.8714,0.1566,0.3972,2.4045,0.4243,0.0992,0.2287,0.0964,openmrg 2015-06-18 08
openmrg,nearby gmz,pws,,24087,0.1652,0.0242,-0.1409,-0.8533,0.1571,0.3977,2.408,0.3959,0.1091,0.2271,0.1057,openmrg 2015-06-18 08
openmrg,rnn idw,pws,,23079,0.1573,0.2429,0.0857,0.5447,0.2001,0.3905,2.4834,0.4981,0.7578,0.4887,0.4395,openmrg 2015-06-18 08
openmrg,rnn line,pws,,24087,0.1652,0.2443,0.0791,0.479,0.2072,0.4015,2.431,0.4733,0.7497,0.4822,0.4415,openmrg 2015-06-18 08
openmrg,rnn gmz,pws,,24087,0.1652,0.2494,0.0842,0.5097,0.2126,0.4209,2.5485,0.4553,0.7425,0.4855,0.4366,openmrg 2015-06-18 08
openmrg,dynamic idw,city,,6762,0.0597,0.2496,0.1899,3.1799,0.2079,0.4086,6.8424,0.5947,0.7384,0.7637,0.218,openmrg 2015-06-18 08
openmrg,dynamic line,city,,6762,0.0597,0.2439,0.1842,3.0853,0.2041,0.3941,6.5999,0.5791,0.6971,0.7775,0.2029,openmrg 2015-06-18 08
openmrg,dynamic gmz,city,,6762,0.0597,0.2559,0.1962,3.2862,0.2161,0.4274,7.1574,0.5479,0.7103,0.7806,0.2013,openmrg 2015-06-18 08
openmrg,constant idw,city,,6762,0.0597,0.0211,-0.0386,-0.6464,0.0573,0.1606,2.6895,0.408,0.1721,0.4319,0.1522,openmrg 2015-06-18 08
openmrg,constant line,city,,6762,0.0597,0.0197,-0.04,-0.6698,0.0561,0.1556,2.6065,0.4441,0.1659,0.3824,0.1505,openmrg 2015-06-18 08
openmrg,constant gmz,city,,6762,0.0597,0.0224,-0.0374,-0.6257,0.0577,0.168,2.8126,0.3886,0.1738,0.4244,0.1541,openmrg 2015-06-18 08
openmrg,pycomlink idw,city,,6762,0.0597,0.064,0.0043,0.0713,0.0642,0.1817,3.042,0.5906,0.3837,0.4625,0.2884,openmrg 2015-06-18 08
openmrg,pycomlink line,city,,6762,0.0597,0.0584,-0.0013,-0.0213,0.0622,0.1711,2.8657,0.596,0.3714,0.4352,0.2887,openmrg 2015-06-18 08
openmrg,pycomlink gmz,city,,6762,0.0597,0.0625,0.0028,0.0468,0.0653,0.1933,3.2379,0.5586,0.3775,0.4522,0.2878,openmrg 2015-06-18 08
openmrg,nearby idw,city,,6762,0.0597,0.0207,-0.039,-0.6527,0.0475,0.135,2.261,0.6265,0.2713,0.0636,0.2664,openmrg 2015-06-18 08
openmrg,nearby line,city,,6762,0.0597,0.0187,-0.041,-0.6864,0.0485,0.1381,2.3119,0.6038,0.2397,0.0455,0.237,openmrg 2015-06-18 08
openmrg,nearby gmz,city,,6762,0.0597,0.0198,-0.0399,-0.6687,0.0485,0.1391,2.3297,0.5977,0.2599,0.0421,0.2569,openmrg 2015-06-18 08
openmrg,rnn idw,city,,6762,0.0597,0.1562,0.0965,1.6162,0.1122,0.2007,3.3614,0.695,0.8595,0.6706,0.3126,openmrg 2015-06-18 08
openmrg,rnn line,city,,6762,0.0597,0.159,0.0993,1.663,0.1151,0.2077,3.4787,0.6892,0.8534,0.677,0.306,openmrg 2015-06-18 08
openmrg,rnn gmz,city,,6762,0.0597,0.1614,0.1016,1.7022,0.118,0.2227,3.7302,0.6617,0.8569,0.6809,0.3029,openmrg 2015-06-18 08
openmrg,pws,radar,2.0,4224,0.1981,0.0858,-0.1123,-0.5667,0.1691,0.528,2.6652,0.5233,0.5544,0.2886,0.4526,openmrg 2015-06-19 13
openmrg,city,radar,2.0,1656,0.1,0.0191,-0.0808,-0.8086,0.1059,0.4544,4.546,0.0273,0.1174,0.7222,0.0899,openmrg 2015-06-19 13
openmrg,dynamic idw,radar,2.0,5112,0.1953,0.2387,0.0434,0.222,0.2215,0.5972,3.0572,0.4812,0.8559,0.559,0.4106,openmrg 2015-06-19 13
openmrg,dynamic line,radar,2.0,5112,0.1953,0.2691,0.0738,0.3778,0.2486,0.6768,3.4645,0.4148,0.8738,0.5602,0.4135,openmrg 2015-06-19 13
openmrg,dynamic gmz,radar,2.0,5112,0.1953,0.2867,0.0913,0.4675,0.2611,0.7262,3.7174,0.4009,0.8653,0.5681,0.4047,openmrg 2015-06-19 13
openmrg,constant idw,radar,2.0,5112,0.1953,0.0292,-0.1661,-0.8505,0.1872,0.6584,3.3706,0.163,0.2081,0.1815,0.1989,openmrg 2015-06-19 13
openmrg,constant line,radar,2.0,5112,0.1953,0.0381,-0.1573,-0.8051,0.1913,0.663,3.394,0.1549,0.2288,0.2085,0.2158,openmrg 2015-06-19 13
openmrg,constant gmz,radar,2.0,5112,0.1953,0.0418,-0.1535,-0.7859,0.1926,0.6684,3.4216,0.1507,0.2448,0.2097,0.2299,openmrg 2015-06-19 13
openmrg,pycomlink idw,radar,2.0,5112,0.1953,0.0588,-0.1366,-0.6992,0.162,0.5643,2.8889,0.6151,0.5179,0.1766,0.4661,openmrg 2015-06-19 13
openmrg,pycomlink line,radar,2.0,5112,0.1953,0.0622,-0.1331,-0.6814,0.1639,0.5674,2.9048,0.5829,0.5113,0.1956,0.4548,openmrg 2015-06-19 13
openmrg,pycomlink gmz,radar,2.0,5112,0.1953,0.0677,-0.1277,-0.6535,0.1629,0.5591,2.8621,0.5836,0.5264,0.1968,0.4662,openmrg 2015-06-19 13
openmrg,nearby idw,radar,2.0,5112,0.1953,0.0078,-0.1876,-0.9603,0.1908,0.652,3.3378,0.3846,0.0819,0.1714,0.0806,openmrg 2015-06-19 13
openmrg,nearby line,radar,2.0,5112,0.1953,0.0081,-0.1873,-0.9586,0.1917,0.6529,3.3423,0.3736,0.0782,0.2455,0.0762,openmrg 2015-06-19 13
openmrg,nearby gmz,radar,2.0,5112,0.1953,0.0092,-0.1861,-0.9527,0.1909,0.6496,3.3253,0.3848,0.0838,0.2261,0.0818,openmrg 2015-06-19 13
openmrg,rnn idw,radar,2.0,5112,0.1953,0.0742,-0.1211,-0.62,0.1622,0.5584,2.8585,0.5723,0.564,0.1504,0.5128,openmrg 2015-06-19 13
openmrg,rnn line,radar,2.0,5112,0.1953,0.0765,-0.1189,-0.6086,0.1624,0.5612,2.873,0.561,0.5631,0.1706,0.5046,openmrg 2015-06-19 13
openmrg,rnn gmz,radar,2.0,5112,0.1953,0.0789,-0.1165,-0.5962,0.1626,0.5587,2.8599,0.5591,0.5706,0.18,0.5071,openmrg 2015-06-19 13
openmrg,city,pws,2.0,1476,0.0433,0.0207,-0.0227,-0.5234,0.0524,0.1447,3.3387,0.0849,0.1321,0.7586,0.0933,openmrg 2015-06-19 13
openmrg,dynamic idw,pws,2.0,4224,0.0858,0.2568,0.1709,1.9915,0.2033,0.4916,5.7277,0.4571,0.8843,0.6405,0.3433,openmrg 2015-06-19 13
openmrg,dynamic line,pws,2.0,4224,0.0858,0.2889,0.2031,2.3658,0.2351,0.6067,7.0677,0.4154,0.8989,0.6404,0.3456,openmrg 2015-06-19 13
openmrg,dynamic gmz,pws,2.0,4224,0.0858,0.3056,0.2198,2.5603,0.2524,0.6824,7.9496,0.4076,0.8936,0.645,0.3406,openmrg 2015-06-19 13
openmrg,constant idw,pws,2.0,4224,0.0858,0.0351,-0.0507,-0.5912,0.0882,0.2405,2.8014,0.293,0.246,0.3123,0.2213,openmrg 2015-06-19 13
openmrg,constant line,pws,2.0,4224,0.0858,0.0459,-0.0399,-0.4652,0.0979,0.2697,3.1415,0.2647,0.2513,0.3844,0.2172,openmrg 2015-06-19 13
openmrg,constant gmz,pws,2.0,4224,0.0858,0.0504,-0.0354,-0.4125,0.0996,0.2885,3.3608,0.2742,0.2699,0.3811,0.2315,openmrg 2015-06-19 13
openmrg,pycomlink idw,pws,2.0,4224,0.0858,0.0599,-0.0259,-0.3023,0.0734,0.1982,2.3087,0.5273,0.5612,0.2872,0.4577,openmrg 2015-06-19 13
openmrg,pycomlink line,pws,2.0,4224,0.0858,0.0643,-0.0216,-0.2512,0.0801,0.2166,2.5234,0.4592,0.5532,0.3101,0.443,openmrg 2015-06-19 13
openmrg,pycomlink gmz,pws,2.0,4224,0.0858,0.0697,-0.0162,-0.1882,0.0817,0.2274,2.6491,0.4584,0.5771,0.3056,0.4602,openmrg 2015-06-19 13
openmrg,nearby idw,pws,2.0,4224,0.0858,0.006,-0.0798,-0.9295,0.0824,0.2182,2.5416,0.3754,0.0731,0.2143,0.0717,openmrg 2015-06-19 13
openmrg,nearby line,pws,2.0,4224,0.0858,0.0066,-0.0792,-0.9232,0.0835,0.2195,2.5571,0.3444,0.0678,0.3108,0.0658,openmrg 2015-06-19 13
openmrg,nearby gmz,pws,2.0,4224,0.0858,0.0076,-0.0782,-0.9109,0.0829,0.2177,2.5367,0.3539,0.0758,0.2785,0.0736,openmrg 2015-06-19 13
openmrg,rnn idw,pws,2.0,4224,0.0858,0.0787,-0.0072,-0.0834,0.0708,0.1878,2.1875,0.6636,0.5705,0.3036,0.4569,openmrg 2015-06-19 13
openmrg,rnn line,pws,2.0,4224,0.0858,0.0823,-0.0035,-0.0412,0.0719,0.1885,2.1956,0.6601,0.5851,0.3093,0.4636,openmrg 2015-06-19 13
openmrg,rnn gmz,pws,2.0,4224,0.0858,0.0852,-0.0006,-0.0071,0.0739,0.1962,2.2853,0.6577,0.5944,0.3091,0.4695,openmrg 2015-06-19 13
openmrg,dynamic idw,city,2.0,1656,0.0191,0.2199,0.2008,10.4917,0.2159,0.424,22.1568,-0.0058,0.6889,0.9324,0.0656,openmrg 2015-06-19 13
openmrg,dynamic line,city,2.0,1656,0.0191,0.2195,0.2004,10.4722,0.2166,0.4243,22.1696,-0.0174,0.6444,0.9366,0.0612,openmrg 2015-06-19 13
openmrg,dynamic gmz,city,2.0,1656,0.0191,0.2327,0.2135,11.1587,0.2295,0.4468,23.3458,-0.0209,0.6444,0.9386,0.0594,openmrg 2015-06-19 13
openmrg,constant idw,city,2.0,1656,0.0191,0.0048,-0.0144,-0.7506,0.0239,0.0718,3.7497,-0.0828,0.0,1.0,0.0,openmrg 2015-06-19 13
openmrg,constant line,city,2.0,1656,0.0191,0.004,-0.0151,-0.7903,0.0232,0.0713,3.7244,-0.0794,0.0,1.0,0.0,openmrg 2015-06-19 13
openmrg,constant gmz,city,2.0,1656,0.0191,0.0046,-0.0145,-0.758,0.0238,0.0716,3.7417,-0.0835,0.0,1.0,0.0,openmrg 2015-06-19 13
openmrg,pycomlink idw,city,2.0,1656,0.0191,0.0285,0.0093,0.4867,0.0421,0.1518,7.9298,-0.0091,0.0222,0.9737,0.0122,openmrg 2015-06-19 13
openmrg,pycomlink line,city,2.0,1656,0.0191,0.0294,0.0103,0.537,0.0434,0.1512,7.9025,-0.0133,0.0222,0.974,0.0121,openmrg 2015-06-19 13
openmrg,pycomlink gmz,city,2.0,1656,0.0191,0.0308,0.0117,0.6116,0.0445,0.1582,8.2652,-0.0122,0.0222,0.9759,0.0117,openmrg 2015-06-19 13
openmrg,nearby idw,city,2.0,1656,0.0191,0.0057,-0.0135,-0.7037,0.0248,0.0841,4.3927,-0.0347,0.0,1.0,0.0,openmrg 2015-06-19 13
openmrg,nearby line,city,2.0,1656,0.0191,0.006,-0.0131,-0.6841,0.0252,0.0844,4.4081,-0.0366,0.0,1.0,0.0,openmrg 2015-06-19 13
openmrg,nearby gmz,city,2.0,1656,0.0191,0.0059,-0.0132,-0.6899,0.0251,0.0851,4.4466,-0.035,0.0,1.0,0.0,openmrg 2015-06-19 13
openmrg,rnn idw,city,2.0,1656,0.0191,0.0172,-0.002,-0.1029,0.0315,0.1019,5.327,0.0178,0.0222,0.9683,0.0132,openmrg 2015-06-19 13
openmrg,rnn line,city,2.0,1656,0.0191,0.016,-0.0031,-0.1636,0.0309,0.1005,5.2494,0.0111,0.0111,0.9833,0.0067,openmrg 2015-06-19 13
openmrg,rnn gmz,city,2.0,1656,0.0191,0.0169,-0.0022,-0.1153,0.0317,0.1036,5.4134,0.0107,0.0111,0.9833,0.0067,openmrg 2015-06-19 13
openmrg,pws,radar,,7110,0.2502,0.0944,-0.1558,-0.6227,0.2165,0.6363,2.5432,0.5245,0.5602,0.2696,0.4642,openmrg 2015-06-19 13
openmrg,city,radar,,1932,0.107,0.0187,-0.0884,-0.8256,0.1131,0.4921,4.5984,0.0231,0.1055,0.73,0.0821,openmrg 2015-06-19 13
openmrg,dynamic idw,radar,,8910,0.233,0.2695,0.0365,0.1567,0.2648,0.6836,2.9342,0.4652,0.8281,0.504,0.4497,openmrg 2015-06-19 13
openmrg,dynamic line,radar,,9474,0.2392,0.3076,0.0684,0.2857,0.3112,0.773,3.2312,0.387,0.8385,0.5279,0.4328,openmrg 2015-06-19 13
openmrg,dynamic gmz,radar,,9474,0.2392,0.3248,0.0855,0.3575,0.3246,0.8166,3.4131,0.3786,0.8238,0.5307,0.4265,openmrg 2015-06-19 13
openmrg,constant idw,radar,,8910,0.233,0.0375,-0.1955,-0.8392,0.2245,0.753,3.2318,0.1365,0.2208,0.1944,0.2097,openmrg 2015-06-19 13
openmrg,constant line,radar,,9474,0.2392,0.0473,-0.1919,-0.8022,0.2361,0.7629,3.189,0.1283,0.2328,0.2301,0.2177,openmrg 2015-06-19 13
openmrg,constant gmz,radar,,9474,0.2392,0.0517,-0.1875,-0.7838,0.238,0.7675,3.2081,0.1283,0.2431,0.2324,0.2264,openmrg 2015-06-19 13
openmrg,pycomlink idw,radar,,8910,0.233,0.0717,-0.1613,-0.6924,0.1962,0.6472,2.7777,0.5919,0.5295,0.2007,0.4674,openmrg 2015-06-19 13
openmrg,pycomlink line,radar,,9474,0.2392,0.0745,-0.1648,-0.6887,0.2072,0.6623,2.7682,0.5376,0.5036,0.2304,0.4376,openmrg 2015-06-19 13
openmrg,pycomlink gmz,radar,,9474,0.2392,0.0804,-0.1588,-0.6639,0.2059,0.6541,2.734,0.5421,0.5161,0.2322,0.4464,openmrg 2015-06-19 13
openmrg,nearby idw,radar,,8910,0.233,0.0107,-0.2223,-0.9541,0.2265,0.7387,3.1708,0.4211,0.1037,0.197,0.1011,openmrg 2015-06-19 13
openmrg,nearby line,radar,,9474,0.2392,0.0103,-0.2289,-0.9569,0.2343,0.7478,3.1259,0.3839,0.095,0.2578,0.092,openmrg 2015-06-19 13
openmrg,nearby gmz,radar,,9474,0.2392,0.0117,-0.2275,-0.9511,0.2334,0.7443,3.1113,0.3954,0.1017,0.245,0.0984,openmrg 2015-06-19 13
openmrg,rnn idw,radar,,8946,0.2324,0.091,-0.1414,-0.6085,0.1967,0.6251,2.6902,0.5963,0.5651,0.1977,0.496,openmrg 2015-06-19 13
openmrg,rnn line,radar,,9528,0.2384,0.0953,-0.1431,-0.6003,0.2082,0.6434,2.6994,0.5484,0.572,0.232,0.4877,openmrg 2015-06-19 13
openmrg,rnn gmz,radar,,9528,0.2384,0.096,-0.1424,-0.5972,0.2062,0.6378,2.6757,0.5625,0.5804,0.2384,0.4912,openmrg 2015-06-19 13
openmrg,city,pws,,1680,0.0441,0.02,-0.0241,-0.5459,0.0533,0.1471,3.3339,0.0783,0.1173,0.7766,0.0833,openmrg 2015-06-19 13
openmrg,dynamic idw,pws,,6588,0.0919,0.2825,0.1906,2.0752,0.2275,0.513,5.5836,0.4795,0.872,0.6087,0.37,openmrg 2015-06-19 13
openmrg,dynamic line,pws,,6882,0.0923,0.326,0.2337,2.5304,0.274,0.6483,7.0202,0.419,0.864,0.6167,0.3615,openmrg 2015-06-19 13
openmrg,dynamic gmz,pws,,6882,0.0923,0.3408,0.2484,2.6904,0.2891,0.7168,7.7624,0.4191,0.8589,0.6137,0.3632,openmrg 2015-06-19 13
openmrg,constant idw,pws,,6588,0.0919,0.0436,-0.0483,-0.5254,0.0974,0.2506,2.7276,0.2977,0.2592,0.3843,0.2231,openmrg 2015-06-19 13
openmrg,constant line,pws,,6882,0.0923,0.0579,-0.0345,-0.3733,0.1115,0.2847,3.083,0.2634,0.2602,0.4481,0.2148,openmrg 2015-06-19 13
openmrg,constant gmz,pws,,6882,0.0923,0.063,-0.0293,-0.3174,0.1142,0.3025,3.2762,0.2761,0.28,0.4334,0.2306,openmrg 2015-06-19 13
openmrg,pycomlink idw,pws,,6588,0.0919,0.0703,-0.0215,-0.2344,0.0814,0.2066,2.2493,0.5208,0.5782,0.3303,0.4499,openmrg 2015-06-19 13
openmrg,pycomlink line,pws,,6882,0.0923,0.0762,-0.0162,-0.1753,0.0921,0.2309,2.5008,0.4366,0.549,0.3576,0.4205,openmrg 2015-06-19 13
openmrg,pycomlink gmz,pws,,6882,0.0923,0.0817,-0.0106,-0.1151,0.094,0.2404,2.6035,0.44,0.5673,0.3571,0.4314,openmrg 2015-06-19 13
openmrg,nearby idw,pws,,6588,0.0919,0.0074,-0.0845,-0.9199,0.0885,0.2267,2.4681,0.3761,0.0801,0.3108,0.0773,openmrg 2015-06-19 13
openmrg,nearby line,pws,,6882,0.0923,0.0077,-0.0846,-0.9164,0.0906,0.2287,2.4764,0.3294,0.0716,0.4024,0.0683,openmrg 2015-06-19 13
openmrg,nearby gmz,pws,,6882,0.0923,0.0089,-0.0834,-0.9034,0.0902,0.2272,2.4601,0.3353,0.0789,0.3966,0.0751,openmrg 2015-06-19 13
openmrg,rnn idw,pws,,6594,0.0918,0.0946,0.0028,0.0301,0.0867,0.2172,2.3651,0.6161,0.6005,0.3295,0.4636,openmrg 2015-06-19 13
openmrg,rnn line,pws,,6882,0.0923,0.1015,0.0092,0.0996,0.0934,0.228,2.4692,0.5813,0.6075,0.3482,0.4586,openmrg 2015-06-19 13
openmrg,rnn gmz,pws,,6882,0.0923,0.1026,0.0103,0.1113,0.0935,0.2277,2.4655,0.5987,0.617,0.3498,0.4632,openmrg 2015-06-19 13
openmrg,dynamic idw,city,,1932,0.0187,0.2097,0.1911,10.2371,0.2071,0.4052,21.7094,-0.0051,0.65,0.936,0.0619,openmrg 2015-06-19 13
openmrg,dynamic line,city,,1932,0.0187,0.2139,0.1953,10.4607,0.2122,0.4097,21.9489,-0.019,0.6,0.9431,0.0548,openmrg 2015-06-19 13
openmrg,dynamic gmz,city,,1932,0.0187,0.2257,0.2071,11.0937,0.2238,0.4298,23.0246,-0.0217,0.61,0.9437,0.0543,openmrg 2015-06-19 13
openmrg,constant idw,city,,1932,0.0187,0.0044,-0.0143,-0.7665,0.023,0.0722,3.8704,-0.0766,0.0,1.0,0.0,openmrg 2015-06-19 13
openmrg,constant line,city,,1932,0.0187,0.0037,-0.015,-0.8038,0.0223,0.0718,3.8468,-0.0736,0.0,1.0,0.0,openmrg 2015-06-19 13
openmrg,constant gmz,city,,1932,0.0187,0.0043,-0.0144,-0.7722,0.0229,0.0721,3.8625,-0.078,0.0,1.0,0.0,openmrg 2015-06-19 13
openmrg,pycomlink idw,city,,1932,0.0187,0.03,0.0113,0.6055,0.0434,0.149,7.9841,-0.0115,0.02,0.9815,0.0097,openmrg 2015-06-19 13
openmrg,pycomlink line,city,,1932,0.0187,0.0315,0.0128,0.6864,0.0453,0.1498,8.0233,-0.0166,0.02,0.9815,0.0097,openmrg 2015-06-19 13
openmrg,pycomlink gmz,city,,1932,0.0187,0.0326,0.014,0.7479,0.0461,0.1555,8.3305,-0.0151,0.02,0.9825,0.0094,openmrg 2015-06-19 13
openmrg,nearby idw,city,,1932,0.0187,0.0059,-0.0127,-0.6817,0.0246,0.0837,4.4862,-0.0363,0.0,1.0,0.0,openmrg 2015-06-19 13
openmrg,nearby line,city,,1932,0.0187,0.0064,-0.0122,-0.6548,0.0251,0.0843,4.5146,-0.0386,0.0,1.0,0.0,openmrg 2015-06-19 13
openmrg,nearby gmz,city,,1932,0.0187,0.0063,-0.0124,-0.6625,0.025,0.0848,4.5457,-0.0369,0.0,1.0,0.0,openmrg 2015-06-19 13
openmrg,rnn idw,city,,1932,0.0187,0.0186,-0.0,-0.0024,0.0327,0.1025,5.493,0.014,0.02,0.9778,0.0106,openmrg 2015-06-19 13
openmrg,rnn line,city,,1932,0.0187,0.0175,-0.0012,-0.0639,0.032,0.101,5.4115,0.0072,0.01,0.9884,0.0054,openmrg 2015-06-19 13
openmrg,rnn gmz,city,,1932,0.0187,0.0184,-0.0003,-0.0155,0.0328,0.1039,5.5659,0.0072,0.01,0.9885,0.0054,openmrg 2015-06-19 13
openmrg,pws,radar,2.0,5632,0.2814,0.1997,-0.0817,-0.2905,0.2294,0.5165,1.8353,0.5035,0.5474,0.1233,0.5083,openmrg 2015-06-22 11
openmrg,city,radar,2.0,2208,0.3733,0.2775,-0.0958,-0.2567,0.3072,0.6606,1.7696,0.5037,0.6033,0.1242,0.5557,openmrg 2015-06-22 11
openmrg,dynamic idw,radar,2.0,6816,0.2947,0.5314,0.2368,0.8034,0.3491,0.812,2.7556,0.5412,0.906,0.2629,0.6847,openmrg 2015-06-22 11
openmrg,dynamic line,radar,2.0,6816,0.2947,0.5478,0.2531,0.859,0.3655,0.8438,2.8634,0.5252,0.9092,0.2643,0.6853,openmrg 2015-06-22 11
openmrg,dynamic gmz,radar,2.0,6816,0.2947,0.5622,0.2675,0.9078,0.3812,0.9042,3.0683,0.5163,0.9069,0.2718,0.6776,openmrg 2015-06-22 11
openmrg,constant idw,radar,2.0,6816,0.2947,0.1232,-0.1715,-0.5818,0.2718,0.6604,2.2409,0.3825,0.2873,0.1542,0.273,openmrg 2015-06-22 11
openmrg,constant line,radar,2.0,6816,0.2947,0.1346,-0.1601,-0.5432,0.2806,0.6755,2.2921,0.372,0.2873,0.1485,0.2736,openmrg 2015-06-22 11
openmrg,constant gmz,radar,2.0,6816,0.2947,0.1449,-0.1498,-0.5084,0.2869,0.7038,2.3885,0.3632,0.2919,0.1546,0.2771,openmrg 2015-06-22 11
openmrg,pycomlink idw,radar,2.0,6816,0.2947,0.1807,-0.114,-0.3868,0.2381,0.6045,2.0513,0.5005,0.495,0.1392,0.4583,openmrg 2015-06-22 11
openmrg,pycomlink line,radar,2.0,6816,0.2947,0.1738,-0.1209,-0.4101,0.2347,0.5907,2.0046,0.5214,0.4959,0.1365,0.4599,openmrg 2015-06-22 11
openmrg,pycomlink gmz,radar,2.0,6816,0.2947,0.1823,-0.1123,-0.3812,0.2389,0.6021,2.0433,0.517,0.5044,0.136,0.4673,openmrg 2015-06-22 11
openmrg,nearby idw,radar,2.0,6816,0.2947,0.1004,-0.1943,-0.6592,0.2512,0.6497,2.2046,0.394,0.2958,0.1053,0.2858,openmrg 2015-06-22 11
openmrg,nearby line,radar,2.0,6816,0.2947,0.0969,-0.1978,-0.6711,0.2516,0.648,2.199,0.3999,0.2841,0.0963,0.2757,openmrg 2015-06-22 11
openmrg,nearby gmz,radar,2.0,6816,0.2947,0.1016,-0.1931,-0.6552,0.2551,0.66,2.2396,0.3873,0.2838,0.102,0.2749,openmrg 2015-06-22 11
openmrg,rnn idw,radar,2.0,6816,0.2947,0.3972,0.1025,0.3478,0.2899,0.6863,2.3289,0.5352,0.809,0.1981,0.6743,openmrg 2015-06-22 11
openmrg,rnn line,radar,2.0,6816,0.2947,0.4039,0.1092,0.3707,0.2951,0.7191,2.4403,0.5337,0.8152,0.1989,0.6779,openmrg 2015-06-22 11
openmrg,rnn gmz,radar,2.0,6816,0.2947,0.4141,0.1194,0.4052,0.3043,0.7989,2.7112,0.5151,0.8132,0.1954,0.6791,openmrg 2015-06-22 11
openmrg,city,pws,2.0,1968,0.2402,0.29,0.0499,0.2077,0.1923,0.47,1.9569,0.7125,0.776,0.1522,0.6811,openmrg 2015-06-22 11
openmrg,dynamic idw,pws,2.0,5632,0.1997,0.551,0.3514,1.7598,0.3892,0.7847,3.9302,0.6415,0.9524,0.5149,0.4736,openmrg 2015-06-22 11
openmrg,dynamic line,pws,2.0,5632,0.1997,0.565,0.3654,1.8299,0.408,0.8284,4.1488,0.5941,0.9547,0.5139,0.4751,openmrg 2015-06-22 11
openmrg,dynamic gmz,pws,2.0,5632,0.1997,0.5745,0.3748,1.8773,0.4206,0.8904,4.4594,0.5695,0.9458,0.5217,0.4656,openmrg 2015-06-22 11
openmrg,constant idw,pws,2.0,5632,0.1997,0.1193,-0.0804,-0.4024,0.1935,0.449,2.249,0.5158,0.3026,0.412,0.2496,openmrg 2015-06-22 11
openmrg,constant line,pws,2.0,5632,0.1997,0.1301,-0.0695,-0.3482,0.2083,0.4877,2.4426,0.4579,0.2901,0.437,0.2368,openmrg 2015-06-22 11
openmrg,constant gmz,pws,2.0,5632,0.1997,0.1379,-0.0618,-0.3095,0.2139,0.521,2.6095,0.4349,0.296,0.4409,0.24,openmrg 2015-06-22 11
openmrg,pycomlink idw,pws,2.0,5632,0.1997,0.1743,-0.0254,-0.1271,0.1604,0.3736,1.871,0.6808,0.6325,0.2853,0.505,openmrg 2015-06-22 11
openmrg,pycomlink line,pws,2.0,5632,0.1997,0.1627,-0.037,-0.1852,0.1579,0.3534,1.77,0.6933,0.6301,0.2861,0.5031,openmrg 2015-06-22 11
openmrg,pycomlink gmz,pws,2.0,5632,0.1997,0.1682,-0.0314,-0.1574,0.1608,0.3646,1.8258,0.6809,0.6415,0.2863,0.5102,openmrg 2015-06-22 11
openmrg,nearby idw,pws,2.0,5632,0.1997,0.0966,-0.1031,-0.5162,0.1578,0.3826,1.9165,0.6342,0.4276,0.1942,0.3877,openmrg 2015-06-22 11
openmrg,nearby line,pws,2.0,5632,0.1997,0.091,-0.1087,-0.5443,0.157,0.376,1.8832,0.6466,0.4122,0.1897,0.3759,openmrg 2015-06-22 11
openmrg,nearby gmz,pws,2.0,5632,0.1997,0.0934,-0.1063,-0.5324,0.1578,0.381,1.9082,0.6355,0.4157,0.1884,0.3791,openmrg 2015-06-22 11
openmrg,rnn idw,pws,2.0,5632,0.1997,0.399,0.1994,0.9985,0.261,0.5479,2.7442,0.6808,0.944,0.4106,0.5695,openmrg 2015-06-22 11
openmrg,rnn line,pws,2.0,5632,0.1997,0.3981,0.1984,0.9939,0.2621,0.544,2.7245,0.6749,0.9464,0.4165,0.5649,openmrg 2015-06-22 11
openmrg,rnn gmz,pws,2.0,5632,0.1997,0.4008,0.2011,1.0074,0.2654,0.558,2.7947,0.6734,0.941,0.4135,0.5657,openmrg 2015-06-22 11
openmrg,dynamic idw,city,2.0,2208,0.2775,0.6723,0.3948,1.423,0.4798,0.9226,3.3251,0.6457,0.9723,0.4938,0.499,openmrg 2015-06-22 11
openmrg,dynamic line,city,2.0,2208,0.2775,0.6347,0.3573,1.2875,0.4499,0.8283,2.9849,0.6559,0.9683,0.4838,0.5076,openmrg 2015-06-22 11
openmrg,dynamic gmz,city,2.0,2208,0.2775,0.6409,0.3634,1.3096,0.4596,0.867,3.1245,0.6352,0.9683,0.4938,0.498,openmrg 2015-06-22 11
openmrg,constant idw,city,2.0,2208,0.2775,0.1348,-0.1426,-0.514,0.22,0.5151,1.8565,0.6379,0.3659,0.1606,0.342,openmrg 2015-06-22 11
openmrg,constant line,city,2.0,2208,0.2775,0.1317,-0.1458,-0.5255,0.221,0.5188,1.8697,0.629,0.3593,0.1473,0.3383,openmrg 2015-06-22 11
openmrg,constant gmz,city,2.0,2208,0.2775,0.1345,-0.143,-0.5154,0.2243,0.5323,1.9184,0.61,0.3606,0.1522,0.3387,openmrg 2015-06-22 11
openmrg,pycomlink idw,city,2.0,2208,0.2775,0.2576,-0.0199,-0.0716,0.1983,0.5071,1.8277,0.6819,0.7596,0.1679,0.6586,openmrg 2015-06-22 11
openmrg,pycomlink line,city,2.0,2208,0.2775,0.2439,-0.0336,-0.1211,0.197,0.4924,1.7747,0.6818,0.7384,0.1755,0.6381,openmrg 2015-06-22 11
openmrg,pycomlink gmz,city,2.0,2208,0.2775,0.2483,-0.0291,-0.105,0.2015,0.5126,1.8472,0.6654,0.749,0.1771,0.6451,openmrg 2015-06-22 11
openmrg,nearby idw,city,2.0,2208,0.2775,0.1691,-0.1084,-0.3907,0.2071,0.5157,1.8586,0.6397,0.568,0.1207,0.527,openmrg 2015-06-22 11
openmrg,nearby line,city,2.0,2208,0.2775,0.1639,-0.1136,-0.4094,0.2083,0.518,1.8669,0.631,0.5429,0.1104,0.5087,openmrg 2015-06-22 11
openmrg,nearby gmz,city,2.0,2208,0.2775,0.1667,-0.1107,-0.3991,0.2126,0.5334,1.9225,0.6137,0.5443,0.1063,0.5112,openmrg 2015-06-22 11
openmrg,rnn idw,city,2.0,2208,0.2775,0.4304,0.1529,0.5512,0.2575,0.6313,2.275,0.7225,0.9102,0.2511,0.6974,openmrg 2015-06-22 11
openmrg,rnn line,city,2.0,2208,0.2775,0.4377,0.1602,0.5773,0.2659,0.6921,2.4941,0.6881,0.9141,0.2511,0.6997,openmrg 2015-06-22 11
openmrg,rnn gmz,city,2.0,2208,0.2775,0.4369,0.1594,0.5745,0.2679,0.716,2.5802,0.6785,0.9141,0.2503,0.7004,openmrg 2015-06-22 11
openmrg,pws,radar,,9480,0.3084,0.2228,-0.0856,-0.2776,0.2722,0.6402,2.0761,0.4582,0.5639,0.1706,0.5053,openmrg 2015-06-22 11
openmrg,city,radar,,2576,0.3869,0.2896,-0.0972,-0.2513,0.3307,0.7008,1.8114,0.4764,0.6138,0.1278,0.5631,openmrg 2015-06-22 11
openmrg,dynamic idw,radar,,11880,0.328,0.5656,0.2376,0.7246,0.4187,0.9527,2.9047,0.4341,0.8906,0.2867,0.6558,openmrg 2015-06-22 11
openmrg,dynamic line,radar,,12632,0.3328,0.5968,0.264,0.7933,0.4489,1.0036,3.0155,0.4091,0.8939,0.2922,0.6529,openmrg 2015-06-22 11
openmrg,dynamic gmz,radar,,12632,0.3328,0.6188,0.286,0.8594,0.4679,1.0637,3.1962,0.408,0.8888,0.2967,0.6464,openmrg 2015-06-22 11
openmrg,constant idw,radar,,11880,0.328,0.1543,-0.1736,-0.5294,0.3145,0.7981,2.4335,0.3355,0.3317,0.1634,0.3115,openmrg 2015-06-22 11
openmrg,constant line,radar,,12632,0.3328,0.1665,-0.1663,-0.4998,0.3276,0.8206,2.4656,0.318,0.3364,0.1598,0.3162,openmrg 2015-06-22 11
openmrg,constant gmz,radar,,12632,0.3328,0.1809,-0.1519,-0.4563,0.3368,0.8439,2.5356,0.3161,0.3376,0.1634,0.3167,openmrg 2015-06-22 11
openmrg,pycomlink idw,radar,,11880,0.328,0.1998,-0.1282,-0.3909,0.2818,0.7436,2.2673,0.4384,0.5118,0.1668,0.4642,openmrg 2015-06-22 11
openmrg,pycomlink line,radar,,12632,0.3328,0.194,-0.1388,-0.417,0.283,0.7432,2.233,0.447,0.511,0.1721,0.462,openmrg 2015-06-22 11
openmrg,pycomlink gmz,radar,,12632,0.3328,0.2051,-0.1277,-0.3838,0.2884,0.7517,2.2587,0.4459,0.5146,0.174,0.4643,openmrg 2015-06-22 11
openmrg,nearby idw,radar,,11880,0.328,0.1075,-0.2205,-0.6723,0.2941,0.816,2.4881,0.2684,0.2972,0.1282,0.2848,openmrg 2015-06-22 11
openmrg,nearby line,radar,,12632,0.3328,0.1052,-0.2277,-0.684,0.3007,0.8235,2.4742,0.2713,0.2869,0.1298,0.2751,openmrg 2015-06-22 11
openmrg,nearby gmz,radar,,12632,0.3328,0.1109,-0.2219,-0.6668,0.3043,0.8308,2.4963,0.2714,0.2865,0.1318,0.2746,openmrg 2015-06-22 11
openmrg,rnn idw,radar,,11928,0.3274,0.441,0.1136,0.347,0.3652,0.8544,2.6095,0.422,0.8212,0.2415,0.651,openmrg 2015-06-22 11
openmrg,rnn line,radar,,12704,0.3318,0.4559,0.1241,0.3739,0.3809,0.8955,2.6989,0.4099,0.8255,0.2479,0.6489,openmrg 2015-06-22 11
openmrg,rnn gmz,radar,,12704,0.3318,0.4781,0.1463,0.4408,0.3982,0.9761,2.9417,0.3996,0.8252,0.2452,0.6507,openmrg 2015-06-22 11
openmrg,city,pws,,2240,0.2631,0.3077,0.0446,0.1694,0.2133,0.5149,1.9571,0.6902,0.7715,0.1603,0.6725,openmrg 2015-06-22 11
openmrg,dynamic idw,pws,,8784,0.2172,0.562,0.3447,1.5868,0.4099,0.7938,3.6539,0.6104,0.9253,0.5168,0.465,openmrg 2015-06-22 11
openmrg,dynamic line,pws,,9176,0.2188,0.5885,0.3697,1.6894,0.4463,0.8765,4.0053,0.5347,0.9252,0.5079,0.4732,openmrg 2015-06-22 11
openmrg,dynamic gmz,pws,,9176,0.2188,0.6035,0.3846,1.7577,0.4607,0.9422,4.3055,0.5209,0.9133,0.5129,0.4656,openmrg 2015-06-22 11
openmrg,constant idw,pws,,8784,0.2172,0.1418,-0.0755,-0.3475,0.2138,0.4789,2.2046,0.5685,0.2994,0.4757,0.2355,openmrg 2015-06-22 11
openmrg,constant line,pws,,9176,0.2188,0.1561,-0.0628,-0.2867,0.2378,0.5334,2.4376,0.4783,0.2917,0.4914,0.2275,openmrg 2015-06-22 11
openmrg,constant gmz,pws,,9176,0.2188,0.1674,-0.0515,-0.2351,0.2451,0.5617,2.5666,0.4645,0.2969,0.4879,0.2315,openmrg 2015-06-22 11
openmrg,pycomlink idw,pws,,8784,0.2172,0.1797,-0.0376,-0.173,0.1802,0.4059,1.8685,0.6952,0.5767,0.3482,0.4409,openmrg 2015-06-22 11
openmrg,pycomlink line,pws,,9176,0.2188,0.1672,-0.0516,-0.2357,0.1853,0.4092,1.8697,0.6762,0.557,0.3499,0.4286,openmrg 2015-06-22 11
openmrg,pycomlink gmz,pws,,9176,0.2188,0.1753,-0.0435,-0.1989,0.1899,0.4198,1.9184,0.6638,0.5644,0.3495,0.4331,openmrg 2015-06-22 11
openmrg,nearby idw,pws,,8784,0.2172,0.0946,-0.1226,-0.5644,0.1788,0.4626,2.1296,0.582,0.3794,0.2663,0.3334,openmrg 2015-06-22 11
openmrg,nearby line,pws,,9176,0.2188,0.0891,-0.1298,-0.593,0.1822,0.4637,2.1191,0.5782,0.3608,0.2588,0.3204,openmrg 2015-06-22 11
openmrg,nearby gmz,pws,,9176,0.2188,0.0918,-0.127,-0.5805,0.1817,0.4643,2.1217,0.5754,0.3629,0.2577,0.3223,openmrg 2015-06-22 11
openmrg,rnn idw,pws,,8792,0.217,0.4214,0.2043,0.9414,0.3043,0.6188,2.851,0.5978,0.9088,0.452,0.5194,openmrg 2015-06-22 11
openmrg,rnn line,pws,,9176,0.2188,0.4223,0.2035,0.9299,0.3095,0.6206,2.8358,0.5814,0.8989,0.4498,0.5181,openmrg 2015-06-22 11
openmrg,rnn gmz,pws,,9176,0.2188,0.4333,0.2145,0.9803,0.3199,0.6493,2.9672,0.5767,0.8951,0.4469,0.5195,openmrg 2015-06-22 11
openmrg,dynamic idw,city,,2576,0.2896,0.6858,0.3962,1.3678,0.4884,0.9123,3.15,0.6582,0.9744,0.4931,0.5003,openmrg 2015-06-22 11
openmrg,dynamic line,city,,2576,0.2896,0.6495,0.3598,1.2424,0.4588,0.8243,2.846,0.6671,0.9689,0.4868,0.5049,openmrg 2015-06-22 11
openmrg,dynamic gmz,city,,2576,0.2896,0.6553,0.3656,1.2624,0.4675,0.8573,2.9598,0.6497,0.9711,0.4948,0.4977,openmrg 2015-06-22 11
openmrg,constant idw,city,,2576,0.2896,0.1476,-0.142,-0.4903,0.2218,0.5202,1.796,0.6607,0.3856,0.1738,0.3566,openmrg 2015-06-22 11
openmrg,constant line,city,,2576,0.2896,0.1438,-0.1459,-0.5036,0.2239,0.5252,1.8133,0.6515,0.38,0.1659,0.3533,openmrg 2015-06-22 11
openmrg,constant gmz,city,,2576,0.2896,0.1463,-0.1434,-0.495,0.2264,0.5358,1.85,0.6357,0.3811,0.1715,0.3532,openmrg 2015-06-22 11
openmrg,pycomlink idw,city,,2576,0.2896,0.2722,-0.0174,-0.06,0.2049,0.5105,1.7624,0.6963,0.7656,0.1894,0.6494,openmrg 2015-06-22 11
openmrg,pycomlink line,city,,2576,0.2896,0.2582,-0.0314,-0.1084,0.2045,0.4981,1.7198,0.6954,0.7422,0.2,0.6261,openmrg 2015-06-22 11
openmrg,pycomlink gmz,city,,2576,0.2896,0.2624,-0.0273,-0.0941,0.2077,0.5141,1.7749,0.6825,0.7533,0.2005,0.6336,openmrg 2015-06-22 11
openmrg,nearby idw,city,,2576,0.2896,0.1823,-0.1074,-0.3707,0.2096,0.5217,1.8012,0.6598,0.5689,0.1278,0.5251,openmrg 2015-06-22 11
openmrg,nearby line,city,,2576,0.2896,0.1761,-0.1135,-0.3919,0.2111,0.5245,1.8109,0.651,0.5456,0.1169,0.5088,openmrg 2015-06-22 11
openmrg,nearby gmz,city,,2576,0.2896,0.1788,-0.1108,-0.3826,0.2145,0.537,1.8539,0.637,0.5489,0.1131,0.513,openmrg 2015-06-22 11
openmrg,rnn idw,city,,2576,0.2896,0.4508,0.1612,0.5565,0.2701,0.639,2.2064,0.7334,0.9122,0.2624,0.6888,openmrg 2015-06-22 11
openmrg,rnn line,city,,2576,0.2896,0.4581,0.1685,0.5817,0.278,0.6952,2.4002,0.7007,0.9144,0.2652,0.6876,openmrg 2015-06-22 11
openmrg,rnn gmz,city,,2576,0.2896,0.4573,0.1676,0.5787,0.2794,0.7141,2.4656,0.6936,0.9144,0.2652,0.6876,openmrg 2015-06-22 11
openmrg,pws,radar,2.0,2816,0.4709,0.6256,0.1547,0.3284,0.3116,0.4875,1.0351,0.7088,0.8614,0.0747,0.8054,openmrg 2015-06-28 22
openmrg,city,radar,2.0,1104,0.5509,1.0047,0.4537,0.8236,0.577,0.8435,1.5311,0.5733,0.9045,0.116,0.8085,openmrg 2015-06-28 22
openmrg,dynamic idw,radar,2.0,3408,0.458,1.5623,1.1043,2.4113,1.1259,1.7168,3.7488,0.7066,0.9676,0.1237,0.8513,openmrg 2015-06-28 22
openmrg,dynamic line,radar,2.0,3408,0.458,1.4557,0.9977,2.1786,1.022,1.5276,3.3356,0.7291,0.9664,0.1217,0.8523,openmrg 2015-06-28 22
openmrg,dynamic gmz,radar,2.0,3408,0.458,1.4442,0.9862,2.1534,1.0183,1.5507,3.3861,0.7098,0.9599,0.1196,0.8491,openmrg 2015-06-28 22
openmrg,constant idw,radar,2.0,3408,0.458,0.0283,-0.4296,-0.9381,0.4353,0.5923,1.2934,0.1613,0.0942,0.0,0.0942,openmrg 2015-06-28 22
openmrg,constant line,radar,2.0,3408,0.458,0.0293,-0.4286,-0.936,0.4348,0.5888,1.2856,0.1752,0.0996,0.0,0.0996,openmrg 2015-06-28 22
openmrg,constant gmz,radar,2.0,3408,0.458,0.0323,-0.4256,-0.9294,0.434,0.5893,1.2867,0.1654,0.103,0.0,0.103,openmrg 2015-06-28 22
openmrg,pycomlink idw,radar,2.0,3408,0.458,0.8147,0.3567,0.7789,0.4423,0.7526,1.6433,0.7025,0.9348,0.086,0.8592,openmrg 2015-06-28 22
openmrg,pycomlink line,radar,2.0,3408,0.458,0.7386,0.2807,0.6129,0.3893,0.6511,1.4217,0.7089,0.922,0.0829,0.8511,openmrg 2015-06-28 22
openmrg,pycomlink gmz,radar,2.0,3408,0.458,0.7394,0.2815,0.6146,0.3993,0.6751,1.4741,0.6938,0.9085,0.0826,0.8398,openmrg 2015-06-28 22
openmrg,nearby idw,radar,2.0,3408,0.458,0.3836,-0.0744,-0.1625,0.3614,0.5519,1.205,0.5439,0.5697,0.1022,0.535,openmrg 2015-06-28 22
openmrg,nearby line,radar,2.0,3408,0.458,0.3499,-0.1081,-0.236,0.3503,0.5058,1.1045,0.558,0.5654,0.0957,0.5335,openmrg 2015-06-28 22
openmrg,nearby gmz,radar,2.0,3408,0.458,0.3548,-0.1032,-0.2253,0.357,0.5242,1.1446,0.5494,0.5554,0.0978,0.5238,openmrg 2015-06-28 22
openmrg,rnn idw,radar,2.0,3408,0.458,0.6631,0.2051,0.4479,0.2777,0.4,0.8734,0.7682,0.9819,0.1194,0.8665,openmrg 2015-06-28 22
openmrg,rnn line,radar,2.0,3408,0.458,0.6664,0.2085,0.4552,0.2839,0.4142,0.9044,0.755,0.9776,0.1177,0.8648,openmrg 2015-06-28 22
openmrg,rnn gmz,radar,2.0,3408,0.458,0.671,0.213,0.4652,0.2919,0.4394,0.9594,0.7379,0.973,0.1176,0.8613,openmrg 2015-06-28 22
openmrg,city,pws,2.0,984,0.8379,1.0269,0.189,0.2256,0.3613,0.5705,0.6809,0.7973,0.9946,0.0381,0.9569,openmrg 2015-06-28 22
openmrg,dynamic idw,pws,2.0,2816,0.6256,1.6436,1.018,1.6273,1.0414,1.6404,2.6222,0.7123,0.9741,0.1747,0.8076,openmrg 2015-06-28 22
openmrg,dynamic line,pws,2.0,2816,0.6256,1.5297,0.9042,1.4453,0.9308,1.4464,2.3121,0.7158,0.9741,0.1719,0.8103,openmrg 2015-06-28 22
openmrg,dynamic gmz,pws,2.0,2816,0.6256,1.5194,0.8938,1.4288,0.9351,1.4757,2.359,0.6963,0.9661,0.1727,0.804,openmrg 2015-06-28 22
openmrg,constant idw,pws,2.0,2816,0.6256,0.0317,-0.5939,-0.9493,0.6142,0.8925,1.4266,0.0174,0.0916,0.1858,0.0898,openmrg 2015-06-28 22
openmrg,constant line,pws,2.0,2816,0.6256,0.0327,-0.5929,-0.9477,0.6175,0.8924,1.4265,-0.0162,0.0931,0.2143,0.0908,openmrg 2015-06-28 22
openmrg,constant gmz,pws,2.0,2816,0.6256,0.0362,-0.5894,-0.9421,0.6174,0.8928,1.4272,-0.0107,0.0961,0.2154,0.0936,openmrg 2015-06-28 22
openmrg,pycomlink idw,pws,2.0,2816,0.6256,0.8598,0.2343,0.3745,0.3851,0.6694,1.07,0.7443,0.9482,0.1234,0.8366,openmrg 2015-06-28 22
openmrg,pycomlink line,pws,2.0,2816,0.6256,0.7804,0.1548,0.2474,0.3452,0.5751,0.9193,0.756,0.9407,0.1193,0.8344,openmrg 2015-06-28 22
openmrg,pycomlink gmz,pws,2.0,2816,0.6256,0.7815,0.1559,0.2492,0.361,0.6072,0.9707,0.7359,0.9303,0.1168,0.8284,openmrg 2015-06-28 22
openmrg,nearby idw,pws,2.0,2816,0.6256,0.4221,-0.2035,-0.3254,0.4047,0.5991,0.9576,0.6507,0.6325,0.0641,0.6062,openmrg 2015-06-28 22
openmrg,nearby line,pws,2.0,2816,0.6256,0.3858,-0.2398,-0.3833,0.4121,0.5868,0.9381,0.65,0.631,0.0656,0.6042,openmrg 2015-06-28 22
openmrg,nearby gmz,pws,2.0,2816,0.6256,0.3921,-0.2335,-0.3733,0.4168,0.6013,0.9611,0.6376,0.6215,0.0666,0.5951,openmrg 2015-06-28 22
openmrg,rnn idw,pws,2.0,2816,0.6256,0.653,0.0274,0.0438,0.2755,0.4284,0.6848,0.7585,0.9811,0.1771,0.81,openmrg 2015-06-28 22
openmrg,rnn line,pws,2.0,2816,0.6256,0.6489,0.0233,0.0372,0.2721,0.4272,0.6829,0.7594,0.9826,0.1707,0.8173,openmrg 2015-06-28 22
openmrg,rnn gmz,pws,2.0,2816,0.6256,0.6527,0.0271,0.0433,0.2786,0.4458,0.7126,0.7408,0.9776,0.1707,0.8138,openmrg 2015-06-28 22
openmrg,dynamic idw,city,2.0,1104,1.0047,2.4816,1.477,1.4701,1.517,2.155,2.1449,0.6411,1.0,0.1458,0.8542,openmrg 2015-06-28 22
openmrg,dynamic line,city,2.0,1104,1.0047,2.2524,1.2477,1.2419,1.3002,1.8341,1.8255,0.6617,1.0,0.1391,0.8609,openmrg 2015-06-28 22
openmrg,dynamic gmz,city,2.0,1104,1.0047,2.2298,1.2251,1.2194,1.3022,1.8711,1.8624,0.6363,0.9966,0.1395,0.858,openmrg 2015-06-28 22
openmrg,constant idw,city,2.0,1104,1.0047,0.0494,-0.9552,-0.9508,0.9656,1.3029,1.2968,0.0122,0.1604,0.0,0.1604,openmrg 2015-06-28 22
openmrg,constant line,city,2.0,1104,1.0047,0.0402,-0.9644,-0.9599,0.9689,1.3016,1.2955,0.009,0.157,0.0,0.157,openmrg 2015-06-28 22
openmrg,constant gmz,city,2.0,1104,1.0047,0.0443,-0.9604,-0.9559,0.9666,1.3005,1.2944,0.0097,0.1604,0.0,0.1604,openmrg 2015-06-28 22
openmrg,pycomlink idw,city,2.0,1104,1.0047,1.2997,0.295,0.2936,0.52,0.8525,0.8485,0.701,0.9898,0.0947,0.8969,openmrg 2015-06-28 22
openmrg,pycomlink line,city,2.0,1104,1.0047,1.1821,0.1774,0.1766,0.4738,0.7266,0.7232,0.7235,0.9886,0.0938,0.8968,openmrg 2015-06-28 22
openmrg,pycomlink gmz,city,2.0,1104,1.0047,1.1763,0.1717,0.1708,0.4905,0.7658,0.7623,0.7016,0.9863,0.0902,0.8984,openmrg 2015-06-28 22
openmrg,nearby idw,city,2.0,1104,1.0047,0.6911,-0.3135,-0.3121,0.4852,0.7253,0.7219,0.7187,0.8749,0.0013,0.8739,openmrg 2015-06-28 22
openmrg,nearby line,city,2.0,1104,1.0047,0.6208,-0.3839,-0.3821,0.5041,0.7021,0.6989,0.7504,0.8601,0.0,0.8601,openmrg 2015-06-28 22
openmrg,nearby gmz,city,2.0,1104,1.0047,0.6262,-0.3785,-0.3767,0.5133,0.7213,0.7179,0.7331,0.851,0.0013,0.85,openmrg 2015-06-28 22
openmrg,rnn idw,city,2.0,1104,1.0047,0.7832,-0.2215,-0.2204,0.4024,0.6143,0.6115,0.7832,0.9943,0.1612,0.8348,openmrg 2015-06-28 22
openmrg,rnn line,city,2.0,1104,1.0047,0.7858,-0.2189,-0.2178,0.4068,0.6145,0.6116,0.7778,0.992,0.1591,0.8352,openmrg 2015-06-28 22
openmrg,rnn gmz,city,2.0,1104,1.0047,0.7858,-0.2189,-0.2178,0.4095,0.6159,0.6131,0.7713,0.992,0.1591,0.8352,openmrg 2015-06-28 22
openmrg,pws,radar,,4740,0.4693,0.541,0.0717,0.1529,0.2894,0.4697,1.0009,0.6611,0.8438,0.0599,0.8008,openmrg 2015-06-28 22
openmrg,city,radar,,1288,0.5629,0.9958,0.4329,0.7691,0.5746,0.8346,1.4827,0.5591,0.903,0.1301,0.7956,openmrg 2015-06-28 22
openmrg,dynamic idw,radar,,5940,0.4793,1.4134,0.9342,1.9492,0.973,1.4945,3.1183,0.7004,0.9691,0.1087,0.8666,openmrg 2015-06-28 22
openmrg,dynamic line,radar,,6316,0.4791,1.3282,0.8491,1.7724,0.8931,1.3429,2.8033,0.7152,0.9658,0.1073,0.8653,openmrg 2015-06-28 22
openmrg,dynamic gmz,radar,,6316,0.4791,1.3117,0.8326,1.738,0.8919,1.3747,2.8696,0.6906,0.9519,0.1059,0.8554,openmrg 2015-06-28 22
openmrg,constant idw,radar,,5940,0.4793,0.0297,-0.4495,-0.938,0.4534,0.6211,1.2959,0.1762,0.1019,0.0,0.1019,openmrg 2015-06-28 22
openmrg,constant line,radar,,6316,0.4791,0.032,-0.4471,-0.9332,0.4517,0.618,1.2901,0.1854,0.1028,0.0,0.1028,openmrg 2015-06-28 22
openmrg,constant gmz,radar,,6316,0.4791,0.0353,-0.4437,-0.9262,0.4512,0.6182,1.2905,0.1751,0.1058,0.0,0.1058,openmrg 2015-06-28 22
openmrg,pycomlink idw,radar,,5940,0.4793,0.7357,0.2564,0.535,0.3884,0.655,1.3667,0.6918,0.9315,0.0741,0.8668,openmrg 2015-06-28 22
openmrg,pycomlink line,radar,,6316,0.4791,0.6623,0.1832,0.3825,0.3519,0.5811,1.2129,0.6823,0.9149,0.068,0.8577,openmrg 2015-06-28 22
openmrg,pycomlink gmz,radar,,6316,0.4791,0.6676,0.1886,0.3936,0.3672,0.6238,1.3021,0.6592,0.8953,0.0685,0.8399,openmrg 2015-06-28 22
openmrg,nearby idw,radar,,5940,0.4793,0.3354,-0.1439,-0.3002,0.359,0.521,1.0872,0.5501,0.5327,0.0972,0.5038,openmrg 2015-06-28 22
openmrg,nearby line,radar,,6316,0.4791,0.3052,-0.1738,-0.3629,0.3523,0.4946,1.0324,0.5545,0.531,0.0865,0.5056,openmrg 2015-06-28 22
openmrg,nearby gmz,radar,,6316,0.4791,0.3113,-0.1677,-0.3501,0.3646,0.5187,1.0827,0.537,0.5167,0.089,0.4919,openmrg 2015-06-28 22
openmrg,rnn idw,radar,,5964,0.4801,0.6655,0.1853,0.386,0.2967,0.4246,0.8844,0.7495,0.9815,0.1073,0.8779,openmrg 2015-06-28 22
openmrg,rnn line,radar,,6352,0.4807,0.6742,0.1935,0.4025,0.3118,0.4513,0.9388,0.7246,0.9771,0.1118,0.8701,openmrg 2015-06-28 22
openmrg,rnn gmz,radar,,6352,0.4807,0.6802,0.1995,0.415,0.3202,0.4876,1.0144,0.7041,0.9748,0.1083,0.8716,openmrg 2015-06-28 22
openmrg,city,pws,,1120,0.8555,1.019,0.1636,0.1912,0.3683,0.5822,0.6805,0.7838,0.9869,0.0525,0.9357,openmrg 2015-06-28 22
openmrg,dynamic idw,pws,,4392,0.5514,1.4755,0.9241,1.6758,0.9431,1.4857,2.6944,0.7243,0.9785,0.1879,0.7979,openmrg 2015-06-28 22
openmrg,dynamic line,pws,,4588,0.5436,1.3724,0.8288,1.5245,0.8506,1.3193,2.4269,0.7241,0.9787,0.1849,0.8009,openmrg 2015-06-28 22
openmrg,dynamic gmz,pws,,4588,0.5436,1.3545,0.8108,1.4916,0.8501,1.3449,2.4739,0.7108,0.9642,0.1852,0.7909,openmrg 2015-06-28 22
openmrg,constant idw,pws,,4392,0.5514,0.0318,-0.5197,-0.9424,0.5441,0.8225,1.4916,0.0196,0.0869,0.3093,0.0836,openmrg 2015-06-28 22
openmrg,constant line,pws,,4588,0.5436,0.0343,-0.5093,-0.9369,0.5404,0.8147,1.4987,-0.014,0.0842,0.3426,0.0807,openmrg 2015-06-28 22
openmrg,constant gmz,pws,,4588,0.5436,0.0374,-0.5062,-0.9312,0.54,0.8151,1.4994,-0.0067,0.0871,0.3317,0.0835,openmrg 2015-06-28 22
openmrg,pycomlink idw,pws,,4392,0.5514,0.7665,0.2151,0.39,0.3497,0.6098,1.1059,0.7544,0.9504,0.1354,0.8272,openmrg 2015-06-28 22
openmrg,pycomlink line,pws,,4588,0.5436,0.6833,0.1397,0.257,0.3111,0.5239,0.9637,0.7647,0.9409,0.1301,0.8249,openmrg 2015-06-28 22
openmrg,pycomlink gmz,pws,,4588,0.5436,0.6868,0.1432,0.2634,0.3285,0.5613,1.0325,0.7468,0.9193,0.1301,0.8082,openmrg 2015-06-28 22
openmrg,nearby idw,pws,,4392,0.5514,0.3651,-0.1863,-0.3379,0.3631,0.5446,0.9876,0.6667,0.5805,0.1012,0.5449,openmrg 2015-06-28 22
openmrg,nearby line,pws,,4588,0.5436,0.3317,-0.2119,-0.3898,0.3643,0.532,0.9786,0.6661,0.577,0.1042,0.5407,openmrg 2015-06-28 22
openmrg,nearby gmz,pws,,4588,0.5436,0.3394,-0.2042,-0.3756,0.3709,0.5465,1.0052,0.655,0.5611,0.1055,0.5263,openmrg 2015-06-28 22
openmrg,rnn idw,pws,,4396,0.5509,0.6323,0.0814,0.1478,0.2887,0.4616,0.8379,0.7102,0.9832,0.193,0.7961,openmrg 2015-06-28 22
openmrg,rnn line,pws,,4588,0.5436,0.6257,0.0821,0.151,0.2846,0.4567,0.8402,0.7112,0.9835,0.1881,0.8011,openmrg 2015-06-28 22
openmrg,rnn gmz,pws,,4588,0.5436,0.6295,0.0858,0.1579,0.2882,0.4736,0.8711,0.6994,0.9803,0.1881,0.7988,openmrg 2015-06-28 22
openmrg,dynamic idw,city,,1288,0.9958,2.4162,1.4204,1.4265,1.4589,2.0741,2.0829,0.6551,1.0,0.1372,0.8628,openmrg 2015-06-28 22
openmrg,dynamic line,city,,1288,0.9958,2.1997,1.2039,1.209,1.2537,1.7706,1.7781,0.675,1.0,0.1314,0.8686,openmrg 2015-06-28 22
openmrg,dynamic gmz,city,,1288,0.9958,2.1785,1.1827,1.1877,1.2544,1.8024,1.81,0.652,0.9971,0.1317,0.8661,openmrg 2015-06-28 22
openmrg,constant idw,city,,1288,0.9958,0.0491,-0.9467,-0.9507,0.9556,1.2908,1.2962,0.02,0.1561,0.0,0.1561,openmrg 2015-06-28 22
openmrg,constant line,city,,1288,0.9958,0.0404,-0.9553,-0.9594,0.9592,1.2901,1.2956,0.0192,0.1532,0.0,0.1532,openmrg 2015-06-28 22
openmrg,constant gmz,city,,1288,0.9958,0.0445,-0.9513,-0.9553,0.9566,1.2888,1.2942,0.0196,0.157,0.0,0.157,openmrg 2015-06-28 22
openmrg,pycomlink idw,city,,1288,0.9958,1.2742,0.2785,0.2796,0.5051,0.8228,0.8262,0.7107,0.9884,0.0928,0.8976,openmrg 2015-06-28 22
openmrg,pycomlink line,city,,1288,0.9958,1.1601,0.1644,0.1651,0.4606,0.7046,0.7075,0.7321,0.9894,0.092,0.8993,openmrg 2015-06-28 22
openmrg,pycomlink gmz,city,,1288,0.9958,1.1549,0.1591,0.1598,0.4754,0.7394,0.7425,0.7125,0.9865,0.089,0.8998,openmrg 2015-06-28 22
openmrg,nearby idw,city,,1288,0.9958,0.673,-0.3228,-0.3242,0.4813,0.7131,0.7162,0.7245,0.868,0.0011,0.8672,openmrg 2015-06-28 22
openmrg,nearby line,city,,1288,0.9958,0.6062,-0.3896,-0.3912,0.4992,0.6952,0.6981,0.7551,0.8555,0.0,0.8555,openmrg 2015-06-28 22
openmrg,nearby gmz,city,,1288,0.9958,0.6115,-0.3843,-0.3859,0.507,0.7113,0.7143,0.7395,0.8487,0.0011,0.8479,openmrg 2015-06-28 22
openmrg,rnn idw,city,,1288,0.9958,0.7896,-0.2061,-0.207,0.3903,0.6011,0.6036,0.7838,0.9933,0.1507,0.8444,openmrg 2015-06-28 22
openmrg,rnn line,city,,1288,0.9958,0.7934,-0.2024,-0.2033,0.3944,0.6009,0.6034,0.7789,0.9933,0.1486,0.8465,openmrg 2015-06-28 22
openmrg,rnn gmz,city,,1288,0.9958,0.7936,-0.2022,-0.2031,0.3973,0.6021,0.6047,0.7733,0.9933,0.1486,0.8465,openmrg 2015-06-28 22
openmrg,pws,radar,2.0,6336,0.5264,0.3763,-0.1502,-0.2852,0.3648,0.6097,1.1583,0.4704,0.804,0.0452,0.7745,openmrg 2015-07-05 19
openmrg,city,radar,2.0,2484,0.3736,0.1498,-0.2238,-0.599,0.2974,0.4829,1.2924,0.4515,0.5431,0.0807,0.5184,openmrg 2015-07-05 19
openmrg,dynamic idw,radar,2.0,7668,0.5181,1.0473,0.5292,1.0214,0.6322,1.0445,2.0159,0.6731,0.9543,0.1992,0.7712,openmrg 2015-07-05 19
openmrg,dynamic line,radar,2.0,7668,0.5181,1.1863,0.6682,1.2897,0.7456,1.2276,2.3694,0.6621,0.9694,0.2235,0.758,openmrg 2015-07-05 19
openmrg,dynamic gmz,radar,2.0,7668,0.5181,1.2207,0.7026,1.3561,0.7906,1.3916,2.686,0.6151,0.9611,0.2235,0.7528,openmrg 2015-07-05 19
openmrg,constant idw,radar,2.0,7668,0.5181,0.1022,-0.4159,-0.8028,0.4732,0.7037,1.3582,0.3529,0.1886,0.085,0.1854,openmrg 2015-07-05 19
openmrg,constant line,radar,2.0,7668,0.5181,0.1256,-0.3925,-0.7576,0.4762,0.7089,1.3683,0.3519,0.2139,0.097,0.2091,openmrg 2015-07-05 19
openmrg,constant gmz,radar,2.0,7668,0.5181,0.1338,-0.3843,-0.7417,0.478,0.7221,1.3937,0.3463,0.2165,0.0959,0.2116,openmrg 2015-07-05 19
openmrg,pycomlink idw,radar,2.0,7668,0.5181,0.3777,-0.1404,-0.271,0.3574,0.5678,1.096,0.5546,0.7522,0.0787,0.7068,openmrg 2015-07-05 19
openmrg,pycomlink line,radar,2.0,7668,0.5181,0.3837,-0.1344,-0.2595,0.3571,0.5628,1.0862,0.5548,0.7606,0.0861,0.7097,openmrg 2015-07-05 19
openmrg,pycomlink gmz,radar,2.0,7668,0.5181,0.3933,-0.1248,-0.2408,0.3637,0.5779,1.1154,0.5485,0.759,0.0886,0.7069,openmrg 2015-07-05 19
openmrg,nearby idw,radar,2.0,7668,0.5181,0.2474,-0.2707,-0.5224,0.4403,0.672,1.297,0.4395,0.4166,0.0843,0.4012,openmrg 2015-07-05 19
openmrg,nearby line,radar,2.0,7668,0.5181,0.2432,-0.275,-0.5307,0.4345,0.6593,1.2725,0.4463,0.4191,0.083,0.4038,openmrg 2015-07-05 19
openmrg,nearby gmz,radar,2.0,7668,0.5181,0.2465,-0.2716,-0.5242,0.4361,0.6681,1.2894,0.4491,0.4146,0.0831,0.3996,openmrg 2015-07-05 19
openmrg,rnn idw,radar,2.0,7668,0.5181,0.4836,-0.0345,-0.0665,0.3734,0.6005,1.159,0.5877,0.7946,0.046,0.7653,openmrg 2015-07-05 19
openmrg,rnn line,radar,2.0,7668,0.5181,0.4974,-0.0207,-0.0399,0.3771,0.6067,1.1711,0.5915,0.7944,0.0525,0.761,openmrg 2015-07-05 19
openmrg,rnn gmz,radar,2.0,7668,0.5181,0.5044,-0.0137,-0.0264,0.3848,0.6257,1.2076,0.5887,0.79,0.0494,0.7588,openmrg 2015-07-05 19
openmrg,city,pws,2.0,2214,0.1995,0.1245,-0.075,-0.3761,0.16,0.3288,1.6479,0.3325,0.6419,0.1521,0.5756,openmrg 2015-07-05 19
openmrg,dynamic idw,pws,2.0,6336,0.3763,1.0458,0.6695,1.7794,0.7094,1.1527,3.0635,0.6029,0.9687,0.3007,0.6838,openmrg 2015-07-05 19
openmrg,dynamic line,pws,2.0,6336,0.3763,1.1749,0.7987,2.1228,0.831,1.3399,3.5611,0.5519,0.9774,0.3286,0.6611,openmrg 2015-07-05 19
openmrg,dynamic gmz,pws,2.0,6336,0.3763,1.1967,0.8204,2.1804,0.8566,1.4619,3.8855,0.5156,0.9717,0.3284,0.6587,openmrg 2015-07-05 19
openmrg,constant idw,pws,2.0,6336,0.3763,0.1018,-0.2744,-0.7293,0.3492,0.6133,1.6299,0.4141,0.1909,0.1524,0.1845,openmrg 2015-07-05 19
openmrg,constant line,pws,2.0,6336,0.3763,0.1273,-0.2489,-0.6616,0.3584,0.6392,1.6989,0.3765,0.2145,0.1926,0.2041,openmrg 2015-07-05 19
openmrg,constant gmz,pws,2.0,6336,0.3763,0.1344,-0.2419,-0.6428,0.3606,0.6593,1.7523,0.3633,0.2197,0.1799,0.2096,openmrg 2015-07-05 19
openmrg,pycomlink idw,pws,2.0,6336,0.3763,0.3764,0.0001,0.0003,0.2153,0.4168,1.1076,0.7423,0.8443,0.128,0.7512,openmrg 2015-07-05 19
openmrg,pycomlink line,pws,2.0,6336,0.3763,0.3809,0.0047,0.0124,0.2166,0.4074,1.0828,0.7507,0.8366,0.1483,0.7303,openmrg 2015-07-05 19
openmrg,pycomlink gmz,pws,2.0,6336,0.3763,0.3887,0.0124,0.033,0.2253,0.4328,1.1502,0.7307,0.8328,0.1536,0.7235,openmrg 2015-07-05 19
openmrg,nearby idw,pws,2.0,6336,0.3763,0.2392,-0.1371,-0.3644,0.2665,0.4853,1.2899,0.671,0.4767,0.0755,0.4589,openmrg 2015-07-05 19
openmrg,nearby line,pws,2.0,6336,0.3763,0.2342,-0.1421,-0.3776,0.2622,0.4729,1.2567,0.6809,0.4767,0.0779,0.4583,openmrg 2015-07-05 19
openmrg,nearby gmz,pws,2.0,6336,0.3763,0.2362,-0.14,-0.3722,0.266,0.4875,1.2956,0.6685,0.4721,0.0757,0.4545,openmrg 2015-07-05 19
openmrg,rnn idw,pws,2.0,6336,0.3763,0.4904,0.1141,0.3034,0.2715,0.5327,1.4158,0.7054,0.866,0.1152,0.7783,openmrg 2015-07-05 19
openmrg,rnn line,pws,2.0,6336,0.3763,0.5002,0.1239,0.3294,0.2724,0.5301,1.4088,0.7185,0.8641,0.1183,0.7743,openmrg 2015-07-05 19
openmrg,rnn gmz,pws,2.0,6336,0.3763,0.504,0.1278,0.3396,0.2788,0.5469,1.4535,0.7111,0.8573,0.1182,0.769,openmrg 2015-07-05 19
openmrg,dynamic idw,city,2.0,2484,0.1498,0.6936,0.5438,3.6297,0.5662,0.886,5.9141,0.6326,0.9929,0.5471,0.4515,openmrg 2015-07-05 19
openmrg,dynamic line,city,2.0,2484,0.1498,0.774,0.6242,4.1662,0.638,1.0048,6.707,0.6424,0.9941,0.5748,0.4241,openmrg 2015-07-05 19
openmrg,dynamic gmz,city,2.0,2484,0.1498,0.7772,0.6274,4.1876,0.6434,1.0319,6.8876,0.6131,0.9941,0.5772,0.4217,openmrg 2015-07-05 19
openmrg,constant idw,city,2.0,2484,0.1498,0.0244,-0.1254,-0.8371,0.1399,0.2878,1.9209,0.316,0.1495,0.1975,0.1442,openmrg 2015-07-05 19
openmrg,constant line,city,2.0,2484,0.1498,0.0309,-0.119,-0.7941,0.1403,0.2854,1.9051,0.3206,0.1601,0.2663,0.1513,openmrg 2015-07-05 19
openmrg,constant gmz,city,2.0,2484,0.1498,0.0312,-0.1187,-0.792,0.1415,0.2873,1.9176,0.3065,0.1566,0.2826,0.1475,openmrg 2015-07-05 19
openmrg,pycomlink idw,city,2.0,2484,0.1498,0.1883,0.0385,0.2568,0.1325,0.2832,1.8905,0.4936,0.8932,0.2703,0.6711,openmrg 2015-07-05 19
openmrg,pycomlink line,city,2.0,2484,0.1498,0.192,0.0422,0.2818,0.1377,0.2886,1.9266,0.4768,0.8873,0.3061,0.6377,openmrg 2015-07-05 19
openmrg,pycomlink gmz,city,2.0,2484,0.1498,0.1964,0.0465,0.3107,0.1435,0.3006,2.0066,0.4587,0.8826,0.3092,0.6327,openmrg 2015-07-05 19
openmrg,nearby idw,city,2.0,2484,0.1498,0.0932,-0.0566,-0.3777,0.1361,0.3027,2.0203,0.3149,0.5006,0.2008,0.4447,openmrg 2015-07-05 19
openmrg,nearby line,city,2.0,2484,0.1498,0.0938,-0.056,-0.374,0.1343,0.296,1.9758,0.3351,0.4947,0.2027,0.4394,openmrg 2015-07-05 19
openmrg,nearby gmz,city,2.0,2484,0.1498,0.0956,-0.0542,-0.3621,0.137,0.3055,2.0393,0.3163,0.4958,0.2023,0.4405,openmrg 2015-07-05 19
openmrg,rnn idw,city,2.0,2484,0.1498,0.2233,0.0735,0.4908,0.1632,0.3134,2.0921,0.5206,0.8541,0.3645,0.5732,openmrg 2015-07-05 19
openmrg,rnn line,city,2.0,2484,0.1498,0.2337,0.0839,0.5597,0.1736,0.3335,2.2262,0.5233,0.8505,0.3655,0.5709,openmrg 2015-07-05 19
openmrg,rnn gmz,city,2.0,2484,0.1498,0.232,0.0822,0.5486,0.1737,0.3391,2.2633,0.5117,0.8434,0.364,0.5688,openmrg 2015-07-05 19
openmrg,pws,radar,,10665,0.5781,0.4204,-0.1577,-0.2728,0.4052,0.698,1.2073,0.4581,0.8159,0.0562,0.7781,openmrg 2015-07-05 19
openmrg,city,radar,,2898,0.3765,0.1577,-0.2188,-0.5811,0.3032,0.4945,1.3135,0.4466,0.5388,0.0886,0.512,openmrg 2015-07-05 19
openmrg,dynamic idw,radar,,13365,0.5555,1.1685,0.613,1.1034,0.7235,1.1658,2.0986,0.6412,0.9515,0.206,0.7632,openmrg 2015-07-05 19
openmrg,dynamic line,radar,,14211,0.5592,1.3621,0.8028,1.4357,0.8891,1.3866,2.4795,0.6213,0.964,0.2332,0.7455,openmrg 2015-07-05 19
openmrg,dynamic gmz,radar,,14211,0.5592,1.4242,0.865,1.5468,0.9581,1.5649,2.7984,0.5874,0.9574,0.2329,0.7418,openmrg 2015-07-05 19
openmrg,constant idw,radar,,13365,0.5555,0.1229,-0.4327,-0.7788,0.511,0.7753,1.3957,0.2996,0.2095,0.0854,0.2055,openmrg 2015-07-05 19
openmrg,constant line,radar,,14211,0.5592,0.145,-0.4142,-0.7408,0.5189,0.7872,1.4076,0.2906,0.2302,0.1018,0.2244,openmrg 2015-07-05 19
openmrg,constant gmz,radar,,14211,0.5592,0.1536,-0.4056,-0.7253,0.523,0.7991,1.429,0.2878,0.2349,0.1025,0.2287,openmrg 2015-07-05 19
openmrg,pycomlink idw,radar,,13365,0.5555,0.4194,-0.1362,-0.2451,0.3967,0.6321,1.1378,0.5315,0.7576,0.0893,0.7052,openmrg 2015-07-05 19
openmrg,pycomlink line,radar,,14211,0.5592,0.4283,-0.1309,-0.2341,0.4029,0.6341,1.134,0.5138,0.7626,0.1044,0.7003,openmrg 2015-07-05 19
openmrg,pycomlink gmz,radar,,14211,0.5592,0.4451,-0.1141,-0.2041,0.4129,0.6506,1.1634,0.5052,0.7671,0.106,0.7031,openmrg 2015-07-05 19
openmrg,nearby idw,radar,,13365,0.5555,0.2794,-0.2761,-0.497,0.4822,0.7391,1.3304,0.4225,0.4383,0.079,0.4224,openmrg 2015-07-05 19
openmrg,nearby line,radar,,14211,0.5592,0.2717,-0.2875,-0.5142,0.4754,0.7219,1.291,0.426,0.4456,0.0841,0.4281,openmrg 2015-07-05 19
openmrg,nearby gmz,radar,,14211,0.5592,0.2755,-0.2837,-0.5074,0.4786,0.7305,1.3062,0.4247,0.4435,0.0848,0.426,openmrg 2015-07-05 19
openmrg,rnn idw,radar,,13419,0.5555,0.5408,-0.0147,-0.0265,0.4203,0.6798,1.2237,0.5484,0.7985,0.0592,0.7603,openmrg 2015-07-05 19
openmrg,rnn line,radar,,14292,0.559,0.5625,0.0035,0.0063,0.4364,0.7014,1.2547,0.5312,0.7933,0.0703,0.7484,openmrg 2015-07-05 19
openmrg,rnn gmz,radar,,14292,0.559,0.5757,0.0167,0.0298,0.4465,0.7209,1.2896,0.5299,0.7885,0.0709,0.7437,openmrg 2015-07-05 19
openmrg,city,pws,,2520,0.2004,0.1296,-0.0708,-0.3534,0.1729,0.3489,1.7406,0.283,0.6215,0.1769,0.5483,openmrg 2015-07-05 19
openmrg,dynamic idw,pws,,9882,0.399,1.1612,0.7622,1.9104,0.8408,1.2992,3.2562,0.5169,0.971,0.2968,0.6887,openmrg 2015-07-05 19
openmrg,dynamic line,pws,,10323,0.4152,1.3422,0.927,2.2323,1.0128,1.5297,3.684,0.4452,0.9796,0.3196,0.6709,openmrg 2015-07-05 19
openmrg,dynamic gmz,pws,,10323,0.4152,1.3822,0.967,2.3286,1.0507,1.6606,3.9991,0.4272,0.9759,0.3183,0.6705,openmrg 2015-07-05 19
openmrg,constant idw,pws,,9882,0.399,0.1208,-0.2781,-0.6971,0.3839,0.6782,1.6998,0.3355,0.2016,0.1872,0.1926,openmrg 2015-07-05 19
openmrg,constant line,pws,,10323,0.4152,0.151,-0.2642,-0.6363,0.4156,0.7489,1.8035,0.2745,0.2232,0.2251,0.2096,openmrg 2015-07-05 19
openmrg,constant gmz,pws,,10323,0.4152,0.1574,-0.2579,-0.621,0.4204,0.7679,1.8492,0.2639,0.2315,0.2136,0.2178,openmrg 2015-07-05 19
openmrg,pycomlink idw,pws,,9882,0.399,0.4155,0.0165,0.0415,0.2613,0.5391,1.3512,0.632,0.8481,0.134,0.7497,openmrg 2015-07-05 19
openmrg,pycomlink line,pws,,10323,0.4152,0.4244,0.0091,0.022,0.2768,0.5717,1.3767,0.6003,0.8323,0.1582,0.7198,openmrg 2015-07-05 19
openmrg,pycomlink gmz,pws,,10323,0.4152,0.4358,0.0206,0.0495,0.2903,0.5953,1.4336,0.5806,0.8356,0.1616,0.7196,openmrg 2015-07-05 19
openmrg,nearby idw,pws,,9882,0.399,0.2713,-0.1277,-0.3201,0.3082,0.5909,1.4811,0.5725,0.4809,0.0874,0.4597,openmrg 2015-07-05 19
openmrg,nearby line,pws,,10323,0.4152,0.2656,-0.1497,-0.3604,0.3153,0.6148,1.4806,0.5488,0.4848,0.093,0.4619,openmrg 2015-07-05 19
openmrg,nearby gmz,pws,,10323,0.4152,0.2669,-0.1484,-0.3573,0.3231,0.6321,1.5222,0.5312,0.4808,0.0935,0.4581,openmrg 2015-07-05 19
openmrg,rnn idw,pws,,9891,0.3987,0.5486,0.1499,0.3759,0.3412,0.6615,1.6591,0.6045,0.8717,0.1252,0.775,openmrg 2015-07-05 19
openmrg,rnn line,pws,,10323,0.4152,0.5657,0.1505,0.3623,0.3603,0.7009,1.688,0.5728,0.8641,0.1281,0.7668,openmrg 2015-07-05 19
openmrg,rnn gmz,pws,,10323,0.4152,0.5738,0.1585,0.3817,0.3695,0.7175,1.7279,0.5658,0.8571,0.1284,0.761,openmrg 2015-07-05 19
openmrg,dynamic idw,city,,2898,0.1577,0.7048,0.5471,3.4688,0.5743,0.883,5.5988,0.6214,0.9939,0.5562,0.4426,openmrg 2015-07-05 19
openmrg,dynamic line,city,,2898,0.1577,0.7929,0.6351,4.0273,0.6519,1.006,6.379,0.6388,0.9949,0.5841,0.415,openmrg 2015-07-05 19
openmrg,dynamic gmz,city,,2898,0.1577,0.7947,0.637,4.0389,0.6563,1.0287,6.5228,0.6118,0.9949,0.5858,0.4133,openmrg 2015-07-05 19
openmrg,constant idw,city,,2898,0.1577,0.0251,-0.1327,-0.8411,0.147,0.3043,1.9295,0.3242,0.164,0.1869,0.158,openmrg 2015-07-05 19
openmrg,constant line,city,,2898,0.1577,0.0323,-0.1255,-0.7955,0.147,0.3009,1.9077,0.3304,0.1772,0.2658,0.1665,openmrg 2015-07-05 19
openmrg,constant gmz,city,,2898,0.1577,0.0325,-0.1253,-0.7942,0.1479,0.3024,1.9174,0.3175,0.1752,0.2743,0.1643,openmrg 2015-07-05 19
openmrg,pycomlink idw,city,,2898,0.1577,0.1922,0.0345,0.2187,0.1381,0.2914,1.8474,0.4908,0.8859,0.2869,0.6532,openmrg 2015-07-05 19
openmrg,pycomlink line,city,,2898,0.1577,0.1972,0.0395,0.2502,0.144,0.2961,1.8773,0.4793,0.8839,0.3235,0.6213,openmrg 2015-07-05 19
openmrg,pycomlink gmz,city,,2898,0.1577,0.2013,0.0436,0.2764,0.1489,0.3061,1.9411,0.4651,0.8798,0.3276,0.6158,openmrg 2015-07-05 19
openmrg,nearby idw,city,,2898,0.1577,0.0949,-0.0628,-0.3985,0.1422,0.3137,1.9892,0.3111,0.5153,0.2094,0.4534,openmrg 2015-07-05 19
openmrg,nearby line,city,,2898,0.1577,0.0964,-0.0614,-0.389,0.1402,0.3074,1.9489,0.3342,0.5112,0.2119,0.4494,openmrg 2015-07-05 19
openmrg,nearby gmz,city,,2898,0.1577,0.0977,-0.06,-0.3804,0.1424,0.3154,1.9997,0.3169,0.5122,0.2116,0.4503,openmrg 2015-07-05 19
openmrg,rnn idw,city,,2898,0.1577,0.2285,0.0708,0.4487,0.1683,0.3233,2.0501,0.5124,0.8462,0.3742,0.5619,openmrg 2015-07-05 19
openmrg,rnn line,city,,2898,0.1577,0.2406,0.0829,0.5255,0.1802,0.3441,2.1817,0.5157,0.8422,0.3763,0.5584,openmrg 2015-07-05 19
openmrg,rnn gmz,city,,2898,0.1577,0.2385,0.0807,0.512,0.1797,0.3478,2.2054,0.5066,0.835,0.3755,0.5559,openmrg 2015-07-05 19
openmrg,pws,radar,2.0,28160,0.3751,0.4993,0.1243,0.3313,0.3545,1.0508,2.8015,0.6711,0.8247,0.2335,0.6591,openmrg 2015-07-07 17
openmrg,city,radar,2.0,11040,0.3387,0.472,0.1334,0.3938,0.3107,0.8324,2.4578,0.6898,0.795,0.2082,0.6576,openmrg 2015-07-07 17
openmrg,dynamic idw,radar,2.0,34077,0.3815,0.9884,0.6069,1.5908,0.6701,1.4268,3.74,0.7742,0.9592,0.3893,0.5952,openmrg 2015-07-07 17
openmrg,dynamic line,radar,2.0,34079,0.3817,0.9641,0.5824,1.5256,0.6466,1.3474,3.5298,0.7737,0.9559,0.3881,0.5951,openmrg 2015-07-07 17
openmrg,dynamic gmz,radar,2.0,34079,0.3817,0.9716,0.5899,1.5454,0.6594,1.3851,3.6285,0.7603,0.9497,0.3955,0.5858,openmrg 2015-07-07 17
openmrg,constant idw,radar,2.0,34077,0.3815,0.2974,-0.0841,-0.2203,0.3126,0.7121,1.8667,0.7222,0.4819,0.1938,0.4319,openmrg 2015-07-07 17
openmrg,constant line,radar,2.0,34079,0.3817,0.29,-0.0917,-0.2403,0.3099,0.6935,1.8167,0.7202,0.4699,0.2042,0.4194,openmrg 2015-07-07 17
openmrg,constant gmz,radar,2.0,34079,0.3817,0.2961,-0.0856,-0.2243,0.3152,0.7177,1.88,0.7086,0.4738,0.2102,0.4207,openmrg 2015-07-07 17
openmrg,pycomlink idw,radar,2.0,34077,0.3815,0.4463,0.0648,0.1697,0.3141,0.7948,2.0834,0.7711,0.6924,0.1689,0.607,openmrg 2015-07-07 17
openmrg,pycomlink line,radar,2.0,34079,0.3817,0.4204,0.0386,0.1012,0.3022,0.7465,1.9557,0.7713,0.6789,0.1668,0.5977,openmrg 2015-07-07 17
openmrg,pycomlink gmz,radar,2.0,34079,0.3817,0.4239,0.0422,0.1106,0.3072,0.7689,2.0143,0.7626,0.6767,0.17,0.5943,openmrg 2015-07-07 17
openmrg,nearby idw,radar,2.0,34080,0.3818,0.3883,0.0064,0.0168,0.315,0.7472,1.9568,0.7334,0.5938,0.1469,0.5387,openmrg 2015-07-07 17
openmrg,nearby line,radar,2.0,34080,0.3818,0.3643,-0.0175,-0.0459,0.3017,0.7079,1.8541,0.733,0.5845,0.1426,0.5327,openmrg 2015-07-07 17
openmrg,nearby gmz,radar,2.0,34080,0.3818,0.3674,-0.0145,-0.0379,0.3075,0.7348,1.9245,0.7213,0.5803,0.1441,0.5287,openmrg 2015-07-07 17
openmrg,rnn idw,radar,2.0,34080,0.3818,0.6151,0.2333,0.611,0.3467,0.72,1.8857,0.8051,0.9124,0.2496,0.7,openmrg 2015-07-07 17
openmrg,rnn line,radar,2.0,34080,0.3818,0.6152,0.2333,0.6111,0.3474,0.7222,1.8914,0.8013,0.9125,0.2556,0.6948,openmrg 2015-07-07 17
openmrg,rnn gmz,radar,2.0,34080,0.3818,0.6194,0.2375,0.6221,0.3546,0.7521,1.9698,0.7917,0.9078,0.2547,0.6928,openmrg 2015-07-07 17
openmrg,city,pws,2.0,9840,0.4117,0.4907,0.079,0.1918,0.2607,0.7468,1.8137,0.7633,0.8386,0.1535,0.7279,openmrg 2015-07-07 17
openmrg,dynamic idw,pws,2.0,28158,0.4994,0.9886,0.4893,0.9798,0.6403,1.3253,2.654,0.7331,0.9461,0.3738,0.6047,openmrg 2015-07-07 17
openmrg,dynamic line,pws,2.0,28159,0.4994,0.9612,0.4618,0.9248,0.6207,1.2678,2.5389,0.7302,0.9421,0.3731,0.6037,openmrg 2015-07-07 17
openmrg,dynamic gmz,pws,2.0,28159,0.4994,0.9705,0.4711,0.9435,0.6388,1.3219,2.6472,0.7123,0.9371,0.3815,0.5938,openmrg 2015-07-07 17
openmrg,constant idw,pws,2.0,28158,0.4994,0.288,-0.2114,-0.4233,0.3475,0.906,1.8144,0.7796,0.4645,0.1637,0.4258,openmrg 2015-07-07 17
openmrg,constant line,pws,2.0,28159,0.4994,0.2801,-0.2192,-0.4391,0.3532,0.9237,1.8498,0.7727,0.4554,0.1751,0.4153,openmrg 2015-07-07 17
openmrg,constant gmz,pws,2.0,28159,0.4994,0.2875,-0.2118,-0.4242,0.3588,0.9455,1.8934,0.7542,0.4599,0.1826,0.4171,openmrg 2015-07-07 17
openmrg,pycomlink idw,pws,2.0,28158,0.4994,0.433,-0.0664,-0.1329,0.32,0.8675,1.7373,0.7888,0.6841,0.1254,0.623,openmrg 2015-07-07 17
openmrg,pycomlink line,pws,2.0,28159,0.4994,0.4063,-0.093,-0.1863,0.3148,0.8673,1.7368,0.7874,0.6733,0.1225,0.6155,openmrg 2015-07-07 17
openmrg,pycomlink gmz,pws,2.0,28159,0.4994,0.4113,-0.088,-0.1763,0.3212,0.8895,1.7812,0.7756,0.6721,0.125,0.6132,openmrg 2015-07-07 17
openmrg,nearby idw,pws,2.0,28160,0.4993,0.3778,-0.1216,-0.2435,0.3156,0.9017,1.8058,0.7691,0.5844,0.0957,0.5504,openmrg 2015-07-07 17
openmrg,nearby line,pws,2.0,28160,0.4993,0.3537,-0.1456,-0.2916,0.3159,0.9202,1.8427,0.7607,0.5772,0.0923,0.5452,openmrg 2015-07-07 17
openmrg,nearby gmz,pws,2.0,28160,0.4993,0.3582,-0.1412,-0.2827,0.3222,0.9434,1.8892,0.7448,0.5733,0.0941,0.5411,openmrg 2015-07-07 17
openmrg,rnn idw,pws,2.0,28160,0.4993,0.5825,0.0832,0.1665,0.3408,0.8939,1.7901,0.7711,0.8838,0.2213,0.7064,openmrg 2015-07-07 17
openmrg,rnn line,pws,2.0,28160,0.4993,0.5808,0.0815,0.1632,0.3408,0.898,1.7983,0.7686,0.8884,0.2251,0.7062,openmrg 2015-07-07 17
openmrg,rnn gmz,pws,2.0,28160,0.4993,0.5836,0.0843,0.1688,0.3463,0.9227,1.8478,0.7543,0.8818,0.2249,0.7021,openmrg 2015-07-07 17
openmrg,dynamic idw,city,2.0,11040,0.472,1.1765,0.7045,1.4924,0.772,1.5156,3.2108,0.7951,0.9748,0.4781,0.5149,openmrg 2015-07-07 17
openmrg,dynamic line,city,2.0,11040,0.472,1.0918,0.6198,1.313,0.7005,1.3844,2.9328,0.7869,0.9732,0.4659,0.5264,openmrg 2015-07-07 17
openmrg,dynamic gmz,city,2.0,11040,0.472,1.1009,0.6289,1.3322,0.7152,1.4182,3.0044,0.7746,0.9718,0.4788,0.5134,openmrg 2015-07-07 17
openmrg,constant idw,city,2.0,11040,0.472,0.3281,-0.144,-0.305,0.3208,0.8609,1.8238,0.6809,0.5599,0.18,0.4986,openmrg 2015-07-07 17
openmrg,constant line,city,2.0,11040,0.472,0.3083,-0.1638,-0.347,0.317,0.8591,1.82,0.6777,0.5447,0.1768,0.4877,openmrg 2015-07-07 17
openmrg,constant gmz,city,2.0,11040,0.472,0.3141,-0.1579,-0.3345,0.3206,0.8679,1.8387,0.6719,0.5514,0.1818,0.4912,openmrg 2015-07-07 17
openmrg,pycomlink idw,city,2.0,11040,0.472,0.5076,0.0355,0.0752,0.2998,0.7705,1.6322,0.7973,0.7527,0.1677,0.6535,openmrg 2015-07-07 17
openmrg,pycomlink line,city,2.0,11040,0.472,0.4714,-0.0006,-0.0013,0.2898,0.7551,1.5996,0.7877,0.7458,0.1626,0.6515,openmrg 2015-07-07 17
openmrg,pycomlink gmz,city,2.0,11040,0.472,0.474,0.002,0.0042,0.2947,0.7697,1.6306,0.782,0.7465,0.1622,0.6522,openmrg 2015-07-07 17
openmrg,nearby idw,city,2.0,11040,0.472,0.4417,-0.0304,-0.0644,0.2735,0.7281,1.5425,0.7864,0.7038,0.104,0.6506,openmrg 2015-07-07 17
openmrg,nearby line,city,2.0,11040,0.472,0.4126,-0.0595,-0.126,0.2729,0.7336,1.554,0.7753,0.6895,0.0995,0.6407,openmrg 2015-07-07 17
openmrg,nearby gmz,city,2.0,11040,0.472,0.4161,-0.0559,-0.1184,0.2782,0.7537,1.5966,0.7655,0.6893,0.1001,0.6402,openmrg 2015-07-07 17
openmrg,rnn idw,city,2.0,11040,0.472,0.5514,0.0793,0.168,0.2566,0.6347,1.3446,0.8363,0.9255,0.1865,0.7635,openmrg 2015-07-07 17
openmrg,rnn line,city,2.0,11040,0.472,0.5524,0.0803,0.1701,0.2621,0.6544,1.3863,0.8263,0.9276,0.1882,0.7634,openmrg 2015-07-07 17
openmrg,rnn gmz,city,2.0,11040,0.472,0.554,0.0819,0.1736,0.2638,0.6626,1.4038,0.823,0.9221,0.1891,0.7589,openmrg 2015-07-07 17
openmrg,pws,radar,,47400,0.3989,0.4945,0.0956,0.2396,0.3726,1.0448,2.6191,0.648,0.8182,0.2614,0.6345,openmrg 2015-07-07 17
openmrg,city,radar,,12880,0.3356,0.4634,0.1278,0.3808,0.3096,0.8433,2.513,0.679,0.793,0.2124,0.6533,openmrg 2015-07-07 17
openmrg,dynamic idw,radar,,59377,0.3891,0.9487,0.5596,1.4379,0.6512,1.3706,3.5221,0.7446,0.947,0.3855,0.594,openmrg 2015-07-07 17
openmrg,dynamic line,radar,,63146,0.3949,0.9311,0.5362,1.3577,0.6427,1.3069,3.3093,0.7269,0.9402,0.3877,0.5893,openmrg 2015-07-07 17
openmrg,dynamic gmz,radar,,63146,0.3949,0.9391,0.5442,1.3781,0.6532,1.3278,3.3622,0.7174,0.9336,0.3921,0.5827,openmrg 2015-07-07 17
openmrg,constant idw,radar,,59377,0.3891,0.2923,-0.0969,-0.2489,0.3249,0.7488,1.9241,0.6928,0.48,0.2002,0.4285,openmrg 2015-07-07 17
openmrg,constant line,radar,,63146,0.3949,0.2827,-0.1122,-0.284,0.3306,0.7475,1.8928,0.6736,0.4642,0.212,0.4127,openmrg 2015-07-07 17
openmrg,constant gmz,radar,,63146,0.3949,0.2869,-0.108,-0.2734,0.3333,0.7577,1.9188,0.6637,0.4686,0.215,0.4153,openmrg 2015-07-07 17
openmrg,pycomlink idw,radar,,59377,0.3891,0.4263,0.0371,0.0954,0.3188,0.8097,2.0808,0.7417,0.6829,0.1682,0.6,openmrg 2015-07-07 17
openmrg,pycomlink line,radar,,63146,0.3949,0.3968,0.0018,0.0047,0.3145,0.7731,1.9577,0.7282,0.6605,0.1671,0.5832,openmrg 2015-07-07 17
openmrg,pycomlink gmz,radar,,63146,0.3949,0.3977,0.0028,0.0072,0.3159,0.7778,1.9695,0.7223,0.6564,0.1686,0.5793,openmrg 2015-07-07 17
openmrg,nearby idw,radar,,59400,0.3906,0.3762,-0.0144,-0.0368,0.3295,0.7998,2.0477,0.6996,0.5797,0.1505,0.5257,openmrg 2015-07-07 17
openmrg,nearby line,radar,,63160,0.3958,0.3445,-0.0512,-0.1295,0.3235,0.7631,1.9282,0.6856,0.5588,0.1496,0.5088,openmrg 2015-07-07 17
openmrg,nearby gmz,radar,,63160,0.3958,0.3444,-0.0514,-0.1299,0.3268,0.7797,1.9702,0.6746,0.5535,0.1502,0.5042,openmrg 2015-07-07 17
openmrg,rnn idw,radar,,59640,0.3903,0.6271,0.2368,0.6067,0.381,0.7884,2.0199,0.7622,0.9011,0.2661,0.6792,openmrg 2015-07-07 17
openmrg,rnn line,radar,,63520,0.3952,0.6257,0.2306,0.5834,0.3937,0.8097,2.0488,0.7366,0.8955,0.2763,0.6673,openmrg 2015-07-07 17
openmrg,rnn gmz,radar,,63520,0.3952,0.6344,0.2392,0.6053,0.4044,0.8472,2.144,0.7245,0.8906,0.2775,0.6636,openmrg 2015-07-07 17
openmrg,city,pws,,11200,0.4123,0.481,0.0688,0.1668,0.2676,0.7744,1.8783,0.7424,0.836,0.1564,0.7238,openmrg 2015-07-07 17
openmrg,dynamic idw,pws,,43904,0.4922,0.952,0.4597,0.934,0.6373,1.3016,2.6444,0.7223,0.9155,0.373,0.5927,openmrg 2015-07-07 17
openmrg,dynamic line,pws,,45867,0.4939,0.9364,0.4425,0.8958,0.6326,1.2637,2.5586,0.7117,0.9094,0.3708,0.5921,openmrg 2015-07-07 17
openmrg,dynamic gmz,pws,,45867,0.4939,0.9468,0.4529,0.917,0.6494,1.3052,2.6425,0.6955,0.9037,0.3768,0.5844,openmrg 2015-07-07 17
openmrg,constant idw,pws,,43904,0.4922,0.284,-0.2082,-0.423,0.358,0.9392,1.9082,0.7504,0.448,0.1849,0.4067,openmrg 2015-07-07 17
openmrg,constant line,pws,,45867,0.4939,0.2798,-0.2141,-0.4336,0.3705,0.9589,1.9414,0.7339,0.4353,0.2007,0.3924,openmrg 2015-07-07 17
openmrg,constant gmz,pws,,45867,0.4939,0.2865,-0.2074,-0.4199,0.3784,0.9799,1.9839,0.7172,0.4411,0.206,0.3958,openmrg 2015-07-07 17
openmrg,pycomlink idw,pws,,43904,0.4922,0.4156,-0.0767,-0.1557,0.3293,0.901,1.8305,0.7673,0.655,0.1399,0.5919,openmrg 2015-07-07 17
openmrg,pycomlink line,pws,,45867,0.4939,0.39,-0.1039,-0.2104,0.3303,0.903,1.8283,0.7596,0.6357,0.1352,0.5783,openmrg 2015-07-07 17
openmrg,pycomlink gmz,pws,,45867,0.4939,0.3931,-0.1008,-0.2041,0.3384,0.9224,1.8675,0.7482,0.6306,0.1393,0.5722,openmrg 2015-07-07 17
openmrg,nearby idw,pws,,43920,0.4921,0.3669,-0.1252,-0.2544,0.3329,0.9732,1.9775,0.7213,0.5536,0.1053,0.5198,openmrg 2015-07-07 17
openmrg,nearby line,pws,,45880,0.4938,0.3408,-0.1531,-0.31,0.3378,0.9771,1.9787,0.7125,0.537,0.1031,0.5058,openmrg 2015-07-07 17
openmrg,nearby gmz,pws,,45880,0.4938,0.3434,-0.1504,-0.3047,0.3468,1.0054,2.0359,0.6934,0.5325,0.1051,0.5011,openmrg 2015-07-07 17
openmrg,rnn idw,pws,,43960,0.4918,0.5949,0.1031,0.2096,0.3761,0.9404,1.912,0.7404,0.8588,0.2358,0.6789,openmrg 2015-07-07 17
openmrg,rnn line,pws,,45880,0.4938,0.5982,0.1044,0.2113,0.387,0.9588,1.9416,0.7249,0.8564,0.2412,0.6732,openmrg 2015-07-07 17
openmrg,rnn gmz,pws,,45880,0.4938,0.6054,0.1116,0.2259,0.3973,0.9989,2.0228,0.7031,0.85,0.2438,0.6672,openmrg 2015-07-07 17
openmrg,dynamic idw,city,,12880,0.4634,1.1388,0.6754,1.4577,0.745,1.4586,3.1479,0.7927,0.9755,0.4865,0.507,openmrg 2015-07-07 17
openmrg,dynamic line,city,,12880,0.4634,1.0614,0.5981,1.2907,0.6802,1.3352,2.8815,0.7855,0.9743,0.4757,0.5171,openmrg 2015-07-07 17
openmrg,dynamic gmz,city,,12880,0.4634,1.0699,0.6065,1.3089,0.6932,1.3648,2.9455,0.7745,0.9728,0.4893,0.5035,openmrg 2015-07-07 17
openmrg,constant idw,city,,12880,0.4634,0.3197,-0.1437,-0.3101,0.3172,0.8662,1.8694,0.6733,0.5594,0.1862,0.4959,openmrg 2015-07-07 17
openmrg,constant line,city,,12880,0.4634,0.3016,-0.1618,-0.3491,0.3136,0.8644,1.8654,0.6709,0.5448,0.182,0.4859,openmrg 2015-07-07 17
openmrg,constant gmz,city,,12880,0.4634,0.3069,-0.1564,-0.3376,0.3167,0.8718,1.8814,0.6657,0.5511,0.1877,0.4889,openmrg 2015-07-07 17
openmrg,pycomlink idw,city,,12880,0.4634,0.4952,0.0318,0.0687,0.2943,0.7614,1.6431,0.7944,0.7512,0.1814,0.644,openmrg 2015-07-07 17
openmrg,pycomlink line,city,,12880,0.4634,0.4607,-0.0026,-0.0057,0.2849,0.7478,1.6138,0.7857,0.7446,0.1753,0.6429,openmrg 2015-07-07 17
openmrg,pycomlink gmz,city,,12880,0.4634,0.4631,-0.0002,-0.0005,0.2891,0.7597,1.6396,0.781,0.7456,0.1758,0.6433,openmrg 2015-07-07 17
openmrg,nearby idw,city,,12880,0.4634,0.4306,-0.0328,-0.0707,0.2734,0.7315,1.5787,0.7803,0.6993,0.1144,0.6414,openmrg 2015-07-07 17
openmrg,nearby line,city,,12880,0.4634,0.4034,-0.0599,-0.1294,0.2729,0.7362,1.5888,0.7707,0.6864,0.1109,0.6322,openmrg 2015-07-07 17
openmrg,nearby gmz,city,,12880,0.4634,0.4066,-0.0567,-0.1225,0.2774,0.7531,1.6253,0.762,0.6864,0.1116,0.6319,openmrg 2015-07-07 17
openmrg,rnn idw,city,,12880,0.4634,0.5478,0.0845,0.1823,0.262,0.6502,1.4032,0.8283,0.9259,0.1946,0.7566,openmrg 2015-07-07 17
openmrg,rnn line,city,,12880,0.4634,0.5506,0.0872,0.1882,0.2686,0.6699,1.4457,0.8183,0.9282,0.1964,0.7566,openmrg 2015-07-07 17
openmrg,rnn gmz,city,,12880,0.4634,0.5515,0.0882,0.1903,0.2696,0.676,1.4589,0.8159,0.9232,0.1969,0.7528,openmrg 2015-07-07 17
openmrg,pws,radar,2.0,8448,0.5048,0.3522,-0.1525,-0.3022,0.4317,0.9925,1.9662,0.5839,0.7202,0.1886,0.6169,openmrg 2015-07-09 18
openmrg,city,radar,2.0,3312,0.4836,0.2619,-0.2217,-0.4584,0.3591,0.7573,1.5661,0.4801,0.7021,0.134,0.6333,openmrg 2015-07-09 18
openmrg,dynamic idw,radar,2.0,10224,0.5116,0.6498,0.1382,0.2701,0.4332,0.9568,1.8701,0.6508,0.8942,0.2971,0.6489,openmrg 2015-07-09 18
openmrg,dynamic line,radar,2.0,10224,0.5116,0.6519,0.1403,0.2742,0.4411,0.965,1.8862,0.6369,0.8908,0.3072,0.6385,openmrg 2015-07-09 18
openmrg,dynamic gmz,radar,2.0,10224,0.5116,0.6707,0.1591,0.3109,0.4603,1.0247,2.0029,0.6119,0.8841,0.3186,0.6255,openmrg 2015-07-09 18
openmrg,constant idw,radar,2.0,10224,0.5116,0.1209,-0.3907,-0.7637,0.4457,1.04,2.0328,0.5713,0.2676,0.137,0.2567,openmrg 2015-07-09 18
openmrg,constant line,radar,2.0,10224,0.5116,0.1208,-0.3908,-0.7638,0.4499,1.0434,2.0395,0.5713,0.273,0.1595,0.2595,openmrg 2015-07-09 18
openmrg,constant gmz,radar,2.0,10224,0.5116,0.1306,-0.3811,-0.7448,0.4522,1.0503,2.0529,0.5369,0.275,0.1677,0.2605,openmrg 2015-07-09 18
openmrg,pycomlink idw,radar,2.0,10224,0.5116,0.1952,-0.3164,-0.6185,0.4006,0.9513,1.8595,0.6463,0.4197,0.0974,0.4015,openmrg 2015-07-09 18
openmrg,pycomlink line,radar,2.0,10224,0.5116,0.1885,-0.3231,-0.6315,0.4033,0.9597,1.8758,0.6425,0.4143,0.1016,0.3958,openmrg 2015-07-09 18
openmrg,pycomlink gmz,radar,2.0,10224,0.5116,0.1985,-0.3131,-0.612,0.4036,0.9665,1.8891,0.617,0.4175,0.1009,0.3988,openmrg 2015-07-09 18
openmrg,nearby idw,radar,2.0,10224,0.5116,0.1744,-0.3372,-0.6591,0.4186,0.9933,1.9415,0.6037,0.3826,0.0802,0.3702,openmrg 2015-07-09 18
openmrg,nearby line,radar,2.0,10224,0.5116,0.1671,-0.3446,-0.6735,0.4187,0.9956,1.946,0.6127,0.3784,0.0872,0.3652,openmrg 2015-07-09 18
openmrg,nearby gmz,radar,2.0,10224,0.5116,0.1722,-0.3394,-0.6634,0.4204,1.0003,1.9552,0.5922,0.376,0.0872,0.363,openmrg 2015-07-09 18
openmrg,rnn idw,radar,2.0,10224,0.5116,0.2847,-0.227,-0.4436,0.3668,0.9004,1.76,0.6732,0.6413,0.1028,0.5974,openmrg 2015-07-09 18
openmrg,rnn line,radar,2.0,10224,0.5116,0.2847,-0.227,-0.4436,0.3675,0.9016,1.7623,0.6723,0.6417,0.1047,0.5969,openmrg 2015-07-09 18
openmrg,rnn gmz,radar,2.0,10224,0.5116,0.289,-0.2226,-0.4351,0.3675,0.9075,1.7738,0.6571,0.6351,0.1044,0.5913,openmrg 2015-07-09 18
openmrg,city,pws,2.0,2952,0.275,0.2759,0.0009,0.0031,0.2594,1.0612,3.8588,0.1798,0.7854,0.3271,0.5684,openmrg 2015-07-09 18
openmrg,dynamic idw,pws,2.0,8448,0.3522,0.6835,0.3313,0.9404,0.5143,1.0814,3.0702,0.5775,0.8847,0.3917,0.5636,openmrg 2015-07-09 18
openmrg,dynamic line,pws,2.0,8448,0.3522,0.6837,0.3315,0.9412,0.5147,1.0656,3.0251,0.5796,0.8911,0.3944,0.5639,openmrg 2015-07-09 18
openmrg,dynamic gmz,pws,2.0,8448,0.3522,0.7037,0.3514,0.9977,0.5347,1.1181,3.1743,0.5665,0.885,0.4053,0.552,openmrg 2015-07-09 18
openmrg,constant idw,pws,2.0,8448,0.3522,0.122,-0.2303,-0.6537,0.3004,0.8928,2.5346,0.6731,0.2911,0.1796,0.2737,openmrg 2015-07-09 18
openmrg,constant line,pws,2.0,8448,0.3522,0.1235,-0.2288,-0.6495,0.3034,0.889,2.5238,0.6891,0.3017,0.1994,0.2806,openmrg 2015-07-09 18
openmrg,constant gmz,pws,2.0,8448,0.3522,0.1336,-0.2186,-0.6206,0.3052,0.8879,2.5207,0.6611,0.3073,0.2032,0.285,openmrg 2015-07-09 18
openmrg,pycomlink idw,pws,2.0,8448,0.3522,0.2004,-0.1518,-0.4311,0.273,0.8512,2.4167,0.6745,0.4784,0.1031,0.4534,openmrg 2015-07-09 18
openmrg,pycomlink line,pws,2.0,8448,0.3522,0.194,-0.1583,-0.4494,0.2711,0.842,2.3905,0.6949,0.477,0.1096,0.4506,openmrg 2015-07-09 18
openmrg,pycomlink gmz,pws,2.0,8448,0.3522,0.2044,-0.1479,-0.4198,0.2726,0.8425,2.3919,0.6779,0.4792,0.1096,0.4525,openmrg 2015-07-09 18
openmrg,nearby idw,pws,2.0,8448,0.3522,0.1788,-0.1734,-0.4923,0.2768,0.8785,2.4941,0.6537,0.4321,0.088,0.4148,openmrg 2015-07-09 18
openmrg,nearby line,pws,2.0,8448,0.3522,0.1713,-0.1809,-0.5136,0.2733,0.878,2.4926,0.6674,0.4324,0.089,0.4149,openmrg 2015-07-09 18
openmrg,nearby gmz,pws,2.0,8448,0.3522,0.177,-0.1753,-0.4976,0.2752,0.8811,2.5014,0.65,0.4327,0.0894,0.415,openmrg 2015-07-09 18
openmrg,rnn idw,pws,2.0,8448,0.3522,0.2811,-0.0711,-0.2019,0.2933,0.8834,2.508,0.6157,0.6494,0.1904,0.5634,openmrg 2015-07-09 18
openmrg,rnn line,pws,2.0,8448,0.3522,0.2803,-0.072,-0.2043,0.2935,0.8803,2.4993,0.6207,0.6539,0.188,0.5679,openmrg 2015-07-09 18
openmrg,rnn gmz,pws,2.0,8448,0.3522,0.2838,-0.0684,-0.1942,0.294,0.8792,2.4961,0.618,0.647,0.1896,0.5619,openmrg 2015-07-09 18
openmrg,dynamic idw,city,2.0,3312,0.2619,0.7158,0.4539,1.7331,0.4888,0.9275,3.5412,0.7022,0.9418,0.4606,0.522,openmrg 2015-07-09 18
openmrg,dynamic line,city,2.0,3312,0.2619,0.6828,0.4209,1.6071,0.4599,0.8824,3.369,0.6779,0.9277,0.4637,0.5148,openmrg 2015-07-09 18
openmrg,dynamic gmz,city,2.0,3312,0.2619,0.6947,0.4328,1.6524,0.477,0.9516,3.6332,0.642,0.9248,0.4733,0.505,openmrg 2015-07-09 18
openmrg,constant idw,city,2.0,3312,0.2619,0.0683,-0.1936,-0.739,0.2539,0.5428,2.0724,0.1631,0.2638,0.1487,0.2522,openmrg 2015-07-09 18
openmrg,constant line,city,2.0,3312,0.2619,0.0723,-0.1896,-0.7239,0.2574,0.5587,2.1333,0.1411,0.2688,0.1596,0.2557,openmrg 2015-07-09 18
openmrg,constant gmz,city,2.0,3312,0.2619,0.0806,-0.1813,-0.6922,0.2612,0.6002,2.2918,0.1257,0.2759,0.1543,0.2627,openmrg 2015-07-09 18
openmrg,pycomlink idw,city,2.0,3312,0.2619,0.184,-0.0779,-0.2975,0.1921,0.4442,1.696,0.5528,0.5035,0.1341,0.4671,openmrg 2015-07-09 18
openmrg,pycomlink line,city,2.0,3312,0.2619,0.1788,-0.0831,-0.3174,0.1971,0.4678,1.786,0.5092,0.4986,0.1416,0.4607,openmrg 2015-07-09 18
openmrg,pycomlink gmz,city,2.0,3312,0.2619,0.1892,-0.0727,-0.2775,0.203,0.519,1.9817,0.4661,0.5071,0.1447,0.467,openmrg 2015-07-09 18
openmrg,nearby idw,city,2.0,3312,0.2619,0.1553,-0.1066,-0.4072,0.1868,0.4324,1.6509,0.5725,0.4433,0.1007,0.4223,openmrg 2015-07-09 18
openmrg,nearby line,city,2.0,3312,0.2619,0.1477,-0.1142,-0.4359,0.1855,0.4379,1.6721,0.5553,0.4426,0.0983,0.4222,openmrg 2015-07-09 18
openmrg,nearby gmz,city,2.0,3312,0.2619,0.1519,-0.11,-0.4199,0.1905,0.4591,1.7531,0.536,0.4404,0.1026,0.4193,openmrg 2015-07-09 18
openmrg,rnn idw,city,2.0,3312,0.2619,0.2935,0.0316,0.1208,0.1751,0.4077,1.5565,0.7166,0.6511,0.1782,0.5705,openmrg 2015-07-09 18
openmrg,rnn line,city,2.0,3312,0.2619,0.2973,0.0354,0.1352,0.1773,0.4267,1.6293,0.7002,0.6553,0.1801,0.5728,openmrg 2015-07-09 18
openmrg,rnn gmz,city,2.0,3312,0.2619,0.3023,0.0404,0.1543,0.1823,0.4838,1.8473,0.6566,0.6511,0.1818,0.5688,openmrg 2015-07-09 18
openmrg,pws,radar,,14220,0.4603,0.338,-0.1223,-0.2658,0.4196,1.0464,2.2734,0.5139,0.7169,0.2328,0.5888,openmrg 2015-07-09 18
openmrg,city,radar,,3864,0.4777,0.2575,-0.2202,-0.461,0.3674,0.7944,1.6631,0.4366,0.7123,0.1429,0.6366,openmrg 2015-07-09 18
openmrg,dynamic idw,radar,,17820,0.4633,0.6209,0.1576,0.3401,0.4321,0.9419,2.0329,0.6439,0.8796,0.3323,0.6118,openmrg 2015-07-09 18
openmrg,dynamic line,radar,,18948,0.4461,0.6131,0.1669,0.3741,0.4374,0.9434,2.1146,0.62,0.8778,0.354,0.5927,openmrg 2015-07-09 18
openmrg,dynamic gmz,radar,,18948,0.4461,0.6307,0.1846,0.4137,0.4532,0.9924,2.2243,0.6004,0.8692,0.3601,0.5837,openmrg 2015-07-09 18
openmrg,constant idw,radar,,17820,0.4633,0.1259,-0.3375,-0.7284,0.4016,0.9898,2.1364,0.582,0.2891,0.1771,0.2721,openmrg 2015-07-09 18
openmrg,constant line,radar,,18948,0.4461,0.1173,-0.3289,-0.7372,0.3916,0.9704,2.175,0.5872,0.288,0.1963,0.269,openmrg 2015-07-09 18
openmrg,constant gmz,radar,,18948,0.4461,0.127,-0.3191,-0.7152,0.3925,0.9702,2.1746,0.5642,0.2916,0.2019,0.2716,openmrg 2015-07-09 18
openmrg,pycomlink idw,radar,,17820,0.4633,0.1787,-0.2846,-0.6143,0.3628,0.9149,1.9746,0.6541,0.4132,0.1131,0.3925,openmrg 2015-07-09 18
openmrg,pycomlink line,radar,,18948,0.4461,0.1643,-0.2818,-0.6316,0.3517,0.8994,2.016,0.6563,0.4037,0.1203,0.3826,openmrg 2015-07-09 18
openmrg,pycomlink gmz,radar,,18948,0.4461,0.173,-0.2731,-0.6121,0.3511,0.8992,2.0155,0.6393,0.4065,0.1134,0.3864,openmrg 2015-07-09 18
openmrg,nearby idw,radar,,17820,0.4633,0.163,-0.3004,-0.6483,0.3788,0.9491,2.0484,0.6203,0.3773,0.1055,0.3613,openmrg 2015-07-09 18
openmrg,nearby line,radar,,18948,0.4461,0.1475,-0.2987,-0.6695,0.3656,0.9305,2.0857,0.6304,0.3693,0.1169,0.3521,openmrg 2015-07-09 18
openmrg,nearby gmz,radar,,18948,0.4461,0.1497,-0.2965,-0.6645,0.3658,0.9297,2.0838,0.6201,0.3621,0.1164,0.3456,openmrg 2015-07-09 18
openmrg,rnn idw,radar,,17892,0.4617,0.2719,-0.1898,-0.411,0.3412,0.8682,1.8806,0.6748,0.6476,0.1549,0.5789,openmrg 2015-07-09 18
openmrg,rnn line,radar,,19056,0.4439,0.265,-0.179,-0.4032,0.3333,0.8514,1.9177,0.6675,0.6517,0.1631,0.5783,openmrg 2015-07-09 18
openmrg,rnn gmz,radar,,19056,0.4439,0.2674,-0.1765,-0.3977,0.3298,0.8489,1.9121,0.6651,0.6453,0.1608,0.5743,openmrg 2015-07-09 18
openmrg,city,pws,,3360,0.2904,0.2721,-0.0183,-0.0631,0.2793,1.2038,4.1449,0.1503,0.7822,0.3363,0.5602,openmrg 2015-07-09 18
openmrg,dynamic idw,pws,,13176,0.3382,0.6605,0.3223,0.9527,0.5255,1.1033,3.2618,0.5246,0.866,0.3976,0.551,openmrg 2015-07-09 18
openmrg,dynamic line,pws,,13764,0.3356,0.6601,0.3244,0.9667,0.5355,1.1037,3.2885,0.5049,0.8652,0.4069,0.5429,openmrg 2015-07-09 18
openmrg,dynamic gmz,pws,,13764,0.3356,0.6806,0.345,1.028,0.5542,1.1508,3.4287,0.4952,0.8603,0.4138,0.5353,openmrg 2015-07-09 18
openmrg,constant idw,pws,,13176,0.3382,0.1296,-0.2086,-0.6169,0.2963,0.8979,2.6546,0.5995,0.3051,0.2213,0.2808,openmrg 2015-07-09 18
openmrg,constant line,pws,,13764,0.3356,0.1269,-0.2088,-0.622,0.2997,0.8943,2.6647,0.6075,0.314,0.2347,0.2865,openmrg 2015-07-09 18
openmrg,constant gmz,pws,,13764,0.3356,0.1383,-0.1974,-0.588,0.3016,0.8941,2.664,0.5876,0.3221,0.2351,0.2931,openmrg 2015-07-09 18
openmrg,pycomlink idw,pws,,13176,0.3382,0.1893,-0.1489,-0.4403,0.2729,0.8664,2.5614,0.613,0.4558,0.1327,0.4261,openmrg 2015-07-09 18
openmrg,pycomlink line,pws,,13764,0.3356,0.1785,-0.1571,-0.4682,0.2739,0.8597,2.5615,0.6229,0.4463,0.1467,0.4145,openmrg 2015-07-09 18
openmrg,pycomlink gmz,pws,,13764,0.3356,0.1887,-0.1469,-0.4378,0.2753,0.8611,2.5657,0.6099,0.4476,0.1439,0.4163,openmrg 2015-07-09 18
openmrg,nearby idw,pws,,13176,0.3382,0.1717,-0.1665,-0.4923,0.2818,0.8886,2.6272,0.5911,0.4044,0.1362,0.3802,openmrg 2015-07-09 18
openmrg,nearby line,pws,,13764,0.3356,0.1597,-0.1759,-0.5242,0.2802,0.8873,2.6436,0.5959,0.3977,0.1463,0.3723,openmrg 2015-07-09 18
openmrg,nearby gmz,pws,,13764,0.3356,0.1635,-0.1721,-0.5128,0.28,0.8889,2.6485,0.585,0.3962,0.1436,0.3715,openmrg 2015-07-09 18
openmrg,rnn idw,pws,,13188,0.3381,0.2698,-0.0683,-0.202,0.3047,0.8996,2.6606,0.5504,0.6412,0.2122,0.5468,openmrg 2015-07-09 18
openmrg,rnn line,pws,,13764,0.3356,0.2651,-0.0705,-0.21,0.3088,0.9003,2.6826,0.5405,0.6414,0.2164,0.5449,openmrg 2015-07-09 18
openmrg,rnn gmz,pws,,13764,0.3356,0.2677,-0.0679,-0.2023,0.307,0.8977,2.6748,0.5436,0.6372,0.2144,0.5428,openmrg 2015-07-09 18
openmrg,dynamic idw,city,,3864,0.2575,0.6947,0.4372,1.698,0.4727,0.8997,3.4945,0.6866,0.9421,0.455,0.5273,openmrg 2015-07-09 18
openmrg,dynamic line,city,,3864,0.2575,0.6669,0.4095,1.5904,0.4492,0.8587,3.3351,0.6622,0.9294,0.4655,0.5137,openmrg 2015-07-09 18
openmrg,dynamic gmz,city,,3864,0.2575,0.6783,0.4208,1.6345,0.4653,0.9225,3.583,0.6284,0.927,0.4733,0.5058,openmrg 2015-07-09 18
openmrg,constant idw,city,,3864,0.2575,0.0695,-0.188,-0.7301,0.2509,0.5403,2.0984,0.1597,0.2714,0.1445,0.2595,openmrg 2015-07-09 18
openmrg,constant line,city,,3864,0.2575,0.0728,-0.1847,-0.7173,0.2542,0.5541,2.1521,0.1398,0.2744,0.1527,0.2615,openmrg 2015-07-09 18
openmrg,constant gmz,city,,3864,0.2575,0.0806,-0.1769,-0.687,0.2575,0.5909,2.2949,0.1263,0.2841,0.1483,0.2707,openmrg 2015-07-09 18
openmrg,pycomlink idw,city,,3864,0.2575,0.1792,-0.0783,-0.3041,0.1935,0.4498,1.747,0.5271,0.5078,0.1391,0.4693,openmrg 2015-07-09 18
openmrg,pycomlink line,city,,3864,0.2575,0.174,-0.0835,-0.3241,0.1983,0.4708,1.8284,0.4858,0.5036,0.1436,0.4644,openmrg 2015-07-09 18
openmrg,pycomlink gmz,city,,3864,0.2575,0.184,-0.0735,-0.2854,0.2039,0.5159,2.0036,0.4474,0.5121,0.1476,0.4704,openmrg 2015-07-09 18
openmrg,nearby idw,city,,3864,0.2575,0.1485,-0.109,-0.4233,0.1903,0.4398,1.7083,0.5417,0.4331,0.1169,0.4096,openmrg 2015-07-09 18
openmrg,nearby line,city,,3864,0.2575,0.1417,-0.1158,-0.4496,0.1894,0.444,1.7245,0.5263,0.4324,0.1148,0.4095,openmrg 2015-07-09 18
openmrg,nearby gmz,city,,3864,0.2575,0.1457,-0.1118,-0.434,0.194,0.4628,1.7975,0.5086,0.4306,0.1196,0.4068,openmrg 2015-07-09 18
openmrg,rnn idw,city,,3864,0.2575,0.2908,0.0333,0.1293,0.1796,0.4155,1.6137,0.6942,0.6532,0.1777,0.5724,openmrg 2015-07-09 18
openmrg,rnn line,city,,3864,0.2575,0.2946,0.0371,0.144,0.1819,0.4314,1.6755,0.6806,0.658,0.1797,0.5751,openmrg 2015-07-09 18
openmrg,rnn gmz,city,,3864,0.2575,0.299,0.0415,0.1612,0.186,0.4807,1.8671,0.6421,0.655,0.1804,0.5725,openmrg 2015-07-09 18
openmrg,pws,radar,2.0,2112,0.5827,0.1804,-0.4022,-0.6903,0.4222,0.7555,1.2967,0.8141,0.5101,0.0063,0.5085,openmrg 2015-07-17 16
openmrg,city,radar,2.0,828,0.6778,0.2117,-0.4661,-0.6877,0.4993,0.815,1.2024,0.7307,0.5556,0.1294,0.5132,openmrg 2015-07-17 16
openmrg,dynamic idw,radar,2.0,2556,0.6661,0.3937,-0.2724,-0.409,0.4386,0.8,1.2011,0.6216,0.6797,0.1571,0.6032,openmrg 2015-07-17 16
openmrg,dynamic line,radar,2.0,2556,0.6661,0.4407,-0.2254,-0.3384,0.4738,0.8817,1.3237,0.5173,0.6979,0.1888,0.6003,openmrg 2015-07-17 16
openmrg,dynamic gmz,radar,2.0,2556,0.6661,0.4589,-0.2072,-0.3111,0.4897,0.9499,1.4261,0.4638,0.7005,0.2003,0.5959,openmrg 2015-07-17 16
openmrg,constant idw,radar,2.0,2556,0.6661,0.0301,-0.636,-0.9548,0.6819,1.1992,1.8004,-0.0555,0.0409,0.3636,0.04,openmrg 2015-07-17 16
openmrg,constant line,radar,2.0,2556,0.6661,0.0455,-0.6206,-0.9317,0.6977,1.2312,1.8485,-0.0632,0.0422,0.375,0.0412,openmrg 2015-07-17 16
openmrg,constant gmz,radar,2.0,2556,0.6661,0.0523,-0.6138,-0.9215,0.7027,1.2578,1.8883,-0.0606,0.0474,0.3652,0.0462,openmrg 2015-07-17 16
openmrg,pycomlink idw,radar,2.0,2556,0.6661,0.0172,-0.6488,-0.9741,0.6513,1.1442,1.7179,0.3238,0.0578,0.0825,0.0575,openmrg 2015-07-17 16
openmrg,pycomlink line,radar,2.0,2556,0.6661,0.0206,-0.6455,-0.9691,0.6498,1.1404,1.7121,0.2953,0.0728,0.2,0.0715,openmrg 2015-07-17 16
openmrg,pycomlink gmz,radar,2.0,2556,0.6661,0.0242,-0.6419,-0.9637,0.6471,1.1364,1.706,0.2718,0.0799,0.1854,0.0785,openmrg 2015-07-17 16
openmrg,nearby idw,radar,2.0,2556,0.6661,0.02,-0.6461,-0.9699,0.6471,1.1297,1.6961,0.6733,0.104,0.0244,0.1037,openmrg 2015-07-17 16
openmrg,nearby line,radar,2.0,2556,0.6661,0.0225,-0.6436,-0.9662,0.6454,1.1254,1.6895,0.6451,0.1046,0.0529,0.104,openmrg 2015-07-17 16
openmrg,nearby gmz,radar,2.0,2556,0.6661,0.0241,-0.642,-0.9639,0.6442,1.1228,1.6857,0.5979,0.1105,0.0608,0.1097,openmrg 2015-07-17 16
openmrg,rnn idw,radar,2.0,2556,0.6661,0.283,-0.383,-0.5751,0.4044,0.7111,1.0676,0.8975,0.6179,0.0125,0.6132,openmrg 2015-07-17 16
openmrg,rnn line,radar,2.0,2556,0.6661,0.2928,-0.3733,-0.5604,0.3958,0.7009,1.0523,0.8754,0.6205,0.0175,0.6138,openmrg 2015-07-17 16
openmrg,rnn gmz,radar,2.0,2556,0.6661,0.2952,-0.3709,-0.5569,0.3989,0.7075,1.0622,0.8451,0.6062,0.021,0.5985,openmrg 2015-07-17 16
openmrg,city,pws,2.0,738,0.1252,0.2021,0.0769,0.6145,0.0934,0.1916,1.5302,0.7335,0.9963,0.2076,0.7901,openmrg 2015-07-17 16
openmrg,dynamic idw,pws,2.0,2112,0.1804,0.3795,0.1991,1.1032,0.2483,0.5752,3.1876,0.5266,0.9685,0.3878,0.6002,openmrg 2015-07-17 16
openmrg,dynamic line,pws,2.0,2112,0.1804,0.4269,0.2464,1.3657,0.2926,0.7185,3.9817,0.429,0.9732,0.4228,0.5681,openmrg 2015-07-17 16
openmrg,dynamic gmz,pws,2.0,2112,0.1804,0.445,0.2646,1.4662,0.319,0.8289,4.5938,0.37,0.9637,0.441,0.5475,openmrg 2015-07-17 16
openmrg,constant idw,pws,2.0,2112,0.1804,0.0364,-0.144,-0.7983,0.2168,0.5109,2.8316,-0.0583,0.0,1.0,0.0,openmrg 2015-07-17 16
openmrg,constant line,pws,2.0,2112,0.1804,0.0551,-0.1254,-0.6948,0.2355,0.5984,3.3165,-0.063,0.0,1.0,0.0,openmrg 2015-07-17 16
openmrg,constant gmz,pws,2.0,2112,0.1804,0.0632,-0.1172,-0.6496,0.2437,0.6638,3.6788,-0.0607,0.0,1.0,0.0,openmrg 2015-07-17 16
openmrg,pycomlink idw,pws,2.0,2112,0.1804,0.013,-0.1674,-0.9278,0.1738,0.3836,2.1259,0.3384,0.0741,0.2295,0.0725,openmrg 2015-07-17 16
openmrg,pycomlink line,pws,2.0,2112,0.1804,0.0145,-0.166,-0.9199,0.1767,0.3871,2.1455,0.234,0.0915,0.4082,0.0861,openmrg 2015-07-17 16
openmrg,pycomlink gmz,pws,2.0,2112,0.1804,0.016,-0.1645,-0.9116,0.1766,0.3854,2.1357,0.2507,0.0868,0.4271,0.0815,openmrg 2015-07-17 16
openmrg,nearby idw,pws,2.0,2112,0.1804,0.0153,-0.1651,-0.9151,0.1671,0.3683,2.041,0.7165,0.1593,0.0472,0.1581,openmrg 2015-07-17 16
openmrg,nearby line,pws,2.0,2112,0.1804,0.0164,-0.164,-0.9091,0.1671,0.3674,2.0359,0.7006,0.1483,0.0962,0.146,openmrg 2015-07-17 16
openmrg,nearby gmz,pws,2.0,2112,0.1804,0.0171,-0.1633,-0.9052,0.1667,0.3665,2.0311,0.6809,0.1577,0.1071,0.1548,openmrg 2015-07-17 16
openmrg,rnn idw,pws,2.0,2112,0.1804,0.2385,0.0581,0.3218,0.1071,0.2188,1.2126,0.841,0.9101,0.2117,0.7313,openmrg 2015-07-17 16
openmrg,rnn line,pws,2.0,2112,0.1804,0.2407,0.0602,0.3338,0.1087,0.2274,1.26,0.8329,0.918,0.2177,0.7312,openmrg 2015-07-17 16
openmrg,rnn gmz,pws,2.0,2112,0.1804,0.2402,0.0598,0.3314,0.1107,0.2302,1.2758,0.8295,0.9022,0.2175,0.7213,openmrg 2015-07-17 16
openmrg,dynamic idw,city,2.0,828,0.2117,0.4074,0.1957,0.9247,0.2421,0.399,1.885,0.7135,0.908,0.2744,0.6759,openmrg 2015-07-17 16
openmrg,dynamic line,city,2.0,828,0.2117,0.3908,0.1791,0.8462,0.2302,0.3819,1.8044,0.7209,0.9254,0.2634,0.6953,openmrg 2015-07-17 16
openmrg,dynamic gmz,city,2.0,828,0.2117,0.3944,0.1828,0.8634,0.236,0.3904,1.8446,0.7087,0.9179,0.2821,0.6746,openmrg 2015-07-17 16
openmrg,constant idw,city,2.0,828,0.2117,0.0183,-0.1934,-0.9137,0.2299,0.3511,1.6586,-0.177,0.0,1.0,0.0,openmrg 2015-07-17 16
openmrg,constant line,city,2.0,828,0.2117,0.0151,-0.1966,-0.9287,0.2268,0.3488,1.648,-0.1658,0.0,1.0,0.0,openmrg 2015-07-17 16
openmrg,constant gmz,city,2.0,828,0.2117,0.0172,-0.1944,-0.9186,0.2289,0.3502,1.6547,-0.1744,0.0,1.0,0.0,openmrg 2015-07-17 16
openmrg,pycomlink idw,city,2.0,828,0.2117,0.0201,-0.1916,-0.9049,0.1926,0.3149,1.4879,0.3906,0.0871,0.0278,0.0868,openmrg 2015-07-17 16
openmrg,pycomlink line,city,2.0,828,0.2117,0.0255,-0.1861,-0.8793,0.1899,0.3112,1.4703,0.3625,0.1244,0.0196,0.1241,openmrg 2015-07-17 16
openmrg,pycomlink gmz,city,2.0,828,0.2117,0.0261,-0.1856,-0.8766,0.1905,0.3112,1.4702,0.357,0.1194,0.04,0.1188,openmrg 2015-07-17 16
openmrg,nearby idw,city,2.0,828,0.2117,0.0147,-0.197,-0.9306,0.197,0.3179,1.5017,0.5148,0.0721,0.0,0.0721,openmrg 2015-07-17 16
openmrg,nearby line,city,2.0,828,0.2117,0.0168,-0.1949,-0.9206,0.1949,0.3144,1.4852,0.5164,0.0846,0.0286,0.0844,openmrg 2015-07-17 16
openmrg,nearby gmz,city,2.0,828,0.2117,0.0171,-0.1945,-0.919,0.1946,0.3143,1.485,0.499,0.0871,0.0278,0.0868,openmrg 2015-07-17 16
openmrg,rnn idw,city,2.0,828,0.2117,0.2965,0.0849,0.4009,0.191,0.3182,1.5034,0.6999,0.7239,0.1365,0.6496,openmrg 2015-07-17 16
openmrg,rnn line,city,2.0,828,0.2117,0.3073,0.0956,0.4517,0.2007,0.3469,1.6387,0.6907,0.7463,0.1404,0.6652,openmrg 2015-07-17 16
openmrg,rnn gmz,city,2.0,828,0.2117,0.3059,0.0942,0.4451,0.2002,0.3489,1.6483,0.6844,0.7363,0.1494,0.652,openmrg 2015-07-17 16
openmrg,pws,radar,,3555,0.5648,0.162,-0.4028,-0.7132,0.4156,0.7795,1.3801,0.8271,0.4826,0.0044,0.4816,openmrg 2015-07-17 16
openmrg,city,radar,,966,0.6781,0.2144,-0.4637,-0.6838,0.4969,0.8182,1.2067,0.7192,0.5493,0.1376,0.505,openmrg 2015-07-17 16
openmrg,dynamic idw,radar,,4455,0.656,0.4294,-0.2267,-0.3455,0.4659,0.8427,1.2845,0.5963,0.6522,0.1836,0.5687,openmrg 2015-07-17 16
openmrg,dynamic line,radar,,4737,0.6453,0.475,-0.1703,-0.2639,0.4953,0.9149,1.4179,0.5204,0.6697,0.232,0.557,openmrg 2015-07-17 16
openmrg,dynamic gmz,radar,,4737,0.6453,0.504,-0.1413,-0.219,0.5058,0.9736,1.5088,0.4864,0.6704,0.2417,0.5524,openmrg 2015-07-17 16
openmrg,constant idw,radar,,4455,0.656,0.0414,-0.6147,-0.937,0.6867,1.2413,1.8921,-0.0652,0.0341,0.4387,0.0332,openmrg 2015-07-17 16
openmrg,constant line,radar,,4737,0.6453,0.058,-0.5873,-0.9101,0.6931,1.2718,1.9709,-0.0696,0.0351,0.4716,0.034,openmrg 2015-07-17 16
openmrg,constant gmz,radar,,4737,0.6453,0.0664,-0.5788,-0.8971,0.7001,1.3003,2.0152,-0.0676,0.0381,0.4599,0.0369,openmrg 2015-07-17 16
openmrg,pycomlink idw,radar,,4455,0.656,0.0171,-0.639,-0.974,0.6427,1.1743,1.79,0.3429,0.0706,0.1346,0.0698,openmrg 2015-07-17 16
openmrg,pycomlink line,radar,,4737,0.6453,0.0207,-0.6245,-0.9679,0.6305,1.1675,1.8093,0.3133,0.0789,0.2536,0.0768,openmrg 2015-07-17 16
openmrg,pycomlink gmz,radar,,4737,0.6453,0.0253,-0.6199,-0.9608,0.6273,1.1611,1.7994,0.3027,0.0925,0.2687,0.0894,openmrg 2015-07-17 16
openmrg,nearby idw,radar,,4455,0.656,0.021,-0.635,-0.9679,0.6366,1.158,1.7652,0.6813,0.1314,0.029,0.1309,openmrg 2015-07-17 16
openmrg,nearby line,radar,,4737,0.6453,0.0225,-0.6228,-0.9652,0.6253,1.1532,1.7872,0.6398,0.1306,0.0674,0.1294,openmrg 2015-07-17 16
openmrg,nearby gmz,radar,,4737,0.6453,0.0244,-0.6209,-0.9623,0.6238,1.1496,1.7817,0.6052,0.1363,0.0861,0.1346,openmrg 2015-07-17 16
openmrg,rnn idw,radar,,4473,0.6544,0.277,-0.3775,-0.5768,0.4086,0.7548,1.1534,0.8743,0.6299,0.0171,0.6231,openmrg 2015-07-17 16
openmrg,rnn line,radar,,4764,0.6418,0.2767,-0.3651,-0.5689,0.402,0.7615,1.1866,0.8344,0.6272,0.0376,0.6122,openmrg 2015-07-17 16
openmrg,rnn gmz,radar,,4764,0.6418,0.2766,-0.3652,-0.569,0.4012,0.7683,1.1971,0.8041,0.5989,0.0376,0.5852,openmrg 2015-07-17 16
openmrg,city,pws,,840,0.1231,0.2015,0.0785,0.6379,0.0991,0.2033,1.6518,0.706,0.9966,0.2362,0.7618,openmrg 2015-07-17 16
openmrg,dynamic idw,pws,,3294,0.1628,0.4202,0.2574,1.5805,0.2924,0.6511,3.9984,0.5101,0.974,0.433,0.5586,openmrg 2015-07-17 16
openmrg,dynamic line,pws,,3441,0.1643,0.4796,0.3153,1.9198,0.3467,0.7941,4.8345,0.4242,0.9802,0.4793,0.5153,openmrg 2015-07-17 16
openmrg,dynamic gmz,pws,,3441,0.1643,0.5068,0.3426,2.0856,0.3793,0.8993,5.475,0.3895,0.9725,0.4928,0.5,openmrg 2015-07-17 16
openmrg,constant idw,pws,,3294,0.1628,0.0465,-0.1163,-0.7142,0.2094,0.5051,3.1017,-0.067,0.0,1.0,0.0,openmrg 2015-07-17 16
openmrg,constant line,pws,,3441,0.1643,0.0701,-0.0942,-0.5735,0.2343,0.6123,3.7279,-0.0705,0.0,1.0,0.0,openmrg 2015-07-17 16
openmrg,constant gmz,pws,,3441,0.1643,0.0798,-0.0845,-0.5143,0.244,0.6785,4.1308,-0.0685,0.0,1.0,0.0,openmrg 2015-07-17 16
openmrg,pycomlink idw,pws,,3294,0.1628,0.0125,-0.1504,-0.9234,0.1592,0.3613,2.2187,0.311,0.0824,0.2474,0.0802,openmrg 2015-07-17 16
openmrg,pycomlink line,pws,,3441,0.1643,0.014,-0.1502,-0.9145,0.164,0.371,2.2585,0.1923,0.0792,0.5355,0.0726,openmrg 2015-07-17 16
openmrg,pycomlink gmz,pws,,3441,0.1643,0.0155,-0.1487,-0.9054,0.1642,0.3697,2.2507,0.203,0.0792,0.5814,0.0714,openmrg 2015-07-17 16
openmrg,nearby idw,pws,,3294,0.1628,0.0162,-0.1466,-0.9004,0.1509,0.3449,2.1182,0.656,0.2054,0.09,0.2013,openmrg 2015-07-17 16
openmrg,nearby line,pws,,3441,0.1643,0.0168,-0.1474,-0.8976,0.1535,0.3523,2.1446,0.6032,0.1848,0.1845,0.1774,openmrg 2015-07-17 16
openmrg,nearby gmz,pws,,3441,0.1643,0.0177,-0.1465,-0.892,0.153,0.3512,2.1381,0.5915,0.198,0.2105,0.1881,openmrg 2015-07-17 16
openmrg,rnn idw,pws,,3297,0.1627,0.2333,0.0706,0.4339,0.1174,0.2483,1.5264,0.7887,0.9323,0.2572,0.7048,openmrg 2015-07-17 16
openmrg,rnn line,pws,,3441,0.1643,0.2314,0.0671,0.4087,0.1256,0.2711,1.6507,0.7472,0.9406,0.2711,0.6968,openmrg 2015-07-17 16
openmrg,rnn gmz,pws,,3441,0.1643,0.2282,0.064,0.3894,0.1275,0.2788,1.6972,0.7319,0.8999,0.2761,0.6699,openmrg 2015-07-17 16
openmrg,dynamic idw,city,,966,0.2144,0.3964,0.182,0.8489,0.2298,0.3813,1.7787,0.7267,0.8968,0.2646,0.678,openmrg 2015-07-17 16
openmrg,dynamic line,city,,966,0.2144,0.3846,0.1702,0.7939,0.2224,0.3695,1.7234,0.7325,0.9118,0.2613,0.6894,openmrg 2015-07-17 16
openmrg,dynamic gmz,city,,966,0.2144,0.3881,0.1737,0.8104,0.2279,0.3775,1.761,0.7215,0.9054,0.2791,0.6704,openmrg 2015-07-17 16
openmrg,constant idw,city,,966,0.2144,0.0168,-0.1976,-0.9216,0.2312,0.3577,1.6684,-0.1685,0.0,1.0,0.0,openmrg 2015-07-17 16
openmrg,constant line,city,,966,0.2144,0.0139,-0.2005,-0.9352,0.2283,0.3556,1.6589,-0.1582,0.0,1.0,0.0,openmrg 2015-07-17 16
openmrg,constant gmz,city,,966,0.2144,0.0159,-0.1984,-0.9256,0.2303,0.3569,1.6647,-0.1676,0.0,1.0,0.0,openmrg 2015-07-17 16
openmrg,pycomlink idw,city,,966,0.2144,0.0208,-0.1936,-0.9029,0.1947,0.3211,1.498,0.4128,0.1032,0.0204,0.103,openmrg 2015-07-17 16
openmrg,pycomlink line,city,,966,0.2144,0.0266,-0.1878,-0.8761,0.1915,0.3167,1.4773,0.3832,0.1419,0.0149,0.1416,openmrg 2015-07-17 16
openmrg,pycomlink gmz,city,,966,0.2144,0.027,-0.1874,-0.874,0.1919,0.3167,1.477,0.3786,0.1376,0.0303,0.137,openmrg 2015-07-17 16
openmrg,nearby idw,city,,966,0.2144,0.0151,-0.1993,-0.9294,0.1993,0.3247,1.5147,0.5311,0.0796,0.0,0.0796,openmrg 2015-07-17 16
openmrg,nearby line,city,,966,0.2144,0.0176,-0.1968,-0.9178,0.1968,0.3207,1.4959,0.5311,0.0903,0.0233,0.0901,openmrg 2015-07-17 16
openmrg,nearby gmz,city,,966,0.2144,0.0179,-0.1965,-0.9166,0.1966,0.3207,1.4961,0.5149,0.0925,0.0227,0.0923,openmrg 2015-07-17 16
openmrg,rnn idw,city,,966,0.2144,0.2972,0.0828,0.3862,0.1889,0.3167,1.4775,0.7056,0.7269,0.1465,0.6463,openmrg 2015-07-17 16
openmrg,rnn line,city,,966,0.2144,0.3098,0.0954,0.445,0.2,0.3469,1.6182,0.697,0.7505,0.1509,0.6622,openmrg 2015-07-17 16
openmrg,rnn gmz,city,,966,0.2144,0.3079,0.0935,0.436,0.1989,0.348,1.6231,0.6909,0.7355,0.1597,0.6453,openmrg 2015-07-17 16
openmrg,pws,radar,2.0,7744,0.8676,0.4724,-0.3953,-0.4555,0.5844,1.1696,1.348,0.5148,0.8208,0.0552,0.7832,openmrg 2015-07-19 14
openmrg,city,radar,2.0,3036,1.063,0.5824,-0.4806,-0.4521,0.6289,1.1245,1.0579,0.7585,0.8972,0.0564,0.8516,openmrg 2015-07-19 14
openmrg,dynamic idw,radar,2.0,9372,0.885,0.8855,0.0004,0.0005,0.5342,1.0079,1.1388,0.7548,0.856,0.0647,0.8081,openmrg 2015-07-19 14
openmrg,dynamic line,radar,2.0,9372,0.885,0.8556,-0.0294,-0.0332,0.5258,0.9737,1.1003,0.759,0.8539,0.0588,0.8107,openmrg 2015-07-19 14
openmrg,dynamic gmz,radar,2.0,9372,0.885,0.8623,-0.0227,-0.0257,0.5414,1.0197,1.1522,0.7463,0.8424,0.0617,0.7982,openmrg 2015-07-19 14
openmrg,constant idw,radar,2.0,9372,0.885,0.2179,-0.6671,-0.7538,0.7328,1.1977,1.3533,0.6268,0.2731,0.0329,0.2706,openmrg 2015-07-19 14
openmrg,constant line,radar,2.0,9372,0.885,0.2164,-0.6686,-0.7555,0.7298,1.1919,1.3467,0.6344,0.2696,0.023,0.2679,openmrg 2015-07-19 14
openmrg,constant gmz,radar,2.0,9372,0.885,0.2245,-0.6605,-0.7463,0.732,1.2027,1.359,0.616,0.2752,0.0261,0.2732,openmrg 2015-07-19 14
openmrg,pycomlink idw,radar,2.0,9372,0.885,0.4741,-0.411,-0.4644,0.562,0.9529,1.0767,0.7408,0.6973,0.0267,0.6842,openmrg 2015-07-19 14
openmrg,pycomlink line,radar,2.0,9372,0.885,0.4578,-0.4272,-0.4827,0.5687,0.9633,1.0884,0.7373,0.6797,0.0254,0.6679,openmrg 2015-07-19 14
openmrg,pycomlink gmz,radar,2.0,9372,0.885,0.4664,-0.4186,-0.473,0.5761,0.9883,1.1167,0.7189,0.6789,0.0246,0.6674,openmrg 2015-07-19 14
openmrg,nearby idw,radar,2.0,9372,0.885,0.2726,-0.6124,-0.692,0.6941,1.1133,1.2579,0.6851,0.3441,0.0218,0.3415,openmrg 2015-07-19 14
openmrg,nearby line,radar,2.0,9372,0.885,0.2634,-0.6216,-0.7023,0.6964,1.1184,1.2638,0.6856,0.3349,0.013,0.3334,openmrg 2015-07-19 14
openmrg,nearby gmz,radar,2.0,9372,0.885,0.2689,-0.6161,-0.6962,0.7009,1.1322,1.2793,0.6673,0.3356,0.0143,0.334,openmrg 2015-07-19 14
openmrg,rnn idw,radar,2.0,9372,0.885,0.7266,-0.1584,-0.179,0.4787,0.8682,0.981,0.7488,0.8982,0.053,0.8552,openmrg 2015-07-19 14
openmrg,rnn line,radar,2.0,9372,0.885,0.7265,-0.1585,-0.1791,0.4809,0.8649,0.9773,0.7525,0.8934,0.0534,0.8506,openmrg 2015-07-19 14
openmrg,rnn gmz,radar,2.0,9372,0.885,0.7304,-0.1546,-0.1747,0.4935,0.8945,1.0107,0.7389,0.8845,0.0527,0.843,openmrg 2015-07-19 14
openmrg,city,pws,2.0,2706,0.4134,0.5402,0.1268,0.3069,0.3146,0.6672,1.614,0.4573,0.9372,0.0935,0.8546,openmrg 2015-07-19 14
openmrg,dynamic idw,pws,2.0,7744,0.4724,0.9032,0.4308,0.9119,0.6245,1.2878,2.7261,0.6063,0.868,0.1899,0.7213,openmrg 2015-07-19 14
openmrg,dynamic line,pws,2.0,7744,0.4724,0.8705,0.3981,0.8428,0.5939,1.2194,2.5814,0.6264,0.8684,0.1834,0.7267,openmrg 2015-07-19 14
openmrg,dynamic gmz,pws,2.0,7744,0.4724,0.8781,0.4057,0.8588,0.6047,1.2585,2.664,0.6204,0.8596,0.1849,0.7193,openmrg 2015-07-19 14
openmrg,constant idw,pws,2.0,7744,0.4724,0.2174,-0.255,-0.5398,0.4081,0.7918,1.6761,0.6729,0.3013,0.0839,0.2932,openmrg 2015-07-19 14
openmrg,constant line,pws,2.0,7744,0.4724,0.2159,-0.2565,-0.5431,0.4056,0.782,1.6554,0.6848,0.2974,0.0814,0.2897,openmrg 2015-07-19 14
openmrg,constant gmz,pws,2.0,7744,0.4724,0.2242,-0.2482,-0.5253,0.4088,0.8049,1.7039,0.6675,0.3031,0.0846,0.2949,openmrg 2015-07-19 14
openmrg,pycomlink idw,pws,2.0,7744,0.4724,0.4662,-0.0062,-0.0131,0.3796,0.8456,1.7899,0.6463,0.7269,0.1142,0.6647,openmrg 2015-07-19 14
openmrg,pycomlink line,pws,2.0,7744,0.4724,0.4514,-0.021,-0.0444,0.3687,0.8185,1.7326,0.664,0.7177,0.1096,0.6594,openmrg 2015-07-19 14
openmrg,pycomlink gmz,pws,2.0,7744,0.4724,0.4607,-0.0117,-0.0247,0.3749,0.8547,1.8093,0.65,0.7175,0.1069,0.6607,openmrg 2015-07-19 14
openmrg,nearby idw,pws,2.0,7744,0.4724,0.2723,-0.2001,-0.4235,0.4056,0.8174,1.7304,0.6431,0.3882,0.0532,0.3799,openmrg 2015-07-19 14
openmrg,nearby line,pws,2.0,7744,0.4724,0.2638,-0.2086,-0.4416,0.4011,0.8,1.6934,0.6599,0.3766,0.0494,0.3694,openmrg 2015-07-19 14
openmrg,nearby gmz,pws,2.0,7744,0.4724,0.2696,-0.2028,-0.4293,0.4056,0.8203,1.7365,0.6477,0.376,0.0554,0.3679,openmrg 2015-07-19 14
openmrg,rnn idw,pws,2.0,7744,0.4724,0.7023,0.2299,0.4867,0.4475,0.8915,1.8873,0.6535,0.9267,0.1537,0.7932,openmrg 2015-07-19 14
openmrg,rnn line,pws,2.0,7744,0.4724,0.6955,0.2231,0.4724,0.4411,0.8821,1.8673,0.6623,0.923,0.154,0.7902,openmrg 2015-07-19 14
openmrg,rnn gmz,pws,2.0,7744,0.4724,0.6966,0.2242,0.4747,0.4444,0.9099,1.9261,0.6552,0.9131,0.1535,0.7834,openmrg 2015-07-19 14
openmrg,dynamic idw,city,2.0,3036,0.5824,1.1231,0.5407,0.9284,0.6992,1.3285,2.2811,0.7697,0.8905,0.1137,0.7992,openmrg 2015-07-19 14
openmrg,dynamic line,city,2.0,3036,0.5824,1.0589,0.4765,0.8182,0.6489,1.2289,2.1101,0.7687,0.8839,0.1077,0.7987,openmrg 2015-07-19 14
openmrg,dynamic gmz,city,2.0,3036,0.5824,1.0658,0.4834,0.83,0.6624,1.2887,2.2127,0.7565,0.882,0.1108,0.7947,openmrg 2015-07-19 14
openmrg,constant idw,city,2.0,3036,0.5824,0.2044,-0.378,-0.6491,0.4672,0.7506,1.2888,0.6737,0.2961,0.0455,0.2919,openmrg 2015-07-19 14
openmrg,constant line,city,2.0,3036,0.5824,0.2038,-0.3786,-0.6501,0.4694,0.7591,1.3034,0.6623,0.2876,0.0482,0.2835,openmrg 2015-07-19 14
openmrg,constant gmz,city,2.0,3036,0.5824,0.2116,-0.3708,-0.6367,0.4744,0.7797,1.3387,0.6343,0.2928,0.0489,0.2884,openmrg 2015-07-19 14
openmrg,pycomlink idw,city,2.0,3036,0.5824,0.534,-0.0484,-0.083,0.3697,0.6667,1.1448,0.7939,0.7185,0.0602,0.6869,openmrg 2015-07-19 14
openmrg,pycomlink line,city,2.0,3036,0.5824,0.5076,-0.0748,-0.1284,0.3749,0.6731,1.1558,0.7724,0.6894,0.059,0.6608,openmrg 2015-07-19 14
openmrg,pycomlink gmz,city,2.0,3036,0.5824,0.5169,-0.0655,-0.1125,0.3855,0.728,1.25,0.7535,0.6941,0.0586,0.6653,openmrg 2015-07-19 14
openmrg,nearby idw,city,2.0,3036,0.5824,0.3636,-0.2188,-0.3757,0.416,0.6839,1.1743,0.7508,0.4384,0.0441,0.4298,openmrg 2015-07-19 14
openmrg,nearby line,city,2.0,3036,0.5824,0.3483,-0.2341,-0.402,0.4197,0.6878,1.181,0.7384,0.4243,0.0465,0.4157,openmrg 2015-07-19 14
openmrg,nearby gmz,city,2.0,3036,0.5824,0.3564,-0.226,-0.388,0.4287,0.7222,1.24,0.7219,0.4337,0.0435,0.4253,openmrg 2015-07-19 14
openmrg,rnn idw,city,2.0,3036,0.5824,0.7489,0.1665,0.2858,0.333,0.591,1.0148,0.8234,0.9187,0.0587,0.8689,openmrg 2015-07-19 14
openmrg,rnn line,city,2.0,3036,0.5824,0.7515,0.1691,0.2904,0.3342,0.5985,1.0276,0.8229,0.9178,0.0615,0.8657,openmrg 2015-07-19 14
openmrg,rnn gmz,city,2.0,3036,0.5824,0.7534,0.171,0.2936,0.3411,0.629,1.08,0.8099,0.9168,0.0579,0.8679,openmrg 2015-07-19 14
openmrg,pws,radar,,13035,0.8478,0.414,-0.4338,-0.5116,0.6021,1.2886,1.5199,0.4304,0.7896,0.0618,0.7506,openmrg 2015-07-19 14
openmrg,city,radar,,3542,1.1089,0.6014,-0.5075,-0.4577,0.6598,1.1952,1.0779,0.7388,0.8938,0.0616,0.8442,openmrg 2015-07-19 14
openmrg,dynamic idw,radar,,16335,0.8826,0.8475,-0.0351,-0.0398,0.5467,1.0411,1.1796,0.7376,0.8435,0.0762,0.7887,openmrg 2015-07-19 14
openmrg,dynamic line,radar,,17369,0.8763,0.8301,-0.0461,-0.0526,0.5504,1.0492,1.1973,0.7293,0.8402,0.0721,0.7887,openmrg 2015-07-19 14
openmrg,dynamic gmz,radar,,17369,0.8763,0.837,-0.0393,-0.0448,0.5644,1.0917,1.2459,0.719,0.8247,0.0762,0.7722,openmrg 2015-07-19 14
openmrg,constant idw,radar,,16335,0.8826,0.2163,-0.6663,-0.7549,0.743,1.2409,1.4059,0.6155,0.2567,0.0344,0.2543,openmrg 2015-07-19 14
openmrg,constant line,radar,,17369,0.8763,0.22,-0.6562,-0.7489,0.7397,1.2419,1.4173,0.6064,0.2562,0.0287,0.2542,openmrg 2015-07-19 14
openmrg,constant gmz,radar,,17369,0.8763,0.2305,-0.6457,-0.7369,0.7438,1.2617,1.4399,0.587,0.2605,0.0317,0.2583,openmrg 2015-07-19 14
openmrg,pycomlink idw,radar,,16335,0.8826,0.4574,-0.4253,-0.4818,0.5765,1.0113,1.1457,0.7255,0.6944,0.0298,0.6799,openmrg 2015-07-19 14
openmrg,pycomlink line,radar,,17369,0.8763,0.4494,-0.4269,-0.4872,0.584,1.0321,1.1779,0.7091,0.6795,0.0328,0.6642,openmrg 2015-07-19 14
openmrg,pycomlink gmz,radar,,17369,0.8763,0.4599,-0.4164,-0.4752,0.5929,1.0623,1.2123,0.691,0.6754,0.0316,0.6609,openmrg 2015-07-19 14
openmrg,nearby idw,radar,,16335,0.8826,0.253,-0.6296,-0.7134,0.7104,1.1684,1.3238,0.6721,0.3056,0.0269,0.3031,openmrg 2015-07-19 14
openmrg,nearby line,radar,,17369,0.8763,0.2469,-0.6293,-0.7182,0.7115,1.1758,1.3418,0.6612,0.2974,0.02,0.2956,openmrg 2015-07-19 14
openmrg,nearby gmz,radar,,17369,0.8763,0.2529,-0.6234,-0.7114,0.7184,1.1947,1.3634,0.6403,0.2936,0.02,0.2918,openmrg 2015-07-19 14
openmrg,rnn idw,radar,,16401,0.8816,0.718,-0.1636,-0.1855,0.5129,0.9443,1.0711,0.7226,0.9008,0.0646,0.848,openmrg 2015-07-19 14
openmrg,rnn line,radar,,17468,0.8749,0.7212,-0.1538,-0.1757,0.5193,0.9572,1.0941,0.716,0.8953,0.0678,0.8406,openmrg 2015-07-19 14
openmrg,rnn gmz,radar,,17468,0.8749,0.7223,-0.1526,-0.1744,0.5282,0.9795,1.1196,0.7104,0.8811,0.068,0.8279,openmrg 2015-07-19 14
openmrg,city,pws,,3080,0.4163,0.5554,0.1391,0.3342,0.3394,0.739,1.7752,0.4033,0.9369,0.1066,0.8427,openmrg 2015-07-19 14
openmrg,dynamic idw,pws,,12078,0.4311,0.8588,0.4278,0.9924,0.6081,1.3235,3.0705,0.5625,0.8541,0.2211,0.6875,openmrg 2015-07-19 14
openmrg,dynamic line,pws,,12617,0.422,0.8382,0.4162,0.9862,0.5969,1.3311,3.1541,0.5506,0.8539,0.2172,0.6903,openmrg 2015-07-19 14
openmrg,dynamic gmz,pws,,12617,0.422,0.842,0.4199,0.995,0.6025,1.3754,3.259,0.5433,0.8426,0.2206,0.6804,openmrg 2015-07-19 14
openmrg,constant idw,pws,,12078,0.4311,0.2169,-0.2142,-0.4968,0.4025,0.8731,2.0256,0.5492,0.286,0.1049,0.2767,openmrg 2015-07-19 14
openmrg,constant line,pws,,12617,0.422,0.2256,-0.1965,-0.4655,0.4079,0.9229,2.1869,0.5133,0.2822,0.1207,0.2717,openmrg 2015-07-19 14
openmrg,constant gmz,pws,,12617,0.422,0.2355,-0.1865,-0.442,0.4136,0.9912,2.3486,0.4849,0.2872,0.1248,0.2759,openmrg 2015-07-19 14
openmrg,pycomlink idw,pws,,12078,0.4311,0.4461,0.0151,0.035,0.3761,0.9177,2.1291,0.5689,0.7111,0.1486,0.6326,openmrg 2015-07-19 14
openmrg,pycomlink line,pws,,12617,0.422,0.4428,0.0208,0.0493,0.3788,0.9546,2.262,0.5448,0.7026,0.1568,0.6214,openmrg 2015-07-19 14
openmrg,pycomlink gmz,pws,,12617,0.422,0.4511,0.029,0.0688,0.3845,1.0214,2.4201,0.5231,0.7012,0.1508,0.6235,openmrg 2015-07-19 14
openmrg,nearby idw,pws,,12078,0.4311,0.2504,-0.1806,-0.419,0.3927,0.8526,1.978,0.5644,0.3461,0.0737,0.3369,openmrg 2015-07-19 14
openmrg,nearby line,pws,,12617,0.422,0.2477,-0.1743,-0.413,0.3933,0.8784,2.0814,0.5389,0.3328,0.0746,0.3241,openmrg 2015-07-19 14
openmrg,nearby gmz,pws,,12617,0.422,0.2525,-0.1695,-0.4017,0.3987,0.9301,2.2039,0.515,0.3273,0.0791,0.3184,openmrg 2015-07-19 14
openmrg,rnn idw,pws,,12089,0.4311,0.6899,0.2588,0.6002,0.4669,0.9996,2.3185,0.5679,0.9165,0.1942,0.7507,openmrg 2015-07-19 14
openmrg,rnn line,pws,,12617,0.422,0.6921,0.2701,0.64,0.4772,1.0532,2.4955,0.5413,0.9067,0.2042,0.7356,openmrg 2015-07-19 14
openmrg,rnn gmz,pws,,12617,0.422,0.6889,0.2668,0.6322,0.479,1.1046,2.6172,0.5273,0.8889,0.2058,0.7225,openmrg 2015-07-19 14
openmrg,dynamic idw,city,,3542,0.6014,1.1298,0.5284,0.8786,0.6877,1.2971,2.1569,0.7762,0.894,0.1106,0.8046,openmrg 2015-07-19 14
openmrg,dynamic line,city,,3542,0.6014,1.0675,0.4661,0.7751,0.6395,1.1981,1.9923,0.774,0.8884,0.1051,0.8045,openmrg 2015-07-19 14
openmrg,dynamic gmz,city,,3542,0.6014,1.0756,0.4742,0.7886,0.6527,1.2545,2.086,0.7649,0.8868,0.1078,0.801,openmrg 2015-07-19 14
openmrg,constant idw,city,,3542,0.6014,0.212,-0.3894,-0.6475,0.4823,0.7808,1.2983,0.6865,0.3039,0.0535,0.2987,openmrg 2015-07-19 14
openmrg,constant line,city,,3542,0.6014,0.2112,-0.3902,-0.6488,0.4847,0.7905,1.3145,0.6738,0.2975,0.0558,0.2923,openmrg 2015-07-19 14
openmrg,constant gmz,city,,3542,0.6014,0.2191,-0.3823,-0.6357,0.4884,0.8059,1.3401,0.6493,0.3019,0.0562,0.2965,openmrg 2015-07-19 14
openmrg,pycomlink idw,city,,3542,0.6014,0.5471,-0.0543,-0.0903,0.3735,0.6621,1.101,0.803,0.7233,0.0646,0.6889,openmrg 2015-07-19 14
openmrg,pycomlink line,city,,3542,0.6014,0.5188,-0.0826,-0.1373,0.3801,0.671,1.1158,0.7806,0.6981,0.0623,0.6672,openmrg 2015-07-19 14
openmrg,pycomlink gmz,city,,3542,0.6014,0.529,-0.0724,-0.1203,0.3888,0.7179,1.1937,0.7656,0.7033,0.0624,0.6719,openmrg 2015-07-19 14
openmrg,nearby idw,city,,3542,0.6014,0.368,-0.2333,-0.388,0.4264,0.6943,1.1544,0.7584,0.439,0.0485,0.4294,openmrg 2015-07-19 14
openmrg,nearby line,city,,3542,0.6014,0.3523,-0.2491,-0.4141,0.4313,0.7021,1.1674,0.7447,0.4262,0.0508,0.4167,openmrg 2015-07-19 14
openmrg,nearby gmz,city,,3542,0.6014,0.3611,-0.2403,-0.3995,0.4381,0.7292,1.2125,0.7317,0.435,0.0481,0.4257,openmrg 2015-07-19 14
openmrg,rnn idw,city,,3542,0.6014,0.7641,0.1627,0.2706,0.3417,0.5973,0.9932,0.826,0.9244,0.0602,0.8728,openmrg 2015-07-19 14
openmrg,rnn line,city,,3542,0.6014,0.767,0.1656,0.2754,0.3433,0.6042,1.0046,0.8248,0.9228,0.0614,0.8703,openmrg 2015-07-19 14
openmrg,rnn gmz,city,,3542,0.6014,0.7695,0.1681,0.2795,0.3491,0.6304,1.0482,0.8142,0.922,0.0588,0.8718,openmrg 2015-07-19 14
openmrg,pws,radar,2.0,4224,0.5784,0.4515,-0.1269,-0.2194,0.5227,0.8715,1.5067,0.2077,0.8199,0.2111,0.6724,openmrg 2015-07-21 04
openmrg,city,radar,2.0,1656,0.4777,0.388,-0.0897,-0.1877,0.379,0.5697,1.1925,0.2801,0.9198,0.1387,0.8012,openmrg 2015-07-21 04
openmrg,dynamic idw,radar,2.0,5112,0.5897,1.1811,0.5914,1.0029,0.8623,1.4036,2.3803,0.3592,0.8873,0.2021,0.7245,openmrg 2015-07-21 04
openmrg,dynamic line,radar,2.0,5112,0.5897,1.1637,0.5741,0.9735,0.8473,1.3702,2.3237,0.3769,0.8846,0.2032,0.7218,openmrg 2015-07-21 04
openmrg,dynamic gmz,radar,2.0,5112,0.5897,1.1674,0.5777,0.9798,0.8584,1.4172,2.4035,0.3689,0.8769,0.2032,0.7166,openmrg 2015-07-21 04
openmrg,constant idw,radar,2.0,5112,0.5897,0.0799,-0.5098,-0.8646,0.5214,0.8073,1.369,0.501,0.2428,0.0,0.2428,openmrg 2015-07-21 04
openmrg,constant line,radar,2.0,5112,0.5897,0.0849,-0.5048,-0.856,0.5202,0.802,1.3601,0.4974,0.2368,0.0,0.2368,openmrg 2015-07-21 04
openmrg,constant gmz,radar,2.0,5112,0.5897,0.0904,-0.4992,-0.8466,0.519,0.8029,1.3616,0.4799,0.2431,0.0,0.2431,openmrg 2015-07-21 04
openmrg,pycomlink idw,radar,2.0,5112,0.5897,0.6481,0.0584,0.0991,0.5858,0.9158,1.5531,0.3606,0.8089,0.2091,0.6664,openmrg 2015-07-21 04
openmrg,pycomlink line,radar,2.0,5112,0.5897,0.6363,0.0466,0.079,0.5729,0.8873,1.5047,0.3846,0.8089,0.2065,0.6682,openmrg 2015-07-21 04
openmrg,pycomlink gmz,radar,2.0,5112,0.5897,0.6424,0.0527,0.0894,0.581,0.9193,1.559,0.3757,0.7993,0.2048,0.6628,openmrg 2015-07-21 04
openmrg,nearby idw,radar,2.0,5112,0.5897,0.4319,-0.1577,-0.2675,0.5657,0.8972,1.5216,0.3162,0.6133,0.1545,0.5515,openmrg 2015-07-21 04
openmrg,nearby line,radar,2.0,5112,0.5897,0.4122,-0.1774,-0.3009,0.5588,0.8745,1.483,0.3199,0.5999,0.1522,0.5416,openmrg 2015-07-21 04
openmrg,nearby gmz,radar,2.0,5112,0.5897,0.419,-0.1707,-0.2895,0.5644,0.8957,1.519,0.3137,0.5969,0.1522,0.5391,openmrg 2015-07-21 04
openmrg,rnn idw,radar,2.0,5112,0.5897,0.8777,0.2881,0.4886,0.5719,0.8762,1.486,0.4911,0.8898,0.1875,0.7382,openmrg 2015-07-21 04
openmrg,rnn line,radar,2.0,5112,0.5897,0.8944,0.3047,0.5168,0.5876,0.9101,1.5434,0.4827,0.8876,0.1889,0.7356,openmrg 2015-07-21 04
openmrg,rnn gmz,radar,2.0,5112,0.5897,0.9046,0.315,0.5342,0.6029,0.9687,1.6429,0.4636,0.8775,0.1886,0.7288,openmrg 2015-07-21 04
openmrg,city,pws,2.0,1476,0.3871,0.3853,-0.0018,-0.0047,0.1473,0.2821,0.7287,0.7761,0.9574,0.0543,0.9075,openmrg 2015-07-21 04
openmrg,dynamic idw,pws,2.0,4224,0.4515,1.1266,0.6751,1.4951,0.6986,1.1161,2.4718,0.7283,0.9612,0.1183,0.8514,openmrg 2015-07-21 04
openmrg,dynamic line,pws,2.0,4224,0.4515,1.106,0.6545,1.4495,0.6809,1.1101,2.4585,0.7008,0.9606,0.1184,0.8508,openmrg 2015-07-21 04
openmrg,dynamic gmz,pws,2.0,4224,0.4515,1.1055,0.6539,1.4483,0.689,1.1558,2.5597,0.6822,0.9521,0.1201,0.8426,openmrg 2015-07-21 04
openmrg,constant idw,pws,2.0,4224,0.4515,0.0831,-0.3684,-0.8158,0.4212,0.762,1.6875,0.1098,0.2205,0.0424,0.2184,openmrg 2015-07-21 04
openmrg,constant line,pws,2.0,4224,0.4515,0.0887,-0.3628,-0.8035,0.4271,0.7777,1.7225,0.0924,0.2153,0.0434,0.2132,openmrg 2015-07-21 04
openmrg,constant gmz,pws,2.0,4224,0.4515,0.094,-0.3575,-0.7918,0.4271,0.7867,1.7422,0.0927,0.2225,0.0448,0.2202,openmrg 2015-07-21 04
openmrg,pycomlink idw,pws,2.0,4224,0.4515,0.5865,0.1349,0.2988,0.2744,0.4821,1.0678,0.7818,0.9101,0.0981,0.8281,openmrg 2015-07-21 04
openmrg,pycomlink line,pws,2.0,4224,0.4515,0.5722,0.1206,0.2672,0.2726,0.4897,1.0845,0.7566,0.9062,0.0968,0.826,openmrg 2015-07-21 04
openmrg,pycomlink gmz,pws,2.0,4224,0.4515,0.5745,0.123,0.2723,0.2822,0.5168,1.1446,0.7412,0.8974,0.0932,0.8217,openmrg 2015-07-21 04
openmrg,nearby idw,pws,2.0,4224,0.4515,0.3739,-0.0776,-0.1719,0.2606,0.4526,1.0025,0.7501,0.6723,0.0467,0.6509,openmrg 2015-07-21 04
openmrg,nearby line,pws,2.0,4224,0.4515,0.3571,-0.0944,-0.2091,0.2702,0.4671,1.0346,0.7245,0.6567,0.045,0.637,openmrg 2015-07-21 04
openmrg,nearby gmz,pws,2.0,4224,0.4515,0.3614,-0.0901,-0.1996,0.2764,0.4922,1.0901,0.7028,0.6541,0.0429,0.6354,openmrg 2015-07-21 04
openmrg,rnn idw,pws,2.0,4224,0.4515,0.8334,0.3818,0.8457,0.4327,0.6756,1.4962,0.7348,0.9564,0.1052,0.8597,openmrg 2015-07-21 04
openmrg,rnn line,pws,2.0,4224,0.4515,0.8406,0.389,0.8616,0.4435,0.6997,1.5497,0.7159,0.9573,0.1037,0.8619,openmrg 2015-07-21 04
openmrg,rnn gmz,pws,2.0,4224,0.4515,0.8426,0.3911,0.8662,0.4522,0.7269,1.6099,0.6999,0.9472,0.1039,0.8535,openmrg 2015-07-21 04
openmrg,dynamic idw,city,2.0,1656,0.388,1.338,0.9499,2.448,0.9571,1.441,3.7137,0.7093,0.9946,0.0716,0.9237,openmrg 2015-07-21 04
openmrg,dynamic line,city,2.0,1656,0.388,1.2826,0.8946,2.3054,0.9046,1.3684,3.5265,0.7009,0.9899,0.0753,0.9161,openmrg 2015-07-21 04
openmrg,dynamic gmz,city,2.0,1656,0.388,1.2689,0.8808,2.27,0.8979,1.3863,3.5725,0.6757,0.9861,0.0755,0.9125,openmrg 2015-07-21 04
openmrg,constant idw,city,2.0,1656,0.388,0.0448,-0.3432,-0.8845,0.35,0.4882,1.258,0.2193,0.182,0.0,0.182,openmrg 2015-07-21 04
openmrg,constant line,city,2.0,1656,0.388,0.0431,-0.345,-0.889,0.3505,0.4868,1.2545,0.2395,0.1782,0.0,0.1782,openmrg 2015-07-21 04
openmrg,constant gmz,city,2.0,1656,0.388,0.0458,-0.3423,-0.882,0.349,0.4858,1.252,0.2335,0.1836,0.0,0.1836,openmrg 2015-07-21 04
openmrg,pycomlink idw,city,2.0,1656,0.388,0.6526,0.2645,0.6817,0.3364,0.7029,1.8114,0.6242,0.9535,0.0632,0.8959,openmrg 2015-07-21 04
openmrg,pycomlink line,city,2.0,1656,0.388,0.6362,0.2481,0.6394,0.3308,0.6992,1.8018,0.6024,0.9411,0.0611,0.8869,openmrg 2015-07-21 04
openmrg,pycomlink gmz,city,2.0,1656,0.388,0.6339,0.2459,0.6337,0.3385,0.7134,1.8385,0.5901,0.9303,0.0588,0.8792,openmrg 2015-07-21 04
openmrg,nearby idw,city,2.0,1656,0.388,0.4838,0.0957,0.2468,0.3092,0.6676,1.7205,0.5825,0.7026,0.0195,0.6929,openmrg 2015-07-21 04
openmrg,nearby line,city,2.0,1656,0.388,0.4561,0.068,0.1753,0.2998,0.634,1.634,0.5717,0.6925,0.0143,0.6856,openmrg 2015-07-21 04
openmrg,nearby gmz,city,2.0,1656,0.388,0.4567,0.0687,0.1769,0.3071,0.659,1.6982,0.5558,0.6894,0.0155,0.682,openmrg 2015-07-21 04
openmrg,rnn idw,city,2.0,1656,0.388,0.6728,0.2847,0.7338,0.3354,0.6051,1.5595,0.7008,0.9303,0.0407,0.8949,openmrg 2015-07-21 04
openmrg,rnn line,city,2.0,1656,0.388,0.6965,0.3084,0.7949,0.358,0.6694,1.7251,0.6678,0.9295,0.0415,0.8935,openmrg 2015-07-21 04
openmrg,rnn gmz,city,2.0,1656,0.388,0.6875,0.2994,0.7717,0.3555,0.6722,1.7324,0.6628,0.9233,0.0403,0.8889,openmrg 2015-07-21 04
openmrg,pws,radar,,7110,0.6156,0.4366,-0.179,-0.2908,0.5347,0.893,1.4507,0.2263,0.827,0.2092,0.6786,openmrg 2015-07-21 04
openmrg,city,radar,,1932,0.4768,0.3926,-0.0842,-0.1765,0.3747,0.5567,1.1676,0.2908,0.9137,0.1439,0.792,openmrg 2015-07-21 04
openmrg,dynamic idw,radar,,8910,0.6087,1.2226,0.6139,1.0086,0.9193,1.4921,2.4514,0.3138,0.8722,0.1999,0.7161,openmrg 2015-07-21 04
openmrg,dynamic line,radar,,9474,0.6177,1.2118,0.5941,0.9617,0.9119,1.4633,2.3688,0.3198,0.8767,0.1982,0.7206,openmrg 2015-07-21 04
openmrg,dynamic gmz,radar,,9474,0.6177,1.2219,0.6041,0.978,0.9272,1.5107,2.4455,0.3132,0.8637,0.1978,0.7121,openmrg 2015-07-21 04
openmrg,constant idw,radar,,8910,0.6087,0.0955,-0.5132,-0.8431,0.5326,0.8296,1.363,0.5061,0.2608,0.0018,0.2607,openmrg 2015-07-21 04
openmrg,constant line,radar,,9474,0.6177,0.1032,-0.5145,-0.8329,0.5396,0.84,1.3598,0.4971,0.2581,0.0017,0.258,openmrg 2015-07-21 04
openmrg,constant gmz,radar,,9474,0.6177,0.111,-0.5067,-0.8203,0.5383,0.841,1.3614,0.4809,0.2642,0.0028,0.264,openmrg 2015-07-21 04
openmrg,pycomlink idw,radar,,8910,0.6087,0.6731,0.0644,0.1058,0.6222,0.9829,1.6149,0.3205,0.8012,0.2033,0.6652,openmrg 2015-07-21 04
openmrg,pycomlink line,radar,,9474,0.6177,0.6607,0.0429,0.0695,0.6141,0.9594,1.5531,0.3344,0.8044,0.1979,0.6712,openmrg 2015-07-21 04
openmrg,pycomlink gmz,radar,,9474,0.6177,0.6727,0.0549,0.0889,0.6241,0.991,1.6042,0.3271,0.7914,0.1967,0.663,openmrg 2015-07-21 04
openmrg,nearby idw,radar,,8910,0.6087,0.4436,-0.1651,-0.2712,0.6,0.9585,1.5748,0.2708,0.5986,0.1543,0.5397,openmrg 2015-07-21 04
openmrg,nearby line,radar,,9474,0.6177,0.4149,-0.2028,-0.3283,0.6004,0.9438,1.5278,0.2652,0.5747,0.1536,0.5204,openmrg 2015-07-21 04
openmrg,nearby gmz,radar,,9474,0.6177,0.4251,-0.1926,-0.3118,0.606,0.963,1.5589,0.2623,0.5718,0.1561,0.5171,openmrg 2015-07-21 04
openmrg,rnn idw,radar,,8946,0.611,0.9423,0.3313,0.5423,0.6364,0.9658,1.5807,0.4507,0.8815,0.1905,0.73,openmrg 2015-07-21 04
openmrg,rnn line,radar,,9528,0.6212,0.9647,0.3435,0.553,0.6687,1.0157,1.6352,0.4302,0.8863,0.1912,0.7328,openmrg 2015-07-21 04
openmrg,rnn gmz,radar,,9528,0.6212,0.9908,0.3697,0.5951,0.7001,1.0972,1.7664,0.4137,0.8601,0.1917,0.7144,openmrg 2015-07-21 04
openmrg,city,pws,,1680,0.3832,0.3891,0.006,0.0156,0.1516,0.2855,0.7451,0.7642,0.9603,0.0501,0.914,openmrg 2015-07-21 04
openmrg,dynamic idw,pws,,6588,0.4371,1.1463,0.7092,1.6222,0.7368,1.1706,2.678,0.7359,0.9469,0.1154,0.8428,openmrg 2015-07-21 04
openmrg,dynamic line,pws,,6882,0.4355,1.1349,0.6994,1.6061,0.728,1.1778,2.7046,0.7015,0.9524,0.1163,0.8464,openmrg 2015-07-21 04
openmrg,dynamic gmz,pws,,6882,0.4355,1.1393,0.7039,1.6163,0.7395,1.2181,2.7973,0.6907,0.9434,0.1123,0.8429,openmrg 2015-07-21 04
openmrg,constant idw,pws,,6588,0.4371,0.0989,-0.3382,-0.7736,0.4083,0.727,1.6631,0.1157,0.2458,0.0359,0.2436,openmrg 2015-07-21 04
openmrg,constant line,pws,,6882,0.4355,0.1103,-0.3252,-0.7467,0.4133,0.7419,1.7037,0.1029,0.2478,0.0328,0.2457,openmrg 2015-07-21 04
openmrg,constant gmz,pws,,6882,0.4355,0.1181,-0.3174,-0.7288,0.4143,0.7521,1.7271,0.1072,0.2546,0.0356,0.2522,openmrg 2015-07-21 04
openmrg,pycomlink idw,pws,,6588,0.4371,0.6032,0.1661,0.3799,0.2931,0.5107,1.1683,0.7744,0.9052,0.0908,0.8302,openmrg 2015-07-21 04
openmrg,pycomlink line,pws,,6882,0.4355,0.593,0.1575,0.3617,0.2928,0.5166,1.1862,0.7458,0.9085,0.0908,0.8329,openmrg 2015-07-21 04
openmrg,pycomlink gmz,pws,,6882,0.4355,0.6009,0.1654,0.3799,0.3033,0.5416,1.2436,0.7367,0.8999,0.0827,0.8323,openmrg 2015-07-21 04
openmrg,nearby idw,pws,,6588,0.4371,0.374,-0.0632,-0.1445,0.2542,0.4286,0.9804,0.7596,0.6607,0.0469,0.6399,openmrg 2015-07-21 04
openmrg,nearby line,pws,,6882,0.4355,0.3571,-0.0784,-0.1799,0.2624,0.4423,1.0158,0.7289,0.6395,0.0451,0.6208,openmrg 2015-07-21 04
openmrg,nearby gmz,pws,,6882,0.4355,0.3639,-0.0716,-0.1643,0.2702,0.4638,1.0651,0.7126,0.6409,0.0433,0.6228,openmrg 2015-07-21 04
openmrg,rnn idw,pws,,6594,0.437,0.8909,0.4539,1.0386,0.5022,0.7601,1.7392,0.7096,0.9548,0.1079,0.856,openmrg 2015-07-21 04
openmrg,rnn line,pws,,6882,0.4355,0.9039,0.4684,1.0756,0.5255,0.8024,1.8425,0.6798,0.9598,0.1096,0.8584,openmrg 2015-07-21 04
openmrg,rnn gmz,pws,,6882,0.4355,0.9159,0.4804,1.1032,0.547,0.8612,1.9776,0.6531,0.9382,0.1043,0.8458,openmrg 2015-07-21 04
openmrg,dynamic idw,city,,1932,0.3926,1.3404,0.9478,2.414,0.9541,1.4235,3.6257,0.7136,0.9954,0.0694,0.9265,openmrg 2015-07-21 04
openmrg,dynamic line,city,,1932,0.3926,1.2906,0.898,2.2873,0.9068,1.3592,3.4618,0.7034,0.9914,0.0737,0.9189,openmrg 2015-07-21 04
openmrg,dynamic gmz,city,,1932,0.3926,1.2763,0.8837,2.2507,0.8985,1.3704,3.4904,0.6822,0.9881,0.074,0.9158,openmrg 2015-07-21 04
openmrg,constant idw,city,,1932,0.3926,0.0461,-0.3465,-0.8826,0.3523,0.4918,1.2526,0.2353,0.1989,0.0,0.1989,openmrg 2015-07-21 04
openmrg,constant line,city,,1932,0.3926,0.0446,-0.348,-0.8863,0.3527,0.4907,1.2499,0.2546,0.1969,0.0,0.1969,openmrg 2015-07-21 04
openmrg,constant gmz,city,,1932,0.3926,0.0473,-0.3454,-0.8796,0.3511,0.4896,1.247,0.2485,0.2023,0.0,0.2023,openmrg 2015-07-21 04
openmrg,pycomlink idw,city,,1932,0.3926,0.6618,0.2692,0.6856,0.3383,0.6988,1.7799,0.6277,0.9595,0.0622,0.9021,openmrg 2015-07-21 04
openmrg,pycomlink line,city,,1932,0.3926,0.6459,0.2532,0.645,0.3332,0.6971,1.7756,0.6049,0.9483,0.0604,0.8938,openmrg 2015-07-21 04
openmrg,pycomlink gmz,city,,1932,0.3926,0.6431,0.2505,0.6379,0.3388,0.7059,1.7979,0.596,0.939,0.0585,0.8872,openmrg 2015-07-21 04
openmrg,nearby idw,city,,1932,0.3926,0.4869,0.0942,0.24,0.3116,0.6656,1.6953,0.5793,0.7115,0.0174,0.7027,openmrg 2015-07-21 04
openmrg,nearby line,city,,1932,0.3926,0.4598,0.0672,0.1711,0.3017,0.631,1.6071,0.5702,0.6983,0.0131,0.6919,openmrg 2015-07-21 04
openmrg,nearby gmz,city,,1932,0.3926,0.4596,0.067,0.1707,0.3074,0.6504,1.6566,0.5577,0.6976,0.0141,0.6907,openmrg 2015-07-21 04
openmrg,rnn idw,city,,1932,0.3926,0.6872,0.2946,0.7503,0.3406,0.6088,1.5507,0.705,0.9403,0.0432,0.902,openmrg 2015-07-21 04
openmrg,rnn line,city,,1932,0.3926,0.7132,0.3206,0.8165,0.3651,0.6755,1.7204,0.6708,0.9397,0.0439,0.9008,openmrg 2015-07-21 04
openmrg,rnn gmz,city,,1932,0.3926,0.7032,0.3106,0.7912,0.3608,0.6733,1.7149,0.6689,0.9344,0.0428,0.8969,openmrg 2015-07-21 04
openmrg,pws,radar,2.0,2112,0.6209,0.7105,0.0896,0.1444,0.4411,0.8865,1.4279,0.7532,0.819,0.1925,0.6852,openmrg 2015-07-23 00
openmrg,city,radar,2.0,828,0.937,1.0154,0.0784,0.0837,0.5526,1.0434,1.1135,0.7648,0.8583,0.055,0.8175,openmrg 2015-07-23 00
openmrg,dynamic idw,radar,2.0,2556,0.6414,1.355,0.7136,1.1125,0.8103,1.5366,2.3955,0.7881,0.9028,0.3121,0.6405,openmrg 2015-07-23 00
openmrg,dynamic line,radar,2.0,2556,0.6414,1.3225,0.681,1.0617,0.7825,1.4632,2.2812,0.7821,0.9003,0.3135,0.638,openmrg 2015-07-23 00
openmrg,dynamic gmz,radar,2.0,2556,0.6414,1.3171,0.6757,1.0534,0.7836,1.4901,2.3231,0.7733,0.897,0.3143,0.6356,openmrg 2015-07-23 00
openmrg,constant idw,radar,2.0,2556,0.6414,0.013,-0.6284,-0.9797,0.6436,1.3316,2.0759,-0.0225,0.0243,0.642,0.0233,openmrg 2015-07-23 00
openmrg,constant line,radar,2.0,2556,0.6414,0.0147,-0.6267,-0.977,0.6442,1.3316,2.076,-0.0263,0.0251,0.6341,0.0241,openmrg 2015-07-23 00
openmrg,constant gmz,radar,2.0,2556,0.6414,0.0159,-0.6255,-0.9752,0.6449,1.3321,2.0767,-0.0231,0.026,0.6437,0.0248,openmrg 2015-07-23 00
openmrg,pycomlink idw,radar,2.0,2556,0.6414,0.8826,0.2412,0.3761,0.45,0.8969,1.3982,0.8006,0.8677,0.2205,0.6967,openmrg 2015-07-23 00
openmrg,pycomlink line,radar,2.0,2556,0.6414,0.8538,0.2124,0.3311,0.436,0.8666,1.351,0.7971,0.8643,0.214,0.6997,openmrg 2015-07-23 00
openmrg,pycomlink gmz,radar,2.0,2556,0.6414,0.8486,0.2072,0.323,0.4478,0.9009,1.4045,0.786,0.8568,0.2197,0.6903,openmrg 2015-07-23 00
openmrg,nearby idw,radar,2.0,2556,0.6414,0.8756,0.2341,0.365,0.49,1.0371,1.6169,0.7575,0.8124,0.1339,0.7217,openmrg 2015-07-23 00
openmrg,nearby line,radar,2.0,2556,0.6414,0.8338,0.1924,0.2999,0.4722,0.9898,1.5431,0.7515,0.8149,0.1305,0.7261,openmrg 2015-07-23 00
openmrg,nearby gmz,radar,2.0,2556,0.6414,0.8274,0.1859,0.2899,0.4792,1.027,1.6012,0.7396,0.8107,0.1279,0.7246,openmrg 2015-07-23 00
openmrg,rnn idw,radar,2.0,2556,0.6414,1.5104,0.8689,1.3547,0.9374,1.5945,2.4858,0.7991,0.9296,0.261,0.6999,openmrg 2015-07-23 00
openmrg,rnn line,radar,2.0,2556,0.6414,1.5176,0.8762,1.366,0.9453,1.62,2.5257,0.7926,0.928,0.2594,0.7004,openmrg 2015-07-23 00
openmrg,rnn gmz,radar,2.0,2556,0.6414,1.5252,0.8837,1.3777,0.9543,1.6553,2.5807,0.7854,0.9296,0.2605,0.7003,openmrg 2015-07-23 00
openmrg,city,pws,2.0,738,0.9652,1.0493,0.0841,0.0871,0.3925,0.7585,0.7858,0.8688,0.8624,0.0408,0.8319,openmrg 2015-07-23 00
openmrg,dynamic idw,pws,2.0,2112,0.7105,1.4056,0.6951,0.9783,0.8744,1.5793,2.2228,0.782,0.9234,0.3076,0.6548,openmrg 2015-07-23 00
openmrg,dynamic line,pws,2.0,2112,0.7105,1.3739,0.6634,0.9338,0.844,1.4976,2.1079,0.78,0.9224,0.3063,0.6554,openmrg 2015-07-23 00
openmrg,dynamic gmz,pws,2.0,2112,0.7105,1.3728,0.6623,0.9322,0.857,1.5367,2.1628,0.7696,0.9133,0.3105,0.6471,openmrg 2015-07-23 00
openmrg,constant idw,pws,2.0,2112,0.7105,0.0151,-0.6954,-0.9788,0.7147,1.4926,2.1008,-0.0496,0.0383,0.4795,0.037,openmrg 2015-07-23 00
openmrg,constant line,pws,2.0,2112,0.7105,0.0172,-0.6932,-0.9757,0.7151,1.4926,2.1008,-0.0527,0.0403,0.4737,0.0389,openmrg 2015-07-23 00
openmrg,constant gmz,pws,2.0,2112,0.7105,0.0185,-0.6919,-0.9739,0.716,1.4934,2.1019,-0.0495,0.0413,0.4744,0.0398,openmrg 2015-07-23 00
openmrg,pycomlink idw,pws,2.0,2112,0.7105,0.9133,0.2028,0.2855,0.5353,0.9917,1.3957,0.7734,0.8589,0.2338,0.6805,openmrg 2015-07-23 00
openmrg,pycomlink line,pws,2.0,2112,0.7105,0.8861,0.1756,0.2472,0.5176,0.9646,1.3577,0.7704,0.8548,0.227,0.6833,openmrg 2015-07-23 00
openmrg,pycomlink gmz,pws,2.0,2112,0.7105,0.8865,0.176,0.2477,0.5301,0.9991,1.4062,0.761,0.8518,0.229,0.6798,openmrg 2015-07-23 00
openmrg,nearby idw,pws,2.0,2112,0.7105,0.9178,0.2073,0.2917,0.5575,1.0936,1.5392,0.7561,0.7812,0.1585,0.681,openmrg 2015-07-23 00
openmrg,nearby line,pws,2.0,2112,0.7105,0.8751,0.1646,0.2316,0.5272,1.0465,1.4729,0.7515,0.7802,0.1578,0.6807,openmrg 2015-07-23 00
openmrg,nearby gmz,pws,2.0,2112,0.7105,0.8729,0.1624,0.2286,0.5393,1.0849,1.5269,0.7418,0.7752,0.1568,0.6775,openmrg 2015-07-23 00
openmrg,rnn idw,pws,2.0,2112,0.7105,1.4899,0.7794,1.097,0.929,1.6101,2.2662,0.7479,0.9425,0.2367,0.7293,openmrg 2015-07-23 00
openmrg,rnn line,pws,2.0,2112,0.7105,1.4855,0.775,1.0907,0.9282,1.6006,2.2528,0.7481,0.9345,0.2389,0.7225,openmrg 2015-07-23 00
openmrg,rnn gmz,pws,2.0,2112,0.7105,1.489,0.7785,1.0957,0.9328,1.62,2.28,0.7464,0.9385,0.2381,0.7256,openmrg 2015-07-23 00
openmrg,dynamic idw,city,2.0,828,1.0154,2.1185,1.103,1.0863,1.2027,2.0887,2.0569,0.8572,1.0,0.3613,0.6387,openmrg 2015-07-23 00
openmrg,dynamic line,city,2.0,828,1.0154,2.0174,1.002,0.9868,1.1192,1.9543,1.9246,0.8446,1.0,0.3601,0.6399,openmrg 2015-07-23 00
openmrg,dynamic gmz,city,2.0,828,1.0154,2.0113,0.9959,0.9807,1.1367,1.9988,1.9684,0.8312,0.9939,0.3677,0.6298,openmrg 2015-07-23 00
openmrg,constant idw,city,2.0,828,1.0154,0.0011,-1.0144,-0.9989,1.0165,1.799,1.7716,-0.0816,0.0,1.0,0.0,openmrg 2015-07-23 00
openmrg,constant line,city,2.0,828,1.0154,0.0014,-1.014,-0.9986,1.0168,1.799,1.7716,-0.0742,0.0,1.0,0.0,openmrg 2015-07-23 00
openmrg,constant gmz,city,2.0,828,1.0154,0.0019,-1.0135,-0.9981,1.0173,1.7991,1.7717,-0.0575,0.0,1.0,0.0,openmrg 2015-07-23 00
openmrg,pycomlink idw,city,2.0,828,1.0154,1.4105,0.3951,0.3891,0.614,1.0955,1.0789,0.8643,1.0,0.2551,0.7449,openmrg 2015-07-23 00
openmrg,pycomlink line,city,2.0,828,1.0154,1.3536,0.3382,0.333,0.5925,1.0547,1.0386,0.8537,1.0,0.2431,0.7569,openmrg 2015-07-23 00
openmrg,pycomlink gmz,city,2.0,828,1.0154,1.3559,0.3405,0.3353,0.6143,1.1108,1.0939,0.84,0.9939,0.2459,0.7506,openmrg 2015-07-23 00
openmrg,nearby idw,city,2.0,828,1.0154,1.5062,0.4908,0.4833,0.6818,1.2979,1.2781,0.8584,0.9969,0.1044,0.8932,openmrg 2015-07-23 00
openmrg,nearby line,city,2.0,828,1.0154,1.4298,0.4144,0.4081,0.6381,1.2118,1.1934,0.8493,0.9969,0.0944,0.903,openmrg 2015-07-23 00
openmrg,nearby gmz,city,2.0,828,1.0154,1.4308,0.4153,0.409,0.6631,1.3009,1.2811,0.8282,0.9908,0.0899,0.9025,openmrg 2015-07-23 00
openmrg,rnn idw,city,2.0,828,1.0154,2.14,1.1245,1.1074,1.1595,1.9969,1.9666,0.8991,1.0,0.2749,0.7251,openmrg 2015-07-23 00
openmrg,rnn line,city,2.0,828,1.0154,2.147,1.1315,1.1144,1.1668,2.0216,1.9909,0.892,1.0,0.2845,0.7155,openmrg 2015-07-23 00
openmrg,rnn gmz,city,2.0,828,1.0154,2.1549,1.1395,1.1222,1.1804,2.0531,2.0219,0.8865,1.0,0.286,0.714,openmrg 2015-07-23 00
openmrg,pws,radar,,3555,0.5875,0.6702,0.0827,0.1408,0.4717,0.9109,1.5504,0.69,0.8355,0.239,0.6618,openmrg 2015-07-23 00
openmrg,city,radar,,966,0.9068,1.0101,0.1033,0.1139,0.5707,1.0678,1.1775,0.7475,0.8469,0.047,0.8129,openmrg 2015-07-23 00
openmrg,dynamic idw,radar,,4455,0.5787,1.1723,0.5937,1.0259,0.7145,1.3492,2.3316,0.7885,0.8581,0.3117,0.6179,openmrg 2015-07-23 00
openmrg,dynamic line,radar,,4737,0.5773,1.1407,0.5635,0.9761,0.692,1.2795,2.2165,0.7796,0.8503,0.3146,0.6116,openmrg 2015-07-23 00
openmrg,dynamic gmz,radar,,4737,0.5773,1.1157,0.5384,0.9327,0.6812,1.2946,2.2426,0.7614,0.8471,0.3174,0.6077,openmrg 2015-07-23 00
openmrg,constant idw,radar,,4455,0.5787,0.0113,-0.5674,-0.9806,0.5791,1.2054,2.083,-0.0147,0.025,0.5772,0.0242,openmrg 2015-07-23 00
openmrg,constant line,radar,,4737,0.5773,0.0127,-0.5646,-0.9781,0.5779,1.2094,2.095,-0.0165,0.0251,0.5896,0.0242,openmrg 2015-07-23 00
openmrg,constant gmz,radar,,4737,0.5773,0.0134,-0.5639,-0.9768,0.5782,1.2097,2.0956,-0.0152,0.0256,0.5971,0.0246,openmrg 2015-07-23 00
openmrg,pycomlink idw,radar,,4455,0.5787,0.7522,0.1735,0.2999,0.3972,0.7999,1.3824,0.7994,0.8143,0.2096,0.6697,openmrg 2015-07-23 00
openmrg,pycomlink line,radar,,4737,0.5773,0.7157,0.1384,0.2398,0.385,0.7767,1.3455,0.788,0.8124,0.2075,0.6699,openmrg 2015-07-23 00
openmrg,pycomlink gmz,radar,,4737,0.5773,0.6912,0.114,0.1974,0.4091,0.8396,1.4545,0.7529,0.806,0.212,0.6624,openmrg 2015-07-23 00
openmrg,nearby idw,radar,,4455,0.5787,0.7337,0.155,0.2679,0.4248,0.8943,1.5455,0.7596,0.7532,0.1498,0.665,openmrg 2015-07-23 00
openmrg,nearby line,radar,,4737,0.5773,0.6828,0.1056,0.1829,0.4135,0.8628,1.4947,0.7399,0.7604,0.1478,0.6718,openmrg 2015-07-23 00
openmrg,nearby gmz,radar,,4737,0.5773,0.6624,0.0852,0.1476,0.4302,0.9174,1.5893,0.7101,0.7376,0.1486,0.6535,openmrg 2015-07-23 00
openmrg,rnn idw,radar,,4473,0.5769,1.356,0.779,1.3502,0.8649,1.4684,2.5452,0.7849,0.8953,0.2715,0.6713,openmrg 2015-07-23 00
openmrg,rnn line,radar,,4764,0.5743,1.3515,0.7772,1.3533,0.8731,1.4976,2.6077,0.7625,0.884,0.2752,0.6619,openmrg 2015-07-23 00
openmrg,rnn gmz,radar,,4764,0.5743,1.3522,0.7779,1.3544,0.8785,1.5294,2.6631,0.7505,0.8836,0.2777,0.6595,openmrg 2015-07-23 00
openmrg,city,pws,,840,0.9379,1.0447,0.1068,0.1139,0.4289,0.8063,0.8597,0.8507,0.8613,0.0358,0.8346,openmrg 2015-07-23 00
openmrg,dynamic idw,pws,,3294,0.6706,1.2491,0.5784,0.8625,0.8182,1.4632,2.1817,0.7537,0.8553,0.2886,0.635,openmrg 2015-07-23 00
openmrg,dynamic line,pws,,3441,0.6703,1.2253,0.555,0.828,0.789,1.3903,2.0742,0.751,0.8364,0.2832,0.6287,openmrg 2015-07-23 00
openmrg,dynamic gmz,pws,,3441,0.6703,1.2102,0.5399,0.8054,0.7895,1.4116,2.106,0.7404,0.8314,0.2869,0.623,openmrg 2015-07-23 00
openmrg,constant idw,pws,,3294,0.6706,0.0143,-0.6563,-0.9787,0.6749,1.3916,2.075,-0.0528,0.0342,0.4771,0.0332,openmrg 2015-07-23 00
openmrg,constant line,pws,,3441,0.6703,0.0164,-0.6539,-0.9755,0.675,1.3806,2.0597,-0.0537,0.0345,0.4917,0.0334,openmrg 2015-07-23 00
openmrg,constant gmz,pws,,3441,0.6703,0.0173,-0.653,-0.9742,0.6757,1.3812,2.0606,-0.0521,0.0351,0.4918,0.0339,openmrg 2015-07-23 00
openmrg,pycomlink idw,pws,,3294,0.6706,0.8024,0.1317,0.1964,0.5221,0.9619,1.4343,0.7429,0.7821,0.2103,0.6473,openmrg 2015-07-23 00
openmrg,pycomlink line,pws,,3441,0.6703,0.7725,0.1022,0.1525,0.4981,0.9301,1.3877,0.7391,0.7691,0.1996,0.6453,openmrg 2015-07-23 00
openmrg,pycomlink gmz,pws,,3441,0.6703,0.7593,0.089,0.1328,0.5162,0.967,1.4427,0.7254,0.7674,0.2019,0.6427,openmrg 2015-07-23 00
openmrg,nearby idw,pws,,3294,0.6706,0.7947,0.1241,0.185,0.5298,1.0227,1.5249,0.7308,0.7137,0.1434,0.6375,openmrg 2015-07-23 00
openmrg,nearby line,pws,,3441,0.6703,0.7473,0.077,0.1149,0.495,0.9695,1.4463,0.7266,0.7057,0.1382,0.634,openmrg 2015-07-23 00
openmrg,nearby gmz,pws,,3441,0.6703,0.7363,0.0661,0.0985,0.5123,1.006,1.5009,0.7148,0.687,0.1402,0.6178,openmrg 2015-07-23 00
openmrg,rnn idw,pws,,3297,0.6709,1.3422,0.6714,1.0007,0.8429,1.4705,2.1919,0.7305,0.8867,0.2129,0.7152,openmrg 2015-07-23 00
openmrg,rnn line,pws,,3441,0.6703,1.3322,0.6619,0.9875,0.8336,1.4468,2.1585,0.7343,0.8653,0.209,0.7043,openmrg 2015-07-23 00
openmrg,rnn gmz,pws,,3441,0.6703,1.333,0.6627,0.9886,0.8329,1.4586,2.176,0.7352,0.8676,0.2073,0.7071,openmrg 2015-07-23 00
openmrg,dynamic idw,city,,966,1.0101,2.0443,1.0342,1.0238,1.1404,1.9911,1.9712,0.8491,1.0,0.3508,0.6492,openmrg 2015-07-23 00
openmrg,dynamic line,city,,966,1.0101,1.9434,0.9333,0.924,1.0575,1.8576,1.839,0.8374,1.0,0.3541,0.6459,openmrg 2015-07-23 00
openmrg,dynamic gmz,city,,966,1.0101,1.9386,0.9285,0.9192,1.0742,1.8987,1.8797,0.8252,0.9948,0.3607,0.6371,openmrg 2015-07-23 00
openmrg,constant idw,city,,966,1.0101,0.001,-1.0091,-0.999,1.0111,1.7946,1.7766,-0.0829,0.0,1.0,0.0,openmrg 2015-07-23 00
openmrg,constant line,city,,966,1.0101,0.0014,-1.0087,-0.9986,1.0115,1.7946,1.7767,-0.0757,0.0,1.0,0.0,openmrg 2015-07-23 00
openmrg,constant gmz,city,,966,1.0101,0.0018,-1.0083,-0.9982,1.0119,1.7947,1.7767,-0.0579,0.0,1.0,0.0,openmrg 2015-07-23 00
openmrg,pycomlink idw,city,,966,1.0101,1.3635,0.3534,0.3499,0.6019,1.0636,1.0529,0.8554,1.0,0.2475,0.7525,openmrg 2015-07-23 00
openmrg,pycomlink line,city,,966,1.0101,1.3047,0.2946,0.2916,0.5777,1.0225,1.0122,0.8459,1.0,0.2386,0.7614,openmrg 2015-07-23 00
openmrg,pycomlink gmz,city,,966,1.0101,1.3079,0.2978,0.2948,0.5975,1.0729,1.0622,0.8334,0.9948,0.241,0.756,openmrg 2015-07-23 00
openmrg,nearby idw,city,,966,1.0101,1.4504,0.4403,0.4359,0.6516,1.24,1.2276,0.8518,0.9974,0.1033,0.8946,openmrg 2015-07-23 00
openmrg,nearby line,city,,966,1.0101,1.374,0.3639,0.3602,0.6073,1.157,1.1454,0.8436,0.9974,0.0905,0.9074,openmrg 2015-07-23 00
openmrg,nearby gmz,city,,966,1.0101,1.3751,0.365,0.3614,0.6286,1.2369,1.2245,0.8244,0.9922,0.0909,0.9026,openmrg 2015-07-23 00
openmrg,rnn idw,city,,966,1.0101,2.0979,1.0878,1.0769,1.1238,1.9512,1.9317,0.8904,1.0,0.2732,0.7268,openmrg 2015-07-23 00
openmrg,rnn line,city,,966,1.0101,2.1046,1.0945,1.0835,1.1292,1.9704,1.9507,0.8844,1.0,0.2828,0.7172,openmrg 2015-07-23 00
openmrg,rnn gmz,city,,966,1.0101,2.1109,1.1008,1.0897,1.1405,1.9966,1.9766,0.8798,1.0,0.2841,0.7159,openmrg 2015-07-23 00
openmrg,pws,radar,2.0,7040,1.0161,0.6696,-0.3464,-0.341,0.8042,1.3674,1.3458,0.2873,0.7927,0.1252,0.7119,openmrg 2015-07-25 05
openmrg,city,radar,2.0,2760,0.9261,0.8507,-0.0754,-0.0814,0.7131,1.1244,1.2141,0.456,0.8776,0.1228,0.7816,openmrg 2015-07-25 05
openmrg,dynamic idw,radar,2.0,8520,0.9868,1.8634,0.8766,0.8883,1.4146,2.5696,2.604,0.2447,0.8828,0.1148,0.7921,openmrg 2015-07-25 05
openmrg,dynamic line,radar,2.0,8520,0.9868,1.805,0.8182,0.8291,1.3495,2.4245,2.4569,0.2582,0.8888,0.1148,0.797,openmrg 2015-07-25 05
openmrg,dynamic gmz,radar,2.0,8520,0.9868,1.7957,0.8089,0.8197,1.3523,2.4358,2.4684,0.2569,0.8879,0.1167,0.7946,openmrg 2015-07-25 05
openmrg,constant idw,radar,2.0,8520,0.9868,0.0944,-0.8924,-0.9043,0.9314,1.5237,1.5441,0.1427,0.1939,0.031,0.1927,openmrg 2015-07-25 05
openmrg,constant line,radar,2.0,8520,0.9868,0.1,-0.8868,-0.8986,0.9303,1.523,1.5434,0.1447,0.1953,0.0246,0.1944,openmrg 2015-07-25 05
openmrg,constant gmz,radar,2.0,8520,0.9868,0.1077,-0.8791,-0.8909,0.9287,1.524,1.5444,0.1457,0.202,0.0312,0.2007,openmrg 2015-07-25 05
openmrg,pycomlink idw,radar,2.0,8520,0.9868,0.6376,-0.3492,-0.3539,0.9645,1.4777,1.4975,0.2493,0.639,0.1341,0.5815,openmrg 2015-07-25 05
openmrg,pycomlink line,radar,2.0,8520,0.9868,0.6113,-0.3755,-0.3806,0.9443,1.4519,1.4713,0.2549,0.6421,0.1324,0.5848,openmrg 2015-07-25 05
openmrg,pycomlink gmz,radar,2.0,8520,0.9868,0.6185,-0.3683,-0.3732,0.9448,1.4587,1.4782,0.2557,0.6408,0.1324,0.5837,openmrg 2015-07-25 05
openmrg,nearby idw,radar,2.0,8520,0.9868,0.422,-0.5648,-0.5723,0.9497,1.5173,1.5376,0.1716,0.4755,0.1377,0.4419,openmrg 2015-07-25 05
openmrg,nearby line,radar,2.0,8520,0.9868,0.4059,-0.5809,-0.5886,0.9374,1.5021,1.5222,0.1754,0.4704,0.1405,0.4368,openmrg 2015-07-25 05
openmrg,nearby gmz,radar,2.0,8520,0.9868,0.4097,-0.5771,-0.5848,0.9385,1.5058,1.526,0.1775,0.4712,0.137,0.4384,openmrg 2015-07-25 05
openmrg,rnn idw,radar,2.0,8520,0.9868,0.9285,-0.0583,-0.0591,0.9454,1.4397,1.459,0.2766,0.8742,0.1044,0.7933,openmrg 2015-07-25 05
openmrg,rnn line,radar,2.0,8520,0.9868,0.9426,-0.0442,-0.0447,0.9368,1.4319,1.4511,0.287,0.8768,0.1049,0.7951,openmrg 2015-07-25 05
openmrg,rnn gmz,radar,2.0,8520,0.9868,0.9473,-0.0395,-0.04,0.9381,1.4387,1.458,0.2903,0.8736,0.1054,0.7921,openmrg 2015-07-25 05
openmrg,city,pws,2.0,2460,0.5885,0.8341,0.2456,0.4174,0.3226,0.6027,1.0242,0.8914,0.9865,0.0518,0.9361,openmrg 2015-07-25 05
openmrg,dynamic idw,pws,2.0,7040,0.6696,1.9248,1.2552,1.8744,1.2857,2.2778,3.4016,0.7449,0.9627,0.1235,0.8477,openmrg 2015-07-25 05
openmrg,dynamic line,pws,2.0,7040,0.6696,1.8614,1.1918,1.7798,1.2209,2.1276,3.1773,0.748,0.9663,0.1239,0.8501,openmrg 2015-07-25 05
openmrg,dynamic gmz,pws,2.0,7040,0.6696,1.8523,1.1826,1.7661,1.221,2.1476,3.2071,0.7372,0.9648,0.1266,0.8465,openmrg 2015-07-25 05
openmrg,constant idw,pws,2.0,7040,0.6696,0.1051,-0.5645,-0.843,0.6056,0.9904,1.479,0.373,0.2041,0.116,0.1988,openmrg 2015-07-25 05
openmrg,constant line,pws,2.0,7040,0.6696,0.1072,-0.5624,-0.8399,0.6079,0.9959,1.4872,0.3588,0.2022,0.1178,0.1969,openmrg 2015-07-25 05
openmrg,constant gmz,pws,2.0,7040,0.6696,0.1131,-0.5565,-0.8311,0.6074,0.9988,1.4916,0.3525,0.2104,0.1215,0.2044,openmrg 2015-07-25 05
openmrg,pycomlink idw,pws,2.0,7040,0.6696,0.6419,-0.0278,-0.0415,0.4247,0.7296,1.0895,0.7482,0.7676,0.0823,0.7182,openmrg 2015-07-25 05
openmrg,pycomlink line,pws,2.0,7040,0.6696,0.613,-0.0566,-0.0846,0.4148,0.7,1.0453,0.7476,0.7716,0.0822,0.7218,openmrg 2015-07-25 05
openmrg,pycomlink gmz,pws,2.0,7040,0.6696,0.6173,-0.0523,-0.0781,0.427,0.7267,1.0853,0.7324,0.7676,0.0844,0.7169,openmrg 2015-07-25 05
openmrg,nearby idw,pws,2.0,7040,0.6696,0.4336,-0.236,-0.3524,0.4313,0.687,1.0259,0.7524,0.5895,0.0623,0.5673,openmrg 2015-07-25 05
openmrg,nearby line,pws,2.0,7040,0.6696,0.4159,-0.2537,-0.3789,0.4304,0.6782,1.0128,0.7508,0.5817,0.064,0.5595,openmrg 2015-07-25 05
openmrg,nearby gmz,pws,2.0,7040,0.6696,0.4193,-0.2503,-0.3738,0.4331,0.6915,1.0327,0.7423,0.582,0.0643,0.5596,openmrg 2015-07-25 05
openmrg,rnn idw,pws,2.0,7040,0.6696,0.9276,0.258,0.3853,0.4155,0.6988,1.0435,0.8258,0.9343,0.1235,0.8256,openmrg 2015-07-25 05
openmrg,rnn line,pws,2.0,7040,0.6696,0.9339,0.2643,0.3947,0.4167,0.7025,1.0491,0.8241,0.9395,0.1221,0.831,openmrg 2015-07-25 05
openmrg,rnn gmz,pws,2.0,7040,0.6696,0.9373,0.2677,0.3997,0.4239,0.7292,1.089,0.8136,0.9391,0.1211,0.8315,openmrg 2015-07-25 05
openmrg,dynamic idw,city,2.0,2760,0.8507,2.236,1.3853,1.6285,1.4139,2.5228,2.9656,0.8664,0.9824,0.0883,0.8971,openmrg 2015-07-25 05
openmrg,dynamic line,city,2.0,2760,0.8507,2.0922,1.2415,1.4594,1.2718,2.2597,2.6564,0.8681,0.9768,0.0913,0.8896,openmrg 2015-07-25 05
openmrg,dynamic gmz,city,2.0,2760,0.8507,2.078,1.2273,1.4427,1.2667,2.2782,2.6781,0.8553,0.9789,0.0958,0.8869,openmrg 2015-07-25 05
openmrg,constant idw,city,2.0,2760,0.8507,0.0954,-0.7553,-0.8878,0.7935,1.3757,1.6171,0.027,0.304,0.0722,0.297,openmrg 2015-07-25 05
openmrg,constant line,city,2.0,2760,0.8507,0.0939,-0.7568,-0.8896,0.7938,1.3757,1.6171,0.0431,0.2879,0.0623,0.2825,openmrg 2015-07-25 05
openmrg,constant gmz,city,2.0,2760,0.8507,0.1012,-0.7495,-0.881,0.7927,1.3759,1.6174,0.0393,0.304,0.075,0.2967,openmrg 2015-07-25 05
openmrg,pycomlink idw,city,2.0,2760,0.8507,0.6656,-0.1851,-0.2176,0.3893,0.6069,0.7134,0.8915,0.7921,0.0138,0.7835,openmrg 2015-07-25 05
openmrg,pycomlink line,city,2.0,2760,0.8507,0.6441,-0.2066,-0.2428,0.3759,0.5902,0.6938,0.8907,0.7957,0.015,0.7862,openmrg 2015-07-25 05
openmrg,pycomlink gmz,city,2.0,2760,0.8507,0.649,-0.2017,-0.2371,0.3858,0.6142,0.722,0.8812,0.7967,0.0155,0.7868,openmrg 2015-07-25 05
openmrg,nearby idw,city,2.0,2760,0.8507,0.507,-0.3437,-0.404,0.433,0.6646,0.7812,0.873,0.6799,0.0044,0.6779,openmrg 2015-07-25 05
openmrg,nearby line,city,2.0,2760,0.8507,0.481,-0.3697,-0.4346,0.4448,0.6802,0.7996,0.8663,0.6729,0.0022,0.6719,openmrg 2015-07-25 05
openmrg,nearby gmz,city,2.0,2760,0.8507,0.4859,-0.3648,-0.4288,0.4495,0.696,0.8181,0.8566,0.6719,0.0037,0.6702,openmrg 2015-07-25 05
openmrg,rnn idw,city,2.0,2760,0.8507,0.851,0.0004,0.0004,0.3545,0.4905,0.5766,0.903,0.9275,0.0899,0.8497,openmrg 2015-07-25 05
openmrg,rnn line,city,2.0,2760,0.8507,0.8554,0.0047,0.0055,0.3468,0.4806,0.5649,0.9066,0.9331,0.0862,0.8575,openmrg 2015-07-25 05
openmrg,rnn gmz,city,2.0,2760,0.8507,0.8529,0.0022,0.0026,0.3497,0.4853,0.5704,0.9048,0.9356,0.0856,0.8602,openmrg 2015-07-25 05
openmrg,pws,radar,,11850,1.0633,0.6672,-0.3961,-0.3725,0.864,1.5977,1.5026,0.2503,0.7938,0.1248,0.7131,openmrg 2015-07-25 05
openmrg,city,radar,,3220,0.9508,0.8618,-0.0889,-0.0935,0.7289,1.1586,1.2186,0.4462,0.8787,0.1206,0.7842,openmrg 2015-07-25 05
openmrg,dynamic idw,radar,,14850,1.0752,1.7769,0.7016,0.6525,1.4037,2.4876,2.3135,0.214,0.888,0.117,0.7945,openmrg 2015-07-25 05
openmrg,dynamic line,radar,,15790,1.0821,1.7393,0.6573,0.6074,1.3569,2.3849,2.204,0.2276,0.8952,0.1194,0.7983,openmrg 2015-07-25 05
openmrg,dynamic gmz,radar,,15790,1.0821,1.7333,0.6513,0.6019,1.361,2.3943,2.2127,0.2265,0.8881,0.1222,0.7904,openmrg 2015-07-25 05
openmrg,constant idw,radar,,14850,1.0752,0.0987,-0.9766,-0.9082,1.0212,1.8075,1.681,0.1252,0.2064,0.0186,0.2056,openmrg 2015-07-25 05
openmrg,constant line,radar,,15790,1.0821,0.1067,-0.9754,-0.9014,1.0242,1.833,1.694,0.1313,0.2123,0.0159,0.2116,openmrg 2015-07-25 05
openmrg,constant gmz,radar,,15790,1.0821,0.1189,-0.9632,-0.8902,1.0224,1.8333,1.6942,0.1344,0.2196,0.0187,0.2187,openmrg 2015-07-25 05
openmrg,pycomlink idw,radar,,14850,1.0752,0.6455,-0.4297,-0.3996,1.0283,1.699,1.5801,0.2177,0.6736,0.1317,0.6111,openmrg 2015-07-25 05
openmrg,pycomlink line,radar,,15790,1.0821,0.6262,-0.4559,-0.4213,1.0127,1.7052,1.5759,0.2238,0.6789,0.1311,0.6158,openmrg 2015-07-25 05
openmrg,pycomlink gmz,radar,,15790,1.0821,0.6425,-0.4395,-0.4062,1.0178,1.7159,1.5858,0.2208,0.6802,0.1309,0.617,openmrg 2015-07-25 05
openmrg,nearby idw,radar,,14850,1.0752,0.3885,-0.6868,-0.6387,1.0269,1.7804,1.6558,0.1235,0.4785,0.1274,0.4473,openmrg 2015-07-25 05
openmrg,nearby line,radar,,15790,1.0821,0.3746,-0.7074,-0.6538,1.0182,1.7945,1.6584,0.1316,0.472,0.1297,0.441,openmrg 2015-07-25 05
openmrg,nearby gmz,radar,,15790,1.0821,0.3788,-0.7032,-0.6499,1.0242,1.7994,1.6629,0.1339,0.4717,0.1264,0.4416,openmrg 2015-07-25 05
openmrg,rnn idw,radar,,14910,1.0806,0.9541,-0.1265,-0.1171,1.0287,1.6796,1.5544,0.2532,0.8708,0.1079,0.7878,openmrg 2015-07-25 05
openmrg,rnn line,radar,,15880,1.0916,0.984,-0.1076,-0.0985,1.0302,1.7073,1.5641,0.268,0.8711,0.11,0.7864,openmrg 2015-07-25 05
openmrg,rnn gmz,radar,,15880,1.0916,0.9957,-0.0959,-0.0878,1.0325,1.7137,1.5699,0.2773,0.8654,0.1103,0.7816,openmrg 2015-07-25 05
openmrg,city,pws,,2800,0.5824,0.8437,0.2613,0.4487,0.3404,0.6293,1.0807,0.8753,0.9865,0.0616,0.9265,openmrg 2015-07-25 05
openmrg,dynamic idw,pws,,10980,0.6571,1.8443,1.1872,1.8068,1.2171,2.0839,3.1714,0.7448,0.9664,0.1254,0.8488,openmrg 2015-07-25 05
openmrg,dynamic line,pws,,11470,0.6628,1.7952,1.1324,1.7086,1.1609,1.9465,2.9369,0.7499,0.9716,0.1261,0.8521,openmrg 2015-07-25 05
openmrg,dynamic gmz,pws,,11470,0.6628,1.7905,1.1277,1.7015,1.167,1.9676,2.9687,0.7376,0.9671,0.1253,0.8494,openmrg 2015-07-25 05
openmrg,constant idw,pws,,10980,0.6571,0.1112,-0.5459,-0.8308,0.5811,0.9501,1.4459,0.4456,0.2121,0.0977,0.2073,openmrg 2015-07-25 05
openmrg,constant line,pws,,11470,0.6628,0.1172,-0.5455,-0.8231,0.5865,0.9631,1.4532,0.443,0.2179,0.0999,0.2128,openmrg 2015-07-25 05
openmrg,constant gmz,pws,,11470,0.6628,0.1272,-0.5356,-0.8081,0.585,0.9641,1.4546,0.441,0.225,0.1035,0.2193,openmrg 2015-07-25 05
openmrg,pycomlink idw,pws,,10980,0.6571,0.6411,-0.016,-0.0243,0.4157,0.7024,1.069,0.7342,0.7938,0.0852,0.7391,openmrg 2015-07-25 05
openmrg,pycomlink line,pws,,11470,0.6628,0.6105,-0.0523,-0.0789,0.4055,0.6746,1.0179,0.7379,0.7959,0.0852,0.741,openmrg 2015-07-25 05
openmrg,pycomlink gmz,pws,,11470,0.6628,0.6213,-0.0415,-0.0626,0.4209,0.7071,1.0669,0.7194,0.7944,0.0883,0.7377,openmrg 2015-07-25 05
openmrg,nearby idw,pws,,10980,0.6571,0.4023,-0.2547,-0.3877,0.4199,0.6644,1.0112,0.7495,0.5885,0.059,0.5676,openmrg 2015-07-25 05
openmrg,nearby line,pws,,11470,0.6628,0.3882,-0.2746,-0.4143,0.4211,0.6619,0.9987,0.7543,0.5814,0.0589,0.561,openmrg 2015-07-25 05
openmrg,nearby gmz,pws,,11470,0.6628,0.3919,-0.2708,-0.4086,0.4222,0.6744,1.0176,0.7465,0.5801,0.059,0.5598,openmrg 2015-07-25 05
openmrg,rnn idw,pws,,10990,0.657,0.9497,0.2927,0.4455,0.4303,0.7311,1.1128,0.8084,0.9414,0.118,0.8361,openmrg 2015-07-25 05
openmrg,rnn line,pws,,11470,0.6628,0.9612,0.2984,0.4503,0.4312,0.7307,1.1025,0.8123,0.9469,0.1147,0.8434,openmrg 2015-07-25 05
openmrg,rnn gmz,pws,,11470,0.6628,0.9681,0.3054,0.4607,0.4407,0.7585,1.1444,0.8028,0.947,0.1109,0.847,openmrg 2015-07-25 05
openmrg,dynamic idw,city,,3220,0.8618,2.1859,1.3241,1.5364,1.354,2.4118,2.7986,0.8639,0.9836,0.0857,0.9006,openmrg 2015-07-25 05
openmrg,dynamic line,city,,3220,0.8618,2.0503,1.1884,1.379,1.2189,2.1597,2.5061,0.8669,0.9789,0.0901,0.8924,openmrg 2015-07-25 05
openmrg,dynamic gmz,city,,3220,0.8618,2.0372,1.1754,1.3639,1.2138,2.1758,2.5247,0.8552,0.9811,0.0942,0.8902,openmrg 2015-07-25 05
openmrg,constant idw,city,,3220,0.8618,0.0931,-0.7687,-0.892,0.8026,1.3763,1.597,0.0369,0.2984,0.0685,0.292,openmrg 2015-07-25 05
openmrg,constant line,city,,3220,0.8618,0.0922,-0.7696,-0.893,0.8021,1.3754,1.596,0.0534,0.2907,0.0586,0.2855,openmrg 2015-07-25 05
openmrg,constant gmz,city,,3220,0.8618,0.099,-0.7628,-0.8851,0.8008,1.3754,1.596,0.0488,0.3058,0.0695,0.2989,openmrg 2015-07-25 05
openmrg,pycomlink idw,city,,3220,0.8618,0.6581,-0.2037,-0.2363,0.3946,0.6105,0.7084,0.8863,0.7967,0.0123,0.7889,openmrg 2015-07-25 05
openmrg,pycomlink line,city,,3220,0.8618,0.6387,-0.2231,-0.2589,0.3807,0.5942,0.6894,0.8869,0.804,0.0137,0.7951,openmrg 2015-07-25 05
openmrg,pycomlink gmz,city,,3220,0.8618,0.6434,-0.2184,-0.2534,0.3897,0.615,0.7137,0.8781,0.8049,0.0142,0.7957,openmrg 2015-07-25 05
openmrg,nearby idw,city,,3220,0.8618,0.4938,-0.368,-0.427,0.4461,0.6836,0.7932,0.8653,0.6856,0.0038,0.6838,openmrg 2015-07-25 05
openmrg,nearby line,city,,3220,0.8618,0.4684,-0.3934,-0.4565,0.4585,0.6994,0.8116,0.8597,0.68,0.0019,0.6791,openmrg 2015-07-25 05
openmrg,nearby gmz,city,,3220,0.8618,0.4731,-0.3888,-0.4511,0.4623,0.7128,0.8271,0.8506,0.68,0.0032,0.6786,openmrg 2015-07-25 05
openmrg,rnn idw,city,,3220,0.8618,0.8508,-0.011,-0.0128,0.3586,0.4962,0.5758,0.8994,0.9311,0.0881,0.8542,openmrg 2015-07-25 05
openmrg,rnn line,city,,3220,0.8618,0.8567,-0.0051,-0.0059,0.3501,0.485,0.5628,0.9037,0.9376,0.0841,0.8632,openmrg 2015-07-25 05
openmrg,rnn gmz,city,,3220,0.8618,0.854,-0.0078,-0.009,0.3527,0.489,0.5674,0.9022,0.9397,0.084,0.8652,openmrg 2015-07-25 05
openmrg,pws,radar,2.0,7040,0.9244,1.1636,0.2392,0.2588,0.7836,1.587,1.7169,0.6118,0.8722,0.1552,0.7518,openmrg 2015-07-25 21
openmrg,city,radar,2.0,2760,0.7882,1.1267,0.3384,0.4294,0.7516,1.4138,1.7937,0.6505,0.9133,0.2025,0.7414,openmrg 2015-07-25 21
openmrg,dynamic idw,radar,2.0,8520,0.9308,2.2731,1.3423,1.4421,1.489,2.6995,2.9002,0.7044,0.9282,0.1889,0.7632,openmrg 2015-07-25 21
openmrg,dynamic line,radar,2.0,8520,0.9308,2.2079,1.2771,1.372,1.4335,2.5816,2.7735,0.7049,0.9207,0.1879,0.759,openmrg 2015-07-25 21
openmrg,dynamic gmz,radar,2.0,8520,0.9308,2.2102,1.2794,1.3745,1.4511,2.6463,2.8431,0.6957,0.9151,0.1887,0.7545,openmrg 2015-07-25 21
openmrg,constant idw,radar,2.0,8520,0.9308,0.9209,-0.0099,-0.0107,0.796,1.4641,1.573,0.6165,0.5331,0.157,0.4849,openmrg 2015-07-25 21
openmrg,constant line,radar,2.0,8520,0.9308,0.9385,0.0077,0.0083,0.8174,1.509,1.6212,0.6005,0.5357,0.1598,0.4861,openmrg 2015-07-25 21
openmrg,constant gmz,radar,2.0,8520,0.9308,0.9576,0.0268,0.0288,0.8436,1.5947,1.7132,0.5854,0.5317,0.1631,0.4818,openmrg 2015-07-25 21
openmrg,pycomlink idw,radar,2.0,8520,0.9308,1.2932,0.3624,0.3894,0.7842,1.5026,1.6143,0.7153,0.764,0.1382,0.6806,openmrg 2015-07-25 21
openmrg,pycomlink line,radar,2.0,8520,0.9308,1.2485,0.3177,0.3413,0.7621,1.4555,1.5637,0.7148,0.7512,0.1389,0.67,openmrg 2015-07-25 21
openmrg,pycomlink gmz,radar,2.0,8520,0.9308,1.2532,0.3224,0.3463,0.7802,1.5079,1.62,0.7062,0.7489,0.1384,0.6685,openmrg 2015-07-25 21
openmrg,nearby idw,radar,2.0,8520,0.9308,1.0924,0.1616,0.1737,0.7876,1.4021,1.5063,0.6744,0.6557,0.1366,0.5941,openmrg 2015-07-25 21
openmrg,nearby line,radar,2.0,8520,0.9308,1.0686,0.1378,0.148,0.7694,1.3604,1.4615,0.6774,0.6618,0.1373,0.5987,openmrg 2015-07-25 21
openmrg,nearby gmz,radar,2.0,8520,0.9308,1.0776,0.1468,0.1577,0.7891,1.4187,1.5242,0.6681,0.6561,0.1391,0.5932,openmrg 2015-07-25 21
openmrg,rnn idw,radar,2.0,8520,0.9308,1.4013,0.4705,0.5054,0.7797,1.3214,1.4196,0.7302,0.9094,0.1741,0.7631,openmrg 2015-07-25 21
openmrg,rnn line,radar,2.0,8520,0.9308,1.4134,0.4826,0.5185,0.79,1.3408,1.4405,0.7254,0.9119,0.1753,0.7638,openmrg 2015-07-25 21
openmrg,rnn gmz,radar,2.0,8520,0.9308,1.4234,0.4926,0.5292,0.8023,1.3793,1.4819,0.7201,0.9082,0.1742,0.7622,openmrg 2015-07-25 21
openmrg,city,pws,2.0,2460,1.129,1.1873,0.0582,0.0516,0.7589,1.5338,1.3586,0.6546,0.9446,0.1209,0.836,openmrg 2015-07-25 21
openmrg,dynamic idw,pws,2.0,7040,1.1636,2.2383,1.0747,0.9236,1.3214,2.4084,2.0698,0.7234,0.9367,0.157,0.7975,openmrg 2015-07-25 21
openmrg,dynamic line,pws,2.0,7040,1.1636,2.1742,1.0106,0.8685,1.2761,2.3255,1.9985,0.7131,0.9287,0.1566,0.7921,openmrg 2015-07-25 21
openmrg,dynamic gmz,pws,2.0,7040,1.1636,2.1761,1.0125,0.8701,1.2973,2.4006,2.0631,0.7006,0.9226,0.1595,0.7851,openmrg 2015-07-25 21
openmrg,constant idw,pws,2.0,7040,1.1636,0.8895,-0.2741,-0.2356,0.7694,1.4887,1.2794,0.6963,0.5477,0.1018,0.5157,openmrg 2015-07-25 21
openmrg,constant line,pws,2.0,7040,1.1636,0.911,-0.2526,-0.2171,0.8096,1.5683,1.3478,0.663,0.5488,0.1061,0.5152,openmrg 2015-07-25 21
openmrg,constant gmz,pws,2.0,7040,1.1636,0.9309,-0.2327,-0.2,0.831,1.6463,1.4148,0.641,0.5463,0.1089,0.5121,openmrg 2015-07-25 21
openmrg,pycomlink idw,pws,2.0,7040,1.1636,1.2584,0.0948,0.0815,0.7075,1.4116,1.2131,0.7531,0.7807,0.1038,0.716,openmrg 2015-07-25 21
openmrg,pycomlink line,pws,2.0,7040,1.1636,1.2191,0.0555,0.0477,0.706,1.4135,1.2147,0.7429,0.7705,0.1046,0.7069,openmrg 2015-07-25 21
openmrg,pycomlink gmz,pws,2.0,7040,1.1636,1.2271,0.0634,0.0545,0.7241,1.4645,1.2586,0.7313,0.7675,0.1048,0.7042,openmrg 2015-07-25 21
openmrg,nearby idw,pws,2.0,7040,1.1636,1.0605,-0.1031,-0.0886,0.7362,1.3978,1.2013,0.7325,0.652,0.1083,0.6042,openmrg 2015-07-25 21
openmrg,nearby line,pws,2.0,7040,1.1636,1.0388,-0.1248,-0.1072,0.7423,1.4202,1.2205,0.7177,0.6581,0.1079,0.6096,openmrg 2015-07-25 21
openmrg,nearby gmz,pws,2.0,7040,1.1636,1.0484,-0.1152,-0.099,0.7642,1.4864,1.2774,0.6984,0.6522,0.1095,0.6038,openmrg 2015-07-25 21
openmrg,rnn idw,pws,2.0,7040,1.1636,1.3475,0.1839,0.158,0.6928,1.2521,1.076,0.7806,0.9102,0.1584,0.7771,openmrg 2015-07-25 21
openmrg,rnn line,pws,2.0,7040,1.1636,1.3554,0.1918,0.1648,0.6998,1.2719,1.093,0.7737,0.9122,0.1607,0.7766,openmrg 2015-07-25 21
openmrg,rnn gmz,pws,2.0,7040,1.1636,1.3606,0.197,0.1693,0.7088,1.2941,1.1122,0.768,0.9076,0.1603,0.7735,openmrg 2015-07-25 21
openmrg,dynamic idw,city,2.0,2760,1.1267,2.5789,1.4522,1.289,1.5396,2.7157,2.4104,0.8666,0.9608,0.1076,0.8611,openmrg 2015-07-25 21
openmrg,dynamic line,city,2.0,2760,1.1267,2.4217,1.295,1.1494,1.403,2.4677,2.1903,0.8621,0.9476,0.1043,0.8534,openmrg 2015-07-25 21
openmrg,dynamic gmz,city,2.0,2760,1.1267,2.4079,1.2812,1.1372,1.4083,2.5065,2.2247,0.8544,0.9471,0.1063,0.8512,openmrg 2015-07-25 21
openmrg,constant idw,city,2.0,2760,1.1267,0.9261,-0.2006,-0.178,0.6006,1.1072,0.9827,0.8223,0.5321,0.052,0.5171,openmrg 2015-07-25 21
openmrg,constant line,city,2.0,2760,1.1267,0.9031,-0.2236,-0.1984,0.6118,1.1047,0.9805,0.8198,0.5326,0.0611,0.5148,openmrg 2015-07-25 21
openmrg,constant gmz,city,2.0,2760,1.1267,0.9069,-0.2197,-0.195,0.6161,1.1232,0.9969,0.8163,0.5331,0.0565,0.5166,openmrg 2015-07-25 21
openmrg,pycomlink idw,city,2.0,2760,1.1267,1.3163,0.1896,0.1683,0.6043,1.2238,1.0862,0.8507,0.7036,0.0522,0.6773,openmrg 2015-07-25 21
openmrg,pycomlink line,city,2.0,2760,1.1267,1.2517,0.125,0.111,0.5904,1.1694,1.038,0.8466,0.6927,0.0482,0.6692,openmrg 2015-07-25 21
openmrg,pycomlink gmz,city,2.0,2760,1.1267,1.2525,0.1258,0.1117,0.6028,1.202,1.0669,0.8417,0.6959,0.0474,0.6725,openmrg 2015-07-25 21
openmrg,nearby idw,city,2.0,2760,1.1267,1.1583,0.0316,0.0281,0.5987,1.0917,0.969,0.8377,0.6037,0.0427,0.5879,openmrg 2015-07-25 21
openmrg,nearby line,city,2.0,2760,1.1267,1.1082,-0.0185,-0.0164,0.5994,1.0822,0.9605,0.8307,0.6092,0.0518,0.5896,openmrg 2015-07-25 21
openmrg,nearby gmz,city,2.0,2760,1.1267,1.104,-0.0227,-0.0201,0.6041,1.099,0.9755,0.828,0.6074,0.0526,0.5876,openmrg 2015-07-25 21
openmrg,rnn idw,city,2.0,2760,1.1267,1.1451,0.0184,0.0163,0.5481,1.0763,0.9553,0.805,0.8801,0.0827,0.8154,openmrg 2015-07-25 21
openmrg,rnn line,city,2.0,2760,1.1267,1.1621,0.0355,0.0315,0.5577,1.094,0.971,0.7991,0.8837,0.0824,0.8188,openmrg 2015-07-25 21
openmrg,rnn gmz,city,2.0,2760,1.1267,1.1602,0.0335,0.0297,0.557,1.0984,0.9749,0.7981,0.8769,0.0812,0.8138,openmrg 2015-07-25 21
openmrg,pws,radar,,11850,0.8986,1.0741,0.1755,0.1953,0.7763,1.5937,1.7736,0.5563,0.8774,0.1565,0.7546,openmrg 2015-07-25 21
openmrg,city,radar,,3220,0.7786,1.0839,0.3053,0.3921,0.7283,1.3589,1.7452,0.6469,0.9052,0.2043,0.7345,openmrg 2015-07-25 21
openmrg,dynamic idw,radar,,14850,0.9209,2.1572,1.2362,1.3424,1.4026,2.4898,2.7035,0.6835,0.9256,0.1954,0.7558,openmrg 2015-07-25 21
openmrg,dynamic line,radar,,15790,0.9174,2.1052,1.1879,1.2949,1.366,2.4101,2.6272,0.6745,0.9175,0.2018,0.7448,openmrg 2015-07-25 21
openmrg,dynamic gmz,radar,,15790,0.9174,2.1036,1.1863,1.2931,1.3767,2.4601,2.6817,0.67,0.9067,0.1994,0.7397,openmrg 2015-07-25 21
openmrg,constant idw,radar,,14850,0.9209,0.8967,-0.0242,-0.0263,0.8289,1.4815,1.6087,0.576,0.5215,0.1694,0.4714,openmrg 2015-07-25 21
openmrg,constant line,radar,,15790,0.9174,0.9168,-0.0006,-0.0006,0.8677,1.5648,1.7058,0.5368,0.5225,0.1785,0.4693,openmrg 2015-07-25 21
openmrg,constant gmz,radar,,15790,0.9174,0.9323,0.0149,0.0162,0.8912,1.6358,1.7831,0.5271,0.5131,0.1785,0.4616,openmrg 2015-07-25 21
openmrg,pycomlink idw,radar,,14850,0.9209,1.2295,0.3085,0.335,0.7898,1.4631,1.5887,0.6828,0.7613,0.1469,0.6731,openmrg 2015-07-25 21
openmrg,pycomlink line,radar,,15790,0.9174,1.1856,0.2682,0.2924,0.7818,1.4465,1.5768,0.6672,0.747,0.1528,0.6583,openmrg 2015-07-25 21
openmrg,pycomlink gmz,radar,,15790,0.9174,1.1814,0.2641,0.2878,0.7939,1.4847,1.6185,0.6609,0.7434,0.1506,0.6568,openmrg 2015-07-25 21
openmrg,nearby idw,radar,,14850,0.9209,1.0324,0.1114,0.121,0.7921,1.3826,1.5013,0.6414,0.6514,0.1466,0.5859,openmrg 2015-07-25 21
openmrg,nearby line,radar,,15790,0.9174,1.0101,0.0927,0.101,0.7916,1.3781,1.5023,0.6251,0.657,0.1518,0.5879,openmrg 2015-07-25 21
openmrg,nearby gmz,radar,,15790,0.9174,1.0139,0.0965,0.1052,0.8067,1.4311,1.56,0.6164,0.6433,0.1498,0.5778,openmrg 2015-07-25 21
openmrg,rnn idw,radar,,14910,0.9213,1.4095,0.4882,0.5299,0.8416,1.4,1.5196,0.679,0.9042,0.1908,0.7453,openmrg 2015-07-25 21
openmrg,rnn line,radar,,15880,0.9182,1.4292,0.511,0.5565,0.8703,1.4512,1.5805,0.66,0.902,0.1994,0.7365,openmrg 2015-07-25 21
openmrg,rnn gmz,radar,,15880,0.9182,1.4363,0.5181,0.5643,0.8791,1.4708,1.6019,0.6591,0.8976,0.196,0.7364,openmrg 2015-07-25 21
openmrg,city,pws,,2800,1.1098,1.1462,0.0364,0.0328,0.7595,1.5596,1.4053,0.63,0.9438,0.1267,0.8301,openmrg 2015-07-25 21
openmrg,dynamic idw,pws,,10980,1.0997,2.1258,1.0261,0.9331,1.3171,2.3102,2.1009,0.687,0.9236,0.1681,0.7784,openmrg 2015-07-25 21
openmrg,dynamic line,pws,,11470,1.0856,2.0758,0.9902,0.9121,1.3104,2.296,2.115,0.6567,0.9167,0.1707,0.7711,openmrg 2015-07-25 21
openmrg,dynamic gmz,pws,,11470,1.0856,2.0687,0.9831,0.9056,1.3196,2.3533,2.1677,0.6457,0.9051,0.1716,0.7622,openmrg 2015-07-25 21
openmrg,constant idw,pws,,10980,1.0997,0.8594,-0.2402,-0.2184,0.807,1.5606,1.4191,0.6275,0.5354,0.1101,0.5021,openmrg 2015-07-25 21
openmrg,constant line,pws,,11470,1.0856,0.8889,-0.1967,-0.1812,0.8548,1.6583,1.5275,0.5763,0.5391,0.1128,0.5045,openmrg 2015-07-25 21
openmrg,constant gmz,pws,,11470,1.0856,0.9042,-0.1814,-0.1671,0.882,1.7284,1.5921,0.5573,0.5287,0.114,0.495,openmrg 2015-07-25 21
openmrg,pycomlink idw,pws,,10980,1.0997,1.1982,0.0986,0.0896,0.7452,1.4622,1.3297,0.7023,0.7774,0.1162,0.7053,openmrg 2015-07-25 21
openmrg,pycomlink line,pws,,11470,1.0856,1.1594,0.0738,0.068,0.7561,1.4932,1.3754,0.6743,0.7671,0.1182,0.6955,openmrg 2015-07-25 21
openmrg,pycomlink gmz,pws,,11470,1.0856,1.1583,0.0727,0.067,0.7726,1.5347,1.4136,0.6634,0.7612,0.1181,0.6908,openmrg 2015-07-25 21
openmrg,nearby idw,pws,,10980,1.0997,1.0049,-0.0947,-0.0861,0.7652,1.4666,1.3337,0.6717,0.646,0.1218,0.5929,openmrg 2015-07-25 21
openmrg,nearby line,pws,,11470,1.0856,0.9876,-0.098,-0.0903,0.7814,1.5052,1.3865,0.6403,0.6521,0.1218,0.598,openmrg 2015-07-25 21
openmrg,nearby gmz,pws,,11470,1.0856,0.9901,-0.0955,-0.088,0.8036,1.5659,1.4424,0.6216,0.6358,0.1196,0.5853,openmrg 2015-07-25 21
openmrg,rnn idw,pws,,10990,1.0992,1.3579,0.2587,0.2354,0.7861,1.4037,1.277,0.7045,0.9025,0.176,0.7567,openmrg 2015-07-25 21
openmrg,rnn line,pws,,11470,1.0856,1.3782,0.2926,0.2695,0.828,1.4852,1.3681,0.669,0.8989,0.1821,0.749,openmrg 2015-07-25 21
openmrg,rnn gmz,pws,,11470,1.0856,1.3791,0.2935,0.2703,0.8311,1.4934,1.3756,0.6682,0.8945,0.1786,0.7489,openmrg 2015-07-25 21
openmrg,dynamic idw,city,,3220,1.0839,2.4914,1.4075,1.2985,1.4883,2.6142,2.4117,0.868,0.9601,0.1093,0.8589,openmrg 2015-07-25 21
openmrg,dynamic line,city,,3220,1.0839,2.3477,1.2638,1.1659,1.3625,2.3807,2.1963,0.8635,0.9487,0.1092,0.8499,openmrg 2015-07-25 21
openmrg,dynamic gmz,city,,3220,1.0839,2.3342,1.2503,1.1535,1.3657,2.4152,2.2282,0.8562,0.9483,0.1108,0.8481,openmrg 2015-07-25 21
openmrg,constant idw,city,,3220,1.0839,0.9005,-0.1834,-0.1692,0.5768,1.0625,0.9803,0.8224,0.5292,0.0618,0.5113,openmrg 2015-07-25 21
openmrg,constant line,city,,3220,1.0839,0.8805,-0.2035,-0.1877,0.586,1.0587,0.9767,0.8204,0.5295,0.0727,0.5085,openmrg 2015-07-25 21
openmrg,constant gmz,city,,3220,1.0839,0.8837,-0.2002,-0.1847,0.5903,1.0759,0.9925,0.817,0.5299,0.0681,0.5102,openmrg 2015-07-25 21
openmrg,pycomlink idw,city,,3220,1.0839,1.2793,0.1954,0.1802,0.5901,1.1807,1.0893,0.8508,0.7018,0.0608,0.6713,openmrg 2015-07-25 21
openmrg,pycomlink line,city,,3220,1.0839,1.2187,0.1348,0.1244,0.5756,1.128,1.0407,0.8469,0.6924,0.058,0.664,openmrg 2015-07-25 21
openmrg,pycomlink gmz,city,,3220,1.0839,1.2197,0.1358,0.1252,0.5869,1.158,1.0683,0.8422,0.6951,0.0573,0.6669,openmrg 2015-07-25 21
openmrg,nearby idw,city,,3220,1.0839,1.1206,0.0367,0.0338,0.5791,1.0549,0.9732,0.8376,0.598,0.0509,0.5794,openmrg 2015-07-25 21
openmrg,nearby line,city,,3220,1.0839,1.0744,-0.0095,-0.0088,0.5779,1.042,0.9613,0.8314,0.6051,0.0602,0.5825,openmrg 2015-07-25 21
openmrg,nearby gmz,city,,3220,1.0839,1.0698,-0.0141,-0.013,0.5819,1.0571,0.9752,0.8289,0.602,0.0611,0.5793,openmrg 2015-07-25 21
openmrg,rnn idw,city,,3220,1.0839,1.1376,0.0537,0.0495,0.538,1.0407,0.9601,0.8041,0.8767,0.0879,0.8084,openmrg 2015-07-25 21
openmrg,rnn line,city,,3220,1.0839,1.1571,0.0731,0.0674,0.5503,1.06,0.9779,0.7981,0.8818,0.0886,0.8122,openmrg 2015-07-25 21
openmrg,rnn gmz,city,,3220,1.0839,1.1535,0.0696,0.0642,0.5478,1.0623,0.98,0.7979,0.8755,0.0873,0.8079,openmrg 2015-07-25 21
openmrg,pws,radar,2.0,22528,0.5779,0.5102,-0.0677,-0.1171,0.4942,1.0922,1.8901,0.5607,0.7787,0.2378,0.6265,openmrg 2015-07-28 03
openmrg,city,radar,2.0,8832,0.7096,0.8306,0.121,0.1705,0.6846,1.6737,2.3587,0.5052,0.8224,0.1888,0.6903,openmrg 2015-07-28 03
openmrg,dynamic idw,radar,2.0,27264,0.5825,1.1208,0.5383,0.9241,0.7235,1.6361,2.8087,0.7096,0.9196,0.3053,0.6549,openmrg 2015-07-28 03
openmrg,dynamic line,radar,2.0,27264,0.5825,1.0708,0.4883,0.8384,0.6819,1.5203,2.6099,0.7171,0.9198,0.3036,0.6565,openmrg 2015-07-28 03
openmrg,dynamic gmz,radar,2.0,27264,0.5825,1.0773,0.4948,0.8495,0.6932,1.5876,2.7255,0.705,0.9148,0.3095,0.6487,openmrg 2015-07-28 03
openmrg,constant idw,radar,2.0,27264,0.5825,0.3909,-0.1916,-0.3289,0.4682,1.0521,1.8061,0.6277,0.561,0.1795,0.4997,openmrg 2015-07-28 03
openmrg,constant line,radar,2.0,27264,0.5825,0.3756,-0.2069,-0.3552,0.4622,1.0381,1.782,0.633,0.554,0.1776,0.4948,openmrg 2015-07-28 03
openmrg,constant gmz,radar,2.0,27264,0.5825,0.3881,-0.1944,-0.3337,0.4692,1.0924,1.8754,0.6085,0.556,0.183,0.4944,openmrg 2015-07-28 03
openmrg,pycomlink idw,radar,2.0,27264,0.5825,0.4941,-0.0884,-0.1518,0.4808,1.0967,1.8827,0.6423,0.6112,0.1755,0.5408,openmrg 2015-07-28 03
openmrg,pycomlink line,radar,2.0,27264,0.5825,0.4674,-0.1151,-0.1976,0.4678,1.0606,1.8207,0.6497,0.6022,0.1731,0.5348,openmrg 2015-07-28 03
openmrg,pycomlink gmz,radar,2.0,27264,0.5825,0.4785,-0.104,-0.1785,0.4744,1.1195,1.9218,0.6305,0.6028,0.1754,0.5343,openmrg 2015-07-28 03
openmrg,nearby idw,radar,2.0,27264,0.5825,0.4341,-0.1484,-0.2548,0.4403,1.0144,1.7415,0.6689,0.6179,0.1244,0.568,openmrg 2015-07-28 03
openmrg,nearby line,radar,2.0,27264,0.5825,0.4103,-0.1722,-0.2956,0.4311,1.0041,1.7237,0.6687,0.6126,0.1232,0.5641,openmrg 2015-07-28 03
openmrg,nearby gmz,radar,2.0,27264,0.5825,0.4186,-0.1639,-0.2814,0.4386,1.1394,1.9561,0.6118,0.6064,0.1253,0.558,openmrg 2015-07-28 03
openmrg,rnn idw,radar,2.0,27264,0.5825,0.6994,0.1169,0.2006,0.4788,1.0179,1.7474,0.6752,0.8939,0.2258,0.709,openmrg 2015-07-28 03
openmrg,rnn line,radar,2.0,27264,0.5825,0.6982,0.1157,0.1986,0.4765,1.0143,1.7413,0.6771,0.8954,0.2258,0.7099,openmrg 2015-07-28 03
openmrg,rnn gmz,radar,2.0,27264,0.5825,0.7025,0.12,0.206,0.4819,1.0414,1.7878,0.6699,0.8909,0.2251,0.7077,openmrg 2015-07-28 03
openmrg,city,pws,2.0,7872,0.5521,0.8157,0.2636,0.4774,0.5752,1.4842,2.6882,0.5549,0.853,0.1169,0.7665,openmrg 2015-07-28 03
openmrg,dynamic idw,pws,2.0,22528,0.5102,1.1129,0.6027,1.1813,0.7798,1.7569,3.4436,0.6357,0.9095,0.3074,0.6479,openmrg 2015-07-28 03
openmrg,dynamic line,pws,2.0,22528,0.5102,1.0643,0.5542,1.0862,0.7433,1.6464,3.227,0.6361,0.9066,0.3086,0.6454,openmrg 2015-07-28 03
openmrg,dynamic gmz,pws,2.0,22528,0.5102,1.0733,0.5631,1.1038,0.7584,1.7192,3.3698,0.6223,0.9023,0.3146,0.638,openmrg 2015-07-28 03
openmrg,constant idw,pws,2.0,22528,0.5102,0.3826,-0.1276,-0.2502,0.434,1.0069,1.9735,0.568,0.5843,0.1534,0.5284,openmrg 2015-07-28 03
openmrg,constant line,pws,2.0,22528,0.5102,0.3671,-0.1431,-0.2805,0.4324,0.9893,1.9391,0.5702,0.5741,0.1555,0.5192,openmrg 2015-07-28 03
openmrg,constant gmz,pws,2.0,22528,0.5102,0.38,-0.1302,-0.2553,0.4397,1.0541,2.066,0.5458,0.5771,0.1596,0.5201,openmrg 2015-07-28 03
openmrg,pycomlink idw,pws,2.0,22528,0.5102,0.4866,-0.0236,-0.0463,0.4627,1.1076,2.171,0.5757,0.6208,0.1637,0.5536,openmrg 2015-07-28 03
openmrg,pycomlink line,pws,2.0,22528,0.5102,0.461,-0.0492,-0.0965,0.4564,1.0708,2.0989,0.5744,0.6106,0.1653,0.5447,openmrg 2015-07-28 03
openmrg,pycomlink gmz,pws,2.0,22528,0.5102,0.4739,-0.0363,-0.0711,0.4645,1.1396,2.2336,0.5559,0.6129,0.1658,0.5463,openmrg 2015-07-28 03
openmrg,nearby idw,pws,2.0,22528,0.5102,0.4293,-0.0809,-0.1585,0.4254,1.0379,2.0343,0.5782,0.6164,0.1098,0.5729,openmrg 2015-07-28 03
openmrg,nearby line,pws,2.0,22528,0.5102,0.4078,-0.1024,-0.2008,0.4212,1.0333,2.0254,0.5664,0.6105,0.1129,0.5665,openmrg 2015-07-28 03
openmrg,nearby gmz,pws,2.0,22528,0.5102,0.4171,-0.0931,-0.1826,0.4291,1.1982,2.3484,0.505,0.6058,0.1119,0.5628,openmrg 2015-07-28 03
openmrg,rnn idw,pws,2.0,22528,0.5102,0.6862,0.176,0.3449,0.4769,1.01,1.9797,0.6259,0.8656,0.2197,0.696,openmrg 2015-07-28 03
openmrg,rnn line,pws,2.0,22528,0.5102,0.6869,0.1767,0.3463,0.4792,1.012,1.9836,0.6256,0.8658,0.2212,0.6949,openmrg 2015-07-28 03
openmrg,rnn gmz,pws,2.0,22528,0.5102,0.6914,0.1812,0.3552,0.4862,1.0485,2.0551,0.615,0.8607,0.2202,0.6925,openmrg 2015-07-28 03
openmrg,dynamic idw,city,2.0,8832,0.8306,1.5072,0.6766,0.8146,0.9578,2.0688,2.4908,0.7084,0.9574,0.337,0.644,openmrg 2015-07-28 03
openmrg,dynamic line,city,2.0,8832,0.8306,1.4103,0.5798,0.698,0.8897,1.9324,2.3265,0.7035,0.954,0.3303,0.6488,openmrg 2015-07-28 03
openmrg,dynamic gmz,city,2.0,8832,0.8306,1.4188,0.5883,0.7082,0.9094,2.0443,2.4613,0.6831,0.9498,0.339,0.6386,openmrg 2015-07-28 03
openmrg,constant idw,city,2.0,8832,0.8306,0.5584,-0.2721,-0.3277,0.5603,1.3877,1.6708,0.6682,0.6896,0.1474,0.6161,openmrg 2015-07-28 03
openmrg,constant line,city,2.0,8832,0.8306,0.5386,-0.2919,-0.3515,0.5643,1.4014,1.6873,0.6587,0.6844,0.1354,0.6181,openmrg 2015-07-28 03
openmrg,constant gmz,city,2.0,8832,0.8306,0.5531,-0.2775,-0.3341,0.5813,1.4955,1.8005,0.6187,0.6893,0.1464,0.6165,openmrg 2015-07-28 03
openmrg,pycomlink idw,city,2.0,8832,0.8306,0.6894,-0.1411,-0.1699,0.566,1.4133,1.7016,0.6856,0.6846,0.1016,0.6354,openmrg 2015-07-28 03
openmrg,pycomlink line,city,2.0,8832,0.8306,0.653,-0.1775,-0.2138,0.5625,1.4017,1.6876,0.6792,0.6744,0.0998,0.6275,openmrg 2015-07-28 03
openmrg,pycomlink gmz,city,2.0,8832,0.8306,0.6657,-0.1649,-0.1985,0.5776,1.5083,1.816,0.6468,0.6797,0.0994,0.6322,openmrg 2015-07-28 03
openmrg,nearby idw,city,2.0,8832,0.8306,0.6163,-0.2143,-0.258,0.5151,1.367,1.6459,0.6844,0.7372,0.06,0.704,openmrg 2015-07-28 03
openmrg,nearby line,city,2.0,8832,0.8306,0.5892,-0.2413,-0.2906,0.5181,1.3885,1.6717,0.6719,0.7314,0.056,0.701,openmrg 2015-07-28 03
openmrg,nearby gmz,city,2.0,8832,0.8306,0.6039,-0.2267,-0.273,0.537,1.6415,1.9763,0.5903,0.7288,0.0607,0.6961,openmrg 2015-07-28 03
openmrg,rnn idw,city,2.0,8832,0.8306,0.748,-0.0826,-0.0994,0.4665,1.1774,1.4175,0.7584,0.9127,0.1548,0.782,openmrg 2015-07-28 03
openmrg,rnn line,city,2.0,8832,0.8306,0.7522,-0.0784,-0.0944,0.47,1.1908,1.4338,0.7519,0.9176,0.153,0.7871,openmrg 2015-07-28 03
openmrg,rnn gmz,city,2.0,8832,0.8306,0.7577,-0.0729,-0.0877,0.4774,1.2167,1.4649,0.7404,0.914,0.156,0.7819,openmrg 2015-07-28 03
openmrg,pws,radar,,37920,0.5494,0.4968,-0.0526,-0.0958,0.5017,1.1057,2.0124,0.5062,0.7528,0.2505,0.6015,openmrg 2015-07-28 03
openmrg,city,radar,,10304,0.7008,0.8477,0.1469,0.2097,0.7049,1.722,2.4573,0.498,0.8062,0.1998,0.6711,openmrg 2015-07-28 03
openmrg,dynamic idw,radar,,47520,0.5613,1.0407,0.4793,0.8539,0.7163,1.5823,2.8187,0.6562,0.8975,0.3162,0.6343,openmrg 2015-07-28 03
openmrg,dynamic line,radar,,50528,0.5579,0.985,0.4271,0.7656,0.6851,1.4822,2.6569,0.6473,0.8876,0.3188,0.6271,openmrg 2015-07-28 03
openmrg,dynamic gmz,radar,,50528,0.5579,0.9939,0.436,0.7816,0.6963,1.5425,2.765,0.6382,0.8797,0.3224,0.6201,openmrg 2015-07-28 03
openmrg,constant idw,radar,,47520,0.5613,0.3638,-0.1975,-0.3518,0.4779,1.0925,1.9461,0.565,0.5318,0.1953,0.471,openmrg 2015-07-28 03
openmrg,constant line,radar,,50528,0.5579,0.3429,-0.2149,-0.3853,0.4753,1.0886,1.9513,0.553,0.5216,0.2006,0.4612,openmrg 2015-07-28 03
openmrg,constant gmz,radar,,50528,0.5579,0.3576,-0.2002,-0.3589,0.4834,1.1335,2.0319,0.5339,0.5209,0.2048,0.4592,openmrg 2015-07-28 03
openmrg,pycomlink idw,radar,,47520,0.5613,0.4603,-0.1011,-0.18,0.4883,1.1217,1.9982,0.5867,0.5921,0.1924,0.5189,openmrg 2015-07-28 03
openmrg,pycomlink line,radar,,50528,0.5579,0.4297,-0.1281,-0.2297,0.4801,1.0995,1.9709,0.5778,0.5768,0.1998,0.5042,openmrg 2015-07-28 03
openmrg,pycomlink gmz,radar,,50528,0.5579,0.4418,-0.116,-0.208,0.4873,1.1494,2.0604,0.562,0.5755,0.1998,0.5032,openmrg 2015-07-28 03
openmrg,nearby idw,radar,,47520,0.5613,0.3985,-0.1629,-0.2901,0.456,1.0623,1.8923,0.6034,0.5801,0.1457,0.5279,openmrg 2015-07-28 03
openmrg,nearby line,radar,,50528,0.5579,0.3652,-0.1927,-0.3453,0.4513,1.0594,1.899,0.5874,0.5681,0.1516,0.5158,openmrg 2015-07-28 03
openmrg,nearby gmz,radar,,50528,0.5579,0.3749,-0.1829,-0.3279,0.4589,1.145,2.0524,0.5491,0.5584,0.1537,0.507,openmrg 2015-07-28 03
openmrg,rnn idw,radar,,47712,0.5606,0.689,0.1284,0.229,0.5115,1.0724,1.9131,0.6179,0.8732,0.254,0.6731,openmrg 2015-07-28 03
openmrg,rnn line,radar,,50816,0.5563,0.6843,0.128,0.23,0.5181,1.0816,1.944,0.6027,0.8684,0.2608,0.6647,openmrg 2015-07-28 03
openmrg,rnn gmz,radar,,50816,0.5563,0.6906,0.1343,0.2413,0.5233,1.1147,2.0037,0.5957,0.8653,0.2585,0.6647,openmrg 2015-07-28 03
openmrg,city,pws,,8960,0.5383,0.8293,0.2909,0.5405,0.5994,1.5524,2.8838,0.5326,0.8448,0.1273,0.7521,openmrg 2015-07-28 03
openmrg,dynamic idw,pws,,35136,0.4938,1.027,0.5332,1.0797,0.7526,1.6327,3.3065,0.587,0.8821,0.3369,0.6091,openmrg 2015-07-28 03
openmrg,dynamic line,pws,,36704,0.4969,0.9755,0.4786,0.9632,0.7264,1.536,3.0911,0.5708,0.8684,0.3408,0.5993,openmrg 2015-07-28 03
openmrg,dynamic gmz,pws,,36704,0.4969,0.9863,0.4894,0.9849,0.7424,1.6035,3.2269,0.5578,0.8642,0.3437,0.595,openmrg 2015-07-28 03
openmrg,constant idw,pws,,35136,0.4938,0.3489,-0.1449,-0.2935,0.4374,1.0043,2.0339,0.5193,0.56,0.1814,0.4982,openmrg 2015-07-28 03
openmrg,constant line,pws,,36704,0.4969,0.3278,-0.1691,-0.3403,0.4426,1.0058,2.0241,0.5026,0.5456,0.1908,0.4834,openmrg 2015-07-28 03
openmrg,constant gmz,pws,,36704,0.4969,0.3422,-0.1547,-0.3113,0.452,1.0583,2.1297,0.4813,0.5446,0.1955,0.481,openmrg 2015-07-28 03
openmrg,pycomlink idw,pws,,35136,0.4938,0.4465,-0.0473,-0.0957,0.4606,1.0753,2.1777,0.5325,0.6052,0.1951,0.5278,openmrg 2015-07-28 03
openmrg,pycomlink line,pws,,36704,0.4969,0.4162,-0.0808,-0.1625,0.4628,1.0586,2.1304,0.5132,0.5879,0.2028,0.5114,openmrg 2015-07-28 03
openmrg,pycomlink gmz,pws,,36704,0.4969,0.4304,-0.0666,-0.1339,0.4733,1.1174,2.2487,0.4956,0.589,0.2013,0.5129,openmrg 2015-07-28 03
openmrg,nearby idw,pws,,35136,0.4938,0.3894,-0.1044,-0.2115,0.4301,1.0319,2.0898,0.528,0.5883,0.139,0.5373,openmrg 2015-07-28 03
openmrg,nearby line,pws,,36704,0.4969,0.36,-0.1369,-0.2756,0.4317,1.0352,2.0832,0.5033,0.5756,0.1462,0.524,openmrg 2015-07-28 03
openmrg,nearby gmz,pws,,36704,0.4969,0.3705,-0.1264,-0.2544,0.4403,1.1497,2.3137,0.4566,0.5693,0.1423,0.5202,openmrg 2015-07-28 03
openmrg,rnn idw,pws,,35168,0.494,0.6781,0.184,0.3726,0.5054,1.0459,2.1172,0.5759,0.8419,0.2612,0.6488,openmrg 2015-07-28 03
openmrg,rnn line,pws,,36704,0.4969,0.6772,0.1803,0.3628,0.5171,1.0632,2.1396,0.5591,0.8334,0.2669,0.6394,openmrg 2015-07-28 03
openmrg,rnn gmz,pws,,36704,0.4969,0.6848,0.1879,0.3782,0.5269,1.1179,2.2497,0.5427,0.8304,0.266,0.6383,openmrg 2015-07-28 03
openmrg,dynamic idw,city,,10304,0.8477,1.4788,0.6311,0.7445,0.9299,2.0015,2.3611,0.7075,0.9606,0.3438,0.639,openmrg 2015-07-28 03
openmrg,dynamic line,city,,10304,0.8477,1.386,0.5382,0.6349,0.867,1.8769,2.2141,0.7025,0.9576,0.3379,0.6433,openmrg 2015-07-28 03
openmrg,dynamic gmz,city,,10304,0.8477,1.3952,0.5475,0.6459,0.8844,1.976,2.331,0.685,0.9536,0.3463,0.6335,openmrg 2015-07-28 03
openmrg,constant idw,city,,10304,0.8477,0.5554,-0.2923,-0.3448,0.5671,1.4146,1.6688,0.6732,0.6921,0.1575,0.6128,openmrg 2015-07-28 03
openmrg,constant line,city,,10304,0.8477,0.536,-0.3117,-0.3677,0.5721,1.4315,1.6887,0.6635,0.6889,0.1472,0.6157,openmrg 2015-07-28 03
openmrg,constant gmz,city,,10304,0.8477,0.5505,-0.2972,-0.3506,0.5863,1.5081,1.7791,0.6275,0.6939,0.1569,0.6146,openmrg 2015-07-28 03
openmrg,pycomlink idw,city,,10304,0.8477,0.6826,-0.1651,-0.1948,0.5667,1.4199,1.675,0.6892,0.6883,0.1166,0.6309,openmrg 2015-07-28 03
openmrg,pycomlink line,city,,10304,0.8477,0.6468,-0.2009,-0.237,0.5653,1.4159,1.6703,0.6824,0.679,0.1162,0.6233,openmrg 2015-07-28 03
openmrg,pycomlink gmz,city,,10304,0.8477,0.6596,-0.1881,-0.2218,0.578,1.5048,1.7751,0.6534,0.684,0.116,0.6277,openmrg 2015-07-28 03
openmrg,nearby idw,city,,10304,0.8477,0.6075,-0.2402,-0.2834,0.5262,1.4043,1.6565,0.6807,0.7399,0.074,0.6986,openmrg 2015-07-28 03
openmrg,nearby line,city,,10304,0.8477,0.5803,-0.2674,-0.3154,0.5297,1.4263,1.6825,0.6686,0.7349,0.0708,0.696,openmrg 2015-07-28 03
openmrg,nearby gmz,city,,10304,0.8477,0.5943,-0.2534,-0.2989,0.5455,1.6385,1.9329,0.5933,0.7327,0.0749,0.6916,openmrg 2015-07-28 03
openmrg,rnn idw,city,,10304,0.8477,0.751,-0.0967,-0.1141,0.4827,1.216,1.4344,0.7591,0.9169,0.1681,0.7735,openmrg 2015-07-28 03
openmrg,rnn line,city,,10304,0.8477,0.7548,-0.0929,-0.1096,0.4864,1.2296,1.4505,0.7523,0.9221,0.1672,0.7781,openmrg 2015-07-28 03
openmrg,rnn gmz,city,,10304,0.8477,0.7606,-0.0871,-0.1027,0.4919,1.2482,1.4724,0.7432,0.9189,0.1695,0.7738,openmrg 2015-07-28 03
openmrg,pws,radar,2.0,4224,1.4783,1.2624,-0.2159,-0.1461,0.5977,1.0828,0.7325,0.7769,0.8127,0.123,0.7295,openmrg 2015-08-04 19
openmrg,city,radar,2.0,1656,1.4925,1.5791,0.0866,0.058,0.5175,0.8899,0.5963,0.8441,0.9754,0.1127,0.8678,openmrg 2015-08-04 19
openmrg,dynamic idw,radar,2.0,5112,1.4841,3.0458,1.5616,1.0522,1.6409,2.5642,1.7278,0.8694,0.9689,0.1202,0.8556,openmrg 2015-08-04 19
openmrg,dynamic line,radar,2.0,5112,1.4841,2.9333,1.4492,0.9765,1.5301,2.3549,1.5868,0.8783,0.9705,0.1215,0.8556,openmrg 2015-08-04 19
openmrg,dynamic gmz,radar,2.0,5112,1.4841,2.922,1.4379,0.9689,1.5315,2.3852,1.6072,0.8689,0.967,0.123,0.8515,openmrg 2015-08-04 19
openmrg,constant idw,radar,2.0,5112,1.4841,0.8767,-0.6074,-0.4093,0.7766,1.1077,0.7464,0.8255,0.4966,0.0191,0.4919,openmrg 2015-08-04 19
openmrg,constant line,radar,2.0,5112,1.4841,0.872,-0.6121,-0.4125,0.7796,1.1026,0.743,0.8269,0.4985,0.0216,0.4931,openmrg 2015-08-04 19
openmrg,constant gmz,radar,2.0,5112,1.4841,0.8804,-0.6037,-0.4068,0.7899,1.1231,0.7567,0.8189,0.4948,0.0233,0.489,openmrg 2015-08-04 19
openmrg,pycomlink idw,radar,2.0,5112,1.4841,1.6546,0.1705,0.1149,0.5572,0.9654,0.6505,0.8863,0.9343,0.0586,0.883,openmrg 2015-08-04 19
openmrg,pycomlink line,radar,2.0,5112,1.4841,1.5934,0.1093,0.0737,0.5212,0.8733,0.5884,0.8934,0.9349,0.0593,0.8828,openmrg 2015-08-04 19
openmrg,pycomlink gmz,radar,2.0,5112,1.4841,1.594,0.1099,0.074,0.5413,0.9062,0.6106,0.8873,0.9303,0.0588,0.8792,openmrg 2015-08-04 19
openmrg,nearby idw,radar,2.0,5112,1.4841,1.0882,-0.396,-0.2668,0.5952,0.8984,0.6053,0.8698,0.7789,0.0169,0.7686,openmrg 2015-08-04 19
openmrg,nearby line,radar,2.0,5112,1.4841,1.0451,-0.439,-0.2958,0.6053,0.9053,0.61,0.8703,0.7786,0.0143,0.7699,openmrg 2015-08-04 19
openmrg,nearby gmz,radar,2.0,5112,1.4841,1.0477,-0.4364,-0.294,0.6166,0.9339,0.6293,0.8603,0.7789,0.0172,0.7684,openmrg 2015-08-04 19
openmrg,rnn idw,radar,2.0,5112,1.4841,2.1611,0.677,0.4562,0.7824,1.1435,0.7705,0.9109,0.9662,0.1041,0.8687,openmrg 2015-08-04 19
openmrg,rnn line,radar,2.0,5112,1.4841,2.1587,0.6746,0.4545,0.7906,1.1695,0.788,0.905,0.9641,0.1054,0.8657,openmrg 2015-08-04 19
openmrg,rnn gmz,radar,2.0,5112,1.4841,2.1668,0.6827,0.46,0.8115,1.231,0.8295,0.8945,0.9622,0.1041,0.8655,openmrg 2015-08-04 19
openmrg,city,pws,2.0,1476,1.3058,1.5433,0.2375,0.1819,0.4571,0.7858,0.6018,0.8807,0.9458,0.1133,0.8438,openmrg 2015-08-04 19
openmrg,dynamic idw,pws,2.0,4224,1.2624,3.1259,1.8636,1.4763,1.9739,3.0054,2.3808,0.7794,0.9324,0.2269,0.732,openmrg 2015-08-04 19
openmrg,dynamic line,pws,2.0,4224,1.2624,3.0045,1.7422,1.3801,1.8552,2.7901,2.2102,0.7871,0.932,0.2283,0.7306,openmrg 2015-08-04 19
openmrg,dynamic gmz,pws,2.0,4224,1.2624,2.9942,1.7319,1.3719,1.8546,2.8225,2.2359,0.7763,0.9296,0.2292,0.7282,openmrg 2015-08-04 19
openmrg,constant idw,pws,2.0,4224,1.2624,0.9069,-0.3554,-0.2816,0.6974,1.0879,0.8618,0.7885,0.4513,0.1685,0.4135,openmrg 2015-08-04 19
openmrg,constant line,pws,2.0,4224,1.2624,0.8997,-0.3627,-0.2873,0.7044,1.0782,0.8541,0.7898,0.4513,0.1759,0.4116,openmrg 2015-08-04 19
openmrg,constant gmz,pws,2.0,4224,1.2624,0.9063,-0.3561,-0.2821,0.7223,1.1185,0.886,0.7759,0.4492,0.175,0.4101,openmrg 2015-08-04 19
openmrg,pycomlink idw,pws,2.0,4224,1.2624,1.7215,0.4591,0.3637,0.7169,1.2924,1.0238,0.818,0.8945,0.166,0.7594,openmrg 2015-08-04 19
openmrg,pycomlink line,pws,2.0,4224,1.2624,1.6577,0.3953,0.3132,0.6726,1.1965,0.9478,0.8224,0.8966,0.1686,0.7587,openmrg 2015-08-04 19
openmrg,pycomlink gmz,pws,2.0,4224,1.2624,1.6578,0.3955,0.3133,0.6902,1.2315,0.9755,0.8136,0.8917,0.1688,0.755,openmrg 2015-08-04 19
openmrg,nearby idw,pws,2.0,4224,1.2624,1.1209,-0.1414,-0.112,0.5832,0.9813,0.7773,0.8154,0.7421,0.1305,0.6677,openmrg 2015-08-04 19
openmrg,nearby line,pws,2.0,4224,1.2624,1.0777,-0.1846,-0.1462,0.5857,0.9675,0.7664,0.8146,0.7348,0.1342,0.6596,openmrg 2015-08-04 19
openmrg,nearby gmz,pws,2.0,4224,1.2624,1.0821,-0.1803,-0.1428,0.5999,1.0051,0.7962,0.8025,0.7379,0.1337,0.6625,openmrg 2015-08-04 19
openmrg,rnn idw,pws,2.0,4224,1.2624,2.1626,0.9003,0.7132,1.0219,1.5263,1.209,0.8168,0.9506,0.185,0.7818,openmrg 2015-08-04 19
openmrg,rnn line,pws,2.0,4224,1.2624,2.1547,0.8924,0.7069,1.0137,1.5222,1.2058,0.8193,0.9495,0.1852,0.781,openmrg 2015-08-04 19
openmrg,rnn gmz,pws,2.0,4224,1.2624,2.1637,0.9013,0.714,1.0327,1.5689,1.2428,0.8116,0.9457,0.1851,0.7785,openmrg 2015-08-04 19
openmrg,dynamic idw,city,2.0,1656,1.5791,3.9339,2.3548,1.4913,2.361,3.4047,2.1561,0.8704,0.9784,0.141,0.843,openmrg 2015-08-04 19
openmrg,dynamic line,city,2.0,1656,1.5791,3.6669,2.0878,1.3222,2.0974,3.0013,1.9007,0.8822,0.9792,0.1309,0.8533,openmrg 2015-08-04 19
openmrg,dynamic gmz,city,2.0,1656,1.5791,3.6364,2.0573,1.3029,2.0843,3.0323,1.9203,0.8655,0.9784,0.1346,0.8492,openmrg 2015-08-04 19
openmrg,constant idw,city,2.0,1656,1.5791,1.0248,-0.5543,-0.351,0.7459,1.1135,0.7052,0.8221,0.5251,0.0087,0.5227,openmrg 2015-08-04 19
openmrg,constant line,city,2.0,1656,1.5791,0.9997,-0.5794,-0.3669,0.7527,1.0855,0.6874,0.8323,0.5274,0.0116,0.5242,openmrg 2015-08-04 19
openmrg,constant gmz,city,2.0,1656,1.5791,0.9996,-0.5795,-0.367,0.7718,1.1258,0.7129,0.8173,0.5259,0.0116,0.5226,openmrg 2015-08-04 19
openmrg,pycomlink idw,city,2.0,1656,1.5791,2.0578,0.4788,0.3032,0.6502,1.1468,0.7263,0.9002,0.9637,0.0235,0.9419,openmrg 2015-08-04 19
openmrg,pycomlink line,city,2.0,1656,1.5791,1.9358,0.3567,0.2259,0.5758,0.9577,0.6065,0.9111,0.9629,0.022,0.9426,openmrg 2015-08-04 19
openmrg,pycomlink gmz,city,2.0,1656,1.5791,1.9267,0.3477,0.2202,0.6034,1.0201,0.646,0.896,0.9598,0.0213,0.9402,openmrg 2015-08-04 19
openmrg,nearby idw,city,2.0,1656,1.5791,1.3379,-0.2412,-0.1527,0.5552,0.9007,0.5704,0.8666,0.817,0.0038,0.8145,openmrg 2015-08-04 19
openmrg,nearby line,city,2.0,1656,1.5791,1.2695,-0.3096,-0.1961,0.5693,0.8841,0.5599,0.869,0.8108,0.0028,0.8089,openmrg 2015-08-04 19
openmrg,nearby gmz,city,2.0,1656,1.5791,1.2697,-0.3094,-0.1959,0.5947,0.9462,0.5992,0.8501,0.8162,0.0028,0.8143,openmrg 2015-08-04 19
openmrg,rnn idw,city,2.0,1656,1.5791,2.4512,0.8721,0.5523,0.9303,1.2647,0.8009,0.9046,0.9915,0.0593,0.9331,openmrg 2015-08-04 19
openmrg,rnn line,city,2.0,1656,1.5791,2.4333,0.8542,0.541,0.9157,1.2461,0.7891,0.9061,0.9915,0.0607,0.9318,openmrg 2015-08-04 19
openmrg,rnn gmz,city,2.0,1656,1.5791,2.4295,0.8504,0.5386,0.9236,1.2718,0.8054,0.8981,0.9892,0.0588,0.9316,openmrg 2015-08-04 19
openmrg,pws,radar,,7110,1.441,1.2074,-0.2335,-0.1621,0.5978,1.0694,0.7422,0.7687,0.8217,0.1137,0.7434,openmrg 2015-08-04 19
openmrg,city,radar,,1932,1.5167,1.6029,0.0863,0.0569,0.5449,0.9399,0.6198,0.832,0.9769,0.1191,0.8629,openmrg 2015-08-04 19
openmrg,dynamic idw,radar,,8910,1.4867,2.9507,1.4641,0.9848,1.5979,2.4689,1.6607,0.8521,0.9702,0.1074,0.8687,openmrg 2015-08-04 19
openmrg,dynamic line,radar,,9474,1.4762,2.8603,1.384,0.9376,1.5194,2.3217,1.5727,0.8518,0.9728,0.1106,0.8678,openmrg 2015-08-04 19
openmrg,dynamic gmz,radar,,9474,1.4762,2.8692,1.393,0.9436,1.5355,2.3583,1.5975,0.844,0.9706,0.113,0.8638,openmrg 2015-08-04 19
openmrg,constant idw,radar,,8910,1.4867,0.8887,-0.598,-0.4023,0.8437,1.1886,0.7995,0.7775,0.5185,0.0236,0.5121,openmrg 2015-08-04 19
openmrg,constant line,radar,,9474,1.4762,0.8882,-0.588,-0.3983,0.8543,1.2018,0.8141,0.7639,0.5212,0.0266,0.5138,openmrg 2015-08-04 19
openmrg,constant gmz,radar,,9474,1.4762,0.9073,-0.569,-0.3854,0.871,1.2335,0.8356,0.7516,0.5194,0.028,0.5118,openmrg 2015-08-04 19
openmrg,pycomlink idw,radar,,8910,1.4867,1.6131,0.1264,0.085,0.6135,1.0473,0.7044,0.85,0.9271,0.0571,0.8778,openmrg 2015-08-04 19
openmrg,pycomlink line,radar,,9474,1.4762,1.5626,0.0864,0.0585,0.5932,1.0033,0.6796,0.8454,0.9365,0.0582,0.8852,openmrg 2015-08-04 19
openmrg,pycomlink gmz,radar,,9474,1.4762,1.58,0.1038,0.0703,0.6139,1.0414,0.7054,0.8387,0.9319,0.0591,0.8804,openmrg 2015-08-04 19
openmrg,nearby idw,radar,,8910,1.4867,1.0793,-0.4074,-0.2741,0.66,0.9912,0.6667,0.8275,0.7839,0.0184,0.7725,openmrg 2015-08-04 19
openmrg,nearby line,radar,,9474,1.4762,1.0333,-0.4429,-0.3,0.6775,1.0164,0.6885,0.814,0.7797,0.0169,0.7694,openmrg 2015-08-04 19
openmrg,nearby gmz,radar,,9474,1.4762,1.0407,-0.4356,-0.2951,0.6942,1.0561,0.7154,0.7983,0.7819,0.0216,0.7686,openmrg 2015-08-04 19
openmrg,rnn idw,radar,,8946,1.4866,2.1599,0.6733,0.4529,0.8399,1.2823,0.8626,0.8675,0.9673,0.1108,0.8633,openmrg 2015-08-04 19
openmrg,rnn line,radar,,9528,1.4761,2.1533,0.6772,0.4588,0.8672,1.3587,0.9205,0.8456,0.9668,0.1145,0.8594,openmrg 2015-08-04 19
openmrg,rnn gmz,radar,,9528,1.4761,2.177,0.7009,0.4748,0.9105,1.4825,1.0043,0.821,0.9655,0.1118,0.8609,openmrg 2015-08-04 19
openmrg,city,pws,,1680,1.298,1.5661,0.2681,0.2065,0.4714,0.8041,0.6194,0.8838,0.9494,0.1319,0.8296,openmrg 2015-08-04 19
openmrg,dynamic idw,pws,,6588,1.2351,2.997,1.7618,1.4264,1.8495,2.8033,2.2696,0.8096,0.9382,0.2162,0.7453,openmrg 2015-08-04 19
openmrg,dynamic line,pws,,6882,1.2183,2.8893,1.671,1.3716,1.756,2.6265,2.156,0.8171,0.9416,0.2148,0.7488,openmrg 2015-08-04 19
openmrg,dynamic gmz,pws,,6882,1.2183,2.8955,1.6773,1.3768,1.7685,2.6642,2.1869,0.8079,0.9401,0.2163,0.7464,openmrg 2015-08-04 19
openmrg,constant idw,pws,,6588,1.2351,0.8983,-0.3369,-0.2727,0.6846,1.0463,0.8471,0.8047,0.4572,0.1809,0.4152,openmrg 2015-08-04 19
openmrg,constant line,pws,,6882,1.2183,0.896,-0.3222,-0.2645,0.6936,1.049,0.8611,0.7973,0.4551,0.1904,0.4111,openmrg 2015-08-04 19
openmrg,constant gmz,pws,,6882,1.2183,0.9072,-0.3111,-0.2554,0.7184,1.1012,0.9039,0.7804,0.4538,0.1905,0.41,openmrg 2015-08-04 19
openmrg,pycomlink idw,pws,,6588,1.2351,1.6526,0.4174,0.338,0.657,1.1841,0.9586,0.8442,0.8905,0.1623,0.7595,openmrg 2015-08-04 19
openmrg,pycomlink line,pws,,6882,1.2183,1.5972,0.3789,0.311,0.6244,1.1129,0.9135,0.8454,0.8973,0.1636,0.7633,openmrg 2015-08-04 19
openmrg,pycomlink gmz,pws,,6882,1.2183,1.6088,0.3906,0.3206,0.6451,1.1529,0.9463,0.8376,0.893,0.1636,0.7602,openmrg 2015-08-04 19
openmrg,nearby idw,pws,,6588,1.2351,1.0983,-0.1369,-0.1108,0.5496,0.9073,0.7346,0.8408,0.7475,0.1301,0.6723,openmrg 2015-08-04 19
openmrg,nearby line,pws,,6882,1.2183,1.0517,-0.1666,-0.1367,0.5503,0.8967,0.7361,0.8369,0.737,0.1304,0.6637,openmrg 2015-08-04 19
openmrg,nearby gmz,pws,,6882,1.2183,1.058,-0.1603,-0.1315,0.5677,0.9379,0.7699,0.8243,0.7431,0.129,0.6694,openmrg 2015-08-04 19
openmrg,rnn idw,pws,,6594,1.2357,2.1307,0.8949,0.7242,0.9909,1.4879,1.204,0.8357,0.9611,0.1848,0.7892,openmrg 2015-08-04 19
openmrg,rnn line,pws,,6882,1.2183,2.1138,0.8956,0.7351,0.989,1.5039,1.2345,0.8338,0.9623,0.1835,0.7912,openmrg 2015-08-04 19
openmrg,rnn gmz,pws,,6882,1.2183,2.1289,0.9107,0.7475,1.0131,1.5779,1.2953,0.8207,0.9595,0.1835,0.7893,openmrg 2015-08-04 19
openmrg,dynamic idw,city,,1932,1.6029,3.8974,2.2945,1.4314,2.3001,3.298,2.0575,0.8757,0.9772,0.1294,0.8533,openmrg 2015-08-04 19
openmrg,dynamic line,city,,1932,1.6029,3.6398,2.0368,1.2707,2.0455,2.911,1.816,0.8858,0.9779,0.1201,0.8627,openmrg 2015-08-04 19
openmrg,dynamic gmz,city,,1932,1.6029,3.6129,2.0099,1.2539,2.0336,2.9381,1.8329,0.8712,0.9772,0.1232,0.8592,openmrg 2015-08-04 19
openmrg,constant idw,city,,1932,1.6029,1.0458,-0.5571,-0.3476,0.7432,1.0996,0.686,0.8341,0.5345,0.0085,0.5321,openmrg 2015-08-04 19
openmrg,constant line,city,,1932,1.6029,1.018,-0.585,-0.3649,0.7532,1.0811,0.6745,0.8414,0.5378,0.0108,0.5346,openmrg 2015-08-04 19
openmrg,constant gmz,city,,1932,1.6029,1.0185,-0.5845,-0.3646,0.7704,1.1168,0.6968,0.8281,0.5358,0.0108,0.5327,openmrg 2015-08-04 19
openmrg,pycomlink idw,city,,1932,1.6029,2.0605,0.4576,0.2855,0.622,1.0964,0.684,0.9066,0.9629,0.0212,0.9432,openmrg 2015-08-04 19
openmrg,pycomlink line,city,,1932,1.6029,1.9376,0.3347,0.2088,0.5533,0.9203,0.5741,0.9147,0.9603,0.0199,0.9419,openmrg 2015-08-04 19
openmrg,pycomlink gmz,city,,1932,1.6029,1.9303,0.3274,0.2043,0.5778,0.9776,0.6099,0.9015,0.9577,0.0193,0.9399,openmrg 2015-08-04 19
openmrg,nearby idw,city,,1932,1.6029,1.3571,-0.2458,-0.1534,0.5493,0.8772,0.5473,0.8765,0.8177,0.0048,0.8145,openmrg 2015-08-04 19
openmrg,nearby line,city,,1932,1.6029,1.2849,-0.318,-0.1984,0.5667,0.8721,0.544,0.8771,0.8125,0.004,0.8099,openmrg 2015-08-04 19
openmrg,nearby gmz,city,,1932,1.6029,1.2864,-0.3165,-0.1974,0.5899,0.9279,0.5789,0.8602,0.8171,0.004,0.8144,openmrg 2015-08-04 19
openmrg,rnn idw,city,,1932,1.6029,2.4681,0.8652,0.5397,0.9266,1.2491,0.7792,0.907,0.9922,0.0528,0.9402,openmrg 2015-08-04 19
openmrg,rnn line,city,,1932,1.6029,2.4475,0.8445,0.5269,0.9109,1.2284,0.7664,0.9077,0.9922,0.054,0.939,openmrg 2015-08-04 19
openmrg,rnn gmz,city,,1932,1.6029,2.4436,0.8406,0.5244,0.9174,1.2512,0.7806,0.9006,0.9902,0.0523,0.9389,openmrg 2015-08-04 19
openmrg,pws,radar,2.0,8448,0.3404,0.1322,-0.2082,-0.6116,0.2589,0.4315,1.2675,0.5218,0.4803,0.1052,0.4546,openmrg 2015-08-10 22
openmrg,city,radar,2.0,3312,0.3787,0.1812,-0.1975,-0.5215,0.2357,0.3628,0.9579,0.7403,0.5499,0.0597,0.5313,openmrg 2015-08-10 22
openmrg,dynamic idw,radar,2.0,10224,0.3374,0.3389,0.0015,0.0044,0.2693,0.5798,1.7185,0.5487,0.6257,0.1682,0.5554,openmrg 2015-08-10 22
openmrg,dynamic line,radar,2.0,10224,0.3374,0.39,0.0526,0.156,0.2995,0.6721,1.992,0.5019,0.6554,0.2055,0.5603,openmrg 2015-08-10 22
openmrg,dynamic gmz,radar,2.0,10224,0.3374,0.4093,0.0719,0.2132,0.3215,0.7682,2.2767,0.4537,0.6542,0.2163,0.5542,openmrg 2015-08-10 22
openmrg,constant idw,radar,2.0,10224,0.3374,0.029,-0.3084,-0.9141,0.3435,0.5674,1.6817,0.0491,0.0448,0.3741,0.0436,openmrg 2015-08-10 22
openmrg,constant line,radar,2.0,10224,0.3374,0.0415,-0.2959,-0.8769,0.3524,0.5881,1.7429,0.0444,0.0492,0.3964,0.0476,openmrg 2015-08-10 22
openmrg,constant gmz,radar,2.0,10224,0.3374,0.0464,-0.291,-0.8624,0.355,0.6057,1.7951,0.0405,0.0565,0.3741,0.0546,openmrg 2015-08-10 22
openmrg,pycomlink idw,radar,2.0,10224,0.3374,0.0893,-0.2481,-0.7352,0.2713,0.4449,1.3186,0.5363,0.3185,0.0415,0.3142,openmrg 2015-08-10 22
openmrg,pycomlink line,radar,2.0,10224,0.3374,0.0854,-0.252,-0.7469,0.275,0.4553,1.3493,0.5041,0.3044,0.0414,0.3004,openmrg 2015-08-10 22
openmrg,pycomlink gmz,radar,2.0,10224,0.3374,0.0892,-0.2482,-0.7355,0.2751,0.4608,1.3659,0.4824,0.3047,0.0452,0.3004,openmrg 2015-08-10 22
openmrg,nearby idw,radar,2.0,10224,0.3374,0.0125,-0.3249,-0.963,0.3294,0.5374,1.5928,0.2051,0.0414,0.052,0.0413,openmrg 2015-08-10 22
openmrg,nearby line,radar,2.0,10224,0.3374,0.0116,-0.3258,-0.9656,0.3303,0.5407,1.6025,0.1762,0.0391,0.0512,0.039,openmrg 2015-08-10 22
openmrg,nearby gmz,radar,2.0,10224,0.3374,0.0131,-0.3243,-0.9611,0.3298,0.5412,1.604,0.1732,0.0436,0.0358,0.0436,openmrg 2015-08-10 22
openmrg,rnn idw,radar,2.0,10224,0.3374,0.1372,-0.2002,-0.5933,0.2141,0.3435,1.018,0.7923,0.5024,0.0355,0.4932,openmrg 2015-08-10 22
openmrg,rnn line,radar,2.0,10224,0.3374,0.1368,-0.2006,-0.5946,0.2165,0.3463,1.0264,0.7784,0.4895,0.0339,0.4813,openmrg 2015-08-10 22
openmrg,rnn gmz,radar,2.0,10224,0.3374,0.1386,-0.1988,-0.5891,0.2173,0.3516,1.042,0.7555,0.4861,0.036,0.4775,openmrg 2015-08-10 22
openmrg,city,pws,2.0,2952,0.1734,0.1842,0.0108,0.062,0.0976,0.2739,1.5792,0.5965,0.8971,0.1922,0.7393,openmrg 2015-08-10 22
openmrg,dynamic idw,pws,2.0,8448,0.1322,0.3602,0.228,1.7242,0.2932,0.714,5.4003,0.4027,0.8092,0.4265,0.5052,openmrg 2015-08-10 22
openmrg,dynamic line,pws,2.0,8448,0.1322,0.415,0.2828,2.1389,0.345,0.8278,6.2607,0.342,0.8355,0.4639,0.4849,openmrg 2015-08-10 22
openmrg,dynamic gmz,pws,2.0,8448,0.1322,0.4346,0.3024,2.2872,0.3671,0.9261,7.0039,0.3015,0.8234,0.479,0.4686,openmrg 2015-08-10 22
openmrg,constant idw,pws,2.0,8448,0.1322,0.0348,-0.0974,-0.7365,0.1549,0.3717,2.8114,-0.0188,0.0692,0.5682,0.0634,openmrg 2015-08-10 22
openmrg,constant line,pws,2.0,8448,0.1322,0.0499,-0.0823,-0.6227,0.1688,0.4207,3.1822,-0.0239,0.0797,0.5585,0.0724,openmrg 2015-08-10 22
openmrg,constant gmz,pws,2.0,8448,0.1322,0.0557,-0.0765,-0.5787,0.1738,0.4545,3.4375,-0.0265,0.0877,0.5578,0.079,openmrg 2015-08-10 22
openmrg,pycomlink idw,pws,2.0,8448,0.1322,0.0933,-0.0389,-0.2942,0.1024,0.2835,2.1441,0.4498,0.5453,0.1381,0.5015,openmrg 2015-08-10 22
openmrg,pycomlink line,pws,2.0,8448,0.1322,0.0897,-0.0425,-0.3214,0.1041,0.2972,2.2481,0.4101,0.5246,0.1335,0.4853,openmrg 2015-08-10 22
openmrg,pycomlink gmz,pws,2.0,8448,0.1322,0.094,-0.0383,-0.2894,0.1078,0.315,2.3821,0.3874,0.5231,0.1411,0.4817,openmrg 2015-08-10 22
openmrg,nearby idw,pws,2.0,8448,0.1322,0.0139,-0.1183,-0.8949,0.1253,0.2952,2.233,0.1942,0.0906,0.004,0.0906,openmrg 2015-08-10 22
openmrg,nearby line,pws,2.0,8448,0.1322,0.0126,-0.1196,-0.9046,0.1266,0.3005,2.273,0.164,0.079,0.0046,0.079,openmrg 2015-08-10 22
openmrg,nearby gmz,pws,2.0,8448,0.1322,0.0143,-0.1179,-0.892,0.1264,0.3047,2.3043,0.162,0.0863,0.0042,0.0862,openmrg 2015-08-10 22
openmrg,rnn idw,pws,2.0,8448,0.1322,0.1289,-0.0033,-0.025,0.1015,0.2478,1.8742,0.5471,0.6447,0.3109,0.4994,openmrg 2015-08-10 22
openmrg,rnn line,pws,2.0,8448,0.1322,0.1271,-0.0051,-0.0386,0.1015,0.2497,1.8887,0.5467,0.6334,0.3034,0.4964,openmrg 2015-08-10 22
openmrg,rnn gmz,pws,2.0,8448,0.1322,0.1287,-0.0035,-0.0264,0.1033,0.2591,1.9594,0.5288,0.6294,0.3065,0.4925,openmrg 2015-08-10 22
openmrg,dynamic idw,city,2.0,3312,0.1812,0.4278,0.2466,1.3606,0.2814,0.6799,3.7519,0.7315,0.8508,0.2949,0.6275,openmrg 2015-08-10 22
openmrg,dynamic line,city,2.0,3312,0.1812,0.4244,0.2432,1.3418,0.2779,0.6594,3.6388,0.7115,0.8562,0.3471,0.5883,openmrg 2015-08-10 22
openmrg,dynamic gmz,city,2.0,3312,0.1812,0.4332,0.252,1.3904,0.2893,0.7091,3.9127,0.6755,0.8577,0.3583,0.5799,openmrg 2015-08-10 22
openmrg,constant idw,city,2.0,3312,0.1812,0.0126,-0.1686,-0.9302,0.1796,0.3234,1.7845,0.1377,0.0352,0.5054,0.034,openmrg 2015-08-10 22
openmrg,constant line,city,2.0,3312,0.1812,0.0119,-0.1694,-0.9346,0.181,0.3293,1.8174,0.1085,0.0283,0.4478,0.0277,openmrg 2015-08-10 22
openmrg,constant gmz,city,2.0,3312,0.1812,0.0136,-0.1676,-0.925,0.1812,0.3304,1.8231,0.113,0.0337,0.4359,0.0328,openmrg 2015-08-10 22
openmrg,pycomlink idw,city,2.0,3312,0.1812,0.1458,-0.0354,-0.1953,0.1057,0.2486,1.3719,0.704,0.6993,0.0509,0.674,openmrg 2015-08-10 22
openmrg,pycomlink line,city,2.0,3312,0.1812,0.1366,-0.0446,-0.246,0.1097,0.2939,1.6218,0.6188,0.6779,0.037,0.6607,openmrg 2015-08-10 22
openmrg,pycomlink gmz,city,2.0,3312,0.1812,0.1409,-0.0403,-0.2222,0.1137,0.3227,1.781,0.5874,0.6748,0.0434,0.6548,openmrg 2015-08-10 22
openmrg,nearby idw,city,2.0,3312,0.1812,0.0317,-0.1495,-0.825,0.1626,0.3092,1.706,0.3522,0.1668,0.0046,0.1667,openmrg 2015-08-10 22
openmrg,nearby line,city,2.0,3312,0.1812,0.0289,-0.1524,-0.8407,0.1661,0.3216,1.7747,0.305,0.1461,0.0052,0.146,openmrg 2015-08-10 22
openmrg,nearby gmz,city,2.0,3312,0.1812,0.0328,-0.1484,-0.8191,0.1654,0.3298,1.8197,0.3016,0.1622,0.0047,0.1621,openmrg 2015-08-10 22
openmrg,rnn idw,city,2.0,3312,0.1812,0.1623,-0.0189,-0.1043,0.0802,0.1389,0.7667,0.8685,0.8332,0.2016,0.6884,openmrg 2015-08-10 22
openmrg,rnn line,city,2.0,3312,0.1812,0.1603,-0.0209,-0.1155,0.0809,0.1392,0.7682,0.8692,0.8286,0.1833,0.6987,openmrg 2015-08-10 22
openmrg,rnn gmz,city,2.0,3312,0.1812,0.1609,-0.0203,-0.1119,0.0825,0.1427,0.7876,0.8622,0.8225,0.1862,0.6922,openmrg 2015-08-10 22
openmrg,pws,radar,,14220,0.3447,0.1256,-0.2191,-0.6355,0.2595,0.4344,1.2603,0.5636,0.5166,0.1102,0.4855,openmrg 2015-08-10 22
openmrg,city,radar,,3864,0.3819,0.1819,-0.2,-0.5236,0.2393,0.37,0.9687,0.7273,0.5523,0.0708,0.53,openmrg 2015-08-10 22
openmrg,dynamic idw,radar,,17820,0.3518,0.3538,0.002,0.0056,0.2948,0.612,1.7393,0.5234,0.6319,0.1791,0.5553,openmrg 2015-08-10 22
openmrg,dynamic line,radar,,18948,0.357,0.4145,0.0575,0.161,0.3316,0.7062,1.978,0.4827,0.6679,0.2133,0.5655,openmrg 2015-08-10 22
openmrg,dynamic gmz,radar,,18948,0.357,0.4375,0.0804,0.2252,0.3571,0.7913,2.2163,0.4462,0.6631,0.2224,0.5574,openmrg 2015-08-10 22
openmrg,constant idw,radar,,17820,0.3518,0.0421,-0.3098,-0.8805,0.3627,0.6012,1.7087,0.069,0.0548,0.4167,0.0527,openmrg 2015-08-10 22
openmrg,constant line,radar,,18948,0.357,0.0554,-0.3017,-0.8449,0.3774,0.6289,1.7614,0.0607,0.0595,0.4178,0.057,openmrg 2015-08-10 22
openmrg,constant gmz,radar,,18948,0.357,0.0616,-0.2954,-0.8274,0.3819,0.647,1.812,0.0557,0.0642,0.4065,0.0615,openmrg 2015-08-10 22
openmrg,pycomlink idw,radar,,17820,0.3518,0.089,-0.2629,-0.7472,0.2872,0.4728,1.3437,0.5331,0.3038,0.0598,0.298,openmrg 2015-08-10 22
openmrg,pycomlink line,radar,,18948,0.357,0.0846,-0.2724,-0.763,0.296,0.488,1.3669,0.5106,0.2864,0.0611,0.2812,openmrg 2015-08-10 22
openmrg,pycomlink gmz,radar,,18948,0.357,0.0892,-0.2678,-0.75,0.2954,0.4894,1.3706,0.4973,0.2881,0.0586,0.283,openmrg 2015-08-10 22
openmrg,nearby idw,radar,,17820,0.3518,0.0111,-0.3408,-0.9686,0.3441,0.5675,1.613,0.2147,0.039,0.0612,0.0389,openmrg 2015-08-10 22
openmrg,nearby line,radar,,18948,0.357,0.0102,-0.3469,-0.9715,0.3499,0.5778,1.6183,0.1932,0.0388,0.06,0.0387,openmrg 2015-08-10 22
openmrg,nearby gmz,radar,,18948,0.357,0.011,-0.346,-0.9691,0.3496,0.5781,1.6191,0.1828,0.0417,0.0522,0.0416,openmrg 2015-08-10 22
openmrg,rnn idw,radar,,17892,0.3529,0.1413,-0.2117,-0.5997,0.2345,0.3853,1.0916,0.7316,0.4913,0.0499,0.4789,openmrg 2015-08-10 22
openmrg,rnn line,radar,,19056,0.3592,0.1415,-0.2177,-0.6062,0.2444,0.4025,1.1205,0.7021,0.4756,0.0479,0.4644,openmrg 2015-08-10 22
openmrg,rnn gmz,radar,,19056,0.3592,0.1449,-0.2143,-0.5966,0.2462,0.4103,1.1424,0.6754,0.469,0.0508,0.4575,openmrg 2015-08-10 22
openmrg,city,pws,,3360,0.1691,0.1858,0.0168,0.0991,0.0992,0.268,1.5853,0.6068,0.901,0.203,0.7328,openmrg 2015-08-10 22
openmrg,dynamic idw,pws,,13176,0.1265,0.3673,0.2408,1.9038,0.299,0.7044,5.5688,0.4043,0.7924,0.4176,0.5053,openmrg 2015-08-10 22
openmrg,dynamic line,pws,,13764,0.1261,0.4364,0.3103,2.4608,0.3625,0.8436,6.6898,0.3459,0.8205,0.448,0.4926,openmrg 2015-08-10 22
openmrg,dynamic gmz,pws,,13764,0.1261,0.4608,0.3347,2.6541,0.3892,0.9351,7.4152,0.3134,0.8089,0.4598,0.4791,openmrg 2015-08-10 22
openmrg,constant idw,pws,,13176,0.1265,0.047,-0.0795,-0.6285,0.1595,0.3713,2.9352,-0.0272,0.0877,0.5733,0.0785,openmrg 2015-08-10 22
openmrg,constant line,pws,,13764,0.1261,0.0659,-0.0602,-0.4775,0.1763,0.429,3.4016,-0.0311,0.1007,0.5576,0.0894,openmrg 2015-08-10 22
openmrg,constant gmz,pws,,13764,0.1261,0.0731,-0.053,-0.4207,0.1829,0.4642,3.6811,-0.0344,0.1054,0.5593,0.093,openmrg 2015-08-10 22
openmrg,pycomlink idw,pws,,13176,0.1265,0.0895,-0.037,-0.2927,0.1037,0.2648,2.0937,0.4603,0.4706,0.1743,0.4281,openmrg 2015-08-10 22
openmrg,pycomlink line,pws,,13764,0.1261,0.0857,-0.0404,-0.3204,0.1052,0.2745,2.1765,0.426,0.4442,0.172,0.4067,openmrg 2015-08-10 22
openmrg,pycomlink gmz,pws,,13764,0.1261,0.0915,-0.0346,-0.2747,0.1093,0.2905,2.3034,0.4082,0.4459,0.1779,0.4067,openmrg 2015-08-10 22
openmrg,nearby idw,pws,,13176,0.1265,0.0123,-0.1142,-0.9028,0.1198,0.2761,2.1829,0.2142,0.0817,0.0027,0.0817,openmrg 2015-08-10 22
openmrg,nearby line,pws,,13764,0.1261,0.0108,-0.1153,-0.9143,0.1202,0.2786,2.2093,0.1874,0.0724,0.0029,0.0724,openmrg 2015-08-10 22
openmrg,nearby gmz,pws,,13764,0.1261,0.0122,-0.114,-0.9036,0.1201,0.2811,2.2292,0.1845,0.0781,0.0027,0.0781,openmrg 2015-08-10 22
openmrg,rnn idw,pws,,13188,0.1266,0.1259,-0.0007,-0.0052,0.1004,0.2356,1.8612,0.576,0.6086,0.2914,0.4868,openmrg 2015-08-10 22
openmrg,rnn line,pws,,13764,0.1261,0.1229,-0.0032,-0.0255,0.0996,0.2339,1.8548,0.5835,0.5962,0.2768,0.4854,openmrg 2015-08-10 22
openmrg,rnn gmz,pws,,13764,0.1261,0.1254,-0.0007,-0.0058,0.1029,0.2452,1.9442,0.5649,0.5881,0.2819,0.4778,openmrg 2015-08-10 22
openmrg,dynamic idw,city,,3864,0.1819,0.4287,0.2467,1.3561,0.2792,0.6586,3.6201,0.7438,0.8526,0.3023,0.6226,openmrg 2015-08-10 22
openmrg,dynamic line,city,,3864,0.1819,0.4269,0.245,1.3464,0.2773,0.6371,3.5017,0.7242,0.8584,0.3535,0.5842,openmrg 2015-08-10 22
openmrg,dynamic gmz,city,,3864,0.1819,0.4359,0.254,1.396,0.2885,0.6831,3.7543,0.6902,0.861,0.3637,0.577,openmrg 2015-08-10 22
openmrg,constant idw,city,,3864,0.1819,0.0132,-0.1688,-0.9277,0.1794,0.3251,1.7867,0.1701,0.0442,0.4646,0.0425,openmrg 2015-08-10 22
openmrg,constant line,city,,3864,0.1819,0.0121,-0.1698,-0.9335,0.1809,0.3306,1.8173,0.129,0.0364,0.3978,0.0355,openmrg 2015-08-10 22
openmrg,constant gmz,city,,3864,0.1819,0.0139,-0.1681,-0.9237,0.1809,0.3312,1.8204,0.1334,0.0435,0.3853,0.0424,openmrg 2015-08-10 22
openmrg,pycomlink idw,city,,3864,0.1819,0.1494,-0.0326,-0.1789,0.1046,0.241,1.3246,0.7224,0.6955,0.0613,0.6652,openmrg 2015-08-10 22
openmrg,pycomlink line,city,,3864,0.1819,0.1393,-0.0426,-0.2343,0.1079,0.2807,1.543,0.6432,0.6727,0.0495,0.6499,openmrg 2015-08-10 22
openmrg,pycomlink gmz,city,,3864,0.1819,0.1436,-0.0383,-0.2106,0.1117,0.3072,1.6882,0.6132,0.6701,0.0558,0.6446,openmrg 2015-08-10 22
openmrg,nearby idw,city,,3864,0.1819,0.0342,-0.1477,-0.8118,0.1598,0.3049,1.6756,0.3882,0.1818,0.0036,0.1817,openmrg 2015-08-10 22
openmrg,nearby line,city,,3864,0.1819,0.0309,-0.1511,-0.8303,0.1631,0.3164,1.7391,0.3385,0.163,0.004,0.1629,openmrg 2015-08-10 22
openmrg,nearby gmz,city,,3864,0.1819,0.0349,-0.147,-0.8082,0.1623,0.3231,1.7757,0.3334,0.1786,0.0036,0.1785,openmrg 2015-08-10 22
openmrg,rnn idw,city,,3864,0.1819,0.1639,-0.018,-0.099,0.0812,0.1401,0.77,0.8698,0.8253,0.2021,0.6826,openmrg 2015-08-10 22
openmrg,rnn line,city,,3864,0.1819,0.162,-0.02,-0.1099,0.0815,0.1403,0.7709,0.8705,0.8169,0.1858,0.6886,openmrg 2015-08-10 22
openmrg,rnn gmz,city,,3864,0.1819,0.1626,-0.0193,-0.1063,0.0829,0.1433,0.7877,0.8645,0.813,0.1875,0.6845,openmrg 2015-08-10 22
openmrg,pws,radar,2.0,8448,0.5187,0.5609,0.0421,0.0812,0.4195,0.9081,1.7507,0.5889,0.7428,0.1728,0.643,openmrg 2015-08-15 13
openmrg,city,radar,2.0,3312,0.6214,0.7199,0.0985,0.1585,0.4542,0.8508,1.3691,0.7082,0.8925,0.1734,0.7518,openmrg 2015-08-15 13
openmrg,dynamic idw,radar,2.0,10224,0.4981,1.0543,0.5563,1.1168,0.6648,1.4351,2.8814,0.7078,0.8853,0.3151,0.6291,openmrg 2015-08-15 13
openmrg,dynamic line,radar,2.0,10224,0.4981,1.0598,0.5617,1.1278,0.6735,1.4253,2.8616,0.6863,0.8933,0.3255,0.6242,openmrg 2015-08-15 13
openmrg,dynamic gmz,radar,2.0,10224,0.4981,1.0784,0.5803,1.165,0.6932,1.5078,3.0273,0.6626,0.8868,0.3322,0.6154,openmrg 2015-08-15 13
openmrg,constant idw,radar,2.0,10224,0.4981,0.2813,-0.2168,-0.4353,0.3596,0.7,1.4055,0.6606,0.4777,0.1101,0.451,openmrg 2015-08-15 13
openmrg,constant line,radar,2.0,10224,0.4981,0.2734,-0.2247,-0.4512,0.3561,0.6975,1.4003,0.6622,0.4716,0.1107,0.4455,openmrg 2015-08-15 13
openmrg,constant gmz,radar,2.0,10224,0.4981,0.2815,-0.2166,-0.4348,0.3597,0.7105,1.4265,0.6535,0.476,0.1156,0.4481,openmrg 2015-08-15 13
openmrg,pycomlink idw,radar,2.0,10224,0.4981,0.5556,0.0576,0.1156,0.3291,0.7157,1.437,0.7389,0.8018,0.1839,0.6791,openmrg 2015-08-15 13
openmrg,pycomlink line,radar,2.0,10224,0.4981,0.5322,0.0341,0.0684,0.3198,0.696,1.3974,0.7363,0.7947,0.1828,0.6748,openmrg 2015-08-15 13
openmrg,pycomlink gmz,radar,2.0,10224,0.4981,0.5386,0.0405,0.0813,0.3275,0.7226,1.4508,0.7266,0.7939,0.1842,0.6732,openmrg 2015-08-15 13
openmrg,nearby idw,radar,2.0,10224,0.4981,0.387,-0.1111,-0.223,0.3195,0.6411,1.2873,0.7173,0.6671,0.116,0.6134,openmrg 2015-08-15 13
openmrg,nearby line,radar,2.0,10224,0.4981,0.3684,-0.1297,-0.2604,0.3147,0.6345,1.274,0.7176,0.6575,0.1067,0.6096,openmrg 2015-08-15 13
openmrg,nearby gmz,radar,2.0,10224,0.4981,0.3741,-0.124,-0.2489,0.319,0.651,1.307,0.708,0.66,0.1078,0.6112,openmrg 2015-08-15 13
openmrg,rnn idw,radar,2.0,10224,0.4981,0.6269,0.1289,0.2587,0.3257,0.644,1.293,0.7831,0.8818,0.2088,0.7154,openmrg 2015-08-15 13
openmrg,rnn line,radar,2.0,10224,0.4981,0.6366,0.1385,0.278,0.3333,0.6592,1.3234,0.7799,0.8847,0.2106,0.7158,openmrg 2015-08-15 13
openmrg,rnn gmz,radar,2.0,10224,0.4981,0.6451,0.147,0.2952,0.3395,0.6924,1.3902,0.7718,0.8824,0.2072,0.7171,openmrg 2015-08-15 13
openmrg,city,pws,2.0,2952,0.7207,0.7434,0.0227,0.0315,0.4256,0.8386,1.1636,0.7498,0.9078,0.1864,0.7514,openmrg 2015-08-15 13
openmrg,dynamic idw,pws,2.0,8448,0.5609,1.1449,0.5841,1.0414,0.785,1.5599,2.7813,0.6414,0.9428,0.3548,0.6209,openmrg 2015-08-15 13
openmrg,dynamic line,pws,2.0,8448,0.5609,1.1463,0.5854,1.0438,0.789,1.5555,2.7735,0.6158,0.9477,0.3657,0.6128,openmrg 2015-08-15 13
openmrg,dynamic gmz,pws,2.0,8448,0.5609,1.1679,0.607,1.0823,0.8161,1.6473,2.9371,0.5901,0.9397,0.3743,0.6016,openmrg 2015-08-15 13
openmrg,constant idw,pws,2.0,8448,0.5609,0.3096,-0.2512,-0.448,0.4041,0.9141,1.6299,0.5968,0.5605,0.1066,0.5254,openmrg 2015-08-15 13
openmrg,constant line,pws,2.0,8448,0.5609,0.2995,-0.2614,-0.4661,0.4037,0.9229,1.6456,0.5873,0.5572,0.1012,0.5243,openmrg 2015-08-15 13
openmrg,constant gmz,pws,2.0,8448,0.5609,0.3091,-0.2518,-0.449,0.4101,0.9369,1.6704,0.575,0.56,0.109,0.5241,openmrg 2015-08-15 13
openmrg,pycomlink idw,pws,2.0,8448,0.5609,0.6047,0.0438,0.0781,0.4129,0.9056,1.6146,0.6596,0.8682,0.226,0.6926,openmrg 2015-08-15 13
openmrg,pycomlink line,pws,2.0,8448,0.5609,0.5784,0.0175,0.0313,0.4074,0.9016,1.6075,0.6486,0.8602,0.2278,0.6861,openmrg 2015-08-15 13
openmrg,pycomlink gmz,pws,2.0,8448,0.5609,0.5871,0.0262,0.0468,0.4182,0.9289,1.6562,0.6362,0.8542,0.2349,0.6767,openmrg 2015-08-15 13
openmrg,nearby idw,pws,2.0,8448,0.5609,0.4228,-0.1381,-0.2462,0.3629,0.8515,1.5183,0.6486,0.7603,0.1084,0.696,openmrg 2015-08-15 13
openmrg,nearby line,pws,2.0,8448,0.5609,0.4005,-0.1604,-0.2859,0.3625,0.8578,1.5295,0.6401,0.7463,0.1002,0.689,openmrg 2015-08-15 13
openmrg,nearby gmz,pws,2.0,8448,0.5609,0.4078,-0.1531,-0.2729,0.3696,0.8737,1.5577,0.6285,0.7479,0.1036,0.6884,openmrg 2015-08-15 13
openmrg,rnn idw,pws,2.0,8448,0.5609,0.6452,0.0843,0.1503,0.4131,0.884,1.5761,0.6542,0.9263,0.2381,0.7183,openmrg 2015-08-15 13
openmrg,rnn line,pws,2.0,8448,0.5609,0.6493,0.0884,0.1576,0.4173,0.8921,1.5906,0.6499,0.9249,0.2434,0.7128,openmrg 2015-08-15 13
openmrg,rnn gmz,pws,2.0,8448,0.5609,0.6564,0.0955,0.1703,0.426,0.919,1.6386,0.639,0.9199,0.2423,0.7108,openmrg 2015-08-15 13
openmrg,dynamic idw,city,2.0,3312,0.7199,1.6677,0.9478,1.3165,1.0058,1.7973,2.4965,0.8577,0.9747,0.2261,0.7586,openmrg 2015-08-15 13
openmrg,dynamic line,city,2.0,3312,0.7199,1.5681,0.8481,1.1781,0.9133,1.6412,2.2796,0.8508,0.9732,0.2305,0.7535,openmrg 2015-08-15 13
openmrg,dynamic gmz,city,2.0,3312,0.7199,1.5739,0.854,1.1862,0.9321,1.6986,2.3594,0.8344,0.9701,0.237,0.7454,openmrg 2015-08-15 13
openmrg,constant idw,city,2.0,3312,0.7199,0.4799,-0.2401,-0.3334,0.3919,0.7432,1.0323,0.807,0.5557,0.0699,0.5334,openmrg 2015-08-15 13
openmrg,constant line,city,2.0,3312,0.7199,0.4593,-0.2606,-0.362,0.396,0.7764,1.0784,0.7886,0.5542,0.0636,0.5341,openmrg 2015-08-15 13
openmrg,constant gmz,city,2.0,3312,0.7199,0.4706,-0.2493,-0.3463,0.4039,0.8027,1.115,0.7721,0.5593,0.0687,0.5372,openmrg 2015-08-15 13
openmrg,pycomlink idw,city,2.0,3312,0.7199,0.8986,0.1787,0.2482,0.3758,0.7507,1.0427,0.8611,0.9185,0.1064,0.8279,openmrg 2015-08-15 13
openmrg,pycomlink line,city,2.0,3312,0.7199,0.8402,0.1202,0.167,0.3577,0.7428,1.0318,0.8446,0.9061,0.0995,0.8236,openmrg 2015-08-15 13
openmrg,pycomlink gmz,city,2.0,3312,0.7199,0.8483,0.1284,0.1783,0.3732,0.7929,1.1013,0.8291,0.9076,0.1026,0.8223,openmrg 2015-08-15 13
openmrg,nearby idw,city,2.0,3312,0.7199,0.651,-0.0689,-0.0957,0.3139,0.6298,0.8748,0.8522,0.8179,0.0515,0.7831,openmrg 2015-08-15 13
openmrg,nearby line,city,2.0,3312,0.7199,0.6125,-0.1074,-0.1492,0.3189,0.6544,0.909,0.8397,0.8024,0.0483,0.7709,openmrg 2015-08-15 13
openmrg,nearby gmz,city,2.0,3312,0.7199,0.6209,-0.099,-0.1376,0.3287,0.6857,0.9525,0.8242,0.8034,0.0506,0.7704,openmrg 2015-08-15 13
openmrg,rnn idw,city,2.0,3312,0.7199,0.7571,0.0371,0.0516,0.3658,0.6567,0.9122,0.8348,0.8751,0.0998,0.7977,openmrg 2015-08-15 13
openmrg,rnn line,city,2.0,3312,0.7199,0.7684,0.0485,0.0674,0.3719,0.6645,0.923,0.8324,0.8803,0.0974,0.804,openmrg 2015-08-15 13
openmrg,rnn gmz,city,2.0,3312,0.7199,0.7738,0.0539,0.0748,0.3773,0.6777,0.9413,0.8274,0.8829,0.1004,0.8037,openmrg 2015-08-15 13
openmrg,pws,radar,,14220,0.4803,0.4833,0.0031,0.0064,0.4062,0.905,1.8844,0.5316,0.7387,0.2171,0.6131,openmrg 2015-08-15 13
openmrg,city,radar,,3864,0.5943,0.6958,0.1015,0.1708,0.4586,0.861,1.4488,0.6844,0.8945,0.1858,0.7429,openmrg 2015-08-15 13
openmrg,dynamic idw,radar,,17820,0.4508,0.9503,0.4995,1.1081,0.6362,1.3418,2.9765,0.6524,0.87,0.3639,0.5809,openmrg 2015-08-15 13
openmrg,dynamic line,radar,,18948,0.4419,0.949,0.5071,1.1476,0.6564,1.3629,3.0841,0.6055,0.8732,0.3907,0.5598,openmrg 2015-08-15 13
openmrg,dynamic gmz,radar,,18948,0.4419,0.9697,0.5278,1.1944,0.6773,1.4499,3.2809,0.5818,0.8621,0.3941,0.5524,openmrg 2015-08-15 13
openmrg,constant idw,radar,,17820,0.4508,0.2514,-0.1994,-0.4423,0.3477,0.723,1.6038,0.61,0.473,0.157,0.4347,openmrg 2015-08-15 13
openmrg,constant line,radar,,18948,0.4419,0.2388,-0.2031,-0.4597,0.3456,0.7357,1.6648,0.5882,0.4639,0.1671,0.4244,openmrg 2015-08-15 13
openmrg,constant gmz,radar,,18948,0.4419,0.2477,-0.1942,-0.4395,0.3492,0.7511,1.6998,0.5756,0.4676,0.1703,0.4266,openmrg 2015-08-15 13
openmrg,pycomlink idw,radar,,17820,0.4508,0.4861,0.0353,0.0783,0.3281,0.7224,1.6026,0.6891,0.772,0.2289,0.628,openmrg 2015-08-15 13
openmrg,pycomlink line,radar,,18948,0.4419,0.4525,0.0106,0.0239,0.3255,0.7258,1.6425,0.6638,0.7484,0.2359,0.6079,openmrg 2015-08-15 13
openmrg,pycomlink gmz,radar,,18948,0.4419,0.4594,0.0175,0.0396,0.3312,0.7508,1.699,0.6537,0.7455,0.233,0.6079,openmrg 2015-08-15 13
openmrg,nearby idw,radar,,17820,0.4508,0.3375,-0.1132,-0.2512,0.3182,0.6725,1.4917,0.6657,0.6382,0.1524,0.5725,openmrg 2015-08-15 13
openmrg,nearby line,radar,,18948,0.4419,0.3124,-0.1295,-0.2931,0.317,0.686,1.5524,0.643,0.6182,0.1606,0.5528,openmrg 2015-08-15 13
openmrg,nearby gmz,radar,,18948,0.4419,0.3166,-0.1253,-0.2836,0.3195,0.699,1.5817,0.6344,0.618,0.1575,0.554,openmrg 2015-08-15 13
openmrg,rnn idw,radar,,17892,0.4503,0.5981,0.1478,0.3282,0.3548,0.7397,1.6427,0.7144,0.8559,0.2935,0.6314,openmrg 2015-08-15 13
openmrg,rnn line,radar,,19056,0.4418,0.6012,0.1594,0.3609,0.3769,0.8042,1.8204,0.671,0.8487,0.3146,0.6108,openmrg 2015-08-15 13
openmrg,rnn gmz,radar,,19056,0.4418,0.6122,0.1704,0.3858,0.3849,0.856,1.9376,0.656,0.8478,0.3092,0.6146,openmrg 2015-08-15 13
openmrg,city,pws,,3360,0.6987,0.7221,0.0234,0.0335,0.4347,0.8494,1.2157,0.7337,0.9063,0.199,0.7397,openmrg 2015-08-15 13
openmrg,dynamic idw,pws,,13176,0.4936,1.0372,0.5436,1.1014,0.7359,1.438,2.9133,0.6283,0.9032,0.3893,0.5732,openmrg 2015-08-15 13
openmrg,dynamic line,pws,,13764,0.4846,1.0406,0.5561,1.1476,0.754,1.463,3.0191,0.5845,0.9003,0.4097,0.5541,openmrg 2015-08-15 13
openmrg,dynamic gmz,pws,,13764,0.4846,1.0654,0.5808,1.1987,0.7818,1.5586,3.2164,0.5569,0.8952,0.4124,0.5498,openmrg 2015-08-15 13
openmrg,constant idw,pws,,13176,0.4936,0.2755,-0.2181,-0.4418,0.3738,0.8503,1.7228,0.5732,0.5418,0.1382,0.4985,openmrg 2015-08-15 13
openmrg,constant line,pws,,13764,0.4846,0.263,-0.2216,-0.4573,0.3743,0.8562,1.767,0.5501,0.5325,0.141,0.4897,openmrg 2015-08-15 13
openmrg,constant gmz,pws,,13764,0.4846,0.2735,-0.2111,-0.4356,0.3815,0.8777,1.8113,0.5305,0.5359,0.1481,0.4902,openmrg 2015-08-15 13
openmrg,pycomlink idw,pws,,13176,0.4936,0.5344,0.0408,0.0827,0.3874,0.843,1.7078,0.6464,0.827,0.2497,0.6485,openmrg 2015-08-15 13
openmrg,pycomlink line,pws,,13764,0.4846,0.5017,0.0172,0.0355,0.3862,0.8423,1.7383,0.6229,0.8041,0.2526,0.6322,openmrg 2015-08-15 13
openmrg,pycomlink gmz,pws,,13764,0.4846,0.5115,0.027,0.0556,0.396,0.8726,1.8008,0.6081,0.7986,0.2598,0.6238,openmrg 2015-08-15 13
openmrg,nearby idw,pws,,13176,0.4936,0.3718,-0.1218,-0.2468,0.3393,0.7913,1.6033,0.634,0.7114,0.1293,0.6434,openmrg 2015-08-15 13
openmrg,nearby line,pws,,13764,0.4846,0.344,-0.1406,-0.2902,0.3401,0.7952,1.641,0.6143,0.6877,0.1252,0.6261,openmrg 2015-08-15 13
openmrg,nearby gmz,pws,,13764,0.4846,0.351,-0.1336,-0.2757,0.3476,0.8159,1.6838,0.598,0.6875,0.1296,0.6237,openmrg 2015-08-15 13
openmrg,rnn idw,pws,,13188,0.4935,0.6104,0.1169,0.237,0.4217,0.8969,1.8174,0.6107,0.9004,0.2746,0.6716,openmrg 2015-08-15 13
openmrg,rnn line,pws,,13764,0.4846,0.6097,0.1252,0.2583,0.4325,0.9202,1.899,0.5889,0.8867,0.2927,0.6487,openmrg 2015-08-15 13
openmrg,rnn gmz,pws,,13764,0.4846,0.6183,0.1337,0.276,0.4407,0.9628,1.9869,0.5718,0.886,0.2874,0.6528,openmrg 2015-08-15 13
openmrg,dynamic idw,city,,3864,0.6958,1.5998,0.9039,1.2991,0.9602,1.7143,2.4637,0.8564,0.9772,0.2355,0.7511,openmrg 2015-08-15 13
openmrg,dynamic line,city,,3864,0.6958,1.5104,0.8146,1.1707,0.8777,1.5677,2.253,0.85,0.9759,0.2466,0.7397,openmrg 2015-08-15 13
openmrg,dynamic gmz,city,,3864,0.6958,1.5157,0.8199,1.1783,0.8956,1.6207,2.3293,0.8343,0.9732,0.2522,0.7327,openmrg 2015-08-15 13
openmrg,constant idw,city,,3864,0.6958,0.466,-0.2298,-0.3303,0.3802,0.7179,1.0317,0.8089,0.5587,0.0795,0.533,openmrg 2015-08-15 13
openmrg,constant line,city,,3864,0.6958,0.4455,-0.2503,-0.3597,0.3836,0.7479,1.0749,0.7923,0.5592,0.0726,0.5357,openmrg 2015-08-15 13
openmrg,constant gmz,city,,3864,0.6958,0.4566,-0.2393,-0.3438,0.3907,0.7716,1.109,0.7764,0.5641,0.0788,0.5381,openmrg 2015-08-15 13
openmrg,pycomlink idw,city,,3864,0.6958,0.8653,0.1695,0.2436,0.3639,0.721,1.0362,0.8603,0.9174,0.1196,0.8157,openmrg 2015-08-15 13
openmrg,pycomlink line,city,,3864,0.6958,0.8089,0.1131,0.1625,0.3464,0.7117,1.0228,0.845,0.9049,0.1122,0.812,openmrg 2015-08-15 13
openmrg,pycomlink gmz,city,,3864,0.6958,0.8166,0.1208,0.1736,0.3609,0.7577,1.0889,0.8302,0.9071,0.1146,0.8118,openmrg 2015-08-15 13
openmrg,nearby idw,city,,3864,0.6958,0.6279,-0.0679,-0.0976,0.3055,0.6088,0.875,0.8535,0.8146,0.0622,0.7729,openmrg 2015-08-15 13
openmrg,nearby line,city,,3864,0.6958,0.5906,-0.1052,-0.1512,0.3107,0.6325,0.909,0.8416,0.8004,0.0593,0.7619,openmrg 2015-08-15 13
openmrg,nearby gmz,city,,3864,0.6958,0.5986,-0.0972,-0.1397,0.3195,0.6607,0.9495,0.827,0.8013,0.0617,0.7611,openmrg 2015-08-15 13
openmrg,rnn idw,city,,3864,0.6958,0.7458,0.05,0.0718,0.3641,0.6519,0.9368,0.8293,0.8816,0.099,0.8037,openmrg 2015-08-15 13
openmrg,rnn line,city,,3864,0.6958,0.7583,0.0625,0.0898,0.3704,0.6597,0.948,0.8274,0.887,0.0969,0.81,openmrg 2015-08-15 13
openmrg,rnn gmz,city,,3864,0.6958,0.7627,0.0668,0.0961,0.3756,0.6725,0.9664,0.8226,0.8892,0.0995,0.8097,openmrg 2015-08-15 13
openmrg,pws,radar,2.0,8448,0.431,0.2006,-0.2304,-0.5346,0.3056,0.7806,1.8112,0.6428,0.7974,0.1754,0.6817,openmrg 2015-08-24 07
openmrg,city,radar,2.0,3312,0.4875,0.2244,-0.2631,-0.5397,0.3469,0.7944,1.6296,0.7303,0.6319,0.1912,0.5498,openmrg 2015-08-24 07
openmrg,dynamic idw,radar,2.0,10224,0.4553,0.6538,0.1985,0.436,0.4316,0.9041,1.9858,0.6399,0.9283,0.3688,0.6019,openmrg 2015-08-24 07
openmrg,dynamic line,radar,2.0,10224,0.4553,0.6623,0.207,0.4547,0.443,0.9261,2.0342,0.6179,0.9363,0.3763,0.5983,openmrg 2015-08-24 07
openmrg,dynamic gmz,radar,2.0,10224,0.4553,0.6764,0.2211,0.4857,0.4614,0.9901,2.1747,0.5875,0.9248,0.3854,0.5854,openmrg 2015-08-24 07
openmrg,constant idw,radar,2.0,10224,0.4553,0.1431,-0.3122,-0.6858,0.3822,0.8764,1.9249,0.5943,0.4485,0.2306,0.3953,openmrg 2015-08-24 07
openmrg,constant line,radar,2.0,10224,0.4553,0.1425,-0.3127,-0.6869,0.3795,0.8731,1.9176,0.5994,0.4368,0.2214,0.3885,openmrg 2015-08-24 07
openmrg,constant gmz,radar,2.0,10224,0.4553,0.1488,-0.3065,-0.6731,0.3798,0.8727,1.9167,0.5848,0.441,0.2279,0.3902,openmrg 2015-08-24 07
openmrg,pycomlink idw,radar,2.0,10224,0.4553,0.298,-0.1573,-0.3454,0.285,0.7228,1.5876,0.7079,0.8223,0.1657,0.7069,openmrg 2015-08-24 07
openmrg,pycomlink line,radar,2.0,10224,0.4553,0.2867,-0.1686,-0.3703,0.286,0.7257,1.5938,0.7101,0.8026,0.1582,0.6974,openmrg 2015-08-24 07
openmrg,pycomlink gmz,radar,2.0,10224,0.4553,0.2902,-0.1651,-0.3625,0.2894,0.7315,1.6067,0.6987,0.7952,0.1641,0.6878,openmrg 2015-08-24 07
openmrg,nearby idw,radar,2.0,10224,0.4553,0.2578,-0.1975,-0.4339,0.3067,0.7562,1.6608,0.6774,0.6852,0.1137,0.6298,openmrg 2015-08-24 07
openmrg,nearby line,radar,2.0,10224,0.4553,0.2459,-0.2094,-0.4598,0.3086,0.7582,1.6653,0.6827,0.6787,0.11,0.6262,openmrg 2015-08-24 07
openmrg,nearby gmz,radar,2.0,10224,0.4553,0.249,-0.2063,-0.4532,0.3124,0.7663,1.683,0.6677,0.6685,0.1091,0.6179,openmrg 2015-08-24 07
openmrg,rnn idw,radar,2.0,10224,0.4553,0.4219,-0.0334,-0.0733,0.2562,0.6597,1.449,0.7459,0.8746,0.1625,0.7477,openmrg 2015-08-24 07
openmrg,rnn line,radar,2.0,10224,0.4553,0.4257,-0.0296,-0.065,0.2599,0.6646,1.4597,0.7426,0.8721,0.1653,0.7436,openmrg 2015-08-24 07
openmrg,rnn gmz,radar,2.0,10224,0.4553,0.4286,-0.0267,-0.0586,0.2639,0.6794,1.4923,0.7324,0.8629,0.1674,0.7353,openmrg 2015-08-24 07
openmrg,city,pws,2.0,2952,0.2253,0.2281,0.0029,0.0127,0.1519,0.3087,1.3705,0.7306,0.6628,0.1595,0.5888,openmrg 2015-08-24 07
openmrg,dynamic idw,pws,2.0,8448,0.2006,0.655,0.4544,2.2651,0.5002,1.0373,5.171,0.6073,0.9126,0.4211,0.5485,openmrg 2015-08-24 07
openmrg,dynamic line,pws,2.0,8448,0.2006,0.661,0.4604,2.2952,0.5074,1.0394,5.1816,0.5741,0.9181,0.4296,0.5427,openmrg 2015-08-24 07
openmrg,dynamic gmz,pws,2.0,8448,0.2006,0.6775,0.4769,2.3775,0.5254,1.1075,5.5211,0.5413,0.9087,0.4378,0.5322,openmrg 2015-08-24 07
openmrg,constant idw,pws,2.0,8448,0.2006,0.137,-0.0636,-0.3172,0.1791,0.3814,1.9015,0.5204,0.4483,0.2666,0.3855,openmrg 2015-08-24 07
openmrg,constant line,pws,2.0,8448,0.2006,0.1329,-0.0677,-0.3376,0.177,0.3781,1.8849,0.5217,0.4361,0.2552,0.3794,openmrg 2015-08-24 07
openmrg,constant gmz,pws,2.0,8448,0.2006,0.1385,-0.0621,-0.3094,0.1803,0.3871,1.9298,0.5131,0.4409,0.262,0.3812,openmrg 2015-08-24 07
openmrg,pycomlink idw,pws,2.0,8448,0.2006,0.2872,0.0866,0.4316,0.1795,0.4393,2.1902,0.6775,0.8136,0.2117,0.6677,openmrg 2015-08-24 07
openmrg,pycomlink line,pws,2.0,8448,0.2006,0.2723,0.0717,0.3573,0.1718,0.4221,2.1041,0.6755,0.8017,0.1959,0.6707,openmrg 2015-08-24 07
openmrg,pycomlink gmz,pws,2.0,8448,0.2006,0.2756,0.075,0.374,0.1768,0.435,2.1685,0.6667,0.7947,0.201,0.6623,openmrg 2015-08-24 07
openmrg,nearby idw,pws,2.0,8448,0.2006,0.2523,0.0517,0.2579,0.1881,0.4513,2.2499,0.6492,0.6793,0.1375,0.6129,openmrg 2015-08-24 07
openmrg,nearby line,pws,2.0,8448,0.2006,0.2391,0.0385,0.192,0.1823,0.4327,2.1572,0.6442,0.67,0.1402,0.604,openmrg 2015-08-24 07
openmrg,nearby gmz,pws,2.0,8448,0.2006,0.2427,0.0421,0.2098,0.1874,0.4549,2.2676,0.6301,0.6607,0.1372,0.5978,openmrg 2015-08-24 07
openmrg,rnn idw,pws,2.0,8448,0.2006,0.3951,0.1945,0.9695,0.2606,0.6252,3.1168,0.6686,0.8509,0.2107,0.6934,openmrg 2015-08-24 07
openmrg,rnn line,pws,2.0,8448,0.2006,0.3938,0.1932,0.9629,0.261,0.6238,3.11,0.6659,0.8477,0.2142,0.6886,openmrg 2015-08-24 07
openmrg,rnn gmz,pws,2.0,8448,0.2006,0.395,0.1944,0.9692,0.2641,0.6361,3.171,0.6604,0.8397,0.2153,0.6824,openmrg 2015-08-24 07
openmrg,dynamic idw,city,2.0,3312,0.2244,0.8961,0.6718,2.9942,0.682,1.2237,5.4542,0.8246,0.9597,0.5713,0.4211,openmrg 2015-08-24 07
openmrg,dynamic line,city,2.0,3312,0.2244,0.8351,0.6108,2.7223,0.621,1.0798,4.8128,0.8535,0.9625,0.5622,0.4304,openmrg 2015-08-24 07
openmrg,dynamic gmz,city,2.0,3312,0.2244,0.845,0.6206,2.7663,0.6352,1.1081,4.939,0.8286,0.9579,0.5697,0.4223,openmrg 2015-08-24 07
openmrg,constant idw,city,2.0,3312,0.2244,0.1971,-0.0272,-0.1214,0.1809,0.3616,1.6118,0.6704,0.5618,0.3897,0.4135,openmrg 2015-08-24 07
openmrg,constant line,city,2.0,3312,0.2244,0.1887,-0.0356,-0.1588,0.1709,0.3448,1.5367,0.6929,0.559,0.3609,0.4249,openmrg 2015-08-24 07
openmrg,constant gmz,city,2.0,3312,0.2244,0.1969,-0.0274,-0.1223,0.1782,0.3601,1.605,0.677,0.5627,0.3813,0.4178,openmrg 2015-08-24 07
openmrg,pycomlink idw,city,2.0,3312,0.2244,0.3806,0.1562,0.6962,0.1951,0.4181,1.8636,0.8681,0.8673,0.362,0.5812,openmrg 2015-08-24 07
openmrg,pycomlink line,city,2.0,3312,0.2244,0.3568,0.1325,0.5904,0.1772,0.3781,1.6854,0.8746,0.8591,0.3397,0.5958,openmrg 2015-08-24 07
openmrg,pycomlink gmz,city,2.0,3312,0.2244,0.3592,0.1348,0.601,0.1844,0.3971,1.7697,0.8586,0.8554,0.3462,0.5888,openmrg 2015-08-24 07
openmrg,nearby idw,city,2.0,3312,0.2244,0.3307,0.1063,0.4739,0.1591,0.4362,1.9441,0.8463,0.7823,0.1787,0.6685,openmrg 2015-08-24 07
openmrg,nearby line,city,2.0,3312,0.2244,0.3133,0.0889,0.3964,0.1485,0.401,1.7871,0.8514,0.7868,0.1715,0.6766,openmrg 2015-08-24 07
openmrg,nearby gmz,city,2.0,3312,0.2244,0.3153,0.0909,0.4053,0.1561,0.4268,1.9024,0.8322,0.7758,0.1759,0.6656,openmrg 2015-08-24 07
openmrg,rnn idw,city,2.0,3312,0.2244,0.4421,0.2178,0.9705,0.2464,0.5456,2.432,0.9079,0.8253,0.2959,0.6128,openmrg 2015-08-24 07
openmrg,rnn line,city,2.0,3312,0.2244,0.4451,0.2208,0.984,0.2494,0.5502,2.4524,0.9087,0.8298,0.292,0.6183,openmrg 2015-08-24 07
openmrg,rnn gmz,city,2.0,3312,0.2244,0.4425,0.2181,0.9721,0.248,0.5524,2.4621,0.903,0.8271,0.2932,0.6158,openmrg 2015-08-24 07
openmrg,pws,radar,,14220,0.4472,0.2171,-0.2301,-0.5146,0.334,0.9064,2.027,0.5723,0.7354,0.2082,0.6163,openmrg 2015-08-24 07
openmrg,city,radar,,3864,0.4835,0.2221,-0.2614,-0.5407,0.3524,0.8171,1.6901,0.7023,0.6282,0.2042,0.541,openmrg 2015-08-24 07
openmrg,dynamic idw,radar,,17820,0.4675,0.6187,0.1512,0.3235,0.4684,1.0555,2.2579,0.5198,0.9035,0.3733,0.5873,openmrg 2015-08-24 07
openmrg,dynamic line,radar,,18948,0.4705,0.6267,0.1561,0.3318,0.496,1.1234,2.3874,0.4727,0.9036,0.3884,0.5741,openmrg 2015-08-24 07
openmrg,dynamic gmz,radar,,18948,0.4705,0.6421,0.1716,0.3647,0.5128,1.1733,2.4936,0.4503,0.8866,0.3954,0.5612,openmrg 2015-08-24 07
openmrg,constant idw,radar,,17820,0.4675,0.1319,-0.3356,-0.7179,0.3972,1.0317,2.2069,0.5175,0.4266,0.2084,0.3835,openmrg 2015-08-24 07
openmrg,constant line,radar,,18948,0.4705,0.127,-0.3436,-0.7302,0.4008,1.0714,2.277,0.5004,0.4113,0.1984,0.3733,openmrg 2015-08-24 07
openmrg,constant gmz,radar,,18948,0.4705,0.1341,-0.3364,-0.715,0.4001,1.0668,2.2671,0.4957,0.4125,0.2044,0.373,openmrg 2015-08-24 07
openmrg,pycomlink idw,radar,,17820,0.4675,0.2766,-0.1908,-0.4082,0.3212,0.9269,1.9829,0.5857,0.783,0.1856,0.6644,openmrg 2015-08-24 07
openmrg,pycomlink line,radar,,18948,0.4705,0.2556,-0.215,-0.4568,0.3292,0.9767,2.0757,0.5644,0.742,0.1848,0.6351,openmrg 2015-08-24 07
openmrg,pycomlink gmz,radar,,18948,0.4705,0.261,-0.2095,-0.4453,0.3313,0.9759,2.074,0.5613,0.7399,0.1863,0.6327,openmrg 2015-08-24 07
openmrg,nearby idw,radar,,17820,0.4675,0.2345,-0.233,-0.4983,0.3421,0.9542,2.0412,0.56,0.6458,0.1334,0.5874,openmrg 2015-08-24 07
openmrg,nearby line,radar,,18948,0.4705,0.2159,-0.2546,-0.5412,0.3512,1.0025,2.1306,0.5412,0.6223,0.1343,0.5675,openmrg 2015-08-24 07
openmrg,nearby gmz,radar,,18948,0.4705,0.2205,-0.2501,-0.5314,0.3529,1.0036,2.1329,0.5346,0.6148,0.1259,0.5647,openmrg 2015-08-24 07
openmrg,rnn idw,radar,,17892,0.4673,0.407,-0.0603,-0.1291,0.3082,0.8802,1.8836,0.6167,0.8397,0.2086,0.6876,openmrg 2015-08-24 07
openmrg,rnn line,radar,,19056,0.4711,0.3977,-0.0734,-0.1558,0.3218,0.9346,1.9839,0.5877,0.8199,0.2256,0.6618,openmrg 2015-08-24 07
openmrg,rnn gmz,radar,,19056,0.4711,0.4009,-0.0702,-0.149,0.3213,0.9344,1.9835,0.5898,0.806,0.2254,0.6529,openmrg 2015-08-24 07
openmrg,city,pws,,3360,0.2239,0.2263,0.0024,0.0107,0.1613,0.3322,1.4839,0.6927,0.6576,0.1712,0.5789,openmrg 2015-08-24 07
openmrg,dynamic idw,pws,,13176,0.2132,0.6168,0.4037,1.8935,0.4799,0.9785,4.5901,0.5064,0.8892,0.4426,0.5212,openmrg 2015-08-24 07
openmrg,dynamic line,pws,,13764,0.2177,0.631,0.4132,1.8977,0.5077,1.0233,4.6997,0.4235,0.8935,0.4555,0.5113,openmrg 2015-08-24 07
openmrg,dynamic gmz,pws,,13764,0.2177,0.6487,0.4309,1.9791,0.5256,1.0872,4.9928,0.4035,0.8759,0.4632,0.4989,openmrg 2015-08-24 07
openmrg,constant idw,pws,,13176,0.2132,0.1243,-0.0889,-0.4171,0.1883,0.4356,2.0434,0.4711,0.4361,0.2607,0.378,openmrg 2015-08-24 07
openmrg,constant line,pws,,13764,0.2177,0.1173,-0.1004,-0.4611,0.1949,0.4781,2.1958,0.4155,0.419,0.2572,0.3659,openmrg 2015-08-24 07
openmrg,constant gmz,pws,,13764,0.2177,0.1236,-0.0941,-0.4323,0.1977,0.4827,2.2169,0.4109,0.4222,0.2627,0.367,openmrg 2015-08-24 07
openmrg,pycomlink idw,pws,,13176,0.2132,0.2646,0.0514,0.241,0.187,0.4665,2.1885,0.5881,0.7844,0.2444,0.6257,openmrg 2015-08-24 07
openmrg,pycomlink line,pws,,13764,0.2177,0.2451,0.0273,0.1256,0.1888,0.4914,2.2566,0.5331,0.7571,0.236,0.6136,openmrg 2015-08-24 07
openmrg,pycomlink gmz,pws,,13764,0.2177,0.2496,0.0319,0.1464,0.1926,0.497,2.2825,0.5331,0.7494,0.2424,0.6044,openmrg 2015-08-24 07
openmrg,nearby idw,pws,,13176,0.2132,0.229,0.0158,0.0741,0.1934,0.4785,2.2445,0.5562,0.6417,0.1813,0.5618,openmrg 2015-08-24 07
openmrg,nearby line,pws,,13764,0.2177,0.211,-0.0068,-0.0311,0.1966,0.5015,2.3033,0.4992,0.6233,0.1936,0.5422,openmrg 2015-08-24 07
openmrg,nearby gmz,pws,,13764,0.2177,0.2159,-0.0018,-0.0085,0.2009,0.5146,2.3632,0.4938,0.612,0.1855,0.5372,openmrg 2015-08-24 07
openmrg,rnn idw,pws,,13188,0.213,0.3792,0.1662,0.7801,0.2714,0.6401,3.0049,0.5522,0.8316,0.2643,0.6403,openmrg 2015-08-24 07
openmrg,rnn line,pws,,13764,0.2177,0.3703,0.1526,0.7006,0.2763,0.6558,3.0118,0.5056,0.8167,0.279,0.6206,openmrg 2015-08-24 07
openmrg,rnn gmz,pws,,13764,0.2177,0.3712,0.1534,0.7046,0.2779,0.661,3.0358,0.5104,0.801,0.2794,0.6112,openmrg 2015-08-24 07
openmrg,dynamic idw,city,,3864,0.2221,0.8673,0.6452,2.9057,0.6547,1.1742,5.2879,0.824,0.957,0.5686,0.4232,openmrg 2015-08-24 07
openmrg,dynamic line,city,,3864,0.2221,0.8157,0.5936,2.6733,0.6029,1.0427,4.6958,0.8537,0.9656,0.5607,0.4325,openmrg 2015-08-24 07
openmrg,dynamic gmz,city,,3864,0.2221,0.825,0.6029,2.7151,0.6161,1.0682,4.8103,0.8305,0.9617,0.5692,0.4235,openmrg 2015-08-24 07
openmrg,constant idw,city,,3864,0.2221,0.1939,-0.0282,-0.1268,0.175,0.3521,1.5856,0.6814,0.5563,0.378,0.4158,openmrg 2015-08-24 07
openmrg,constant line,city,,3864,0.2221,0.1868,-0.0353,-0.159,0.1651,0.3347,1.5072,0.7062,0.554,0.3493,0.427,openmrg 2015-08-24 07
openmrg,constant gmz,city,,3864,0.2221,0.1944,-0.0276,-0.1244,0.172,0.3486,1.57,0.6909,0.5571,0.3699,0.4198,openmrg 2015-08-24 07
openmrg,pycomlink idw,city,,3864,0.2221,0.3733,0.1513,0.6812,0.19,0.4057,1.8268,0.8662,0.8756,0.3598,0.5868,openmrg 2015-08-24 07
openmrg,pycomlink line,city,,3864,0.2221,0.3514,0.1293,0.5823,0.1732,0.3676,1.6554,0.8744,0.8685,0.3381,0.6016,openmrg 2015-08-24 07
openmrg,pycomlink gmz,city,,3864,0.2221,0.3537,0.1317,0.5929,0.1797,0.3846,1.732,0.8596,0.8646,0.3446,0.5944,openmrg 2015-08-24 07
openmrg,nearby idw,city,,3864,0.2221,0.3259,0.1039,0.4678,0.156,0.4262,1.9194,0.8454,0.7864,0.1769,0.6727,openmrg 2015-08-24 07
openmrg,nearby line,city,,3864,0.2221,0.3092,0.0872,0.3926,0.1455,0.3905,1.7585,0.8529,0.7872,0.1707,0.6774,openmrg 2015-08-24 07
openmrg,nearby gmz,city,,3864,0.2221,0.3109,0.0889,0.4001,0.152,0.4137,1.863,0.8351,0.7762,0.1754,0.6662,openmrg 2015-08-24 07
openmrg,rnn idw,city,,3864,0.2221,0.4398,0.2177,0.9806,0.2439,0.5369,2.4178,0.9057,0.8396,0.2885,0.6264,openmrg 2015-08-24 07
openmrg,rnn line,city,,3864,0.2221,0.4441,0.222,0.9997,0.2479,0.5427,2.444,0.9074,0.8443,0.2864,0.6306,openmrg 2015-08-24 07
openmrg,rnn gmz,city,,3864,0.2221,0.4409,0.2189,0.9857,0.2459,0.5432,2.4463,0.9024,0.8419,0.2869,0.6289,openmrg 2015-08-24 07
openmrg,pws,radar,2.0,14784,1.3024,0.9055,-0.3969,-0.3047,0.6655,1.7147,1.3166,0.8412,0.8033,0.1711,0.6891,openmrg 2015-08-25 02
openmrg,city,radar,2.0,5796,1.3701,1.1655,-0.2046,-0.1493,0.6189,1.5012,1.0957,0.859,0.8332,0.1119,0.754,openmrg 2015-08-25 02
openmrg,dynamic idw,radar,2.0,17892,1.2527,1.8103,0.5576,0.4451,0.7812,1.7025,1.3591,0.8953,0.9069,0.2626,0.6855,openmrg 2015-08-25 02
openmrg,dynamic line,radar,2.0,17892,1.2527,1.7447,0.492,0.3928,0.737,1.5641,1.2486,0.9009,0.9056,0.2685,0.6797,openmrg 2015-08-25 02
openmrg,dynamic gmz,radar,2.0,17892,1.2527,1.7391,0.4864,0.3883,0.7515,1.6056,1.2818,0.8946,0.902,0.2727,0.674,openmrg 2015-08-25 02
openmrg,constant idw,radar,2.0,17892,1.2527,0.822,-0.4307,-0.3438,0.6201,1.4043,1.121,0.8879,0.6405,0.131,0.5841,openmrg 2015-08-25 02
openmrg,constant line,radar,2.0,17892,1.2527,0.8042,-0.4484,-0.358,0.6218,1.4165,1.1307,0.8881,0.6324,0.1245,0.5802,openmrg 2015-08-25 02
openmrg,constant gmz,radar,2.0,17892,1.2527,0.8102,-0.4424,-0.3532,0.6311,1.4347,1.1453,0.881,0.6325,0.1304,0.5777,openmrg 2015-08-25 02
openmrg,pycomlink idw,radar,2.0,17892,1.2527,1.1867,-0.066,-0.0527,0.5356,1.215,0.9699,0.8993,0.8121,0.1239,0.7284,openmrg 2015-08-25 02
openmrg,pycomlink line,radar,2.0,17892,1.2527,1.1352,-0.1175,-0.0938,0.525,1.2076,0.9641,0.9015,0.8034,0.1204,0.7238,openmrg 2015-08-25 02
openmrg,pycomlink gmz,radar,2.0,17892,1.2527,1.1335,-0.1191,-0.0951,0.538,1.2408,0.9905,0.8955,0.8003,0.1233,0.7194,openmrg 2015-08-25 02
openmrg,nearby idw,radar,2.0,17892,1.2527,0.8726,-0.38,-0.3034,0.5972,1.3756,1.0981,0.8947,0.7122,0.0602,0.6811,openmrg 2015-08-25 02
openmrg,nearby line,radar,2.0,17892,1.2527,0.8393,-0.4134,-0.33,0.6028,1.4052,1.1218,0.8943,0.7083,0.0603,0.6775,openmrg 2015-08-25 02
openmrg,nearby gmz,radar,2.0,17892,1.2527,0.8391,-0.4136,-0.3302,0.6127,1.4282,1.1401,0.8866,0.7001,0.0607,0.6698,openmrg 2015-08-25 02
openmrg,rnn idw,radar,2.0,17892,1.2527,1.0529,-0.1998,-0.1595,0.6465,1.4973,1.1953,0.8694,0.8929,0.1394,0.78,openmrg 2015-08-25 02
openmrg,rnn line,radar,2.0,17892,1.2527,1.0517,-0.2009,-0.1604,0.6437,1.4952,1.1936,0.8697,0.8901,0.1436,0.7745,openmrg 2015-08-25 02
openmrg,rnn gmz,radar,2.0,17892,1.2527,1.0562,-0.1965,-0.1568,0.6473,1.4993,1.1969,0.8656,0.8885,0.1445,0.7726,openmrg 2015-08-25 02
openmrg,city,pws,2.0,5166,0.9318,1.1439,0.2121,0.2276,0.3874,0.8524,0.9147,0.9241,0.8922,0.1005,0.8113,openmrg 2015-08-25 02
openmrg,dynamic idw,pws,2.0,14784,0.9055,1.8895,0.984,1.0867,1.0858,2.43,2.6835,0.8841,0.9076,0.2901,0.6621,openmrg 2015-08-25 02
openmrg,dynamic line,pws,2.0,14784,0.9055,1.8168,0.9112,1.0063,1.0185,2.2658,2.5022,0.8856,0.9056,0.2966,0.6553,openmrg 2015-08-25 02
openmrg,dynamic gmz,pws,2.0,14784,0.9055,1.8114,0.9059,1.0004,1.0272,2.3016,2.5417,0.8756,0.8995,0.3042,0.6456,openmrg 2015-08-25 02
openmrg,constant idw,pws,2.0,14784,0.9055,0.8773,-0.0282,-0.0311,0.463,1.0218,1.1284,0.8789,0.6871,0.1454,0.6152,openmrg 2015-08-25 02
openmrg,constant line,pws,2.0,14784,0.9055,0.8558,-0.0497,-0.0549,0.4582,1.0187,1.125,0.8752,0.68,0.1381,0.6132,openmrg 2015-08-25 02
openmrg,constant gmz,pws,2.0,14784,0.9055,0.8604,-0.0451,-0.0498,0.4738,1.0719,1.1837,0.8642,0.6763,0.1475,0.6054,openmrg 2015-08-25 02
openmrg,pycomlink idw,pws,2.0,14784,0.9055,1.2488,0.3432,0.379,0.5692,1.3402,1.48,0.8937,0.8289,0.1404,0.7301,openmrg 2015-08-25 02
openmrg,pycomlink line,pws,2.0,14784,0.9055,1.1943,0.2888,0.3189,0.535,1.2714,1.404,0.8912,0.8233,0.1355,0.7292,openmrg 2015-08-25 02
openmrg,pycomlink gmz,pws,2.0,14784,0.9055,1.1941,0.2885,0.3187,0.5477,1.3183,1.4558,0.8811,0.8197,0.1408,0.7226,openmrg 2015-08-25 02
openmrg,nearby idw,pws,2.0,14784,0.9055,0.9252,0.0196,0.0217,0.4473,0.9974,1.1014,0.8795,0.7303,0.0776,0.688,openmrg 2015-08-25 02
openmrg,nearby line,pws,2.0,14784,0.9055,0.8893,-0.0162,-0.0179,0.4383,0.9826,1.0851,0.8762,0.7239,0.0806,0.6807,openmrg 2015-08-25 02
openmrg,nearby gmz,pws,2.0,14784,0.9055,0.8889,-0.0166,-0.0184,0.4532,1.0327,1.1405,0.8649,0.7183,0.0808,0.6756,openmrg 2015-08-25 02
openmrg,rnn idw,pws,2.0,14784,0.9055,1.0724,0.1669,0.1843,0.4281,0.8621,0.9521,0.8934,0.8853,0.1771,0.7436,openmrg 2015-08-25 02
openmrg,rnn line,pws,2.0,14784,0.9055,1.0688,0.1633,0.1803,0.428,0.8609,0.9507,0.8931,0.8814,0.18,0.7385,openmrg 2015-08-25 02
openmrg,rnn gmz,pws,2.0,14784,0.9055,1.0726,0.1671,0.1845,0.4351,0.8844,0.9767,0.8887,0.8806,0.1815,0.7368,openmrg 2015-08-25 02
openmrg,dynamic idw,city,2.0,5796,1.1655,2.3147,1.1492,0.986,1.2429,2.7261,2.3389,0.9067,0.9703,0.3667,0.6213,openmrg 2015-08-25 02
openmrg,dynamic line,city,2.0,5796,1.1655,2.1759,1.0104,0.8669,1.1218,2.4367,2.0907,0.9098,0.9684,0.3657,0.6214,openmrg 2015-08-25 02
openmrg,dynamic gmz,city,2.0,5796,1.1655,2.1663,1.0008,0.8586,1.1291,2.476,2.1244,0.8999,0.9668,0.3768,0.6102,openmrg 2015-08-25 02
openmrg,constant idw,city,2.0,5796,1.1655,1.0243,-0.1412,-0.1211,0.4755,1.0421,0.8941,0.8984,0.794,0.1894,0.6697,openmrg 2015-08-25 02
openmrg,constant line,city,2.0,5796,1.1655,0.9997,-0.1658,-0.1423,0.4771,1.0458,0.8973,0.8958,0.7836,0.1804,0.6683,openmrg 2015-08-25 02
openmrg,constant gmz,city,2.0,5796,1.1655,1.0036,-0.162,-0.139,0.5007,1.1139,0.9557,0.8832,0.7859,0.1891,0.6642,openmrg 2015-08-25 02
openmrg,pycomlink idw,city,2.0,5796,1.1655,1.493,0.3275,0.281,0.5299,1.3325,1.1433,0.9218,0.8897,0.1225,0.7914,openmrg 2015-08-25 02
openmrg,pycomlink line,city,2.0,5796,1.1655,1.4117,0.2461,0.2112,0.487,1.2325,1.0575,0.9185,0.8819,0.117,0.7896,openmrg 2015-08-25 02
openmrg,pycomlink gmz,city,2.0,5796,1.1655,1.4088,0.2433,0.2087,0.5079,1.2983,1.1139,0.9078,0.8846,0.1238,0.7864,openmrg 2015-08-25 02
openmrg,nearby idw,city,2.0,5796,1.1655,1.0399,-0.1256,-0.1078,0.4321,0.9669,0.8296,0.9097,0.8075,0.0412,0.7804,openmrg 2015-08-25 02
openmrg,nearby line,city,2.0,5796,1.1655,1.003,-0.1625,-0.1395,0.437,0.9945,0.8533,0.9025,0.8063,0.0391,0.7807,openmrg 2015-08-25 02
openmrg,nearby gmz,city,2.0,5796,1.1655,0.9984,-0.1671,-0.1434,0.4549,1.0527,0.9032,0.8917,0.804,0.0383,0.7791,openmrg 2015-08-25 02
openmrg,rnn idw,city,2.0,5796,1.1655,1.1008,-0.0647,-0.0555,0.3795,0.7752,0.6651,0.9413,0.924,0.136,0.8067,openmrg 2015-08-25 02
openmrg,rnn line,city,2.0,5796,1.1655,1.1122,-0.0533,-0.0458,0.3799,0.7729,0.6631,0.9407,0.9236,0.1462,0.7975,openmrg 2015-08-25 02
openmrg,rnn gmz,city,2.0,5796,1.1655,1.1107,-0.0548,-0.047,0.3876,0.7912,0.6789,0.9373,0.924,0.1456,0.7983,openmrg 2015-08-25 02
openmrg,pws,radar,,24885,1.2144,0.8993,-0.3152,-0.2595,0.6486,1.6929,1.394,0.8078,0.8013,0.1825,0.6797,openmrg 2015-08-25 02
openmrg,city,radar,,6762,1.3789,1.1838,-0.1951,-0.1415,0.6395,1.5734,1.1411,0.8503,0.8255,0.1161,0.7447,openmrg 2015-08-25 02
openmrg,dynamic idw,radar,,31185,1.2105,1.7359,0.5254,0.434,0.7848,1.6976,1.4024,0.8846,0.8907,0.2691,0.6708,openmrg 2015-08-25 02
openmrg,dynamic line,radar,,33159,1.1921,1.6769,0.4848,0.4067,0.7655,1.6244,1.3626,0.8836,0.8857,0.2815,0.6576,openmrg 2015-08-25 02
openmrg,dynamic gmz,radar,,33159,1.1921,1.6693,0.4772,0.4003,0.7749,1.649,1.3833,0.8794,0.8772,0.2818,0.6526,openmrg 2015-08-25 02
openmrg,constant idw,radar,,31185,1.2105,0.8209,-0.3897,-0.3219,0.6159,1.4318,1.1828,0.8709,0.6113,0.1261,0.5617,openmrg 2015-08-25 02
openmrg,constant line,radar,,33159,1.1921,0.8008,-0.3913,-0.3282,0.6156,1.4355,1.2042,0.8648,0.5993,0.1243,0.5524,openmrg 2015-08-25 02
openmrg,constant gmz,radar,,33159,1.1921,0.8112,-0.3809,-0.3195,0.6228,1.4474,1.2142,0.8595,0.5965,0.1272,0.5488,openmrg 2015-08-25 02
openmrg,pycomlink idw,radar,,31185,1.2105,1.1538,-0.0567,-0.0469,0.5445,1.2829,1.0598,0.8846,0.7994,0.1316,0.713,openmrg 2015-08-25 02
openmrg,pycomlink line,radar,,33159,1.1921,1.0993,-0.0928,-0.0779,0.5393,1.2818,1.0753,0.8811,0.784,0.1331,0.6998,openmrg 2015-08-25 02
openmrg,pycomlink gmz,radar,,33159,1.1921,1.0972,-0.0949,-0.0796,0.5494,1.3027,1.0928,0.8771,0.7762,0.1315,0.6946,openmrg 2015-08-25 02
openmrg,nearby idw,radar,,31185,1.2105,0.8555,-0.355,-0.2932,0.598,1.4155,1.1694,0.8769,0.6904,0.0738,0.6543,openmrg 2015-08-25 02
openmrg,nearby line,radar,,33159,1.1921,0.8186,-0.3735,-0.3133,0.6007,1.4282,1.1981,0.8713,0.6793,0.0815,0.6407,openmrg 2015-08-25 02
openmrg,nearby gmz,radar,,33159,1.1921,0.8197,-0.3724,-0.3124,0.6074,1.4405,1.2084,0.8666,0.6664,0.0805,0.6296,openmrg 2015-08-25 02
openmrg,rnn idw,radar,,31311,1.2102,1.0942,-0.116,-0.0958,0.6702,1.5193,1.2554,0.844,0.8693,0.1731,0.7354,openmrg 2015-08-25 02
openmrg,rnn line,radar,,33348,1.1932,1.0938,-0.0994,-0.0833,0.6734,1.5122,1.2673,0.8376,0.8636,0.186,0.7213,openmrg 2015-08-25 02
openmrg,rnn gmz,radar,,33348,1.1932,1.0991,-0.0942,-0.0789,0.6743,1.5144,1.2691,0.8351,0.8614,0.1849,0.7206,openmrg 2015-08-25 02
openmrg,city,pws,,5880,0.9587,1.1625,0.2037,0.2125,0.3966,0.8653,0.9026,0.9242,0.8903,0.0995,0.8106,openmrg 2015-08-25 02
openmrg,dynamic idw,pws,,23058,0.9186,1.8103,0.8917,0.9707,1.039,2.2977,2.5013,0.8669,0.8915,0.2887,0.6546,openmrg 2015-08-25 02
openmrg,dynamic line,pws,,24087,0.9052,1.7372,0.832,0.9191,0.9888,2.1768,2.4047,0.8603,0.8896,0.2976,0.6461,openmrg 2015-08-25 02
openmrg,dynamic gmz,pws,,24087,0.9052,1.7314,0.8262,0.9127,0.9954,2.2063,2.4372,0.8533,0.8815,0.3016,0.6384,openmrg 2015-08-25 02
openmrg,constant idw,pws,,23058,0.9186,0.8688,-0.0498,-0.0542,0.4901,1.1051,1.203,0.859,0.658,0.143,0.5929,openmrg 2015-08-25 02
openmrg,constant line,pws,,24087,0.9052,0.8417,-0.0635,-0.0702,0.4922,1.1311,1.2495,0.8465,0.6472,0.14,0.5856,openmrg 2015-08-25 02
openmrg,constant gmz,pws,,24087,0.9052,0.8512,-0.054,-0.0597,0.5063,1.1813,1.305,0.8364,0.6417,0.1453,0.5786,openmrg 2015-08-25 02
openmrg,pycomlink idw,pws,,23058,0.9186,1.2133,0.2947,0.3208,0.5732,1.3365,1.4549,0.875,0.8164,0.1511,0.7128,openmrg 2015-08-25 02
openmrg,pycomlink line,pws,,24087,0.9052,1.1527,0.2475,0.2734,0.5498,1.3048,1.4414,0.8652,0.8062,0.1487,0.7067,openmrg 2015-08-25 02
openmrg,pycomlink gmz,pws,,24087,0.9052,1.1542,0.249,0.2751,0.5589,1.345,1.4858,0.8576,0.7992,0.1493,0.7009,openmrg 2015-08-25 02
openmrg,nearby idw,pws,,23058,0.9186,0.9063,-0.0123,-0.0134,0.4725,1.0697,1.1645,0.8613,0.7064,0.0895,0.6605,openmrg 2015-08-25 02
openmrg,nearby line,pws,,24087,0.9052,0.863,-0.0422,-0.0467,0.4705,1.0791,1.1921,0.8509,0.6938,0.1007,0.6438,openmrg 2015-08-25 02
openmrg,nearby gmz,pws,,24087,0.9052,0.865,-0.0402,-0.0445,0.4831,1.119,1.2362,0.8418,0.6826,0.1031,0.6329,openmrg 2015-08-25 02
openmrg,rnn idw,pws,,23079,0.9191,1.0951,0.1761,0.1916,0.4812,0.9931,1.0806,0.8687,0.8728,0.1939,0.7213,openmrg 2015-08-25 02
openmrg,rnn line,pws,,24087,0.9052,1.0859,0.1806,0.1995,0.4932,1.0267,1.1341,0.8573,0.8668,0.2033,0.7098,openmrg 2015-08-25 02
openmrg,rnn gmz,pws,,24087,0.9052,1.0907,0.1855,0.2049,0.4979,1.0493,1.1592,0.8535,0.8645,0.2037,0.7079,openmrg 2015-08-25 02
openmrg,dynamic idw,city,,6762,1.1838,2.2947,1.1109,0.9384,1.202,2.6382,2.2286,0.9106,0.9654,0.3675,0.6184,openmrg 2015-08-25 02
openmrg,dynamic line,city,,6762,1.1838,2.1605,0.9767,0.8251,1.0854,2.3567,1.9908,0.9134,0.9651,0.3716,0.6144,openmrg 2015-08-25 02
openmrg,dynamic gmz,city,,6762,1.1838,2.1516,0.9678,0.8175,1.0919,2.3923,2.0208,0.9046,0.9641,0.3817,0.6043,openmrg 2015-08-25 02
openmrg,constant idw,city,,6762,1.1838,1.0447,-0.1391,-0.1175,0.4699,1.0252,0.866,0.9057,0.7945,0.1858,0.6726,openmrg 2015-08-25 02
openmrg,constant line,city,,6762,1.1838,1.0165,-0.1673,-0.1413,0.4708,1.028,0.8684,0.9032,0.7855,0.1784,0.671,openmrg 2015-08-25 02
openmrg,constant gmz,city,,6762,1.1838,1.0208,-0.163,-0.1377,0.4931,1.0913,0.9218,0.8919,0.7875,0.1851,0.668,openmrg 2015-08-25 02
openmrg,pycomlink idw,city,,6762,1.1838,1.497,0.3132,0.2646,0.5168,1.292,1.0914,0.9257,0.8896,0.1292,0.7858,openmrg 2015-08-25 02
openmrg,pycomlink line,city,,6762,1.1838,1.4138,0.23,0.1943,0.4743,1.192,1.007,0.9226,0.8829,0.1229,0.7857,openmrg 2015-08-25 02
openmrg,pycomlink gmz,city,,6762,1.1838,1.4117,0.2279,0.1925,0.4943,1.2534,1.0588,0.9131,0.8856,0.1292,0.7828,openmrg 2015-08-25 02
openmrg,nearby idw,city,,6762,1.1838,1.0555,-0.1283,-0.1084,0.428,0.9584,0.8096,0.9146,0.8154,0.0433,0.7864,openmrg 2015-08-25 02
openmrg,nearby line,city,,6762,1.1838,1.0153,-0.1685,-0.1423,0.4332,0.985,0.8321,0.9081,0.8148,0.0426,0.7863,openmrg 2015-08-25 02
openmrg,nearby gmz,city,,6762,1.1838,1.0117,-0.1721,-0.1454,0.4497,1.038,0.8768,0.8986,0.8124,0.0408,0.7853,openmrg 2015-08-25 02
openmrg,rnn idw,city,,6762,1.1838,1.1226,-0.0612,-0.0517,0.3893,0.79,0.6673,0.9424,0.9245,0.1422,0.8016,openmrg 2015-08-25 02
openmrg,rnn line,city,,6762,1.1838,1.1322,-0.0516,-0.0436,0.3893,0.7869,0.6647,0.9422,0.9245,0.1519,0.7932,openmrg 2015-08-25 02
openmrg,rnn gmz,city,,6762,1.1838,1.1314,-0.0524,-0.0443,0.396,0.8025,0.6779,0.9392,0.9248,0.1519,0.7934,openmrg 2015-08-25 02
openmrg,pws,radar,2.0,16896,1.0986,0.872,-0.2266,-0.2063,0.586,1.223,1.1132,0.7727,0.7962,0.1242,0.7154,openmrg 2015-08-27 01
openmrg,city,radar,2.0,6624,1.0437,1.0819,0.0382,0.0366,0.558,1.2816,1.2279,0.7759,0.8404,0.1138,0.7585,openmrg 2015-08-27 01
openmrg,dynamic idw,radar,2.0,20206,1.1364,1.8464,0.7101,0.6248,0.9364,2.0402,1.7954,0.8221,0.9004,0.207,0.7291,openmrg 2015-08-27 01
openmrg,dynamic line,radar,2.0,20248,1.1345,1.7953,0.6609,0.5825,0.8902,1.9227,1.6948,0.8281,0.9002,0.2097,0.7266,openmrg 2015-08-27 01
openmrg,dynamic gmz,radar,2.0,20248,1.1345,1.7926,0.6581,0.5801,0.9002,1.9527,1.7213,0.8228,0.8972,0.2133,0.7217,openmrg 2015-08-27 01
openmrg,constant idw,radar,2.0,20206,1.1364,0.8861,-0.2503,-0.2203,0.7014,1.4834,1.3054,0.7462,0.6462,0.1463,0.5818,openmrg 2015-08-27 01
openmrg,constant line,radar,2.0,20248,1.1345,0.8822,-0.2523,-0.2224,0.6921,1.4542,1.2818,0.7535,0.6427,0.1418,0.581,openmrg 2015-08-27 01
openmrg,constant gmz,radar,2.0,20248,1.1345,0.8906,-0.2438,-0.2149,0.7029,1.4839,1.308,0.7479,0.641,0.1496,0.576,openmrg 2015-08-27 01
openmrg,pycomlink idw,radar,2.0,20206,1.1364,1.0799,-0.0564,-0.0497,0.6917,1.5549,1.3683,0.7679,0.726,0.0849,0.6802,openmrg 2015-08-27 01
openmrg,pycomlink line,radar,2.0,20248,1.1345,1.0469,-0.0876,-0.0772,0.6828,1.5051,1.3267,0.7711,0.722,0.079,0.6799,openmrg 2015-08-27 01
openmrg,pycomlink gmz,radar,2.0,20248,1.1345,1.0505,-0.084,-0.074,0.6898,1.5271,1.3461,0.7685,0.7213,0.0816,0.6778,openmrg 2015-08-27 01
openmrg,nearby idw,radar,2.0,20448,1.1255,1.0654,-0.0602,-0.0535,0.6654,1.3955,1.2398,0.7853,0.6687,0.0704,0.6364,openmrg 2015-08-27 01
openmrg,nearby line,radar,2.0,20448,1.1255,1.0244,-0.1011,-0.0898,0.6494,1.3455,1.1954,0.7894,0.662,0.0705,0.6303,openmrg 2015-08-27 01
openmrg,nearby gmz,radar,2.0,20448,1.1255,1.0232,-0.1023,-0.0909,0.6627,1.3791,1.2253,0.7825,0.6598,0.07,0.6285,openmrg 2015-08-27 01
openmrg,rnn idw,radar,2.0,20448,1.1255,1.1409,0.0153,0.0136,0.5017,1.0357,0.9202,0.8545,0.8162,0.0988,0.7492,openmrg 2015-08-27 01
openmrg,rnn line,radar,2.0,20448,1.1255,1.1565,0.0309,0.0275,0.5082,1.0418,0.9256,0.854,0.8142,0.1029,0.7447,openmrg 2015-08-27 01
openmrg,rnn gmz,radar,2.0,20448,1.1255,1.1636,0.038,0.0338,0.5168,1.0662,0.9473,0.8491,0.8136,0.102,0.7448,openmrg 2015-08-27 01
openmrg,city,pws,2.0,5904,0.8202,1.0616,0.2414,0.2943,0.4757,0.9517,1.1604,0.8777,0.8956,0.1687,0.7578,openmrg 2015-08-27 01
openmrg,dynamic idw,pws,2.0,16664,0.8816,1.7883,0.9067,1.0284,1.0122,2.0366,2.31,0.8282,0.9224,0.2772,0.6814,openmrg 2015-08-27 01
openmrg,dynamic line,pws,2.0,16706,0.8799,1.7344,0.8545,0.9712,0.9622,1.9225,2.1849,0.8312,0.9232,0.277,0.682,openmrg 2015-08-27 01
openmrg,dynamic gmz,pws,2.0,16706,0.8799,1.7329,0.8531,0.9695,0.9702,1.9583,2.2257,0.8232,0.9187,0.2827,0.6745,openmrg 2015-08-27 01
openmrg,constant idw,pws,2.0,16664,0.8816,0.8075,-0.0741,-0.0841,0.5025,1.0835,1.229,0.8083,0.6958,0.1808,0.6032,openmrg 2015-08-27 01
openmrg,constant line,pws,2.0,16706,0.8799,0.8015,-0.0784,-0.0891,0.5028,1.0862,1.2345,0.8046,0.6924,0.1728,0.6049,openmrg 2015-08-27 01
openmrg,constant gmz,pws,2.0,16706,0.8799,0.8095,-0.0704,-0.08,0.5171,1.1398,1.2953,0.7911,0.6925,0.1809,0.6006,openmrg 2015-08-27 01
openmrg,pycomlink idw,pws,2.0,16664,0.8816,0.9853,0.1037,0.1176,0.533,1.2082,1.3704,0.8247,0.7587,0.1285,0.6824,openmrg 2015-08-27 01
openmrg,pycomlink line,pws,2.0,16706,0.8799,0.952,0.0721,0.082,0.5231,1.1708,1.3306,0.8225,0.7573,0.1195,0.6867,openmrg 2015-08-27 01
openmrg,pycomlink gmz,pws,2.0,16706,0.8799,0.9566,0.0767,0.0871,0.5323,1.2133,1.379,0.8141,0.7566,0.1227,0.6842,openmrg 2015-08-27 01
openmrg,nearby idw,pws,2.0,16896,0.872,0.9969,0.1249,0.1433,0.5078,1.1186,1.2829,0.8358,0.6932,0.1063,0.6404,openmrg 2015-08-27 01
openmrg,nearby line,pws,2.0,16896,0.872,0.9582,0.0862,0.0989,0.488,1.0714,1.2287,0.8356,0.6892,0.1048,0.6377,openmrg 2015-08-27 01
openmrg,nearby gmz,pws,2.0,16896,0.872,0.9582,0.0862,0.0989,0.5011,1.1169,1.2809,0.8256,0.6868,0.1057,0.6353,openmrg 2015-08-27 01
openmrg,rnn idw,pws,2.0,16896,0.872,1.0907,0.2187,0.2508,0.4696,0.9357,1.0732,0.8623,0.8467,0.1526,0.7347,openmrg 2015-08-27 01
openmrg,rnn line,pws,2.0,16896,0.872,1.1013,0.2294,0.2631,0.4768,0.9516,1.0914,0.8591,0.8444,0.156,0.7303,openmrg 2015-08-27 01
openmrg,rnn gmz,pws,2.0,16896,0.872,1.1029,0.2309,0.2648,0.4804,0.9684,1.1106,0.8558,0.8438,0.1543,0.7312,openmrg 2015-08-27 01
openmrg,dynamic idw,city,2.0,6624,1.0819,2.1528,1.0709,0.9898,1.1986,2.3318,2.1552,0.8304,0.9634,0.3145,0.6682,openmrg 2015-08-27 01
openmrg,dynamic line,city,2.0,6624,1.0819,2.0371,0.9552,0.8829,1.0984,2.1628,1.999,0.8268,0.9617,0.3094,0.6721,openmrg 2015-08-27 01
openmrg,dynamic gmz,city,2.0,6624,1.0819,2.0312,0.9492,0.8773,1.1094,2.2072,2.04,0.8155,0.9614,0.3166,0.6651,openmrg 2015-08-27 01
openmrg,constant idw,city,2.0,6624,1.0819,0.95,-0.132,-0.122,0.5428,1.1818,1.0923,0.8246,0.7776,0.2109,0.6438,openmrg 2015-08-27 01
openmrg,constant line,city,2.0,6624,1.0819,0.9369,-0.145,-0.134,0.5433,1.2271,1.1342,0.8111,0.7741,0.1906,0.6547,openmrg 2015-08-27 01
openmrg,constant gmz,city,2.0,6624,1.0819,0.9505,-0.1314,-0.1214,0.5672,1.302,1.2034,0.7922,0.7752,0.2052,0.6459,openmrg 2015-08-27 01
openmrg,pycomlink idw,city,2.0,6624,1.0819,1.1945,0.1126,0.1041,0.53,1.2627,1.1671,0.8502,0.8414,0.0753,0.7875,openmrg 2015-08-27 01
openmrg,pycomlink line,city,2.0,6624,1.0819,1.1491,0.0671,0.062,0.5173,1.2475,1.153,0.8423,0.837,0.0629,0.7925,openmrg 2015-08-27 01
openmrg,pycomlink gmz,city,2.0,6624,1.0819,1.15,0.068,0.0629,0.5351,1.3084,1.2093,0.8301,0.8373,0.0696,0.7879,openmrg 2015-08-27 01
openmrg,nearby idw,city,2.0,6624,1.0819,1.1816,0.0997,0.0921,0.492,1.1492,1.0622,0.8581,0.7896,0.0277,0.7722,openmrg 2015-08-27 01
openmrg,nearby line,city,2.0,6624,1.0819,1.1332,0.0513,0.0474,0.4792,1.1503,1.0632,0.8486,0.779,0.0306,0.7604,openmrg 2015-08-27 01
openmrg,nearby gmz,city,2.0,6624,1.0819,1.1328,0.0508,0.047,0.4998,1.2139,1.1219,0.8353,0.7776,0.0306,0.7589,openmrg 2015-08-27 01
openmrg,rnn idw,city,2.0,6624,1.0819,1.1805,0.0986,0.0911,0.4186,0.9047,0.8362,0.8926,0.875,0.0754,0.8167,openmrg 2015-08-27 01
openmrg,rnn line,city,2.0,6624,1.0819,1.1982,0.1162,0.1074,0.4322,0.9281,0.8578,0.8877,0.8692,0.0816,0.8068,openmrg 2015-08-27 01
openmrg,rnn gmz,city,2.0,6624,1.0819,1.196,0.1141,0.1054,0.4352,0.9413,0.87,0.8844,0.8704,0.0832,0.8066,openmrg 2015-08-27 01
openmrg,pws,radar,,28440,1.1115,0.856,-0.2556,-0.2299,0.6119,1.3309,1.1974,0.7336,0.7782,0.1235,0.7013,openmrg 2015-08-27 01
openmrg,city,radar,,7728,1.0606,1.089,0.0285,0.0268,0.5704,1.3161,1.241,0.7707,0.8401,0.1198,0.7538,openmrg 2015-08-27 01
openmrg,dynamic idw,radar,,35038,1.1728,1.781,0.6082,0.5186,0.8964,1.9619,1.6728,0.8038,0.8843,0.1971,0.7265,openmrg 2015-08-27 01
openmrg,dynamic line,radar,,37399,1.1622,1.7176,0.5554,0.4779,0.8526,1.8299,1.5746,0.8061,0.8853,0.206,0.72,openmrg 2015-08-27 01
openmrg,dynamic gmz,radar,,37399,1.1622,1.7148,0.5526,0.4755,0.8618,1.8545,1.5957,0.8018,0.8818,0.2077,0.7162,openmrg 2015-08-27 01
openmrg,constant idw,radar,,35038,1.1728,0.8712,-0.3016,-0.2572,0.7277,1.5466,1.3188,0.7261,0.6366,0.1284,0.582,openmrg 2015-08-27 01
openmrg,constant line,radar,,37399,1.1622,0.8458,-0.3164,-0.2722,0.7182,1.5116,1.3007,0.7285,0.6269,0.1277,0.5742,openmrg 2015-08-27 01
openmrg,constant gmz,radar,,37399,1.1622,0.8562,-0.306,-0.2633,0.7237,1.5319,1.3182,0.7249,0.6253,0.1317,0.5711,openmrg 2015-08-27 01
openmrg,pycomlink idw,radar,,35038,1.1728,1.0594,-0.1134,-0.0967,0.71,1.5904,1.3561,0.7481,0.7107,0.0825,0.6681,openmrg 2015-08-27 01
openmrg,pycomlink line,radar,,37399,1.1622,1.0053,-0.1568,-0.1349,0.7026,1.535,1.3208,0.7464,0.7007,0.0798,0.6606,openmrg 2015-08-27 01
openmrg,pycomlink gmz,radar,,37399,1.1622,1.0141,-0.1481,-0.1274,0.7035,1.549,1.3329,0.7459,0.6998,0.0819,0.6587,openmrg 2015-08-27 01
openmrg,nearby idw,radar,,35635,1.1562,1.0299,-0.1263,-0.1092,0.6921,1.459,1.262,0.7602,0.6588,0.0719,0.6268,openmrg 2015-08-27 01
openmrg,nearby line,radar,,37896,1.1494,0.972,-0.1774,-0.1543,0.6748,1.41,1.2268,0.7605,0.6499,0.0727,0.6184,openmrg 2015-08-27 01
openmrg,nearby gmz,radar,,37896,1.1494,0.9702,-0.1792,-0.1559,0.6816,1.4313,1.2452,0.756,0.6478,0.0715,0.617,openmrg 2015-08-27 01
openmrg,rnn idw,radar,,35784,1.1575,1.1498,-0.0077,-0.0067,0.5528,1.1626,1.0044,0.8244,0.8075,0.1107,0.7338,openmrg 2015-08-27 01
openmrg,rnn line,radar,,38112,1.1513,1.1567,0.0053,0.0046,0.5686,1.1898,1.0334,0.8154,0.8073,0.1208,0.7267,openmrg 2015-08-27 01
openmrg,rnn gmz,radar,,38112,1.1513,1.1724,0.0211,0.0183,0.5798,1.215,1.0553,0.8103,0.8087,0.1191,0.729,openmrg 2015-08-27 01
openmrg,city,pws,,6720,0.8471,1.0674,0.2203,0.26,0.4864,0.9718,1.1472,0.8726,0.8963,0.1624,0.7635,openmrg 2015-08-27 01
openmrg,dynamic idw,pws,,25820,0.8839,1.7151,0.8312,0.9404,0.9697,1.9268,2.1799,0.8085,0.9149,0.2711,0.6826,openmrg 2015-08-27 01
openmrg,dynamic line,pws,,27056,0.8736,1.6597,0.7861,0.8999,0.9294,1.8225,2.0863,0.808,0.9166,0.2783,0.6772,openmrg 2015-08-27 01
openmrg,dynamic gmz,pws,,27056,0.8736,1.6554,0.7818,0.8949,0.9326,1.8415,2.108,0.8025,0.914,0.2824,0.6723,openmrg 2015-08-27 01
openmrg,constant idw,pws,,25820,0.8839,0.7806,-0.1033,-0.1168,0.5214,1.1196,1.2666,0.781,0.6912,0.172,0.6045,openmrg 2015-08-27 01
openmrg,constant line,pws,,27056,0.8736,0.7656,-0.108,-0.1237,0.5253,1.1182,1.28,0.7738,0.6862,0.1714,0.6009,openmrg 2015-08-27 01
openmrg,constant gmz,pws,,27056,0.8736,0.7716,-0.1019,-0.1167,0.5311,1.145,1.3107,0.7667,0.6844,0.1774,0.5964,openmrg 2015-08-27 01
openmrg,pycomlink idw,pws,,25820,0.8839,0.9466,0.0628,0.071,0.5365,1.2092,1.368,0.7986,0.7516,0.1287,0.6765,openmrg 2015-08-27 01
openmrg,pycomlink line,pws,,27056,0.8736,0.9024,0.0288,0.033,0.5349,1.179,1.3496,0.7909,0.7446,0.1284,0.671,openmrg 2015-08-27 01
openmrg,pycomlink gmz,pws,,27056,0.8736,0.9091,0.0356,0.0407,0.5373,1.1999,1.3736,0.7878,0.7441,0.1312,0.669,openmrg 2015-08-27 01
openmrg,nearby idw,pws,,26347,0.8692,0.949,0.0798,0.0919,0.5133,1.1276,1.2973,0.8108,0.6919,0.1072,0.6389,openmrg 2015-08-27 01
openmrg,nearby line,pws,,27528,0.8613,0.9027,0.0414,0.048,0.4968,1.0828,1.2572,0.808,0.6894,0.1079,0.6363,openmrg 2015-08-27 01
openmrg,nearby gmz,pws,,27528,0.8613,0.9005,0.0392,0.0455,0.5025,1.1079,1.2863,0.8019,0.6866,0.1086,0.6336,openmrg 2015-08-27 01
openmrg,rnn idw,pws,,26376,0.8692,1.088,0.2187,0.2517,0.511,1.057,1.216,0.8212,0.8409,0.1689,0.7182,openmrg 2015-08-27 01
openmrg,rnn line,pws,,27528,0.8613,1.0971,0.2359,0.2739,0.5268,1.0929,1.2689,0.8098,0.8392,0.1817,0.7074,openmrg 2015-08-27 01
openmrg,rnn gmz,pws,,27528,0.8613,1.1042,0.2429,0.282,0.5332,1.1112,1.2902,0.8068,0.8407,0.1791,0.7104,openmrg 2015-08-27 01
openmrg,dynamic idw,city,,7728,1.089,2.1294,1.0403,0.9553,1.1733,2.264,2.0789,0.8287,0.9602,0.3059,0.6747,openmrg 2015-08-27 01
openmrg,dynamic line,city,,7728,1.089,2.0192,0.9302,0.8541,1.0802,2.1031,1.9311,0.8253,0.9585,0.3043,0.6754,openmrg 2015-08-27 01
openmrg,dynamic gmz,city,,7728,1.089,2.0129,0.9239,0.8484,1.0889,2.1415,1.9664,0.8152,0.9585,0.3116,0.6685,openmrg 2015-08-27 01
openmrg,constant idw,city,,7728,1.089,0.9631,-0.1259,-0.1156,0.5315,1.1589,1.0641,0.8331,0.779,0.1993,0.6524,openmrg 2015-08-27 01
openmrg,constant line,city,,7728,1.089,0.9484,-0.1407,-0.1292,0.5324,1.2044,1.106,0.8196,0.7765,0.1812,0.6626,openmrg 2015-08-27 01
openmrg,constant gmz,city,,7728,1.089,0.961,-0.1281,-0.1176,0.5534,1.27,1.1661,0.8028,0.7765,0.1945,0.6539,openmrg 2015-08-27 01
openmrg,pycomlink idw,city,,7728,1.089,1.1953,0.1063,0.0976,0.5238,1.2343,1.1334,0.8536,0.8421,0.07,0.7919,openmrg 2015-08-27 01
openmrg,pycomlink line,city,,7728,1.089,1.1512,0.0622,0.0571,0.5125,1.2236,1.1236,0.8455,0.8391,0.0594,0.7969,openmrg 2015-08-27 01
openmrg,pycomlink gmz,city,,7728,1.089,1.1514,0.0624,0.0573,0.5274,1.2765,1.1721,0.8348,0.8396,0.0653,0.7931,openmrg 2015-08-27 01
openmrg,nearby idw,city,,7728,1.089,1.1842,0.0952,0.0874,0.4849,1.1254,1.0334,0.8628,0.7904,0.0242,0.7752,openmrg 2015-08-27 01
openmrg,nearby line,city,,7728,1.089,1.1361,0.047,0.0432,0.4743,1.1331,1.0405,0.8525,0.78,0.0267,0.7636,openmrg 2015-08-27 01
openmrg,nearby gmz,city,,7728,1.089,1.1351,0.0461,0.0423,0.4914,1.1876,1.0905,0.8411,0.7787,0.0267,0.7624,openmrg 2015-08-27 01
openmrg,rnn idw,city,,7728,1.089,1.1914,0.1024,0.094,0.4336,0.9302,0.8541,0.8898,0.8752,0.0703,0.8209,openmrg 2015-08-27 01
openmrg,rnn line,city,,7728,1.089,1.2104,0.1213,0.1114,0.4486,0.9563,0.8781,0.8841,0.8705,0.0753,0.8129,openmrg 2015-08-27 01
openmrg,rnn gmz,city,,7728,1.089,1.2075,0.1184,0.1087,0.4499,0.965,0.8861,0.8819,0.8712,0.0772,0.8121,openmrg 2015-08-27 01
openmrg,pws,radar,2.0,4928,1.5377,1.5642,0.0265,0.0173,0.6157,0.8172,0.5314,0.7128,0.9102,0.0,0.9102,openmrg 2015-08-31 17
openmrg,city,radar,2.0,1932,1.5107,2.0714,0.5606,0.3711,0.8262,1.0306,0.6822,0.7585,0.9984,0.0,0.9984,openmrg 2015-08-31 17
openmrg,dynamic idw,radar,2.0,5964,1.5158,2.9476,1.4318,0.9446,1.5453,2.2672,1.4957,0.829,0.9643,0.0,0.9643,openmrg 2015-08-31 17
openmrg,dynamic line,radar,2.0,5964,1.5158,2.844,1.3281,0.8762,1.4445,2.125,1.4019,0.8271,0.9658,0.0,0.9658,openmrg 2015-08-31 17
openmrg,dynamic gmz,radar,2.0,5964,1.5158,2.8291,1.3133,0.8664,1.4503,2.1626,1.4267,0.8068,0.9628,0.0,0.9628,openmrg 2015-08-31 17
openmrg,constant idw,radar,2.0,5964,1.5158,0.3374,-1.1785,-0.7774,1.2175,1.4302,0.9435,0.5021,0.3151,0.0,0.3151,openmrg 2015-08-31 17
openmrg,constant line,radar,2.0,5964,1.5158,0.3401,-1.1757,-0.7756,1.2213,1.4391,0.9494,0.4857,0.3148,0.0,0.3148,openmrg 2015-08-31 17
openmrg,constant gmz,radar,2.0,5964,1.5158,0.3562,-1.1597,-0.765,1.2249,1.4466,0.9544,0.4693,0.3161,0.0,0.3161,openmrg 2015-08-31 17
openmrg,pycomlink idw,radar,2.0,5964,1.5158,0.1689,-1.3469,-0.8886,1.3555,1.5573,1.0274,0.4524,0.2911,0.0,0.2911,openmrg 2015-08-31 17
openmrg,pycomlink line,radar,2.0,5964,1.5158,0.1545,-1.3613,-0.898,1.3674,1.5716,1.0368,0.4436,0.2702,0.0,0.2702,openmrg 2015-08-31 17
openmrg,pycomlink gmz,radar,2.0,5964,1.5158,0.1675,-1.3484,-0.8895,1.3602,1.5658,1.033,0.4253,0.2773,0.0,0.2773,openmrg 2015-08-31 17
openmrg,nearby idw,radar,2.0,5964,1.5158,1.2934,-0.2224,-0.1467,0.7124,0.8806,0.5809,0.7479,0.6904,0.0,0.6904,openmrg 2015-08-31 17
openmrg,nearby line,radar,2.0,5964,1.5158,1.256,-0.2598,-0.1714,0.7006,0.8974,0.592,0.7313,0.6876,0.0,0.6876,openmrg 2015-08-31 17
openmrg,nearby gmz,radar,2.0,5964,1.5158,1.2576,-0.2582,-0.1704,0.7239,0.9425,0.6218,0.7129,0.6898,0.0,0.6898,openmrg 2015-08-31 17
openmrg,rnn idw,radar,2.0,5964,1.5158,1.469,-0.0468,-0.0309,0.4523,0.6049,0.399,0.7694,0.9814,0.0,0.9814,openmrg 2015-08-31 17
openmrg,rnn line,radar,2.0,5964,1.5158,1.4964,-0.0194,-0.0128,0.4716,0.6359,0.4195,0.7546,0.9804,0.0,0.9804,openmrg 2015-08-31 17
openmrg,rnn gmz,radar,2.0,5964,1.5158,1.5046,-0.0113,-0.0074,0.486,0.664,0.438,0.7405,0.9787,0.0,0.9787,openmrg 2015-08-31 17
openmrg,city,pws,2.0,1722,1.4273,2.0787,0.6515,0.4565,0.7137,1.0319,0.723,0.789,0.9982,0.0483,0.9501,openmrg 2015-08-31 17
openmrg,dynamic idw,pws,2.0,4928,1.5642,3.0084,1.4442,0.9232,1.688,2.4676,1.5775,0.6125,0.9935,0.0644,0.9299,openmrg 2015-08-31 17
openmrg,dynamic line,pws,2.0,4928,1.5642,2.901,1.3368,0.8546,1.5883,2.3253,1.4865,0.6131,0.9953,0.0655,0.9304,openmrg 2015-08-31 17
openmrg,dynamic gmz,pws,2.0,4928,1.5642,2.8848,1.3205,0.8442,1.5977,2.3642,1.5114,0.5952,0.9917,0.0659,0.9269,openmrg 2015-08-31 17
openmrg,constant idw,pws,2.0,4928,1.5642,0.3722,-1.192,-0.7621,1.2588,1.6068,1.0272,0.4372,0.3381,0.0514,0.332,openmrg 2015-08-31 17
openmrg,constant line,pws,2.0,4928,1.5642,0.3729,-1.1914,-0.7616,1.2561,1.61,1.0293,0.4362,0.3383,0.052,0.3322,openmrg 2015-08-31 17
openmrg,constant gmz,pws,2.0,4928,1.5642,0.388,-1.1762,-0.752,1.2574,1.6179,1.0343,0.4205,0.3392,0.0531,0.3329,openmrg 2015-08-31 17
openmrg,pycomlink idw,pws,2.0,4928,1.5642,0.1805,-1.3837,-0.8846,1.4155,1.7877,1.1428,0.257,0.3131,0.0463,0.3084,openmrg 2015-08-31 17
openmrg,pycomlink line,pws,2.0,4928,1.5642,0.1636,-1.4006,-0.8954,1.4273,1.8011,1.1514,0.2484,0.2891,0.0472,0.2851,openmrg 2015-08-31 17
openmrg,pycomlink gmz,pws,2.0,4928,1.5642,0.1756,-1.3887,-0.8878,1.4245,1.798,1.1495,0.2385,0.2983,0.0485,0.2938,openmrg 2015-08-31 17
openmrg,nearby idw,pws,2.0,4928,1.5642,1.323,-0.2412,-0.1542,0.7266,0.9937,0.6353,0.6908,0.7301,0.0436,0.7066,openmrg 2015-08-31 17
openmrg,nearby line,pws,2.0,4928,1.5642,1.2828,-0.2814,-0.1799,0.7282,1.0166,0.6499,0.6777,0.7236,0.0443,0.7001,openmrg 2015-08-31 17
openmrg,nearby gmz,pws,2.0,4928,1.5642,1.2828,-0.2814,-0.1799,0.7483,1.0619,0.6788,0.658,0.7252,0.0442,0.7016,openmrg 2015-08-31 17
openmrg,rnn idw,pws,2.0,4928,1.5642,1.4666,-0.0977,-0.0624,0.5584,0.7731,0.4942,0.7514,1.0,0.0747,0.9253,openmrg 2015-08-31 17
openmrg,rnn line,pws,2.0,4928,1.5642,1.4846,-0.0796,-0.0509,0.5652,0.7821,0.5,0.7442,1.0,0.0739,0.9261,openmrg 2015-08-31 17
openmrg,rnn gmz,pws,2.0,4928,1.5642,1.4901,-0.0742,-0.0474,0.5747,0.8027,0.5131,0.7301,0.9982,0.0737,0.9248,openmrg 2015-08-31 17
openmrg,dynamic idw,city,2.0,1932,2.0714,3.5477,1.4763,0.7127,1.7932,2.4385,1.1773,0.7494,0.9948,0.0016,0.9933,openmrg 2015-08-31 17
openmrg,dynamic line,city,2.0,1932,2.0714,3.3166,1.2453,0.6012,1.5954,2.2021,1.0631,0.7411,0.9959,0.0016,0.9943,openmrg 2015-08-31 17
openmrg,dynamic gmz,city,2.0,1932,2.0714,3.2877,1.2163,0.5872,1.6024,2.2414,1.0821,0.7185,0.9933,0.0016,0.9917,openmrg 2015-08-31 17
openmrg,constant idw,city,2.0,1932,2.0714,0.3125,-1.7589,-0.8492,1.7847,2.1462,1.0361,0.3403,0.3815,0.0,0.3815,openmrg 2015-08-31 17
openmrg,constant line,city,2.0,1932,2.0714,0.3205,-1.7509,-0.8453,1.7885,2.1588,1.0422,0.3104,0.3852,0.0,0.3852,openmrg 2015-08-31 17
openmrg,constant gmz,city,2.0,1932,2.0714,0.3382,-1.7331,-0.8367,1.7779,2.157,1.0414,0.3019,0.3872,0.0,0.3872,openmrg 2015-08-31 17
openmrg,pycomlink idw,city,2.0,1932,2.0714,0.1691,-1.9023,-0.9184,1.908,2.2711,1.0964,0.2827,0.3292,0.0,0.3292,openmrg 2015-08-31 17
openmrg,pycomlink line,city,2.0,1932,2.0714,0.1564,-1.915,-0.9245,1.9214,2.2846,1.103,0.2682,0.3131,0.0,0.3131,openmrg 2015-08-31 17
openmrg,pycomlink gmz,city,2.0,1932,2.0714,0.1673,-1.9041,-0.9192,1.9126,2.2768,1.0992,0.2627,0.325,0.0,0.325,openmrg 2015-08-31 17
openmrg,nearby idw,city,2.0,1932,2.0714,1.4871,-0.5843,-0.2821,0.7703,0.9547,0.4609,0.8406,0.7221,0.0,0.7221,openmrg 2015-08-31 17
openmrg,nearby line,city,2.0,1932,2.0714,1.443,-0.6284,-0.3034,0.8084,1.0797,0.5213,0.7891,0.7211,0.0,0.7211,openmrg 2015-08-31 17
openmrg,nearby gmz,city,2.0,1932,2.0714,1.4475,-0.6238,-0.3012,0.8276,1.1393,0.55,0.7617,0.7221,0.0,0.7221,openmrg 2015-08-31 17
openmrg,rnn idw,city,2.0,1932,2.0714,1.4408,-0.6306,-0.3044,0.7021,0.8821,0.4259,0.9311,1.0,0.0016,0.9984,openmrg 2015-08-31 17
openmrg,rnn line,city,2.0,1932,2.0714,1.4509,-0.6204,-0.2995,0.6963,0.8798,0.4247,0.9225,1.0,0.0016,0.9984,openmrg 2015-08-31 17
openmrg,rnn gmz,city,2.0,1932,2.0714,1.4479,-0.6235,-0.301,0.7027,0.8891,0.4292,0.9144,0.999,0.0016,0.9974,openmrg 2015-08-31 17
openmrg,pws,radar,,8295,1.529,1.5695,0.0404,0.0265,0.6175,0.8099,0.5297,0.7229,0.9219,0.0,0.9219,openmrg 2015-08-31 17
openmrg,city,radar,,2254,1.5045,2.0611,0.5566,0.3699,0.8201,1.0243,0.6808,0.7591,0.9987,0.0,0.9987,openmrg 2015-08-31 17
openmrg,dynamic idw,radar,,10395,1.5025,2.8298,1.3273,0.8834,1.4629,2.1085,1.4034,0.8222,0.9611,0.0,0.9611,openmrg 2015-08-31 17
openmrg,dynamic line,radar,,11053,1.5091,2.7713,1.2622,0.8364,1.4001,2.0138,1.3345,0.8149,0.9651,0.0,0.9651,openmrg 2015-08-31 17
openmrg,dynamic gmz,radar,,11053,1.5091,2.7742,1.2651,0.8384,1.4189,2.0608,1.3656,0.7959,0.963,0.0,0.963,openmrg 2015-08-31 17
openmrg,constant idw,radar,,10395,1.5025,0.348,-1.1544,-0.7684,1.193,1.411,0.9391,0.5154,0.3154,0.0,0.3154,openmrg 2015-08-31 17
openmrg,constant line,radar,,11053,1.5091,0.3558,-1.1533,-0.7642,1.1958,1.4259,0.9449,0.4953,0.3191,0.0,0.3191,openmrg 2015-08-31 17
openmrg,constant gmz,radar,,11053,1.5091,0.3741,-1.135,-0.7521,1.1999,1.4317,0.9487,0.479,0.3212,0.0,0.3212,openmrg 2015-08-31 17
openmrg,pycomlink idw,radar,,10395,1.5025,0.1736,-1.3289,-0.8845,1.3381,1.55,1.0317,0.4421,0.2937,0.0,0.2937,openmrg 2015-08-31 17
openmrg,pycomlink line,radar,,11053,1.5091,0.1608,-1.3482,-0.8934,1.3553,1.5754,1.0439,0.4251,0.269,0.0,0.269,openmrg 2015-08-31 17
openmrg,pycomlink gmz,radar,,11053,1.5091,0.1766,-1.3325,-0.883,1.3442,1.5659,1.0376,0.4179,0.2792,0.0,0.2792,openmrg 2015-08-31 17
openmrg,nearby idw,radar,,10395,1.5025,1.2556,-0.2469,-0.1643,0.696,0.8558,0.5696,0.7493,0.6932,0.0,0.6932,openmrg 2015-08-31 17
openmrg,nearby line,radar,,11053,1.5091,1.2264,-0.2827,-0.1873,0.6803,0.8535,0.5656,0.7435,0.6915,0.0,0.6915,openmrg 2015-08-31 17
openmrg,nearby gmz,radar,,11053,1.5091,1.2329,-0.2762,-0.183,0.7063,0.8951,0.5932,0.7234,0.6946,0.0,0.6946,openmrg 2015-08-31 17
openmrg,rnn idw,radar,,10437,1.5035,1.5116,0.0081,0.0054,0.4784,0.6485,0.4313,0.7506,0.9796,0.0,0.9796,openmrg 2015-08-31 17
openmrg,rnn line,radar,,11116,1.511,1.5635,0.0525,0.0348,0.5109,0.6966,0.461,0.7351,0.9805,0.0,0.9805,openmrg 2015-08-31 17
openmrg,rnn gmz,radar,,11116,1.511,1.5829,0.0719,0.0476,0.5296,0.7289,0.4824,0.7241,0.978,0.0,0.978,openmrg 2015-08-31 17
openmrg,city,pws,,1960,1.4353,2.0671,0.6318,0.4402,0.7059,1.0213,0.7115,0.7841,0.9984,0.0526,0.9459,openmrg 2015-08-31 17
openmrg,dynamic idw,pws,,7686,1.5625,2.8833,1.3208,0.8453,1.5809,2.279,1.4586,0.6385,0.9898,0.0559,0.935,openmrg 2015-08-31 17
openmrg,dynamic line,pws,,8029,1.568,2.816,1.2481,0.796,1.5153,2.1727,1.3856,0.643,0.9919,0.054,0.9388,openmrg 2015-08-31 17
openmrg,dynamic gmz,pws,,8029,1.568,2.8128,1.2448,0.7939,1.529,2.2097,1.4092,0.6269,0.9889,0.0545,0.9356,openmrg 2015-08-31 17
openmrg,constant idw,pws,,7686,1.5625,0.3886,-1.1739,-0.7513,1.2353,1.5888,1.0168,0.4572,0.335,0.0433,0.33,openmrg 2015-08-31 17
openmrg,constant line,pws,,8029,1.568,0.3988,-1.1692,-0.7457,1.2319,1.5904,1.0143,0.4555,0.3362,0.0417,0.3313,openmrg 2015-08-31 17
openmrg,constant gmz,pws,,8029,1.568,0.4173,-1.1507,-0.7339,1.2339,1.5987,1.0196,0.4382,0.3377,0.0423,0.3327,openmrg 2015-08-31 17
openmrg,pycomlink idw,pws,,7686,1.5625,0.1849,-1.3776,-0.8817,1.4078,1.7905,1.1459,0.2529,0.3068,0.0411,0.3028,openmrg 2015-08-31 17
openmrg,pycomlink line,pws,,8029,1.568,0.1642,-1.4038,-0.8953,1.4254,1.8114,1.1552,0.2402,0.2772,0.0398,0.2741,openmrg 2015-08-31 17
openmrg,pycomlink gmz,pws,,8029,1.568,0.1766,-1.3914,-0.8874,1.4206,1.8067,1.1522,0.2325,0.2897,0.042,0.286,openmrg 2015-08-31 17
openmrg,nearby idw,pws,,7686,1.5625,1.279,-0.2834,-0.1814,0.6965,0.9491,0.6074,0.7174,0.7272,0.036,0.708,openmrg 2015-08-31 17
openmrg,nearby line,pws,,8029,1.568,1.248,-0.3199,-0.204,0.6912,0.9554,0.6093,0.7156,0.7181,0.0349,0.6999,openmrg 2015-08-31 17
openmrg,nearby gmz,pws,,8029,1.568,1.2518,-0.3162,-0.2016,0.7148,0.9999,0.6377,0.6934,0.7208,0.035,0.7025,openmrg 2015-08-31 17
openmrg,rnn idw,pws,,7693,1.5627,1.491,-0.0717,-0.0459,0.5619,0.7771,0.4973,0.75,1.0,0.0627,0.9373,openmrg 2015-08-31 17
openmrg,rnn line,pws,,8029,1.568,1.5234,-0.0445,-0.0284,0.5684,0.7839,0.4999,0.7462,1.0,0.0599,0.9401,openmrg 2015-08-31 17
openmrg,rnn gmz,pws,,8029,1.568,1.5408,-0.0272,-0.0174,0.5789,0.8075,0.515,0.732,0.9989,0.0596,0.9394,openmrg 2015-08-31 17
openmrg,dynamic idw,city,,2254,2.0611,3.4841,1.423,0.6904,1.7272,2.3533,1.1418,0.7568,0.9956,0.0013,0.9942,openmrg 2015-08-31 17
openmrg,dynamic line,city,,2254,2.0611,3.2623,1.2013,0.5828,1.537,2.1215,1.0293,0.7493,0.9964,0.0013,0.9951,openmrg 2015-08-31 17
openmrg,dynamic gmz,city,,2254,2.0611,3.2362,1.1751,0.5701,1.5427,2.1564,1.0463,0.7287,0.9942,0.0013,0.9929,openmrg 2015-08-31 17
openmrg,constant idw,city,,2254,2.0611,0.319,-1.742,-0.8452,1.7641,2.1277,1.0323,0.3436,0.3905,0.0,0.3905,openmrg 2015-08-31 17
openmrg,constant line,city,,2254,2.0611,0.3253,-1.7357,-0.8422,1.768,2.1381,1.0374,0.318,0.3905,0.0,0.3905,openmrg 2015-08-31 17
openmrg,constant gmz,city,,2254,2.0611,0.3423,-1.7188,-0.8339,1.7571,2.1356,1.0362,0.3093,0.3954,0.0,0.3954,openmrg 2015-08-31 17
openmrg,pycomlink idw,city,,2254,2.0611,0.1649,-1.8962,-0.92,1.901,2.2626,1.0978,0.2851,0.3359,0.0,0.3359,openmrg 2015-08-31 17
openmrg,pycomlink line,city,,2254,2.0611,0.1524,-1.9087,-0.9261,1.9142,2.2754,1.104,0.2737,0.3176,0.0,0.3176,openmrg 2015-08-31 17
openmrg,pycomlink gmz,city,,2254,2.0611,0.1633,-1.8977,-0.9208,1.9051,2.2673,1.1001,0.2682,0.335,0.0,0.335,openmrg 2015-08-31 17
openmrg,nearby idw,city,,2254,2.0611,1.4873,-0.5737,-0.2784,0.7621,0.9398,0.456,0.8422,0.7263,0.0,0.7263,openmrg 2015-08-31 17
openmrg,nearby line,city,,2254,2.0611,1.44,-0.621,-0.3013,0.7961,1.0512,0.51,0.7975,0.7246,0.0,0.7246,openmrg 2015-08-31 17
openmrg,nearby gmz,city,,2254,2.0611,1.445,-0.616,-0.2989,0.8129,1.1043,0.5358,0.7723,0.7277,0.0,0.7277,openmrg 2015-08-31 17
openmrg,rnn idw,city,,2254,2.0611,1.4403,-0.6208,-0.3012,0.6922,0.8719,0.4231,0.9326,1.0,0.0013,0.9987,openmrg 2015-08-31 17
openmrg,rnn line,city,,2254,2.0611,1.4515,-0.6095,-0.2957,0.6848,0.8678,0.4211,0.925,1.0,0.0013,0.9987,openmrg 2015-08-31 17
openmrg,rnn gmz,city,,2254,2.0611,1.4484,-0.6127,-0.2973,0.6909,0.8764,0.4252,0.9179,0.9991,0.0013,0.9978,openmrg 2015-08-31 17
openrainer,gauges,radar,2.0,24327,0.6881,0.5019,-0.1862,-0.2706,0.3584,0.8564,1.2446,0.8115,0.7845,0.1423,0.6941,openrainer 2021-05-11 00
openrainer,dynamic idw,radar,2.0,24948,0.6952,0.9633,0.2681,0.3857,0.7228,2.5602,3.6828,0.4382,0.7786,0.3017,0.5826,openrainer 2021-05-11 00
openrainer,dynamic line,radar,2.0,24948,0.6952,0.8211,0.126,0.1812,0.6062,2.1688,3.1198,0.4685,0.7884,0.2831,0.6012,openrainer 2021-05-11 00
openrainer,dynamic gmz,radar,2.0,24948,0.6952,0.8553,0.1601,0.2303,0.6551,2.4413,3.5118,0.435,0.7616,0.2886,0.5818,openrainer 2021-05-11 00
openrainer,constant idw,radar,2.0,24948,0.6952,0.2628,-0.4323,-0.6219,0.5879,1.8004,2.5898,0.35,0.3686,0.0789,0.3573,openrainer 2021-05-11 00
openrainer,constant line,radar,2.0,24948,0.6952,0.2749,-0.4203,-0.6046,0.561,1.6389,2.3575,0.4092,0.3901,0.0725,0.3786,openrainer 2021-05-11 00
openrainer,constant gmz,radar,2.0,24948,0.6952,0.2927,-0.4024,-0.5789,0.5713,1.7798,2.5603,0.3828,0.3837,0.0774,0.3718,openrainer 2021-05-11 00
openrainer,pycomlink idw,radar,2.0,24948,0.6952,0.404,-0.2912,-0.4189,0.4818,1.7487,2.5155,0.436,0.5755,0.0893,0.5448,openrainer 2021-05-11 00
openrainer,pycomlink line,radar,2.0,24948,0.6952,0.384,-0.3112,-0.4476,0.4708,1.5913,2.289,0.4687,0.5787,0.085,0.5492,openrainer 2021-05-11 00
openrainer,pycomlink gmz,radar,2.0,24948,0.6952,0.3964,-0.2988,-0.4298,0.4817,1.7436,2.5082,0.4358,0.5705,0.0862,0.5413,openrainer 2021-05-11 00
openrainer,nearby idw,radar,2.0,18691,0.6556,0.2343,-0.4212,-0.6425,0.4736,1.0478,1.5984,0.6756,0.3515,0.029,0.3478,openrainer 2021-05-11 00
openrainer,nearby line,radar,2.0,19580,0.665,0.2331,-0.4319,-0.6494,0.4803,1.0826,1.628,0.6707,0.3607,0.0264,0.3572,openrainer 2021-05-11 00
openrainer,nearby gmz,radar,2.0,19580,0.665,0.2371,-0.4279,-0.6434,0.4793,1.0753,1.617,0.6749,0.3576,0.0235,0.3546,openrainer 2021-05-11 00
openrainer,rnn idw,radar,2.0,24948,0.6952,0.742,0.0468,0.0674,0.4529,0.9523,1.3699,0.7988,0.7795,0.213,0.6437,openrainer 2021-05-11 00
openrainer,rnn line,radar,2.0,24948,0.6952,0.7801,0.0849,0.1221,0.4704,0.9903,1.4245,0.7989,0.783,0.2161,0.644,openrainer 2021-05-11 00
openrainer,rnn gmz,radar,2.0,24948,0.6952,0.7923,0.0971,0.1396,0.4876,1.0621,1.5278,0.7868,0.775,0.2074,0.6444,openrainer 2021-05-11 00
openrainer,dynamic idw,gauges,2.0,26595,0.4684,0.944,0.4756,1.0153,0.6454,2.4956,5.3276,0.4783,0.8079,0.3678,0.5496,openrainer 2021-05-11 00
openrainer,dynamic line,gauges,2.0,26595,0.4684,0.811,0.3426,0.7314,0.5314,2.1132,4.5114,0.4937,0.8139,0.3579,0.5599,openrainer 2021-05-11 00
openrainer,dynamic gmz,gauges,2.0,26595,0.4684,0.8442,0.3758,0.8022,0.5828,2.3869,5.0956,0.4581,0.7871,0.3629,0.5434,openrainer 2021-05-11 00
openrainer,constant idw,gauges,2.0,26595,0.4684,0.2486,-0.2198,-0.4693,0.3854,1.5811,3.3754,0.3767,0.3925,0.0928,0.3774,openrainer 2021-05-11 00
openrainer,constant line,gauges,2.0,26595,0.4684,0.2606,-0.2078,-0.4436,0.3575,1.4054,3.0003,0.4465,0.4169,0.0851,0.4014,openrainer 2021-05-11 00
openrainer,constant gmz,gauges,2.0,26595,0.4684,0.2772,-0.1913,-0.4083,0.3669,1.5598,3.3299,0.4222,0.4108,0.0894,0.3948,openrainer 2021-05-11 00
openrainer,pycomlink idw,gauges,2.0,26595,0.4684,0.3851,-0.0833,-0.1779,0.2927,1.557,3.3239,0.4817,0.624,0.1117,0.5786,openrainer 2021-05-11 00
openrainer,pycomlink line,gauges,2.0,26595,0.4684,0.3659,-0.1025,-0.2188,0.2865,1.3936,2.975,0.5073,0.626,0.1113,0.5805,openrainer 2021-05-11 00
openrainer,pycomlink gmz,gauges,2.0,26595,0.4684,0.3778,-0.0907,-0.1935,0.2959,1.5595,3.3293,0.4738,0.6195,0.1106,0.5752,openrainer 2021-05-11 00
openrainer,nearby idw,gauges,2.0,18664,0.5116,0.2339,-0.2777,-0.5428,0.3309,0.7443,1.4548,0.7929,0.3808,0.0304,0.3763,openrainer 2021-05-11 00
openrainer,nearby line,gauges,2.0,19526,0.5175,0.2323,-0.2852,-0.5512,0.3389,0.7761,1.4998,0.7793,0.3889,0.028,0.3846,openrainer 2021-05-11 00
openrainer,nearby gmz,gauges,2.0,19526,0.5175,0.2363,-0.2812,-0.5434,0.3381,0.7684,1.4849,0.7828,0.3855,0.0255,0.3817,openrainer 2021-05-11 00
openrainer,rnn idw,gauges,2.0,26595,0.4684,0.7075,0.2391,0.5104,0.3768,0.8392,1.7916,0.8565,0.835,0.2547,0.6496,openrainer 2021-05-11 00
openrainer,rnn line,gauges,2.0,26595,0.4684,0.7437,0.2753,0.5877,0.4049,0.9097,1.9421,0.853,0.8342,0.2598,0.6452,openrainer 2021-05-11 00
openrainer,rnn gmz,gauges,2.0,26595,0.4684,0.7549,0.2865,0.6115,0.4173,0.9867,2.1063,0.8433,0.8252,0.2526,0.6452,openrainer 2021-05-11 00
openrainer,gauges,radar,,160218,0.7741,0.5496,-0.2244,-0.2899,0.4454,1.0631,1.3734,0.7698,0.722,0.1348,0.649,openrainer 2021-05-11 00
openrainer,dynamic idw,radar,,95811,0.7298,1.0756,0.3458,0.4738,0.8901,2.7705,3.7962,0.4141,0.735,0.3144,0.5497,openrainer 2021-05-11 00
openrainer,dynamic line,radar,,112048,0.746,0.8901,0.1441,0.1932,0.7393,2.1695,2.9081,0.4494,0.7509,0.3172,0.5567,openrainer 2021-05-11 00
openrainer,dynamic gmz,radar,,112048,0.746,0.9329,0.1868,0.2504,0.788,2.3868,3.1993,0.425,0.7265,0.3181,0.5426,openrainer 2021-05-11 00
openrainer,constant idw,radar,,95811,0.7298,0.2698,-0.46,-0.6303,0.6661,1.9137,2.6222,0.3031,0.3235,0.1187,0.31,openrainer 2021-05-11 00
openrainer,constant line,radar,,112048,0.746,0.2749,-0.4712,-0.6316,0.6438,1.6959,2.2733,0.3786,0.3562,0.1147,0.3405,openrainer 2021-05-11 00
openrainer,constant gmz,radar,,112048,0.746,0.2931,-0.453,-0.6072,0.6551,1.7944,2.4053,0.3567,0.3489,0.1174,0.3334,openrainer 2021-05-11 00
openrainer,pycomlink idw,radar,,95811,0.7298,0.3994,-0.3304,-0.4527,0.5563,1.8555,2.5425,0.3979,0.5346,0.0972,0.5055,openrainer 2021-05-11 00
openrainer,pycomlink line,radar,,112048,0.746,0.3681,-0.3779,-0.5066,0.5582,1.6392,2.1972,0.4419,0.5306,0.1023,0.5004,openrainer 2021-05-11 00
openrainer,pycomlink gmz,radar,,112048,0.746,0.3816,-0.3645,-0.4885,0.5668,1.7397,2.332,0.4181,0.5209,0.1013,0.492,openrainer 2021-05-11 00
openrainer,nearby idw,radar,,57015,0.7043,0.2487,-0.4556,-0.6469,0.5347,1.2194,1.7313,0.6019,0.342,0.0438,0.3367,openrainer 2021-05-11 00
openrainer,nearby line,radar,,67503,0.7185,0.2448,-0.4738,-0.6594,0.5495,1.2592,1.7525,0.5979,0.3485,0.0485,0.3424,openrainer 2021-05-11 00
openrainer,nearby gmz,radar,,67503,0.7185,0.2497,-0.4689,-0.6525,0.5485,1.2542,1.7455,0.6013,0.3423,0.0445,0.3369,openrainer 2021-05-11 00
openrainer,rnn idw,radar,,95823,0.7301,0.6831,-0.047,-0.0644,0.5317,1.2029,1.6477,0.691,0.7006,0.2258,0.5817,openrainer 2021-05-11 00
openrainer,rnn line,radar,,112077,0.7468,0.7151,-0.0317,-0.0425,0.5718,1.2949,1.7339,0.6647,0.6866,0.2382,0.5653,openrainer 2021-05-11 00
openrainer,rnn gmz,radar,,112077,0.7468,0.7307,-0.0162,-0.0216,0.5863,1.348,1.8049,0.6567,0.6833,0.2303,0.5673,openrainer 2021-05-11 00
openrainer,dynamic idw,gauges,,106675,0.4483,1.0324,0.5841,1.3028,0.7938,2.6368,5.8812,0.4623,0.7834,0.4251,0.496,openrainer 2021-05-11 00
openrainer,dynamic line,gauges,,122775,0.4527,0.8682,0.4155,0.9179,0.653,2.0408,4.5085,0.4822,0.7986,0.4412,0.4898,openrainer 2021-05-11 00
openrainer,dynamic gmz,gauges,,122775,0.4527,0.9058,0.4531,1.0009,0.6974,2.2494,4.9691,0.4618,0.7754,0.441,0.4811,openrainer 2021-05-11 00
openrainer,constant idw,gauges,,106675,0.4483,0.2451,-0.2032,-0.4533,0.4181,1.6053,3.5806,0.3443,0.3484,0.1564,0.3273,openrainer 2021-05-11 00
openrainer,constant line,gauges,,122775,0.4527,0.2443,-0.2084,-0.4604,0.3837,1.3345,2.9481,0.441,0.3896,0.1507,0.3644,openrainer 2021-05-11 00
openrainer,constant gmz,gauges,,122775,0.4527,0.2583,-0.1944,-0.4293,0.3918,1.4387,3.1782,0.4227,0.382,0.1504,0.3578,openrainer 2021-05-11 00
openrainer,pycomlink idw,gauges,,106675,0.4483,0.3642,-0.0842,-0.1878,0.3323,1.5747,3.5123,0.4594,0.5949,0.1466,0.5398,openrainer 2021-05-11 00
openrainer,pycomlink line,gauges,,122775,0.4527,0.3314,-0.1212,-0.2678,0.3224,1.31,2.894,0.5065,0.5989,0.1551,0.5396,openrainer 2021-05-11 00
openrainer,pycomlink gmz,gauges,,122775,0.4527,0.3426,-0.1101,-0.2433,0.3276,1.4202,3.1374,0.4841,0.5912,0.1505,0.5352,openrainer 2021-05-11 00
openrainer,nearby idw,gauges,,56810,0.527,0.2444,-0.2825,-0.5361,0.3671,0.8591,1.6303,0.7266,0.3789,0.052,0.3712,openrainer 2021-05-11 00
openrainer,nearby line,gauges,,67811,0.5258,0.2379,-0.2879,-0.5475,0.369,0.884,1.6813,0.7193,0.3866,0.0591,0.3775,openrainer 2021-05-11 00
openrainer,nearby gmz,gauges,,67811,0.5258,0.2427,-0.2831,-0.5384,0.3668,0.8762,1.6664,0.7248,0.3804,0.0529,0.3725,openrainer 2021-05-11 00
openrainer,rnn idw,gauges,,106683,0.4485,0.6273,0.1788,0.3987,0.3886,0.926,2.0648,0.7878,0.7799,0.2937,0.5889,openrainer 2021-05-11 00
openrainer,rnn line,gauges,,122797,0.4533,0.6477,0.1945,0.429,0.4139,0.9899,2.184,0.771,0.7696,0.3083,0.573,openrainer 2021-05-11 00
openrainer,rnn gmz,gauges,,122797,0.4533,0.6591,0.2058,0.4541,0.4216,1.0417,2.2982,0.7677,0.7657,0.3029,0.5746,openrainer 2021-05-11 00
openrainer,gauges,radar,2.0,18115,1.3623,1.0593,-0.303,-0.2224,0.6143,1.098,0.806,0.7977,0.8859,0.0884,0.8158,openrainer 2021-05-23 23
openrainer,dynamic idw,radar,2.0,18546,1.365,1.77,0.405,0.2967,1.0088,2.8842,2.1129,0.5312,0.9087,0.1422,0.7898,openrainer 2021-05-23 23
openrainer,dynamic line,radar,2.0,18546,1.365,1.6259,0.2609,0.1911,0.896,2.8262,2.0705,0.5037,0.9155,0.1431,0.794,openrainer 2021-05-23 23
openrainer,dynamic gmz,radar,2.0,18546,1.365,1.6484,0.2834,0.2076,0.9556,3.0819,2.2578,0.4738,0.902,0.1393,0.7871,openrainer 2021-05-23 23
openrainer,constant idw,radar,2.0,18546,1.365,0.7775,-0.5876,-0.4304,0.9792,2.5211,1.8469,0.3753,0.621,0.0633,0.596,openrainer 2021-05-23 23
openrainer,constant line,radar,2.0,18546,1.365,0.7946,-0.5704,-0.4179,0.9345,2.6003,1.9049,0.3671,0.6573,0.0656,0.6283,openrainer 2021-05-23 23
openrainer,constant gmz,radar,2.0,18546,1.365,0.8207,-0.5443,-0.3987,0.9601,2.8124,2.0603,0.3468,0.6421,0.0592,0.6171,openrainer 2021-05-23 23
openrainer,pycomlink idw,radar,2.0,18546,1.365,0.9764,-0.3886,-0.2847,0.8505,2.4271,1.7781,0.4273,0.78,0.0941,0.7215,openrainer 2021-05-23 23
openrainer,pycomlink line,radar,2.0,18546,1.365,0.9867,-0.3783,-0.2771,0.8562,2.6175,1.9176,0.3969,0.7825,0.0977,0.7214,openrainer 2021-05-23 23
openrainer,pycomlink gmz,radar,2.0,18546,1.365,1.0056,-0.3594,-0.2633,0.8757,2.8254,2.0698,0.3755,0.7759,0.0965,0.7165,openrainer 2021-05-23 23
openrainer,nearby idw,radar,2.0,14104,1.2833,0.6338,-0.6495,-0.5061,0.7984,1.3844,1.0788,0.6876,0.6576,0.0566,0.6327,openrainer 2021-05-23 23
openrainer,nearby line,radar,2.0,14732,1.2912,0.6205,-0.6707,-0.5194,0.8084,1.3928,1.0787,0.6885,0.6755,0.0606,0.6473,openrainer 2021-05-23 23
openrainer,nearby gmz,radar,2.0,14732,1.2912,0.6164,-0.6748,-0.5226,0.8164,1.4138,1.095,0.6757,0.6622,0.0595,0.6356,openrainer 2021-05-23 23
openrainer,rnn idw,radar,2.0,18546,1.365,1.8357,0.4707,0.3448,0.938,1.5027,1.1009,0.7729,0.9105,0.1376,0.795,openrainer 2021-05-23 23
openrainer,rnn line,radar,2.0,18546,1.365,1.9328,0.5678,0.4159,0.9996,1.6026,1.1741,0.7745,0.9114,0.1382,0.7952,openrainer 2021-05-23 23
openrainer,rnn gmz,radar,2.0,18546,1.365,1.9489,0.5839,0.4278,1.0239,1.6729,1.2255,0.7671,0.9086,0.1349,0.7959,openrainer 2021-05-23 23
openrainer,dynamic idw,gauges,2.0,19789,1.0045,1.7086,0.7041,0.701,0.8332,2.7319,2.7198,0.6264,0.9416,0.1451,0.8118,openrainer 2021-05-23 23
openrainer,dynamic line,gauges,2.0,19789,1.0045,1.5747,0.5703,0.5678,0.7115,2.6718,2.66,0.5834,0.9452,0.1523,0.808,openrainer 2021-05-23 23
openrainer,dynamic gmz,gauges,2.0,19789,1.0045,1.5972,0.5927,0.5901,0.7741,2.9287,2.9157,0.5506,0.93,0.1496,0.7993,openrainer 2021-05-23 23
openrainer,constant idw,gauges,2.0,19789,1.0045,0.7242,-0.2803,-0.279,0.6237,2.232,2.2221,0.4316,0.6426,0.0348,0.628,openrainer 2021-05-23 23
openrainer,constant line,gauges,2.0,19789,1.0045,0.7438,-0.2607,-0.2595,0.5624,2.3025,2.2923,0.4322,0.6851,0.0362,0.6679,openrainer 2021-05-23 23
openrainer,constant gmz,gauges,2.0,19789,1.0045,0.7698,-0.2346,-0.2336,0.5978,2.5296,2.5183,0.4084,0.6652,0.0351,0.6494,openrainer 2021-05-23 23
openrainer,pycomlink idw,gauges,2.0,19789,1.0045,0.9158,-0.0886,-0.0882,0.4742,2.1271,2.1177,0.5154,0.8252,0.056,0.7867,openrainer 2021-05-23 23
openrainer,pycomlink line,gauges,2.0,19789,1.0045,0.9253,-0.0791,-0.0788,0.4782,2.3418,2.3315,0.4719,0.8264,0.0615,0.7839,openrainer 2021-05-23 23
openrainer,pycomlink gmz,gauges,2.0,19789,1.0045,0.943,-0.0614,-0.0612,0.5063,2.5619,2.5505,0.4457,0.8169,0.0636,0.774,openrainer 2021-05-23 23
openrainer,nearby idw,gauges,2.0,14053,1.009,0.6353,-0.3738,-0.3704,0.4605,0.7989,0.7917,0.8749,0.7218,0.0154,0.7137,openrainer 2021-05-23 23
openrainer,nearby line,gauges,2.0,14661,1.0101,0.6224,-0.3877,-0.3838,0.4614,0.8031,0.7951,0.8769,0.7393,0.0159,0.7306,openrainer 2021-05-23 23
openrainer,nearby gmz,gauges,2.0,14661,1.0101,0.6183,-0.3918,-0.3879,0.4723,0.8282,0.8199,0.8645,0.7229,0.0172,0.7139,openrainer 2021-05-23 23
openrainer,rnn idw,gauges,2.0,19789,1.0045,1.7485,0.744,0.7407,0.8266,1.3764,1.3703,0.8808,0.9558,0.1229,0.8429,openrainer 2021-05-23 23
openrainer,rnn line,gauges,2.0,19789,1.0045,1.8429,0.8384,0.8347,0.914,1.51,1.5033,0.8797,0.9553,0.1249,0.8407,openrainer 2021-05-23 23
openrainer,rnn gmz,gauges,2.0,19789,1.0045,1.8587,0.8543,0.8505,0.9366,1.5926,1.5856,0.8682,0.9532,0.1207,0.8429,openrainer 2021-05-23 23
openrainer,gauges,radar,,119338,1.4969,1.1309,-0.366,-0.2445,0.7023,1.2776,0.8535,0.7743,0.8852,0.0907,0.8133,openrainer 2021-05-23 23
openrainer,dynamic idw,radar,,71263,1.4145,2.0349,0.6204,0.4386,1.2779,3.2728,2.3138,0.5255,0.8956,0.1527,0.7711,openrainer 2021-05-23 23
openrainer,dynamic line,radar,,82857,1.4285,1.8466,0.4181,0.2927,1.1074,3.0046,2.1034,0.5111,0.9121,0.1638,0.7738,openrainer 2021-05-23 23
openrainer,dynamic gmz,radar,,82857,1.4285,1.8849,0.4565,0.3195,1.1707,3.2261,2.2584,0.4885,0.8974,0.1584,0.7677,openrainer 2021-05-23 23
openrainer,constant idw,radar,,71263,1.4145,0.7767,-0.6378,-0.4509,1.1046,2.6586,1.8795,0.3462,0.5751,0.0646,0.5532,openrainer 2021-05-23 23
openrainer,constant line,radar,,82857,1.4285,0.7765,-0.652,-0.4564,1.0379,2.597,1.818,0.3533,0.6278,0.0671,0.6006,openrainer 2021-05-23 23
openrainer,constant gmz,radar,,82857,1.4285,0.8031,-0.6254,-0.4378,1.0651,2.7744,1.9422,0.3357,0.6116,0.0615,0.588,openrainer 2021-05-23 23
openrainer,pycomlink idw,radar,,71263,1.4145,1.0381,-0.3764,-0.2661,0.9483,2.4963,1.7648,0.4401,0.7617,0.0915,0.7074,openrainer 2021-05-23 23
openrainer,pycomlink line,radar,,82857,1.4285,1.0189,-0.4096,-0.2867,0.9445,2.5723,1.8007,0.4172,0.7714,0.0979,0.7118,openrainer 2021-05-23 23
openrainer,pycomlink gmz,radar,,82857,1.4285,1.0422,-0.3863,-0.2704,0.9596,2.7379,1.9167,0.3997,0.7618,0.0963,0.7046,openrainer 2021-05-23 23
openrainer,nearby idw,radar,,43446,1.3167,0.6668,-0.65,-0.4936,0.874,1.5716,1.1935,0.6266,0.6403,0.0719,0.6101,openrainer 2021-05-23 23
openrainer,nearby line,radar,,51668,1.3266,0.6344,-0.6922,-0.5218,0.8855,1.5871,1.1964,0.6132,0.6585,0.0756,0.6248,openrainer 2021-05-23 23
openrainer,nearby gmz,radar,,51668,1.3266,0.6347,-0.6918,-0.5215,0.8951,1.613,1.216,0.6026,0.6406,0.0737,0.6095,openrainer 2021-05-23 23
openrainer,rnn idw,radar,,71325,1.4154,1.7489,0.3335,0.2356,0.9389,1.5238,1.0766,0.7349,0.8949,0.1443,0.7776,openrainer 2021-05-23 23
openrainer,rnn line,radar,,82969,1.43,1.8526,0.4226,0.2955,0.9917,1.6069,1.1237,0.7315,0.8992,0.1413,0.7833,openrainer 2021-05-23 23
openrainer,rnn gmz,radar,,82969,1.43,1.862,0.432,0.3021,1.0105,1.6602,1.161,0.7234,0.8974,0.1394,0.7835,openrainer 2021-05-23 23
openrainer,dynamic idw,gauges,,78945,1.0073,1.9206,0.9133,0.9067,1.0868,3.0396,3.0176,0.6333,0.9192,0.161,0.7813,openrainer 2021-05-23 23
openrainer,dynamic line,gauges,,90654,1.0197,1.7562,0.7366,0.7224,0.9209,2.7653,2.712,0.6111,0.9279,0.1838,0.7675,openrainer 2021-05-23 23
openrainer,dynamic gmz,gauges,,90654,1.0197,1.7946,0.775,0.76,0.9856,2.985,2.9274,0.585,0.9117,0.1795,0.7601,openrainer 2021-05-23 23
openrainer,constant idw,gauges,,78945,1.0073,0.6922,-0.315,-0.3128,0.7162,2.2908,2.2743,0.4047,0.5779,0.0368,0.5654,openrainer 2021-05-23 23
openrainer,constant line,gauges,,90654,1.0197,0.6995,-0.3202,-0.314,0.6418,2.2098,2.1672,0.4182,0.6401,0.0417,0.6227,openrainer 2021-05-23 23
openrainer,constant gmz,gauges,,90654,1.0197,0.7251,-0.2946,-0.2889,0.6772,2.3932,2.3471,0.3971,0.6193,0.0393,0.604,openrainer 2021-05-23 23
openrainer,pycomlink idw,gauges,,78945,1.0073,0.9364,-0.0709,-0.0704,0.5594,2.1088,2.0936,0.5423,0.7868,0.061,0.7485,openrainer 2021-05-23 23
openrainer,pycomlink line,gauges,,90654,1.0197,0.9204,-0.0993,-0.0974,0.5543,2.1881,2.1459,0.5105,0.799,0.0695,0.754,openrainer 2021-05-23 23
openrainer,pycomlink gmz,gauges,,90654,1.0197,0.941,-0.0787,-0.0772,0.5723,2.3552,2.3098,0.489,0.7884,0.0697,0.7444,openrainer 2021-05-23 23
openrainer,nearby idw,gauges,,42856,1.0217,0.6691,-0.3526,-0.3451,0.4988,0.988,0.967,0.822,0.71,0.0224,0.6987,openrainer 2021-05-23 23
openrainer,nearby line,gauges,,51052,1.0262,0.6342,-0.3919,-0.3819,0.5096,1.014,0.9881,0.8039,0.7249,0.024,0.7122,openrainer 2021-05-23 23
openrainer,nearby gmz,gauges,,51052,1.0262,0.6348,-0.3914,-0.3814,0.5208,1.0409,1.0144,0.794,0.7039,0.0242,0.6918,openrainer 2021-05-23 23
openrainer,rnn idw,gauges,,78993,1.009,1.6209,0.6118,0.6063,0.7882,1.3406,1.3286,0.8259,0.9309,0.1332,0.8144,openrainer 2021-05-23 23
openrainer,rnn line,gauges,,90729,1.0216,1.722,0.7004,0.6856,0.8751,1.466,1.435,0.8139,0.9323,0.1343,0.8145,openrainer 2021-05-23 23
openrainer,rnn gmz,gauges,,90729,1.0216,1.7306,0.709,0.694,0.8906,1.5291,1.4968,0.8016,0.9299,0.1322,0.8145,openrainer 2021-05-23 23
openrainer,gauges,radar,2.0,16200,1.0166,0.4886,-0.5279,-0.5193,0.728,2.0301,1.997,0.6368,0.7272,0.1281,0.657,openrainer 2021-07-16 02
openrainer,dynamic idw,radar,2.0,16560,1.0011,1.0693,0.0682,0.0681,1.0607,4.8302,4.8249,0.2642,0.7621,0.3038,0.5719,openrainer 2021-07-16 02
openrainer,dynamic line,radar,2.0,16560,1.0011,0.9231,-0.078,-0.0779,0.966,4.0459,4.0415,0.2848,0.7771,0.3023,0.5813,openrainer 2021-07-16 02
openrainer,dynamic gmz,radar,2.0,16560,1.0011,0.9792,-0.0219,-0.0219,0.9947,4.3953,4.3905,0.2789,0.7661,0.2978,0.5783,openrainer 2021-07-16 02
openrainer,constant idw,radar,2.0,16560,1.0011,0.5983,-0.4028,-0.4023,1.1004,4.9823,4.9768,0.173,0.4007,0.1426,0.3756,openrainer 2021-07-16 02
openrainer,constant line,radar,2.0,16560,1.0011,0.5103,-0.4908,-0.4903,1.0262,4.1993,4.1947,0.1907,0.4122,0.1528,0.3837,openrainer 2021-07-16 02
openrainer,constant gmz,radar,2.0,16560,1.0011,0.5568,-0.4443,-0.4438,1.0473,4.5448,4.5399,0.189,0.4082,0.1465,0.3815,openrainer 2021-07-16 02
openrainer,pycomlink idw,radar,2.0,16560,1.0011,0.7415,-0.2596,-0.2593,1.0266,5.1817,5.176,0.1879,0.6547,0.1397,0.5918,openrainer 2021-07-16 02
openrainer,pycomlink line,radar,2.0,16560,1.0011,0.6332,-0.3679,-0.3675,0.9553,4.32,4.3153,0.2055,0.6529,0.151,0.585,openrainer 2021-07-16 02
openrainer,pycomlink gmz,radar,2.0,16560,1.0011,0.6798,-0.3213,-0.321,0.9763,4.6987,4.6936,0.2025,0.6359,0.1421,0.5753,openrainer 2021-07-16 02
openrainer,nearby idw,radar,2.0,12384,1.0068,0.332,-0.6748,-0.6702,0.8963,3.0564,3.0358,0.3037,0.2715,0.0807,0.2652,openrainer 2021-07-16 02
openrainer,nearby line,radar,2.0,12906,1.0143,0.2824,-0.732,-0.7216,0.8914,2.7523,2.7135,0.3135,0.2848,0.0877,0.2773,openrainer 2021-07-16 02
openrainer,nearby gmz,radar,2.0,12906,1.0143,0.2882,-0.7261,-0.7158,0.8945,2.8936,2.8528,0.2977,0.2771,0.0757,0.271,openrainer 2021-07-16 02
openrainer,rnn idw,radar,2.0,16560,1.0011,0.9099,-0.0912,-0.0911,0.7328,1.8145,1.8125,0.7065,0.7997,0.2536,0.6289,openrainer 2021-07-16 02
openrainer,rnn line,radar,2.0,16560,1.0011,0.9511,-0.05,-0.05,0.7537,1.8408,1.8388,0.701,0.8028,0.268,0.6205,openrainer 2021-07-16 02
openrainer,rnn gmz,radar,2.0,16560,1.0011,0.9742,-0.0269,-0.0269,0.7556,1.8721,1.87,0.7052,0.7889,0.2518,0.6234,openrainer 2021-07-16 02
openrainer,dynamic idw,gauges,2.0,17712,0.4727,1.0558,0.5831,1.2334,0.8325,4.5445,9.6136,0.2811,0.8195,0.3713,0.5522,openrainer 2021-07-16 02
openrainer,dynamic line,gauges,2.0,17712,0.4727,0.9215,0.4488,0.9494,0.7166,3.7053,7.8382,0.302,0.83,0.3758,0.5534,openrainer 2021-07-16 02
openrainer,dynamic gmz,gauges,2.0,17712,0.4727,0.9761,0.5034,1.0649,0.7696,4.0971,8.667,0.291,0.8132,0.3784,0.5439,openrainer 2021-07-16 02
openrainer,constant idw,gauges,2.0,17712,0.4727,0.5651,0.0924,0.1955,0.6557,4.5194,9.5605,0.1999,0.4379,0.1978,0.3952,openrainer 2021-07-16 02
openrainer,constant line,gauges,2.0,17712,0.4727,0.4852,0.0125,0.0265,0.5801,3.6732,7.7704,0.2193,0.4562,0.2014,0.4091,openrainer 2021-07-16 02
openrainer,constant gmz,gauges,2.0,17712,0.4727,0.53,0.0573,0.1212,0.6169,4.0681,8.6058,0.2119,0.4518,0.1953,0.4071,openrainer 2021-07-16 02
openrainer,pycomlink idw,gauges,2.0,17712,0.4727,0.7084,0.2357,0.4986,0.6209,4.7719,10.0946,0.2095,0.7248,0.1883,0.6205,openrainer 2021-07-16 02
openrainer,pycomlink line,gauges,2.0,17712,0.4727,0.6056,0.1329,0.281,0.5416,3.85,8.1443,0.2284,0.7235,0.1962,0.6149,openrainer 2021-07-16 02
openrainer,pycomlink gmz,gauges,2.0,17712,0.4727,0.6502,0.1775,0.3755,0.5827,4.2731,9.0393,0.2203,0.7042,0.1905,0.6041,openrainer 2021-07-16 02
openrainer,nearby idw,gauges,2.0,12366,0.4837,0.3319,-0.1518,-0.3139,0.4533,2.6167,5.4093,0.3195,0.32,0.0909,0.3101,openrainer 2021-07-16 02
openrainer,nearby line,gauges,2.0,12870,0.4843,0.282,-0.2023,-0.4178,0.4292,2.1066,4.3497,0.3402,0.3318,0.1092,0.3188,openrainer 2021-07-16 02
openrainer,nearby gmz,gauges,2.0,12870,0.4843,0.2879,-0.1964,-0.4056,0.4394,2.3076,4.7648,0.3189,0.3213,0.1017,0.31,openrainer 2021-07-16 02
openrainer,rnn idw,gauges,2.0,17712,0.4727,0.88,0.4073,0.8616,0.5911,1.563,3.3063,0.6811,0.8711,0.3142,0.6226,openrainer 2021-07-16 02
openrainer,rnn line,gauges,2.0,17712,0.4727,0.9186,0.4459,0.9433,0.626,1.6439,3.4776,0.6639,0.8709,0.3301,0.6094,openrainer 2021-07-16 02
openrainer,rnn gmz,gauges,2.0,17712,0.4727,0.9404,0.4676,0.9893,0.6472,1.7771,3.7593,0.6599,0.8575,0.3142,0.6156,openrainer 2021-07-16 02
openrainer,gauges,radar,,106978,0.9004,0.4262,-0.4742,-0.5267,0.6938,1.9159,2.1278,0.5695,0.7033,0.1486,0.6264,openrainer 2021-07-16 02
openrainer,dynamic idw,radar,,64224,0.9162,1.1693,0.2531,0.2762,1.2222,4.4938,4.9048,0.2595,0.7235,0.3541,0.518,openrainer 2021-07-16 02
openrainer,dynamic line,radar,,74628,0.888,0.9612,0.0732,0.0824,1.0556,3.4304,3.863,0.2833,0.741,0.3802,0.5094,openrainer 2021-07-16 02
openrainer,dynamic gmz,radar,,74628,0.888,1.0196,0.1316,0.1482,1.1013,3.7331,4.2038,0.2698,0.7291,0.3758,0.5067,openrainer 2021-07-16 02
openrainer,constant idw,radar,,64224,0.9162,0.6102,-0.306,-0.334,1.1076,4.4884,4.8988,0.1729,0.3727,0.2028,0.3404,openrainer 2021-07-16 02
openrainer,constant line,radar,,74628,0.888,0.4802,-0.4078,-0.4593,0.9713,3.413,3.8434,0.1949,0.3976,0.2378,0.3537,openrainer 2021-07-16 02
openrainer,constant gmz,radar,,74628,0.888,0.5248,-0.3633,-0.4091,1.0044,3.7025,4.1694,0.1869,0.3952,0.2349,0.3524,openrainer 2021-07-16 02
openrainer,pycomlink idw,radar,,64224,0.9162,0.7491,-0.1671,-0.1824,1.06,4.6577,5.0836,0.1907,0.6065,0.1927,0.5298,openrainer 2021-07-16 02
openrainer,pycomlink line,radar,,74628,0.888,0.5917,-0.2964,-0.3337,0.9292,3.4816,3.9207,0.2143,0.6032,0.2318,0.5103,openrainer 2021-07-16 02
openrainer,pycomlink gmz,radar,,74628,0.888,0.6352,-0.2528,-0.2847,0.9611,3.7947,4.2732,0.2049,0.5934,0.2216,0.5076,openrainer 2021-07-16 02
openrainer,nearby idw,radar,,38376,0.9629,0.3846,-0.5783,-0.6006,0.932,3.0729,3.1913,0.2737,0.2812,0.1049,0.2722,openrainer 2021-07-16 02
openrainer,nearby line,radar,,45558,0.9455,0.3144,-0.631,-0.6674,0.887,2.5635,2.7113,0.2947,0.2864,0.1238,0.2753,openrainer 2021-07-16 02
openrainer,nearby gmz,radar,,45558,0.9455,0.3231,-0.6223,-0.6582,0.8968,2.6997,2.8555,0.2754,0.2849,0.1156,0.2747,openrainer 2021-07-16 02
openrainer,rnn idw,radar,,64224,0.9162,0.8567,-0.0595,-0.065,0.8202,2.0189,2.2035,0.5802,0.7662,0.2907,0.5831,openrainer 2021-07-16 02
openrainer,rnn line,radar,,74628,0.888,0.885,-0.003,-0.0034,0.8573,2.07,2.331,0.5444,0.7653,0.3145,0.5664,openrainer 2021-07-16 02
openrainer,rnn gmz,radar,,74628,0.888,0.901,0.013,0.0146,0.8656,2.1182,2.3853,0.5456,0.7521,0.3028,0.5669,openrainer 2021-07-16 02
openrainer,dynamic idw,gauges,,71584,0.4312,1.141,0.7097,1.6459,0.9798,4.1727,9.6765,0.2741,0.7681,0.4123,0.4991,openrainer 2021-07-16 02
openrainer,dynamic line,gauges,,82177,0.4207,0.9623,0.5416,1.2872,0.8231,3.0792,7.3188,0.3037,0.799,0.4383,0.4921,openrainer 2021-07-16 02
openrainer,dynamic gmz,gauges,,82177,0.4207,1.0183,0.5975,1.4202,0.8781,3.4069,8.0975,0.2897,0.7812,0.4406,0.4836,openrainer 2021-07-16 02
openrainer,constant idw,gauges,,71584,0.4312,0.5516,0.1204,0.2793,0.6748,3.9873,9.2467,0.1898,0.3969,0.2416,0.3524,openrainer 2021-07-16 02
openrainer,constant line,gauges,,82177,0.4207,0.4437,0.0229,0.0545,0.5582,2.8548,6.7854,0.2237,0.439,0.2651,0.379,openrainer 2021-07-16 02
openrainer,constant gmz,gauges,,82177,0.4207,0.4852,0.0644,0.1532,0.5969,3.1836,7.5667,0.2125,0.4335,0.2646,0.375,openrainer 2021-07-16 02
openrainer,pycomlink idw,gauges,,71584,0.4312,0.6936,0.2624,0.6085,0.654,4.2018,9.744,0.2063,0.6671,0.2177,0.5626,openrainer 2021-07-16 02
openrainer,pycomlink line,gauges,,82177,0.4207,0.5523,0.1315,0.3126,0.5344,2.9738,7.0683,0.2402,0.6763,0.2519,0.5509,openrainer 2021-07-16 02
openrainer,pycomlink gmz,gauges,,82177,0.4207,0.5943,0.1735,0.4125,0.5724,3.3212,7.8938,0.2286,0.6633,0.2471,0.5447,openrainer 2021-07-16 02
openrainer,nearby idw,gauges,,37944,0.4744,0.3862,-0.0882,-0.186,0.5242,2.6793,5.6474,0.2872,0.3269,0.1135,0.3138,openrainer 2021-07-16 02
openrainer,nearby line,gauges,,45144,0.4717,0.3156,-0.1561,-0.3309,0.4838,1.9844,4.207,0.3111,0.3348,0.1376,0.3178,openrainer 2021-07-16 02
openrainer,nearby gmz,gauges,,45144,0.4717,0.324,-0.1477,-0.3132,0.495,2.1692,4.5987,0.2891,0.3321,0.1321,0.3161,openrainer 2021-07-16 02
openrainer,rnn idw,gauges,,71584,0.4312,0.8139,0.3826,0.8873,0.6116,1.6222,3.7619,0.5904,0.8309,0.3326,0.5876,openrainer 2021-07-16 02
openrainer,rnn line,gauges,,82177,0.4207,0.8427,0.422,1.003,0.6513,1.6995,4.0394,0.5513,0.8357,0.362,0.5669,openrainer 2021-07-16 02
openrainer,rnn gmz,gauges,,82177,0.4207,0.8577,0.4369,1.0385,0.6681,1.7931,4.2618,0.5485,0.8226,0.3499,0.5702,openrainer 2021-07-16 02
openrainer,gauges,radar,2.0,35580,0.7873,0.6533,-0.134,-0.1702,0.4792,1.3402,1.7023,0.802,0.7072,0.1425,0.6329,openrainer 2021-09-16 03
openrainer,dynamic idw,radar,2.0,36294,0.7795,0.9832,0.2037,0.2614,0.6552,2.1599,2.7709,0.666,0.7799,0.2942,0.5885,openrainer 2021-09-16 03
openrainer,dynamic line,radar,2.0,36300,0.7794,0.9118,0.1324,0.1699,0.602,2.0759,2.6636,0.6448,0.7889,0.2948,0.5932,openrainer 2021-09-16 03
openrainer,dynamic gmz,radar,2.0,36300,0.7794,0.9369,0.1576,0.2022,0.6294,2.2549,2.8932,0.6319,0.7724,0.292,0.5858,openrainer 2021-09-16 03
openrainer,constant idw,radar,2.0,36294,0.7795,0.5049,-0.2746,-0.3522,0.5362,1.8331,2.3516,0.6292,0.4617,0.079,0.4441,openrainer 2021-09-16 03
openrainer,constant line,radar,2.0,36300,0.7794,0.5093,-0.2701,-0.3466,0.5298,1.9007,2.4388,0.6049,0.482,0.0883,0.4605,openrainer 2021-09-16 03
openrainer,constant gmz,radar,2.0,36300,0.7794,0.5254,-0.254,-0.3259,0.5419,2.0203,2.5922,0.5955,0.4647,0.0805,0.4465,openrainer 2021-09-16 03
openrainer,pycomlink idw,radar,2.0,36294,0.7795,0.6326,-0.1469,-0.1884,0.5163,1.8631,2.3901,0.6449,0.6424,0.1469,0.5785,openrainer 2021-09-16 03
openrainer,pycomlink line,radar,2.0,36300,0.7794,0.609,-0.1704,-0.2186,0.502,1.9111,2.4521,0.6168,0.6477,0.1517,0.5805,openrainer 2021-09-16 03
openrainer,pycomlink gmz,radar,2.0,36300,0.7794,0.624,-0.1554,-0.1994,0.5152,2.0482,2.6281,0.6046,0.632,0.1431,0.5716,openrainer 2021-09-16 03
openrainer,nearby idw,radar,2.0,24730,0.8324,0.4786,-0.3538,-0.425,0.5586,1.4366,1.7259,0.7178,0.458,0.0906,0.438,openrainer 2021-09-16 03
openrainer,nearby line,radar,2.0,25862,0.8388,0.4384,-0.4005,-0.4774,0.5671,1.5159,1.8071,0.6931,0.4626,0.0961,0.4409,openrainer 2021-09-16 03
openrainer,nearby gmz,radar,2.0,25862,0.8388,0.4391,-0.3998,-0.4766,0.5706,1.5245,1.8174,0.6908,0.4502,0.0895,0.4311,openrainer 2021-09-16 03
openrainer,rnn idw,radar,2.0,36300,0.7794,1.0235,0.2442,0.3133,0.5952,1.4347,1.8408,0.819,0.7788,0.2515,0.6173,openrainer 2021-09-16 03
openrainer,rnn line,radar,2.0,36300,0.7794,1.065,0.2857,0.3665,0.6274,1.4991,1.9235,0.8157,0.779,0.2569,0.6138,openrainer 2021-09-16 03
openrainer,rnn gmz,radar,2.0,36300,0.7794,1.0769,0.2976,0.3818,0.6351,1.563,2.0054,0.8169,0.7713,0.2486,0.6145,openrainer 2021-09-16 03
openrainer,dynamic idw,gauges,2.0,35742,0.6505,0.9888,0.3383,0.52,0.5664,2.0236,3.1108,0.7268,0.8402,0.3701,0.5625,openrainer 2021-09-16 03
openrainer,dynamic line,gauges,2.0,35748,0.6504,0.9166,0.2662,0.4094,0.5141,1.9807,3.0454,0.6989,0.8503,0.3709,0.5664,openrainer 2021-09-16 03
openrainer,dynamic gmz,gauges,2.0,35748,0.6504,0.942,0.2917,0.4485,0.5409,2.161,3.3227,0.6827,0.8331,0.3676,0.5613,openrainer 2021-09-16 03
openrainer,constant idw,gauges,2.0,35742,0.6505,0.5109,-0.1396,-0.2146,0.3575,1.6384,2.5187,0.7273,0.5581,0.0852,0.5305,openrainer 2021-09-16 03
openrainer,constant line,gauges,2.0,35748,0.6504,0.5153,-0.1351,-0.2077,0.359,1.7461,2.6848,0.693,0.5829,0.0946,0.5494,openrainer 2021-09-16 03
openrainer,constant gmz,gauges,2.0,35748,0.6504,0.5316,-0.1187,-0.1826,0.3683,1.8598,2.8596,0.6806,0.5595,0.0902,0.5301,openrainer 2021-09-16 03
openrainer,pycomlink idw,gauges,2.0,35742,0.6505,0.6404,-0.0101,-0.0156,0.3525,1.6935,2.6034,0.728,0.7465,0.1893,0.6356,openrainer 2021-09-16 03
openrainer,pycomlink line,gauges,2.0,35748,0.6504,0.6163,-0.034,-0.0523,0.3467,1.7869,2.7474,0.6906,0.7533,0.1932,0.6382,openrainer 2021-09-16 03
openrainer,pycomlink gmz,gauges,2.0,35748,0.6504,0.6315,-0.0189,-0.029,0.3577,1.9205,2.9529,0.6755,0.7341,0.1863,0.6284,openrainer 2021-09-16 03
openrainer,nearby idw,gauges,2.0,24694,0.6998,0.4792,-0.2206,-0.3152,0.3945,1.2922,1.8464,0.8121,0.5392,0.0975,0.5095,openrainer 2021-09-16 03
openrainer,nearby line,gauges,2.0,25790,0.7033,0.4395,-0.2638,-0.3751,0.408,1.3868,1.9717,0.7964,0.5436,0.1022,0.5119,openrainer 2021-09-16 03
openrainer,nearby gmz,gauges,2.0,25790,0.7033,0.4402,-0.2631,-0.3741,0.4134,1.3874,1.9726,0.7915,0.5298,0.0943,0.5021,openrainer 2021-09-16 03
openrainer,rnn idw,gauges,2.0,35748,0.6504,1.0358,0.3854,0.5926,0.551,1.3694,2.1056,0.8487,0.8573,0.3243,0.6074,openrainer 2021-09-16 03
openrainer,rnn line,gauges,2.0,35748,0.6504,1.0779,0.4276,0.6574,0.5883,1.442,2.2172,0.8425,0.8583,0.3286,0.6044,openrainer 2021-09-16 03
openrainer,rnn gmz,gauges,2.0,35748,0.6504,1.0899,0.4396,0.6758,0.5973,1.5063,2.316,0.8405,0.85,0.3208,0.6065,openrainer 2021-09-16 03
openrainer,gauges,radar,,253837,0.6686,0.4821,-0.1865,-0.2789,0.4614,1.4305,2.1395,0.7271,0.6334,0.1399,0.5743,openrainer 2021-09-16 03
openrainer,dynamic idw,radar,,148667,0.7017,0.9528,0.2511,0.3578,0.7836,2.3714,3.3795,0.5597,0.7184,0.3634,0.5095,openrainer 2021-09-16 03
openrainer,dynamic line,radar,,173491,0.6952,0.8652,0.17,0.2446,0.726,2.1714,3.1233,0.5358,0.7443,0.3817,0.51,openrainer 2021-09-16 03
openrainer,dynamic gmz,radar,,173491,0.6952,0.9012,0.206,0.2963,0.7598,2.3431,3.3703,0.5267,0.7288,0.3804,0.5035,openrainer 2021-09-16 03
openrainer,constant idw,radar,,148667,0.7017,0.4094,-0.2923,-0.4166,0.5735,1.9169,2.7317,0.5358,0.3788,0.1202,0.3602,openrainer 2021-09-16 03
openrainer,constant line,radar,,173491,0.6952,0.3961,-0.2991,-0.4302,0.5699,1.9297,2.7757,0.5053,0.4004,0.1412,0.3757,openrainer 2021-09-16 03
openrainer,constant gmz,radar,,173491,0.6952,0.4151,-0.2801,-0.4029,0.5828,2.0304,2.9205,0.4991,0.3884,0.134,0.3664,openrainer 2021-09-16 03
openrainer,pycomlink idw,radar,,148667,0.7017,0.5317,-0.17,-0.2423,0.5627,1.9487,2.7771,0.5586,0.5584,0.19,0.4937,openrainer 2021-09-16 03
openrainer,pycomlink line,radar,,173491,0.6952,0.4881,-0.2071,-0.2979,0.5513,1.926,2.7703,0.527,0.557,0.1984,0.4895,openrainer 2021-09-16 03
openrainer,pycomlink gmz,radar,,173491,0.6952,0.5081,-0.1872,-0.2692,0.5646,2.0375,2.9307,0.5194,0.5482,0.1928,0.4847,openrainer 2021-09-16 03
openrainer,nearby idw,radar,,74923,0.7686,0.4488,-0.3198,-0.4161,0.6162,1.6863,2.194,0.5885,0.405,0.1603,0.376,openrainer 2021-09-16 03
openrainer,nearby line,radar,,90685,0.7823,0.3995,-0.3828,-0.4894,0.6348,1.7265,2.207,0.5513,0.4088,0.1749,0.3762,openrainer 2021-09-16 03
openrainer,nearby gmz,radar,,90685,0.7823,0.4058,-0.3764,-0.4812,0.6429,1.7603,2.2502,0.5436,0.3977,0.1683,0.3681,openrainer 2021-09-16 03
openrainer,rnn idw,radar,,148724,0.7023,0.8145,0.1122,0.1597,0.6103,1.5623,2.2245,0.7173,0.7043,0.2928,0.5453,openrainer 2021-09-16 03
openrainer,rnn line,radar,,173494,0.6953,0.8187,0.1234,0.1775,0.6375,1.6123,2.3188,0.6961,0.696,0.2996,0.5363,openrainer 2021-09-16 03
openrainer,rnn gmz,radar,,173494,0.6953,0.8313,0.1359,0.1955,0.6468,1.6638,2.3928,0.6963,0.6881,0.2974,0.5329,openrainer 2021-09-16 03
openrainer,dynamic idw,gauges,,144121,0.5431,0.9473,0.4042,0.7442,0.6762,2.2676,4.1753,0.6244,0.7946,0.4424,0.4874,openrainer 2021-09-16 03
openrainer,dynamic line,gauges,,166168,0.5286,0.8572,0.3285,0.6215,0.6178,2.1013,3.9749,0.5996,0.8161,0.4691,0.4741,openrainer 2021-09-16 03
openrainer,dynamic gmz,gauges,,166168,0.5286,0.892,0.3634,0.6873,0.6486,2.2572,4.2697,0.5889,0.8003,0.4668,0.4706,openrainer 2021-09-16 03
openrainer,constant idw,gauges,,144121,0.5431,0.413,-0.1301,-0.2396,0.3707,1.7528,3.2275,0.6479,0.4803,0.1299,0.4481,openrainer 2021-09-16 03
openrainer,constant line,gauges,,166168,0.5286,0.3976,-0.131,-0.2479,0.3672,1.798,3.4012,0.6115,0.5093,0.1567,0.4653,openrainer 2021-09-16 03
openrainer,constant gmz,gauges,,166168,0.5286,0.4154,-0.1133,-0.2143,0.374,1.8785,3.5533,0.6038,0.4924,0.1498,0.4531,openrainer 2021-09-16 03
openrainer,pycomlink idw,gauges,,144121,0.5431,0.537,-0.0061,-0.0113,0.3775,1.8048,3.3232,0.6529,0.6784,0.2381,0.5597,openrainer 2021-09-16 03
openrainer,pycomlink line,gauges,,166168,0.5286,0.4906,-0.0381,-0.0721,0.3642,1.8166,3.4363,0.6174,0.677,0.2521,0.5513,openrainer 2021-09-16 03
openrainer,pycomlink gmz,gauges,,166168,0.5286,0.5094,-0.0193,-0.0364,0.3742,1.9101,3.6132,0.6083,0.6679,0.245,0.5489,openrainer 2021-09-16 03
openrainer,nearby idw,gauges,,73988,0.6009,0.4444,-0.1565,-0.2605,0.4041,1.3114,2.1825,0.7583,0.4958,0.1707,0.4499,openrainer 2021-09-16 03
openrainer,nearby line,gauges,,88792,0.5971,0.3953,-0.2018,-0.3379,0.4138,1.4099,2.3612,0.7212,0.4947,0.1926,0.4425,openrainer 2021-09-16 03
openrainer,nearby gmz,gauges,,88792,0.5971,0.3996,-0.1975,-0.3307,0.4193,1.4231,2.3834,0.7149,0.482,0.186,0.4341,openrainer 2021-09-16 03
openrainer,rnn idw,gauges,,144178,0.5444,0.8232,0.2788,0.5121,0.5106,1.4833,2.7246,0.7749,0.7997,0.3729,0.542,openrainer 2021-09-16 03
openrainer,rnn line,gauges,,166171,0.5289,0.8245,0.2955,0.5587,0.5321,1.5357,2.9034,0.7551,0.793,0.3836,0.531,openrainer 2021-09-16 03
openrainer,rnn gmz,gauges,,166171,0.5289,0.8359,0.3069,0.5803,0.5412,1.5847,2.996,0.7517,0.7843,0.3812,0.5288,openrainer 2021-09-16 03
openrainer,gauges,radar,2.0,12128,2.6711,3.2195,0.5484,0.2053,1.4056,3.1489,1.1789,0.8406,0.935,0.0468,0.894,openrainer 2021-09-26 06
openrainer,dynamic idw,radar,2.0,12338,2.6719,4.393,1.7212,0.6442,2.3587,6.9409,2.5978,0.6126,0.9461,0.141,0.8189,openrainer 2021-09-26 06
openrainer,dynamic line,radar,2.0,12343,2.6748,3.9002,1.2254,0.4581,1.9384,5.0399,1.8842,0.6955,0.9442,0.1361,0.822,openrainer 2021-09-26 06
openrainer,dynamic gmz,radar,2.0,12343,2.6748,3.9467,1.2719,0.4755,2.1299,5.9957,2.2416,0.6326,0.9386,0.139,0.815,openrainer 2021-09-26 06
openrainer,constant idw,radar,2.0,12338,2.6719,2.9785,0.3066,0.1148,1.6359,4.8242,1.8056,0.6693,0.826,0.0131,0.8171,openrainer 2021-09-26 06
openrainer,constant line,radar,2.0,12343,2.6748,2.79,0.1151,0.043,1.4567,3.7114,1.3875,0.739,0.8381,0.0136,0.8286,openrainer 2021-09-26 06
openrainer,constant gmz,radar,2.0,12343,2.6748,2.8193,0.1445,0.054,1.5891,4.3416,1.6231,0.6951,0.8226,0.0122,0.8144,openrainer 2021-09-26 06
openrainer,pycomlink idw,radar,2.0,12338,2.6719,3.351,0.6792,0.2542,1.6888,5.3086,1.9869,0.6468,0.9388,0.0704,0.8765,openrainer 2021-09-26 06
openrainer,pycomlink line,radar,2.0,12343,2.6748,3.0539,0.3791,0.1417,1.4669,3.9699,1.4842,0.7203,0.9396,0.0676,0.8797,openrainer 2021-09-26 06
openrainer,pycomlink gmz,radar,2.0,12343,2.6748,3.0835,0.4087,0.1528,1.6186,4.7106,1.7611,0.668,0.9282,0.0672,0.87,openrainer 2021-09-26 06
openrainer,nearby idw,radar,2.0,7662,2.5831,2.7317,0.1486,0.0575,1.5571,4.1752,1.6164,0.6366,0.895,0.0471,0.8571,openrainer 2021-09-26 06
openrainer,nearby line,radar,2.0,7950,2.6549,2.638,-0.0169,-0.0064,1.5656,4.3846,1.6515,0.5959,0.8993,0.0502,0.8585,openrainer 2021-09-26 06
openrainer,nearby gmz,radar,2.0,7950,2.6549,2.6914,0.0365,0.0137,1.6411,5.0486,1.9016,0.5481,0.8928,0.0518,0.8513,openrainer 2021-09-26 06
openrainer,rnn idw,radar,2.0,12344,2.6752,3.9789,1.3037,0.4873,1.7719,3.1934,1.1937,0.8276,0.9452,0.0998,0.8556,openrainer 2021-09-26 06
openrainer,rnn line,radar,2.0,12344,2.6752,4.0533,1.3782,0.5152,1.8444,3.2975,1.2326,0.8215,0.9475,0.0997,0.8575,openrainer 2021-09-26 06
openrainer,rnn gmz,radar,2.0,12344,2.6752,4.0563,1.3812,0.5163,1.8616,3.3652,1.258,0.8208,0.9433,0.0992,0.8545,openrainer 2021-09-26 06
openrainer,dynamic idw,gauges,2.0,12284,3.227,4.4318,1.2048,0.3733,2.0956,6.4761,2.0068,0.6554,0.9549,0.1528,0.8146,openrainer 2021-09-26 06
openrainer,dynamic line,gauges,2.0,12289,3.2309,3.9336,0.7028,0.2175,1.7807,4.7185,1.4604,0.731,0.9519,0.1492,0.8158,openrainer 2021-09-26 06
openrainer,dynamic gmz,gauges,2.0,12289,3.2309,3.9808,0.7499,0.2321,2.0068,5.7007,1.7645,0.6662,0.9484,0.1501,0.8123,openrainer 2021-09-26 06
openrainer,constant idw,gauges,2.0,12284,3.227,2.9984,-0.2287,-0.0709,1.4847,4.5301,1.4038,0.7292,0.8493,0.01,0.8421,openrainer 2021-09-26 06
openrainer,constant line,gauges,2.0,12289,3.2309,2.8104,-0.4205,-0.1301,1.4087,3.6285,1.1231,0.7903,0.8606,0.0123,0.8515,openrainer 2021-09-26 06
openrainer,constant gmz,gauges,2.0,12289,3.2309,2.8402,-0.3907,-0.1209,1.5501,4.2215,1.3066,0.7424,0.8451,0.0106,0.8375,openrainer 2021-09-26 06
openrainer,pycomlink idw,gauges,2.0,12284,3.227,3.3746,0.1475,0.0457,1.5304,4.9689,1.5398,0.7031,0.9511,0.079,0.8794,openrainer 2021-09-26 06
openrainer,pycomlink line,gauges,2.0,12289,3.2309,3.0771,-0.1537,-0.0476,1.434,3.8533,1.1927,0.7687,0.9502,0.0782,0.8794,openrainer 2021-09-26 06
openrainer,pycomlink gmz,gauges,2.0,12289,3.2309,3.1073,-0.1236,-0.0382,1.597,4.5755,1.4162,0.712,0.94,0.0764,0.8721,openrainer 2021-09-26 06
openrainer,nearby idw,gauges,2.0,7641,3.0666,2.7303,-0.3363,-0.1097,1.484,3.9268,1.2805,0.7291,0.9114,0.0424,0.876,openrainer 2021-09-26 06
openrainer,nearby line,gauges,2.0,7916,3.1428,2.639,-0.5038,-0.1603,1.6363,4.3876,1.3961,0.6686,0.9151,0.0459,0.8765,openrainer 2021-09-26 06
openrainer,nearby gmz,gauges,2.0,7916,3.1428,2.6933,-0.4495,-0.143,1.7008,4.9913,1.5882,0.619,0.9097,0.0462,0.8713,openrainer 2021-09-26 06
openrainer,rnn idw,gauges,2.0,12290,3.2318,4.0024,0.7706,0.2385,1.7143,3.1821,0.9846,0.8396,0.956,0.1093,0.8557,openrainer 2021-09-26 06
openrainer,rnn line,gauges,2.0,12290,3.2318,4.0752,0.8434,0.261,1.7953,3.3003,1.0212,0.8295,0.9589,0.1078,0.8594,openrainer 2021-09-26 06
openrainer,rnn gmz,gauges,2.0,12290,3.2318,4.076,0.8443,0.2612,1.8019,3.3437,1.0346,0.827,0.9561,0.106,0.8588,openrainer 2021-09-26 06
openrainer,gauges,radar,,89963,2.4281,2.9232,0.4951,0.2039,1.4741,3.5789,1.474,0.7967,0.9128,0.0497,0.8712,openrainer 2021-09-26 06
openrainer,dynamic idw,radar,,51975,2.4356,4.466,2.0304,0.8337,2.717,8.1241,3.3356,0.5461,0.9304,0.1662,0.7848,openrainer 2021-09-26 06
openrainer,dynamic line,radar,,61234,2.421,3.8541,1.4332,0.592,2.2238,5.8531,2.4177,0.6128,0.9251,0.1763,0.7722,openrainer 2021-09-26 06
openrainer,dynamic gmz,radar,,61234,2.421,3.9578,1.5369,0.6348,2.4147,6.7705,2.7966,0.5641,0.9176,0.177,0.7664,openrainer 2021-09-26 06
openrainer,constant idw,radar,,51975,2.4356,2.742,0.3064,0.1258,1.8542,5.6408,2.316,0.5799,0.764,0.0167,0.7542,openrainer 2021-09-26 06
openrainer,constant line,radar,,61234,2.421,2.5179,0.0969,0.04,1.6637,4.3374,1.7916,0.6394,0.7739,0.0198,0.762,openrainer 2021-09-26 06
openrainer,constant gmz,radar,,61234,2.421,2.5757,0.1548,0.0639,1.7871,4.9882,2.0604,0.5983,0.7644,0.0193,0.753,openrainer 2021-09-26 06
openrainer,pycomlink idw,radar,,51975,2.4356,3.2532,0.8176,0.3357,1.9019,6.2212,2.5543,0.5698,0.919,0.0834,0.8481,openrainer 2021-09-26 06
openrainer,pycomlink line,radar,,61234,2.421,2.9041,0.4831,0.1995,1.665,4.6341,1.9141,0.6307,0.9178,0.0859,0.8449,openrainer 2021-09-26 06
openrainer,pycomlink gmz,radar,,61234,2.421,2.9664,0.5454,0.2253,1.8012,5.3399,2.2057,0.588,0.9082,0.0852,0.8373,openrainer 2021-09-26 06
openrainer,nearby idw,radar,,24992,2.4085,2.7749,0.3664,0.1521,1.7765,5.1921,2.1557,0.5358,0.8658,0.0593,0.821,openrainer 2021-09-26 06
openrainer,nearby line,radar,,29799,2.4492,2.7172,0.268,0.1094,1.8275,5.5513,2.2665,0.4791,0.8687,0.0707,0.8149,openrainer 2021-09-26 06
openrainer,nearby gmz,radar,,29799,2.4492,2.8272,0.378,0.1543,1.9607,6.6308,2.7073,0.4252,0.8608,0.0734,0.8059,openrainer 2021-09-26 06
openrainer,rnn idw,radar,,52114,2.4537,3.5588,1.1052,0.4504,1.7498,3.1948,1.302,0.7929,0.909,0.1173,0.811,openrainer 2021-09-26 06
openrainer,rnn line,radar,,61340,2.4312,3.6034,1.1722,0.4821,1.8099,3.2779,1.3483,0.782,0.9125,0.1195,0.812,openrainer 2021-09-26 06
openrainer,rnn gmz,radar,,61340,2.4312,3.5957,1.1645,0.479,1.8268,3.3345,1.3715,0.7793,0.9108,0.1185,0.8115,openrainer 2021-09-26 06
openrainer,dynamic idw,gauges,,50896,2.9531,4.4897,1.5367,0.5204,2.4439,7.5222,2.5472,0.5986,0.9464,0.1746,0.7885,openrainer 2021-09-26 06
openrainer,dynamic line,gauges,,59239,2.9198,3.8724,0.9526,0.3262,2.0579,5.4479,1.8658,0.6621,0.9408,0.1843,0.7759,openrainer 2021-09-26 06
openrainer,dynamic gmz,gauges,,59239,2.9198,3.9767,1.0569,0.362,2.2548,6.35,2.1748,0.6134,0.9346,0.1829,0.7728,openrainer 2021-09-26 06
openrainer,constant idw,gauges,,50896,2.9531,2.7745,-0.1786,-0.0605,1.6674,5.2594,1.781,0.6578,0.7982,0.0131,0.7899,openrainer 2021-09-26 06
openrainer,constant line,gauges,,59239,2.9198,2.5494,-0.3704,-0.1269,1.5845,4.2112,1.4423,0.7108,0.8109,0.0154,0.8007,openrainer 2021-09-26 06
openrainer,constant gmz,gauges,,59239,2.9198,2.6068,-0.313,-0.1072,1.6916,4.7892,1.6403,0.6681,0.8008,0.0145,0.7915,openrainer 2021-09-26 06
openrainer,pycomlink idw,gauges,,50896,2.9531,3.2694,0.3163,0.1071,1.7162,5.7375,1.9429,0.6407,0.9394,0.0931,0.8568,openrainer 2021-09-26 06
openrainer,pycomlink line,gauges,,59239,2.9198,2.9181,-0.0017,-0.0006,1.6037,4.4337,1.5185,0.6951,0.938,0.0962,0.8528,openrainer 2021-09-26 06
openrainer,pycomlink gmz,gauges,,59239,2.9198,2.9799,0.0601,0.0206,1.7221,5.0747,1.7381,0.6517,0.9294,0.0946,0.8472,openrainer 2021-09-26 06
openrainer,nearby idw,gauges,,24588,2.9086,2.7284,-0.1802,-0.062,1.6575,4.6869,1.6114,0.6536,0.8878,0.0488,0.8491,openrainer 2021-09-26 06
openrainer,nearby line,gauges,,29115,3.0139,2.6899,-0.324,-0.1075,1.9016,5.4466,1.8072,0.5659,0.8923,0.0552,0.8481,openrainer 2021-09-26 06
openrainer,nearby gmz,gauges,,29115,3.0139,2.7963,-0.2176,-0.0722,2.0089,6.4553,2.1418,0.5072,0.8841,0.058,0.8385,openrainer 2021-09-26 06
openrainer,rnn idw,gauges,,51030,2.9829,3.6246,0.6417,0.2151,1.7382,3.3241,1.1144,0.8093,0.9309,0.1251,0.8215,openrainer 2021-09-26 06
openrainer,rnn line,gauges,,59345,2.935,3.6663,0.7314,0.2492,1.8465,3.4817,1.1863,0.7889,0.936,0.1248,0.8258,openrainer 2021-09-26 06
openrainer,rnn gmz,gauges,,59345,2.935,3.6578,0.7229,0.2463,1.8486,3.5179,1.1986,0.7859,0.9343,0.1237,0.8254,openrainer 2021-09-26 06
openrainer,gauges,radar,2.0,17386,1.3578,0.8856,-0.4722,-0.3478,0.7734,1.5487,1.1406,0.7862,0.8265,0.137,0.7306,openrainer 2021-10-04 08
openrainer,dynamic idw,radar,2.0,17676,1.3538,1.4075,0.0537,0.0397,0.8444,1.6966,1.2532,0.7574,0.8707,0.263,0.6642,openrainer 2021-10-04 08
openrainer,dynamic line,radar,2.0,17676,1.3538,1.2748,-0.079,-0.0584,0.7986,1.5552,1.1487,0.7698,0.8728,0.2643,0.6645,openrainer 2021-10-04 08
openrainer,dynamic gmz,radar,2.0,17676,1.3538,1.2978,-0.056,-0.0414,0.8455,1.7024,1.2575,0.739,0.8525,0.2567,0.6586,openrainer 2021-10-04 08
openrainer,constant idw,radar,2.0,17676,1.3538,0.5852,-0.7687,-0.5678,0.9476,1.8751,1.385,0.6946,0.5711,0.076,0.5455,openrainer 2021-10-04 08
openrainer,constant line,radar,2.0,17676,1.3538,0.6134,-0.7405,-0.5469,0.9212,1.8046,1.3329,0.7275,0.5948,0.0735,0.568,openrainer 2021-10-04 08
openrainer,constant gmz,radar,2.0,17676,1.3538,0.6332,-0.7207,-0.5323,0.9295,1.8303,1.352,0.7031,0.5742,0.0687,0.5509,openrainer 2021-10-04 08
openrainer,pycomlink idw,radar,2.0,17676,1.3538,0.6673,-0.6866,-0.5071,0.8401,1.6844,1.2442,0.7736,0.6883,0.0643,0.6572,openrainer 2021-10-04 08
openrainer,pycomlink line,radar,2.0,17676,1.3538,0.6342,-0.7196,-0.5316,0.8616,1.7311,1.2786,0.7674,0.6833,0.0652,0.6522,openrainer 2021-10-04 08
openrainer,pycomlink gmz,radar,2.0,17676,1.3538,0.6438,-0.71,-0.5245,0.8662,1.7428,1.2873,0.7509,0.6631,0.0646,0.634,openrainer 2021-10-04 08
openrainer,nearby idw,radar,2.0,11952,1.5025,0.7275,-0.775,-0.5158,1.038,2.0389,1.357,0.6612,0.6169,0.0377,0.6023,openrainer 2021-10-04 08
openrainer,nearby line,radar,2.0,12384,1.4899,0.7011,-0.7888,-0.5294,1.0355,2.0117,1.3503,0.6691,0.6171,0.0437,0.6002,openrainer 2021-10-04 08
openrainer,nearby gmz,radar,2.0,12384,1.4899,0.6883,-0.8015,-0.538,1.0356,2.0189,1.355,0.668,0.6035,0.0426,0.5877,openrainer 2021-10-04 08
openrainer,rnn idw,radar,2.0,17676,1.3538,1.5834,0.2296,0.1696,0.8204,1.6029,1.1839,0.7984,0.8605,0.1948,0.7122,openrainer 2021-10-04 08
openrainer,rnn line,radar,2.0,17676,1.3538,1.6658,0.312,0.2305,0.8581,1.6849,1.2446,0.795,0.8641,0.1974,0.7126,openrainer 2021-10-04 08
openrainer,rnn gmz,radar,2.0,17676,1.3538,1.6802,0.3263,0.241,0.8815,1.7824,1.3166,0.7864,0.8521,0.1918,0.7088,openrainer 2021-10-04 08
openrainer,dynamic idw,gauges,2.0,17386,0.8856,1.4163,0.5307,0.5992,0.7222,1.6489,1.8619,0.7905,0.9123,0.2613,0.6897,openrainer 2021-10-04 08
openrainer,dynamic line,gauges,2.0,17386,0.8856,1.2815,0.3959,0.447,0.6205,1.3828,1.5614,0.7991,0.9113,0.2651,0.6858,openrainer 2021-10-04 08
openrainer,dynamic gmz,gauges,2.0,17386,0.8856,1.3052,0.4196,0.4738,0.6726,1.5542,1.755,0.7751,0.8836,0.2633,0.6715,openrainer 2021-10-04 08
openrainer,constant idw,gauges,2.0,17386,0.8856,0.5875,-0.2981,-0.3366,0.4988,1.0662,1.2039,0.8001,0.6065,0.0614,0.5834,openrainer 2021-10-04 08
openrainer,constant line,gauges,2.0,17386,0.8856,0.6162,-0.2694,-0.3042,0.4823,1.0232,1.1554,0.8146,0.6309,0.0605,0.6063,openrainer 2021-10-04 08
openrainer,constant gmz,gauges,2.0,17386,0.8856,0.6361,-0.2495,-0.2817,0.5015,1.0905,1.2314,0.7921,0.6071,0.06,0.5844,openrainer 2021-10-04 08
openrainer,pycomlink idw,gauges,2.0,17386,0.8856,0.6693,-0.2163,-0.2443,0.4299,0.9622,1.0864,0.8348,0.7103,0.0751,0.6716,openrainer 2021-10-04 08
openrainer,pycomlink line,gauges,2.0,17386,0.8856,0.6357,-0.2499,-0.2822,0.4436,0.9971,1.1259,0.823,0.7057,0.0752,0.6674,openrainer 2021-10-04 08
openrainer,pycomlink gmz,gauges,2.0,17386,0.8856,0.6456,-0.24,-0.271,0.4535,1.0301,1.1632,0.8094,0.6859,0.074,0.6502,openrainer 2021-10-04 08
openrainer,nearby idw,gauges,2.0,11932,1.0032,0.7281,-0.2751,-0.2742,0.5747,1.3109,1.3068,0.7469,0.6306,0.0354,0.6163,openrainer 2021-10-04 08
openrainer,nearby line,gauges,2.0,12346,1.005,0.7021,-0.3029,-0.3014,0.5775,1.273,1.2667,0.7493,0.6296,0.0378,0.6144,openrainer 2021-10-04 08
openrainer,nearby gmz,gauges,2.0,12346,1.005,0.6893,-0.3157,-0.3141,0.5757,1.2813,1.275,0.7488,0.6161,0.0363,0.6021,openrainer 2021-10-04 08
openrainer,rnn idw,gauges,2.0,17386,0.8856,1.5975,0.7119,0.8038,0.8389,1.631,1.8416,0.8479,0.912,0.1883,0.7528,openrainer 2021-10-04 08
openrainer,rnn line,gauges,2.0,17386,0.8856,1.6813,0.7957,0.8985,0.9125,1.7802,2.0101,0.8381,0.9146,0.1922,0.7512,openrainer 2021-10-04 08
openrainer,rnn gmz,gauges,2.0,17386,0.8856,1.6956,0.81,0.9146,0.9288,1.8886,2.1325,0.8333,0.9059,0.1821,0.7539,openrainer 2021-10-04 08
openrainer,gauges,radar,,128016,1.2004,0.748,-0.4524,-0.3769,0.7369,1.5828,1.3185,0.7548,0.7964,0.1207,0.7179,openrainer 2021-10-04 08
openrainer,dynamic idw,radar,,74280,1.2389,1.4764,0.2375,0.1917,0.9929,2.0932,1.6895,0.6864,0.851,0.3057,0.6191,openrainer 2021-10-04 08
openrainer,dynamic line,radar,,86977,1.24,1.2698,0.0298,0.024,0.8977,1.7893,1.443,0.6977,0.8524,0.3221,0.6067,openrainer 2021-10-04 08
openrainer,dynamic gmz,radar,,86977,1.24,1.3181,0.078,0.0629,0.9537,1.9468,1.57,0.6725,0.8353,0.3157,0.603,openrainer 2021-10-04 08
openrainer,constant idw,radar,,74280,1.2389,0.5135,-0.7254,-0.5855,0.9397,1.967,1.5877,0.6161,0.5188,0.0774,0.4971,openrainer 2021-10-04 08
openrainer,constant line,radar,,86977,1.24,0.5354,-0.7046,-0.5682,0.9121,1.8923,1.526,0.66,0.5481,0.0823,0.5224,openrainer 2021-10-04 08
openrainer,constant gmz,radar,,86977,1.24,0.5629,-0.6772,-0.5461,0.923,1.9216,1.5496,0.6345,0.5289,0.0763,0.5068,openrainer 2021-10-04 08
openrainer,pycomlink idw,radar,,74280,1.2389,0.6373,-0.6016,-0.4856,0.8222,1.739,1.4037,0.7143,0.6648,0.0906,0.6235,openrainer 2021-10-04 08
openrainer,pycomlink line,radar,,86977,1.24,0.5861,-0.654,-0.5274,0.8439,1.7942,1.4469,0.7073,0.6645,0.0939,0.6217,openrainer 2021-10-04 08
openrainer,pycomlink gmz,radar,,86977,1.24,0.5982,-0.6419,-0.5176,0.8474,1.8015,1.4527,0.6953,0.6467,0.0935,0.6063,openrainer 2021-10-04 08
openrainer,nearby idw,radar,,36968,1.4473,0.7695,-0.6778,-0.4683,1.051,2.1305,1.4721,0.6224,0.6232,0.0506,0.6032,openrainer 2021-10-04 08
openrainer,nearby line,radar,,44947,1.4493,0.7224,-0.7269,-0.5016,1.0547,2.1208,1.4633,0.6279,0.6161,0.0578,0.5937,openrainer 2021-10-04 08
openrainer,nearby gmz,radar,,44947,1.4493,0.7166,-0.7327,-0.5056,1.0544,2.1316,1.4708,0.6247,0.6054,0.0564,0.5843,openrainer 2021-10-04 08
openrainer,rnn idw,radar,,74286,1.2388,1.3497,0.1109,0.0895,0.8267,1.6971,1.37,0.745,0.8168,0.1916,0.6843,openrainer 2021-10-04 08
openrainer,rnn line,radar,,86994,1.2398,1.3866,0.1468,0.1184,0.8604,1.7529,1.4139,0.7374,0.8054,0.1947,0.6742,openrainer 2021-10-04 08
openrainer,rnn gmz,radar,,86994,1.2398,1.3947,0.1549,0.1249,0.8705,1.8099,1.4598,0.7328,0.7988,0.1924,0.6711,openrainer 2021-10-04 08
openrainer,dynamic idw,gauges,,71439,0.7981,1.4841,0.686,0.8596,0.9135,2.1367,2.6772,0.7045,0.8962,0.318,0.6321,openrainer 2021-10-04 08
openrainer,dynamic line,gauges,,82768,0.7922,1.277,0.4848,0.612,0.7545,1.6771,2.117,0.7122,0.8978,0.3372,0.6163,openrainer 2021-10-04 08
openrainer,dynamic gmz,gauges,,82768,0.7922,1.3259,0.5337,0.6737,0.8133,1.8591,2.3468,0.6969,0.8774,0.3331,0.61,openrainer 2021-10-04 08
openrainer,constant idw,gauges,,71439,0.7981,0.5188,-0.2793,-0.3499,0.5299,1.2666,1.587,0.7041,0.5671,0.07,0.5439,openrainer 2021-10-04 08
openrainer,constant line,gauges,,82768,0.7922,0.541,-0.2512,-0.3171,0.5058,1.2011,1.5162,0.7284,0.6041,0.076,0.5755,openrainer 2021-10-04 08
openrainer,constant gmz,gauges,,82768,0.7922,0.5685,-0.2237,-0.2824,0.5262,1.2712,1.6047,0.704,0.5821,0.072,0.5569,openrainer 2021-10-04 08
openrainer,pycomlink idw,gauges,,71439,0.7981,0.6408,-0.1573,-0.1971,0.4565,1.1434,1.4326,0.7591,0.7062,0.1041,0.6526,openrainer 2021-10-04 08
openrainer,pycomlink line,gauges,,82768,0.7922,0.5881,-0.204,-0.2576,0.4669,1.1639,1.4692,0.7422,0.7109,0.1086,0.6542,openrainer 2021-10-04 08
openrainer,pycomlink gmz,gauges,,82768,0.7922,0.6,-0.1922,-0.2426,0.471,1.1828,1.4931,0.7356,0.6932,0.1065,0.6403,openrainer 2021-10-04 08
openrainer,nearby idw,gauges,,36359,0.9683,0.7655,-0.2028,-0.2094,0.6327,1.5387,1.5891,0.6854,0.6492,0.046,0.6295,openrainer 2021-10-04 08
openrainer,nearby line,gauges,,43886,0.9718,0.7176,-0.2542,-0.2616,0.6363,1.4763,1.5191,0.6837,0.6429,0.0491,0.6222,openrainer 2021-10-04 08
openrainer,nearby gmz,gauges,,43886,0.9718,0.7093,-0.2625,-0.2701,0.6338,1.4954,1.5387,0.68,0.6311,0.0479,0.6117,openrainer 2021-10-04 08
openrainer,rnn idw,gauges,,71445,0.798,1.3711,0.5731,0.7181,0.777,1.6367,2.0509,0.7786,0.8813,0.1993,0.7228,openrainer 2021-10-04 08
openrainer,rnn line,gauges,,82783,0.7921,1.4111,0.6191,0.7816,0.8276,1.7259,2.1791,0.7652,0.8747,0.2052,0.7136,openrainer 2021-10-04 08
openrainer,rnn gmz,gauges,,82783,0.7921,1.4181,0.6261,0.7904,0.8344,1.7915,2.2618,0.7645,0.8712,0.1986,0.7165,openrainer 2021-10-04 08
openrainer,gauges,radar,2.0,59640,0.8104,0.6639,-0.1465,-0.1807,0.5289,1.3349,1.6473,0.7082,0.7761,0.154,0.68,openrainer 2021-10-05 19
openrainer,dynamic idw,radar,2.0,60334,0.8055,1.0444,0.2388,0.2965,0.8115,1.8779,2.3313,0.593,0.8132,0.3243,0.585,openrainer 2021-10-05 19
openrainer,dynamic line,radar,2.0,60385,0.8051,0.913,0.1079,0.1341,0.7193,1.5998,1.9871,0.6372,0.8132,0.313,0.5934,openrainer 2021-10-05 19
openrainer,dynamic gmz,radar,2.0,60385,0.8051,0.9339,0.1288,0.1599,0.7521,1.7043,2.1169,0.6131,0.797,0.316,0.5825,openrainer 2021-10-05 19
openrainer,constant idw,radar,2.0,60334,0.8055,0.3942,-0.4114,-0.5107,0.652,1.5803,1.9618,0.5881,0.429,0.1455,0.3998,openrainer 2021-10-05 19
openrainer,constant line,radar,2.0,60385,0.8051,0.4175,-0.3876,-0.4814,0.6342,1.4873,1.8474,0.6385,0.4557,0.1431,0.4235,openrainer 2021-10-05 19
openrainer,constant gmz,radar,2.0,60385,0.8051,0.4372,-0.3679,-0.4569,0.6517,1.5317,1.9026,0.6152,0.4462,0.1461,0.4146,openrainer 2021-10-05 19
openrainer,pycomlink idw,radar,2.0,60334,0.8055,0.3076,-0.498,-0.6182,0.6755,1.7448,2.166,0.506,0.3113,0.1399,0.2963,openrainer 2021-10-05 19
openrainer,pycomlink line,radar,2.0,60385,0.8051,0.2705,-0.5346,-0.664,0.6508,1.562,1.9401,0.6155,0.3042,0.1287,0.2911,openrainer 2021-10-05 19
openrainer,pycomlink gmz,radar,2.0,60385,0.8051,0.285,-0.52,-0.6459,0.6568,1.5818,1.9648,0.5988,0.3054,0.1341,0.2916,openrainer 2021-10-05 19
openrainer,nearby idw,radar,2.0,39516,0.8366,0.4584,-0.3782,-0.4521,0.6336,1.4553,1.7395,0.6343,0.4581,0.0749,0.4417,openrainer 2021-10-05 19
openrainer,nearby line,radar,2.0,41994,0.8146,0.4414,-0.3732,-0.4581,0.6189,1.4539,1.7848,0.6238,0.4623,0.0816,0.4441,openrainer 2021-10-05 19
openrainer,nearby gmz,radar,2.0,41994,0.8146,0.4463,-0.3683,-0.4522,0.6303,1.4822,1.8195,0.6094,0.4534,0.0806,0.436,openrainer 2021-10-05 19
openrainer,rnn idw,radar,2.0,60600,0.8032,0.8055,0.0023,0.0028,0.6472,1.4303,1.7807,0.6871,0.724,0.2156,0.6039,openrainer 2021-10-05 19
openrainer,rnn line,radar,2.0,60600,0.8032,0.8163,0.0131,0.0163,0.6523,1.4408,1.7937,0.6855,0.7241,0.2185,0.6022,openrainer 2021-10-05 19
openrainer,rnn gmz,radar,2.0,60600,0.8032,0.8201,0.0169,0.021,0.6569,1.4506,1.806,0.6855,0.7165,0.2158,0.5985,openrainer 2021-10-05 19
openrainer,dynamic idw,gauges,2.0,59374,0.6657,1.0559,0.3902,0.5862,0.7031,1.7193,2.5829,0.6577,0.8753,0.3314,0.6105,openrainer 2021-10-05 19
openrainer,dynamic line,gauges,2.0,59425,0.6654,0.9224,0.257,0.3862,0.5987,1.408,2.1159,0.6901,0.8759,0.3197,0.6205,openrainer 2021-10-05 19
openrainer,dynamic gmz,gauges,2.0,59425,0.6654,0.9437,0.2783,0.4182,0.641,1.5417,2.317,0.6593,0.8546,0.3253,0.6052,openrainer 2021-10-05 19
openrainer,constant idw,gauges,2.0,59374,0.6657,0.3989,-0.2667,-0.4007,0.4429,1.123,1.687,0.7086,0.5061,0.0792,0.485,openrainer 2021-10-05 19
openrainer,constant line,gauges,2.0,59425,0.6654,0.4226,-0.2428,-0.3649,0.4169,1.0117,1.5204,0.7594,0.5391,0.0742,0.5168,openrainer 2021-10-05 19
openrainer,constant gmz,gauges,2.0,59425,0.6654,0.4427,-0.2227,-0.3347,0.4417,1.0822,1.6263,0.7318,0.5266,0.0801,0.5035,openrainer 2021-10-05 19
openrainer,pycomlink idw,gauges,2.0,59374,0.6657,0.3115,-0.3541,-0.532,0.5204,1.4149,2.1255,0.5569,0.3509,0.1149,0.3356,openrainer 2021-10-05 19
openrainer,pycomlink line,gauges,2.0,59425,0.6654,0.2738,-0.3916,-0.5885,0.5006,1.206,1.8124,0.6523,0.3396,0.1118,0.3256,openrainer 2021-10-05 19
openrainer,pycomlink gmz,gauges,2.0,59425,0.6654,0.2888,-0.3766,-0.566,0.5078,1.2427,1.8675,0.6332,0.3431,0.1124,0.3288,openrainer 2021-10-05 19
openrainer,nearby idw,gauges,2.0,39456,0.6921,0.4588,-0.2333,-0.3371,0.3732,0.8841,1.2773,0.8361,0.5171,0.0324,0.5083,openrainer 2021-10-05 19
openrainer,nearby line,gauges,2.0,41874,0.6808,0.4422,-0.2386,-0.3504,0.3665,0.8704,1.2785,0.837,0.5169,0.0357,0.5072,openrainer 2021-10-05 19
openrainer,nearby gmz,gauges,2.0,41874,0.6808,0.4471,-0.2337,-0.3433,0.3787,0.9074,1.333,0.8207,0.507,0.0343,0.498,openrainer 2021-10-05 19
openrainer,rnn idw,gauges,2.0,59640,0.6639,0.8155,0.1515,0.2283,0.4833,1.0815,1.6289,0.7944,0.8136,0.1952,0.6795,openrainer 2021-10-05 19
openrainer,rnn line,gauges,2.0,59640,0.6639,0.8264,0.1625,0.2448,0.4842,1.0797,1.6262,0.8003,0.8146,0.1972,0.6788,openrainer 2021-10-05 19
openrainer,rnn gmz,gauges,2.0,59640,0.6639,0.8307,0.1668,0.2512,0.4933,1.1077,1.6684,0.7955,0.8048,0.1958,0.673,openrainer 2021-10-05 19
openrainer,gauges,radar,,426397,0.7107,0.5388,-0.1719,-0.2419,0.4724,1.23,1.7307,0.7029,0.7081,0.1722,0.6172,openrainer 2021-10-05 19
openrainer,dynamic idw,radar,,248824,0.7787,1.1566,0.3779,0.4852,0.9189,2.1875,2.8091,0.5495,0.7838,0.3514,0.5502,openrainer 2021-10-05 19
openrainer,dynamic line,radar,,290401,0.7577,1.0002,0.2425,0.3201,0.796,1.8298,2.415,0.576,0.7947,0.3676,0.5436,openrainer 2021-10-05 19
openrainer,dynamic gmz,radar,,290401,0.7577,1.0254,0.2677,0.3534,0.834,1.9522,2.5766,0.5525,0.7798,0.368,0.5363,openrainer 2021-10-05 19
openrainer,constant idw,radar,,248824,0.7787,0.3815,-0.3972,-0.51,0.6526,1.5795,2.0283,0.558,0.3903,0.1501,0.3652,openrainer 2021-10-05 19
openrainer,constant line,radar,,290401,0.7577,0.4101,-0.3476,-0.4587,0.6227,1.4936,1.9713,0.5877,0.4296,0.1621,0.3966,openrainer 2021-10-05 19
openrainer,constant gmz,radar,,290401,0.7577,0.4276,-0.3301,-0.4357,0.6395,1.5361,2.0274,0.5695,0.4197,0.1633,0.3879,openrainer 2021-10-05 19
openrainer,pycomlink idw,radar,,248824,0.7787,0.3233,-0.4555,-0.5849,0.6628,1.6943,2.1757,0.5033,0.3073,0.1295,0.2939,openrainer 2021-10-05 19
openrainer,pycomlink line,radar,,290401,0.7577,0.2851,-0.4726,-0.6237,0.6227,1.5414,2.0344,0.5657,0.3145,0.1308,0.3003,openrainer 2021-10-05 19
openrainer,pycomlink gmz,radar,,290401,0.7577,0.296,-0.4616,-0.6093,0.6291,1.5573,2.0553,0.5563,0.3125,0.134,0.2981,openrainer 2021-10-05 19
openrainer,nearby idw,radar,,122274,0.8293,0.4842,-0.3451,-0.4161,0.6393,1.4908,1.7977,0.6301,0.4554,0.0916,0.4354,openrainer 2021-10-05 19
openrainer,nearby line,radar,,148670,0.7988,0.471,-0.3278,-0.4104,0.6225,1.4841,1.8578,0.6104,0.4642,0.1059,0.44,openrainer 2021-10-05 19
openrainer,nearby gmz,radar,,148670,0.7988,0.47,-0.3288,-0.4117,0.6302,1.4993,1.8769,0.6045,0.4551,0.1035,0.4324,openrainer 2021-10-05 19
openrainer,rnn idw,radar,,249720,0.777,0.7748,-0.0021,-0.0028,0.6478,1.4716,1.894,0.6614,0.6859,0.2312,0.5686,openrainer 2021-10-05 19
openrainer,rnn line,radar,,291300,0.7562,0.7651,0.0088,0.0117,0.6483,1.4895,1.9696,0.6453,0.681,0.2446,0.5579,openrainer 2021-10-05 19
openrainer,rnn gmz,radar,,291300,0.7562,0.7667,0.0105,0.0138,0.6522,1.4989,1.9821,0.6446,0.6752,0.242,0.5555,openrainer 2021-10-05 19
openrainer,dynamic idw,gauges,,239460,0.6414,1.1488,0.5074,0.7912,0.8272,2.0564,3.2062,0.5984,0.8591,0.3603,0.579,openrainer 2021-10-05 19
openrainer,dynamic line,gauges,,275987,0.6187,0.9913,0.3726,0.6022,0.6996,1.6836,2.7212,0.6216,0.8694,0.3812,0.5662,openrainer 2021-10-05 19
openrainer,dynamic gmz,gauges,,275987,0.6187,1.0181,0.3994,0.6456,0.7416,1.8203,2.942,0.5936,0.8507,0.3839,0.556,openrainer 2021-10-05 19
openrainer,constant idw,gauges,,239460,0.6414,0.3829,-0.2584,-0.4029,0.4658,1.1821,1.8431,0.6787,0.4684,0.0921,0.4471,openrainer 2021-10-05 19
openrainer,constant line,gauges,,275987,0.6187,0.4069,-0.2118,-0.3423,0.4278,1.0795,1.7447,0.7166,0.5211,0.1012,0.4922,openrainer 2021-10-05 19
openrainer,constant gmz,gauges,,275987,0.6187,0.4248,-0.1939,-0.3134,0.4487,1.1424,1.8465,0.6915,0.5095,0.1023,0.4815,openrainer 2021-10-05 19
openrainer,pycomlink idw,gauges,,239460,0.6414,0.3263,-0.315,-0.4912,0.5182,1.4057,2.1917,0.5632,0.3501,0.1166,0.3346,openrainer 2021-10-05 19
openrainer,pycomlink line,gauges,,275987,0.6187,0.2858,-0.3329,-0.538,0.4816,1.2276,1.9842,0.6257,0.3575,0.1252,0.3401,openrainer 2021-10-05 19
openrainer,pycomlink gmz,gauges,,275987,0.6187,0.2981,-0.3206,-0.5182,0.4885,1.2543,2.0273,0.6132,0.3584,0.1217,0.3415,openrainer 2021-10-05 19
openrainer,nearby idw,gauges,,120730,0.7061,0.4759,-0.2302,-0.326,0.4105,1.0202,1.4449,0.8077,0.5097,0.0573,0.4944,openrainer 2021-10-05 19
openrainer,nearby line,gauges,,145857,0.6795,0.4559,-0.2236,-0.3291,0.3975,0.9963,1.4663,0.8036,0.5162,0.0627,0.499,openrainer 2021-10-05 19
openrainer,nearby gmz,gauges,,145857,0.6795,0.4544,-0.2251,-0.3312,0.4038,1.0137,1.4919,0.7966,0.5047,0.0628,0.4882,openrainer 2021-10-05 19
openrainer,rnn idw,gauges,,240346,0.64,0.7793,0.1393,0.2176,0.4999,1.1728,1.8325,0.7615,0.7875,0.2151,0.6477,openrainer 2021-10-05 19
openrainer,rnn line,gauges,,276873,0.6175,0.7676,0.15,0.2429,0.4963,1.1743,1.9016,0.756,0.7888,0.2275,0.6401,openrainer 2021-10-05 19
openrainer,rnn gmz,gauges,,276873,0.6175,0.7697,0.1521,0.2463,0.5018,1.1905,1.9278,0.7536,0.7813,0.2263,0.636,openrainer 2021-10-05 19
openrainer,gauges,radar,2.0,15476,0.9069,1.5183,0.6113,0.674,0.7356,1.6006,1.7648,0.8479,0.9533,0.4513,0.5343,openrainer 2021-11-01 03
openrainer,dynamic idw,radar,2.0,15748,0.9155,1.5774,0.6619,0.723,0.8839,2.2504,2.458,0.766,0.9207,0.393,0.5768,openrainer 2021-11-01 03
openrainer,dynamic line,radar,2.0,15748,0.9155,1.4618,0.5463,0.5967,0.7857,1.9969,2.1812,0.7762,0.9212,0.3978,0.5727,openrainer 2021-11-01 03
openrainer,dynamic gmz,radar,2.0,15748,0.9155,1.4641,0.5486,0.5992,0.8194,2.0671,2.2579,0.7662,0.9052,0.3945,0.5694,openrainer 2021-11-01 03
openrainer,constant idw,radar,2.0,15748,0.9155,0.6027,-0.3128,-0.3417,0.543,1.3511,1.4758,0.7415,0.5073,0.0352,0.4981,openrainer 2021-11-01 03
openrainer,constant line,radar,2.0,15748,0.9155,0.636,-0.2796,-0.3054,0.5167,1.268,1.385,0.7728,0.5177,0.0458,0.5051,openrainer 2021-11-01 03
openrainer,constant gmz,radar,2.0,15748,0.9155,0.6379,-0.2776,-0.3032,0.5334,1.318,1.4396,0.7599,0.5124,0.0445,0.5004,openrainer 2021-11-01 03
openrainer,pycomlink idw,radar,2.0,15748,0.9155,0.9757,0.0602,0.0657,0.5599,1.4502,1.584,0.7727,0.821,0.2379,0.6536,openrainer 2021-11-01 03
openrainer,pycomlink line,radar,2.0,15748,0.9155,0.946,0.0305,0.0333,0.5306,1.3414,1.4652,0.7893,0.8083,0.2359,0.6469,openrainer 2021-11-01 03
openrainer,pycomlink gmz,radar,2.0,15748,0.9155,0.9493,0.0338,0.0369,0.5532,1.3942,1.5228,0.7797,0.8013,0.2405,0.6391,openrainer 2021-11-01 03
openrainer,nearby idw,radar,2.0,11767,0.7741,0.8763,0.1022,0.132,0.4769,1.2317,1.5911,0.8364,0.6829,0.0612,0.6538,openrainer 2021-11-01 03
openrainer,nearby line,radar,2.0,12251,0.8029,0.8613,0.0584,0.0727,0.4572,1.1681,1.4548,0.8364,0.6832,0.0608,0.6543,openrainer 2021-11-01 03
openrainer,nearby gmz,radar,2.0,12251,0.8029,0.8414,0.0384,0.0479,0.4763,1.2205,1.5201,0.819,0.6823,0.0562,0.6557,openrainer 2021-11-01 03
openrainer,rnn idw,radar,2.0,15748,0.9155,1.6825,0.767,0.8377,0.8761,1.7979,1.9638,0.8686,0.9392,0.4309,0.5489,openrainer 2021-11-01 03
openrainer,rnn line,radar,2.0,15748,0.9155,1.7328,0.8173,0.8927,0.9167,1.8705,2.0431,0.8686,0.9444,0.4344,0.5474,openrainer 2021-11-01 03
openrainer,rnn gmz,radar,2.0,15748,0.9155,1.7397,0.8242,0.9002,0.9332,1.9317,2.11,0.8609,0.9341,0.4286,0.5493,openrainer 2021-11-01 03
openrainer,dynamic idw,gauges,2.0,16728,1.4412,1.5358,0.0946,0.0657,0.7108,1.7051,1.1832,0.842,0.7705,0.1254,0.6939,openrainer 2021-11-01 03
openrainer,dynamic line,gauges,2.0,16728,1.4412,1.4223,-0.0188,-0.013,0.6661,1.5823,1.0979,0.841,0.7755,0.1306,0.6946,openrainer 2021-11-01 03
openrainer,dynamic gmz,gauges,2.0,16728,1.4412,1.4254,-0.0158,-0.0109,0.707,1.6586,1.1509,0.8303,0.7574,0.1308,0.6799,openrainer 2021-11-01 03
openrainer,constant idw,gauges,2.0,16728,1.4412,0.5601,-0.881,-0.6113,0.9236,1.8063,1.2534,0.8096,0.3025,0.0012,0.3024,openrainer 2021-11-01 03
openrainer,constant line,gauges,2.0,16728,1.4412,0.5939,-0.8473,-0.5879,0.8891,1.7377,1.2057,0.8288,0.3161,0.0009,0.316,openrainer 2021-11-01 03
openrainer,constant gmz,gauges,2.0,16728,1.4412,0.5965,-0.8447,-0.5861,0.8995,1.7641,1.2241,0.8138,0.3112,0.0009,0.3111,openrainer 2021-11-01 03
openrainer,pycomlink idw,gauges,2.0,16728,1.4412,0.944,-0.4972,-0.345,0.6796,1.3399,0.9298,0.8787,0.595,0.0504,0.5768,openrainer 2021-11-01 03
openrainer,pycomlink line,gauges,2.0,16728,1.4412,0.9161,-0.525,-0.3643,0.6826,1.3287,0.922,0.8861,0.5866,0.0492,0.5693,openrainer 2021-11-01 03
openrainer,pycomlink gmz,gauges,2.0,16728,1.4412,0.9202,-0.521,-0.3615,0.6957,1.3606,0.9441,0.8769,0.5815,0.0543,0.5627,openrainer 2021-11-01 03
openrainer,nearby idw,gauges,2.0,11750,1.4909,0.876,-0.6149,-0.4125,0.7085,1.3263,0.8896,0.9078,0.3921,0.0116,0.3903,openrainer 2021-11-01 03
openrainer,nearby line,gauges,2.0,12217,1.5102,0.8607,-0.6496,-0.4301,0.7339,1.3809,0.9144,0.9052,0.398,0.0075,0.3968,openrainer 2021-11-01 03
openrainer,nearby gmz,gauges,2.0,12217,1.5102,0.8407,-0.6696,-0.4433,0.7494,1.4237,0.9427,0.8971,0.3948,0.0092,0.3934,openrainer 2021-11-01 03
openrainer,rnn idw,gauges,2.0,16728,1.4412,1.6163,0.1751,0.1215,0.5642,1.0344,0.7177,0.9365,0.84,0.1204,0.7533,openrainer 2021-11-01 03
openrainer,rnn line,gauges,2.0,16728,1.4412,1.6666,0.2254,0.1564,0.5919,1.0904,0.7566,0.9345,0.8476,0.1221,0.7582,openrainer 2021-11-01 03
openrainer,rnn gmz,gauges,2.0,16728,1.4412,1.6733,0.2321,0.1611,0.6095,1.1391,0.7904,0.931,0.8338,0.1175,0.7505,openrainer 2021-11-01 03
openrainer,gauges,radar,,103247,1.0135,1.5498,0.5363,0.5291,0.7353,1.7181,1.6952,0.8199,0.9201,0.3774,0.5907,openrainer 2021-11-01 03
openrainer,dynamic idw,radar,,60779,0.9807,1.756,0.7753,0.7906,1.0481,2.6074,2.6587,0.7347,0.9082,0.3773,0.5858,openrainer 2021-11-01 03
openrainer,dynamic line,radar,,70607,0.9887,1.594,0.6053,0.6122,0.8978,2.2123,2.2375,0.7499,0.9063,0.3809,0.5819,openrainer 2021-11-01 03
openrainer,dynamic gmz,radar,,70607,0.9887,1.5948,0.606,0.6129,0.9327,2.2745,2.3004,0.7408,0.8919,0.3769,0.5794,openrainer 2021-11-01 03
openrainer,constant idw,radar,,60779,0.9807,0.5634,-0.4173,-0.4255,0.6158,1.4693,1.4982,0.7074,0.4647,0.038,0.4563,openrainer 2021-11-01 03
openrainer,constant line,radar,,70607,0.9887,0.6083,-0.3804,-0.3847,0.5777,1.3489,1.3643,0.7539,0.4861,0.0462,0.4749,openrainer 2021-11-01 03
openrainer,constant gmz,radar,,70607,0.9887,0.6074,-0.3814,-0.3857,0.5931,1.396,1.4119,0.7375,0.4809,0.0433,0.4707,openrainer 2021-11-01 03
openrainer,pycomlink idw,radar,,60779,0.9807,0.9916,0.0109,0.0111,0.6204,1.5321,1.5622,0.7531,0.7911,0.2372,0.6349,openrainer 2021-11-01 03
openrainer,pycomlink line,radar,,70607,0.9887,0.9479,-0.0408,-0.0413,0.5741,1.3753,1.391,0.7762,0.7744,0.2335,0.6266,openrainer 2021-11-01 03
openrainer,pycomlink gmz,radar,,70607,0.9887,0.9475,-0.0413,-0.0417,0.595,1.4134,1.4295,0.7676,0.7685,0.2369,0.6205,openrainer 2021-11-01 03
openrainer,nearby idw,radar,,35774,0.7896,0.8861,0.0965,0.1222,0.5279,1.3019,1.6487,0.8079,0.6674,0.097,0.6227,openrainer 2021-11-01 03
openrainer,nearby line,radar,,42724,0.8462,0.8912,0.045,0.0531,0.5201,1.2707,1.5017,0.8085,0.6623,0.0863,0.6233,openrainer 2021-11-01 03
openrainer,nearby gmz,radar,,42724,0.8462,0.8737,0.0275,0.0325,0.5415,1.3204,1.5604,0.792,0.6606,0.0866,0.6217,openrainer 2021-11-01 03
openrainer,rnn idw,radar,,60779,0.9807,1.65,0.6693,0.6825,0.869,1.7147,1.7484,0.8453,0.8976,0.4198,0.5442,openrainer 2021-11-01 03
openrainer,rnn line,radar,,70607,0.9887,1.6873,0.6986,0.7065,0.8896,1.7542,1.7742,0.8475,0.9006,0.415,0.5495,openrainer 2021-11-01 03
openrainer,rnn gmz,radar,,70607,0.9887,1.6893,0.7006,0.7085,0.9016,1.8003,1.8208,0.8397,0.8908,0.4109,0.5494,openrainer 2021-11-01 03
openrainer,dynamic idw,gauges,,66602,1.3777,1.6748,0.2972,0.2157,0.9266,2.2578,1.6388,0.7595,0.7787,0.1467,0.6868,openrainer 2021-11-01 03
openrainer,dynamic line,gauges,,76590,1.3766,1.5206,0.1441,0.1047,0.838,1.9881,1.4442,0.7629,0.7955,0.1609,0.6902,openrainer 2021-11-01 03
openrainer,dynamic gmz,gauges,,76590,1.3766,1.5255,0.149,0.1082,0.8687,2.0334,1.4772,0.7586,0.7807,0.1587,0.6805,openrainer 2021-11-01 03
openrainer,constant idw,gauges,,66602,1.3777,0.5058,-0.8719,-0.6329,0.9396,1.9077,1.3847,0.7473,0.2963,0.006,0.2957,openrainer 2021-11-01 03
openrainer,constant line,gauges,,76590,1.3766,0.5504,-0.8261,-0.6001,0.8916,1.8243,1.3253,0.7746,0.3265,0.0089,0.3255,openrainer 2021-11-01 03
openrainer,constant gmz,gauges,,76590,1.3766,0.5506,-0.826,-0.6001,0.9029,1.8449,1.3402,0.7628,0.3207,0.0077,0.3199,openrainer 2021-11-01 03
openrainer,pycomlink idw,gauges,,66602,1.3777,0.9417,-0.436,-0.3164,0.7286,1.515,1.0997,0.8205,0.6044,0.0708,0.5778,openrainer 2021-11-01 03
openrainer,pycomlink line,gauges,,76590,1.3766,0.9003,-0.4763,-0.346,0.7143,1.4671,1.0657,0.8344,0.6095,0.0664,0.5842,openrainer 2021-11-01 03
openrainer,pycomlink gmz,gauges,,76590,1.3766,0.9022,-0.4743,-0.3446,0.7215,1.4752,1.0716,0.8319,0.6047,0.071,0.578,openrainer 2021-11-01 03
openrainer,nearby idw,gauges,,35368,1.4394,0.8817,-0.5576,-0.3874,0.7387,1.4112,0.9804,0.8735,0.4043,0.0226,0.4005,openrainer 2021-11-01 03
openrainer,nearby line,gauges,,42321,1.4889,0.8855,-0.6034,-0.4053,0.7738,1.4999,1.0074,0.8646,0.4114,0.0186,0.4083,openrainer 2021-11-01 03
openrainer,nearby gmz,gauges,,42321,1.4889,0.8678,-0.6211,-0.4171,0.7867,1.5272,1.0258,0.8593,0.4101,0.021,0.4065,openrainer 2021-11-01 03
openrainer,rnn idw,gauges,,66602,1.3777,1.5539,0.1762,0.1279,0.6584,1.2063,0.8756,0.9005,0.8237,0.15,0.7192,openrainer 2021-11-01 03
openrainer,rnn line,gauges,,76590,1.3766,1.5902,0.2137,0.1552,0.6878,1.2685,0.9215,0.8937,0.8357,0.1564,0.7236,openrainer 2021-11-01 03
openrainer,rnn gmz,gauges,,76590,1.3766,1.5926,0.216,0.1569,0.6942,1.29,0.9371,0.8922,0.8241,0.1524,0.7178,openrainer 2021-11-01 03
openrainer,gauges,radar,2.0,34930,0.8711,0.6784,-0.1927,-0.2213,0.4524,1.0648,1.2223,0.8112,0.8757,0.1637,0.7476,openrainer 2021-11-03 02
openrainer,dynamic idw,radar,2.0,35482,0.8719,1.0279,0.1561,0.179,0.698,2.756,3.1611,0.452,0.8853,0.3149,0.6293,openrainer 2021-11-03 02
openrainer,dynamic line,radar,2.0,35488,0.8717,0.8986,0.0269,0.0309,0.6125,1.6395,1.8807,0.6265,0.8907,0.3186,0.6288,openrainer 2021-11-03 02
openrainer,dynamic gmz,radar,2.0,35488,0.8717,0.9291,0.0574,0.0658,0.6538,1.9573,2.2454,0.5581,0.8633,0.3189,0.6148,openrainer 2021-11-03 02
openrainer,constant idw,radar,2.0,35482,0.8719,0.3998,-0.472,-0.5414,0.6698,2.1812,2.5018,0.3739,0.535,0.1009,0.5047,openrainer 2021-11-03 02
openrainer,constant line,radar,2.0,35488,0.8717,0.3967,-0.475,-0.5449,0.6344,1.6,1.8355,0.5594,0.5615,0.1068,0.5262,openrainer 2021-11-03 02
openrainer,constant gmz,radar,2.0,35488,0.8717,0.4175,-0.4542,-0.5211,0.6511,1.7571,2.0157,0.4992,0.5434,0.1123,0.5085,openrainer 2021-11-03 02
openrainer,pycomlink idw,radar,2.0,35482,0.8719,0.5263,-0.3455,-0.3963,0.6068,2.2877,2.624,0.4015,0.6974,0.1335,0.6297,openrainer 2021-11-03 02
openrainer,pycomlink line,radar,2.0,35488,0.8717,0.4762,-0.3955,-0.4537,0.5856,1.5584,1.7878,0.5848,0.6953,0.1359,0.6267,openrainer 2021-11-03 02
openrainer,pycomlink gmz,radar,2.0,35488,0.8717,0.496,-0.3757,-0.431,0.603,1.7489,2.0063,0.5182,0.6755,0.142,0.6076,openrainer 2021-11-03 02
openrainer,nearby idw,radar,2.0,24137,0.8742,0.3677,-0.5066,-0.5795,0.5931,1.3324,1.5241,0.7007,0.5488,0.0522,0.5327,openrainer 2021-11-03 02
openrainer,nearby line,radar,2.0,25195,0.8924,0.3543,-0.5382,-0.603,0.6108,1.3623,1.5265,0.7063,0.5518,0.0583,0.5336,openrainer 2021-11-03 02
openrainer,nearby gmz,radar,2.0,25195,0.8924,0.3537,-0.5388,-0.6037,0.6178,1.3827,1.5493,0.689,0.5322,0.0552,0.5161,openrainer 2021-11-03 02
openrainer,rnn idw,radar,2.0,35490,0.8717,0.9823,0.1106,0.1269,0.5055,1.0723,1.2302,0.8369,0.9049,0.2643,0.6829,openrainer 2021-11-03 02
openrainer,rnn line,radar,2.0,35490,0.8717,1.0288,0.1571,0.1803,0.5256,1.1187,1.2834,0.8354,0.9052,0.2687,0.6793,openrainer 2021-11-03 02
openrainer,rnn gmz,radar,2.0,35490,0.8717,1.0427,0.171,0.1962,0.5433,1.1877,1.3625,0.8262,0.8978,0.2622,0.6807,openrainer 2021-11-03 02
openrainer,dynamic idw,gauges,2.0,34922,0.6785,1.0332,0.3547,0.5228,0.5461,2.6572,3.916,0.5133,0.897,0.2772,0.6674,openrainer 2021-11-03 02
openrainer,dynamic line,gauges,2.0,34928,0.6784,0.9018,0.2234,0.3293,0.4479,1.438,2.1197,0.6985,0.9003,0.2829,0.6644,openrainer 2021-11-03 02
openrainer,dynamic gmz,gauges,2.0,34928,0.6784,0.9329,0.2545,0.3751,0.4975,1.7942,2.6447,0.6262,0.8684,0.2867,0.6437,openrainer 2021-11-03 02
openrainer,constant idw,gauges,2.0,34922,0.6785,0.3986,-0.2799,-0.4125,0.4532,1.8877,2.7821,0.4555,0.5284,0.0718,0.5076,openrainer 2021-11-03 02
openrainer,constant line,gauges,2.0,34928,0.6784,0.3955,-0.283,-0.4171,0.4178,1.1683,1.7221,0.676,0.5551,0.0777,0.5304,openrainer 2021-11-03 02
openrainer,constant gmz,gauges,2.0,34928,0.6784,0.4163,-0.2621,-0.3863,0.4298,1.3686,2.0174,0.6103,0.5367,0.0841,0.5115,openrainer 2021-11-03 02
openrainer,pycomlink idw,gauges,2.0,34922,0.6785,0.5265,-0.152,-0.224,0.3926,2.0589,3.0344,0.4696,0.6936,0.1001,0.6439,openrainer 2021-11-03 02
openrainer,pycomlink line,gauges,2.0,34928,0.6784,0.4756,-0.2028,-0.2989,0.3744,1.1769,1.7347,0.6797,0.6878,0.1077,0.6351,openrainer 2021-11-03 02
openrainer,pycomlink gmz,gauges,2.0,34928,0.6784,0.4956,-0.1828,-0.2695,0.3905,1.418,2.0902,0.6069,0.6702,0.1112,0.6183,openrainer 2021-11-03 02
openrainer,nearby idw,gauges,2.0,24102,0.7305,0.3672,-0.3632,-0.4972,0.4186,0.9209,1.2607,0.8439,0.5296,0.0312,0.5207,openrainer 2021-11-03 02
openrainer,nearby line,gauges,2.0,25125,0.7407,0.3534,-0.3873,-0.5228,0.4358,0.9522,1.2854,0.8419,0.5334,0.0335,0.5237,openrainer 2021-11-03 02
openrainer,nearby gmz,gauges,2.0,25125,0.7407,0.3528,-0.3879,-0.5237,0.4437,0.9723,1.3127,0.8259,0.5127,0.0335,0.5037,openrainer 2021-11-03 02
openrainer,rnn idw,gauges,2.0,34930,0.6784,0.9793,0.3009,0.4436,0.4469,0.9494,1.3996,0.8885,0.9061,0.2323,0.7112,openrainer 2021-11-03 02
openrainer,rnn line,gauges,2.0,34930,0.6784,1.0266,0.3482,0.5133,0.4814,1.0261,1.5126,0.8874,0.9059,0.2374,0.7066,openrainer 2021-11-03 02
openrainer,rnn gmz,gauges,2.0,34930,0.6784,1.0401,0.3617,0.5332,0.4951,1.0946,1.6135,0.8834,0.8986,0.2303,0.7082,openrainer 2021-11-03 02
openrainer,gauges,radar,,248779,0.754,0.561,-0.1929,-0.2559,0.4355,1.1027,1.4626,0.7863,0.8049,0.1733,0.6887,openrainer 2021-11-03 02
openrainer,dynamic idw,radar,,145842,0.7953,1.015,0.2196,0.2762,0.7513,3.2129,4.0397,0.3905,0.843,0.3699,0.564,openrainer 2021-11-03 02
openrainer,dynamic line,radar,,170015,0.7859,0.859,0.0732,0.0931,0.6443,1.8939,2.4099,0.5457,0.8505,0.3944,0.5474,openrainer 2021-11-03 02
openrainer,dynamic gmz,radar,,170015,0.7859,0.8977,0.1118,0.1423,0.6831,2.1936,2.7912,0.4961,0.8293,0.3914,0.5409,openrainer 2021-11-03 02
openrainer,constant idw,radar,,145842,0.7953,0.349,-0.4464,-0.5613,0.665,2.4462,3.0757,0.2909,0.4774,0.1259,0.4467,openrainer 2021-11-03 02
openrainer,constant line,radar,,170015,0.7859,0.3374,-0.4485,-0.5706,0.6126,1.7176,2.1856,0.4686,0.5143,0.138,0.4751,openrainer 2021-11-03 02
openrainer,constant gmz,radar,,170015,0.7859,0.358,-0.4279,-0.5445,0.6275,1.8697,2.3791,0.4233,0.5013,0.1421,0.4629,openrainer 2021-11-03 02
openrainer,pycomlink idw,radar,,145842,0.7953,0.4824,-0.313,-0.3935,0.598,2.5951,3.2629,0.3371,0.6512,0.1507,0.5837,openrainer 2021-11-03 02
openrainer,pycomlink line,radar,,170015,0.7859,0.421,-0.3648,-0.4642,0.5589,1.6902,2.1507,0.507,0.6533,0.166,0.5781,openrainer 2021-11-03 02
openrainer,pycomlink gmz,radar,,170015,0.7859,0.4436,-0.3423,-0.4356,0.5732,1.8728,2.383,0.459,0.639,0.1702,0.565,openrainer 2021-11-03 02
openrainer,nearby idw,radar,,73687,0.8354,0.3614,-0.474,-0.5674,0.6004,1.3899,1.6638,0.652,0.5383,0.0742,0.5161,openrainer 2021-11-03 02
openrainer,nearby line,radar,,88576,0.8397,0.344,-0.4957,-0.5903,0.6067,1.3993,1.6663,0.6537,0.5348,0.0908,0.5077,openrainer 2021-11-03 02
openrainer,nearby gmz,radar,,88576,0.8397,0.3505,-0.4892,-0.5825,0.6159,1.431,1.7041,0.6289,0.5179,0.0841,0.4944,openrainer 2021-11-03 02
openrainer,rnn idw,radar,,145985,0.7947,0.8198,0.0251,0.0316,0.4838,1.0877,1.3687,0.8099,0.8591,0.2879,0.6376,openrainer 2021-11-03 02
openrainer,rnn line,radar,,170135,0.7854,0.8489,0.0636,0.0809,0.4947,1.1154,1.4202,0.8091,0.8539,0.2988,0.6261,openrainer 2021-11-03 02
openrainer,rnn gmz,radar,,170135,0.7854,0.8592,0.0738,0.0939,0.5082,1.1696,1.4891,0.7998,0.8457,0.2943,0.6252,openrainer 2021-11-03 02
openrainer,dynamic idw,gauges,,140257,0.6006,1.0272,0.4266,0.7102,0.6387,3.1803,5.295,0.4337,0.8608,0.3422,0.5945,openrainer 2021-11-03 02
openrainer,dynamic line,gauges,,161423,0.5899,0.8648,0.2749,0.4661,0.5159,1.7743,3.008,0.5876,0.8714,0.371,0.5756,openrainer 2021-11-03 02
openrainer,dynamic gmz,gauges,,161423,0.5899,0.9039,0.3141,0.5325,0.5589,2.0975,3.5558,0.5405,0.8464,0.3707,0.5648,openrainer 2021-11-03 02
openrainer,constant idw,gauges,,140257,0.6006,0.3516,-0.249,-0.4145,0.4559,2.2109,3.6811,0.3511,0.4833,0.1,0.4586,openrainer 2021-11-03 02
openrainer,constant line,gauges,,161423,0.5899,0.3383,-0.2516,-0.4265,0.4059,1.3524,2.2928,0.5496,0.5256,0.116,0.4917,openrainer 2021-11-03 02
openrainer,constant gmz,gauges,,161423,0.5899,0.3586,-0.2312,-0.392,0.4172,1.5404,2.6115,0.5029,0.5127,0.1195,0.4793,openrainer 2021-11-03 02
openrainer,pycomlink idw,gauges,,140257,0.6006,0.4864,-0.1142,-0.1901,0.3984,2.4342,4.0527,0.3848,0.6643,0.1175,0.6103,openrainer 2021-11-03 02
openrainer,pycomlink line,gauges,,161423,0.5899,0.4213,-0.1686,-0.2858,0.3625,1.3904,2.3571,0.5652,0.6706,0.1389,0.6052,openrainer 2021-11-03 02
openrainer,pycomlink gmz,gauges,,161423,0.5899,0.4438,-0.1461,-0.2476,0.3743,1.6123,2.7333,0.5166,0.6588,0.1398,0.5951,openrainer 2021-11-03 02
openrainer,nearby idw,gauges,,72626,0.686,0.3553,-0.3307,-0.482,0.4188,0.9789,1.427,0.7932,0.5202,0.0527,0.5056,openrainer 2021-11-03 02
openrainer,nearby line,gauges,,86638,0.6924,0.3376,-0.3548,-0.5124,0.4385,1.0275,1.4839,0.7758,0.5202,0.0652,0.502,openrainer 2021-11-03 02
openrainer,nearby gmz,gauges,,86638,0.6924,0.3424,-0.35,-0.5054,0.4451,1.0543,1.5227,0.7548,0.5011,0.0628,0.4848,openrainer 2021-11-03 02
openrainer,rnn idw,gauges,,140400,0.6001,0.8248,0.2247,0.3744,0.4136,0.9402,1.5668,0.8561,0.8704,0.265,0.6625,openrainer 2021-11-03 02
openrainer,rnn line,gauges,,161543,0.5895,0.8527,0.2632,0.4466,0.4432,1.0152,1.7222,0.846,0.8716,0.2811,0.6501,openrainer 2021-11-03 02
openrainer,rnn gmz,gauges,,161543,0.5895,0.8615,0.272,0.4615,0.452,1.0653,1.8071,0.8429,0.8643,0.2754,0.6506,openrainer 2021-11-03 02
openrainer,gauges,radar,2.0,52682,1.2591,0.7403,-0.5188,-0.4121,0.6825,1.5874,1.2607,0.8384,0.8285,0.1363,0.7327,openrainer 2021-11-13 11
openrainer,dynamic idw,radar,2.0,53530,1.2593,0.8872,-0.3721,-0.2955,0.8191,1.7355,1.3781,0.7103,0.7871,0.2004,0.6574,openrainer 2021-11-13 11
openrainer,dynamic line,radar,2.0,53530,1.2593,0.8368,-0.4225,-0.3355,0.8231,1.7603,1.3979,0.7034,0.7965,0.2064,0.6598,openrainer 2021-11-13 11
openrainer,dynamic gmz,radar,2.0,53530,1.2593,0.8486,-0.4107,-0.3261,0.8405,1.7763,1.4105,0.6954,0.7696,0.2058,0.6416,openrainer 2021-11-13 11
openrainer,constant idw,radar,2.0,53530,1.2593,0.3624,-0.8969,-0.7122,0.9586,2.0243,1.6075,0.6928,0.4102,0.0424,0.4028,openrainer 2021-11-13 11
openrainer,constant line,radar,2.0,53530,1.2593,0.4098,-0.8495,-0.6746,0.9279,1.958,1.5548,0.716,0.4425,0.048,0.4329,openrainer 2021-11-13 11
openrainer,constant gmz,radar,2.0,53530,1.2593,0.4246,-0.8347,-0.6628,0.9314,1.9545,1.552,0.7014,0.4303,0.0467,0.4215,openrainer 2021-11-13 11
openrainer,pycomlink idw,radar,2.0,53530,1.2593,0.3462,-0.9131,-0.7251,0.9641,1.9994,1.5877,0.7035,0.3702,0.0272,0.3664,openrainer 2021-11-13 11
openrainer,pycomlink line,radar,2.0,53530,1.2593,0.3417,-0.9176,-0.7286,0.9637,2.0064,1.5932,0.707,0.3678,0.024,0.3645,openrainer 2021-11-13 11
openrainer,pycomlink gmz,radar,2.0,53530,1.2593,0.351,-0.9083,-0.7213,0.9604,1.9916,1.5815,0.7059,0.3602,0.0239,0.3571,openrainer 2021-11-13 11
openrainer,nearby idw,radar,2.0,36855,1.3733,0.3576,-1.0157,-0.7396,1.0548,2.2184,1.6154,0.7054,0.4016,0.0266,0.3973,openrainer 2021-11-13 11
openrainer,nearby line,radar,2.0,38223,1.3743,0.3697,-1.0046,-0.731,1.0428,2.2047,1.6043,0.7229,0.4197,0.0291,0.4144,openrainer 2021-11-13 11
openrainer,nearby gmz,radar,2.0,38223,1.3743,0.3697,-1.0046,-0.731,1.0461,2.1999,1.6008,0.7149,0.4098,0.0283,0.405,openrainer 2021-11-13 11
openrainer,rnn idw,radar,2.0,53530,1.2593,1.0157,-0.2436,-0.1934,0.7145,1.4694,1.1668,0.8004,0.8084,0.2149,0.6619,openrainer 2021-11-13 11
openrainer,rnn line,radar,2.0,53530,1.2593,1.0663,-0.193,-0.1532,0.725,1.4697,1.1671,0.7959,0.8118,0.2209,0.6599,openrainer 2021-11-13 11
openrainer,rnn gmz,radar,2.0,53530,1.2593,1.0754,-0.1839,-0.1461,0.7356,1.4832,1.1778,0.7907,0.8022,0.2165,0.6567,openrainer 2021-11-13 11
openrainer,dynamic idw,gauges,2.0,52682,0.7403,0.8862,0.1459,0.1971,0.5021,1.2123,1.6377,0.7487,0.8363,0.188,0.7007,openrainer 2021-11-13 11
openrainer,dynamic line,gauges,2.0,52682,0.7403,0.835,0.0947,0.1279,0.4669,1.0912,1.474,0.7546,0.8447,0.1958,0.7006,openrainer 2021-11-13 11
openrainer,dynamic gmz,gauges,2.0,52682,0.7403,0.8464,0.1062,0.1434,0.4985,1.1619,1.5696,0.7417,0.8156,0.1954,0.6807,openrainer 2021-11-13 11
openrainer,constant idw,gauges,2.0,52682,0.7403,0.3578,-0.3824,-0.5166,0.4817,0.9915,1.3393,0.7232,0.4282,0.0403,0.4206,openrainer 2021-11-13 11
openrainer,constant line,gauges,2.0,52682,0.7403,0.406,-0.3342,-0.4515,0.4582,0.9431,1.274,0.7495,0.463,0.0452,0.4531,openrainer 2021-11-13 11
openrainer,constant gmz,gauges,2.0,52682,0.7403,0.4206,-0.3196,-0.4318,0.4727,0.9795,1.3232,0.736,0.4499,0.0445,0.4407,openrainer 2021-11-13 11
openrainer,pycomlink idw,gauges,2.0,52682,0.7403,0.3459,-0.3944,-0.5327,0.5055,1.0618,1.4344,0.6902,0.3821,0.0405,0.3761,openrainer 2021-11-13 11
openrainer,pycomlink line,gauges,2.0,52682,0.7403,0.3414,-0.3989,-0.5388,0.5021,1.041,1.4063,0.6987,0.3774,0.0429,0.3712,openrainer 2021-11-13 11
openrainer,pycomlink gmz,gauges,2.0,52682,0.7403,0.3506,-0.3897,-0.5264,0.5055,1.0536,1.4233,0.6962,0.3709,0.0406,0.3652,openrainer 2021-11-13 11
openrainer,nearby idw,gauges,2.0,36802,0.8039,0.3574,-0.4465,-0.5554,0.5121,1.0178,1.2661,0.7332,0.4178,0.0188,0.4144,openrainer 2021-11-13 11
openrainer,nearby line,gauges,2.0,38117,0.8086,0.3694,-0.4392,-0.5431,0.4988,0.9703,1.1999,0.7667,0.4335,0.0232,0.429,openrainer 2021-11-13 11
openrainer,nearby gmz,gauges,2.0,38117,0.8086,0.3695,-0.4392,-0.5431,0.5075,0.9843,1.2172,0.7558,0.4235,0.0217,0.4196,openrainer 2021-11-13 11
openrainer,rnn idw,gauges,2.0,52682,0.7403,1.0144,0.2742,0.3704,0.4908,0.9733,1.3148,0.8568,0.8683,0.1987,0.7145,openrainer 2021-11-13 11
openrainer,rnn line,gauges,2.0,52682,0.7403,1.0659,0.3256,0.4399,0.5298,1.0432,1.4093,0.8542,0.8726,0.2043,0.7128,openrainer 2021-11-13 11
openrainer,rnn gmz,gauges,2.0,52682,0.7403,1.0741,0.3339,0.451,0.5461,1.1085,1.4974,0.8478,0.8619,0.2002,0.709,openrainer 2021-11-13 11
openrainer,gauges,radar,,372846,1.0923,0.6524,-0.44,-0.4028,0.5985,1.3988,1.2805,0.8115,0.8058,0.1293,0.7197,openrainer 2021-11-13 11
openrainer,dynamic idw,radar,,220503,1.0995,0.9073,-0.1922,-0.1748,0.832,1.8407,1.6741,0.6228,0.7593,0.2296,0.6192,openrainer 2021-11-13 11
openrainer,dynamic line,radar,,256838,1.1001,0.8359,-0.2642,-0.2402,0.8126,1.7689,1.608,0.6193,0.7741,0.2482,0.6165,openrainer 2021-11-13 11
openrainer,dynamic gmz,radar,,256838,1.1001,0.8511,-0.2489,-0.2263,0.8283,1.7863,1.6238,0.6175,0.7516,0.247,0.603,openrainer 2021-11-13 11
openrainer,constant idw,radar,,220503,1.0995,0.3149,-0.7846,-0.7136,0.8784,1.9245,1.7503,0.5901,0.353,0.0514,0.3464,openrainer 2021-11-13 11
openrainer,constant line,radar,,256838,1.1001,0.353,-0.7471,-0.6791,0.8515,1.8596,1.6905,0.6163,0.3956,0.0648,0.385,openrainer 2021-11-13 11
openrainer,constant gmz,radar,,256838,1.1001,0.3644,-0.7357,-0.6688,0.8546,1.8586,1.6895,0.6109,0.3846,0.0617,0.3752,openrainer 2021-11-13 11
openrainer,pycomlink idw,radar,,220503,1.0995,0.3406,-0.759,-0.6903,0.8723,1.9049,1.7325,0.5947,0.3612,0.0466,0.3549,openrainer 2021-11-13 11
openrainer,pycomlink line,radar,,256838,1.1001,0.3303,-0.7697,-0.6997,0.8704,1.8915,1.7195,0.5977,0.3663,0.0539,0.3588,openrainer 2021-11-13 11
openrainer,pycomlink gmz,radar,,256838,1.1001,0.3403,-0.7598,-0.6907,0.8665,1.879,1.7081,0.6028,0.36,0.0508,0.3532,openrainer 2021-11-13 11
openrainer,nearby idw,radar,,112387,1.249,0.3413,-0.9077,-0.7268,0.9895,2.1098,1.6892,0.6021,0.3779,0.0391,0.3722,openrainer 2021-11-13 11
openrainer,nearby line,radar,,134420,1.2504,0.3442,-0.9062,-0.7247,0.9827,2.0881,1.67,0.6136,0.391,0.0454,0.3839,openrainer 2021-11-13 11
openrainer,nearby gmz,radar,,134420,1.2504,0.344,-0.9064,-0.7249,0.9867,2.0854,1.6678,0.6123,0.3783,0.042,0.3722,openrainer 2021-11-13 11
openrainer,rnn idw,radar,,220533,1.1002,0.8834,-0.2168,-0.197,0.6895,1.4645,1.3312,0.7459,0.7703,0.2289,0.627,openrainer 2021-11-13 11
openrainer,rnn line,radar,,256838,1.1001,0.9187,-0.1814,-0.1649,0.7128,1.4867,1.3514,0.7311,0.7642,0.2371,0.6175,openrainer 2021-11-13 11
openrainer,rnn gmz,radar,,256838,1.1001,0.9246,-0.1755,-0.1595,0.7191,1.5041,1.3672,0.7265,0.756,0.2338,0.6143,openrainer 2021-11-13 11
openrainer,dynamic idw,gauges,,211699,0.677,0.9192,0.2422,0.3578,0.6046,1.5645,2.3108,0.6598,0.8048,0.2238,0.6532,openrainer 2021-11-13 11
openrainer,dynamic line,gauges,,243142,0.6785,0.8475,0.169,0.249,0.5554,1.3684,2.0167,0.6599,0.8204,0.2457,0.6473,openrainer 2021-11-13 11
openrainer,dynamic gmz,gauges,,243142,0.6785,0.863,0.1844,0.2718,0.5805,1.4194,2.092,0.6554,0.7965,0.2442,0.6335,openrainer 2021-11-13 11
openrainer,constant idw,gauges,,211699,0.677,0.3174,-0.3596,-0.5312,0.4938,1.1366,1.6788,0.6189,0.3743,0.0485,0.3673,openrainer 2021-11-13 11
openrainer,constant line,gauges,,243142,0.6785,0.3578,-0.3207,-0.4726,0.4733,1.0848,1.5988,0.6474,0.4246,0.0598,0.4134,openrainer 2021-11-13 11
openrainer,constant gmz,gauges,,243142,0.6785,0.3693,-0.3092,-0.4557,0.4842,1.1102,1.6363,0.6423,0.4132,0.056,0.4034,openrainer 2021-11-13 11
openrainer,pycomlink idw,gauges,,211699,0.677,0.3456,-0.3314,-0.4895,0.5145,1.212,1.7902,0.5981,0.3757,0.0621,0.3665,openrainer 2021-11-13 11
openrainer,pycomlink line,gauges,,243142,0.6785,0.3373,-0.3412,-0.5029,0.5075,1.1644,1.7162,0.6061,0.3845,0.0712,0.3735,openrainer 2021-11-13 11
openrainer,pycomlink gmz,gauges,,243142,0.6785,0.3475,-0.331,-0.4878,0.5093,1.1728,1.7285,0.6097,0.3786,0.0673,0.3686,openrainer 2021-11-13 11
openrainer,nearby idw,gauges,,110849,0.7547,0.3443,-0.4103,-0.5437,0.5225,1.1193,1.4832,0.6474,0.3991,0.025,0.3951,openrainer 2021-11-13 11
openrainer,nearby line,gauges,,131557,0.7684,0.349,-0.4193,-0.5458,0.5235,1.098,1.4289,0.6627,0.4119,0.033,0.4061,openrainer 2021-11-13 11
openrainer,nearby gmz,gauges,,131557,0.7684,0.349,-0.4193,-0.5457,0.5305,1.1054,1.4386,0.661,0.3984,0.0304,0.3935,openrainer 2021-11-13 11
openrainer,rnn idw,gauges,,211729,0.6773,0.8951,0.2179,0.3217,0.4893,1.0374,1.5318,0.7942,0.8302,0.2169,0.675,openrainer 2021-11-13 11
openrainer,rnn line,gauges,,243142,0.6785,0.9348,0.2562,0.3777,0.5309,1.1104,1.6366,0.7793,0.828,0.2275,0.6657,openrainer 2021-11-13 11
openrainer,rnn gmz,gauges,,243142,0.6785,0.9399,0.2614,0.3853,0.5405,1.1593,1.7086,0.7738,0.8199,0.2233,0.6635,openrainer 2021-11-13 11
openrainer,gauges,radar,2.0,30442,0.5471,0.2953,-0.2518,-0.4603,0.38,0.915,1.6726,0.6862,0.7583,0.192,0.6426,openrainer 2021-11-27 12
openrainer,dynamic idw,radar,2.0,30938,0.5441,0.6876,0.1435,0.2638,0.6541,1.5191,2.7922,0.43,0.6936,0.3705,0.4925,openrainer 2021-11-27 12
openrainer,dynamic line,radar,2.0,30938,0.5441,0.607,0.0629,0.1156,0.5971,1.328,2.4409,0.4527,0.6994,0.3696,0.496,openrainer 2021-11-27 12
openrainer,dynamic gmz,radar,2.0,30938,0.5441,0.6358,0.0918,0.1687,0.6389,1.4941,2.7463,0.4083,0.6697,0.375,0.4777,openrainer 2021-11-27 12
openrainer,constant idw,radar,2.0,30938,0.5441,0.2476,-0.2964,-0.5448,0.5479,1.306,2.4004,0.2901,0.38,0.1659,0.3532,openrainer 2021-11-27 12
openrainer,constant line,radar,2.0,30938,0.5441,0.2709,-0.2732,-0.5021,0.5534,1.3202,2.4266,0.2905,0.4035,0.1756,0.3715,openrainer 2021-11-27 12
openrainer,constant gmz,radar,2.0,30938,0.5441,0.2996,-0.2444,-0.4493,0.5811,1.4442,2.6545,0.2566,0.3903,0.1783,0.3598,openrainer 2021-11-27 12
openrainer,pycomlink idw,radar,2.0,30938,0.5441,0.2993,-0.2447,-0.4498,0.4782,1.1625,2.1366,0.4487,0.5038,0.1746,0.4553,openrainer 2021-11-27 12
openrainer,pycomlink line,radar,2.0,30938,0.5441,0.2645,-0.2796,-0.5139,0.4622,1.0987,2.0194,0.4836,0.4952,0.1761,0.4478,openrainer 2021-11-27 12
openrainer,pycomlink gmz,radar,2.0,30938,0.5441,0.2791,-0.265,-0.487,0.4788,1.169,2.1487,0.4381,0.4772,0.1772,0.4328,openrainer 2021-11-27 12
openrainer,nearby idw,radar,2.0,21267,0.565,0.17,-0.395,-0.6991,0.4982,1.1539,2.0422,0.4182,0.3153,0.1252,0.3017,openrainer 2021-11-27 12
openrainer,nearby line,radar,2.0,22290,0.5662,0.1666,-0.3996,-0.7057,0.4924,1.1136,1.9668,0.4553,0.3232,0.1262,0.3088,openrainer 2021-11-27 12
openrainer,nearby gmz,radar,2.0,22290,0.5662,0.175,-0.3912,-0.691,0.5018,1.158,2.0452,0.4137,0.3173,0.1283,0.3031,openrainer 2021-11-27 12
openrainer,rnn idw,radar,2.0,30938,0.5441,0.5643,0.0203,0.0372,0.5003,1.0911,2.0055,0.6079,0.6662,0.3252,0.5043,openrainer 2021-11-27 12
openrainer,rnn line,radar,2.0,30938,0.5441,0.5774,0.0334,0.0613,0.5064,1.097,2.0164,0.6131,0.6653,0.3236,0.5047,openrainer 2021-11-27 12
openrainer,rnn gmz,radar,2.0,30938,0.5441,0.584,0.0399,0.0734,0.5186,1.1476,2.1094,0.5981,0.6546,0.3202,0.5003,openrainer 2021-11-27 12
openrainer,dynamic idw,gauges,2.0,30442,0.2953,0.6941,0.3989,1.3508,0.5186,1.3759,4.6596,0.5923,0.7637,0.3472,0.5431,openrainer 2021-11-27 12
openrainer,dynamic line,gauges,2.0,30442,0.2953,0.6122,0.3169,1.0733,0.448,1.1481,3.8882,0.587,0.7648,0.3507,0.5412,openrainer 2021-11-27 12
openrainer,dynamic gmz,gauges,2.0,30442,0.2953,0.6417,0.3464,1.1732,0.4951,1.3438,4.5509,0.5351,0.731,0.3571,0.5199,openrainer 2021-11-27 12
openrainer,constant idw,gauges,2.0,30442,0.2953,0.251,-0.0443,-0.1501,0.3224,0.9032,3.0589,0.3908,0.4059,0.1684,0.3751,openrainer 2021-11-27 12
openrainer,constant line,gauges,2.0,30442,0.2953,0.2746,-0.0207,-0.0701,0.3294,0.9363,3.1711,0.3892,0.4354,0.17,0.3998,openrainer 2021-11-27 12
openrainer,constant gmz,gauges,2.0,30442,0.2953,0.3038,0.0085,0.0289,0.3614,1.1213,3.7974,0.3384,0.4203,0.1745,0.386,openrainer 2021-11-27 12
openrainer,pycomlink idw,gauges,2.0,30442,0.2953,0.3029,0.0076,0.0258,0.2585,0.7614,2.5787,0.6099,0.5521,0.1533,0.5019,openrainer 2021-11-27 12
openrainer,pycomlink line,gauges,2.0,30442,0.2953,0.2675,-0.0278,-0.0942,0.2416,0.6602,2.236,0.6187,0.5435,0.1535,0.4948,openrainer 2021-11-27 12
openrainer,pycomlink gmz,gauges,2.0,30442,0.2953,0.2825,-0.0127,-0.0432,0.2599,0.7765,2.6297,0.5699,0.5236,0.1548,0.4778,openrainer 2021-11-27 12
openrainer,nearby idw,gauges,2.0,21236,0.2999,0.1701,-0.1298,-0.4328,0.2557,0.6744,2.2485,0.5382,0.3334,0.1056,0.3208,openrainer 2021-11-27 12
openrainer,nearby line,gauges,2.0,22228,0.3023,0.1668,-0.1355,-0.4482,0.2543,0.6194,2.049,0.5595,0.3398,0.1145,0.3255,openrainer 2021-11-27 12
openrainer,nearby gmz,gauges,2.0,22228,0.3023,0.1752,-0.1271,-0.4205,0.266,0.706,2.3355,0.5088,0.3344,0.1143,0.3205,openrainer 2021-11-27 12
openrainer,rnn idw,gauges,2.0,30442,0.2953,0.569,0.2737,0.927,0.3877,0.9557,3.2366,0.7392,0.7571,0.2822,0.5835,openrainer 2021-11-27 12
openrainer,rnn line,gauges,2.0,30442,0.2953,0.5823,0.287,0.9721,0.4009,0.9807,3.3214,0.739,0.7566,0.28,0.5846,openrainer 2021-11-27 12
openrainer,rnn gmz,gauges,2.0,30442,0.2953,0.5891,0.2938,0.9951,0.4117,1.0428,3.5317,0.7232,0.7434,0.2776,0.5782,openrainer 2021-11-27 12
openrainer,gauges,radar,,219389,0.4505,0.2406,-0.2099,-0.466,0.3266,0.8909,1.9778,0.6774,0.6862,0.1999,0.5858,openrainer 2021-11-27 12
openrainer,dynamic idw,radar,,128309,0.5128,0.6918,0.179,0.3491,0.6616,1.5704,3.0623,0.4319,0.6803,0.406,0.4644,openrainer 2021-11-27 12
openrainer,dynamic line,radar,,148986,0.5047,0.6114,0.1066,0.2112,0.595,1.3405,2.6559,0.4601,0.7039,0.428,0.4611,openrainer 2021-11-27 12
openrainer,dynamic gmz,radar,,148986,0.5047,0.6389,0.1342,0.2658,0.6315,1.4719,2.9162,0.4254,0.6813,0.4298,0.4502,openrainer 2021-11-27 12
openrainer,constant idw,radar,,128309,0.5128,0.196,-0.3168,-0.6178,0.5,1.2968,2.5288,0.3055,0.3396,0.1496,0.3204,openrainer 2021-11-27 12
openrainer,constant line,radar,,148986,0.5047,0.2159,-0.2888,-0.5722,0.4912,1.273,2.5222,0.3238,0.381,0.1718,0.3531,openrainer 2021-11-27 12
openrainer,constant gmz,radar,,148986,0.5047,0.2412,-0.2635,-0.5221,0.5151,1.3683,2.7108,0.2847,0.3699,0.1729,0.3433,openrainer 2021-11-27 12
openrainer,pycomlink idw,radar,,128309,0.5128,0.2822,-0.2307,-0.4498,0.4559,1.1854,2.3115,0.4559,0.4921,0.1881,0.4417,openrainer 2021-11-27 12
openrainer,pycomlink line,radar,,148986,0.5047,0.2484,-0.2563,-0.5079,0.4288,1.1154,2.2099,0.4933,0.5007,0.1963,0.4461,openrainer 2021-11-27 12
openrainer,pycomlink gmz,radar,,148986,0.5047,0.2611,-0.2437,-0.4828,0.4423,1.1702,2.3185,0.4546,0.4875,0.1934,0.4365,openrainer 2021-11-27 12
openrainer,nearby idw,radar,,65015,0.5506,0.1909,-0.3597,-0.6532,0.485,1.1986,2.177,0.418,0.3445,0.1414,0.326,openrainer 2021-11-27 12
openrainer,nearby line,radar,,78377,0.5538,0.1976,-0.3562,-0.6431,0.4866,1.1986,2.1643,0.4182,0.362,0.1546,0.3395,openrainer 2021-11-27 12
openrainer,nearby gmz,radar,,78377,0.5538,0.2064,-0.3474,-0.6273,0.4972,1.2563,2.2685,0.3796,0.3523,0.1545,0.331,openrainer 2021-11-27 12
openrainer,rnn idw,radar,,128309,0.5128,0.5019,-0.011,-0.0214,0.4759,1.1078,2.1602,0.595,0.6408,0.3481,0.4774,openrainer 2021-11-27 12
openrainer,rnn line,radar,,148986,0.5047,0.5133,0.0086,0.017,0.4823,1.1203,2.2197,0.5921,0.6434,0.3581,0.4735,openrainer 2021-11-27 12
openrainer,rnn gmz,radar,,148986,0.5047,0.516,0.0113,0.0223,0.4892,1.1504,2.2792,0.5824,0.6329,0.3549,0.4695,openrainer 2021-11-27 12
openrainer,dynamic idw,gauges,,123688,0.2698,0.697,0.4272,1.583,0.5455,1.4431,5.3478,0.5642,0.7563,0.4071,0.4978,openrainer 2021-11-27 12
openrainer,dynamic line,gauges,,141693,0.2618,0.6101,0.3483,1.3302,0.4667,1.1605,4.4322,0.5695,0.7822,0.4357,0.4877,openrainer 2021-11-27 12
openrainer,dynamic gmz,gauges,,141693,0.2618,0.6417,0.3799,1.4508,0.5088,1.3245,5.0586,0.5313,0.7547,0.4392,0.4744,openrainer 2021-11-27 12
openrainer,constant idw,gauges,,123688,0.2698,0.1984,-0.0715,-0.2648,0.2805,0.8347,3.0933,0.393,0.3843,0.1508,0.3598,openrainer 2021-11-27 12
openrainer,constant line,gauges,,141693,0.2618,0.2162,-0.0456,-0.1741,0.2758,0.8196,3.1302,0.4122,0.4335,0.1739,0.3972,openrainer 2021-11-27 12
openrainer,constant gmz,gauges,,141693,0.2618,0.243,-0.0188,-0.0717,0.3035,0.9814,3.7484,0.3562,0.421,0.1745,0.3866,openrainer 2021-11-27 12
openrainer,pycomlink idw,gauges,,123688,0.2698,0.2852,0.0154,0.057,0.2498,0.7669,2.8418,0.5975,0.56,0.1774,0.4996,openrainer 2021-11-27 12
openrainer,pycomlink line,gauges,,141693,0.2618,0.247,-0.0148,-0.0566,0.2243,0.6523,2.4915,0.609,0.5693,0.194,0.5007,openrainer 2021-11-27 12
openrainer,pycomlink gmz,gauges,,141693,0.2618,0.2616,-0.0003,-0.001,0.2393,0.7537,2.8784,0.5658,0.555,0.1898,0.4911,openrainer 2021-11-27 12
openrainer,nearby idw,gauges,,64062,0.2952,0.1875,-0.1077,-0.3648,0.2628,0.7191,2.4364,0.5238,0.3585,0.1275,0.3407,openrainer 2021-11-27 12
openrainer,nearby line,gauges,,76649,0.2904,0.1885,-0.1019,-0.3509,0.2601,0.7025,2.4187,0.513,0.3766,0.1434,0.3543,openrainer 2021-11-27 12
openrainer,nearby gmz,gauges,,76649,0.2904,0.1993,-0.0911,-0.3137,0.2737,0.8111,2.7925,0.4614,0.3682,0.1407,0.3473,openrainer 2021-11-27 12
openrainer,rnn idw,gauges,,123688,0.2698,0.5045,0.2347,0.8697,0.3541,0.9118,3.379,0.7189,0.7513,0.3218,0.5539,openrainer 2021-11-27 12
openrainer,rnn line,gauges,,141693,0.2618,0.5119,0.2501,0.9551,0.3667,0.9391,3.5866,0.709,0.7553,0.3413,0.5428,openrainer 2021-11-27 12
openrainer,rnn gmz,gauges,,141693,0.2618,0.5148,0.2529,0.9661,0.3727,0.9807,3.7457,0.6971,0.7422,0.3385,0.5379,openrainer 2021-11-27 12
openrainer,gauges,radar,2.0,37841,1.2815,0.9402,-0.3414,-0.2664,0.8506,1.3779,1.0752,0.5988,0.9063,0.2104,0.73,openrainer 2022-05-05 09
openrainer,dynamic idw,radar,2.0,38960,1.2752,0.8851,-0.39,-0.3059,1.0727,1.8354,1.4394,0.3574,0.8021,0.201,0.6674,openrainer 2022-05-05 09
openrainer,dynamic line,radar,2.0,38960,1.2752,0.8325,-0.4427,-0.3472,1.0238,1.7296,1.3564,0.3999,0.8139,0.2015,0.6752,openrainer 2022-05-05 09
openrainer,dynamic gmz,radar,2.0,38960,1.2752,0.8535,-0.4217,-0.3307,1.0506,1.8096,1.4191,0.3712,0.7945,0.2001,0.6628,openrainer 2022-05-05 09
openrainer,constant idw,radar,2.0,38960,1.2752,0.0996,-1.1756,-0.9219,1.2064,1.9682,1.5435,0.3364,0.1694,0.0685,0.1673,openrainer 2022-05-05 09
openrainer,constant line,radar,2.0,38960,1.2752,0.118,-1.1571,-0.9074,1.1864,1.9414,1.5225,0.3728,0.1958,0.0595,0.1934,openrainer 2022-05-05 09
openrainer,constant gmz,radar,2.0,38960,1.2752,0.1274,-1.1478,-0.9001,1.186,1.9442,1.5246,0.345,0.1965,0.0623,0.194,openrainer 2022-05-05 09
openrainer,pycomlink idw,radar,2.0,38960,1.2752,0.2451,-1.03,-0.8078,1.1316,1.8632,1.4611,0.3737,0.3968,0.0781,0.3839,openrainer 2022-05-05 09
openrainer,pycomlink line,radar,2.0,38960,1.2752,0.2377,-1.0375,-0.8136,1.1217,1.8432,1.4455,0.4102,0.3916,0.0725,0.38,openrainer 2022-05-05 09
openrainer,pycomlink gmz,radar,2.0,38960,1.2752,0.2499,-1.0253,-0.804,1.1225,1.8477,1.449,0.3936,0.3859,0.0771,0.3738,openrainer 2022-05-05 09
openrainer,nearby idw,radar,2.0,25757,1.3499,0.324,-1.0258,-0.7599,1.1892,1.9452,1.441,0.2721,0.3975,0.104,0.38,openrainer 2022-05-05 09
openrainer,nearby line,radar,2.0,27306,1.3482,0.3418,-1.0064,-0.7465,1.1729,1.9196,1.4238,0.2994,0.4062,0.11,0.3868,openrainer 2022-05-05 09
openrainer,nearby gmz,radar,2.0,27306,1.3482,0.3515,-0.9968,-0.7393,1.1841,1.9577,1.452,0.2664,0.3983,0.105,0.3805,openrainer 2022-05-05 09
openrainer,rnn idw,radar,2.0,38960,1.2752,0.8514,-0.4238,-0.3323,0.8823,1.4308,1.1221,0.5831,0.7936,0.1924,0.6674,openrainer 2022-05-05 09
openrainer,rnn line,radar,2.0,38960,1.2752,0.8933,-0.3819,-0.2995,0.8694,1.4037,1.1008,0.598,0.7999,0.1974,0.6684,openrainer 2022-05-05 09
openrainer,rnn gmz,radar,2.0,38960,1.2752,0.8995,-0.3757,-0.2946,0.8794,1.4223,1.1154,0.5874,0.7914,0.1938,0.6649,openrainer 2022-05-05 09
openrainer,dynamic idw,gauges,2.0,37841,0.9402,0.8839,-0.0563,-0.0599,0.7191,1.3869,1.4752,0.4271,0.7992,0.0852,0.7438,openrainer 2022-05-05 09
openrainer,dynamic line,gauges,2.0,37841,0.9402,0.8298,-0.1103,-0.1173,0.6761,1.2563,1.3362,0.4523,0.8068,0.0905,0.7469,openrainer 2022-05-05 09
openrainer,dynamic gmz,gauges,2.0,37841,0.9402,0.8524,-0.0877,-0.0933,0.7164,1.3685,1.4556,0.4234,0.7866,0.0908,0.7293,openrainer 2022-05-05 09
openrainer,constant idw,gauges,2.0,37841,0.9402,0.0916,-0.8485,-0.9025,0.8772,1.2547,1.3345,0.333,0.1531,0.0077,0.1529,openrainer 2022-05-05 09
openrainer,constant line,gauges,2.0,37841,0.9402,0.1106,-0.8296,-0.8824,0.8565,1.2283,1.3065,0.3795,0.1766,0.0069,0.1764,openrainer 2022-05-05 09
openrainer,constant gmz,gauges,2.0,37841,0.9402,0.1195,-0.8207,-0.8729,0.8572,1.235,1.3136,0.357,0.178,0.0074,0.1778,openrainer 2022-05-05 09
openrainer,pycomlink idw,gauges,2.0,37841,0.9402,0.2441,-0.6961,-0.7404,0.7845,1.1559,1.2295,0.4394,0.3727,0.019,0.3701,openrainer 2022-05-05 09
openrainer,pycomlink line,gauges,2.0,37841,0.9402,0.2365,-0.7037,-0.7484,0.776,1.1364,1.2087,0.4625,0.3658,0.019,0.3632,openrainer 2022-05-05 09
openrainer,pycomlink gmz,gauges,2.0,37841,0.9402,0.2491,-0.691,-0.735,0.7765,1.1478,1.2209,0.448,0.3628,0.0195,0.3602,openrainer 2022-05-05 09
openrainer,nearby idw,gauges,2.0,25717,1.0061,0.3233,-0.6828,-0.6787,0.769,1.0816,1.0751,0.5453,0.3701,0.0168,0.3678,openrainer 2022-05-05 09
openrainer,nearby line,gauges,2.0,27226,1.0105,0.3404,-0.6701,-0.6632,0.7514,1.0643,1.0533,0.5662,0.3807,0.0153,0.3785,openrainer 2022-05-05 09
openrainer,nearby gmz,gauges,2.0,27226,1.0105,0.35,-0.6605,-0.6536,0.7613,1.1302,1.1185,0.5085,0.3716,0.014,0.3697,openrainer 2022-05-05 09
openrainer,rnn idw,gauges,2.0,37841,0.9402,0.853,-0.0871,-0.0927,0.5306,0.8005,0.8514,0.7213,0.8115,0.0647,0.7684,openrainer 2022-05-05 09
openrainer,rnn line,gauges,2.0,37841,0.9402,0.896,-0.0442,-0.047,0.5375,0.8146,0.8664,0.7257,0.821,0.0672,0.7752,openrainer 2022-05-05 09
openrainer,rnn gmz,gauges,2.0,37841,0.9402,0.9015,-0.0387,-0.0412,0.5572,0.8559,0.9104,0.7104,0.809,0.0662,0.7652,openrainer 2022-05-05 09
openrainer,gauges,radar,,282573,1.1713,0.8342,-0.3371,-0.2878,0.7371,1.2237,1.0447,0.6344,0.88,0.1767,0.7402,openrainer 2022-05-05 09
openrainer,dynamic idw,radar,,163080,1.1914,1.0526,-0.1388,-0.1165,1.1651,2.1287,1.7868,0.2898,0.779,0.205,0.6486,openrainer 2022-05-05 09
openrainer,dynamic line,radar,,190560,1.192,0.961,-0.231,-0.1938,1.0658,1.9107,1.6028,0.3291,0.8081,0.2064,0.6677,openrainer 2022-05-05 09
openrainer,dynamic gmz,radar,,190560,1.192,0.9875,-0.2045,-0.1716,1.1015,2.0206,1.6951,0.308,0.7865,0.2062,0.6531,openrainer 2022-05-05 09
openrainer,constant idw,radar,,163080,1.1914,0.0965,-1.0949,-0.919,1.1409,1.8923,1.5884,0.2554,0.1448,0.0852,0.1428,openrainer 2022-05-05 09
openrainer,constant line,radar,,190560,1.192,0.1204,-1.0716,-0.899,1.1189,1.8561,1.5571,0.3093,0.1852,0.0755,0.1824,openrainer 2022-05-05 09
openrainer,constant gmz,radar,,190560,1.192,0.1278,-1.0643,-0.8928,1.1199,1.8573,1.5581,0.2979,0.1808,0.0789,0.1781,openrainer 2022-05-05 09
openrainer,pycomlink idw,radar,,163080,1.1914,0.2861,-0.9052,-0.7598,1.0759,1.8161,1.5244,0.3074,0.382,0.0928,0.3677,openrainer 2022-05-05 09
openrainer,pycomlink line,radar,,190560,1.192,0.2735,-0.9186,-0.7706,1.0578,1.7778,1.4914,0.3445,0.3878,0.0835,0.3746,openrainer 2022-05-05 09
openrainer,pycomlink gmz,radar,,190560,1.192,0.2857,-0.9063,-0.7603,1.0616,1.7905,1.502,0.332,0.3806,0.0881,0.3671,openrainer 2022-05-05 09
openrainer,nearby idw,radar,,80114,1.2837,0.3753,-0.9084,-0.7077,1.1611,1.9379,1.5096,0.2192,0.4094,0.1247,0.3869,openrainer 2022-05-05 09
openrainer,nearby line,radar,,98718,1.2881,0.3785,-0.9096,-0.7061,1.1394,1.8819,1.461,0.2637,0.4244,0.1329,0.3985,openrainer 2022-05-05 09
openrainer,nearby gmz,radar,,98718,1.2881,0.3842,-0.9039,-0.7017,1.1461,1.8937,1.4702,0.2573,0.4142,0.1293,0.3902,openrainer 2022-05-05 09
openrainer,rnn idw,radar,,163080,1.1914,0.8106,-0.3807,-0.3196,0.8763,1.4278,1.1984,0.54,0.7409,0.1915,0.6303,openrainer 2022-05-05 09
openrainer,rnn line,radar,,190560,1.192,0.8389,-0.3531,-0.2962,0.8712,1.4168,1.1886,0.547,0.7357,0.1939,0.6251,openrainer 2022-05-05 09
openrainer,rnn gmz,radar,,190560,1.192,0.8417,-0.3504,-0.2939,0.8797,1.4313,1.2007,0.54,0.7296,0.1925,0.6214,openrainer 2022-05-05 09
openrainer,dynamic idw,gauges,,154760,0.9035,1.0521,0.1486,0.1644,0.8695,1.8156,2.0095,0.383,0.7798,0.1066,0.7135,openrainer 2022-05-05 09
openrainer,dynamic line,gauges,,177556,0.9002,0.959,0.0587,0.0652,0.7784,1.5753,1.7499,0.4004,0.8084,0.1157,0.7311,openrainer 2022-05-05 09
openrainer,dynamic gmz,gauges,,177556,0.9002,0.987,0.0867,0.0964,0.8228,1.7087,1.8981,0.3774,0.7878,0.1151,0.7146,openrainer 2022-05-05 09
openrainer,constant idw,gauges,,154760,0.9035,0.0892,-0.8143,-0.9012,0.8509,1.2644,1.3995,0.302,0.1349,0.0182,0.1346,openrainer 2022-05-05 09
openrainer,constant line,gauges,,177556,0.9002,0.1128,-0.7874,-0.8746,0.8283,1.2475,1.3858,0.3452,0.1745,0.0171,0.174,openrainer 2022-05-05 09
openrainer,constant gmz,gauges,,177556,0.9002,0.1194,-0.7808,-0.8674,0.8293,1.2509,1.3895,0.3358,0.1708,0.0179,0.1703,openrainer 2022-05-05 09
openrainer,pycomlink idw,gauges,,154760,0.9035,0.289,-0.6145,-0.6801,0.7626,1.2019,1.3302,0.4199,0.3748,0.0258,0.3711,openrainer 2022-05-05 09
openrainer,pycomlink line,gauges,,177556,0.9002,0.2773,-0.623,-0.692,0.7465,1.1758,1.3061,0.4344,0.3836,0.024,0.3801,openrainer 2022-05-05 09
openrainer,pycomlink gmz,gauges,,177556,0.9002,0.2897,-0.6105,-0.6782,0.7498,1.1966,1.3292,0.4222,0.3787,0.025,0.3751,openrainer 2022-05-05 09
openrainer,nearby idw,gauges,,78674,0.9868,0.3769,-0.6099,-0.6181,0.7713,1.1588,1.1743,0.4793,0.3902,0.0196,0.3872,openrainer 2022-05-05 09
openrainer,nearby line,gauges,,96278,0.995,0.3797,-0.6153,-0.6184,0.7449,1.0891,1.0946,0.5373,0.4066,0.0208,0.4031,openrainer 2022-05-05 09
openrainer,nearby gmz,gauges,,96278,0.995,0.3846,-0.6104,-0.6135,0.7489,1.1081,1.1137,0.5244,0.3962,0.0181,0.3933,openrainer 2022-05-05 09
openrainer,rnn idw,gauges,,154760,0.9035,0.817,-0.0865,-0.0958,0.5416,0.8493,0.94,0.7029,0.7686,0.072,0.7253,openrainer 2022-05-05 09
openrainer,rnn line,gauges,,177556,0.9002,0.8463,-0.0539,-0.0599,0.5467,0.8807,0.9784,0.6933,0.7716,0.0762,0.7254,openrainer 2022-05-05 09
openrainer,rnn gmz,gauges,,177556,0.9002,0.8477,-0.0526,-0.0584,0.5613,0.9087,1.0094,0.6814,0.7631,0.076,0.718,openrainer 2022-05-05 09
openrainer,gauges,radar,2.0,17172,1.9371,0.9174,-1.0197,-0.5264,1.1951,3.2975,1.7022,0.7124,0.796,0.1593,0.6917,openrainer 2022-05-28 10
openrainer,dynamic idw,radar,2.0,17723,1.9053,1.968,0.0627,0.0329,1.7763,4.8739,2.558,0.3996,0.8953,0.4062,0.5553,openrainer 2022-05-28 10
openrainer,dynamic line,radar,2.0,17726,1.9084,1.7873,-0.1211,-0.0635,1.6881,4.4457,2.3295,0.4151,0.9033,0.4126,0.5527,openrainer 2022-05-28 10
openrainer,dynamic gmz,radar,2.0,17726,1.9084,1.8344,-0.074,-0.0388,1.7434,4.652,2.4376,0.4048,0.8868,0.4089,0.5496,openrainer 2022-05-28 10
openrainer,constant idw,radar,2.0,17723,1.9053,0.7542,-1.1511,-0.6042,1.4556,3.9102,2.0522,0.5,0.509,0.0696,0.4903,openrainer 2022-05-28 10
openrainer,constant line,radar,2.0,17726,1.9084,0.7105,-1.1979,-0.6277,1.4318,3.7687,1.9748,0.5342,0.525,0.0674,0.5058,openrainer 2022-05-28 10
openrainer,constant gmz,radar,2.0,17726,1.9084,0.729,-1.1794,-0.618,1.4322,3.7475,1.9636,0.5432,0.5113,0.0672,0.4931,openrainer 2022-05-28 10
openrainer,pycomlink idw,radar,2.0,17723,1.9053,1.1132,-0.7922,-0.4158,1.4013,3.8919,2.0426,0.4955,0.7889,0.2972,0.5915,openrainer 2022-05-28 10
openrainer,pycomlink line,radar,2.0,17726,1.9084,1.022,-0.8864,-0.4645,1.3767,3.7173,1.9478,0.5265,0.7867,0.3009,0.5877,openrainer 2022-05-28 10
openrainer,pycomlink gmz,radar,2.0,17726,1.9084,1.0438,-0.8647,-0.4531,1.3961,3.7327,1.9559,0.5269,0.7712,0.2976,0.5813,openrainer 2022-05-28 10
openrainer,nearby idw,radar,2.0,12103,1.8752,0.827,-1.0482,-0.559,1.483,4.4105,2.352,0.3984,0.6197,0.0813,0.5875,openrainer 2022-05-28 10
openrainer,nearby line,radar,2.0,12825,1.9476,0.786,-1.1616,-0.5964,1.5176,4.3618,2.2396,0.393,0.6294,0.0912,0.592,openrainer 2022-05-28 10
openrainer,nearby gmz,radar,2.0,12825,1.9476,0.7857,-1.1619,-0.5966,1.539,4.3871,2.2526,0.393,0.6144,0.0906,0.579,openrainer 2022-05-28 10
openrainer,rnn idw,radar,2.0,17727,1.9093,1.8861,-0.0232,-0.0122,1.2764,2.8647,1.5004,0.7339,0.8835,0.3546,0.5948,openrainer 2022-05-28 10
openrainer,rnn line,radar,2.0,17727,1.9093,1.9713,0.0621,0.0325,1.3106,2.8742,1.5054,0.7321,0.8901,0.3588,0.5942,openrainer 2022-05-28 10
openrainer,rnn gmz,radar,2.0,17727,1.9093,1.9911,0.0818,0.0428,1.3038,2.8169,1.4754,0.7452,0.8809,0.3554,0.593,openrainer 2022-05-28 10
openrainer,dynamic idw,gauges,2.0,17168,0.916,2.0009,1.0849,1.1844,1.3814,4.4149,4.8197,0.421,0.9179,0.4259,0.5461,openrainer 2022-05-28 10
openrainer,dynamic line,gauges,2.0,17171,0.917,1.8145,0.8975,0.9787,1.2173,3.7497,4.0889,0.4404,0.9244,0.4331,0.5418,openrainer 2022-05-28 10
openrainer,dynamic gmz,gauges,2.0,17171,0.917,1.8637,0.9467,1.0323,1.2905,4.0761,4.4449,0.4202,0.9068,0.4305,0.538,openrainer 2022-05-28 10
openrainer,constant idw,gauges,2.0,17168,0.916,0.7606,-0.1554,-0.1696,0.6781,2.6222,2.8626,0.5075,0.5226,0.1005,0.4938,openrainer 2022-05-28 10
openrainer,constant line,gauges,2.0,17171,0.917,0.7156,-0.2015,-0.2197,0.6274,2.2311,2.433,0.5533,0.5396,0.098,0.5098,openrainer 2022-05-28 10
openrainer,constant gmz,gauges,2.0,17171,0.917,0.7334,-0.1836,-0.2002,0.6442,2.3186,2.5284,0.5503,0.5254,0.0975,0.4972,openrainer 2022-05-28 10
openrainer,pycomlink idw,gauges,2.0,17168,0.916,1.129,0.213,0.2326,0.6923,2.7675,3.0213,0.5214,0.8672,0.2766,0.6513,openrainer 2022-05-28 10
openrainer,pycomlink line,gauges,2.0,17171,0.917,1.0351,0.118,0.1287,0.6242,2.2884,2.4955,0.5643,0.8616,0.2832,0.6428,openrainer 2022-05-28 10
openrainer,pycomlink gmz,gauges,2.0,17171,0.917,1.0571,0.14,0.1527,0.6667,2.4289,2.6486,0.552,0.8434,0.2814,0.634,openrainer 2022-05-28 10
openrainer,nearby idw,gauges,2.0,12042,0.9035,0.8259,-0.0775,-0.0858,0.7185,3.5313,3.9087,0.3866,0.6508,0.0696,0.6206,openrainer 2022-05-28 10
openrainer,nearby line,gauges,2.0,12745,0.9261,0.7854,-0.1408,-0.152,0.6853,3.1734,3.4264,0.3949,0.6641,0.075,0.6302,openrainer 2022-05-28 10
openrainer,nearby gmz,gauges,2.0,12745,0.9261,0.7843,-0.1419,-0.1532,0.7158,3.2379,3.4961,0.388,0.6503,0.0717,0.6192,openrainer 2022-05-28 10
openrainer,rnn idw,gauges,2.0,17172,0.9174,1.9155,0.998,1.0878,1.1957,2.3149,2.5232,0.7353,0.9442,0.3536,0.6227,openrainer 2022-05-28 10
openrainer,rnn line,gauges,2.0,17172,0.9174,2.0032,1.0858,1.1835,1.2681,2.4212,2.639,0.7338,0.9513,0.3579,0.6217,openrainer 2022-05-28 10
openrainer,rnn gmz,gauges,2.0,17172,0.9174,2.0208,1.1034,1.2027,1.2892,2.5103,2.7362,0.7367,0.9447,0.3521,0.6242,openrainer 2022-05-28 10
openrainer,gauges,radar,,133605,1.489,0.737,-0.752,-0.5051,0.9067,2.6255,1.7633,0.7427,0.7299,0.1623,0.6395,openrainer 2022-05-28 10
openrainer,dynamic idw,radar,,74596,1.6135,2.3665,0.7531,0.4667,2.0874,5.8474,3.6241,0.3283,0.8547,0.4278,0.5215,openrainer 2022-05-28 10
openrainer,dynamic line,radar,,87654,1.5617,2.0331,0.4715,0.3019,1.819,5.0008,3.2022,0.3371,0.8656,0.4436,0.5121,openrainer 2022-05-28 10
openrainer,dynamic gmz,radar,,87654,1.5617,2.1019,0.5403,0.346,1.899,5.3611,3.433,0.3222,0.8455,0.4412,0.507,openrainer 2022-05-28 10
openrainer,constant idw,radar,,74596,1.6135,0.7933,-0.8202,-0.5083,1.2907,3.5548,2.2032,0.491,0.4778,0.11,0.4511,openrainer 2022-05-28 10
openrainer,constant line,radar,,87654,1.5617,0.7317,-0.8299,-0.5314,1.2166,3.3505,2.1454,0.4981,0.4975,0.1128,0.4679,openrainer 2022-05-28 10
openrainer,constant gmz,radar,,87654,1.5617,0.7496,-0.812,-0.52,1.2191,3.3417,2.1399,0.5067,0.489,0.1086,0.4615,openrainer 2022-05-28 10
openrainer,pycomlink idw,radar,,74596,1.6135,1.1577,-0.4558,-0.2825,1.3122,3.6319,2.251,0.4816,0.7291,0.308,0.5505,openrainer 2022-05-28 10
openrainer,pycomlink line,radar,,87654,1.5617,1.0199,-0.5418,-0.3469,1.219,3.3415,2.1397,0.494,0.7247,0.3217,0.5393,openrainer 2022-05-28 10
openrainer,pycomlink gmz,radar,,87654,1.5617,1.0428,-0.5188,-0.3322,1.2424,3.3863,2.1684,0.4911,0.7114,0.3176,0.5345,openrainer 2022-05-28 10
openrainer,nearby idw,radar,,37586,1.7197,0.85,-0.8698,-0.5058,1.4111,4.201,2.4428,0.4102,0.594,0.1206,0.5493,openrainer 2022-05-28 10
openrainer,nearby line,radar,,45625,1.743,0.7598,-0.9832,-0.5641,1.3799,4.0253,2.3094,0.3987,0.6087,0.128,0.5587,openrainer 2022-05-28 10
openrainer,nearby gmz,radar,,45625,1.743,0.7637,-0.9793,-0.5618,1.4022,4.0506,2.324,0.3981,0.589,0.1306,0.5411,openrainer 2022-05-28 10
openrainer,rnn idw,radar,,74632,1.6199,1.6922,0.0723,0.0446,1.2342,2.811,1.7353,0.6763,0.8162,0.3596,0.5597,openrainer 2022-05-28 10
openrainer,rnn line,radar,,87685,1.5669,1.739,0.1722,0.1099,1.2673,2.8141,1.796,0.6613,0.8136,0.3689,0.5514,openrainer 2022-05-28 10
openrainer,rnn gmz,radar,,87685,1.5669,1.7529,0.1861,0.1187,1.2678,2.7965,1.7848,0.6712,0.8063,0.3657,0.5504,openrainer 2022-05-28 10
openrainer,dynamic idw,gauges,,70459,0.8158,2.3899,1.574,1.9293,1.8294,5.653,6.929,0.374,0.8958,0.4438,0.5224,openrainer 2022-05-28 10
openrainer,dynamic line,gauges,,80911,0.8069,2.0591,1.2523,1.552,1.5165,4.6174,5.7226,0.394,0.9094,0.4603,0.5122,openrainer 2022-05-28 10
openrainer,dynamic gmz,gauges,,80911,0.8069,2.1328,1.3259,1.6433,1.6054,5.04,6.2462,0.3739,0.8934,0.4565,0.5104,openrainer 2022-05-28 10
openrainer,constant idw,gauges,,70459,0.8158,0.7914,-0.0244,-0.03,0.6998,2.5358,3.1082,0.528,0.5051,0.1346,0.4683,openrainer 2022-05-28 10
openrainer,constant line,gauges,,80911,0.8069,0.7362,-0.0707,-0.0876,0.6295,2.1645,2.6825,0.5576,0.533,0.1373,0.4913,openrainer 2022-05-28 10
openrainer,constant gmz,gauges,,80911,0.8069,0.7539,-0.053,-0.0656,0.6423,2.2163,2.7467,0.5617,0.5234,0.1345,0.4841,openrainer 2022-05-28 10
openrainer,pycomlink idw,gauges,,70459,0.8158,1.1865,0.3707,0.4544,0.794,2.8326,3.472,0.5347,0.8283,0.2846,0.623,openrainer 2022-05-28 10
openrainer,pycomlink line,gauges,,80911,0.8069,1.0507,0.2438,0.3022,0.6794,2.3005,2.8511,0.5674,0.8341,0.2963,0.6173,openrainer 2022-05-28 10
openrainer,pycomlink gmz,gauges,,80911,0.8069,1.0756,0.2687,0.3331,0.7158,2.4229,3.0028,0.5593,0.8207,0.2912,0.6138,openrainer 2022-05-28 10
openrainer,nearby idw,gauges,,37202,0.8474,0.8496,0.0022,0.0026,0.7421,3.3596,3.9649,0.4341,0.634,0.096,0.594,openrainer 2022-05-28 10
openrainer,nearby line,gauges,,44945,0.8463,0.7568,-0.0895,-0.1058,0.6571,2.8228,3.3355,0.447,0.6496,0.1047,0.6038,openrainer 2022-05-28 10
openrainer,nearby gmz,gauges,,44945,0.8463,0.7583,-0.088,-0.104,0.6785,2.8771,3.3997,0.4421,0.633,0.1014,0.5908,openrainer 2022-05-28 10
openrainer,rnn idw,gauges,,70489,0.8207,1.7392,0.9185,1.1191,1.1382,2.3151,2.8208,0.7034,0.9074,0.3535,0.6064,openrainer 2022-05-28 10
openrainer,rnn line,gauges,,80942,0.8113,1.7888,0.9775,1.2048,1.1925,2.4052,2.9646,0.6944,0.9114,0.3621,0.6007,openrainer 2022-05-28 10
openrainer,rnn gmz,gauges,,80942,0.8113,1.8002,0.9889,1.2189,1.2073,2.4731,3.0483,0.6966,0.9061,0.3571,0.6027,openrainer 2022-05-28 10
openrainer,gauges,radar,2.0,26179,0.4025,0.1742,-0.2283,-0.5671,0.2934,1.1803,2.9323,0.7424,0.5396,0.205,0.4737,openrainer 2022-06-08 15
openrainer,dynamic idw,radar,2.0,26740,0.4124,0.6352,0.2228,0.5402,0.5989,2.0206,4.8995,0.4698,0.7011,0.5551,0.3739,openrainer 2022-06-08 15
openrainer,dynamic line,radar,2.0,26740,0.4124,0.5673,0.1549,0.3757,0.5495,1.8798,4.5581,0.4812,0.7026,0.5348,0.3886,openrainer 2022-06-08 15
openrainer,dynamic gmz,radar,2.0,26740,0.4124,0.5969,0.1845,0.4475,0.5716,1.9706,4.7783,0.4776,0.6915,0.5421,0.3802,openrainer 2022-06-08 15
openrainer,constant idw,radar,2.0,26740,0.4124,0.2291,-0.1833,-0.4446,0.3797,1.4114,3.4223,0.581,0.3739,0.2794,0.3266,openrainer 2022-06-08 15
openrainer,constant line,radar,2.0,26740,0.4124,0.2166,-0.1958,-0.4748,0.3767,1.4111,3.4217,0.5769,0.3799,0.2669,0.3337,openrainer 2022-06-08 15
openrainer,constant gmz,radar,2.0,26740,0.4124,0.2235,-0.1889,-0.4582,0.3752,1.3881,3.3659,0.5977,0.3711,0.2779,0.3247,openrainer 2022-06-08 15
openrainer,pycomlink idw,radar,2.0,26740,0.4124,0.2061,-0.2063,-0.5003,0.3146,1.2344,2.9933,0.7048,0.491,0.2767,0.4133,openrainer 2022-06-08 15
openrainer,pycomlink line,radar,2.0,26740,0.4124,0.1918,-0.2206,-0.535,0.316,1.2453,3.0196,0.7073,0.4904,0.2728,0.4142,openrainer 2022-06-08 15
openrainer,pycomlink gmz,radar,2.0,26740,0.4124,0.1979,-0.2145,-0.52,0.3137,1.2167,2.9503,0.7194,0.4854,0.2641,0.4134,openrainer 2022-06-08 15
openrainer,nearby idw,radar,2.0,18144,0.3276,0.0537,-0.2739,-0.8361,0.294,1.3931,4.2526,0.5464,0.2558,0.1449,0.2452,openrainer 2022-06-08 15
openrainer,nearby line,radar,2.0,19208,0.3523,0.0556,-0.2967,-0.8421,0.3176,1.5119,4.292,0.5596,0.2651,0.1596,0.2524,openrainer 2022-06-08 15
openrainer,nearby gmz,radar,2.0,19208,0.3523,0.0579,-0.2944,-0.8357,0.3143,1.4836,4.2118,0.5996,0.2629,0.1539,0.2509,openrainer 2022-06-08 15
openrainer,rnn idw,radar,2.0,26740,0.4124,0.3585,-0.0539,-0.1308,0.3282,1.1617,2.8169,0.7306,0.6162,0.4079,0.4326,openrainer 2022-06-08 15
openrainer,rnn line,radar,2.0,26740,0.4124,0.3737,-0.0387,-0.0939,0.3348,1.1718,2.8415,0.7253,0.6142,0.4147,0.428,openrainer 2022-06-08 15
openrainer,rnn gmz,radar,2.0,26740,0.4124,0.3797,-0.0327,-0.0792,0.3303,1.1434,2.7724,0.7414,0.609,0.4108,0.4275,openrainer 2022-06-08 15
openrainer,dynamic idw,gauges,2.0,26179,0.1742,0.6298,0.4555,2.6146,0.5172,1.9351,11.1068,0.4784,0.8257,0.6393,0.3352,openrainer 2022-06-08 15
openrainer,dynamic line,gauges,2.0,26179,0.1742,0.5603,0.386,2.2156,0.4542,1.7559,10.0783,0.4817,0.8324,0.6192,0.3536,openrainer 2022-06-08 15
openrainer,dynamic gmz,gauges,2.0,26179,0.1742,0.5888,0.4145,2.3792,0.4846,1.8875,10.8332,0.4699,0.8172,0.6262,0.345,openrainer 2022-06-08 15
openrainer,constant idw,gauges,2.0,26179,0.1742,0.2262,0.052,0.2984,0.2099,1.0046,5.7659,0.5713,0.4807,0.3666,0.3761,openrainer 2022-06-08 15
openrainer,constant line,gauges,2.0,26179,0.1742,0.2136,0.0393,0.2258,0.2019,0.9769,5.6067,0.561,0.4927,0.3492,0.3897,openrainer 2022-06-08 15
openrainer,constant gmz,gauges,2.0,26179,0.1742,0.2195,0.0453,0.26,0.2073,1.0085,5.7885,0.567,0.4797,0.3611,0.3773,openrainer 2022-06-08 15
openrainer,pycomlink idw,gauges,2.0,26179,0.1742,0.2021,0.0279,0.1602,0.1422,0.7115,4.0839,0.7325,0.6556,0.3408,0.4897,openrainer 2022-06-08 15
openrainer,pycomlink line,gauges,2.0,26179,0.1742,0.1877,0.0134,0.077,0.1369,0.6851,3.9322,0.7262,0.6548,0.3367,0.4915,openrainer 2022-06-08 15
openrainer,pycomlink gmz,gauges,2.0,26179,0.1742,0.193,0.0188,0.1079,0.142,0.7173,4.1167,0.722,0.6432,0.335,0.4858,openrainer 2022-06-08 15
openrainer,nearby idw,gauges,2.0,18087,0.1237,0.0518,-0.0719,-0.5813,0.1055,0.5795,4.6862,0.4552,0.39,0.189,0.3575,openrainer 2022-06-08 15
openrainer,nearby line,gauges,2.0,19123,0.138,0.0538,-0.0842,-0.6101,0.1174,0.7513,5.4438,0.4337,0.4077,0.1893,0.3723,openrainer 2022-06-08 15
openrainer,nearby gmz,gauges,2.0,19123,0.138,0.0553,-0.0827,-0.5995,0.1176,0.7452,5.3999,0.4486,0.4046,0.1831,0.3709,openrainer 2022-06-08 15
openrainer,rnn idw,gauges,2.0,26179,0.1742,0.3505,0.1763,1.0117,0.2388,0.8802,5.0519,0.7105,0.7863,0.4831,0.4533,openrainer 2022-06-08 15
openrainer,rnn line,gauges,2.0,26179,0.1742,0.3658,0.1916,1.0997,0.2533,0.9203,5.2822,0.7053,0.7912,0.4848,0.4535,openrainer 2022-06-08 15
openrainer,rnn gmz,gauges,2.0,26179,0.1742,0.3704,0.1962,1.1261,0.2569,0.94,5.3952,0.7129,0.7863,0.4792,0.4563,openrainer 2022-06-08 15
openrainer,gauges,radar,,197618,0.5116,0.2447,-0.2669,-0.5216,0.3921,1.4309,2.7969,0.6596,0.5133,0.2063,0.4529,openrainer 2022-06-08 15
openrainer,dynamic idw,radar,,111664,0.4609,0.9632,0.5024,1.0901,0.9221,2.7605,5.9901,0.3764,0.6837,0.5725,0.3569,openrainer 2022-06-08 15
openrainer,dynamic line,radar,,129052,0.4753,0.8647,0.3894,0.8192,0.845,2.5062,5.2729,0.3832,0.704,0.5759,0.3599,openrainer 2022-06-08 15
openrainer,dynamic gmz,radar,,129052,0.4753,0.9091,0.4338,0.9127,0.8878,2.6732,5.6242,0.3687,0.6943,0.5758,0.3574,openrainer 2022-06-08 15
openrainer,constant idw,radar,,111664,0.4609,0.3391,-0.1218,-0.2642,0.5051,1.7226,3.7379,0.4571,0.3661,0.3439,0.3071,openrainer 2022-06-08 15
openrainer,constant line,radar,,129052,0.4753,0.3238,-0.1515,-0.3188,0.5114,1.735,3.6502,0.4375,0.3918,0.3494,0.3237,openrainer 2022-06-08 15
openrainer,constant gmz,radar,,129052,0.4753,0.3364,-0.1389,-0.2922,0.518,1.7617,3.7064,0.4395,0.38,0.35,0.3155,openrainer 2022-06-08 15
openrainer,pycomlink idw,radar,,111664,0.4609,0.2622,-0.1986,-0.431,0.4044,1.489,3.231,0.563,0.4559,0.3273,0.3731,openrainer 2022-06-08 15
openrainer,pycomlink line,radar,,129052,0.4753,0.2467,-0.2286,-0.481,0.418,1.5176,3.1929,0.5478,0.4604,0.336,0.3734,openrainer 2022-06-08 15
openrainer,pycomlink gmz,radar,,129052,0.4753,0.2569,-0.2184,-0.4595,0.4229,1.5385,3.2369,0.5392,0.4528,0.3281,0.3708,openrainer 2022-06-08 15
openrainer,nearby idw,radar,,57100,0.3442,0.0706,-0.2736,-0.7948,0.3214,1.4957,4.3447,0.4096,0.2512,0.1896,0.2373,openrainer 2022-06-08 15
openrainer,nearby line,radar,,69620,0.3749,0.073,-0.3019,-0.8052,0.35,1.5924,4.2479,0.4348,0.2665,0.2122,0.2486,openrainer 2022-06-08 15
openrainer,nearby gmz,radar,,69620,0.3749,0.0763,-0.2986,-0.7964,0.3463,1.5675,4.1813,0.4698,0.2646,0.2141,0.2468,openrainer 2022-06-08 15
openrainer,rnn idw,radar,,111664,0.4609,0.4074,-0.0535,-0.1161,0.4216,1.3561,2.9426,0.6469,0.5817,0.4521,0.3931,openrainer 2022-06-08 15
openrainer,rnn line,radar,,129052,0.4753,0.4401,-0.0352,-0.0741,0.4541,1.415,2.977,0.6269,0.5808,0.4684,0.3842,openrainer 2022-06-08 15
openrainer,rnn gmz,radar,,129052,0.4753,0.4482,-0.0271,-0.0571,0.4543,1.4119,2.9705,0.6338,0.577,0.4696,0.3819,openrainer 2022-06-08 15
openrainer,dynamic idw,gauges,,106270,0.2037,0.9122,0.7085,3.4786,0.7979,2.6122,12.8252,0.4154,0.8241,0.6425,0.3322,openrainer 2022-06-08 15
openrainer,dynamic line,gauges,,120796,0.2088,0.8069,0.5981,2.8641,0.7013,2.3045,11.0354,0.4125,0.8397,0.6499,0.3281,openrainer 2022-06-08 15
openrainer,dynamic gmz,gauges,,120796,0.2088,0.8511,0.6423,3.0756,0.7461,2.4888,11.9178,0.4034,0.8294,0.6491,0.3273,openrainer 2022-06-08 15
openrainer,constant idw,gauges,,106270,0.2037,0.3133,0.1096,0.5382,0.3045,1.2833,6.3005,0.5008,0.4579,0.4246,0.3422,openrainer 2022-06-08 15
openrainer,constant line,gauges,,120796,0.2088,0.2973,0.0885,0.4236,0.2972,1.2535,6.0023,0.4715,0.4958,0.429,0.3612,openrainer 2022-06-08 15
openrainer,constant gmz,gauges,,120796,0.2088,0.3097,0.1008,0.4829,0.3063,1.3074,6.2605,0.4771,0.4809,0.4277,0.3537,openrainer 2022-06-08 15
openrainer,pycomlink idw,gauges,,106270,0.2037,0.2534,0.0497,0.2442,0.2041,0.93,4.5662,0.6641,0.6359,0.3603,0.4682,openrainer 2022-06-08 15
openrainer,pycomlink line,gauges,,120796,0.2088,0.2345,0.0257,0.1229,0.2003,0.8986,4.3028,0.639,0.6467,0.3681,0.4698,openrainer 2022-06-08 15
openrainer,pycomlink gmz,gauges,,120796,0.2088,0.2442,0.0354,0.1696,0.2075,0.9476,4.5375,0.6355,0.6312,0.3655,0.4629,openrainer 2022-06-08 15
openrainer,nearby idw,gauges,,55848,0.1227,0.0671,-0.0555,-0.4527,0.1146,0.6442,5.2506,0.3801,0.4031,0.1939,0.3675,openrainer 2022-06-08 15
openrainer,nearby line,gauges,,67584,0.1362,0.0691,-0.067,-0.4924,0.1246,0.7098,5.2126,0.3878,0.4272,0.2116,0.3832,openrainer 2022-06-08 15
openrainer,nearby gmz,gauges,,67584,0.1362,0.0707,-0.0655,-0.4808,0.1237,0.7085,5.2031,0.4021,0.4264,0.2088,0.3833,openrainer 2022-06-08 15
openrainer,rnn idw,gauges,,106270,0.2037,0.391,0.1873,0.9197,0.2945,1.0037,4.9276,0.6543,0.774,0.5038,0.4334,openrainer 2022-06-08 15
openrainer,rnn line,gauges,,120796,0.2088,0.4188,0.21,1.0054,0.3253,1.0721,5.1337,0.6316,0.7814,0.5183,0.4245,openrainer 2022-06-08 15
openrainer,rnn gmz,gauges,,120796,0.2088,0.4247,0.2158,1.0336,0.3292,1.092,5.2294,0.6363,0.7764,0.5181,0.4232,openrainer 2022-06-08 15
openrainer,gauges,radar,2.0,64096,0.5444,0.1846,-0.3598,-0.6609,0.3978,1.7741,3.2587,0.7574,0.6668,0.1057,0.6181,openrainer 2022-08-06 09
openrainer,dynamic idw,radar,2.0,66100,0.5422,0.5857,0.0434,0.0801,0.6464,3.1309,5.7741,0.4499,0.7434,0.6179,0.3376,openrainer 2022-08-06 09
openrainer,dynamic line,radar,2.0,66102,0.5429,0.5063,-0.0366,-0.0674,0.5991,2.4677,4.5454,0.4687,0.7527,0.616,0.341,openrainer 2022-08-06 09
openrainer,dynamic gmz,radar,2.0,66102,0.5429,0.543,0.0001,0.0002,0.6362,2.7589,5.0818,0.4411,0.7295,0.6254,0.3289,openrainer 2022-08-06 09
openrainer,constant idw,radar,2.0,66100,0.5422,0.2875,-0.2547,-0.4697,0.5596,2.6998,4.9792,0.4126,0.3939,0.2737,0.343,openrainer 2022-08-06 09
openrainer,constant line,radar,2.0,66102,0.5429,0.2485,-0.2944,-0.5423,0.5388,2.3548,4.3374,0.4154,0.4072,0.2875,0.3497,openrainer 2022-08-06 09
openrainer,constant gmz,radar,2.0,66102,0.5429,0.268,-0.2749,-0.5063,0.5551,2.5373,4.6735,0.3937,0.3978,0.2867,0.343,openrainer 2022-08-06 09
openrainer,pycomlink idw,radar,2.0,66100,0.5422,0.2606,-0.2816,-0.5194,0.4728,2.6941,4.9687,0.445,0.5744,0.1901,0.5061,openrainer 2022-08-06 09
openrainer,pycomlink line,radar,2.0,66102,0.5429,0.2327,-0.3102,-0.5714,0.4682,2.3116,4.2579,0.4493,0.5766,0.2053,0.5019,openrainer 2022-08-06 09
openrainer,pycomlink gmz,radar,2.0,66102,0.5429,0.2507,-0.2922,-0.5383,0.4833,2.5474,4.6922,0.4158,0.5567,0.2105,0.4847,openrainer 2022-08-06 09
openrainer,nearby idw,radar,2.0,44160,0.5038,0.1333,-0.3704,-0.7353,0.4268,1.9955,3.9612,0.5436,0.3449,0.0917,0.3333,openrainer 2022-08-06 09
openrainer,nearby line,radar,2.0,47127,0.5214,0.1295,-0.3918,-0.7515,0.454,2.0982,4.0244,0.5023,0.3383,0.1193,0.3235,openrainer 2022-08-06 09
openrainer,nearby gmz,radar,2.0,47127,0.5214,0.1338,-0.3875,-0.7433,0.4572,2.129,4.0836,0.4845,0.332,0.1167,0.318,openrainer 2022-08-06 09
openrainer,rnn idw,radar,2.0,66102,0.5429,0.3184,-0.2245,-0.4136,0.3523,1.5563,2.8666,0.8043,0.7292,0.3108,0.5487,openrainer 2022-08-06 09
openrainer,rnn line,radar,2.0,66102,0.5429,0.3331,-0.2098,-0.3864,0.3527,1.5465,2.8486,0.801,0.7321,0.3252,0.5412,openrainer 2022-08-06 09
openrainer,rnn gmz,radar,2.0,66102,0.5429,0.341,-0.2019,-0.3719,0.3464,1.5168,2.7938,0.8007,0.7249,0.3201,0.5404,openrainer 2022-08-06 09
openrainer,dynamic idw,gauges,2.0,64094,0.1839,0.5803,0.3963,2.1547,0.4745,3.0752,16.7192,0.4645,0.8333,0.6698,0.3097,openrainer 2022-08-06 09
openrainer,dynamic line,gauges,2.0,64096,0.1846,0.4976,0.313,1.6958,0.4022,2.1634,11.7201,0.4532,0.842,0.6684,0.3122,openrainer 2022-08-06 09
openrainer,dynamic gmz,gauges,2.0,64096,0.1846,0.5338,0.3492,1.8917,0.4462,2.5561,13.8476,0.4322,0.8189,0.6755,0.3028,openrainer 2022-08-06 09
openrainer,constant idw,gauges,2.0,64094,0.1839,0.291,0.1071,0.5823,0.2784,2.3004,12.5068,0.4603,0.4924,0.3215,0.3993,openrainer 2022-08-06 09
openrainer,constant line,gauges,2.0,64096,0.1846,0.2508,0.0662,0.3585,0.2459,1.6937,9.1754,0.429,0.5135,0.3293,0.4101,openrainer 2022-08-06 09
openrainer,constant gmz,gauges,2.0,64096,0.1846,0.271,0.0864,0.468,0.2693,2.006,10.8676,0.4124,0.5003,0.3308,0.4011,openrainer 2022-08-06 09
openrainer,pycomlink idw,gauges,2.0,64094,0.1839,0.2618,0.0778,0.4232,0.2038,2.368,12.8743,0.49,0.7067,0.2518,0.5709,openrainer 2022-08-06 09
openrainer,pycomlink line,gauges,2.0,64096,0.1846,0.2329,0.0483,0.2618,0.1857,1.7033,9.2279,0.4585,0.7149,0.2598,0.5715,openrainer 2022-08-06 09
openrainer,pycomlink gmz,gauges,2.0,64096,0.1846,0.2514,0.0668,0.362,0.2083,2.0817,11.2774,0.4304,0.6887,0.2662,0.551,openrainer 2022-08-06 09
openrainer,nearby idw,gauges,2.0,44091,0.1756,0.1331,-0.0424,-0.2417,0.1405,1.0454,5.955,0.6613,0.4379,0.1199,0.4132,openrainer 2022-08-06 09
openrainer,nearby line,gauges,2.0,46989,0.1828,0.1292,-0.0536,-0.2933,0.1535,1.064,5.8209,0.5925,0.4308,0.1429,0.402,openrainer 2022-08-06 09
openrainer,nearby gmz,gauges,2.0,46989,0.1828,0.1335,-0.0493,-0.2699,0.1584,1.1505,6.2945,0.5679,0.4229,0.14,0.3957,openrainer 2022-08-06 09
openrainer,rnn idw,gauges,2.0,64096,0.1846,0.3198,0.1352,0.7326,0.215,0.9484,5.138,0.7264,0.8512,0.4017,0.5417,openrainer 2022-08-06 09
openrainer,rnn line,gauges,2.0,64096,0.1846,0.335,0.1504,0.8149,0.2295,1.0087,5.4646,0.7053,0.8568,0.413,0.5346,openrainer 2022-08-06 09
openrainer,rnn gmz,gauges,2.0,64096,0.1846,0.343,0.1584,0.8583,0.2366,1.0815,5.8588,0.6988,0.8494,0.4077,0.536,openrainer 2022-08-06 09
openrainer,gauges,radar,,488187,0.4865,0.1551,-0.3314,-0.6813,0.3765,1.8315,3.7645,0.6865,0.5842,0.1176,0.542,openrainer 2022-08-06 09
openrainer,dynamic idw,radar,,275571,0.5445,0.7418,0.1973,0.3624,0.8441,3.7976,6.9745,0.3576,0.6937,0.67,0.288,openrainer 2022-08-06 09
openrainer,dynamic line,radar,,323815,0.537,0.6309,0.0939,0.1748,0.7566,2.9766,5.5428,0.3501,0.7196,0.69,0.2766,openrainer 2022-08-06 09
openrainer,dynamic gmz,radar,,323815,0.537,0.6793,0.1422,0.2649,0.8042,3.286,6.1189,0.3351,0.7032,0.6937,0.2713,openrainer 2022-08-06 09
openrainer,constant idw,radar,,275571,0.5445,0.3476,-0.1969,-0.3617,0.6562,3.1497,5.7845,0.3108,0.353,0.3636,0.2938,openrainer 2022-08-06 09
openrainer,constant line,radar,,323815,0.537,0.2885,-0.2485,-0.4628,0.6064,2.6897,5.0086,0.2885,0.378,0.3754,0.308,openrainer 2022-08-06 09
openrainer,constant gmz,radar,,323815,0.537,0.3133,-0.2237,-0.4166,0.6278,2.8759,5.3552,0.2815,0.3704,0.3836,0.301,openrainer 2022-08-06 09
openrainer,pycomlink idw,radar,,275571,0.5445,0.2651,-0.2794,-0.5131,0.5244,3.0742,5.6459,0.3546,0.5269,0.2396,0.4519,openrainer 2022-08-06 09
openrainer,pycomlink line,radar,,323815,0.537,0.2288,-0.3082,-0.574,0.5019,2.5577,4.7628,0.3444,0.5372,0.2623,0.4511,openrainer 2022-08-06 09
openrainer,pycomlink gmz,radar,,323815,0.537,0.2466,-0.2904,-0.5409,0.5168,2.7622,5.1436,0.3283,0.5252,0.2642,0.4419,openrainer 2022-08-06 09
openrainer,nearby idw,radar,,139372,0.5131,0.1559,-0.3572,-0.6961,0.473,2.2776,4.4393,0.413,0.3332,0.1481,0.3149,openrainer 2022-08-06 09
openrainer,nearby line,radar,,171005,0.5457,0.1458,-0.3999,-0.7329,0.5078,2.3755,4.3531,0.3808,0.3331,0.1725,0.3115,openrainer 2022-08-06 09
openrainer,nearby gmz,radar,,171005,0.5457,0.1498,-0.3959,-0.7255,0.51,2.3871,4.3743,0.3791,0.3254,0.1706,0.305,openrainer 2022-08-06 09
openrainer,rnn idw,radar,,275586,0.5456,0.2871,-0.2585,-0.4738,0.416,1.8475,3.3859,0.6726,0.6553,0.3573,0.4803,openrainer 2022-08-06 09
openrainer,rnn line,radar,,323817,0.5372,0.2972,-0.2399,-0.4467,0.4226,1.8796,3.499,0.6481,0.6556,0.3901,0.4619,openrainer 2022-08-06 09
openrainer,rnn gmz,radar,,323817,0.5372,0.3038,-0.2334,-0.4344,0.4208,1.8723,3.4855,0.6457,0.6496,0.3853,0.4616,openrainer 2022-08-06 09
openrainer,dynamic idw,gauges,,261735,0.1761,0.7419,0.5658,3.2134,0.6638,3.756,21.3314,0.3786,0.8058,0.7179,0.2642,openrainer 2022-08-06 09
openrainer,dynamic line,gauges,,301973,0.1728,0.6242,0.4513,2.6115,0.5577,2.6819,15.5179,0.357,0.8298,0.7373,0.2493,openrainer 2022-08-06 09
openrainer,dynamic gmz,gauges,,301973,0.1728,0.6718,0.499,2.8871,0.6088,3.0847,17.8488,0.3422,0.8136,0.7395,0.2458,openrainer 2022-08-06 09
openrainer,constant idw,gauges,,261735,0.1761,0.3579,0.1818,1.0325,0.3664,2.7699,15.731,0.3595,0.4609,0.415,0.3473,openrainer 2022-08-06 09
openrainer,constant line,gauges,,301973,0.1728,0.2988,0.126,0.7292,0.3131,2.0316,11.7554,0.3241,0.4934,0.4344,0.3578,openrainer 2022-08-06 09
openrainer,constant gmz,gauges,,301973,0.1728,0.325,0.1522,0.8806,0.3404,2.3365,13.5195,0.3144,0.4839,0.4422,0.3497,openrainer 2022-08-06 09
openrainer,pycomlink idw,gauges,,261735,0.1761,0.2682,0.0921,0.5232,0.2388,2.7453,15.5914,0.3966,0.6796,0.2991,0.5268,openrainer 2022-08-06 09
openrainer,pycomlink line,gauges,,301973,0.1728,0.2314,0.0586,0.3389,0.2121,1.9077,11.0383,0.3722,0.6944,0.3237,0.5212,openrainer 2022-08-06 09
openrainer,pycomlink gmz,gauges,,301973,0.1728,0.25,0.0771,0.4463,0.232,2.2455,12.9926,0.354,0.6805,0.3241,0.5131,openrainer 2022-08-06 09
openrainer,nearby idw,gauges,,136957,0.1742,0.1559,-0.0183,-0.1048,0.1715,1.3456,7.7244,0.5608,0.4277,0.1835,0.3902,openrainer 2022-08-06 09
openrainer,nearby line,gauges,,166796,0.1838,0.1456,-0.0382,-0.2079,0.1794,1.2654,6.8845,0.5059,0.428,0.2113,0.384,openrainer 2022-08-06 09
openrainer,nearby gmz,gauges,,166796,0.1838,0.1492,-0.0346,-0.1882,0.1837,1.3147,7.1525,0.492,0.4177,0.2109,0.3757,openrainer 2022-08-06 09
openrainer,rnn idw,gauges,,261750,0.1772,0.289,0.1118,0.6309,0.2201,1.0133,5.719,0.6499,0.8022,0.4469,0.4867,openrainer 2022-08-06 09
openrainer,rnn line,gauges,,301975,0.173,0.3001,0.1272,0.7351,0.2375,1.0758,6.2194,0.6063,0.8029,0.4829,0.4588,openrainer 2022-08-06 09
openrainer,rnn gmz,gauges,,301975,0.173,0.3069,0.1339,0.7743,0.243,1.1384,6.5813,0.5979,0.7983,0.4768,0.4621,openrainer 2022-08-06 09
openrainer,gauges,radar,2.0,27745,0.652,0.2312,-0.4208,-0.6454,0.4476,1.2766,1.958,0.8236,0.5797,0.1079,0.5417,openrainer 2022-08-11 22
openrainer,dynamic idw,radar,2.0,28650,0.6485,0.6634,0.0149,0.023,0.6437,2.2294,3.4379,0.4671,0.7088,0.4212,0.4676,openrainer 2022-08-11 22
openrainer,dynamic line,radar,2.0,28650,0.6485,0.6124,-0.036,-0.0556,0.6239,2.1449,3.3077,0.4566,0.7252,0.4133,0.48,openrainer 2022-08-11 22
openrainer,dynamic gmz,radar,2.0,28650,0.6485,0.6401,-0.0084,-0.013,0.6474,2.3545,3.6308,0.4293,0.7075,0.4186,0.4687,openrainer 2022-08-11 22
openrainer,constant idw,radar,2.0,28650,0.6485,0.2476,-0.4009,-0.6182,0.5685,2.1151,3.2617,0.3731,0.3901,0.1156,0.3712,openrainer 2022-08-11 22
openrainer,constant line,radar,2.0,28650,0.6485,0.2429,-0.4055,-0.6254,0.5647,2.1182,3.2664,0.366,0.4095,0.1139,0.389,openrainer 2022-08-11 22
openrainer,constant gmz,radar,2.0,28650,0.6485,0.254,-0.3945,-0.6084,0.5684,2.2971,3.5424,0.3423,0.3992,0.103,0.3817,openrainer 2022-08-11 22
openrainer,pycomlink idw,radar,2.0,28650,0.6485,0.3443,-0.3042,-0.4691,0.565,2.3876,3.682,0.3565,0.5214,0.1322,0.483,openrainer 2022-08-11 22
openrainer,pycomlink line,radar,2.0,28650,0.6485,0.3265,-0.322,-0.4966,0.5661,2.4008,3.7022,0.3382,0.5271,0.1369,0.4864,openrainer 2022-08-11 22
openrainer,pycomlink gmz,radar,2.0,28650,0.6485,0.3411,-0.3074,-0.474,0.5741,2.6503,4.087,0.3129,0.519,0.127,0.4826,openrainer 2022-08-11 22
openrainer,nearby idw,radar,2.0,17760,0.6829,0.1731,-0.5098,-0.7465,0.5299,1.4935,2.1869,0.7892,0.3782,0.0478,0.3712,openrainer 2022-08-11 22
openrainer,nearby line,radar,2.0,18630,0.6826,0.1657,-0.5169,-0.7572,0.538,1.5254,2.2346,0.7921,0.3818,0.0682,0.3714,openrainer 2022-08-11 22
openrainer,nearby gmz,radar,2.0,18630,0.6826,0.1664,-0.5163,-0.7563,0.5347,1.5164,2.2214,0.7844,0.3757,0.0577,0.3673,openrainer 2022-08-11 22
openrainer,rnn idw,radar,2.0,28650,0.6485,0.4943,-0.1542,-0.2377,0.3517,0.936,1.4435,0.8602,0.667,0.1939,0.5748,openrainer 2022-08-11 22
openrainer,rnn line,radar,2.0,28650,0.6485,0.5196,-0.1289,-0.1988,0.3561,0.9435,1.455,0.8569,0.6703,0.2039,0.5721,openrainer 2022-08-11 22
openrainer,rnn gmz,radar,2.0,28650,0.6485,0.525,-0.1234,-0.1903,0.3532,0.9347,1.4413,0.8609,0.6633,0.2,0.5689,openrainer 2022-08-11 22
openrainer,dynamic idw,gauges,2.0,27745,0.2312,0.6557,0.4245,1.836,0.4887,2.2186,9.5962,0.4485,0.8617,0.5252,0.4412,openrainer 2022-08-11 22
openrainer,dynamic line,gauges,2.0,27745,0.2312,0.6019,0.3707,1.6036,0.4343,2.072,8.9624,0.4415,0.8825,0.518,0.453,openrainer 2022-08-11 22
openrainer,dynamic gmz,gauges,2.0,27745,0.2312,0.6279,0.3967,1.716,0.466,2.3176,10.0247,0.41,0.8571,0.5251,0.4401,openrainer 2022-08-11 22
openrainer,constant idw,gauges,2.0,27745,0.2312,0.2512,0.02,0.0866,0.2166,1.7837,7.7152,0.3833,0.5481,0.1837,0.4879,openrainer 2022-08-11 22
openrainer,constant line,gauges,2.0,27745,0.2312,0.2462,0.015,0.0648,0.206,1.7744,7.6751,0.3776,0.5785,0.1781,0.514,openrainer 2022-08-11 22
openrainer,constant gmz,gauges,2.0,27745,0.2312,0.257,0.0258,0.1117,0.2165,2.0122,8.7035,0.3497,0.5609,0.172,0.5023,openrainer 2022-08-11 22
openrainer,pycomlink idw,gauges,2.0,27745,0.2312,0.3503,0.1191,0.5153,0.2498,2.1861,9.4559,0.3588,0.7268,0.2084,0.6101,openrainer 2022-08-11 22
openrainer,pycomlink line,gauges,2.0,27745,0.2312,0.332,0.1008,0.4358,0.2346,2.1729,9.3987,0.3415,0.737,0.2113,0.6154,openrainer 2022-08-11 22
openrainer,pycomlink gmz,gauges,2.0,27745,0.2312,0.3466,0.1154,0.4991,0.2515,2.4722,10.6934,0.3123,0.7192,0.211,0.6032,openrainer 2022-08-11 22
openrainer,nearby idw,gauges,2.0,17730,0.2567,0.1732,-0.0835,-0.3252,0.1405,0.5365,2.0899,0.8313,0.5451,0.0827,0.5196,openrainer 2022-08-11 22
openrainer,nearby line,gauges,2.0,18570,0.2572,0.1659,-0.0914,-0.3552,0.1438,0.5571,2.1656,0.8293,0.5505,0.0988,0.5192,openrainer 2022-08-11 22
openrainer,nearby gmz,gauges,2.0,18570,0.2572,0.1665,-0.0907,-0.3527,0.1446,0.5657,2.1989,0.818,0.537,0.0966,0.5078,openrainer 2022-08-11 22
openrainer,rnn idw,gauges,2.0,27745,0.2312,0.5003,0.2691,1.1639,0.3033,0.9457,4.0905,0.8686,0.8731,0.3143,0.6236,openrainer 2022-08-11 22
openrainer,rnn line,gauges,2.0,27745,0.2312,0.5264,0.2952,1.2769,0.3259,1.013,4.3818,0.8681,0.8801,0.3209,0.6215,openrainer 2022-08-11 22
openrainer,rnn gmz,gauges,2.0,27745,0.2312,0.5316,0.3004,1.2993,0.3315,1.0609,4.589,0.867,0.8727,0.3151,0.6226,openrainer 2022-08-11 22
openrainer,gauges,radar,,211217,0.601,0.1754,-0.4256,-0.7081,0.4521,1.2715,2.1155,0.7657,0.523,0.1054,0.4926,openrainer 2022-08-11 22
openrainer,dynamic idw,radar,,122280,0.6035,0.8111,0.2077,0.3441,0.8178,2.7165,4.5016,0.3646,0.6794,0.4837,0.4152,openrainer 2022-08-11 22
openrainer,dynamic line,radar,,142650,0.6049,0.7374,0.1325,0.219,0.7717,2.4575,4.0626,0.3548,0.7218,0.5024,0.4175,openrainer 2022-08-11 22
openrainer,dynamic gmz,radar,,142650,0.6049,0.7803,0.1754,0.29,0.8117,2.743,4.5344,0.331,0.7048,0.5019,0.4121,openrainer 2022-08-11 22
openrainer,constant idw,radar,,122280,0.6035,0.2264,-0.3771,-0.6248,0.579,2.2392,3.7106,0.2918,0.3246,0.1761,0.3035,openrainer 2022-08-11 22
openrainer,constant line,radar,,142650,0.6049,0.2147,-0.3903,-0.6451,0.5705,2.1443,3.5447,0.2898,0.3568,0.1874,0.3297,openrainer 2022-08-11 22
openrainer,constant gmz,radar,,142650,0.6049,0.2306,-0.3743,-0.6187,0.5799,2.3809,3.9359,0.2659,0.3461,0.1837,0.3211,openrainer 2022-08-11 22
openrainer,pycomlink idw,radar,,122280,0.6035,0.3253,-0.2782,-0.461,0.5855,2.5582,4.2391,0.2871,0.4536,0.1689,0.4153,openrainer 2022-08-11 22
openrainer,pycomlink line,radar,,142650,0.6049,0.2983,-0.3066,-0.5068,0.5782,2.4323,4.0209,0.2757,0.4679,0.1882,0.4221,openrainer 2022-08-11 22
openrainer,pycomlink gmz,radar,,142650,0.6049,0.3202,-0.2847,-0.4707,0.5937,2.7579,4.5591,0.2498,0.4613,0.179,0.4191,openrainer 2022-08-11 22
openrainer,nearby idw,radar,,56860,0.6083,0.151,-0.4573,-0.7517,0.4905,1.4519,2.3867,0.6883,0.3399,0.0544,0.3334,openrainer 2022-08-11 22
openrainer,nearby line,radar,,68940,0.607,0.1412,-0.4658,-0.7674,0.4952,1.4654,2.4143,0.6974,0.3497,0.0819,0.3391,openrainer 2022-08-11 22
openrainer,nearby gmz,radar,,68940,0.607,0.1442,-0.4627,-0.7624,0.4938,1.4613,2.4075,0.681,0.3429,0.0725,0.334,openrainer 2022-08-11 22
openrainer,rnn idw,radar,,122280,0.6035,0.4073,-0.1962,-0.3251,0.3997,1.0829,1.7945,0.7759,0.6084,0.2335,0.5133,openrainer 2022-08-11 22
openrainer,rnn line,radar,,142650,0.6049,0.4196,-0.1853,-0.3063,0.4197,1.1341,1.8749,0.7476,0.6065,0.2551,0.5022,openrainer 2022-08-11 22
openrainer,rnn gmz,radar,,142650,0.6049,0.4243,-0.1806,-0.2985,0.4202,1.1377,1.8807,0.7476,0.6012,0.2525,0.4997,openrainer 2022-08-11 22
openrainer,dynamic idw,gauges,,115119,0.1931,0.7972,0.6041,3.1287,0.6651,2.7609,14.2983,0.3513,0.8375,0.5976,0.3733,openrainer 2022-08-11 22
openrainer,dynamic line,gauges,,131877,0.1913,0.7157,0.5244,2.7418,0.5918,2.4364,12.7388,0.3411,0.8671,0.6191,0.3599,openrainer 2022-08-11 22
openrainer,dynamic gmz,gauges,,131877,0.1913,0.7549,0.5637,2.9471,0.634,2.7573,14.4164,0.3149,0.8446,0.6196,0.3555,openrainer 2022-08-11 22
openrainer,constant idw,gauges,,115119,0.1931,0.2339,0.0408,0.2112,0.2337,1.9617,10.1594,0.3059,0.482,0.2645,0.4108,openrainer 2022-08-11 22
openrainer,constant line,gauges,,131877,0.1913,0.223,0.0318,0.1661,0.2235,1.8399,9.6199,0.3009,0.5242,0.2826,0.4345,openrainer 2022-08-11 22
openrainer,constant gmz,gauges,,131877,0.1913,0.239,0.0478,0.2499,0.2387,2.153,11.2569,0.2722,0.5079,0.2781,0.4248,openrainer 2022-08-11 22
openrainer,pycomlink idw,gauges,,115119,0.1931,0.3365,0.1434,0.7424,0.2732,2.4083,12.4721,0.2967,0.6749,0.2608,0.5451,openrainer 2022-08-11 22
openrainer,pycomlink line,gauges,,131877,0.1913,0.3114,0.1201,0.628,0.2582,2.2514,11.7714,0.2814,0.6981,0.2779,0.5502,openrainer 2022-08-11 22
openrainer,pycomlink gmz,gauges,,131877,0.1913,0.3337,0.1425,0.7449,0.2803,2.6444,13.8261,0.2515,0.6833,0.2754,0.5424,openrainer 2022-08-11 22
openrainer,nearby idw,gauges,,55780,0.2165,0.1499,-0.0665,-0.3074,0.1384,0.5451,2.5185,0.7783,0.5146,0.1155,0.4822,openrainer 2022-08-11 22
openrainer,nearby line,gauges,,67110,0.2147,0.1407,-0.074,-0.3445,0.139,0.5472,2.5489,0.7811,0.5294,0.1419,0.4868,openrainer 2022-08-11 22
openrainer,nearby gmz,gauges,,67110,0.2147,0.1432,-0.0715,-0.3332,0.1405,0.5623,2.6194,0.7643,0.5165,0.1369,0.4774,openrainer 2022-08-11 22
openrainer,rnn idw,gauges,,115119,0.1931,0.4169,0.2238,1.1593,0.2763,0.8921,4.6201,0.8082,0.8244,0.3824,0.5458,openrainer 2022-08-11 22
openrainer,rnn line,gauges,,131877,0.1913,0.4332,0.2419,1.2649,0.2975,0.9359,4.8933,0.7886,0.8251,0.4011,0.5315,openrainer 2022-08-11 22
openrainer,rnn gmz,gauges,,131877,0.1913,0.4377,0.2464,1.2883,0.3018,0.9774,5.1104,0.7855,0.8182,0.3977,0.5312,openrainer 2022-08-11 22
openrainer,gauges,radar,2.0,50429,1.2109,0.9204,-0.2904,-0.2399,0.6642,1.8409,1.5203,0.8236,0.7192,0.1209,0.6544,openrainer 2022-08-17 10
openrainer,dynamic idw,radar,2.0,49161,1.197,1.3814,0.1844,0.154,0.8991,2.7929,2.3332,0.7135,0.8329,0.4136,0.5246,openrainer 2022-08-17 10
openrainer,dynamic line,radar,2.0,49164,1.1969,1.3077,0.1108,0.0926,0.8702,2.6728,2.233,0.706,0.8459,0.4238,0.5215,openrainer 2022-08-17 10
openrainer,dynamic gmz,radar,2.0,49164,1.1969,1.3377,0.1407,0.1176,0.9128,2.8753,2.4022,0.6869,0.829,0.4275,0.512,openrainer 2022-08-17 10
openrainer,constant idw,radar,2.0,49161,1.197,0.8156,-0.3814,-0.3186,0.7661,2.3752,1.9843,0.7153,0.5608,0.0903,0.5312,openrainer 2022-08-17 10
openrainer,constant line,radar,2.0,49164,1.1969,0.8163,-0.3807,-0.318,0.7756,2.4251,2.0261,0.6967,0.5808,0.1006,0.5454,openrainer 2022-08-17 10
openrainer,constant gmz,radar,2.0,49164,1.1969,0.8358,-0.3612,-0.3017,0.7947,2.592,2.1655,0.6755,0.5683,0.1006,0.5343,openrainer 2022-08-17 10
openrainer,pycomlink idw,radar,2.0,49161,1.197,0.8746,-0.3224,-0.2694,0.7284,2.378,1.9866,0.725,0.6371,0.1186,0.5868,openrainer 2022-08-17 10
openrainer,pycomlink line,radar,2.0,49164,1.1969,0.8423,-0.3546,-0.2963,0.7341,2.3639,1.9749,0.714,0.6403,0.1234,0.5873,openrainer 2022-08-17 10
openrainer,pycomlink gmz,radar,2.0,49164,1.1969,0.8568,-0.3402,-0.2842,0.7515,2.4776,2.07,0.7013,0.6287,0.1233,0.5777,openrainer 2022-08-17 10
openrainer,nearby idw,radar,2.0,34452,1.1751,0.6385,-0.5366,-0.4567,0.7745,2.2332,1.9005,0.7007,0.4909,0.0686,0.4737,openrainer 2022-08-17 10
openrainer,nearby line,radar,2.0,36504,1.1786,0.5933,-0.5853,-0.4966,0.7967,2.2671,1.9235,0.6851,0.4917,0.0728,0.4734,openrainer 2022-08-17 10
openrainer,nearby gmz,radar,2.0,36504,1.1786,0.591,-0.5876,-0.4986,0.8007,2.3264,1.9739,0.6692,0.4814,0.0709,0.4644,openrainer 2022-08-17 10
openrainer,rnn idw,radar,2.0,52056,1.218,1.2295,0.0115,0.0094,0.6801,1.7279,1.4187,0.8346,0.7816,0.2761,0.6021,openrainer 2022-08-17 10
openrainer,rnn line,radar,2.0,52056,1.218,1.254,0.036,0.0296,0.694,1.7648,1.449,0.8284,0.7854,0.2745,0.6055,openrainer 2022-08-17 10
openrainer,rnn gmz,radar,2.0,52056,1.218,1.264,0.0461,0.0378,0.7023,1.7873,1.4675,0.8276,0.7772,0.2734,0.6013,openrainer 2022-08-17 10
openrainer,dynamic idw,gauges,2.0,47624,0.922,1.3716,0.4496,0.4877,0.7716,2.5458,2.7612,0.7761,0.9032,0.453,0.5167,openrainer 2022-08-17 10
openrainer,dynamic line,gauges,2.0,47627,0.9219,1.2964,0.3745,0.4062,0.7331,2.4566,2.6646,0.761,0.9123,0.4655,0.5084,openrainer 2022-08-17 10
openrainer,dynamic gmz,gauges,2.0,47627,0.9219,1.3267,0.4047,0.439,0.7821,2.698,2.9264,0.735,0.8962,0.4674,0.5016,openrainer 2022-08-17 10
openrainer,constant idw,gauges,2.0,47624,0.922,0.8092,-0.1128,-0.1224,0.4744,1.9456,2.1102,0.805,0.6516,0.0927,0.6109,openrainer 2022-08-17 10
openrainer,constant line,gauges,2.0,47627,0.9219,0.8098,-0.1122,-0.1217,0.4933,2.0799,2.256,0.7721,0.6766,0.1017,0.6284,openrainer 2022-08-17 10
openrainer,constant gmz,gauges,2.0,47627,0.9219,0.8287,-0.0933,-0.1012,0.517,2.2954,2.4898,0.7416,0.6626,0.1006,0.6169,openrainer 2022-08-17 10
openrainer,pycomlink idw,gauges,2.0,47624,0.922,0.8718,-0.0502,-0.0545,0.4619,1.9676,2.1341,0.8099,0.7414,0.125,0.6704,openrainer 2022-08-17 10
openrainer,pycomlink line,gauges,2.0,47627,0.9219,0.8388,-0.0832,-0.0902,0.4712,2.0163,2.1871,0.7881,0.7416,0.1337,0.6655,openrainer 2022-08-17 10
openrainer,pycomlink gmz,gauges,2.0,47627,0.9219,0.853,-0.069,-0.0748,0.4929,2.1707,2.3545,0.7677,0.7283,0.1329,0.6552,openrainer 2022-08-17 10
openrainer,nearby idw,gauges,2.0,34398,0.8738,0.6383,-0.2355,-0.2696,0.4688,1.8592,2.1277,0.7808,0.6083,0.0495,0.5896,openrainer 2022-08-17 10
openrainer,nearby line,gauges,2.0,36396,0.8769,0.5928,-0.2841,-0.324,0.4935,1.9834,2.2618,0.7472,0.6091,0.0547,0.5883,openrainer 2022-08-17 10
openrainer,nearby gmz,gauges,2.0,36396,0.8769,0.5905,-0.2864,-0.3266,0.5099,2.0682,2.3585,0.7242,0.5966,0.0524,0.5775,openrainer 2022-08-17 10
openrainer,rnn idw,gauges,2.0,50429,0.9204,1.2322,0.3118,0.3388,0.693,1.8944,2.0581,0.8053,0.8766,0.3389,0.6048,openrainer 2022-08-17 10
openrainer,rnn line,gauges,2.0,50429,0.9204,1.2575,0.3371,0.3662,0.7176,1.9362,2.1036,0.7985,0.8774,0.3401,0.6042,openrainer 2022-08-17 10
openrainer,rnn gmz,gauges,2.0,50429,0.9204,1.2661,0.3457,0.3756,0.7271,1.972,2.1425,0.7953,0.8725,0.3354,0.6057,openrainer 2022-08-17 10
openrainer,gauges,radar,,378814,1.342,1.0719,-0.2701,-0.2013,0.7741,2.1885,1.6307,0.7959,0.7368,0.1017,0.6801,openrainer 2022-08-17 10
openrainer,dynamic idw,radar,,207269,1.2551,1.7402,0.4851,0.3865,1.2387,3.9686,3.1621,0.6397,0.8193,0.4223,0.5124,openrainer 2022-08-17 10
openrainer,dynamic line,radar,,242707,1.2716,1.6248,0.3532,0.2778,1.1619,3.6581,2.8768,0.6354,0.8428,0.4401,0.5069,openrainer 2022-08-17 10
openrainer,dynamic gmz,radar,,242707,1.2716,1.6703,0.3987,0.3136,1.214,3.872,3.0449,0.6199,0.8278,0.4415,0.5003,openrainer 2022-08-17 10
openrainer,constant idw,radar,,207269,1.2551,0.9619,-0.2931,-0.2336,0.935,3.1955,2.5461,0.6276,0.5494,0.1004,0.5176,openrainer 2022-08-17 10
openrainer,constant line,radar,,242707,1.2716,0.9674,-0.3042,-0.2392,0.9363,3.1123,2.4475,0.6242,0.5826,0.1145,0.5418,openrainer 2022-08-17 10
openrainer,constant gmz,radar,,242707,1.2716,0.9896,-0.282,-0.2218,0.9544,3.2315,2.5412,0.6149,0.5726,0.1136,0.5335,openrainer 2022-08-17 10
openrainer,pycomlink idw,radar,,207269,1.2551,1.0482,-0.2068,-0.1648,0.9084,3.3163,2.6423,0.6349,0.6391,0.1209,0.5874,openrainer 2022-08-17 10
openrainer,pycomlink line,radar,,242707,1.2716,1.0165,-0.2551,-0.2006,0.9081,3.1942,2.5119,0.628,0.6512,0.1327,0.5922,openrainer 2022-08-17 10
openrainer,pycomlink gmz,radar,,242707,1.2716,1.0344,-0.2372,-0.1865,0.9247,3.2858,2.584,0.6223,0.6411,0.1317,0.5843,openrainer 2022-08-17 10
openrainer,nearby idw,radar,,109790,1.2373,0.7645,-0.4728,-0.3821,0.8944,2.6296,2.1252,0.6408,0.4971,0.0882,0.4743,openrainer 2022-08-17 10
openrainer,nearby line,radar,,133991,1.2245,0.6927,-0.5319,-0.4343,0.8831,2.5186,2.0567,0.6376,0.5054,0.1032,0.4776,openrainer 2022-08-17 10
openrainer,nearby gmz,radar,,133991,1.2245,0.6897,-0.5348,-0.4367,0.8899,2.5668,2.0961,0.627,0.4942,0.096,0.4695,openrainer 2022-08-17 10
openrainer,rnn idw,radar,,219726,1.2628,1.2392,-0.0236,-0.0187,0.7907,1.9815,1.5692,0.7865,0.7632,0.2831,0.5865,openrainer 2022-08-17 10
openrainer,rnn line,radar,,257040,1.2747,1.2664,-0.0083,-0.0065,0.82,2.0553,1.6124,0.7743,0.7698,0.2878,0.5872,openrainer 2022-08-17 10
openrainer,rnn gmz,radar,,257040,1.2747,1.279,0.0043,0.0033,0.8295,2.0818,1.6332,0.7725,0.7634,0.2882,0.5831,openrainer 2022-08-17 10
openrainer,dynamic idw,gauges,,195021,1.0044,1.7369,0.7325,0.7294,1.1169,3.6189,3.6032,0.7341,0.8895,0.4569,0.5088,openrainer 2022-08-17 10
openrainer,dynamic line,gauges,,224033,1.0289,1.6153,0.5864,0.57,1.0344,3.3272,3.2338,0.7233,0.9051,0.478,0.4949,openrainer 2022-08-17 10
openrainer,dynamic gmz,gauges,,224033,1.0289,1.6629,0.634,0.6162,1.0895,3.5475,3.4479,0.7056,0.8925,0.4772,0.4919,openrainer 2022-08-17 10
openrainer,constant idw,gauges,,195021,1.0044,0.9632,-0.0412,-0.041,0.6406,2.6596,2.6481,0.7578,0.6394,0.1048,0.5949,openrainer 2022-08-17 10
openrainer,constant line,gauges,,224033,1.0289,0.967,-0.0619,-0.0602,0.6616,2.6665,2.5917,0.7389,0.675,0.1221,0.617,openrainer 2022-08-17 10
openrainer,constant gmz,gauges,,224033,1.0289,0.9887,-0.0401,-0.039,0.6817,2.7988,2.7202,0.7256,0.6654,0.1198,0.6102,openrainer 2022-08-17 10
openrainer,pycomlink idw,gauges,,195021,1.0044,1.0544,0.0501,0.0499,0.6425,2.7823,2.7702,0.7626,0.7421,0.1327,0.6664,openrainer 2022-08-17 10
openrainer,pycomlink line,gauges,,224033,1.0289,1.0207,-0.0082,-0.0079,0.6515,2.7302,2.6536,0.744,0.7538,0.1477,0.6667,openrainer 2022-08-17 10
openrainer,pycomlink gmz,gauges,,224033,1.0289,1.0395,0.0107,0.0104,0.6707,2.8283,2.7489,0.7356,0.7448,0.146,0.6606,openrainer 2022-08-17 10
openrainer,nearby idw,gauges,,107840,0.9217,0.7702,-0.1515,-0.1644,0.5749,2.1884,2.3742,0.7421,0.6149,0.0751,0.5856,openrainer 2022-08-17 10
openrainer,nearby line,gauges,,130652,0.9284,0.6989,-0.2295,-0.2472,0.5845,2.1981,2.3675,0.7203,0.6212,0.0953,0.5831,openrainer 2022-08-17 10
openrainer,nearby gmz,gauges,,130652,0.9284,0.6963,-0.2322,-0.2501,0.5994,2.2668,2.4415,0.7048,0.6106,0.0871,0.577,openrainer 2022-08-17 10
openrainer,rnn idw,gauges,,206710,0.9959,1.2508,0.2549,0.2559,0.7923,2.3119,2.3215,0.7378,0.8536,0.3446,0.5892,openrainer 2022-08-17 10
openrainer,rnn line,gauges,,237265,1.018,1.2812,0.2632,0.2586,0.835,2.4024,2.36,0.7261,0.8555,0.3527,0.5835,openrainer 2022-08-17 10
openrainer,rnn gmz,gauges,,237265,1.018,1.2932,0.2752,0.2704,0.8458,2.4361,2.3931,0.7221,0.8504,0.3512,0.5823,openrainer 2022-08-17 10
openrainer,gauges,radar,2.0,46308,0.6806,0.3559,-0.3247,-0.4771,0.4532,1.792,2.6328,0.7555,0.6953,0.1936,0.5958,openrainer 2022-08-30 11
openrainer,dynamic idw,radar,2.0,47838,0.6718,0.7218,0.05,0.0744,0.6666,2.4683,3.6739,0.58,0.7776,0.5422,0.4048,openrainer 2022-08-30 11
openrainer,dynamic line,radar,2.0,47838,0.6718,0.6465,-0.0253,-0.0377,0.6308,2.2907,3.4097,0.5773,0.7936,0.549,0.4037,openrainer 2022-08-30 11
openrainer,dynamic gmz,radar,2.0,47838,0.6718,0.6827,0.0109,0.0162,0.6525,2.4637,3.6672,0.5615,0.771,0.5546,0.3934,openrainer 2022-08-30 11
openrainer,constant idw,radar,2.0,47838,0.6718,0.4788,-0.193,-0.2873,0.6749,3.1376,4.6702,0.3984,0.453,0.253,0.3928,openrainer 2022-08-30 11
openrainer,constant line,radar,2.0,47838,0.6718,0.4278,-0.2441,-0.3633,0.6516,2.9995,4.4647,0.3768,0.4717,0.2626,0.4038,openrainer 2022-08-30 11
openrainer,constant gmz,radar,2.0,47838,0.6718,0.469,-0.2029,-0.3019,0.6777,3.2947,4.904,0.3617,0.4583,0.2671,0.3927,openrainer 2022-08-30 11
openrainer,pycomlink idw,radar,2.0,47838,0.6718,0.4438,-0.2281,-0.3395,0.5795,2.6952,4.0117,0.486,0.5847,0.221,0.5015,openrainer 2022-08-30 11
openrainer,pycomlink line,radar,2.0,47838,0.6718,0.3891,-0.2828,-0.4209,0.5637,2.5635,3.8157,0.4703,0.5764,0.2254,0.4936,openrainer 2022-08-30 11
openrainer,pycomlink gmz,radar,2.0,47838,0.6718,0.4175,-0.2543,-0.3785,0.5776,2.7686,4.1209,0.4529,0.5622,0.2292,0.4817,openrainer 2022-08-30 11
openrainer,nearby idw,radar,2.0,30756,0.7533,0.2936,-0.4598,-0.6103,0.5813,2.1292,2.8264,0.6579,0.3945,0.122,0.374,openrainer 2022-08-30 11
openrainer,nearby line,radar,2.0,33150,0.7424,0.2489,-0.4935,-0.6648,0.5912,2.1966,2.9587,0.6384,0.3996,0.1497,0.3733,openrainer 2022-08-30 11
openrainer,nearby gmz,radar,2.0,33150,0.7424,0.249,-0.4934,-0.6646,0.5832,2.1745,2.9288,0.6425,0.382,0.1273,0.3619,openrainer 2022-08-30 11
openrainer,rnn idw,radar,2.0,47838,0.6718,0.539,-0.1328,-0.1977,0.4646,1.6624,2.4743,0.7741,0.7498,0.3652,0.5239,openrainer 2022-08-30 11
openrainer,rnn line,radar,2.0,47838,0.6718,0.5581,-0.1138,-0.1694,0.4747,1.6765,2.4954,0.768,0.7552,0.3783,0.5175,openrainer 2022-08-30 11
openrainer,rnn gmz,radar,2.0,47838,0.6718,0.5656,-0.1063,-0.1582,0.4681,1.6588,2.4691,0.772,0.7482,0.3742,0.5169,openrainer 2022-08-30 11
openrainer,dynamic idw,gauges,2.0,47216,0.3598,0.7195,0.3598,1.0,0.5394,2.2971,6.3853,0.5795,0.8246,0.5638,0.3992,openrainer 2022-08-30 11
openrainer,dynamic line,gauges,2.0,47216,0.3598,0.6415,0.2818,0.7832,0.4819,1.9666,5.4666,0.5766,0.8402,0.5713,0.3964,openrainer 2022-08-30 11
openrainer,dynamic gmz,gauges,2.0,47216,0.3598,0.6767,0.317,0.8811,0.5252,2.2605,6.2835,0.5464,0.8121,0.5781,0.3844,openrainer 2022-08-30 11
openrainer,constant idw,gauges,2.0,47216,0.3598,0.4844,0.1247,0.3465,0.4433,2.8184,7.8343,0.4185,0.5241,0.2593,0.4429,openrainer 2022-08-30 11
openrainer,constant line,gauges,2.0,47216,0.3598,0.4315,0.0718,0.1995,0.4078,2.5876,7.1926,0.3964,0.5415,0.2719,0.4504,openrainer 2022-08-30 11
openrainer,constant gmz,gauges,2.0,47216,0.3598,0.4733,0.1135,0.3155,0.4527,2.9847,8.2966,0.37,0.5253,0.278,0.437,openrainer 2022-08-30 11
openrainer,pycomlink idw,gauges,2.0,47216,0.3598,0.449,0.0892,0.248,0.3645,2.3581,6.5548,0.5007,0.6616,0.2442,0.5451,openrainer 2022-08-30 11
openrainer,pycomlink line,gauges,2.0,47216,0.3598,0.3926,0.0328,0.0912,0.3331,2.0969,5.8288,0.4855,0.6498,0.2515,0.5333,openrainer 2022-08-30 11
openrainer,pycomlink gmz,gauges,2.0,47216,0.3598,0.4214,0.0616,0.1713,0.3666,2.4182,6.7219,0.4553,0.6318,0.2561,0.5189,openrainer 2022-08-30 11
openrainer,nearby idw,gauges,2.0,31303,0.4111,0.2934,-0.1177,-0.2863,0.2987,1.3149,3.1982,0.7118,0.4551,0.1035,0.4323,openrainer 2022-08-30 11
openrainer,nearby line,gauges,2.0,33696,0.3973,0.2493,-0.148,-0.3725,0.2867,1.202,3.0252,0.7179,0.4616,0.1386,0.4297,openrainer 2022-08-30 11
openrainer,nearby gmz,gauges,2.0,33696,0.3973,0.2494,-0.1479,-0.3723,0.2928,1.2584,3.1672,0.702,0.4366,0.1222,0.4116,openrainer 2022-08-30 11
openrainer,rnn idw,gauges,2.0,47216,0.3598,0.5492,0.1894,0.5266,0.3502,1.2183,3.3864,0.7664,0.8286,0.4009,0.533,openrainer 2022-08-30 11
openrainer,rnn line,gauges,2.0,47216,0.3598,0.5681,0.2084,0.5792,0.3676,1.2592,3.5002,0.7555,0.835,0.4139,0.5253,openrainer 2022-08-30 11
openrainer,rnn gmz,gauges,2.0,47216,0.3598,0.5759,0.2162,0.6008,0.3741,1.3162,3.6586,0.7537,0.8285,0.4087,0.5268,openrainer 2022-08-30 11
openrainer,gauges,radar,,357239,0.598,0.3013,-0.2967,-0.4962,0.4253,1.6762,2.803,0.7246,0.6738,0.2059,0.5736,openrainer 2022-08-30 11
openrainer,dynamic idw,radar,,204567,0.6163,0.8041,0.1878,0.3048,0.8259,2.7716,4.4974,0.462,0.7401,0.6004,0.3504,openrainer 2022-08-30 11
openrainer,dynamic line,radar,,240483,0.6079,0.7105,0.1026,0.1688,0.7716,2.534,4.1682,0.4458,0.7689,0.632,0.3314,openrainer 2022-08-30 11
openrainer,dynamic gmz,radar,,240483,0.6079,0.7519,0.1439,0.2368,0.8115,2.7642,4.5469,0.423,0.7424,0.6367,0.3226,openrainer 2022-08-30 11
openrainer,constant idw,radar,,204567,0.6163,0.4079,-0.2084,-0.3382,0.6698,3.0934,5.0196,0.3279,0.386,0.3098,0.329,openrainer 2022-08-30 11
openrainer,constant line,radar,,240483,0.6079,0.3696,-0.2383,-0.392,0.6475,2.8897,4.7534,0.3113,0.405,0.3453,0.3337,openrainer 2022-08-30 11
openrainer,constant gmz,radar,,240483,0.6079,0.4061,-0.2018,-0.332,0.6808,3.2258,5.3063,0.2872,0.3933,0.3561,0.3231,openrainer 2022-08-30 11
openrainer,pycomlink idw,radar,,204567,0.6163,0.3947,-0.2216,-0.3596,0.5958,2.7017,4.384,0.4103,0.5279,0.2733,0.4405,openrainer 2022-08-30 11
openrainer,pycomlink line,radar,,240483,0.6079,0.3484,-0.2595,-0.4269,0.58,2.5342,4.1686,0.3924,0.5164,0.3044,0.4212,openrainer 2022-08-30 11
openrainer,pycomlink gmz,radar,,240483,0.6079,0.3729,-0.2351,-0.3867,0.6014,2.7759,4.5662,0.3658,0.5044,0.3106,0.411,openrainer 2022-08-30 11
openrainer,nearby idw,radar,,98615,0.7094,0.2819,-0.4275,-0.6027,0.6072,2.2455,3.1654,0.5495,0.3712,0.1871,0.342,openrainer 2022-08-30 11
openrainer,nearby line,radar,,122556,0.6989,0.2399,-0.459,-0.6568,0.6079,2.2717,3.2505,0.5257,0.377,0.2274,0.3394,openrainer 2022-08-30 11
openrainer,nearby gmz,radar,,122556,0.6989,0.2388,-0.4601,-0.6584,0.6043,2.28,3.2624,0.5223,0.3626,0.2106,0.3306,openrainer 2022-08-30 11
openrainer,rnn idw,radar,,204714,0.618,0.4734,-0.1447,-0.2341,0.5266,1.8668,3.0205,0.6404,0.6703,0.4186,0.4521,openrainer 2022-08-30 11
openrainer,rnn line,radar,,240567,0.6088,0.4845,-0.1244,-0.2043,0.5511,1.9294,3.169,0.6086,0.6615,0.4524,0.4277,openrainer 2022-08-30 11
openrainer,rnn gmz,radar,,240567,0.6088,0.4926,-0.1162,-0.1909,0.5499,1.9346,3.1774,0.612,0.6574,0.45,0.4275,openrainer 2022-08-30 11
openrainer,dynamic idw,gauges,,195865,0.3208,0.7979,0.4771,1.4873,0.6773,2.5582,7.9746,0.4956,0.794,0.6182,0.3474,openrainer 2022-08-30 11
openrainer,dynamic line,gauges,,225970,0.3171,0.7025,0.3854,1.2156,0.6023,2.185,6.8917,0.4823,0.8158,0.6523,0.3224,openrainer 2022-08-30 11
openrainer,dynamic gmz,gauges,,225970,0.3171,0.743,0.426,1.3436,0.6487,2.4936,7.865,0.4544,0.7892,0.6558,0.3152,openrainer 2022-08-30 11
openrainer,constant idw,gauges,,195865,0.3208,0.4178,0.097,0.3024,0.4281,2.7318,8.5157,0.3799,0.4666,0.3035,0.3878,openrainer 2022-08-30 11
openrainer,constant line,gauges,,225970,0.3171,0.38,0.063,0.1986,0.4017,2.4569,7.7491,0.3583,0.4903,0.341,0.3911,openrainer 2022-08-30 11
openrainer,constant gmz,gauges,,225970,0.3171,0.4186,0.1016,0.3203,0.4431,2.8938,9.1274,0.3257,0.4769,0.3519,0.3788,openrainer 2022-08-30 11
openrainer,pycomlink idw,gauges,,195865,0.3208,0.4017,0.081,0.2523,0.369,2.3135,7.2116,0.4604,0.6231,0.2801,0.5015,openrainer 2022-08-30 11
openrainer,pycomlink line,gauges,,225970,0.3171,0.3557,0.0386,0.1218,0.3445,2.0411,6.4376,0.4391,0.6138,0.3133,0.4795,openrainer 2022-08-30 11
openrainer,pycomlink gmz,gauges,,225970,0.3171,0.3817,0.0646,0.2039,0.3738,2.3856,7.5243,0.4039,0.5995,0.3173,0.4688,openrainer 2022-08-30 11
openrainer,nearby idw,gauges,,98636,0.3761,0.285,-0.0911,-0.2422,0.313,1.3845,3.6809,0.6554,0.4356,0.1493,0.4047,openrainer 2022-08-30 11
openrainer,nearby line,gauges,,121770,0.3617,0.2432,-0.1185,-0.3275,0.2974,1.268,3.506,0.644,0.4404,0.1993,0.3969,openrainer 2022-08-30 11
openrainer,nearby gmz,gauges,,121770,0.3617,0.2426,-0.1191,-0.3293,0.3013,1.3123,3.6287,0.6339,0.4222,0.1825,0.3858,openrainer 2022-08-30 11
openrainer,rnn idw,gauges,,196012,0.322,0.4818,0.1598,0.4962,0.3631,1.3086,4.0637,0.6881,0.7651,0.4453,0.474,openrainer 2022-08-30 11
openrainer,rnn line,gauges,,226054,0.3176,0.4955,0.1779,0.5602,0.3856,1.3596,4.2809,0.6603,0.762,0.4783,0.4486,openrainer 2022-08-30 11
openrainer,rnn gmz,gauges,,226054,0.3176,0.5041,0.1865,0.5871,0.3924,1.411,4.4426,0.66,0.7577,0.4765,0.4484,openrainer 2022-08-30 11
openrainer,gauges,radar,2.0,17936,1.4058,0.975,-0.4307,-0.3064,0.7362,2.1042,1.4968,0.8471,0.7429,0.107,0.6822,openrainer 2022-09-14 23
openrainer,dynamic idw,radar,2.0,18483,1.3628,1.3865,0.0237,0.0174,0.8803,2.5432,1.8662,0.7866,0.8389,0.3487,0.5789,openrainer 2022-09-14 23
openrainer,dynamic line,radar,2.0,18491,1.368,1.2896,-0.0784,-0.0573,0.8346,2.2855,1.6707,0.8078,0.8536,0.3484,0.5861,openrainer 2022-09-14 23
openrainer,dynamic gmz,radar,2.0,18491,1.368,1.3181,-0.0499,-0.0364,0.8206,2.2879,1.6725,0.8143,0.8329,0.3494,0.5755,openrainer 2022-09-14 23
openrainer,constant idw,radar,2.0,18483,1.3628,0.8178,-0.545,-0.3999,0.7971,2.4436,1.793,0.7834,0.5747,0.0657,0.5524,openrainer 2022-09-14 23
openrainer,constant line,radar,2.0,18491,1.368,0.7826,-0.5854,-0.4279,0.7931,2.3437,1.7133,0.8062,0.5929,0.0732,0.5663,openrainer 2022-09-14 23
openrainer,constant gmz,radar,2.0,18491,1.368,0.7971,-0.5709,-0.4173,0.7625,2.2677,1.6577,0.8188,0.5785,0.0632,0.5567,openrainer 2022-09-14 23
openrainer,pycomlink idw,radar,2.0,18483,1.3628,0.9453,-0.4175,-0.3063,0.7552,2.3747,1.7425,0.7965,0.7115,0.1386,0.6384,openrainer 2022-09-14 23
openrainer,pycomlink line,radar,2.0,18491,1.368,0.8851,-0.4829,-0.353,0.7499,2.2408,1.6381,0.8206,0.7262,0.1406,0.6491,openrainer 2022-09-14 23
openrainer,pycomlink gmz,radar,2.0,18491,1.368,0.8984,-0.4695,-0.3432,0.721,2.1734,1.5888,0.8315,0.7087,0.1337,0.6388,openrainer 2022-09-14 23
openrainer,nearby idw,radar,2.0,12312,1.6003,0.8821,-0.7181,-0.4487,0.9375,2.6455,1.6532,0.7896,0.6111,0.0873,0.5774,openrainer 2022-09-14 23
openrainer,nearby line,radar,2.0,13034,1.6453,0.8103,-0.835,-0.5075,1.0286,2.9277,1.7795,0.769,0.6167,0.0961,0.5788,openrainer 2022-09-14 23
openrainer,nearby gmz,radar,2.0,13034,1.6453,0.8142,-0.8311,-0.5051,1.0081,2.8663,1.7421,0.7753,0.6019,0.0906,0.5678,openrainer 2022-09-14 23
openrainer,rnn idw,radar,2.0,18506,1.3701,1.4651,0.095,0.0693,0.782,2.0266,1.4792,0.8483,0.8233,0.2263,0.6635,openrainer 2022-09-14 23
openrainer,rnn line,radar,2.0,18506,1.3701,1.5062,0.1361,0.0993,0.806,2.0733,1.5132,0.8414,0.8227,0.2311,0.6596,openrainer 2022-09-14 23
openrainer,rnn gmz,radar,2.0,18506,1.3701,1.5186,0.1485,0.1084,0.7766,2.0123,1.4687,0.8525,0.8147,0.2211,0.6616,openrainer 2022-09-14 23
openrainer,dynamic idw,gauges,2.0,17913,0.9649,1.4133,0.4483,0.4646,0.827,2.4373,2.5258,0.8034,0.8985,0.4074,0.5554,openrainer 2022-09-14 23
openrainer,dynamic line,gauges,2.0,17921,0.9705,1.3123,0.3418,0.3522,0.7684,2.2864,2.3559,0.7836,0.9067,0.4116,0.5548,openrainer 2022-09-14 23
openrainer,dynamic gmz,gauges,2.0,17921,0.9705,1.341,0.3705,0.3818,0.7904,2.3676,2.4397,0.786,0.8922,0.4072,0.5532,openrainer 2022-09-14 23
openrainer,constant idw,gauges,2.0,17913,0.9649,0.8423,-0.1227,-0.1271,0.5574,2.0477,2.1221,0.8098,0.6826,0.086,0.6414,openrainer 2022-09-14 23
openrainer,constant line,gauges,2.0,17921,0.9705,0.8056,-0.1648,-0.1699,0.5595,2.0784,2.1416,0.7885,0.6956,0.104,0.6436,openrainer 2022-09-14 23
openrainer,constant gmz,gauges,2.0,17921,0.9705,0.8207,-0.1498,-0.1544,0.5517,2.0637,2.1265,0.7972,0.6821,0.0896,0.6392,openrainer 2022-09-14 23
openrainer,pycomlink idw,gauges,2.0,17913,0.9649,0.9732,0.0082,0.0085,0.5532,2.0265,2.1001,0.824,0.823,0.1761,0.6999,openrainer 2022-09-14 23
openrainer,pycomlink line,gauges,2.0,17921,0.9705,0.9108,-0.0597,-0.0615,0.5431,2.0197,2.0812,0.8032,0.8315,0.1863,0.6985,openrainer 2022-09-14 23
openrainer,pycomlink gmz,gauges,2.0,17921,0.9705,0.9247,-0.0458,-0.0471,0.5394,2.0188,2.0802,0.8104,0.8134,0.1788,0.691,openrainer 2022-09-14 23
openrainer,nearby idw,gauges,2.0,12293,1.0917,0.8835,-0.2082,-0.1907,0.6651,2.2131,2.0271,0.7721,0.713,0.0937,0.664,openrainer 2022-09-14 23
openrainer,nearby line,gauges,2.0,12996,1.1325,0.8126,-0.3198,-0.2824,0.7214,2.5287,2.2329,0.722,0.7159,0.1051,0.6604,openrainer 2022-09-14 23
openrainer,nearby gmz,gauges,2.0,12996,1.1325,0.8166,-0.3159,-0.2789,0.7237,2.5004,2.2079,0.7268,0.6989,0.0993,0.6489,openrainer 2022-09-14 23
openrainer,rnn idw,gauges,2.0,17936,0.975,1.5068,0.5318,0.5454,0.8781,2.3392,2.3991,0.7672,0.9175,0.2881,0.6691,openrainer 2022-09-14 23
openrainer,rnn line,gauges,2.0,17936,0.975,1.5493,0.5743,0.589,0.9231,2.4311,2.4933,0.7532,0.9175,0.2922,0.6655,openrainer 2022-09-14 23
openrainer,rnn gmz,gauges,2.0,17936,0.975,1.5618,0.5867,0.6018,0.9252,2.4614,2.5244,0.7565,0.9101,0.2816,0.6708,openrainer 2022-09-14 23
openrainer,gauges,radar,,133729,0.9324,0.6234,-0.309,-0.3314,0.5421,1.8375,1.9707,0.8091,0.6741,0.1081,0.6232,openrainer 2022-09-14 23
openrainer,dynamic idw,radar,,77289,1.1031,1.3079,0.2048,0.1856,1.0859,3.0816,2.7936,0.6353,0.795,0.4411,0.4885,openrainer 2022-09-14 23
openrainer,dynamic line,radar,,90399,1.056,1.1716,0.1156,0.1095,1.0225,2.8088,2.6599,0.6265,0.8186,0.474,0.4711,openrainer 2022-09-14 23
openrainer,dynamic gmz,radar,,90399,1.056,1.203,0.147,0.1392,1.0319,2.8796,2.727,0.6268,0.8001,0.4713,0.467,openrainer 2022-09-14 23
openrainer,constant idw,radar,,77289,1.1031,0.6572,-0.4459,-0.4043,0.8109,2.6904,2.4389,0.6577,0.4993,0.1163,0.4685,openrainer 2022-09-14 23
openrainer,constant line,radar,,90399,1.056,0.6058,-0.4502,-0.4263,0.7965,2.5814,2.4446,0.6478,0.5207,0.1477,0.4776,openrainer 2022-09-14 23
openrainer,constant gmz,radar,,90399,1.056,0.614,-0.4419,-0.4185,0.781,2.5634,2.4276,0.658,0.5048,0.1337,0.4683,openrainer 2022-09-14 23
openrainer,pycomlink idw,radar,,77289,1.1031,0.7757,-0.3274,-0.2968,0.792,2.6597,2.4111,0.6747,0.6435,0.1864,0.5609,openrainer 2022-09-14 23
openrainer,pycomlink line,radar,,90399,1.056,0.6999,-0.356,-0.3372,0.7787,2.5285,2.3945,0.6658,0.6527,0.2122,0.5551,openrainer 2022-09-14 23
openrainer,pycomlink gmz,radar,,90399,1.056,0.7078,-0.3482,-0.3297,0.7619,2.513,2.3798,0.6758,0.6381,0.2032,0.5488,openrainer 2022-09-14 23
openrainer,nearby idw,radar,,38755,1.4367,0.9115,-0.5252,-0.3656,0.9898,2.8643,1.9937,0.6814,0.6025,0.1353,0.5506,openrainer 2022-09-14 23
openrainer,nearby line,radar,,47255,1.4476,0.8134,-0.6342,-0.4381,1.0691,3.0644,2.1169,0.635,0.6051,0.1603,0.5424,openrainer 2022-09-14 23
openrainer,nearby gmz,radar,,47255,1.4476,0.8251,-0.6225,-0.43,1.0539,3.0428,2.1019,0.641,0.5917,0.1508,0.5354,openrainer 2022-09-14 23
openrainer,rnn idw,radar,,77463,1.1125,1.1802,0.0677,0.0608,0.8459,2.3846,2.1434,0.7315,0.7588,0.2773,0.5876,openrainer 2022-09-14 23
openrainer,rnn line,radar,,90516,1.0585,1.1653,0.1068,0.1009,0.8839,2.479,2.3419,0.6924,0.7516,0.3008,0.5679,openrainer 2022-09-14 23
openrainer,rnn gmz,radar,,90516,1.0585,1.1768,0.1183,0.1117,0.8723,2.474,2.3372,0.7003,0.7443,0.2951,0.5675,openrainer 2022-09-14 23
openrainer,dynamic idw,gauges,,72756,0.7738,1.3263,0.5525,0.714,0.9912,2.9236,3.7783,0.6659,0.8605,0.497,0.4651,openrainer 2022-09-14 23
openrainer,dynamic line,gauges,,83575,0.7426,1.1781,0.4356,0.5866,0.8882,2.5752,3.468,0.6551,0.878,0.5286,0.4424,openrainer 2022-09-14 23
openrainer,dynamic gmz,gauges,,83575,0.7426,1.2145,0.472,0.6356,0.9197,2.7006,3.6369,0.6505,0.8622,0.5238,0.4425,openrainer 2022-09-14 23
openrainer,constant idw,gauges,,72756,0.7738,0.6819,-0.0919,-0.1188,0.5788,2.2722,2.9365,0.7016,0.6202,0.1341,0.5659,openrainer 2022-09-14 23
openrainer,constant line,gauges,,83575,0.7426,0.6264,-0.1161,-0.1564,0.5522,2.1349,2.8751,0.689,0.6488,0.1677,0.5737,openrainer 2022-09-14 23
openrainer,constant gmz,gauges,,83575,0.7426,0.6396,-0.103,-0.1387,0.5536,2.1579,2.906,0.6934,0.6325,0.1521,0.5681,openrainer 2022-09-14 23
openrainer,pycomlink idw,gauges,,72756,0.7738,0.7971,0.0233,0.0301,0.5906,2.2954,2.9665,0.7151,0.7701,0.2228,0.6309,openrainer 2022-09-14 23
openrainer,pycomlink line,gauges,,83575,0.7426,0.7155,-0.0271,-0.0364,0.5544,2.1195,2.8543,0.7029,0.7828,0.2515,0.6198,openrainer 2022-09-14 23
openrainer,pycomlink gmz,gauges,,83575,0.7426,0.7281,-0.0145,-0.0195,0.5561,2.1477,2.8923,0.7072,0.7667,0.245,0.6139,openrainer 2022-09-14 23
openrainer,nearby idw,gauges,,38055,0.988,0.8999,-0.0881,-0.0892,0.7295,2.3905,2.4196,0.6843,0.7048,0.1424,0.631,openrainer 2022-09-14 23
openrainer,nearby line,gauges,,46076,0.9841,0.7908,-0.1933,-0.1964,0.7454,2.4834,2.5235,0.6376,0.7093,0.1673,0.6208,openrainer 2022-09-14 23
openrainer,nearby gmz,gauges,,46076,0.9841,0.8056,-0.1785,-0.1813,0.7501,2.5008,2.5413,0.6385,0.6953,0.158,0.6151,openrainer 2022-09-14 23
openrainer,rnn idw,gauges,,72930,0.7885,1.2144,0.4259,0.5401,0.8208,2.3271,2.9511,0.705,0.8709,0.3431,0.5986,openrainer 2022-09-14 23
openrainer,rnn line,gauges,,83692,0.7478,1.196,0.4482,0.5994,0.8412,2.3757,3.1769,0.6769,0.8687,0.3653,0.5792,openrainer 2022-09-14 23
openrainer,rnn gmz,gauges,,83692,0.7478,1.2066,0.4588,0.6135,0.845,2.4106,3.2236,0.6798,0.8626,0.3585,0.582,openrainer 2022-09-14 23
openrainer,gauges,radar,2.0,12782,1.49,1.3631,-0.1269,-0.0852,0.7893,1.9116,1.2829,0.778,0.9416,0.0896,0.8617,openrainer 2022-09-17 01
openrainer,dynamic idw,radar,2.0,13172,1.494,2.2754,0.7814,0.5231,1.3995,3.5907,2.4034,0.6954,0.9131,0.3012,0.6553,openrainer 2022-09-17 01
openrainer,dynamic line,radar,2.0,13177,1.495,2.0968,0.6018,0.4025,1.2763,3.2168,2.1517,0.7011,0.9168,0.3042,0.6545,openrainer 2022-09-17 01
openrainer,dynamic gmz,radar,2.0,13177,1.495,2.1153,0.6203,0.4149,1.3072,3.4444,2.3039,0.6797,0.912,0.2983,0.6572,openrainer 2022-09-17 01
openrainer,constant idw,radar,2.0,13172,1.494,1.295,-0.1989,-0.1332,0.8758,2.2286,1.4918,0.7377,0.815,0.0495,0.7818,openrainer 2022-09-17 01
openrainer,constant line,radar,2.0,13177,1.495,1.2931,-0.2019,-0.1351,0.8673,2.1832,1.4603,0.7378,0.8196,0.0545,0.7827,openrainer 2022-09-17 01
openrainer,constant gmz,radar,2.0,13177,1.495,1.3015,-0.1936,-0.1295,0.8795,2.2688,1.5176,0.728,0.8098,0.0473,0.7785,openrainer 2022-09-17 01
openrainer,pycomlink idw,radar,2.0,13172,1.494,1.5783,0.0843,0.0564,0.8597,2.1925,1.4676,0.7646,0.9348,0.1396,0.8118,openrainer 2022-09-17 01
openrainer,pycomlink line,radar,2.0,13177,1.495,1.5107,0.0157,0.0105,0.8453,2.1229,1.42,0.7608,0.9323,0.1473,0.8029,openrainer 2022-09-17 01
openrainer,pycomlink gmz,radar,2.0,13177,1.495,1.5154,0.0204,0.0136,0.8545,2.2209,1.4856,0.7492,0.9255,0.1424,0.8022,openrainer 2022-09-17 01
openrainer,nearby idw,radar,2.0,8862,1.514,1.4146,-0.0994,-0.0656,0.8385,2.2265,1.4706,0.7662,0.8022,0.0372,0.778,openrainer 2022-09-17 01
openrainer,nearby line,radar,2.0,9394,1.4658,1.3212,-0.1446,-0.0986,0.8166,2.0991,1.4321,0.7625,0.8011,0.0467,0.7708,openrainer 2022-09-17 01
openrainer,nearby gmz,radar,2.0,9394,1.4658,1.3257,-0.1401,-0.0956,0.8215,2.1823,1.4888,0.7526,0.7969,0.0469,0.7669,openrainer 2022-09-17 01
openrainer,rnn idw,radar,2.0,13202,1.5015,2.3417,0.8401,0.5595,1.1682,2.3631,1.5737,0.8279,0.9572,0.211,0.7621,openrainer 2022-09-17 01
openrainer,rnn line,radar,2.0,13202,1.5015,2.3932,0.8917,0.5938,1.2199,2.4453,1.6285,0.8207,0.9502,0.2164,0.7527,openrainer 2022-09-17 01
openrainer,rnn gmz,radar,2.0,13202,1.5015,2.3982,0.8966,0.5971,1.2281,2.4873,1.6565,0.8189,0.949,0.2117,0.7563,openrainer 2022-09-17 01
openrainer,dynamic idw,gauges,2.0,12752,1.3444,2.2658,0.9213,0.6853,1.1429,3.2198,2.3949,0.803,0.905,0.2808,0.6687,openrainer 2022-09-17 01
openrainer,dynamic line,gauges,2.0,12757,1.3469,2.0837,0.7367,0.547,0.9929,2.8169,2.0913,0.8081,0.9124,0.2806,0.673,openrainer 2022-09-17 01
openrainer,dynamic gmz,gauges,2.0,12757,1.3469,2.1026,0.7557,0.5611,1.0315,3.0642,2.275,0.7845,0.9049,0.2777,0.6713,openrainer 2022-09-17 01
openrainer,constant idw,gauges,2.0,12752,1.3444,1.2963,-0.0481,-0.0358,0.5602,1.4384,1.0699,0.8934,0.8118,0.0268,0.794,openrainer 2022-09-17 01
openrainer,constant line,gauges,2.0,12757,1.3469,1.2927,-0.0542,-0.0403,0.5381,1.4032,1.0418,0.8909,0.8195,0.0286,0.8002,openrainer 2022-09-17 01
openrainer,constant gmz,gauges,2.0,12757,1.3469,1.2992,-0.0477,-0.0354,0.5618,1.5137,1.1238,0.8799,0.8079,0.0259,0.7909,openrainer 2022-09-17 01
openrainer,pycomlink idw,gauges,2.0,12752,1.3444,1.5785,0.2341,0.1741,0.5532,1.5105,1.1235,0.9,0.934,0.1104,0.837,openrainer 2022-09-17 01
openrainer,pycomlink line,gauges,2.0,12757,1.3469,1.5088,0.1619,0.1202,0.5276,1.4471,1.0743,0.893,0.9343,0.1161,0.8322,openrainer 2022-09-17 01
openrainer,pycomlink gmz,gauges,2.0,12757,1.3469,1.5138,0.1669,0.1239,0.5494,1.5744,1.1689,0.8801,0.9256,0.1157,0.8256,openrainer 2022-09-17 01
openrainer,nearby idw,gauges,2.0,8848,1.4144,1.4154,0.001,0.0007,0.5678,1.5353,1.0855,0.8934,0.78,0.0296,0.7619,openrainer 2022-09-17 01
openrainer,nearby line,gauges,2.0,9366,1.3837,1.3223,-0.0614,-0.0444,0.5473,1.4809,1.0702,0.8827,0.778,0.0352,0.7566,openrainer 2022-09-17 01
openrainer,nearby gmz,gauges,2.0,9366,1.3837,1.3268,-0.0569,-0.0411,0.5663,1.5831,1.1441,0.8717,0.7738,0.0357,0.7522,openrainer 2022-09-17 01
openrainer,rnn idw,gauges,2.0,12782,1.3631,2.338,0.9749,0.7152,1.0834,2.1362,1.5672,0.8923,0.9592,0.1843,0.7884,openrainer 2022-09-17 01
openrainer,rnn line,gauges,2.0,12782,1.3631,2.3909,1.0277,0.754,1.1336,2.2062,1.6185,0.8895,0.9558,0.1871,0.7835,openrainer 2022-09-17 01
openrainer,rnn gmz,gauges,2.0,12782,1.3631,2.3945,1.0314,0.7566,1.1405,2.2535,1.6532,0.8868,0.9528,0.1832,0.785,openrainer 2022-09-17 01
openrainer,gauges,radar,,97509,1.6343,1.3809,-0.2533,-0.155,0.9307,2.1733,1.3298,0.7358,0.8937,0.1023,0.8111,openrainer 2022-09-17 01
openrainer,dynamic idw,radar,,56435,1.6547,2.7187,1.064,0.6431,1.8147,4.4522,2.6907,0.6314,0.8995,0.3104,0.6402,openrainer 2022-09-17 01
openrainer,dynamic line,radar,,65789,1.6545,2.4408,0.7863,0.4753,1.6251,3.8204,2.3091,0.6403,0.904,0.3258,0.6292,openrainer 2022-09-17 01
openrainer,dynamic gmz,radar,,65789,1.6545,2.463,0.8085,0.4887,1.6626,4.0516,2.4488,0.6193,0.897,0.3194,0.6313,openrainer 2022-09-17 01
openrainer,constant idw,radar,,56435,1.6547,1.3361,-0.3185,-0.1925,1.0908,2.5933,1.5672,0.6732,0.7585,0.0628,0.7218,openrainer 2022-09-17 01
openrainer,constant line,radar,,65789,1.6545,1.3275,-0.327,-0.1977,1.0995,2.5274,1.5276,0.6704,0.766,0.0771,0.72,openrainer 2022-09-17 01
openrainer,constant gmz,radar,,65789,1.6545,1.3331,-0.3214,-0.1943,1.1125,2.5968,1.5696,0.6606,0.755,0.0685,0.7153,openrainer 2022-09-17 01
openrainer,pycomlink idw,radar,,56435,1.6547,1.6995,0.0448,0.0271,1.0571,2.4979,1.5096,0.7199,0.9045,0.1435,0.7855,openrainer 2022-09-17 01
openrainer,pycomlink line,radar,,65789,1.6545,1.6094,-0.045,-0.0272,1.0587,2.3975,1.4491,0.7137,0.9022,0.1564,0.7729,openrainer 2022-09-17 01
openrainer,pycomlink gmz,radar,,65789,1.6545,1.61,-0.0445,-0.0269,1.0689,2.4637,1.4891,0.7045,0.8903,0.151,0.7685,openrainer 2022-09-17 01
openrainer,nearby idw,radar,,28432,1.5629,1.5437,-0.0192,-0.0123,0.9803,2.5307,1.6192,0.7392,0.7751,0.0615,0.7376,openrainer 2022-09-17 01
openrainer,nearby line,radar,,34738,1.5418,1.4395,-0.1023,-0.0664,0.9706,2.3648,1.5338,0.7297,0.7746,0.0739,0.7295,openrainer 2022-09-17 01
openrainer,nearby gmz,radar,,34738,1.5418,1.4461,-0.0957,-0.0621,0.9763,2.4333,1.5782,0.7223,0.7688,0.0754,0.7235,openrainer 2022-09-17 01
openrainer,rnn idw,radar,,56560,1.6618,2.3854,0.7236,0.4355,1.3054,2.6344,1.5853,0.7618,0.9259,0.2166,0.7372,openrainer 2022-09-17 01
openrainer,rnn line,radar,,65926,1.661,2.4245,0.7635,0.4597,1.3723,2.7186,1.6367,0.7461,0.9161,0.2269,0.722,openrainer 2022-09-17 01
openrainer,rnn gmz,radar,,65926,1.661,2.4303,0.7692,0.4631,1.3819,2.7584,1.6607,0.743,0.9168,0.2246,0.7244,openrainer 2022-09-17 01
openrainer,dynamic idw,gauges,,53012,1.4287,2.671,1.2423,0.8696,1.5498,4.132,2.8922,0.7288,0.8993,0.2852,0.6618,openrainer 2022-09-17 01
openrainer,dynamic line,gauges,,60660,1.4278,2.3935,0.9657,0.6764,1.3368,3.4796,2.4371,0.7327,0.9079,0.2987,0.6547,openrainer 2022-09-17 01
openrainer,dynamic gmz,gauges,,60660,1.4278,2.418,0.9902,0.6935,1.3709,3.7089,2.5977,0.7131,0.8999,0.2943,0.6543,openrainer 2022-09-17 01
openrainer,constant idw,gauges,,53012,1.4287,1.3109,-0.1178,-0.0825,0.7019,1.7447,1.2212,0.8398,0.7642,0.0323,0.7452,openrainer 2022-09-17 01
openrainer,constant line,gauges,,60660,1.4278,1.2933,-0.1345,-0.0942,0.6966,1.741,1.2194,0.8257,0.7788,0.0431,0.7524,openrainer 2022-09-17 01
openrainer,constant gmz,gauges,,60660,1.4278,1.2921,-0.1357,-0.095,0.7074,1.7837,1.2493,0.8214,0.7657,0.0381,0.7432,openrainer 2022-09-17 01
openrainer,pycomlink idw,gauges,,53012,1.4287,1.6705,0.2418,0.1692,0.7205,1.8219,1.2752,0.8521,0.9073,0.1142,0.8122,openrainer 2022-09-17 01
openrainer,pycomlink line,gauges,,60660,1.4278,1.5745,0.1468,0.1028,0.7037,1.7613,1.2336,0.8354,0.9121,0.123,0.8086,openrainer 2022-09-17 01
openrainer,pycomlink gmz,gauges,,60660,1.4278,1.5725,0.1448,0.1014,0.7126,1.8059,1.2648,0.8312,0.8991,0.1227,0.7986,openrainer 2022-09-17 01
openrainer,nearby idw,gauges,,27928,1.4575,1.5164,0.0589,0.0404,0.6812,1.7902,1.2283,0.8751,0.7541,0.0436,0.7291,openrainer 2022-09-17 01
openrainer,nearby line,gauges,,33884,1.4377,1.4004,-0.0372,-0.0259,0.6603,1.7338,1.206,0.8501,0.7506,0.0463,0.7242,openrainer 2022-09-17 01
openrainer,nearby gmz,gauges,,33884,1.4377,1.4035,-0.0342,-0.0238,0.6696,1.7672,1.2292,0.8488,0.7452,0.0478,0.7184,openrainer 2022-09-17 01
openrainer,rnn idw,gauges,,53130,1.4475,2.3671,0.9196,0.6353,1.1839,2.3236,1.6053,0.8438,0.9336,0.1883,0.7674,openrainer 2022-09-17 01
openrainer,rnn line,gauges,,60787,1.4458,2.4039,0.9582,0.6627,1.2449,2.4296,1.6805,0.8246,0.9332,0.1949,0.7612,openrainer 2022-09-17 01
openrainer,rnn gmz,gauges,,60787,1.4458,2.407,0.9613,0.6649,1.2498,2.4611,1.7023,0.8231,0.9316,0.1939,0.7611,openrainer 2022-09-17 01
openrainer,gauges,radar,2.0,16956,1.0733,0.6363,-0.437,-0.4071,0.6375,1.3277,1.2371,0.8496,0.851,0.2244,0.6829,openrainer 2022-09-24 09
openrainer,dynamic idw,radar,2.0,17532,1.0672,0.8637,-0.2035,-0.1907,0.7319,1.589,1.4889,0.634,0.8261,0.2453,0.6512,openrainer 2022-09-24 09
openrainer,dynamic line,radar,2.0,17532,1.0672,0.8163,-0.2509,-0.2351,0.7135,1.5073,1.4124,0.6685,0.8363,0.2594,0.6468,openrainer 2022-09-24 09
openrainer,dynamic gmz,radar,2.0,17532,1.0672,0.831,-0.2362,-0.2214,0.7398,1.5712,1.4723,0.6381,0.8153,0.2636,0.6311,openrainer 2022-09-24 09
openrainer,constant idw,radar,2.0,17532,1.0672,0.2386,-0.8286,-0.7764,0.8743,1.7821,1.6699,0.6425,0.3404,0.0507,0.3343,openrainer 2022-09-24 09
openrainer,constant line,radar,2.0,17532,1.0672,0.2671,-0.8001,-0.7497,0.8415,1.7086,1.601,0.6891,0.3734,0.051,0.3661,openrainer 2022-09-24 09
openrainer,constant gmz,radar,2.0,17532,1.0672,0.2786,-0.7886,-0.7389,0.8432,1.7226,1.6141,0.6568,0.3619,0.0503,0.3551,openrainer 2022-09-24 09
openrainer,pycomlink idw,radar,2.0,17532,1.0672,0.2779,-0.7893,-0.7396,0.9153,2.0141,1.8873,0.3716,0.4941,0.138,0.4578,openrainer 2022-09-24 09
openrainer,pycomlink line,radar,2.0,17532,1.0672,0.2569,-0.8103,-0.7593,0.9086,2.0033,1.8772,0.3966,0.4821,0.1288,0.45,openrainer 2022-09-24 09
openrainer,pycomlink gmz,radar,2.0,17532,1.0672,0.2667,-0.8005,-0.7501,0.9136,2.0071,1.8807,0.3853,0.4742,0.1265,0.4438,openrainer 2022-09-24 09
openrainer,nearby idw,radar,2.0,11664,0.9145,0.2822,-0.6323,-0.6914,0.7119,1.4284,1.5619,0.7026,0.4665,0.1459,0.4321,openrainer 2022-09-24 09
openrainer,nearby line,radar,2.0,12348,0.8935,0.257,-0.6365,-0.7124,0.6964,1.4073,1.5751,0.722,0.4475,0.1472,0.4154,openrainer 2022-09-24 09
openrainer,nearby gmz,radar,2.0,12348,0.8935,0.2614,-0.6321,-0.7075,0.7066,1.4253,1.5953,0.6796,0.4284,0.1492,0.3985,openrainer 2022-09-24 09
openrainer,rnn idw,radar,2.0,17532,1.0672,1.0025,-0.0647,-0.0606,0.7127,1.3105,1.228,0.7561,0.8515,0.363,0.5733,openrainer 2022-09-24 09
openrainer,rnn line,radar,2.0,17532,1.0672,1.034,-0.0332,-0.0311,0.7221,1.3164,1.2335,0.7518,0.8523,0.3718,0.5665,openrainer 2022-09-24 09
openrainer,rnn gmz,radar,2.0,17532,1.0672,1.0433,-0.0239,-0.0224,0.733,1.3413,1.2569,0.7403,0.8448,0.3636,0.5698,openrainer 2022-09-24 09
openrainer,dynamic idw,gauges,2.0,16956,0.6363,0.861,0.2247,0.3531,0.486,1.1731,1.8436,0.6897,0.8193,0.1797,0.6947,openrainer 2022-09-24 09
openrainer,dynamic line,gauges,2.0,16956,0.6363,0.8123,0.176,0.2765,0.4475,1.0137,1.593,0.7129,0.8306,0.1946,0.6918,openrainer 2022-09-24 09
openrainer,dynamic gmz,gauges,2.0,16956,0.6363,0.8266,0.1902,0.299,0.4831,1.1203,1.7605,0.6803,0.8056,0.2021,0.6691,openrainer 2022-09-24 09
openrainer,constant idw,gauges,2.0,16956,0.6363,0.2401,-0.3962,-0.6226,0.4827,0.901,1.416,0.6643,0.3156,0.0348,0.3121,openrainer 2022-09-24 09
openrainer,constant line,gauges,2.0,16956,0.6363,0.269,-0.3673,-0.5773,0.4593,0.8431,1.325,0.7152,0.3482,0.0328,0.3441,openrainer 2022-09-24 09
openrainer,constant gmz,gauges,2.0,16956,0.6363,0.2797,-0.3566,-0.5604,0.4767,0.9106,1.4311,0.6754,0.3367,0.033,0.3328,openrainer 2022-09-24 09
openrainer,pycomlink idw,gauges,2.0,16956,0.6363,0.2783,-0.358,-0.5627,0.4936,1.0058,1.5806,0.5152,0.491,0.0713,0.4731,openrainer 2022-09-24 09
openrainer,pycomlink line,gauges,2.0,16956,0.6363,0.2563,-0.38,-0.5972,0.487,0.9781,1.5371,0.535,0.4751,0.068,0.4592,openrainer 2022-09-24 09
openrainer,pycomlink gmz,gauges,2.0,16956,0.6363,0.2652,-0.3711,-0.5832,0.4934,0.9948,1.5634,0.5205,0.4643,0.0693,0.4488,openrainer 2022-09-24 09
openrainer,nearby idw,gauges,2.0,11646,0.5463,0.2825,-0.2638,-0.483,0.3781,0.6922,1.2671,0.7006,0.4616,0.0365,0.4536,openrainer 2022-09-24 09
openrainer,nearby line,gauges,2.0,12312,0.5418,0.2573,-0.2845,-0.5251,0.3746,0.6831,1.2609,0.6953,0.4397,0.0407,0.4316,openrainer 2022-09-24 09
openrainer,nearby gmz,gauges,2.0,12312,0.5418,0.2617,-0.2801,-0.517,0.3895,0.7458,1.3766,0.6484,0.4234,0.0373,0.4166,openrainer 2022-09-24 09
openrainer,rnn idw,gauges,2.0,16956,0.6363,1.0086,0.3723,0.585,0.4969,0.8444,1.327,0.852,0.924,0.2559,0.7012,openrainer 2022-09-24 09
openrainer,rnn line,gauges,2.0,16956,0.6363,1.0407,0.4043,0.6354,0.5199,0.8846,1.3902,0.8522,0.9302,0.2624,0.6989,openrainer 2022-09-24 09
openrainer,rnn gmz,gauges,2.0,16956,0.6363,1.0488,0.4125,0.6483,0.5378,0.9423,1.4809,0.8379,0.9172,0.2567,0.6966,openrainer 2022-09-24 09
openrainer,gauges,radar,,124015,1.1726,0.7074,-0.4652,-0.3967,0.6989,1.3539,1.1546,0.8126,0.8161,0.1901,0.6849,openrainer 2022-09-24 09
openrainer,dynamic idw,radar,,73386,1.206,1.0136,-0.1924,-0.1596,0.93,1.9975,1.6563,0.532,0.7918,0.233,0.6383,openrainer 2022-09-24 09
openrainer,dynamic line,radar,,85752,1.2165,0.9371,-0.2793,-0.2296,0.8824,1.8467,1.5181,0.5813,0.8041,0.2502,0.634,openrainer 2022-09-24 09
openrainer,dynamic gmz,radar,,85752,1.2165,0.9569,-0.2595,-0.2133,0.9123,1.9289,1.5856,0.5498,0.7889,0.2507,0.6241,openrainer 2022-09-24 09
openrainer,constant idw,radar,,73386,1.206,0.2532,-0.9528,-0.79,1.0183,2.0639,1.7114,0.566,0.2961,0.0564,0.291,openrainer 2022-09-24 09
openrainer,constant line,radar,,85752,1.2165,0.2985,-0.9179,-0.7546,0.9783,1.9627,1.6135,0.6426,0.3414,0.0615,0.334,openrainer 2022-09-24 09
openrainer,constant gmz,radar,,85752,1.2165,0.3172,-0.8992,-0.7392,0.9798,1.9738,1.6226,0.6121,0.3333,0.0594,0.3265,openrainer 2022-09-24 09
openrainer,pycomlink idw,radar,,73386,1.206,0.3332,-0.8727,-0.7237,1.0661,2.2798,1.8904,0.3068,0.4786,0.1349,0.4453,openrainer 2022-09-24 09
openrainer,pycomlink line,radar,,85752,1.2165,0.3016,-0.9148,-0.752,1.0556,2.2609,1.8586,0.347,0.4778,0.1302,0.4459,openrainer 2022-09-24 09
openrainer,pycomlink gmz,radar,,85752,1.2165,0.3166,-0.8999,-0.7398,1.0628,2.2705,1.8665,0.3317,0.471,0.131,0.4398,openrainer 2022-09-24 09
openrainer,nearby idw,radar,,36628,1.0885,0.3599,-0.7286,-0.6694,0.8787,1.8162,1.6686,0.6299,0.4781,0.1658,0.4366,openrainer 2022-09-24 09
openrainer,nearby line,radar,,44784,1.0919,0.3248,-0.7671,-0.7025,0.8662,1.8236,1.6702,0.6902,0.4724,0.1689,0.431,openrainer 2022-09-24 09
openrainer,nearby gmz,radar,,44784,1.0919,0.3324,-0.7595,-0.6956,0.8729,1.8234,1.6699,0.6723,0.446,0.1736,0.4078,openrainer 2022-09-24 09
openrainer,rnn idw,radar,,73386,1.206,1.0146,-0.1913,-0.1587,0.823,1.5445,1.2807,0.7175,0.8093,0.3213,0.5852,openrainer 2022-09-24 09
openrainer,rnn line,radar,,85752,1.2165,1.0352,-0.1813,-0.149,0.8269,1.5295,1.2573,0.7264,0.7964,0.3251,0.5756,openrainer 2022-09-24 09
openrainer,rnn gmz,radar,,85752,1.2165,1.0464,-0.1701,-0.1398,0.8369,1.5475,1.2721,0.7164,0.7885,0.3175,0.5769,openrainer 2022-09-24 09
openrainer,dynamic idw,gauges,,68926,0.7017,0.9929,0.2912,0.415,0.6486,1.567,2.2331,0.5721,0.7971,0.1788,0.6792,openrainer 2022-09-24 09
openrainer,dynamic line,gauges,,78927,0.6997,0.9117,0.212,0.3029,0.5717,1.3051,1.8651,0.6123,0.8173,0.2004,0.6783,openrainer 2022-09-24 09
openrainer,dynamic gmz,gauges,,78927,0.6997,0.9309,0.2312,0.3304,0.6082,1.4337,2.049,0.5762,0.7969,0.2041,0.6617,openrainer 2022-09-24 09
openrainer,constant idw,gauges,,68926,0.7017,0.2407,-0.461,-0.657,0.5576,1.0544,1.5026,0.6055,0.2774,0.0483,0.2736,openrainer 2022-09-24 09
openrainer,constant line,gauges,,78927,0.6997,0.2797,-0.42,-0.6003,0.5217,0.9639,1.3775,0.6854,0.3245,0.0475,0.3194,openrainer 2022-09-24 09
openrainer,constant gmz,gauges,,78927,0.6997,0.2915,-0.4082,-0.5834,0.5417,1.0377,1.483,0.6389,0.315,0.0477,0.3101,openrainer 2022-09-24 09
openrainer,pycomlink idw,gauges,,68926,0.7017,0.3366,-0.3651,-0.5203,0.581,1.2064,1.7192,0.4319,0.4898,0.0775,0.4705,openrainer 2022-09-24 09
openrainer,pycomlink line,gauges,,78927,0.6997,0.3034,-0.3964,-0.5665,0.5573,1.135,1.622,0.4713,0.4943,0.0791,0.4742,openrainer 2022-09-24 09
openrainer,pycomlink gmz,gauges,,78927,0.6997,0.3183,-0.3814,-0.545,0.5662,1.1658,1.6661,0.4509,0.4856,0.0821,0.4654,openrainer 2022-09-24 09
openrainer,nearby idw,gauges,,35980,0.6031,0.3305,-0.2726,-0.452,0.4449,0.8294,1.3751,0.6411,0.47,0.0592,0.4565,openrainer 2022-09-24 09
openrainer,nearby line,gauges,,43686,0.601,0.2877,-0.3133,-0.5213,0.4265,0.7775,1.2937,0.6812,0.4578,0.0648,0.4438,openrainer 2022-09-24 09
openrainer,nearby gmz,gauges,,43686,0.601,0.289,-0.312,-0.5191,0.4389,0.809,1.3461,0.655,0.4345,0.0635,0.4221,openrainer 2022-09-24 09
openrainer,rnn idw,gauges,,68926,0.7017,1.0022,0.3004,0.4282,0.517,0.8863,1.2631,0.8054,0.8946,0.2214,0.7132,openrainer 2022-09-24 09
openrainer,rnn line,gauges,,78927,0.6997,1.0162,0.3165,0.4523,0.5239,0.897,1.2819,0.8154,0.8919,0.2289,0.7052,openrainer 2022-09-24 09
openrainer,rnn gmz,gauges,,78927,0.6997,1.0221,0.3224,0.4607,0.5394,0.9449,1.3504,0.8015,0.8807,0.2223,0.7036,openrainer 2022-09-24 09
openrainer,gauges,radar,2.0,32096,1.2437,0.4413,-0.8023,-0.6451,0.8467,2.2146,1.7807,0.8485,0.7696,0.0958,0.7116,openrainer 2022-09-29 10
openrainer,dynamic idw,radar,2.0,33116,1.2287,0.7967,-0.4319,-0.3516,0.9175,2.5893,2.1074,0.5164,0.7389,0.2578,0.588,openrainer 2022-09-29 10
openrainer,dynamic line,radar,2.0,33116,1.2287,0.7236,-0.505,-0.411,0.8979,2.3345,1.9,0.5937,0.7486,0.2556,0.5955,openrainer 2022-09-29 10
openrainer,dynamic gmz,radar,2.0,33116,1.2287,0.7435,-0.4852,-0.3949,0.9194,2.4231,1.9722,0.5587,0.7345,0.2603,0.5837,openrainer 2022-09-29 10
openrainer,constant idw,radar,2.0,33116,1.2287,0.2743,-0.9544,-0.7768,1.0805,2.9109,2.3692,0.3475,0.3526,0.0436,0.347,openrainer 2022-09-29 10
openrainer,constant line,radar,2.0,33116,1.2287,0.2587,-0.97,-0.7895,1.046,2.6565,2.1621,0.4862,0.3806,0.0426,0.3743,openrainer 2022-09-29 10
openrainer,constant gmz,radar,2.0,33116,1.2287,0.2685,-0.9601,-0.7814,1.048,2.7006,2.1981,0.4525,0.3714,0.0454,0.365,openrainer 2022-09-29 10
openrainer,pycomlink idw,radar,2.0,33116,1.2287,0.3888,-0.8398,-0.6835,0.9898,2.8142,2.2904,0.4018,0.5279,0.0802,0.5047,openrainer 2022-09-29 10
openrainer,pycomlink line,radar,2.0,33116,1.2287,0.3508,-0.8778,-0.7145,0.9716,2.5659,2.0884,0.5237,0.5267,0.0834,0.5026,openrainer 2022-09-29 10
openrainer,pycomlink gmz,radar,2.0,33116,1.2287,0.3613,-0.8674,-0.7059,0.9749,2.6179,2.1307,0.4887,0.5204,0.0811,0.4976,openrainer 2022-09-29 10
openrainer,nearby idw,radar,2.0,21984,1.2917,0.2031,-1.0886,-0.8428,1.0983,2.7,2.0903,0.7729,0.3296,0.028,0.3266,openrainer 2022-09-29 10
openrainer,nearby line,radar,2.0,23300,1.2715,0.1912,-1.0803,-0.8496,1.0889,2.7023,2.1254,0.7824,0.3261,0.0327,0.3226,openrainer 2022-09-29 10
openrainer,nearby gmz,radar,2.0,23300,1.2715,0.1872,-1.0843,-0.8528,1.0934,2.7193,2.1387,0.7478,0.3178,0.0341,0.3143,openrainer 2022-09-29 10
openrainer,rnn idw,radar,2.0,33116,1.2287,0.6842,-0.5445,-0.4432,0.7532,1.9036,1.5493,0.8055,0.7562,0.1586,0.6619,openrainer 2022-09-29 10
openrainer,rnn line,radar,2.0,33116,1.2287,0.7125,-0.5162,-0.4201,0.7456,1.8942,1.5417,0.7976,0.7655,0.1596,0.6683,openrainer 2022-09-29 10
openrainer,rnn gmz,radar,2.0,33116,1.2287,0.7196,-0.5091,-0.4144,0.7484,1.8993,1.5459,0.7881,0.7545,0.1557,0.6623,openrainer 2022-09-29 10
openrainer,dynamic idw,gauges,2.0,32096,0.4413,0.789,0.3476,0.7877,0.4666,1.9357,4.386,0.561,0.8127,0.2942,0.6071,openrainer 2022-09-29 10
openrainer,dynamic line,gauges,2.0,32096,0.4413,0.7139,0.2726,0.6176,0.3981,1.4169,3.2104,0.6473,0.8194,0.2957,0.6097,openrainer 2022-09-29 10
openrainer,dynamic gmz,gauges,2.0,32096,0.4413,0.7325,0.2911,0.6596,0.4341,1.5857,3.593,0.6068,0.806,0.2982,0.6003,openrainer 2022-09-29 10
openrainer,constant idw,gauges,2.0,32096,0.4413,0.2776,-0.1637,-0.3709,0.3195,1.6453,3.7278,0.3873,0.4157,0.0494,0.4069,openrainer 2022-09-29 10
openrainer,constant line,gauges,2.0,32096,0.4413,0.2615,-0.1799,-0.4076,0.2826,1.1524,2.6111,0.5323,0.4476,0.0518,0.4369,openrainer 2022-09-29 10
openrainer,constant gmz,gauges,2.0,32096,0.4413,0.2717,-0.1697,-0.3844,0.2935,1.2816,2.9039,0.4937,0.437,0.0537,0.4264,openrainer 2022-09-29 10
openrainer,pycomlink idw,gauges,2.0,32096,0.4413,0.3945,-0.0468,-0.1061,0.2723,1.6862,3.8205,0.4479,0.6184,0.0912,0.5823,openrainer 2022-09-29 10
openrainer,pycomlink line,gauges,2.0,32096,0.4413,0.3553,-0.086,-0.195,0.2402,1.1579,2.6236,0.5782,0.6142,0.0982,0.5756,openrainer 2022-09-29 10
openrainer,pycomlink gmz,gauges,2.0,32096,0.4413,0.3664,-0.0749,-0.1698,0.2587,1.3042,2.9551,0.5362,0.6049,0.0995,0.567,openrainer 2022-09-29 10
openrainer,nearby idw,gauges,2.0,21950,0.4364,0.2031,-0.2333,-0.5346,0.2628,0.6306,1.4451,0.812,0.3966,0.0221,0.3931,openrainer 2022-09-29 10
openrainer,nearby line,gauges,2.0,23232,0.4351,0.1911,-0.2439,-0.5606,0.2629,0.6234,1.4329,0.8273,0.3904,0.0271,0.3862,openrainer 2022-09-29 10
openrainer,nearby gmz,gauges,2.0,23232,0.4351,0.1871,-0.2479,-0.5699,0.2749,0.6729,1.5468,0.7818,0.3804,0.0287,0.3762,openrainer 2022-09-29 10
openrainer,rnn idw,gauges,2.0,32096,0.4413,0.6946,0.2532,0.5738,0.3483,0.8616,1.9522,0.8817,0.8521,0.2036,0.6996,openrainer 2022-09-29 10
openrainer,rnn line,gauges,2.0,32096,0.4413,0.7239,0.2826,0.6402,0.3723,0.9267,2.0997,0.8755,0.8588,0.2083,0.7005,openrainer 2022-09-29 10
openrainer,rnn gmz,gauges,2.0,32096,0.4413,0.7309,0.2896,0.6562,0.3835,0.991,2.2453,0.8631,0.8486,0.2029,0.6978,openrainer 2022-09-29 10
openrainer,gauges,radar,,234936,1.2057,0.4673,-0.7383,-0.6124,0.8219,2.038,1.6903,0.7735,0.776,0.0993,0.7148,openrainer 2022-09-29 10
openrainer,dynamic idw,radar,,138618,1.2244,0.9059,-0.3186,-0.2602,1.0144,2.4447,1.9965,0.5399,0.7247,0.2913,0.5584,openrainer 2022-09-29 10
openrainer,dynamic line,radar,,161976,1.2055,0.814,-0.3915,-0.3247,0.9713,2.2577,1.8729,0.577,0.753,0.3085,0.5637,openrainer 2022-09-29 10
openrainer,dynamic gmz,radar,,161976,1.2055,0.8375,-0.368,-0.3053,0.9983,2.3256,1.9291,0.5518,0.7377,0.3097,0.5543,openrainer 2022-09-29 10
openrainer,constant idw,radar,,138618,1.2244,0.2571,-0.9674,-0.79,1.0634,2.617,2.1373,0.4644,0.3177,0.0545,0.312,openrainer 2022-09-29 10
openrainer,constant line,radar,,161976,1.2055,0.2428,-0.9627,-0.7986,1.0274,2.4679,2.0472,0.5794,0.3517,0.0569,0.3444,openrainer 2022-09-29 10
openrainer,constant gmz,radar,,161976,1.2055,0.2522,-0.9533,-0.7908,1.0259,2.4739,2.0521,0.5579,0.3441,0.061,0.3366,openrainer 2022-09-29 10
openrainer,pycomlink idw,radar,,138618,1.2244,0.3843,-0.8401,-0.6861,0.9748,2.4912,2.0346,0.5202,0.5035,0.0915,0.4792,openrainer 2022-09-29 10
openrainer,pycomlink line,radar,,161976,1.2055,0.3385,-0.867,-0.7192,0.9594,2.3699,1.9659,0.6072,0.5033,0.093,0.4786,openrainer 2022-09-29 10
openrainer,pycomlink gmz,radar,,161976,1.2055,0.349,-0.8565,-0.7105,0.9578,2.3799,1.9742,0.5863,0.4983,0.094,0.4738,openrainer 2022-09-29 10
openrainer,nearby idw,radar,,69050,1.3835,0.242,-1.1414,-0.8251,1.1681,2.8307,2.0461,0.6969,0.3395,0.0498,0.3335,openrainer 2022-09-29 10
openrainer,nearby line,radar,,84562,1.3568,0.221,-1.1359,-0.8371,1.158,2.8137,2.0737,0.7306,0.3445,0.0537,0.3379,openrainer 2022-09-29 10
openrainer,nearby gmz,radar,,84562,1.3568,0.2197,-1.1372,-0.8381,1.1611,2.8257,2.0826,0.6934,0.3345,0.0569,0.3279,openrainer 2022-09-29 10
openrainer,rnn idw,radar,,138618,1.2244,0.6508,-0.5737,-0.4685,0.8111,1.9735,1.6118,0.7519,0.7122,0.1728,0.62,openrainer 2022-09-29 10
openrainer,rnn line,radar,,161976,1.2055,0.6623,-0.5432,-0.4506,0.7997,1.9542,1.6211,0.7386,0.7156,0.176,0.6207,openrainer 2022-09-29 10
openrainer,rnn gmz,radar,,161976,1.2055,0.6676,-0.5379,-0.4462,0.8029,1.9605,1.6263,0.731,0.7057,0.1736,0.6146,openrainer 2022-09-29 10
openrainer,dynamic idw,gauges,,130488,0.4585,0.8817,0.4232,0.9229,0.5987,1.8371,4.0065,0.5917,0.7872,0.3208,0.5738,openrainer 2022-09-29 10
openrainer,dynamic line,gauges,,149460,0.4561,0.7889,0.3328,0.7297,0.5176,1.443,3.1641,0.6257,0.8099,0.3404,0.5712,openrainer 2022-09-29 10
openrainer,dynamic gmz,gauges,,149460,0.4561,0.8117,0.3556,0.7797,0.5512,1.5727,3.4482,0.6009,0.7958,0.3403,0.5642,openrainer 2022-09-29 10
openrainer,constant idw,gauges,,130488,0.4585,0.2584,-0.2001,-0.4365,0.3417,1.2254,2.6725,0.5103,0.3722,0.0558,0.3642,openrainer 2022-09-29 10
openrainer,constant line,gauges,,149460,0.4561,0.2418,-0.2143,-0.4698,0.3118,0.9361,2.0525,0.6265,0.4127,0.0581,0.4025,openrainer 2022-09-29 10
openrainer,constant gmz,gauges,,149460,0.4561,0.2514,-0.2047,-0.4489,0.3194,0.9987,2.1897,0.5998,0.4033,0.0636,0.3926,openrainer 2022-09-29 10
openrainer,pycomlink idw,gauges,,130488,0.4585,0.3894,-0.0692,-0.1508,0.3087,1.2461,2.7175,0.5801,0.5867,0.1007,0.5505,openrainer 2022-09-29 10
openrainer,pycomlink line,gauges,,149460,0.4561,0.342,-0.114,-0.25,0.2799,0.9177,2.0121,0.6709,0.5897,0.1026,0.5524,openrainer 2022-09-29 10
openrainer,pycomlink gmz,gauges,,149460,0.4561,0.3541,-0.102,-0.2236,0.2929,0.9954,2.1826,0.6446,0.5824,0.1074,0.5442,openrainer 2022-09-29 10
openrainer,nearby idw,gauges,,67822,0.471,0.2364,-0.2346,-0.498,0.3112,0.8175,1.7356,0.7125,0.3976,0.0402,0.3911,openrainer 2022-09-29 10
openrainer,nearby line,gauges,,82484,0.4668,0.2116,-0.2552,-0.5467,0.3016,0.7697,1.6488,0.7417,0.4007,0.0461,0.3931,openrainer 2022-09-29 10
openrainer,nearby gmz,gauges,,82484,0.4668,0.2108,-0.256,-0.5485,0.3152,0.8247,1.7667,0.6944,0.3883,0.0498,0.3806,openrainer 2022-09-29 10
openrainer,rnn idw,gauges,,130488,0.4585,0.6606,0.2021,0.4407,0.3702,0.9175,2.0009,0.8203,0.8059,0.206,0.6665,openrainer 2022-09-29 10
openrainer,rnn line,gauges,,149460,0.4561,0.674,0.2179,0.4779,0.3871,0.9713,2.1297,0.8027,0.8102,0.2108,0.6661,openrainer 2022-09-29 10
openrainer,rnn gmz,gauges,,149460,0.4561,0.6799,0.2238,0.4908,0.3968,1.0191,2.2345,0.7945,0.8011,0.207,0.6625,openrainer 2022-09-29 10
openrainer,gauges,radar,2.0,29604,0.397,0.35,-0.0469,-0.1182,0.3411,0.6358,1.6018,0.5394,0.822,0.3662,0.5573,openrainer 2022-11-15 05
openrainer,dynamic idw,radar,2.0,30163,0.3991,0.3556,-0.0434,-0.1089,0.42,0.9201,2.3055,0.3131,0.6527,0.3812,0.4655,openrainer 2022-11-15 05
openrainer,dynamic line,radar,2.0,30163,0.3991,0.3404,-0.0587,-0.1471,0.408,0.8631,2.1628,0.3253,0.6591,0.3859,0.4661,openrainer 2022-11-15 05
openrainer,dynamic gmz,radar,2.0,30163,0.3991,0.3585,-0.0406,-0.1017,0.4271,0.9413,2.3586,0.2978,0.644,0.3862,0.4583,openrainer 2022-11-15 05
openrainer,constant idw,radar,2.0,30163,0.3991,0.1895,-0.2096,-0.5252,0.5609,4.0648,10.1852,-0.0163,0.0742,0.2393,0.0725,openrainer 2022-11-15 05
openrainer,constant line,radar,2.0,30163,0.3991,0.1013,-0.2978,-0.7462,0.4692,2.29,5.738,-0.0054,0.0836,0.2396,0.0815,openrainer 2022-11-15 05
openrainer,constant gmz,radar,2.0,30163,0.3991,0.118,-0.2811,-0.7044,0.4834,2.7061,6.7806,-0.0051,0.0831,0.2435,0.0809,openrainer 2022-11-15 05
openrainer,pycomlink idw,radar,2.0,30163,0.3991,0.0756,-0.3235,-0.8106,0.3724,0.752,1.8843,0.3734,0.2777,0.2563,0.2534,openrainer 2022-11-15 05
openrainer,pycomlink line,radar,2.0,30163,0.3991,0.0763,-0.3228,-0.8088,0.3708,0.7498,1.8789,0.3822,0.286,0.2483,0.2613,openrainer 2022-11-15 05
openrainer,pycomlink gmz,radar,2.0,30163,0.3991,0.0817,-0.3174,-0.7954,0.3706,0.7491,1.8769,0.3699,0.286,0.2472,0.2615,openrainer 2022-11-15 05
openrainer,nearby idw,radar,2.0,20057,0.3928,0.0292,-0.3636,-0.9256,0.3796,0.8072,2.055,0.3568,0.1068,0.2565,0.103,openrainer 2022-11-15 05
openrainer,nearby line,radar,2.0,21235,0.3911,0.0299,-0.3612,-0.9235,0.3773,0.8036,2.0548,0.3603,0.1114,0.2815,0.1068,openrainer 2022-11-15 05
openrainer,nearby gmz,radar,2.0,21235,0.3911,0.03,-0.3611,-0.9232,0.3774,0.8037,2.0548,0.3453,0.1071,0.2703,0.103,openrainer 2022-11-15 05
openrainer,rnn idw,radar,2.0,30163,0.3991,0.3377,-0.0613,-0.1537,0.4191,0.7843,1.9653,0.352,0.6856,0.4203,0.4579,openrainer 2022-11-15 05
openrainer,rnn line,radar,2.0,30163,0.3991,0.3452,-0.0539,-0.1351,0.4197,0.7575,1.898,0.3709,0.6928,0.4298,0.4551,openrainer 2022-11-15 05
openrainer,rnn gmz,radar,2.0,30163,0.3991,0.3529,-0.0462,-0.1158,0.4286,0.7868,1.9714,0.3619,0.6742,0.4292,0.4474,openrainer 2022-11-15 05
openrainer,dynamic idw,gauges,2.0,29604,0.35,0.3567,0.0067,0.019,0.3023,0.772,2.2055,0.4454,0.6509,0.2033,0.5582,openrainer 2022-11-15 05
openrainer,dynamic line,gauges,2.0,29604,0.35,0.3411,-0.0089,-0.0255,0.2909,0.7056,2.0157,0.4571,0.6542,0.2131,0.5558,openrainer 2022-11-15 05
openrainer,dynamic gmz,gauges,2.0,29604,0.35,0.359,0.009,0.0257,0.3145,0.7969,2.2766,0.4248,0.635,0.2191,0.539,openrainer 2022-11-15 05
openrainer,constant idw,gauges,2.0,29604,0.35,0.1927,-0.1574,-0.4496,0.5085,4.0671,11.6189,-0.0124,0.0686,0.1034,0.0681,openrainer 2022-11-15 05
openrainer,constant line,gauges,2.0,29604,0.35,0.1028,-0.2472,-0.7062,0.4136,2.2466,6.418,0.0072,0.078,0.096,0.0774,openrainer 2022-11-15 05
openrainer,constant gmz,gauges,2.0,29604,0.35,0.1198,-0.2303,-0.6579,0.4272,2.6757,7.6441,0.0075,0.0781,0.094,0.0775,openrainer 2022-11-15 05
openrainer,pycomlink idw,gauges,2.0,29604,0.35,0.0757,-0.2744,-0.7838,0.2936,0.5355,1.5298,0.5979,0.2639,0.0901,0.2572,openrainer 2022-11-15 05
openrainer,pycomlink line,gauges,2.0,29604,0.35,0.0764,-0.2737,-0.7818,0.2921,0.534,1.5255,0.6038,0.2697,0.0877,0.2629,openrainer 2022-11-15 05
openrainer,pycomlink gmz,gauges,2.0,29604,0.35,0.0816,-0.2684,-0.7669,0.2916,0.5275,1.507,0.5977,0.2679,0.0925,0.2608,openrainer 2022-11-15 05
openrainer,nearby idw,gauges,2.0,20026,0.3182,0.0292,-0.2889,-0.9081,0.2899,0.5382,1.6914,0.6084,0.111,0.0,0.111,openrainer 2022-11-15 05
openrainer,nearby line,gauges,2.0,21173,0.3348,0.0299,-0.3048,-0.9106,0.306,0.5759,1.7202,0.5724,0.1174,0.0015,0.1174,openrainer 2022-11-15 05
openrainer,nearby gmz,gauges,2.0,21173,0.3348,0.03,-0.3047,-0.9102,0.3062,0.5746,1.7163,0.5525,0.1111,0.0016,0.1111,openrainer 2022-11-15 05
openrainer,rnn idw,gauges,2.0,29604,0.35,0.3401,-0.01,-0.0285,0.2607,0.5264,1.5038,0.6205,0.7425,0.1957,0.6288,openrainer 2022-11-15 05
openrainer,rnn line,gauges,2.0,29604,0.35,0.3476,-0.0024,-0.0069,0.2567,0.4673,1.3349,0.68,0.7549,0.2042,0.6324,openrainer 2022-11-15 05
openrainer,rnn gmz,gauges,2.0,29604,0.35,0.3554,0.0054,0.0153,0.2667,0.4967,1.4191,0.6773,0.7336,0.2046,0.6171,openrainer 2022-11-15 05
openrainer,gauges,radar,,220099,0.4531,0.4411,-0.0121,-0.0266,0.3806,0.742,1.6375,0.51,0.8607,0.3084,0.622,openrainer 2022-11-15 05
openrainer,dynamic idw,radar,,126387,0.422,0.3959,-0.0261,-0.0619,0.4691,1.0582,2.5075,0.2717,0.6132,0.3651,0.4534,openrainer 2022-11-15 05
openrainer,dynamic line,radar,,147684,0.433,0.3711,-0.0619,-0.1429,0.4497,0.9467,2.1864,0.295,0.6423,0.365,0.4692,openrainer 2022-11-15 05
openrainer,dynamic gmz,radar,,147684,0.433,0.3921,-0.0409,-0.0944,0.4722,1.0453,2.4141,0.2684,0.6197,0.3654,0.4567,openrainer 2022-11-15 05
openrainer,constant idw,radar,,126387,0.422,0.4163,-0.0057,-0.0135,0.8153,6.4717,15.3351,-0.0318,0.0591,0.3018,0.0576,openrainer 2022-11-15 05
openrainer,constant line,radar,,147684,0.433,0.2349,-0.1981,-0.4574,0.641,3.6981,8.5407,-0.0266,0.0684,0.3129,0.0663,openrainer 2022-11-15 05
openrainer,constant gmz,radar,,147684,0.433,0.2932,-0.1398,-0.3229,0.6969,4.7097,10.8771,-0.026,0.0691,0.3063,0.0671,openrainer 2022-11-15 05
openrainer,pycomlink idw,radar,,126387,0.422,0.0707,-0.3513,-0.8324,0.3999,0.7873,1.8657,0.3061,0.2485,0.2597,0.2286,openrainer 2022-11-15 05
openrainer,pycomlink line,radar,,147684,0.433,0.0717,-0.3613,-0.8344,0.4075,0.8001,1.8478,0.3256,0.2639,0.251,0.2425,openrainer 2022-11-15 05
openrainer,pycomlink gmz,radar,,147684,0.433,0.0771,-0.3559,-0.8219,0.4078,0.7987,1.8445,0.3201,0.2645,0.2466,0.2434,openrainer 2022-11-15 05
openrainer,nearby idw,radar,,63271,0.4,0.0332,-0.3668,-0.9169,0.3872,0.8225,2.0562,0.3169,0.1148,0.2817,0.1099,openrainer 2022-11-15 05
openrainer,nearby line,radar,,77159,0.4118,0.0337,-0.3781,-0.9183,0.3967,0.8358,2.0299,0.3451,0.1218,0.2832,0.1162,openrainer 2022-11-15 05
openrainer,nearby gmz,radar,,77159,0.4118,0.0342,-0.3775,-0.9169,0.3961,0.8347,2.0272,0.337,0.1175,0.2709,0.1126,openrainer 2022-11-15 05
openrainer,rnn idw,radar,,126387,0.422,0.3438,-0.0782,-0.1853,0.4669,0.9019,2.1372,0.2662,0.6316,0.4012,0.4438,openrainer 2022-11-15 05
openrainer,rnn line,radar,,147684,0.433,0.3298,-0.1032,-0.2383,0.4601,0.8257,1.907,0.299,0.6321,0.4068,0.4409,openrainer 2022-11-15 05
openrainer,rnn gmz,radar,,147684,0.433,0.3409,-0.0921,-0.2126,0.4735,0.8727,2.0156,0.2834,0.612,0.4099,0.4294,openrainer 2022-11-15 05
openrainer,dynamic idw,gauges,,121326,0.3911,0.3938,0.0028,0.0071,0.3814,0.9676,2.4744,0.3491,0.6079,0.2004,0.5275,openrainer 2022-11-15 05
openrainer,dynamic line,gauges,,139886,0.3983,0.3675,-0.0308,-0.0773,0.3634,0.8511,2.1371,0.3636,0.6314,0.2132,0.5392,openrainer 2022-11-15 05
openrainer,dynamic gmz,gauges,,139886,0.3983,0.3888,-0.0095,-0.0238,0.389,0.9608,2.4126,0.3326,0.6078,0.2171,0.5201,openrainer 2022-11-15 05
openrainer,constant idw,gauges,,121326,0.3911,0.4223,0.0313,0.08,0.7843,6.549,16.7469,-0.0306,0.0551,0.1713,0.0545,openrainer 2022-11-15 05
openrainer,constant line,gauges,,139886,0.3983,0.2424,-0.1559,-0.3914,0.6065,3.76,9.4413,-0.0222,0.0664,0.1552,0.0656,openrainer 2022-11-15 05
openrainer,constant gmz,gauges,,139886,0.3983,0.3038,-0.0944,-0.237,0.6646,4.8074,12.0712,-0.0221,0.0667,0.1513,0.0659,openrainer 2022-11-15 05
openrainer,pycomlink idw,gauges,,121326,0.3911,0.071,-0.32,-0.8183,0.3428,0.645,1.6493,0.4906,0.2377,0.1102,0.2309,openrainer 2022-11-15 05
openrainer,pycomlink line,gauges,,139886,0.3983,0.0717,-0.3266,-0.82,0.3481,0.6593,1.6556,0.4927,0.2526,0.1073,0.2451,openrainer 2022-11-15 05
openrainer,pycomlink gmz,gauges,,139886,0.3983,0.0769,-0.3213,-0.8069,0.3474,0.6533,1.6403,0.4902,0.2518,0.1082,0.2443,openrainer 2022-11-15 05
openrainer,nearby idw,gauges,,62403,0.3534,0.0332,-0.3202,-0.9061,0.3227,0.6009,1.7002,0.5395,0.1195,0.0087,0.1194,openrainer 2022-11-15 05
openrainer,nearby line,gauges,,75485,0.3804,0.0332,-0.3471,-0.9126,0.3495,0.6634,1.7442,0.513,0.126,0.0091,0.1259,openrainer 2022-11-15 05
openrainer,nearby gmz,gauges,,75485,0.3804,0.0337,-0.3466,-0.9113,0.3493,0.6606,1.7367,0.5028,0.1194,0.0095,0.1192,openrainer 2022-11-15 05
openrainer,rnn idw,gauges,,121326,0.3911,0.346,-0.045,-0.1151,0.337,0.7375,1.8858,0.4426,0.6802,0.1912,0.5859,openrainer 2022-11-15 05
openrainer,rnn line,gauges,,139886,0.3983,0.3319,-0.0664,-0.1666,0.3253,0.6189,1.5541,0.5277,0.6884,0.2002,0.5872,openrainer 2022-11-15 05
openrainer,rnn gmz,gauges,,139886,0.3983,0.3433,-0.0549,-0.1379,0.3382,0.6687,1.679,0.51,0.6678,0.2027,0.5708,openrainer 2022-11-15 05
openrainer,gauges,radar,2.0,16133,1.6727,0.7483,-0.9245,-0.5527,1.0396,2.1056,1.2588,0.78,0.8963,0.0639,0.8447,openrainer 2022-11-19 08
openrainer,dynamic idw,radar,2.0,16422,1.6451,0.8995,-0.7456,-0.4532,1.1107,2.1292,1.2942,0.6564,0.8189,0.1541,0.7126,openrainer 2022-11-19 08
openrainer,dynamic line,radar,2.0,16422,1.6451,0.8638,-0.7813,-0.4749,1.1268,2.1561,1.3106,0.653,0.8243,0.1623,0.7108,openrainer 2022-11-19 08
openrainer,dynamic gmz,radar,2.0,16422,1.6451,0.8727,-0.7724,-0.4695,1.1386,2.1715,1.32,0.6407,0.8118,0.1598,0.7032,openrainer 2022-11-19 08
openrainer,constant idw,radar,2.0,16422,1.6451,0.2649,-1.3802,-0.839,1.4398,2.6824,1.6305,0.5306,0.418,0.0289,0.4128,openrainer 2022-11-19 08
openrainer,constant line,radar,2.0,16422,1.6451,0.307,-1.3381,-0.8134,1.4088,2.6306,1.599,0.5481,0.4514,0.0292,0.4453,openrainer 2022-11-19 08
openrainer,constant gmz,radar,2.0,16422,1.6451,0.3166,-1.3286,-0.8076,1.4128,2.6339,1.601,0.5284,0.4467,0.0255,0.4415,openrainer 2022-11-19 08
openrainer,pycomlink idw,radar,2.0,16422,1.6451,0.4806,-1.1645,-0.7079,1.251,2.3425,1.4239,0.7058,0.6101,0.0422,0.5941,openrainer 2022-11-19 08
openrainer,pycomlink line,radar,2.0,16422,1.6451,0.477,-1.1681,-0.7101,1.2514,2.3524,1.43,0.7035,0.6255,0.0406,0.6094,openrainer 2022-11-19 08
openrainer,pycomlink gmz,radar,2.0,16422,1.6451,0.4872,-1.1579,-0.7038,1.2498,2.3508,1.4289,0.6873,0.6145,0.0405,0.599,openrainer 2022-11-19 08
openrainer,nearby idw,radar,2.0,9843,2.1264,0.4682,-1.6582,-0.7798,1.7598,2.9218,1.374,0.623,0.5022,0.0062,0.5006,openrainer 2022-11-19 08
openrainer,nearby line,radar,2.0,10302,2.0656,0.4567,-1.6089,-0.7789,1.7157,2.8889,1.3986,0.6039,0.5008,0.0072,0.499,openrainer 2022-11-19 08
openrainer,nearby gmz,radar,2.0,10302,2.0656,0.4626,-1.603,-0.776,1.7189,2.8953,1.4017,0.5869,0.4889,0.0079,0.487,openrainer 2022-11-19 08
openrainer,rnn idw,radar,2.0,16422,1.6451,1.0832,-0.5619,-0.3416,1.0137,1.9694,1.1971,0.7024,0.8839,0.1354,0.7764,openrainer 2022-11-19 08
openrainer,rnn line,radar,2.0,16422,1.6451,1.1262,-0.5189,-0.3154,1.0063,1.9456,1.1826,0.7054,0.8859,0.1404,0.774,openrainer 2022-11-19 08
openrainer,rnn gmz,radar,2.0,16422,1.6451,1.1334,-0.5117,-0.311,1.0167,1.9709,1.198,0.6924,0.8765,0.1363,0.77,openrainer 2022-11-19 08
openrainer,dynamic idw,gauges,2.0,16133,0.7483,0.9134,0.1651,0.2206,0.509,1.042,1.3925,0.7628,0.8555,0.1501,0.7432,openrainer 2022-11-19 08
openrainer,dynamic line,gauges,2.0,16133,0.7483,0.877,0.1288,0.1721,0.4881,0.9636,1.2877,0.7714,0.8595,0.1599,0.7387,openrainer 2022-11-19 08
openrainer,dynamic gmz,gauges,2.0,16133,0.7483,0.8859,0.1376,0.1839,0.51,1.0185,1.3611,0.7588,0.8462,0.1584,0.7299,openrainer 2022-11-19 08
openrainer,constant idw,gauges,2.0,16133,0.7483,0.2696,-0.4787,-0.6398,0.5412,1.0012,1.338,0.6565,0.4407,0.0214,0.4364,openrainer 2022-11-19 08
openrainer,constant line,gauges,2.0,16133,0.7483,0.3124,-0.4358,-0.5825,0.5093,0.9383,1.2539,0.7042,0.4752,0.0233,0.4699,openrainer 2022-11-19 08
openrainer,constant gmz,gauges,2.0,16133,0.7483,0.3221,-0.4262,-0.5695,0.5195,0.9667,1.2919,0.6851,0.4696,0.0208,0.465,openrainer 2022-11-19 08
openrainer,pycomlink idw,gauges,2.0,16133,0.7483,0.489,-0.2593,-0.3465,0.4077,0.8089,1.081,0.7657,0.6411,0.0373,0.6256,openrainer 2022-11-19 08
openrainer,pycomlink line,gauges,2.0,16133,0.7483,0.4853,-0.263,-0.3514,0.3966,0.7838,1.0475,0.7806,0.6558,0.0379,0.6393,openrainer 2022-11-19 08
openrainer,pycomlink gmz,gauges,2.0,16133,0.7483,0.4958,-0.2525,-0.3375,0.409,0.8151,1.0893,0.7654,0.644,0.0381,0.628,openrainer 2022-11-19 08
openrainer,nearby idw,gauges,2.0,9826,0.874,0.469,-0.405,-0.4634,0.5058,0.8375,0.9582,0.781,0.5227,0.0038,0.5216,openrainer 2022-11-19 08
openrainer,nearby line,gauges,2.0,10268,0.8592,0.4582,-0.4009,-0.4666,0.4997,0.8308,0.967,0.7813,0.5198,0.004,0.5187,openrainer 2022-11-19 08
openrainer,nearby gmz,gauges,2.0,10268,0.8592,0.4642,-0.395,-0.4597,0.5098,0.8645,1.0062,0.7656,0.5076,0.0044,0.5065,openrainer 2022-11-19 08
openrainer,rnn idw,gauges,2.0,16133,0.7483,1.1014,0.3531,0.4719,0.5102,1.0105,1.3504,0.8302,0.9275,0.1325,0.8123,openrainer 2022-11-19 08
openrainer,rnn line,gauges,2.0,16133,0.7483,1.1451,0.3968,0.5303,0.5429,1.0576,1.4133,0.8344,0.9309,0.1363,0.8117,openrainer 2022-11-19 08
openrainer,rnn gmz,gauges,2.0,16133,0.7483,1.1524,0.4042,0.5401,0.5583,1.1151,1.4902,0.8253,0.9209,0.1323,0.8076,openrainer 2022-11-19 08
openrainer,gauges,radar,,120742,1.3441,0.6474,-0.6966,-0.5183,0.8666,1.8702,1.3914,0.727,0.856,0.0911,0.7884,openrainer 2022-11-19 08
openrainer,dynamic idw,radar,,69071,1.4432,0.9524,-0.4908,-0.3401,1.0735,2.0767,1.439,0.5685,0.7782,0.1908,0.6575,openrainer 2022-11-19 08
openrainer,dynamic line,radar,,80954,1.3895,0.8994,-0.49,-0.3527,1.0473,2.0349,1.4645,0.5608,0.7932,0.2189,0.649,openrainer 2022-11-19 08
openrainer,dynamic gmz,radar,,80954,1.3895,0.909,-0.4805,-0.3458,1.0654,2.0674,1.4879,0.5466,0.7797,0.2162,0.6417,openrainer 2022-11-19 08
openrainer,constant idw,radar,,69071,1.4432,0.2535,-1.1897,-0.8244,1.2747,2.4783,1.7173,0.4453,0.3841,0.048,0.3768,openrainer 2022-11-19 08
openrainer,constant line,radar,,80954,1.3895,0.3012,-1.0882,-0.7832,1.1975,2.3692,1.7052,0.4606,0.4367,0.0608,0.4247,openrainer 2022-11-19 08
openrainer,constant gmz,radar,,80954,1.3895,0.3138,-1.0756,-0.7741,1.2053,2.3865,1.7176,0.4339,0.428,0.0552,0.4175,openrainer 2022-11-19 08
openrainer,pycomlink idw,radar,,69071,1.4432,0.4857,-0.9575,-0.6635,1.1116,2.1533,1.492,0.6257,0.579,0.0633,0.5572,openrainer 2022-11-19 08
openrainer,pycomlink line,radar,,80954,1.3895,0.4684,-0.921,-0.6629,1.0782,2.1243,1.5289,0.6084,0.603,0.0764,0.5744,openrainer 2022-11-19 08
openrainer,pycomlink gmz,radar,,80954,1.3895,0.4782,-0.9113,-0.6558,1.0817,2.1303,1.5332,0.5937,0.5868,0.0766,0.5596,openrainer 2022-11-19 08
openrainer,nearby idw,radar,,30549,1.9899,0.509,-1.4809,-0.7442,1.6406,2.7982,1.4062,0.5416,0.5095,0.0088,0.5072,openrainer 2022-11-19 08
openrainer,nearby line,radar,,37366,1.8802,0.5096,-1.3706,-0.729,1.5561,2.7083,1.4404,0.5117,0.5221,0.0121,0.5187,openrainer 2022-11-19 08
openrainer,nearby gmz,radar,,37366,1.8802,0.519,-1.3611,-0.724,1.5674,2.7325,1.4533,0.4874,0.5074,0.0116,0.5045,openrainer 2022-11-19 08
openrainer,rnn idw,radar,,69071,1.4432,1.0235,-0.4197,-0.2908,0.9825,1.933,1.3394,0.6271,0.8347,0.1565,0.7228,openrainer 2022-11-19 08
openrainer,rnn line,radar,,80954,1.3895,1.0645,-0.325,-0.2339,0.9681,1.9066,1.3722,0.6182,0.8348,0.1713,0.712,openrainer 2022-11-19 08
openrainer,rnn gmz,radar,,80954,1.3895,1.0716,-0.3179,-0.2288,0.9832,1.9497,1.4032,0.602,0.8251,0.169,0.7065,openrainer 2022-11-19 08
openrainer,dynamic idw,gauges,,66367,0.7149,0.935,0.2202,0.308,0.5791,1.206,1.687,0.7048,0.8224,0.1868,0.6917,openrainer 2022-11-19 08
openrainer,dynamic line,gauges,,76772,0.7025,0.8797,0.1772,0.2522,0.545,1.1004,1.5663,0.7091,0.8387,0.2132,0.6834,openrainer 2022-11-19 08
openrainer,dynamic gmz,gauges,,76772,0.7025,0.8874,0.1849,0.2632,0.5606,1.1394,1.6218,0.7032,0.8239,0.2109,0.6752,openrainer 2022-11-19 08
openrainer,constant idw,gauges,,66367,0.7149,0.2477,-0.4671,-0.6534,0.5453,1.0459,1.463,0.6049,0.4112,0.033,0.4055,openrainer 2022-11-19 08
openrainer,constant line,gauges,,76772,0.7025,0.2896,-0.413,-0.5878,0.5011,0.9788,1.3932,0.6649,0.4666,0.0424,0.4572,openrainer 2022-11-19 08
openrainer,constant gmz,gauges,,76772,0.7025,0.2985,-0.404,-0.5751,0.5111,0.9972,1.4195,0.6526,0.456,0.0391,0.4477,openrainer 2022-11-19 08
openrainer,pycomlink idw,gauges,,66367,0.7149,0.4815,-0.2333,-0.3264,0.427,0.8672,1.2131,0.7254,0.6207,0.0532,0.5998,openrainer 2022-11-19 08
openrainer,pycomlink line,gauges,,76772,0.7025,0.4633,-0.2392,-0.3405,0.4117,0.8504,1.2104,0.7359,0.6496,0.0643,0.6219,openrainer 2022-11-19 08
openrainer,pycomlink gmz,gauges,,76772,0.7025,0.4715,-0.2311,-0.3289,0.4189,0.861,1.2255,0.7327,0.6328,0.0637,0.6067,openrainer 2022-11-19 08
openrainer,nearby idw,gauges,,30141,0.8654,0.4909,-0.3744,-0.4327,0.5146,0.8826,1.0199,0.7533,0.5341,0.0058,0.5325,openrainer 2022-11-19 08
openrainer,nearby line,gauges,,36550,0.8298,0.4812,-0.3487,-0.4202,0.4974,0.8704,1.0489,0.7482,0.5421,0.009,0.5395,openrainer 2022-11-19 08
openrainer,nearby gmz,gauges,,36550,0.8298,0.4837,-0.3462,-0.4172,0.5056,0.8927,1.0758,0.7397,0.5263,0.0086,0.5239,openrainer 2022-11-19 08
openrainer,rnn idw,gauges,,66367,0.7149,1.0221,0.3073,0.4298,0.5238,1.07,1.4968,0.7837,0.8888,0.1534,0.7655,openrainer 2022-11-19 08
openrainer,rnn line,gauges,,76772,0.7025,1.0538,0.3512,0.4999,0.5569,1.1257,1.6023,0.7819,0.889,0.1673,0.7542,openrainer 2022-11-19 08
openrainer,rnn gmz,gauges,,76772,0.7025,1.059,0.3565,0.5074,0.5671,1.1652,1.6586,0.7808,0.8793,0.164,0.75,openrainer 2022-11-19 08
openrainer,gauges,radar,2.0,31284,1.9286,1.3291,-0.5996,-0.3109,1.0242,1.9208,0.9959,0.6875,0.9348,0.0795,0.865,openrainer 2022-11-21 17
openrainer,dynamic idw,radar,2.0,31758,1.9447,1.6081,-0.3366,-0.1731,1.5464,3.1365,1.6128,0.3765,0.8378,0.1117,0.7579,openrainer 2022-11-21 17
openrainer,dynamic line,radar,2.0,31808,1.9438,1.4876,-0.4562,-0.2347,1.4681,2.6126,1.3441,0.4461,0.85,0.1102,0.769,openrainer 2022-11-21 17
openrainer,dynamic gmz,radar,2.0,31808,1.9438,1.5243,-0.4195,-0.2158,1.5435,2.8449,1.4636,0.4007,0.8283,0.1133,0.749,openrainer 2022-11-21 17
openrainer,constant idw,radar,2.0,31758,1.9447,0.9535,-0.9913,-0.5097,1.7822,3.2819,1.6876,0.265,0.5313,0.0692,0.5111,openrainer 2022-11-21 17
openrainer,constant line,radar,2.0,31808,1.9438,1.0121,-0.9316,-0.4793,1.7255,2.9275,1.5061,0.3265,0.5814,0.074,0.5556,openrainer 2022-11-21 17
openrainer,constant gmz,radar,2.0,31808,1.9438,1.0782,-0.8656,-0.4453,1.7976,3.1732,1.6325,0.2859,0.5682,0.0753,0.5431,openrainer 2022-11-21 17
openrainer,pycomlink idw,radar,2.0,31758,1.9447,0.9064,-1.0383,-0.5339,1.7334,3.3031,1.6985,0.264,0.5557,0.058,0.5373,openrainer 2022-11-21 17
openrainer,pycomlink line,radar,2.0,31808,1.9438,0.8762,-1.0676,-0.5492,1.6714,2.8779,1.4806,0.3332,0.5703,0.0612,0.5499,openrainer 2022-11-21 17
openrainer,pycomlink gmz,radar,2.0,31808,1.9438,0.926,-1.0178,-0.5236,1.7341,3.0866,1.5879,0.2904,0.5606,0.0628,0.5403,openrainer 2022-11-21 17
openrainer,nearby idw,radar,2.0,21087,1.974,1.3307,-0.6433,-0.3259,1.588,2.6864,1.3608,0.4377,0.6647,0.056,0.6395,openrainer 2022-11-21 17
openrainer,nearby line,radar,2.0,22341,1.944,1.321,-0.623,-0.3205,1.5606,2.6032,1.3391,0.4454,0.6671,0.0583,0.6407,openrainer 2022-11-21 17
openrainer,nearby gmz,radar,2.0,22341,1.944,1.3464,-0.5976,-0.3074,1.6023,2.7579,1.4187,0.4187,0.6611,0.0571,0.6357,openrainer 2022-11-21 17
openrainer,rnn idw,radar,2.0,31845,1.9427,1.7082,-0.2346,-0.1207,1.4693,2.5036,1.2887,0.4486,0.853,0.1043,0.776,openrainer 2022-11-21 17
openrainer,rnn line,radar,2.0,31845,1.9427,1.7878,-0.1549,-0.0798,1.5028,2.5451,1.3101,0.4442,0.8565,0.1069,0.7768,openrainer 2022-11-21 17
openrainer,rnn gmz,radar,2.0,31845,1.9427,1.7997,-0.1431,-0.0737,1.5446,2.6483,1.3632,0.4245,0.8481,0.1052,0.7712,openrainer 2022-11-21 17
openrainer,dynamic idw,gauges,2.0,31197,1.3268,1.6189,0.292,0.2201,1.1223,2.7622,2.0818,0.4381,0.8523,0.0849,0.7899,openrainer 2022-11-21 17
openrainer,dynamic line,gauges,2.0,31247,1.3288,1.4962,0.1673,0.1259,1.0031,2.0722,1.5595,0.5213,0.8647,0.0831,0.8018,openrainer 2022-11-21 17
openrainer,dynamic gmz,gauges,2.0,31247,1.3288,1.5338,0.2049,0.1542,1.088,2.3587,1.775,0.4753,0.8412,0.0871,0.7787,openrainer 2022-11-21 17
openrainer,constant idw,gauges,2.0,31197,1.3268,0.9554,-0.3714,-0.2799,1.1678,2.6007,1.9601,0.3543,0.5442,0.0336,0.5341,openrainer 2022-11-21 17
openrainer,constant line,gauges,2.0,31247,1.3288,1.0152,-0.3137,-0.236,1.104,2.1679,1.6315,0.4278,0.596,0.0392,0.5818,openrainer 2022-11-21 17
openrainer,constant gmz,gauges,2.0,31247,1.3288,1.0817,-0.2471,-0.186,1.1891,2.493,1.8761,0.3859,0.5821,0.0408,0.568,openrainer 2022-11-21 17
openrainer,pycomlink idw,gauges,2.0,31197,1.3268,0.9137,-0.4132,-0.3114,1.1394,2.6321,1.9838,0.3452,0.5676,0.0278,0.5585,openrainer 2022-11-21 17
openrainer,pycomlink line,gauges,2.0,31247,1.3288,0.883,-0.4459,-0.3355,1.063,2.0618,1.5516,0.4305,0.582,0.0319,0.5711,openrainer 2022-11-21 17
openrainer,pycomlink gmz,gauges,2.0,31247,1.3288,0.9333,-0.3955,-0.2977,1.1358,2.3453,1.765,0.3853,0.572,0.0335,0.5609,openrainer 2022-11-21 17
openrainer,nearby idw,gauges,2.0,21054,1.2797,1.3316,0.0519,0.0406,0.9602,1.9523,1.5256,0.572,0.6852,0.0067,0.6821,openrainer 2022-11-21 17
openrainer,nearby line,gauges,2.0,22275,1.2732,1.3226,0.0494,0.0388,0.9358,1.8435,1.448,0.5908,0.6869,0.0085,0.6828,openrainer 2022-11-21 17
openrainer,nearby gmz,gauges,2.0,22275,1.2732,1.3481,0.0749,0.0588,0.9902,2.076,1.6305,0.5541,0.6795,0.0091,0.6753,openrainer 2022-11-21 17
openrainer,rnn idw,gauges,2.0,31284,1.3291,1.7263,0.3972,0.2989,0.9874,1.8475,1.3901,0.5949,0.8838,0.0663,0.8317,openrainer 2022-11-21 17
openrainer,rnn line,gauges,2.0,31284,1.3291,1.8073,0.4783,0.3598,1.0478,1.9354,1.4562,0.5894,0.8878,0.0687,0.8332,openrainer 2022-11-21 17
openrainer,rnn gmz,gauges,2.0,31284,1.3291,1.8188,0.4897,0.3685,1.0883,2.0673,1.5554,0.5677,0.8782,0.0678,0.8255,openrainer 2022-11-21 17
openrainer,gauges,radar,,234576,2.136,1.4481,-0.6879,-0.322,1.1302,2.0379,0.9541,0.6945,0.9184,0.0758,0.8541,openrainer 2022-11-21 17
openrainer,dynamic idw,radar,,133260,2.0244,1.686,-0.3384,-0.1672,1.6969,3.1716,1.5667,0.3718,0.8138,0.1275,0.7273,openrainer 2022-11-21 17
openrainer,dynamic line,radar,,156384,2.0616,1.5407,-0.521,-0.2527,1.6149,2.7507,1.3342,0.4198,0.8346,0.1354,0.7382,openrainer 2022-11-21 17
openrainer,dynamic gmz,radar,,156384,2.0616,1.5742,-0.4874,-0.2364,1.6818,2.9285,1.4205,0.3852,0.8147,0.1362,0.722,openrainer 2022-11-21 17
openrainer,constant idw,radar,,133260,2.0244,0.8004,-1.224,-0.6046,1.8735,3.2806,1.6206,0.2562,0.4368,0.0703,0.4229,openrainer 2022-11-21 17
openrainer,constant line,radar,,156384,2.0616,0.8466,-1.215,-0.5894,1.7813,2.9366,1.4244,0.3445,0.5206,0.0763,0.4991,openrainer 2022-11-21 17
openrainer,constant gmz,radar,,156384,2.0616,0.8956,-1.166,-0.5656,1.8315,3.0776,1.4928,0.3121,0.5057,0.0772,0.4852,openrainer 2022-11-21 17
openrainer,pycomlink idw,radar,,133260,2.0244,0.8397,-1.1847,-0.5852,1.8166,3.255,1.6079,0.2792,0.4993,0.0602,0.4838,openrainer 2022-11-21 17
openrainer,pycomlink line,radar,,156384,2.0616,0.7835,-1.2782,-0.62,1.7676,2.9438,1.4279,0.3452,0.5284,0.0615,0.5107,openrainer 2022-11-21 17
openrainer,pycomlink gmz,radar,,156384,2.0616,0.8221,-1.2396,-0.6013,1.8125,3.0618,1.4851,0.3136,0.5186,0.063,0.5011,openrainer 2022-11-21 17
openrainer,nearby idw,radar,,66124,2.0436,1.3248,-0.7188,-0.3518,1.6488,2.7854,1.363,0.4095,0.6617,0.0496,0.6396,openrainer 2022-11-21 17
openrainer,nearby line,radar,,81777,2.0278,1.2975,-0.7303,-0.3602,1.6084,2.642,1.3028,0.4356,0.6723,0.0583,0.6455,openrainer 2022-11-21 17
openrainer,nearby gmz,radar,,81777,2.0278,1.3252,-0.7026,-0.3465,1.6571,2.7714,1.3667,0.4127,0.6638,0.0579,0.6378,openrainer 2022-11-21 17
openrainer,rnn idw,radar,,133848,2.0223,1.5512,-0.4712,-0.233,1.5349,2.6097,1.2904,0.419,0.8008,0.1122,0.7272,openrainer 2022-11-21 17
openrainer,rnn line,radar,,156882,2.0599,1.581,-0.4788,-0.2325,1.5797,2.6687,1.2956,0.4075,0.7936,0.115,0.7194,openrainer 2022-11-21 17
openrainer,rnn gmz,radar,,156882,2.0599,1.5824,-0.4774,-0.2318,1.6039,2.7288,1.3247,0.3944,0.7864,0.1138,0.7143,openrainer 2022-11-21 17
openrainer,dynamic idw,gauges,,128333,1.386,1.6852,0.2992,0.2159,1.2251,2.709,1.9545,0.4612,0.835,0.0988,0.765,openrainer 2022-11-21 17
openrainer,dynamic line,gauges,,148373,1.4069,1.5395,0.1325,0.0942,1.0887,2.0851,1.482,0.53,0.8571,0.1065,0.7777,openrainer 2022-11-21 17
openrainer,dynamic gmz,gauges,,148373,1.4069,1.5741,0.1672,0.1188,1.1633,2.3088,1.641,0.4932,0.8365,0.1073,0.7601,openrainer 2022-11-21 17
openrainer,constant idw,gauges,,128333,1.386,0.801,-0.585,-0.4221,1.2407,2.511,1.8117,0.3423,0.4519,0.0344,0.4448,openrainer 2022-11-21 17
openrainer,constant line,gauges,,148373,1.4069,0.8506,-0.5563,-0.3954,1.1278,2.0398,1.4498,0.4464,0.5405,0.04,0.5286,openrainer 2022-11-21 17
openrainer,constant gmz,gauges,,148373,1.4069,0.901,-0.5059,-0.3596,1.1893,2.2453,1.5959,0.4123,0.5236,0.0432,0.5115,openrainer 2022-11-21 17
openrainer,pycomlink idw,gauges,,128333,1.386,0.8466,-0.5394,-0.3892,1.1911,2.4823,1.791,0.3815,0.5195,0.0272,0.5121,openrainer 2022-11-21 17
openrainer,pycomlink line,gauges,,148373,1.4069,0.7944,-0.6125,-0.4354,1.1109,1.9809,1.408,0.4747,0.5542,0.0286,0.5453,openrainer 2022-11-21 17
openrainer,pycomlink gmz,gauges,,148373,1.4069,0.8332,-0.5737,-0.4078,1.162,2.1572,1.5333,0.4367,0.5431,0.0309,0.5339,openrainer 2022-11-21 17
openrainer,nearby idw,gauges,,65259,1.3194,1.3285,0.0091,0.0069,0.9899,2.0171,1.5289,0.5499,0.6879,0.0095,0.6834,openrainer 2022-11-21 17
openrainer,nearby line,gauges,,79987,1.3184,1.3035,-0.0149,-0.0113,0.9575,1.8292,1.3875,0.5781,0.6973,0.0129,0.691,openrainer 2022-11-21 17
openrainer,nearby gmz,gauges,,79987,1.3184,1.3278,0.0094,0.0071,1.0124,2.0276,1.5379,0.5443,0.6893,0.0133,0.683,openrainer 2022-11-21 17
openrainer,rnn idw,gauges,,128921,1.3886,1.5703,0.1816,0.1308,0.9911,1.839,1.3243,0.5678,0.839,0.0752,0.7854,openrainer 2022-11-21 17
openrainer,rnn line,gauges,,148871,1.4085,1.6049,0.1964,0.1394,1.0385,1.8884,1.3407,0.5551,0.8335,0.0784,0.7783,openrainer 2022-11-21 17
openrainer,rnn gmz,gauges,,148871,1.4085,1.6056,0.1971,0.14,1.0627,1.9698,1.3985,0.54,0.8257,0.0778,0.7719,openrainer 2022-11-21 17
openmesh,pws,radar,2.0,2567,2.6019,3.0233,0.4214,0.162,0.9755,2.1843,0.8395,0.7168,0.9463,0.0058,0.9411,openmesh 2023-11-21 18
openmesh,dynamic idw,radar,2.0,2567,2.6019,4.0416,1.4397,0.5533,2.0643,3.2571,1.2518,0.474,0.9992,0.014,0.9852,openmesh 2023-11-21 18
openmesh,dynamic line,radar,2.0,2567,2.6019,3.859,1.2572,0.4832,1.9423,3.1183,1.1985,0.4843,0.9984,0.014,0.9844,openmesh 2023-11-21 18
openmesh,dynamic gmz,radar,2.0,2567,2.6019,3.9103,1.3084,0.5029,2.0516,3.2598,1.2529,0.4689,0.9964,0.0141,0.9825,openmesh 2023-11-21 18
openmesh,constant idw,radar,2.0,2567,2.6019,1.1569,-1.445,-0.5554,1.9835,2.5861,0.9939,0.4886,0.6634,0.0152,0.6566,openmesh 2023-11-21 18
openmesh,constant line,radar,2.0,2567,2.6019,1.245,-1.3568,-0.5215,1.9069,2.5179,0.9677,0.5079,0.6914,0.0152,0.6841,openmesh 2023-11-21 18
openmesh,constant gmz,radar,2.0,2567,2.6019,1.3035,-1.2983,-0.499,1.8834,2.5013,0.9613,0.514,0.6989,0.015,0.6916,openmesh 2023-11-21 18
openmesh,pycomlink idw,radar,2.0,2567,2.6019,1.8488,-0.7531,-0.2894,1.5927,2.3587,0.9065,0.5468,0.8898,0.0153,0.8776,openmesh 2023-11-21 18
openmesh,pycomlink line,radar,2.0,2567,2.6019,1.85,-0.7519,-0.289,1.5874,2.3306,0.8957,0.5559,0.8913,0.0153,0.8792,openmesh 2023-11-21 18
openmesh,pycomlink gmz,radar,2.0,2567,2.6019,1.8976,-0.7042,-0.2707,1.5804,2.3453,0.9014,0.559,0.8953,0.0156,0.8827,openmesh 2023-11-21 18
openmesh,nearby idw,radar,2.0,2567,2.6019,2.0678,-0.5341,-0.2053,1.3937,2.2447,0.8627,0.4934,0.8775,0.0151,0.8659,openmesh 2023-11-21 18
openmesh,nearby line,radar,2.0,2567,2.6019,2.0336,-0.5682,-0.2184,1.3554,2.1769,0.8367,0.5071,0.8874,0.0149,0.8756,openmesh 2023-11-21 18
openmesh,nearby gmz,radar,2.0,2567,2.6019,2.0797,-0.5222,-0.2007,1.4115,2.2987,0.8835,0.483,0.8831,0.015,0.8713,openmesh 2023-11-21 18
openmesh,rnn idw,radar,2.0,2567,2.6019,2.7747,0.1728,0.0664,0.7937,1.1621,0.4466,0.818,0.9471,0.0066,0.9411,openmesh 2023-11-21 18
openmesh,rnn line,radar,2.0,2567,2.6019,2.7868,0.1849,0.0711,0.8094,1.1647,0.4476,0.8151,0.949,0.0066,0.9431,openmesh 2023-11-21 18
openmesh,rnn gmz,radar,2.0,2567,2.6019,2.7865,0.1847,0.071,0.8237,1.1895,0.4572,0.8073,0.9478,0.0066,0.9419,openmesh 2023-11-21 18
openmesh,dynamic idw,pws,2.0,2567,3.0233,4.0416,1.0183,0.3368,2.1097,3.083,1.0198,0.5811,0.9996,0.0612,0.9384,openmesh 2023-11-21 18
openmesh,dynamic line,pws,2.0,2567,3.0233,3.859,0.8357,0.2764,1.984,2.9709,0.9827,0.5899,0.9988,0.0613,0.9376,openmesh 2023-11-21 18
openmesh,dynamic gmz,pws,2.0,2567,3.0233,3.9103,0.887,0.2934,2.0928,3.1045,1.0269,0.5722,0.9975,0.0606,0.9372,openmesh 2023-11-21 18
openmesh,constant idw,pws,2.0,2567,3.0233,1.1569,-1.8664,-0.6173,2.508,3.9705,1.3133,0.1553,0.6966,0.0158,0.6888,openmesh 2023-11-21 18
openmesh,constant line,pws,2.0,2567,3.0233,1.245,-1.7783,-0.5882,2.4283,3.9239,1.2979,0.1656,0.726,0.0158,0.7177,openmesh 2023-11-21 18
openmesh,constant gmz,pws,2.0,2567,3.0233,1.3035,-1.7198,-0.5688,2.4079,3.9153,1.295,0.1682,0.7335,0.0161,0.7248,openmesh 2023-11-21 18
openmesh,pycomlink idw,pws,2.0,2567,3.0233,1.8488,-1.1745,-0.3885,1.9452,3.1645,1.0467,0.4682,0.9199,0.031,0.8935,openmesh 2023-11-21 18
openmesh,pycomlink line,pws,2.0,2567,3.0233,1.85,-1.1733,-0.3881,1.931,3.1601,1.0453,0.468,0.9211,0.0314,0.8944,openmesh 2023-11-21 18
openmesh,pycomlink gmz,pws,2.0,2567,3.0233,1.8976,-1.1257,-0.3723,1.9117,3.1626,1.0461,0.4684,0.9244,0.0326,0.8965,openmesh 2023-11-21 18
openmesh,nearby idw,pws,2.0,2567,3.0233,2.0678,-0.9555,-0.316,1.5713,2.6642,0.8812,0.6024,0.9058,0.0324,0.8791,openmesh 2023-11-21 18
openmesh,nearby line,pws,2.0,2567,3.0233,2.0336,-0.9897,-0.3274,1.5427,2.6563,0.8786,0.605,0.9153,0.0329,0.8877,openmesh 2023-11-21 18
openmesh,nearby gmz,pws,2.0,2567,3.0233,2.0797,-0.9436,-0.3121,1.5771,2.7121,0.8971,0.5873,0.9108,0.0331,0.8833,openmesh 2023-11-21 18
openmesh,rnn idw,pws,2.0,2567,3.0233,2.7747,-0.2486,-0.0822,1.3217,2.4427,0.808,0.6061,0.9859,0.0157,0.9706,openmesh 2023-11-21 18
openmesh,rnn line,pws,2.0,2567,3.0233,2.7868,-0.2365,-0.0782,1.3384,2.4708,0.8173,0.5932,0.9884,0.0153,0.9734,openmesh 2023-11-21 18
openmesh,rnn gmz,pws,2.0,2567,3.0233,2.7865,-0.2368,-0.0783,1.3488,2.4786,0.8198,0.5897,0.9867,0.0157,0.9714,openmesh 2023-11-21 18
openmesh,pws,radar,,7888,2.5828,2.9759,0.3931,0.1522,1.1799,2.344,0.9075,0.6733,0.9493,0.0076,0.9425,openmesh 2023-11-21 18
openmesh,dynamic idw,radar,,7841,2.5851,4.2197,1.6346,0.6323,2.2517,3.2429,1.2545,0.4889,0.9953,0.0224,0.9731,openmesh 2023-11-21 18
openmesh,dynamic line,radar,,7875,2.5827,4.0707,1.488,0.5761,2.1452,3.1367,1.2145,0.496,0.9965,0.0224,0.9742,openmesh 2023-11-21 18
openmesh,dynamic gmz,radar,,7875,2.5827,4.1008,1.5181,0.5878,2.2249,3.2343,1.2523,0.4837,0.987,0.0226,0.965,openmesh 2023-11-21 18
openmesh,constant idw,radar,,7841,2.5851,1.4836,-1.1016,-0.4261,1.9606,2.6541,1.0267,0.5238,0.6767,0.0204,0.6673,openmesh 2023-11-21 18
openmesh,constant line,radar,,7875,2.5827,1.5402,-1.0425,-0.4037,1.9045,2.599,1.0063,0.5373,0.7007,0.0196,0.691,openmesh 2023-11-21 18
openmesh,constant gmz,radar,,7875,2.5827,1.5858,-0.9969,-0.386,1.8738,2.5731,0.9963,0.5456,0.7144,0.0194,0.7044,openmesh 2023-11-21 18
openmesh,pycomlink idw,radar,,7841,2.5851,2.1763,-0.4088,-0.1581,1.6405,2.4354,0.9421,0.5542,0.8972,0.0238,0.878,openmesh 2023-11-21 18
openmesh,pycomlink line,radar,,7875,2.5827,2.163,-0.4197,-0.1625,1.6364,2.415,0.9351,0.5597,0.8991,0.0237,0.8799,openmesh 2023-11-21 18
openmesh,pycomlink gmz,radar,,7875,2.5827,2.198,-0.3848,-0.149,1.6262,2.4166,0.9357,0.5646,0.9004,0.0238,0.881,openmesh 2023-11-21 18
openmesh,nearby idw,radar,,7854,2.5853,2.1512,-0.4341,-0.1679,1.6615,2.6541,1.0266,0.3533,0.8757,0.0227,0.8583,openmesh 2023-11-21 18
openmesh,nearby line,radar,,7888,2.5828,2.0962,-0.4867,-0.1884,1.612,2.5737,0.9965,0.368,0.8811,0.0224,0.8636,openmesh 2023-11-21 18
openmesh,nearby gmz,radar,,7888,2.5828,2.1282,-0.4546,-0.176,1.6372,2.6202,1.0145,0.3615,0.8773,0.0227,0.8598,openmesh 2023-11-21 18
openmesh,rnn idw,radar,,7854,2.5853,2.7041,0.1187,0.0459,0.8875,1.3475,0.5212,0.7651,0.9545,0.0076,0.9476,openmesh 2023-11-21 18
openmesh,rnn line,radar,,7888,2.5828,2.7105,0.1277,0.0494,0.8863,1.3381,0.5181,0.7665,0.9554,0.0078,0.9483,openmesh 2023-11-21 18
openmesh,rnn gmz,radar,,7888,2.5828,2.703,0.1201,0.0465,0.884,1.3355,0.5171,0.7669,0.955,0.0078,0.9479,openmesh 2023-11-21 18
openmesh,dynamic idw,pws,,7841,2.9807,4.2197,1.239,0.4157,2.2981,3.1031,1.0411,0.59,0.997,0.0633,0.9341,openmesh 2023-11-21 18
openmesh,dynamic line,pws,,7875,2.9732,4.0707,1.0975,0.3691,2.1959,3.0153,1.0141,0.5963,0.9986,0.0629,0.9359,openmesh 2023-11-21 18
openmesh,dynamic gmz,pws,,7875,2.9732,4.1008,1.1276,0.3793,2.277,3.1083,1.0454,0.5824,0.989,0.0633,0.9271,openmesh 2023-11-21 18
openmesh,constant idw,pws,,7841,2.9807,1.4836,-1.4971,-0.5023,2.5002,4.0289,1.3517,0.1919,0.7072,0.0208,0.6967,openmesh 2023-11-21 18
openmesh,constant line,pws,,7875,2.9732,1.5402,-1.433,-0.482,2.4392,3.9868,1.3409,0.1992,0.7323,0.02,0.7216,openmesh 2023-11-21 18
openmesh,constant gmz,pws,,7875,2.9732,1.5858,-1.3875,-0.4667,2.4133,3.9728,1.3362,0.2022,0.7463,0.0201,0.7351,openmesh 2023-11-21 18
openmesh,pycomlink idw,pws,,7841,2.9807,2.1763,-0.8044,-0.2699,1.9687,3.2486,1.0899,0.4442,0.9139,0.0488,0.873,openmesh 2023-11-21 18
openmesh,pycomlink line,pws,,7875,2.9732,2.163,-0.8102,-0.2725,1.9605,3.2416,1.0903,0.4446,0.9159,0.0487,0.875,openmesh 2023-11-21 18
openmesh,pycomlink gmz,pws,,7875,2.9732,2.198,-0.7753,-0.2608,1.9496,3.241,1.0901,0.4462,0.9168,0.0493,0.8752,openmesh 2023-11-21 18
openmesh,nearby idw,pws,,7854,2.9844,2.1512,-0.8332,-0.2792,1.7466,2.8733,0.9628,0.5416,0.8901,0.0497,0.8505,openmesh 2023-11-21 18
openmesh,nearby line,pws,,7888,2.9759,2.0962,-0.8797,-0.2956,1.7136,2.8521,0.9584,0.5449,0.8959,0.0492,0.8562,openmesh 2023-11-21 18
openmesh,nearby gmz,pws,,7888,2.9759,2.1282,-0.8477,-0.2848,1.7296,2.8677,0.9636,0.5413,0.8917,0.0498,0.8519,openmesh 2023-11-21 18
openmesh,rnn idw,pws,,7854,2.9844,2.7041,-0.2803,-0.0939,1.4621,2.5525,0.8553,0.5854,0.9865,0.0188,0.9682,openmesh 2023-11-21 18
openmesh,rnn line,pws,,7888,2.9759,2.7105,-0.2654,-0.0892,1.4664,2.5642,0.8616,0.5783,0.9879,0.0186,0.9698,openmesh 2023-11-21 18
openmesh,rnn gmz,pws,,7888,2.9759,2.703,-0.273,-0.0917,1.4662,2.563,0.8612,0.5794,0.9874,0.0187,0.9691,openmesh 2023-11-21 18
openmesh,pws,radar,2.0,2718,0.9337,0.9552,0.0215,0.023,0.2665,0.4829,0.5172,0.8876,0.9938,0.2629,0.7337,openmesh 2023-12-03 09
openmesh,dynamic idw,radar,2.0,2718,0.9337,2.4434,1.5097,1.6169,1.5862,2.3106,2.4746,0.5465,0.9972,0.3418,0.657,openmesh 2023-12-03 09
openmesh,dynamic line,radar,2.0,2718,0.9337,2.2874,1.3537,1.4498,1.4368,2.1063,2.2558,0.5747,0.9994,0.3398,0.6599,openmesh 2023-12-03 09
openmesh,dynamic gmz,radar,2.0,2718,0.9337,2.3459,1.4122,1.5125,1.5352,2.2447,2.4041,0.5414,0.9949,0.3396,0.6582,openmesh 2023-12-03 09
openmesh,constant idw,radar,2.0,2718,0.9337,0.6146,-0.3191,-0.3417,0.9118,1.3986,1.4979,0.3915,0.7677,0.1078,0.7025,openmesh 2023-12-03 09
openmesh,constant line,radar,2.0,2718,0.9337,0.661,-0.2727,-0.2921,0.8754,1.3684,1.4655,0.4206,0.8355,0.1202,0.7499,openmesh 2023-12-03 09
openmesh,constant gmz,radar,2.0,2718,0.9337,0.6914,-0.2423,-0.2595,0.8687,1.3655,1.4624,0.4322,0.8434,0.1315,0.7479,openmesh 2023-12-03 09
openmesh,pycomlink idw,radar,2.0,2718,0.9337,0.4792,-0.4545,-0.4867,0.8653,1.3548,1.451,0.4006,0.6603,0.0267,0.6485,openmesh 2023-12-03 09
openmesh,pycomlink line,radar,2.0,2718,0.9337,0.4895,-0.4442,-0.4757,0.8578,1.3471,1.4428,0.4115,0.6829,0.0227,0.6722,openmesh 2023-12-03 09
openmesh,pycomlink gmz,radar,2.0,2718,0.9337,0.4985,-0.4352,-0.4661,0.854,1.3477,1.4434,0.4141,0.6806,0.0267,0.6681,openmesh 2023-12-03 09
openmesh,nearby idw,radar,2.0,2702,0.9368,0.7482,-0.1886,-0.2013,0.7123,1.1479,1.2254,0.5001,0.9646,0.2222,0.7563,openmesh 2023-12-03 09
openmesh,nearby line,radar,2.0,2707,0.9358,0.7415,-0.1943,-0.2077,0.7002,1.1381,1.2161,0.5111,0.9625,0.2148,0.7618,openmesh 2023-12-03 09
openmesh,nearby gmz,radar,2.0,2707,0.9358,0.7635,-0.1723,-0.1842,0.7049,1.1524,1.2315,0.5104,0.9545,0.2174,0.7545,openmesh 2023-12-03 09
openmesh,rnn idw,radar,2.0,2718,0.9337,1.1709,0.2372,0.2541,0.3232,0.4547,0.487,0.9401,1.0,0.1992,0.8008,openmesh 2023-12-03 09
openmesh,rnn line,radar,2.0,2718,0.9337,1.184,0.2503,0.2681,0.3265,0.463,0.4959,0.9422,1.0,0.1974,0.8026,openmesh 2023-12-03 09
openmesh,rnn gmz,radar,2.0,2718,0.9337,1.1824,0.2487,0.2664,0.3356,0.4812,0.5153,0.9351,0.9994,0.1982,0.8015,openmesh 2023-12-03 09
openmesh,dynamic idw,pws,2.0,2718,0.9552,2.4434,1.4882,1.558,1.6138,2.3398,2.4495,0.4995,0.9891,0.1198,0.8718,openmesh 2023-12-03 09
openmesh,dynamic line,pws,2.0,2718,0.9552,2.2874,1.3322,1.3947,1.4487,2.1322,2.2322,0.533,0.9866,0.1214,0.8683,openmesh 2023-12-03 09
openmesh,dynamic gmz,pws,2.0,2718,0.9552,2.3459,1.3907,1.4559,1.5417,2.2697,2.3761,0.5006,0.9816,0.1216,0.8642,openmesh 2023-12-03 09
openmesh,constant idw,pws,2.0,2718,0.9552,0.6146,-0.3406,-0.3566,0.8943,1.4158,1.4822,0.3779,0.6285,0.0151,0.6225,openmesh 2023-12-03 09
openmesh,constant line,pws,2.0,2718,0.9552,0.661,-0.2942,-0.308,0.8528,1.3822,1.4471,0.4102,0.6948,0.0137,0.6881,openmesh 2023-12-03 09
openmesh,constant gmz,pws,2.0,2718,0.9552,0.6914,-0.2637,-0.2761,0.8433,1.38,1.4448,0.4209,0.7086,0.0163,0.7004,openmesh 2023-12-03 09
openmesh,pycomlink idw,pws,2.0,2718,0.9552,0.4792,-0.476,-0.4983,0.886,1.3869,1.4519,0.3728,0.4969,0.0125,0.4938,openmesh 2023-12-03 09
openmesh,pycomlink line,pws,2.0,2718,0.9552,0.4895,-0.4657,-0.4875,0.8783,1.3771,1.4417,0.3862,0.5128,0.0105,0.51,openmesh 2023-12-03 09
openmesh,pycomlink gmz,pws,2.0,2718,0.9552,0.4985,-0.4567,-0.4781,0.874,1.3772,1.4419,0.3892,0.5128,0.0113,0.5098,openmesh 2023-12-03 09
openmesh,nearby idw,pws,2.0,2702,0.96,0.7482,-0.2118,-0.2206,0.6665,1.1907,1.2403,0.4616,0.8765,0.0437,0.8427,openmesh 2023-12-03 09
openmesh,nearby line,pws,2.0,2707,0.9585,0.7415,-0.217,-0.2264,0.6506,1.1716,1.2223,0.482,0.8704,0.0404,0.8396,openmesh 2023-12-03 09
openmesh,nearby gmz,pws,2.0,2707,0.9585,0.7635,-0.195,-0.2035,0.6549,1.1863,1.2377,0.4809,0.8632,0.0434,0.8307,openmesh 2023-12-03 09
openmesh,rnn idw,pws,2.0,2718,0.9552,1.1709,0.2157,0.2258,0.3672,0.5893,0.6169,0.8748,0.8998,0.0285,0.8766,openmesh 2023-12-03 09
openmesh,rnn line,pws,2.0,2718,0.9552,1.184,0.2288,0.2396,0.3707,0.5892,0.6169,0.881,0.899,0.0272,0.8769,openmesh 2023-12-03 09
openmesh,rnn gmz,pws,2.0,2718,0.9552,1.1824,0.2273,0.2379,0.3779,0.6009,0.629,0.8755,0.8994,0.0272,0.8773,openmesh 2023-12-03 09
openmesh,pws,radar,,8352,0.9145,0.9262,0.0118,0.0129,0.318,0.5413,0.5919,0.8522,0.9963,0.2762,0.7219,openmesh 2023-12-03 09
openmesh,dynamic idw,radar,,8316,0.9143,2.5418,1.6276,1.7802,1.7348,2.3939,2.6184,0.5631,0.9965,0.3307,0.6677,openmesh 2023-12-03 09
openmesh,dynamic line,radar,,8352,0.9145,2.4263,1.5119,1.6533,1.6205,2.2666,2.4786,0.5753,0.9991,0.3324,0.6672,openmesh 2023-12-03 09
openmesh,dynamic gmz,radar,,8352,0.9145,2.4718,1.5573,1.703,1.7064,2.3615,2.5824,0.5482,0.9921,0.3333,0.6632,openmesh 2023-12-03 09
openmesh,constant idw,radar,,8316,0.9143,0.9017,-0.0126,-0.0138,0.9909,1.5595,1.7058,0.4157,0.7958,0.1413,0.7036,openmesh 2023-12-03 09
openmesh,constant line,radar,,8352,0.9145,0.9303,0.0159,0.0173,0.9649,1.5354,1.679,0.4348,0.8618,0.1407,0.7553,openmesh 2023-12-03 09
openmesh,constant gmz,radar,,8352,0.9145,0.9553,0.0408,0.0446,0.9556,1.5299,1.673,0.4443,0.8668,0.156,0.7471,openmesh 2023-12-03 09
openmesh,pycomlink idw,radar,,8316,0.9143,0.7064,-0.2078,-0.2273,0.884,1.4485,1.5844,0.4566,0.7156,0.031,0.6995,openmesh 2023-12-03 09
openmesh,pycomlink line,radar,,8352,0.9145,0.7094,-0.2051,-0.2243,0.8787,1.4403,1.575,0.4628,0.7353,0.0291,0.7194,openmesh 2023-12-03 09
openmesh,pycomlink gmz,radar,,8352,0.9145,0.7152,-0.1993,-0.2179,0.8776,1.4431,1.5781,0.4628,0.7393,0.0336,0.7208,openmesh 2023-12-03 09
openmesh,nearby idw,radar,,8229,0.9191,0.941,0.0219,0.0238,0.7699,1.2862,1.3994,0.5301,0.9505,0.2262,0.7438,openmesh 2023-12-03 09
openmesh,nearby line,radar,,8275,0.9187,0.9264,0.0078,0.0085,0.7609,1.2752,1.3881,0.5359,0.9581,0.2187,0.7554,openmesh 2023-12-03 09
openmesh,nearby gmz,radar,,8275,0.9187,0.9425,0.0239,0.026,0.7657,1.2844,1.3981,0.5355,0.9432,0.2261,0.7394,openmesh 2023-12-03 09
openmesh,rnn idw,radar,,8316,0.9143,1.1817,0.2675,0.2925,0.37,0.5066,0.5541,0.9233,0.9991,0.1946,0.8048,openmesh 2023-12-03 09
openmesh,rnn line,radar,,8352,0.9145,1.1899,0.2754,0.3012,0.3723,0.5116,0.5594,0.9252,0.9993,0.1924,0.8071,openmesh 2023-12-03 09
openmesh,rnn gmz,radar,,8352,0.9145,1.1862,0.2718,0.2972,0.3763,0.5188,0.5674,0.9205,0.9993,0.1954,0.8041,openmesh 2023-12-03 09
openmesh,dynamic idw,pws,,8316,0.9278,2.5418,1.6141,1.7397,1.7672,2.4604,2.652,0.4758,0.976,0.0981,0.8823,openmesh 2023-12-03 09
openmesh,dynamic line,pws,,8352,0.9262,2.4263,1.5001,1.6196,1.645,2.3316,2.5173,0.4934,0.9792,0.0993,0.8837,openmesh 2023-12-03 09
openmesh,dynamic gmz,pws,,8352,0.9262,2.4718,1.5455,1.6687,1.7279,2.4252,2.6184,0.467,0.9733,0.0996,0.8787,openmesh 2023-12-03 09
openmesh,constant idw,pws,,8316,0.9278,0.9017,-0.0261,-0.0281,0.9765,1.5918,1.7157,0.386,0.6634,0.0151,0.6568,openmesh 2023-12-03 09
openmesh,constant line,pws,,8352,0.9262,0.9303,0.0041,0.0044,0.9444,1.563,1.6875,0.4092,0.7185,0.0139,0.7113,openmesh 2023-12-03 09
openmesh,constant gmz,pws,,8352,0.9262,0.9553,0.0291,0.0314,0.9324,1.5577,1.6818,0.4186,0.734,0.0163,0.7252,openmesh 2023-12-03 09
openmesh,pycomlink idw,pws,,8316,0.9278,0.7064,-0.2213,-0.2386,0.9164,1.5089,1.6264,0.4023,0.5338,0.0055,0.5322,openmesh 2023-12-03 09
openmesh,pycomlink line,pws,,8352,0.9262,0.7094,-0.2169,-0.2341,0.909,1.498,1.6173,0.4106,0.5477,0.0046,0.5463,openmesh 2023-12-03 09
openmesh,pycomlink gmz,pws,,8352,0.9262,0.7152,-0.2111,-0.2279,0.9076,1.5005,1.62,0.4109,0.553,0.005,0.5514,openmesh 2023-12-03 09
openmesh,nearby idw,pws,,8229,0.9358,0.941,0.0052,0.0056,0.7548,1.3611,1.4545,0.4638,0.8466,0.0476,0.8123,openmesh 2023-12-03 09
openmesh,nearby line,pws,,8275,0.9333,0.9264,-0.0069,-0.0073,0.7415,1.3438,1.4398,0.4754,0.8485,0.0441,0.8165,openmesh 2023-12-03 09
openmesh,nearby gmz,pws,,8275,0.9333,0.9425,0.0093,0.0099,0.7453,1.3528,1.4495,0.4751,0.8402,0.0474,0.8065,openmesh 2023-12-03 09
openmesh,rnn idw,pws,,8316,0.9278,1.1817,0.254,0.2737,0.4286,0.6661,0.718,0.8361,0.884,0.0196,0.8686,openmesh 2023-12-03 09
openmesh,rnn line,pws,,8352,0.9262,1.1899,0.2637,0.2847,0.4312,0.6656,0.7186,0.8417,0.8815,0.0195,0.8663,openmesh 2023-12-03 09
openmesh,rnn gmz,pws,,8352,0.9262,1.1862,0.26,0.2807,0.4333,0.6674,0.7205,0.8391,0.8847,0.0195,0.8694,openmesh 2023-12-03 09
openmesh,pws,radar,2.0,3473,2.1071,2.2354,0.1284,0.0609,0.5099,1.2472,0.5919,0.847,0.9485,0.0171,0.9331,openmesh 2023-12-10 16
openmesh,dynamic idw,radar,2.0,3473,2.1071,3.3259,1.2188,0.5784,1.6252,2.4828,1.1783,0.6651,0.9944,0.0762,0.919,openmesh 2023-12-10 16
openmesh,dynamic line,radar,2.0,3473,2.1071,3.1423,1.0353,0.4913,1.5027,2.3093,1.096,0.6654,0.9938,0.0717,0.9229,openmesh 2023-12-10 16
openmesh,dynamic gmz,radar,2.0,3473,2.1071,3.1941,1.087,0.5159,1.6222,2.478,1.176,0.6381,0.99,0.0719,0.9195,openmesh 2023-12-10 16
openmesh,constant idw,radar,2.0,3473,2.1071,1.3409,-0.7661,-0.3636,1.4466,2.0934,0.9935,0.5179,0.7392,0.0133,0.7319,openmesh 2023-12-10 16
openmesh,constant line,radar,2.0,3473,2.1071,1.3446,-0.7625,-0.3619,1.4356,2.0762,0.9853,0.5218,0.7595,0.013,0.752,openmesh 2023-12-10 16
openmesh,constant gmz,radar,2.0,3473,2.1071,1.3811,-0.726,-0.3445,1.4217,2.0753,0.9849,0.525,0.7651,0.0129,0.7576,openmesh 2023-12-10 16
openmesh,pycomlink idw,radar,2.0,3473,2.1071,1.0625,-1.0445,-0.4957,1.2591,1.7243,0.8183,0.6932,0.6491,0.0216,0.6399,openmesh 2023-12-10 16
openmesh,pycomlink line,radar,2.0,3473,2.1071,1.0606,-1.0465,-0.4967,1.2517,1.7145,0.8137,0.6993,0.655,0.0201,0.6464,openmesh 2023-12-10 16
openmesh,pycomlink gmz,radar,2.0,3473,2.1071,1.0781,-1.029,-0.4884,1.2446,1.7177,0.8152,0.6923,0.6503,0.0216,0.6411,openmesh 2023-12-10 16
openmesh,nearby idw,radar,2.0,3431,2.1265,1.371,-0.7555,-0.3553,1.0992,1.7353,0.8161,0.6172,0.9118,0.0243,0.8915,openmesh 2023-12-10 16
openmesh,nearby line,radar,2.0,3431,2.1265,1.3027,-0.8238,-0.3874,1.0795,1.5972,0.7511,0.6947,0.9096,0.0237,0.8899,openmesh 2023-12-10 16
openmesh,nearby gmz,radar,2.0,3431,2.1265,1.3902,-0.7363,-0.3463,1.0983,1.6626,0.7819,0.6426,0.9055,0.0242,0.8856,openmesh 2023-12-10 16
openmesh,rnn idw,radar,2.0,3473,2.1071,2.4103,0.3032,0.1439,0.8105,1.1154,0.5293,0.8906,0.9042,0.0362,0.8745,openmesh 2023-12-10 16
openmesh,rnn line,radar,2.0,3473,2.1071,2.4903,0.3832,0.1819,0.857,1.1633,0.5521,0.8922,0.9064,0.0374,0.8756,openmesh 2023-12-10 16
openmesh,rnn gmz,radar,2.0,3473,2.1071,2.4796,0.3725,0.1768,0.9004,1.2723,0.6038,0.8688,0.907,0.0371,0.8764,openmesh 2023-12-10 16
openmesh,dynamic idw,pws,2.0,3473,2.2354,3.3259,1.0905,0.4878,1.8719,2.8653,1.2818,0.5035,0.9948,0.1081,0.8878,openmesh 2023-12-10 16
openmesh,dynamic line,pws,2.0,3473,2.2354,3.1423,0.9069,0.4057,1.7592,2.7481,1.2293,0.4921,0.9926,0.1052,0.8889,openmesh 2023-12-10 16
openmesh,dynamic gmz,pws,2.0,3473,2.2354,3.1941,0.9587,0.4288,1.8728,2.8969,1.2959,0.4687,0.989,0.1053,0.8859,openmesh 2023-12-10 16
openmesh,constant idw,pws,2.0,3473,2.2354,1.3409,-0.8945,-0.4001,1.7146,2.6652,1.1923,0.3513,0.7557,0.0266,0.7403,openmesh 2023-12-10 16
openmesh,constant line,pws,2.0,3473,2.2354,1.3446,-0.8908,-0.3985,1.7026,2.6629,1.1912,0.3476,0.7767,0.0259,0.7609,openmesh 2023-12-10 16
openmesh,constant gmz,pws,2.0,3473,2.2354,1.3811,-0.8543,-0.3822,1.6897,2.6666,1.1929,0.3481,0.7825,0.0258,0.7666,openmesh 2023-12-10 16
openmesh,pycomlink idw,pws,2.0,3473,2.2354,1.0625,-1.1729,-0.5247,1.4657,2.306,1.0316,0.5306,0.6707,0.0244,0.6596,openmesh 2023-12-10 16
openmesh,pycomlink line,pws,2.0,3473,2.2354,1.0606,-1.1749,-0.5256,1.4602,2.31,1.0334,0.5274,0.6771,0.0224,0.6668,openmesh 2023-12-10 16
openmesh,pycomlink gmz,pws,2.0,3473,2.2354,1.0781,-1.1574,-0.5177,1.4538,2.3187,1.0372,0.5178,0.6723,0.0239,0.6614,openmesh 2023-12-10 16
openmesh,nearby idw,pws,2.0,3431,2.2591,1.371,-0.8881,-0.3931,1.3111,2.2398,0.9914,0.5095,0.9248,0.0433,0.8877,openmesh 2023-12-10 16
openmesh,nearby line,pws,2.0,3431,2.2591,1.3027,-0.9564,-0.4234,1.3,2.1653,0.9585,0.5563,0.9242,0.041,0.889,openmesh 2023-12-10 16
openmesh,nearby gmz,pws,2.0,3431,2.2591,1.3902,-0.8689,-0.3846,1.3157,2.2119,0.9791,0.5127,0.9206,0.0409,0.8858,openmesh 2023-12-10 16
openmesh,rnn idw,pws,2.0,3473,2.2354,2.4103,0.1749,0.0782,1.0009,1.6607,0.7429,0.7485,0.9179,0.0559,0.8706,openmesh 2023-12-10 16
openmesh,rnn line,pws,2.0,3473,2.2354,2.4903,0.2549,0.114,1.0456,1.7008,0.7608,0.745,0.9202,0.057,0.8717,openmesh 2023-12-10 16
openmesh,rnn gmz,pws,2.0,3473,2.2354,2.4796,0.2442,0.1092,1.0974,1.7981,0.8044,0.7193,0.9208,0.0566,0.8726,openmesh 2023-12-10 16
openmesh,pws,radar,,10672,2.1356,2.1938,0.0582,0.0272,0.6337,1.3546,0.6343,0.8159,0.9597,0.0312,0.9309,openmesh 2023-12-10 16
openmesh,dynamic idw,radar,,10626,2.1337,3.5375,1.4038,0.6579,1.8965,2.6174,1.2267,0.6565,0.9855,0.0813,0.9064,openmesh 2023-12-10 16
openmesh,dynamic line,radar,,10672,2.1356,3.3897,1.2541,0.5872,1.8165,2.5064,1.1736,0.6464,0.9886,0.08,0.9103,openmesh 2023-12-10 16
openmesh,dynamic gmz,radar,,10672,2.1356,3.4192,1.2836,0.6011,1.9133,2.6333,1.2331,0.6202,0.9804,0.0792,0.9042,openmesh 2023-12-10 16
openmesh,constant idw,radar,,10626,2.1337,1.7153,-0.4185,-0.1961,1.551,2.3066,1.081,0.4732,0.7855,0.0319,0.7657,openmesh 2023-12-10 16
openmesh,constant line,radar,,10672,2.1356,1.71,-0.4256,-0.1993,1.5513,2.303,1.0784,0.4721,0.8026,0.0311,0.7825,openmesh 2023-12-10 16
openmesh,constant gmz,radar,,10672,2.1356,1.73,-0.4056,-0.1899,1.5434,2.3094,1.0814,0.4719,0.8062,0.031,0.786,openmesh 2023-12-10 16
openmesh,pycomlink idw,radar,,10626,2.1337,1.2038,-0.9299,-0.4358,1.2723,1.7827,0.8355,0.6499,0.6658,0.0286,0.653,openmesh 2023-12-10 16
openmesh,pycomlink line,radar,,10672,2.1356,1.1959,-0.9396,-0.44,1.2752,1.7864,0.8365,0.6497,0.6691,0.025,0.6579,openmesh 2023-12-10 16
openmesh,pycomlink gmz,radar,,10672,2.1356,1.2008,-0.9348,-0.4377,1.276,1.8023,0.8439,0.6409,0.6655,0.0306,0.6518,openmesh 2023-12-10 16
openmesh,nearby idw,radar,,10282,2.1897,1.403,-0.7867,-0.3593,1.1304,1.6878,0.7708,0.6606,0.9248,0.0423,0.8885,openmesh 2023-12-10 16
openmesh,nearby line,radar,,10357,2.186,1.3452,-0.8408,-0.3846,1.1348,1.6582,0.7585,0.687,0.9229,0.0407,0.8881,openmesh 2023-12-10 16
openmesh,nearby gmz,radar,,10357,2.186,1.4037,-0.7823,-0.3579,1.138,1.6947,0.7753,0.6532,0.9152,0.0422,0.8797,openmesh 2023-12-10 16
openmesh,rnn idw,radar,,10626,2.1337,2.364,0.2303,0.1079,0.8058,1.0879,0.5098,0.8803,0.9047,0.04,0.8718,openmesh 2023-12-10 16
openmesh,rnn line,radar,,10672,2.1356,2.4245,0.2889,0.1353,0.8316,1.113,0.5212,0.8819,0.9061,0.0398,0.8733,openmesh 2023-12-10 16
openmesh,rnn gmz,radar,,10672,2.1356,2.4005,0.2649,0.1241,0.8547,1.1706,0.5481,0.8658,0.9047,0.0396,0.8721,openmesh 2023-12-10 16
openmesh,dynamic idw,pws,,10626,2.1913,3.5375,1.3462,0.6143,2.2943,3.1656,1.4446,0.4258,0.9812,0.0945,0.89,openmesh 2023-12-10 16
openmesh,dynamic line,pws,,10672,2.1938,3.3897,1.1959,0.5451,2.2164,3.0828,1.4053,0.4111,0.9831,0.0938,0.8924,openmesh 2023-12-10 16
openmesh,dynamic gmz,pws,,10672,2.1938,3.4192,1.2254,0.5586,2.3104,3.198,1.4578,0.3876,0.974,0.0939,0.8847,openmesh 2023-12-10 16
openmesh,constant idw,pws,,10626,2.1913,1.7153,-0.4761,-0.2172,1.8418,2.8661,1.3079,0.2888,0.7911,0.0347,0.7693,openmesh 2023-12-10 16
openmesh,constant line,pws,,10672,2.1938,1.71,-0.4838,-0.2205,1.8427,2.8676,1.3071,0.2855,0.808,0.0338,0.7858,openmesh 2023-12-10 16
openmesh,constant gmz,pws,,10672,2.1938,1.73,-0.4637,-0.2114,1.8392,2.8789,1.3123,0.2827,0.8116,0.0337,0.7893,openmesh 2023-12-10 16
openmesh,pycomlink idw,pws,,10626,2.1913,1.2038,-0.9875,-0.4506,1.4491,2.3546,1.0745,0.4613,0.6749,0.0251,0.6634,openmesh 2023-12-10 16
openmesh,pycomlink line,pws,,10672,2.1938,1.1959,-0.9978,-0.4548,1.454,2.3622,1.0768,0.4581,0.6782,0.0211,0.6684,openmesh 2023-12-10 16
openmesh,pycomlink gmz,pws,,10672,2.1938,1.2008,-0.993,-0.4526,1.4589,2.3823,1.0859,0.4465,0.6743,0.0272,0.6618,openmesh 2023-12-10 16
openmesh,nearby idw,pws,,10282,2.2472,1.403,-0.8442,-0.3757,1.3333,2.1985,0.9783,0.517,0.9245,0.0475,0.8838,openmesh 2023-12-10 16
openmesh,nearby line,pws,,10357,2.2516,1.3452,-0.9064,-0.4025,1.3465,2.2164,0.9844,0.518,0.9223,0.0456,0.8834,openmesh 2023-12-10 16
openmesh,nearby gmz,pws,,10357,2.2516,1.4037,-0.8479,-0.3766,1.3535,2.2461,0.9976,0.4897,0.9152,0.0465,0.8761,openmesh 2023-12-10 16
openmesh,rnn idw,pws,,10626,2.1913,2.364,0.1727,0.0788,1.1054,1.7913,0.8174,0.6974,0.9124,0.0415,0.8777,openmesh 2023-12-10 16
openmesh,rnn line,pws,,10672,2.1938,2.4245,0.2307,0.1052,1.1283,1.8053,0.8229,0.6994,0.9134,0.0412,0.8789,openmesh 2023-12-10 16
openmesh,rnn gmz,pws,,10672,2.1938,2.4005,0.2068,0.0943,1.1545,1.8622,0.8489,0.679,0.9114,0.0416,0.8768,openmesh 2023-12-10 16
openmesh,pws,radar,2.0,2925,2.7775,2.534,-0.2435,-0.0877,0.6734,1.4531,0.5232,0.9241,0.9569,0.0302,0.9292,openmesh 2023-12-17 18
openmesh,dynamic idw,radar,2.0,2925,2.7775,4.0427,1.2651,0.4555,1.9842,2.7972,1.0071,0.7625,0.9963,0.1741,0.8233,openmesh 2023-12-17 18
openmesh,dynamic line,radar,2.0,2925,2.7775,3.8665,1.089,0.3921,1.8494,2.6007,0.9363,0.7764,0.9971,0.1743,0.8238,openmesh 2023-12-17 18
openmesh,dynamic gmz,radar,2.0,2925,2.7775,3.9831,1.2055,0.434,2.0582,2.9513,1.0626,0.7357,0.9963,0.1738,0.8236,openmesh 2023-12-17 18
openmesh,constant idw,radar,2.0,2925,2.7775,2.1795,-0.598,-0.2153,1.9288,2.9109,1.048,0.6857,0.7419,0.0977,0.6867,openmesh 2023-12-17 18
openmesh,constant line,radar,2.0,2925,2.7775,2.157,-0.6205,-0.2234,1.9229,2.9152,1.0496,0.6821,0.7415,0.0863,0.693,openmesh 2023-12-17 18
openmesh,constant gmz,radar,2.0,2925,2.7775,2.2225,-0.555,-0.1998,1.9415,2.9747,1.071,0.6796,0.7419,0.0904,0.691,openmesh 2023-12-17 18
openmesh,pycomlink idw,radar,2.0,2925,2.7775,1.2088,-1.5688,-0.5648,1.7173,2.6614,0.9582,0.8172,0.6268,0.0956,0.5878,openmesh 2023-12-17 18
openmesh,pycomlink line,radar,2.0,2925,2.7775,1.204,-1.5736,-0.5665,1.7146,2.658,0.957,0.823,0.6255,0.092,0.5882,openmesh 2023-12-17 18
openmesh,pycomlink gmz,radar,2.0,2925,2.7775,1.2476,-1.5299,-0.5508,1.705,2.671,0.9616,0.7969,0.6309,0.0972,0.5908,openmesh 2023-12-17 18
openmesh,nearby idw,radar,2.0,2795,2.7938,1.1942,-1.5996,-0.5725,1.904,3.069,1.0985,0.6947,0.8441,0.0756,0.7896,openmesh 2023-12-17 18
openmesh,nearby line,radar,2.0,2827,2.7918,1.1906,-1.6012,-0.5735,1.8963,3.0609,1.0964,0.6992,0.8487,0.0703,0.7975,openmesh 2023-12-17 18
openmesh,nearby gmz,radar,2.0,2827,2.7918,1.2315,-1.5603,-0.5589,1.889,3.0726,1.1006,0.6716,0.8526,0.0679,0.8028,openmesh 2023-12-17 18
openmesh,rnn idw,radar,2.0,2925,2.7775,2.2956,-0.4819,-0.1735,1.2185,1.9988,0.7196,0.8572,0.9577,0.1063,0.8598,openmesh 2023-12-17 18
openmesh,rnn line,radar,2.0,2925,2.7775,2.3036,-0.4739,-0.1706,1.2215,2.0032,0.7212,0.8548,0.9573,0.106,0.8597,openmesh 2023-12-17 18
openmesh,rnn gmz,radar,2.0,2925,2.7775,2.3175,-0.4601,-0.1656,1.2481,2.0346,0.7325,0.8424,0.9582,0.109,0.8576,openmesh 2023-12-17 18
openmesh,dynamic idw,pws,2.0,2925,2.534,4.0427,1.5087,0.5954,2.2573,3.149,1.2427,0.726,0.9962,0.1851,0.8124,openmesh 2023-12-17 18
openmesh,dynamic line,pws,2.0,2925,2.534,3.8665,1.3325,0.5258,2.1316,2.9971,1.1827,0.7317,0.9971,0.1852,0.8128,openmesh 2023-12-17 18
openmesh,dynamic gmz,pws,2.0,2925,2.534,3.9831,1.4491,0.5718,2.3382,3.3043,1.304,0.6954,0.9958,0.1852,0.8121,openmesh 2023-12-17 18
openmesh,constant idw,pws,2.0,2925,2.534,2.1795,-0.3545,-0.1399,2.1502,3.697,1.4589,0.5092,0.7376,0.1149,0.6732,openmesh 2023-12-17 18
openmesh,constant line,pws,2.0,2925,2.534,2.157,-0.377,-0.1488,2.1424,3.7108,1.4644,0.5013,0.7351,0.1062,0.6761,openmesh 2023-12-17 18
openmesh,constant gmz,pws,2.0,2925,2.534,2.2225,-0.3115,-0.1229,2.166,3.7642,1.4855,0.5032,0.7355,0.1102,0.6741,openmesh 2023-12-17 18
openmesh,pycomlink idw,pws,2.0,2925,2.534,1.2088,-1.3253,-0.523,1.6945,2.9539,1.1657,0.7296,0.631,0.1016,0.5889,openmesh 2023-12-17 18
openmesh,pycomlink line,pws,2.0,2925,2.534,1.204,-1.33,-0.5249,1.6906,2.956,1.1665,0.7324,0.631,0.0962,0.5913,openmesh 2023-12-17 18
openmesh,pycomlink gmz,pws,2.0,2925,2.534,1.2476,-1.2864,-0.5076,1.6846,2.9713,1.1726,0.7101,0.6369,0.1008,0.5944,openmesh 2023-12-17 18
openmesh,nearby idw,pws,2.0,2795,2.5631,1.1942,-1.3689,-0.5341,1.7528,3.1557,1.2312,0.683,0.8381,0.0966,0.7691,openmesh 2023-12-17 18
openmesh,nearby line,pws,2.0,2827,2.5522,1.1906,-1.3616,-0.5335,1.7424,3.141,1.2307,0.6892,0.8415,0.0925,0.775,openmesh 2023-12-17 18
openmesh,nearby gmz,pws,2.0,2827,2.5522,1.2315,-1.3207,-0.5175,1.7424,3.1412,1.2308,0.6672,0.8424,0.0933,0.7752,openmesh 2023-12-17 18
openmesh,rnn idw,pws,2.0,2925,2.534,2.2956,-0.2384,-0.0941,1.368,2.3678,0.9344,0.8022,0.9509,0.1245,0.8376,openmesh 2023-12-17 18
openmesh,rnn line,pws,2.0,2925,2.534,2.3036,-0.2304,-0.0909,1.3799,2.3755,0.9374,0.7992,0.9492,0.1253,0.8356,openmesh 2023-12-17 18
openmesh,rnn gmz,pws,2.0,2925,2.534,2.3175,-0.2165,-0.0855,1.4025,2.4034,0.9485,0.7876,0.9505,0.1279,0.8342,openmesh 2023-12-17 18
openmesh,pws,radar,,11600,2.7347,2.3152,-0.4195,-0.1534,0.9454,1.7779,0.6501,0.8734,0.9615,0.0311,0.9326,openmesh 2023-12-17 18
openmesh,dynamic idw,radar,,11110,2.7438,4.1558,1.4119,0.5146,1.9726,2.5664,0.9353,0.8015,0.9972,0.1801,0.8181,openmesh 2023-12-17 18
openmesh,dynamic line,radar,,11225,2.7513,4.0371,1.2858,0.4674,1.8805,2.4469,0.8894,0.8094,0.9991,0.1839,0.8156,openmesh 2023-12-17 18
openmesh,dynamic gmz,radar,,11225,2.7513,4.0962,1.345,0.4889,2.0109,2.6583,0.9662,0.7773,0.9984,0.1841,0.8149,openmesh 2023-12-17 18
openmesh,constant idw,radar,,11110,2.7438,2.7216,-0.0222,-0.0081,1.9292,2.8779,1.0489,0.7069,0.777,0.1112,0.7082,openmesh 2023-12-17 18
openmesh,constant line,radar,,11225,2.7513,2.6818,-0.0695,-0.0252,1.9328,2.8769,1.0457,0.7038,0.7749,0.1066,0.7093,openmesh 2023-12-17 18
openmesh,constant gmz,radar,,11225,2.7513,2.7205,-0.0307,-0.0112,1.9419,2.9153,1.0596,0.7024,0.7752,0.109,0.7081,openmesh 2023-12-17 18
openmesh,pycomlink idw,radar,,11110,2.7438,1.3028,-1.441,-0.5252,1.6194,2.4706,0.9004,0.8474,0.6588,0.1003,0.6137,openmesh 2023-12-17 18
openmesh,pycomlink line,radar,,11225,2.7513,1.2952,-1.4561,-0.5292,1.6295,2.4775,0.9005,0.8528,0.6608,0.0992,0.616,openmesh 2023-12-17 18
openmesh,pycomlink gmz,radar,,11225,2.7513,1.3143,-1.4369,-0.5223,1.6236,2.4888,0.9046,0.8389,0.6652,0.1019,0.6185,openmesh 2023-12-17 18
openmesh,nearby idw,radar,,10409,2.7831,1.2368,-1.5462,-0.5556,1.9927,3.1443,1.1298,0.641,0.873,0.097,0.7982,openmesh 2023-12-17 18
openmesh,nearby line,radar,,10583,2.7786,1.2258,-1.5528,-0.5588,1.9849,3.1248,1.1246,0.6547,0.8765,0.0951,0.8025,openmesh 2023-12-17 18
openmesh,nearby gmz,radar,,10583,2.7786,1.2522,-1.5264,-0.5493,1.9726,3.1164,1.1215,0.6461,0.8813,0.0945,0.807,openmesh 2023-12-17 18
openmesh,rnn idw,radar,,11125,2.7533,2.299,-0.4543,-0.165,1.2861,2.0632,0.7494,0.8381,0.9594,0.125,0.8437,openmesh 2023-12-17 18
openmesh,rnn line,radar,,11225,2.7513,2.2944,-0.4568,-0.166,1.2791,2.0549,0.7469,0.8401,0.9583,0.128,0.8401,openmesh 2023-12-17 18
openmesh,rnn gmz,radar,,11225,2.7513,2.2999,-0.4514,-0.1641,1.2907,2.067,0.7513,0.8349,0.9588,0.1275,0.841,openmesh 2023-12-17 18
openmesh,dynamic idw,pws,,11110,2.308,4.1558,1.8478,0.8006,2.4276,3.1567,1.3677,0.7191,0.9971,0.1888,0.8093,openmesh 2023-12-17 18
openmesh,dynamic line,pws,,11225,2.3234,4.0371,1.7137,0.7376,2.3404,3.0645,1.319,0.7191,0.9992,0.1917,0.8078,openmesh 2023-12-17 18
openmesh,dynamic gmz,pws,,11225,2.3234,4.0962,1.7728,0.763,2.4785,3.2622,1.4041,0.6855,0.9982,0.1921,0.8068,openmesh 2023-12-17 18
openmesh,constant idw,pws,,11110,2.308,2.7216,0.4136,0.1792,2.3182,3.7955,1.6445,0.4907,0.7692,0.1294,0.6903,openmesh 2023-12-17 18
openmesh,constant line,pws,,11225,2.3234,2.6818,0.3584,0.1543,2.3141,3.7942,1.633,0.4856,0.7659,0.1256,0.69,openmesh 2023-12-17 18
openmesh,constant gmz,pws,,11225,2.3234,2.7205,0.3971,0.1709,2.3375,3.8391,1.6524,0.4843,0.7663,0.1278,0.6889,openmesh 2023-12-17 18
openmesh,pycomlink idw,pws,,11110,2.308,1.3028,-1.0052,-0.4355,1.4682,2.5954,1.1245,0.7326,0.6557,0.1141,0.6046,openmesh 2023-12-17 18
openmesh,pycomlink line,pws,,11225,2.3234,1.2952,-1.0282,-0.4426,1.4813,2.6096,1.1232,0.7364,0.6578,0.112,0.6074,openmesh 2023-12-17 18
openmesh,pycomlink gmz,pws,,11225,2.3234,1.3143,-1.0091,-0.4343,1.4822,2.631,1.1324,0.7223,0.6623,0.1146,0.61,openmesh 2023-12-17 18
openmesh,nearby idw,pws,,10409,2.3555,1.2368,-1.1187,-0.4749,1.7,2.9762,1.2635,0.6229,0.8694,0.1116,0.7838,openmesh 2023-12-17 18
openmesh,nearby line,pws,,10583,2.3576,1.2258,-1.1318,-0.4801,1.699,2.9646,1.2575,0.6359,0.8714,0.1099,0.7867,openmesh 2023-12-17 18
openmesh,nearby gmz,pws,,10583,2.3576,1.2522,-1.1054,-0.4689,1.6904,2.9552,1.2535,0.6302,0.8753,0.1102,0.7896,openmesh 2023-12-17 18
openmesh,rnn idw,pws,,11125,2.3191,2.299,-0.0201,-0.0087,1.3912,2.2829,0.9844,0.7659,0.953,0.1399,0.8252,openmesh 2023-12-17 18
openmesh,rnn line,pws,,11225,2.3234,2.2944,-0.029,-0.0125,1.3962,2.2858,0.9838,0.7652,0.9524,0.1417,0.823,openmesh 2023-12-17 18
openmesh,rnn gmz,pws,,11225,2.3234,2.2999,-0.0235,-0.0101,1.4076,2.2996,0.9897,0.7599,0.9523,0.1418,0.8229,openmesh 2023-12-17 18
openmesh,pws,radar,2.0,3624,1.4034,1.2927,-0.1107,-0.0789,0.3106,0.6872,0.4897,0.9592,0.8675,0.2285,0.6902,openmesh 2023-12-27 15
openmesh,dynamic idw,radar,2.0,3624,1.4034,2.9985,1.5951,1.1366,1.9147,2.7377,1.9508,0.7067,0.9971,0.5146,0.4847,openmesh 2023-12-27 15
openmesh,dynamic line,radar,2.0,3624,1.4034,2.7972,1.3938,0.9932,1.7666,2.5635,1.8267,0.7071,0.9977,0.5089,0.4905,openmesh 2023-12-27 15
openmesh,dynamic gmz,radar,2.0,3624,1.4034,2.8711,1.4677,1.0458,1.8853,2.7411,1.9532,0.6803,0.9954,0.5084,0.4905,openmesh 2023-12-27 15
openmesh,constant idw,radar,2.0,3624,1.4034,1.4873,0.0839,0.0598,0.7754,1.6861,1.2015,0.8167,0.9038,0.3115,0.6415,openmesh 2023-12-27 15
openmesh,constant line,radar,2.0,3624,1.4034,1.4197,0.0163,0.0116,0.7512,1.5866,1.1305,0.8217,0.8819,0.3006,0.6395,openmesh 2023-12-27 15
openmesh,constant gmz,radar,2.0,3624,1.4034,1.4824,0.079,0.0563,0.8008,1.7045,1.2146,0.8102,0.9009,0.3128,0.6389,openmesh 2023-12-27 15
openmesh,pycomlink idw,radar,2.0,3624,1.4034,0.9851,-0.4183,-0.2981,0.7666,1.6465,1.1732,0.7568,0.7759,0.1393,0.6894,openmesh 2023-12-27 15
openmesh,pycomlink line,radar,2.0,3624,1.4034,0.9425,-0.4609,-0.3284,0.7689,1.6489,1.1749,0.7545,0.7586,0.1272,0.6831,openmesh 2023-12-27 15
openmesh,pycomlink gmz,radar,2.0,3624,1.4034,0.9789,-0.4245,-0.3024,0.7793,1.6838,1.1998,0.7438,0.7742,0.1412,0.6868,openmesh 2023-12-27 15
openmesh,nearby idw,radar,2.0,3624,1.4034,0.8392,-0.5642,-0.402,0.927,2.0294,1.4461,0.6134,0.7258,0.0789,0.6833,openmesh 2023-12-27 15
openmesh,nearby line,radar,2.0,3624,1.4034,0.8441,-0.5593,-0.3986,0.9156,2.0239,1.4421,0.6149,0.7195,0.0769,0.6788,openmesh 2023-12-27 15
openmesh,nearby gmz,radar,2.0,3624,1.4034,0.8626,-0.5408,-0.3854,0.9138,2.0271,1.4445,0.6146,0.7321,0.085,0.6855,openmesh 2023-12-27 15
openmesh,rnn idw,radar,2.0,3624,1.4034,1.4126,0.0092,0.0065,0.6225,1.184,0.8437,0.8695,0.9217,0.194,0.7544,openmesh 2023-12-27 15
openmesh,rnn line,radar,2.0,3624,1.4034,1.4318,0.0284,0.0202,0.6385,1.2143,0.8652,0.8623,0.9338,0.1899,0.7661,openmesh 2023-12-27 15
openmesh,rnn gmz,radar,2.0,3624,1.4034,1.4332,0.0298,0.0212,0.6455,1.2318,0.8777,0.8581,0.928,0.1896,0.7624,openmesh 2023-12-27 15
openmesh,dynamic idw,pws,2.0,3624,1.2927,2.9985,1.7058,1.3195,1.9961,2.8856,2.2322,0.673,0.9923,0.4568,0.5409,openmesh 2023-12-27 15
openmesh,dynamic line,pws,2.0,3624,1.2927,2.7972,1.5045,1.1638,1.8238,2.6895,2.0805,0.6803,0.9867,0.4539,0.5421,openmesh 2023-12-27 15
openmesh,dynamic gmz,pws,2.0,3624,1.2927,2.8711,1.5784,1.221,1.9382,2.8635,2.2151,0.6539,0.9836,0.4538,0.5413,openmesh 2023-12-27 15
openmesh,constant idw,pws,2.0,3624,1.2927,1.4873,0.1945,0.1505,0.8227,1.9473,1.5064,0.7491,0.8412,0.2795,0.6342,openmesh 2023-12-27 15
openmesh,constant line,pws,2.0,3624,1.2927,1.4197,0.127,0.0982,0.7692,1.8278,1.4139,0.758,0.8304,0.2595,0.6433,openmesh 2023-12-27 15
openmesh,constant gmz,pws,2.0,3624,1.2927,1.4824,0.1897,0.1468,0.8227,1.9415,1.5019,0.7482,0.8412,0.2786,0.635,openmesh 2023-12-27 15
openmesh,pycomlink idw,pws,2.0,3624,1.2927,0.9851,-0.3076,-0.238,0.7192,1.6974,1.313,0.7185,0.7131,0.1105,0.6551,openmesh 2023-12-27 15
openmesh,pycomlink line,pws,2.0,3624,1.2927,0.9425,-0.3502,-0.2709,0.7144,1.6691,1.2911,0.7227,0.7059,0.0868,0.6615,openmesh 2023-12-27 15
openmesh,pycomlink gmz,pws,2.0,3624,1.2927,0.9789,-0.3138,-0.2427,0.7294,1.7109,1.3235,0.7124,0.7136,0.1099,0.6558,openmesh 2023-12-27 15
openmesh,nearby idw,pws,2.0,3624,1.2927,0.8392,-0.4535,-0.3508,0.8485,2.008,1.5533,0.5898,0.666,0.0497,0.6436,openmesh 2023-12-27 15
openmesh,nearby line,pws,2.0,3624,1.2927,0.8441,-0.4487,-0.3471,0.8354,1.9978,1.5454,0.5934,0.6593,0.0488,0.6378,openmesh 2023-12-27 15
openmesh,nearby gmz,pws,2.0,3624,1.2927,0.8626,-0.4302,-0.3328,0.8356,1.9986,1.546,0.5953,0.6701,0.0583,0.6434,openmesh 2023-12-27 15
openmesh,rnn idw,pws,2.0,3624,1.2927,1.4126,0.1199,0.0927,0.6391,1.2836,0.993,0.8362,0.8627,0.1516,0.7474,openmesh 2023-12-27 15
openmesh,rnn line,pws,2.0,3624,1.2927,1.4318,0.1391,0.1076,0.6557,1.3187,1.0201,0.8276,0.8699,0.1514,0.753,openmesh 2023-12-27 15
openmesh,rnn gmz,pws,2.0,3624,1.2927,1.4332,0.1405,0.1087,0.6626,1.3357,1.0332,0.8235,0.8617,0.1539,0.7449,openmesh 2023-12-27 15
openmesh,pws,radar,,11136,1.5101,1.3313,-0.1788,-0.1184,0.4199,0.8991,0.5954,0.9396,0.8771,0.2716,0.661,openmesh 2023-12-27 15
openmesh,dynamic idw,radar,,11088,1.5099,3.1883,1.6784,1.1116,2.0736,2.7703,1.8347,0.717,0.9931,0.5082,0.4901,openmesh 2023-12-27 15
openmesh,dynamic line,radar,,11136,1.5101,3.0398,1.5297,1.013,1.9698,2.6594,1.7611,0.7147,0.9893,0.5023,0.495,openmesh 2023-12-27 15
openmesh,dynamic gmz,radar,,11136,1.5101,3.0832,1.5731,1.0417,2.0689,2.7871,1.8456,0.6894,0.9842,0.5048,0.4912,openmesh 2023-12-27 15
openmesh,constant idw,radar,,11088,1.5099,1.681,0.171,0.1133,0.797,1.6403,1.0863,0.85,0.8799,0.3502,0.5969,openmesh 2023-12-27 15
openmesh,constant line,radar,,11136,1.5101,1.6334,0.1233,0.0817,0.7895,1.603,1.0615,0.8484,0.8771,0.3436,0.6011,openmesh 2023-12-27 15
openmesh,constant gmz,radar,,11136,1.5101,1.6671,0.1571,0.104,0.8235,1.6896,1.1189,0.8381,0.8758,0.3539,0.5919,openmesh 2023-12-27 15
openmesh,pycomlink idw,radar,,11088,1.5099,1.0282,-0.4817,-0.319,0.8517,1.8171,1.2034,0.7371,0.7689,0.1465,0.6793,openmesh 2023-12-27 15
openmesh,pycomlink line,radar,,11136,1.5101,0.9977,-0.5124,-0.3393,0.8631,1.8332,1.214,0.7322,0.7633,0.1318,0.6841,openmesh 2023-12-27 15
openmesh,pycomlink gmz,radar,,11136,1.5101,1.0135,-0.4966,-0.3289,0.8714,1.8669,1.2363,0.7209,0.7687,0.1497,0.6771,openmesh 2023-12-27 15
openmesh,nearby idw,radar,,11088,1.5099,1.0078,-0.5021,-0.3326,1.0992,2.3799,1.5761,0.5542,0.7385,0.0872,0.6898,openmesh 2023-12-27 15
openmesh,nearby line,radar,,11136,1.5101,1.0026,-0.5075,-0.3361,1.0937,2.3716,1.5705,0.5551,0.7353,0.0855,0.688,openmesh 2023-12-27 15
openmesh,nearby gmz,radar,,11136,1.5101,1.0158,-0.4943,-0.3273,1.0933,2.3729,1.5713,0.556,0.7521,0.0903,0.6998,openmesh 2023-12-27 15
openmesh,rnn idw,radar,,11088,1.5099,1.3836,-0.1263,-0.0837,0.6804,1.2988,0.8602,0.8687,0.891,0.2178,0.7139,openmesh 2023-12-27 15
openmesh,rnn line,radar,,11136,1.5101,1.3985,-0.1116,-0.0739,0.6948,1.3186,0.8732,0.863,0.8988,0.2187,0.7182,openmesh 2023-12-27 15
openmesh,rnn gmz,radar,,11136,1.5101,1.3993,-0.1108,-0.0734,0.6963,1.3207,0.8746,0.8622,0.8956,0.2188,0.716,openmesh 2023-12-27 15
openmesh,dynamic idw,pws,,11088,1.3322,3.1883,1.8562,1.3934,2.1573,2.9436,2.2097,0.687,0.9784,0.417,0.5756,openmesh 2023-12-27 15
openmesh,dynamic line,pws,,11136,1.3313,3.0398,1.7086,1.2834,2.0339,2.8213,2.1192,0.6863,0.9726,0.4109,0.5795,openmesh 2023-12-27 15
openmesh,dynamic gmz,pws,,11136,1.3313,3.0832,1.7519,1.316,2.1304,2.9423,2.2101,0.6616,0.9669,0.4142,0.5742,openmesh 2023-12-27 15
openmesh,constant idw,pws,,11088,1.3322,1.681,0.3488,0.2619,0.8767,1.937,1.4541,0.7882,0.8003,0.2887,0.6041,openmesh 2023-12-27 15
openmesh,constant line,pws,,11136,1.3313,1.6334,0.3021,0.2269,0.8398,1.8855,1.4163,0.7875,0.8001,0.279,0.611,openmesh 2023-12-27 15
openmesh,constant gmz,pws,,11136,1.3313,1.6671,0.3359,0.2523,0.8843,1.9629,1.4745,0.779,0.7982,0.2909,0.6013,openmesh 2023-12-27 15
openmesh,pycomlink idw,pws,,11088,1.3322,1.0282,-0.3039,-0.2282,0.7725,1.7469,1.3113,0.7147,0.6528,0.128,0.5957,openmesh 2023-12-27 15
openmesh,pycomlink line,pws,,11136,1.3313,0.9977,-0.3336,-0.2506,0.7768,1.7451,1.3109,0.7119,0.6523,0.1066,0.6052,openmesh 2023-12-27 15
openmesh,pycomlink gmz,pws,,11136,1.3313,1.0135,-0.3178,-0.2387,0.7887,1.7813,1.338,0.7018,0.6528,0.1305,0.5946,openmesh 2023-12-27 15
openmesh,nearby idw,pws,,11088,1.3322,1.0078,-0.3244,-0.2435,1.01,2.3122,1.7357,0.5306,0.6409,0.0468,0.6214,openmesh 2023-12-27 15
openmesh,nearby line,pws,,11136,1.3313,1.0026,-0.3287,-0.2469,1.002,2.3005,1.7281,0.5316,0.6386,0.0438,0.6204,openmesh 2023-12-27 15
openmesh,nearby gmz,pws,,11136,1.3313,1.0158,-0.3155,-0.237,1.0021,2.3027,1.7297,0.5332,0.6471,0.0576,0.6225,openmesh 2023-12-27 15
openmesh,rnn idw,pws,,11088,1.3322,1.3836,0.0515,0.0386,0.6527,1.3184,0.9897,0.8344,0.8143,0.1397,0.7192,openmesh 2023-12-27 15
openmesh,rnn line,pws,,11136,1.3313,1.3985,0.0672,0.0505,0.6673,1.3432,1.009,0.8275,0.819,0.1428,0.7207,openmesh 2023-12-27 15
openmesh,rnn gmz,pws,,11136,1.3313,1.3993,0.068,0.0511,0.6691,1.3473,1.012,0.8265,0.8167,0.1421,0.7194,openmesh 2023-12-27 15
openmesh,pws,radar,2.0,1500,1.3461,1.2025,-0.1435,-0.1066,0.504,0.8574,0.637,0.7513,0.8,0.0,0.8,openmesh 2024-01-06 19
openmesh,dynamic idw,radar,2.0,1500,1.3461,4.8653,3.5193,2.6145,3.6834,5.348,3.9731,0.0706,0.99,0.0,0.99,openmesh 2024-01-06 19
openmesh,dynamic line,radar,2.0,1500,1.3461,4.5656,3.2195,2.3918,3.4185,5.0239,3.7323,0.0765,0.9887,0.0,0.9887,openmesh 2024-01-06 19
openmesh,dynamic gmz,radar,2.0,1500,1.3461,4.6745,3.3284,2.4727,3.5691,5.3488,3.9737,0.0639,0.986,0.0,0.986,openmesh 2024-01-06 19
openmesh,constant idw,radar,2.0,1500,1.3461,2.1823,0.8363,0.6213,1.8333,3.2745,2.4326,0.2801,0.682,0.0,0.682,openmesh 2024-01-06 19
openmesh,constant line,radar,2.0,1500,1.3461,2.1689,0.8228,0.6113,1.7856,3.1721,2.3566,0.2909,0.6967,0.0,0.6967,openmesh 2024-01-06 19
openmesh,constant gmz,radar,2.0,1500,1.3461,2.2536,0.9076,0.6742,1.8641,3.4213,2.5417,0.2863,0.6927,0.0,0.6927,openmesh 2024-01-06 19
openmesh,pycomlink idw,radar,2.0,1500,1.3461,2.4283,1.0822,0.804,1.8689,3.2724,2.4311,0.2692,0.8627,0.0,0.8627,openmesh 2024-01-06 19
openmesh,pycomlink line,radar,2.0,1500,1.3461,2.3738,1.0277,0.7635,1.8022,3.1256,2.322,0.2761,0.862,0.0,0.862,openmesh 2024-01-06 19
openmesh,pycomlink gmz,radar,2.0,1500,1.3461,2.4734,1.1274,0.8375,1.9013,3.448,2.5615,0.2665,0.858,0.0,0.858,openmesh 2024-01-06 19
openmesh,nearby idw,radar,2.0,1500,1.3461,2.9953,1.6492,1.2252,2.0607,4.1115,3.0544,0.3776,0.8753,0.0,0.8753,openmesh 2024-01-06 19
openmesh,nearby line,radar,2.0,1500,1.3461,2.9013,1.5552,1.1554,1.9919,3.9788,2.9558,0.3772,0.8787,0.0,0.8787,openmesh 2024-01-06 19
openmesh,nearby gmz,radar,2.0,1500,1.3461,3.0035,1.6574,1.2313,2.1107,4.3005,3.1949,0.3638,0.8713,0.0,0.8713,openmesh 2024-01-06 19
openmesh,rnn idw,radar,2.0,1500,1.3461,1.9282,0.5821,0.4325,0.7958,1.0576,0.7857,0.7116,0.8793,0.0,0.8793,openmesh 2024-01-06 19
openmesh,rnn line,radar,2.0,1500,1.3461,1.9514,0.6053,0.4497,0.7961,1.0438,0.7754,0.7271,0.88,0.0,0.88,openmesh 2024-01-06 19
openmesh,rnn gmz,radar,2.0,1500,1.3461,1.9504,0.6043,0.449,0.8052,1.0641,0.7905,0.7161,0.8773,0.0,0.8773,openmesh 2024-01-06 19
openmesh,dynamic idw,pws,2.0,1500,1.2025,4.8653,3.6628,3.0459,3.9878,5.6,4.6568,-0.0428,0.9883,0.2013,0.7912,openmesh 2024-01-06 19
openmesh,dynamic line,pws,2.0,1500,1.2025,4.5656,3.3631,2.7966,3.7063,5.2642,4.3776,-0.0221,0.9875,0.2009,0.7911,openmesh 2024-01-06 19
openmesh,dynamic gmz,pws,2.0,1500,1.2025,4.6745,3.472,2.8872,3.8538,5.5857,4.6449,-0.0334,0.9842,0.2015,0.7884,openmesh 2024-01-06 19
openmesh,constant idw,pws,2.0,1500,1.2025,2.1823,0.9798,0.8148,1.9251,3.4163,2.8409,0.2136,0.7467,0.1241,0.6752,openmesh 2024-01-06 19
openmesh,constant line,pws,2.0,1500,1.2025,2.1689,0.9664,0.8036,1.8746,3.3045,2.748,0.2325,0.7475,0.1416,0.6654,openmesh 2024-01-06 19
openmesh,constant gmz,pws,2.0,1500,1.2025,2.2536,1.0511,0.8741,1.9465,3.5544,2.9558,0.2224,0.7467,0.1376,0.6672,openmesh 2024-01-06 19
openmesh,pycomlink idw,pws,2.0,1500,1.2025,2.4283,1.2258,1.0193,1.9372,3.4068,2.833,0.2207,0.9483,0.1206,0.8392,openmesh 2024-01-06 19
openmesh,pycomlink line,pws,2.0,1500,1.2025,2.3738,1.1713,0.974,1.8646,3.2477,2.7007,0.24,0.9542,0.1145,0.8494,openmesh 2024-01-06 19
openmesh,pycomlink gmz,pws,2.0,1500,1.2025,2.4734,1.2709,1.0568,1.9567,3.5661,2.9655,0.227,0.9483,0.1158,0.8436,openmesh 2024-01-06 19
openmesh,nearby idw,pws,2.0,1500,1.2025,2.9953,1.7928,1.4908,2.0814,4.1618,3.4609,0.3576,0.9717,0.112,0.8656,openmesh 2024-01-06 19
openmesh,nearby line,pws,2.0,1500,1.2025,2.9013,1.6987,1.4126,2.0002,4.0215,3.3442,0.3643,0.975,0.1123,0.868,openmesh 2024-01-06 19
openmesh,nearby gmz,pws,2.0,1500,1.2025,3.0035,1.8009,1.4976,2.1072,4.3397,3.6088,0.3511,0.9667,0.1125,0.8612,openmesh 2024-01-06 19
openmesh,rnn idw,pws,2.0,1500,1.2025,1.9282,0.7257,0.6034,0.9936,1.4308,1.1898,0.5271,0.9883,0.1008,0.8897,openmesh 2024-01-06 19
openmesh,rnn line,pws,2.0,1500,1.2025,1.9514,0.7488,0.6227,0.9929,1.4152,1.1769,0.5454,0.9892,0.1008,0.8905,openmesh 2024-01-06 19
openmesh,rnn gmz,pws,2.0,1500,1.2025,1.9504,0.7479,0.6219,1.0001,1.43,1.1892,0.5373,0.9858,0.1011,0.8875,openmesh 2024-01-06 19
openmesh,pws,radar,,4640,1.3311,1.2791,-0.052,-0.039,0.573,1.0312,0.7747,0.6478,0.8353,0.0,0.8353,openmesh 2024-01-06 19
openmesh,dynamic idw,radar,,4620,1.3302,5.0241,3.6939,2.7769,3.8936,5.4536,4.0998,0.1282,0.9775,0.0073,0.9706,openmesh 2024-01-06 19
openmesh,dynamic line,radar,,4640,1.3311,4.7699,3.4388,2.5835,3.6505,5.1551,3.8729,0.1249,0.9794,0.0073,0.9724,openmesh 2024-01-06 19
openmesh,dynamic gmz,radar,,4640,1.3311,4.8382,3.5072,2.6349,3.7734,5.3194,3.9964,0.1092,0.9692,0.0073,0.9623,openmesh 2024-01-06 19
openmesh,constant idw,radar,,4620,1.3302,2.7165,1.3863,1.0422,2.2043,3.6856,2.7707,0.3253,0.6963,0.009,0.6919,openmesh 2024-01-06 19
openmesh,constant line,radar,,4640,1.3311,2.6675,1.3365,1.0041,2.1372,3.5626,2.6765,0.3238,0.7044,0.0089,0.7,openmesh 2024-01-06 19
openmesh,constant gmz,radar,,4640,1.3311,2.7344,1.4033,1.0543,2.1963,3.6738,2.76,0.3274,0.7005,0.0089,0.6961,openmesh 2024-01-06 19
openmesh,pycomlink idw,radar,,4620,1.3302,2.9086,1.5784,1.1866,2.1747,3.5235,2.6488,0.3214,0.8696,0.0025,0.8677,openmesh 2024-01-06 19
openmesh,pycomlink line,radar,,4640,1.3311,2.8184,1.4874,1.1174,2.0844,3.3441,2.5124,0.3153,0.8761,0.0025,0.8742,openmesh 2024-01-06 19
openmesh,pycomlink gmz,radar,,4640,1.3311,2.9083,1.5772,1.1849,2.1637,3.5031,2.6318,0.3197,0.8737,0.0025,0.8718,openmesh 2024-01-06 19
openmesh,nearby idw,radar,,4620,1.3302,3.4077,2.0775,1.5618,2.4256,4.0835,3.0698,0.4112,0.8714,0.0025,0.8695,openmesh 2024-01-06 19
openmesh,nearby line,radar,,4640,1.3311,3.2943,1.9633,1.475,2.3315,3.9311,2.9534,0.4062,0.8743,0.0025,0.8724,openmesh 2024-01-06 19
openmesh,nearby gmz,radar,,4640,1.3311,3.3791,2.048,1.5386,2.4244,4.0996,3.08,0.4041,0.8665,0.0025,0.8646,openmesh 2024-01-06 19
openmesh,rnn idw,radar,,4620,1.3302,1.8949,0.5647,0.4246,0.7681,0.9878,0.7426,0.7492,0.881,0.0,0.881,openmesh 2024-01-06 19
openmesh,rnn line,radar,,4640,1.3311,1.9171,0.586,0.4403,0.7701,0.9859,0.7407,0.7587,0.8811,0.0,0.8811,openmesh 2024-01-06 19
openmesh,rnn gmz,radar,,4640,1.3311,1.9109,0.5798,0.4356,0.7723,0.9925,0.7456,0.7521,0.88,0.0,0.88,openmesh 2024-01-06 19
openmesh,dynamic idw,pws,,4620,1.2812,5.0241,3.7428,2.9213,4.1672,5.6882,4.4396,-0.027,0.977,0.1716,0.8126,openmesh 2024-01-06 19
openmesh,dynamic line,pws,,4640,1.2791,4.7699,3.4908,2.7291,3.9238,5.3774,4.2041,-0.0093,0.98,0.1703,0.8159,openmesh 2024-01-06 19
openmesh,dynamic gmz,pws,,4640,1.2791,4.8382,3.5591,2.7825,4.0344,5.5413,4.3321,-0.0219,0.968,0.1719,0.8061,openmesh 2024-01-06 19
openmesh,constant idw,pws,,4620,1.2812,2.7165,1.4353,1.1203,2.2655,3.7598,2.9345,0.2784,0.7431,0.117,0.6765,openmesh 2024-01-06 19
openmesh,constant line,pws,,4640,1.2791,2.6675,1.3884,1.0855,2.1975,3.6219,2.8316,0.2931,0.7458,0.1234,0.675,openmesh 2024-01-06 19
openmesh,constant gmz,pws,,4640,1.2791,2.7344,1.4553,1.1377,2.2514,3.7397,2.9237,0.2876,0.7425,0.1225,0.6727,openmesh 2024-01-06 19
openmesh,pycomlink idw,pws,,4620,1.2812,2.9086,1.6274,1.2702,2.1953,3.5988,2.8089,0.285,0.9509,0.0893,0.8698,openmesh 2024-01-06 19
openmesh,pycomlink line,pws,,4640,1.2791,2.8184,1.5393,1.2035,2.1063,3.4007,2.6587,0.3027,0.961,0.086,0.8813,openmesh 2024-01-06 19
openmesh,pycomlink gmz,pws,,4640,1.2791,2.9083,1.6292,1.2737,2.1757,3.5659,2.7878,0.2957,0.9576,0.0867,0.8778,openmesh 2024-01-06 19
openmesh,nearby idw,pws,,4620,1.2812,3.4077,2.1265,1.6597,2.3883,4.0873,3.1901,0.3896,0.9561,0.0861,0.8771,openmesh 2024-01-06 19
openmesh,nearby line,pws,,4640,1.2791,3.2943,2.0152,1.5755,2.2954,3.9283,3.0711,0.3955,0.9592,0.0859,0.8799,openmesh 2024-01-06 19
openmesh,nearby gmz,pws,,4640,1.2791,3.3791,2.1,1.6418,2.3768,4.0979,3.2038,0.3893,0.9501,0.0865,0.8717,openmesh 2024-01-06 19
openmesh,rnn idw,pws,,4620,1.2812,1.8949,0.6137,0.479,0.9338,1.3579,1.0598,0.5621,0.9828,0.0685,0.9165,openmesh 2024-01-06 19
openmesh,rnn line,pws,,4640,1.2791,1.9171,0.638,0.4988,0.9383,1.3545,1.059,0.5713,0.9826,0.0685,0.9164,openmesh 2024-01-06 19
openmesh,rnn gmz,pws,,4640,1.2791,1.9109,0.6318,0.4939,0.9343,1.354,1.0586,0.5708,0.9813,0.0686,0.9152,openmesh 2024-01-06 19
openmesh,pws,radar,2.0,2869,3.0739,2.8834,-0.1905,-0.062,0.5398,0.9751,0.3172,0.9481,0.9569,0.0539,0.9074,openmesh 2024-01-09 16
openmesh,dynamic idw,radar,2.0,2869,3.0739,3.7013,0.6274,0.2041,2.1585,3.0076,0.9784,0.5052,0.9953,0.1667,0.83,openmesh 2024-01-09 16
openmesh,dynamic line,radar,2.0,2869,3.0739,3.5154,0.4415,0.1436,2.0934,2.9384,0.9559,0.5046,0.9941,0.1639,0.8319,openmesh 2024-01-09 16
openmesh,dynamic gmz,radar,2.0,2869,3.0739,3.5653,0.4914,0.1598,2.197,3.0753,1.0004,0.4828,0.9924,0.1645,0.8302,openmesh 2024-01-09 16
openmesh,constant idw,radar,2.0,2869,3.0739,2.1748,-0.8991,-0.2925,2.1243,3.0836,1.0031,0.5419,0.8715,0.0223,0.8545,openmesh 2024-01-09 16
openmesh,constant line,radar,2.0,2869,3.0739,2.2498,-0.8241,-0.2681,2.0603,3.036,0.9877,0.5497,0.8732,0.0232,0.8554,openmesh 2024-01-09 16
openmesh,constant gmz,radar,2.0,2869,3.0739,2.3162,-0.7577,-0.2465,2.0528,3.0422,0.9897,0.5524,0.8757,0.0245,0.8568,openmesh 2024-01-09 16
openmesh,pycomlink idw,radar,2.0,2869,3.0739,0.5652,-2.5087,-0.8161,2.5157,3.4851,1.1338,0.6609,0.6854,0.0,0.6854,openmesh 2024-01-09 16
openmesh,pycomlink line,radar,2.0,2869,3.0739,0.5598,-2.5141,-0.8179,2.5212,3.4993,1.1384,0.6533,0.6829,0.0,0.6829,openmesh 2024-01-09 16
openmesh,pycomlink gmz,radar,2.0,2869,3.0739,0.5892,-2.4847,-0.8083,2.4995,3.4789,1.1317,0.6269,0.6858,0.0,0.6858,openmesh 2024-01-09 16
openmesh,nearby idw,radar,2.0,2858,3.0857,1.902,-1.1837,-0.3836,1.6466,2.4019,0.7784,0.6982,0.9133,0.0518,0.8699,openmesh 2024-01-09 16
openmesh,nearby line,radar,2.0,2858,3.0857,1.8947,-1.191,-0.386,1.6153,2.3945,0.776,0.7006,0.9154,0.0492,0.874,openmesh 2024-01-09 16
openmesh,nearby gmz,radar,2.0,2858,3.0857,1.9337,-1.152,-0.3733,1.6444,2.4639,0.7985,0.672,0.9146,0.0488,0.8736,openmesh 2024-01-09 16
openmesh,rnn idw,radar,2.0,2869,3.0739,2.3764,-0.6975,-0.2269,1.258,1.902,0.6188,0.8095,0.9235,0.0041,0.92,openmesh 2024-01-09 16
openmesh,rnn line,radar,2.0,2869,3.0739,2.4328,-0.6411,-0.2086,1.2987,1.9266,0.6268,0.7933,0.9349,0.0058,0.9298,openmesh 2024-01-09 16
openmesh,rnn gmz,radar,2.0,2869,3.0739,2.4337,-0.6402,-0.2083,1.3118,1.9614,0.6381,0.7795,0.9383,0.0107,0.9288,openmesh 2024-01-09 16
openmesh,dynamic idw,pws,2.0,2869,2.8834,3.7013,0.8179,0.2837,2.2978,3.2795,1.1374,0.4412,0.9962,0.1565,0.8409,openmesh 2024-01-09 16
openmesh,dynamic line,pws,2.0,2869,2.8834,3.5154,0.632,0.2192,2.2104,3.2074,1.1124,0.4386,0.9954,0.1533,0.8434,openmesh 2024-01-09 16
openmesh,dynamic gmz,pws,2.0,2869,2.8834,3.5653,0.6819,0.2365,2.3018,3.3236,1.1527,0.4241,0.9937,0.1538,0.8417,openmesh 2024-01-09 16
openmesh,constant idw,pws,2.0,2869,2.8834,2.1748,-0.7086,-0.2457,2.1235,3.3537,1.1631,0.4484,0.8696,0.0133,0.8595,openmesh 2024-01-09 16
openmesh,constant line,pws,2.0,2869,2.8834,2.2498,-0.6336,-0.2197,2.0596,3.3127,1.1489,0.4564,0.8721,0.0132,0.862,openmesh 2024-01-09 16
openmesh,constant gmz,pws,2.0,2869,2.8834,2.3162,-0.5672,-0.1967,2.0594,3.3241,1.1529,0.4598,0.8742,0.0151,0.8626,openmesh 2024-01-09 16
openmesh,pycomlink idw,pws,2.0,2869,2.8834,0.5652,-2.3182,-0.804,2.3436,3.469,1.2031,0.5946,0.6768,0.0012,0.6763,openmesh 2024-01-09 16
openmesh,pycomlink line,pws,2.0,2869,2.8834,0.5598,-2.3236,-0.8059,2.3494,3.4801,1.2069,0.5903,0.6743,0.0012,0.6738,openmesh 2024-01-09 16
openmesh,pycomlink gmz,pws,2.0,2869,2.8834,0.5892,-2.2942,-0.7957,2.3291,3.4618,1.2006,0.567,0.6773,0.0012,0.6767,openmesh 2024-01-09 16
openmesh,nearby idw,pws,2.0,2858,2.8927,1.902,-0.9908,-0.3425,1.5345,2.4145,0.8347,0.6831,0.9017,0.0575,0.8547,openmesh 2024-01-09 16
openmesh,nearby line,pws,2.0,2858,2.8927,1.8947,-0.998,-0.345,1.5003,2.4113,0.8336,0.6839,0.903,0.0558,0.8573,openmesh 2024-01-09 16
openmesh,nearby gmz,pws,2.0,2858,2.8927,1.9337,-0.959,-0.3315,1.5289,2.4702,0.8539,0.6606,0.9005,0.0572,0.8538,openmesh 2024-01-09 16
openmesh,rnn idw,pws,2.0,2869,2.8834,2.3764,-0.507,-0.1758,1.36,2.106,0.7304,0.7413,0.8896,0.0296,0.8661,openmesh 2024-01-09 16
openmesh,rnn line,pws,2.0,2869,2.8834,2.4328,-0.4506,-0.1563,1.397,2.129,0.7384,0.7274,0.8997,0.0324,0.8734,openmesh 2024-01-09 16
openmesh,rnn gmz,pws,2.0,2869,2.8834,2.4337,-0.4497,-0.156,1.4093,2.16,0.7491,0.7147,0.903,0.037,0.8727,openmesh 2024-01-09 16
openmesh,pws,radar,,8816,3.1953,2.7894,-0.4059,-0.127,0.7163,1.1827,0.3701,0.9309,0.9676,0.0922,0.881,openmesh 2024-01-09 16
openmesh,dynamic idw,radar,,8778,3.1947,3.9721,0.7773,0.2433,2.3987,3.2389,1.0138,0.4781,0.9875,0.1625,0.8287,openmesh 2024-01-09 16
openmesh,dynamic line,radar,,8816,3.1953,3.8191,0.6238,0.1952,2.3581,3.2036,1.0026,0.4721,0.9878,0.1597,0.8317,openmesh 2024-01-09 16
openmesh,dynamic gmz,radar,,8816,3.1953,3.8543,0.659,0.2062,2.44,3.2966,1.0317,0.4561,0.9838,0.1637,0.825,openmesh 2024-01-09 16
openmesh,constant idw,radar,,8778,3.1947,2.9236,-0.2712,-0.0849,2.2912,3.3453,1.0471,0.5362,0.9194,0.04,0.8855,openmesh 2024-01-09 16
openmesh,constant line,radar,,8816,3.1953,2.9573,-0.238,-0.0745,2.2543,3.3155,1.0376,0.5399,0.924,0.0411,0.8888,openmesh 2024-01-09 16
openmesh,constant gmz,radar,,8816,3.1953,3.0159,-0.1794,-0.0562,2.2219,3.2937,1.0308,0.5475,0.9257,0.0425,0.8891,openmesh 2024-01-09 16
openmesh,pycomlink idw,radar,,8778,3.1947,0.6177,-2.5771,-0.8067,2.5873,3.6196,1.133,0.6686,0.7102,0.0,0.7102,openmesh 2024-01-09 16
openmesh,pycomlink line,radar,,8816,3.1953,0.6064,-2.5889,-0.8102,2.5991,3.6375,1.1384,0.6689,0.7149,0.0,0.7149,openmesh 2024-01-09 16
openmesh,pycomlink gmz,radar,,8816,3.1953,0.6376,-2.5577,-0.8004,2.5704,3.6096,1.1296,0.6581,0.7149,0.0,0.7149,openmesh 2024-01-09 16
openmesh,nearby idw,radar,,8705,3.2215,2.0386,-1.1829,-0.3672,1.8648,2.7692,0.8596,0.5922,0.9144,0.0589,0.8649,openmesh 2024-01-09 16
openmesh,nearby line,radar,,8745,3.2213,2.011,-1.2103,-0.3757,1.8507,2.7629,0.8577,0.5944,0.9178,0.0582,0.8685,openmesh 2024-01-09 16
openmesh,nearby gmz,radar,,8745,3.2213,2.0409,-1.1804,-0.3664,1.8576,2.7831,0.864,0.5845,0.9156,0.0608,0.8644,openmesh 2024-01-09 16
openmesh,rnn idw,radar,,8778,3.1947,2.3298,-0.8649,-0.2707,1.3724,2.1606,0.6763,0.7793,0.9362,0.0133,0.9245,openmesh 2024-01-09 16
openmesh,rnn line,radar,,8816,3.1953,2.3697,-0.8257,-0.2584,1.3968,2.1716,0.6796,0.7692,0.9417,0.0142,0.9291,openmesh 2024-01-09 16
openmesh,rnn gmz,radar,,8816,3.1953,2.3671,-0.8283,-0.2592,1.4088,2.1927,0.6862,0.7609,0.9466,0.0217,0.9271,openmesh 2024-01-09 16
openmesh,dynamic idw,pws,,8778,2.7932,3.9721,1.1788,0.422,2.4694,3.3896,1.2135,0.4359,0.9935,0.1024,0.8923,openmesh 2024-01-09 16
openmesh,dynamic line,pws,,8816,2.7894,3.8191,1.0297,0.3692,2.4006,3.3381,1.1967,0.4286,0.9945,0.0982,0.8974,openmesh 2024-01-09 16
openmesh,dynamic gmz,pws,,8816,2.7894,3.8543,1.0649,0.3818,2.4747,3.4177,1.2253,0.4187,0.9891,0.1038,0.8875,openmesh 2024-01-09 16
openmesh,constant idw,pws,,8778,2.7932,2.9236,0.1304,0.0467,2.2417,3.5044,1.2546,0.4668,0.8872,0.0132,0.8768,openmesh 2024-01-09 16
openmesh,constant line,pws,,8816,2.7894,2.9573,0.1679,0.0602,2.1994,3.4766,1.2463,0.4712,0.8918,0.0135,0.8811,openmesh 2024-01-09 16
openmesh,constant gmz,pws,,8816,2.7894,3.0159,0.2265,0.0812,2.187,3.4711,1.2444,0.4769,0.8937,0.0147,0.8819,openmesh 2024-01-09 16
openmesh,pycomlink idw,pws,,8778,2.7932,0.6177,-2.1755,-0.7789,2.2096,3.2553,1.1654,0.6135,0.6664,0.0004,0.6662,openmesh 2024-01-09 16
openmesh,pycomlink line,pws,,8816,2.7894,0.6064,-2.183,-0.7826,2.2155,3.2671,1.1713,0.6139,0.6704,0.0004,0.6703,openmesh 2024-01-09 16
openmesh,pycomlink gmz,pws,,8816,2.7894,0.6376,-2.1518,-0.7714,2.1919,3.2448,1.1632,0.6008,0.6704,0.0004,0.6703,openmesh 2024-01-09 16
openmesh,nearby idw,pws,,8705,2.8144,2.0386,-0.7758,-0.2756,1.6333,2.5407,0.9027,0.5811,0.8745,0.0501,0.836,openmesh 2024-01-09 16
openmesh,nearby line,pws,,8745,2.8099,2.011,-0.7989,-0.2843,1.6116,2.5321,0.9011,0.5797,0.8772,0.0491,0.8392,openmesh 2024-01-09 16
openmesh,nearby gmz,pws,,8745,2.8099,2.0409,-0.769,-0.2737,1.6216,2.5461,0.9061,0.5751,0.8749,0.052,0.8348,openmesh 2024-01-09 16
openmesh,rnn idw,pws,,8778,2.7932,2.3298,-0.4634,-0.1659,1.325,2.0397,0.7302,0.7232,0.8736,0.0192,0.8589,openmesh 2024-01-09 16
openmesh,rnn line,pws,,8816,2.7894,2.3697,-0.4197,-0.1505,1.3473,2.0512,0.7353,0.7148,0.8779,0.0204,0.8622,openmesh 2024-01-09 16
openmesh,rnn gmz,pws,,8816,2.7894,2.3671,-0.4223,-0.1514,1.3565,2.071,0.7425,0.707,0.8873,0.0226,0.8694,openmesh 2024-01-09 16
openmesh,pws,radar,2.0,2220,1.7982,1.7986,0.0004,0.0002,0.4325,1.0211,0.5679,0.9369,0.954,0.2283,0.744,openmesh 2024-01-13 03
openmesh,dynamic idw,radar,2.0,2220,1.7982,4.2408,2.4426,1.3584,2.5864,3.9805,2.2137,0.8327,0.9973,0.4859,0.5134,openmesh 2024-01-13 03
openmesh,dynamic line,radar,2.0,2220,1.7982,3.9571,2.1589,1.2006,2.3316,3.6737,2.043,0.8303,0.9982,0.4821,0.5174,openmesh 2024-01-13 03
openmesh,dynamic gmz,radar,2.0,2220,1.7982,4.0457,2.2476,1.2499,2.4836,3.9066,2.1726,0.8105,0.9965,0.4821,0.517,openmesh 2024-01-13 03
openmesh,constant idw,radar,2.0,2220,1.7982,1.9521,0.1539,0.0856,0.9782,2.0883,1.1614,0.8242,0.8558,0.2702,0.6499,openmesh 2024-01-13 03
openmesh,constant line,radar,2.0,2220,1.7982,1.8892,0.0911,0.0506,0.9452,1.9806,1.1014,0.8241,0.8575,0.2654,0.6547,openmesh 2024-01-13 03
openmesh,constant gmz,radar,2.0,2220,1.7982,1.9517,0.1535,0.0854,1.0024,2.0992,1.1674,0.8178,0.8611,0.2695,0.6535,openmesh 2024-01-13 03
openmesh,pycomlink idw,radar,2.0,2220,1.7982,1.7376,-0.0606,-0.0337,0.8499,1.7965,0.9991,0.8294,0.792,0.1394,0.702,openmesh 2024-01-13 03
openmesh,pycomlink line,radar,2.0,2220,1.7982,1.6792,-0.119,-0.0662,0.8304,1.7123,0.9523,0.8323,0.7956,0.1372,0.7062,openmesh 2024-01-13 03
openmesh,pycomlink gmz,radar,2.0,2220,1.7982,1.7255,-0.0726,-0.0404,0.8733,1.8099,1.0065,0.8235,0.7947,0.1382,0.7049,openmesh 2024-01-13 03
openmesh,nearby idw,radar,2.0,2220,1.7982,1.7395,-0.0587,-0.0326,0.7866,1.6145,0.8979,0.8523,0.9673,0.2935,0.69,openmesh 2024-01-13 03
openmesh,nearby line,radar,2.0,2220,1.7982,1.6391,-0.159,-0.0884,0.7697,1.5744,0.8755,0.8478,0.9673,0.28,0.7029,openmesh 2024-01-13 03
openmesh,nearby gmz,radar,2.0,2220,1.7982,1.6762,-0.1219,-0.0678,0.8145,1.6791,0.9338,0.8328,0.9628,0.2875,0.6934,openmesh 2024-01-13 03
openmesh,rnn idw,radar,2.0,2220,1.7982,2.3809,0.5827,0.3241,0.9311,1.3084,0.7276,0.9086,1.0,0.4071,0.5929,openmesh 2024-01-13 03
openmesh,rnn line,radar,2.0,2220,1.7982,2.459,0.6609,0.3675,1.0069,1.4063,0.7821,0.8973,1.0,0.4053,0.5947,openmesh 2024-01-13 03
openmesh,rnn gmz,radar,2.0,2220,1.7982,2.4575,0.6594,0.3667,1.0297,1.4857,0.8262,0.8822,0.9991,0.4061,0.5936,openmesh 2024-01-13 03
openmesh,dynamic idw,pws,2.0,2220,1.7986,4.2408,2.4422,1.3579,2.7022,4.2091,2.3402,0.7591,0.9857,0.3718,0.6225,openmesh 2024-01-13 03
openmesh,dynamic line,pws,2.0,2220,1.7986,3.9571,2.1585,1.2001,2.4363,3.8949,2.1655,0.762,0.985,0.3682,0.6257,openmesh 2024-01-13 03
openmesh,dynamic gmz,pws,2.0,2220,1.7986,4.0457,2.2471,1.2494,2.5615,4.0947,2.2766,0.7499,0.9843,0.3675,0.6261,openmesh 2024-01-13 03
openmesh,constant idw,pws,2.0,2220,1.7986,1.9521,0.1535,0.0853,1.1214,2.5131,1.3973,0.7309,0.8182,0.1374,0.7239,openmesh 2024-01-13 03
openmesh,constant line,pws,2.0,2220,1.7986,1.8892,0.0906,0.0504,1.0447,2.3946,1.3314,0.7349,0.8146,0.1372,0.7212,openmesh 2024-01-13 03
openmesh,constant gmz,pws,2.0,2220,1.7986,1.9517,0.1531,0.0851,1.0871,2.4767,1.377,0.735,0.8203,0.1396,0.7239,openmesh 2024-01-13 03
openmesh,pycomlink idw,pws,2.0,2220,1.7986,1.7376,-0.061,-0.0339,1.0052,2.2355,1.2429,0.7369,0.7287,0.0212,0.7174,openmesh 2024-01-13 03
openmesh,pycomlink line,pws,2.0,2220,1.7986,1.6792,-0.1194,-0.0664,0.9443,2.1376,1.1885,0.744,0.7309,0.0202,0.72,openmesh 2024-01-13 03
openmesh,pycomlink gmz,pws,2.0,2220,1.7986,1.7255,-0.073,-0.0406,0.9756,2.1976,1.2219,0.7423,0.728,0.024,0.7152,openmesh 2024-01-13 03
openmesh,nearby idw,pws,2.0,2220,1.7986,1.7395,-0.0591,-0.0329,0.9181,2.0252,1.126,0.7716,0.8855,0.2004,0.7247,openmesh 2024-01-13 03
openmesh,nearby line,pws,2.0,2220,1.7986,1.6391,-0.1595,-0.0887,0.8795,1.9758,1.0985,0.7681,0.8862,0.1845,0.7382,openmesh 2024-01-13 03
openmesh,nearby gmz,pws,2.0,2220,1.7986,1.6762,-0.1224,-0.068,0.9129,2.0374,1.1328,0.7607,0.8833,0.1919,0.7302,openmesh 2024-01-13 03
openmesh,rnn idw,pws,2.0,2220,1.7986,2.3809,0.5823,0.3238,1.079,1.6601,0.923,0.8466,0.9599,0.2964,0.6835,openmesh 2024-01-13 03
openmesh,rnn line,pws,2.0,2220,1.7986,2.459,0.6604,0.3672,1.137,1.7166,0.9544,0.8411,0.9599,0.2942,0.6856,openmesh 2024-01-13 03
openmesh,rnn gmz,pws,2.0,2220,1.7986,2.4575,0.6589,0.3664,1.1606,1.7797,0.9895,0.8273,0.9592,0.2951,0.6844,openmesh 2024-01-13 03
openmesh,pws,radar,,6960,1.7483,1.7805,0.0321,0.0184,0.5116,1.1054,0.6323,0.9239,0.9701,0.2846,0.7,openmesh 2024-01-13 03
openmesh,dynamic idw,radar,,6930,1.7488,4.2641,2.5153,1.4383,2.6715,3.9246,2.2441,0.8551,0.995,0.4925,0.5062,openmesh 2024-01-13 03
openmesh,dynamic line,radar,,6960,1.7483,4.0492,2.3008,1.316,2.4737,3.7111,2.1226,0.848,0.9971,0.494,0.5053,openmesh 2024-01-13 03
openmesh,dynamic gmz,radar,,6960,1.7483,4.1039,2.3556,1.3473,2.5963,3.8707,2.2139,0.8293,0.9936,0.494,0.5043,openmesh 2024-01-13 03
openmesh,constant idw,radar,,6930,1.7488,2.0677,0.3189,0.1824,1.0552,2.1238,1.2144,0.827,0.8646,0.2858,0.6424,openmesh 2024-01-13 03
openmesh,constant line,radar,,6960,1.7483,2.0211,0.2728,0.156,1.018,2.0521,1.1738,0.8253,0.8667,0.2864,0.643,openmesh 2024-01-13 03
openmesh,constant gmz,radar,,6960,1.7483,2.0474,0.299,0.171,1.0685,2.1437,1.2261,0.8174,0.867,0.2894,0.6408,openmesh 2024-01-13 03
openmesh,pycomlink idw,radar,,6930,1.7488,1.7997,0.0509,0.0291,0.8369,1.7176,0.9821,0.8419,0.8165,0.1549,0.7102,openmesh 2024-01-13 03
openmesh,pycomlink line,radar,,6960,1.7483,1.7555,0.0071,0.0041,0.8142,1.6615,0.9503,0.8419,0.8194,0.1548,0.7124,openmesh 2024-01-13 03
openmesh,pycomlink gmz,radar,,6960,1.7483,1.7688,0.0205,0.0117,0.8499,1.7442,0.9976,0.8324,0.8127,0.1503,0.7106,openmesh 2024-01-13 03
openmesh,nearby idw,radar,,6930,1.7488,1.8449,0.0961,0.055,0.82,1.7096,0.9776,0.849,0.9659,0.3046,0.6788,openmesh 2024-01-13 03
openmesh,nearby line,radar,,6960,1.7483,1.754,0.0056,0.0032,0.8087,1.681,0.9615,0.8396,0.966,0.2996,0.6836,openmesh 2024-01-13 03
openmesh,nearby gmz,radar,,6960,1.7483,1.7669,0.0185,0.0106,0.8495,1.7586,1.0059,0.8282,0.9617,0.3039,0.6773,openmesh 2024-01-13 03
openmesh,rnn idw,radar,,6930,1.7488,2.3108,0.562,0.3214,0.8181,1.1581,0.6622,0.9241,1.0,0.414,0.586,openmesh 2024-01-13 03
openmesh,rnn line,radar,,6960,1.7483,2.373,0.6246,0.3573,0.8725,1.2286,0.7027,0.9174,1.0,0.4141,0.5859,openmesh 2024-01-13 03
openmesh,rnn gmz,radar,,6960,1.7483,2.3657,0.6173,0.3531,0.8804,1.2598,0.7206,0.911,0.9997,0.4145,0.5854,openmesh 2024-01-13 03
openmesh,dynamic idw,pws,,6930,1.7843,4.2641,2.4798,1.3898,2.7717,4.0949,2.2949,0.776,0.9789,0.3221,0.6681,openmesh 2024-01-13 03
openmesh,dynamic line,pws,,6960,1.7805,4.0492,2.2687,1.2742,2.5877,3.8927,2.1863,0.7701,0.9805,0.3252,0.6658,openmesh 2024-01-13 03
openmesh,dynamic gmz,pws,,6960,1.7805,4.1039,2.3235,1.305,2.6877,4.0284,2.2626,0.7577,0.9777,0.3249,0.6649,openmesh 2024-01-13 03
openmesh,constant idw,pws,,6930,1.7843,2.0677,0.2834,0.1588,1.1742,2.4237,1.3583,0.7556,0.7858,0.1188,0.7105,openmesh 2024-01-13 03
openmesh,constant line,pws,,6960,1.7805,2.0211,0.2407,0.1352,1.1227,2.3542,1.3223,0.7557,0.7865,0.1219,0.7091,openmesh 2024-01-13 03
openmesh,constant gmz,pws,,6960,1.7805,2.0474,0.2669,0.1499,1.163,2.4167,1.3574,0.7525,0.7897,0.1223,0.7114,openmesh 2024-01-13 03
openmesh,pycomlink idw,pws,,6930,1.7843,1.7997,0.0154,0.0086,0.9777,2.0766,1.1638,0.7702,0.6923,0.0272,0.6792,openmesh 2024-01-13 03
openmesh,pycomlink line,pws,,6960,1.7805,1.7555,-0.025,-0.014,0.937,2.0226,1.136,0.7719,0.6957,0.027,0.6826,openmesh 2024-01-13 03
openmesh,pycomlink gmz,pws,,6960,1.7805,1.7688,-0.0116,-0.0065,0.9669,2.0728,1.1642,0.7673,0.6857,0.0279,0.6724,openmesh 2024-01-13 03
openmesh,nearby idw,pws,,6930,1.7843,1.8449,0.0606,0.034,0.9284,1.9726,1.1055,0.7976,0.8169,0.2014,0.6774,openmesh 2024-01-13 03
openmesh,nearby line,pws,,6960,1.7805,1.754,-0.0265,-0.0149,0.9135,1.9742,1.1088,0.7842,0.8191,0.1947,0.6836,openmesh 2024-01-13 03
openmesh,nearby gmz,pws,,6960,1.7805,1.7669,-0.0136,-0.0076,0.9477,2.0238,1.1367,0.7773,0.8169,0.1982,0.6797,openmesh 2024-01-13 03
openmesh,rnn idw,pws,,6930,1.7843,2.3108,0.5265,0.2951,1.0775,1.681,0.9421,0.8344,0.9315,0.259,0.7027,openmesh 2024-01-13 03
openmesh,rnn line,pws,,6960,1.7805,2.373,0.5925,0.3328,1.1199,1.7198,0.966,0.8304,0.9319,0.2596,0.7024,openmesh 2024-01-13 03
openmesh,rnn gmz,pws,,6960,1.7805,2.3657,0.5852,0.3287,1.1312,1.7497,0.9827,0.8228,0.9319,0.2599,0.7022,openmesh 2024-01-13 03
openmesh,pws,radar,2.0,2567,0.7326,0.0521,-0.6805,-0.9289,0.6905,1.0011,1.3665,0.2557,0.1787,0.0503,0.177,openmesh 2024-01-16 04
openmesh,dynamic idw,radar,2.0,2567,0.7326,2.5483,1.8157,2.4784,1.8857,2.7367,3.7355,0.5084,0.9924,0.173,0.8218,openmesh 2024-01-16 04
openmesh,dynamic line,radar,2.0,2567,0.7326,2.3216,1.589,2.1689,1.6724,2.47,3.3715,0.5172,0.9901,0.172,0.8212,openmesh 2024-01-16 04
openmesh,dynamic gmz,radar,2.0,2567,0.7326,2.3992,1.6666,2.2749,1.7611,2.6333,3.5945,0.4852,0.9882,0.1729,0.819,openmesh 2024-01-16 04
openmesh,constant idw,radar,2.0,2567,0.7326,0.4363,-0.2963,-0.4045,0.5651,0.8106,1.1065,0.5482,0.3972,0.03,0.3923,openmesh 2024-01-16 04
openmesh,constant line,radar,2.0,2567,0.7326,0.4353,-0.2973,-0.4059,0.5584,0.7867,1.0738,0.5634,0.3962,0.029,0.3916,openmesh 2024-01-16 04
openmesh,constant gmz,radar,2.0,2567,0.7326,0.4546,-0.278,-0.3795,0.5719,0.8315,1.1349,0.5388,0.4024,0.0296,0.3975,openmesh 2024-01-16 04
openmesh,pycomlink idw,radar,2.0,2567,0.7326,0.1646,-0.5681,-0.7754,0.6056,0.8317,1.1352,0.5995,0.2303,0.0451,0.2278,openmesh 2024-01-16 04
openmesh,pycomlink line,radar,2.0,2567,0.7326,0.1522,-0.5804,-0.7922,0.6105,0.8354,1.1403,0.6104,0.2236,0.0425,0.2214,openmesh 2024-01-16 04
openmesh,pycomlink gmz,radar,2.0,2567,0.7326,0.1625,-0.5702,-0.7783,0.6061,0.832,1.1357,0.6011,0.2293,0.0509,0.2265,openmesh 2024-01-16 04
openmesh,nearby idw,radar,2.0,2567,0.7326,0.6603,-0.0723,-0.0987,0.7727,1.0755,1.468,0.2933,0.4066,0.2096,0.3671,openmesh 2024-01-16 04
openmesh,nearby line,radar,2.0,2567,0.7326,0.6166,-0.116,-0.1583,0.7391,0.9781,1.3351,0.3243,0.408,0.2112,0.3679,openmesh 2024-01-16 04
openmesh,nearby gmz,radar,2.0,2567,0.7326,0.6335,-0.0991,-0.1352,0.7556,1.0192,1.3913,0.3059,0.4076,0.2106,0.3676,openmesh 2024-01-16 04
openmesh,rnn idw,radar,2.0,2567,0.7326,1.3578,0.6252,0.8534,1.1414,1.6371,2.2346,0.6632,0.4047,0.1955,0.3685,openmesh 2024-01-16 04
openmesh,rnn line,radar,2.0,2567,0.7326,1.3491,0.6165,0.8415,1.1336,1.623,2.2154,0.6676,0.4028,0.1962,0.3668,openmesh 2024-01-16 04
openmesh,rnn gmz,radar,2.0,2567,0.7326,1.3474,0.6148,0.8392,1.1325,1.63,2.2249,0.6646,0.4043,0.1957,0.3681,openmesh 2024-01-16 04
openmesh,dynamic idw,pws,2.0,2567,0.0521,2.5483,2.4962,47.8979,2.4966,3.3894,65.0366,0.2537,0.9975,0.8436,0.1564,openmesh 2024-01-16 04
openmesh,dynamic line,pws,2.0,2567,0.0521,2.3216,2.2695,43.5477,2.2698,3.1165,59.8017,0.2492,0.9975,0.843,0.1569,openmesh 2024-01-16 04
openmesh,dynamic gmz,pws,2.0,2567,0.0521,2.3992,2.3471,45.0366,2.3477,3.2608,62.5704,0.2467,0.9975,0.8429,0.157,openmesh 2024-01-16 04
openmesh,constant idw,pws,2.0,2567,0.0521,0.4363,0.3841,7.3712,0.4043,0.8744,16.7788,0.3465,0.8744,0.5982,0.3799,openmesh 2024-01-16 04
openmesh,constant line,pws,2.0,2567,0.0521,0.4353,0.3831,7.3519,0.4035,0.85,16.3095,0.3551,0.8794,0.5944,0.3842,openmesh 2024-01-16 04
openmesh,constant gmz,pws,2.0,2567,0.0521,0.4546,0.4025,7.7232,0.4235,0.9164,17.5848,0.3433,0.8719,0.6043,0.3739,openmesh 2024-01-16 04
openmesh,pycomlink idw,pws,2.0,2567,0.0521,0.1646,0.1124,2.1575,0.1678,0.5067,9.7232,0.0872,0.4749,0.6294,0.2629,openmesh 2024-01-16 04
openmesh,pycomlink line,pws,2.0,2567,0.0521,0.1522,0.1001,1.9207,0.1581,0.4647,8.9165,0.0821,0.4397,0.6457,0.2441,openmesh 2024-01-16 04
openmesh,pycomlink gmz,pws,2.0,2567,0.0521,0.1625,0.1103,2.1172,0.1674,0.4939,9.4781,0.0828,0.4523,0.6477,0.2469,openmesh 2024-01-16 04
openmesh,nearby idw,pws,2.0,2567,0.0521,0.6603,0.6082,11.6699,0.6109,1.1353,21.7848,0.432,0.9925,0.6369,0.3621,openmesh 2024-01-16 04
openmesh,nearby line,pws,2.0,2567,0.0521,0.6166,0.5645,10.8317,0.5668,1.0157,19.4893,0.4494,1.0,0.6362,0.3638,openmesh 2024-01-16 04
openmesh,nearby gmz,pws,2.0,2567,0.0521,0.6335,0.5814,11.1563,0.5843,1.0626,20.3898,0.4386,0.9975,0.6364,0.3632,openmesh 2024-01-16 04
openmesh,rnn idw,pws,2.0,2567,0.0521,1.3578,1.3057,25.0546,1.3057,2.2551,43.2725,0.4783,1.0,0.6259,0.3741,openmesh 2024-01-16 04
openmesh,rnn line,pws,2.0,2567,0.0521,1.3491,1.2969,24.8863,1.2969,2.2434,43.0464,0.48,1.0,0.6245,0.3755,openmesh 2024-01-16 04
openmesh,rnn gmz,pws,2.0,2567,0.0521,1.3474,1.2953,24.8545,1.2953,2.2469,43.1152,0.4806,1.0,0.6256,0.3744,openmesh 2024-01-16 04
openmesh,pws,radar,,7888,0.7306,0.0629,-0.6677,-0.9139,0.6775,0.9805,1.342,0.3121,0.2066,0.07,0.2034,openmesh 2024-01-16 04
openmesh,dynamic idw,radar,,7854,0.7297,2.4924,1.7628,2.4159,1.8758,2.5583,3.5062,0.5258,0.9703,0.1794,0.8005,openmesh 2024-01-16 04
openmesh,dynamic line,radar,,7888,0.7306,2.3205,1.5898,2.1759,1.7117,2.3515,3.2184,0.5268,0.9759,0.177,0.8066,openmesh 2024-01-16 04
openmesh,dynamic gmz,radar,,7888,0.7306,2.387,1.6563,2.2669,1.7838,2.465,3.3738,0.5041,0.9722,0.1769,0.8042,openmesh 2024-01-16 04
openmesh,constant idw,radar,,7854,0.7297,0.4175,-0.3122,-0.4278,0.5457,0.7556,1.0355,0.5697,0.4056,0.0498,0.3971,openmesh 2024-01-16 04
openmesh,constant line,radar,,7888,0.7306,0.4173,-0.3134,-0.4289,0.5424,0.7418,1.0152,0.5804,0.4071,0.0462,0.3992,openmesh 2024-01-16 04
openmesh,constant gmz,radar,,7888,0.7306,0.4341,-0.2966,-0.4059,0.5505,0.7658,1.0481,0.5622,0.4177,0.0495,0.4088,openmesh 2024-01-16 04
openmesh,pycomlink idw,radar,,7854,0.7297,0.1545,-0.5751,-0.7882,0.5929,0.8074,1.1066,0.6631,0.2265,0.034,0.2247,openmesh 2024-01-16 04
openmesh,pycomlink line,radar,,7888,0.7306,0.1446,-0.586,-0.8021,0.6005,0.8152,1.1157,0.6732,0.2223,0.0299,0.2208,openmesh 2024-01-16 04
openmesh,pycomlink gmz,radar,,7888,0.7306,0.1549,-0.5757,-0.788,0.5932,0.8068,1.1042,0.668,0.2274,0.0343,0.2256,openmesh 2024-01-16 04
openmesh,nearby idw,radar,,7854,0.7297,0.6181,-0.1115,-0.1529,0.7327,0.979,1.3417,0.3286,0.4377,0.1788,0.3997,openmesh 2024-01-16 04
openmesh,nearby line,radar,,7888,0.7306,0.5808,-0.1498,-0.2051,0.7035,0.9054,1.2392,0.3577,0.4381,0.1787,0.3999,openmesh 2024-01-16 04
openmesh,nearby gmz,radar,,7888,0.7306,0.5916,-0.139,-0.1903,0.7161,0.9316,1.2751,0.3399,0.4388,0.1782,0.4007,openmesh 2024-01-16 04
openmesh,rnn idw,radar,,7854,0.7297,1.2851,0.5555,0.7612,1.0711,1.5542,2.13,0.6532,0.4295,0.1526,0.3986,openmesh 2024-01-16 04
openmesh,rnn line,radar,,7888,0.7306,1.2755,0.5449,0.7457,1.0621,1.5372,2.1039,0.6567,0.4284,0.1523,0.3978,openmesh 2024-01-16 04
openmesh,rnn gmz,radar,,7888,0.7306,1.2748,0.5442,0.7448,1.0626,1.5418,2.1102,0.6545,0.429,0.1521,0.3984,openmesh 2024-01-16 04
openmesh,dynamic idw,pws,,7854,0.0628,2.4924,2.4296,38.6667,2.4308,3.2048,51.0033,0.3187,0.9901,0.8141,0.1855,openmesh 2024-01-16 04
openmesh,dynamic line,pws,,7888,0.0629,2.3205,2.2575,35.8667,2.2586,2.9929,47.5509,0.295,0.9951,0.8136,0.1862,openmesh 2024-01-16 04
openmesh,dynamic gmz,pws,,7888,0.0629,2.387,2.324,36.9231,2.3252,3.0957,49.1831,0.2862,0.9937,0.8131,0.1867,openmesh 2024-01-16 04
openmesh,constant idw,pws,,7854,0.0628,0.4175,0.3547,5.6443,0.3776,0.7616,12.1205,0.4535,0.8198,0.5736,0.3899,openmesh 2024-01-16 04
openmesh,constant line,pws,,7888,0.0629,0.4173,0.3543,5.6292,0.3758,0.7448,11.8328,0.465,0.8279,0.5692,0.3954,openmesh 2024-01-16 04
openmesh,constant gmz,pws,,7888,0.0629,0.4341,0.3711,5.8967,0.3932,0.7919,12.582,0.452,0.8258,0.5826,0.3836,openmesh 2024-01-16 04
openmesh,pycomlink idw,pws,,7854,0.0628,0.1545,0.0917,1.4592,0.1565,0.4404,7.0096,0.1767,0.5158,0.5117,0.3349,openmesh 2024-01-16 04
openmesh,pycomlink line,pws,,7888,0.0629,0.1446,0.0817,1.2974,0.1476,0.4098,6.5115,0.1682,0.4962,0.519,0.3232,openmesh 2024-01-16 04
openmesh,pycomlink gmz,pws,,7888,0.0629,0.1549,0.092,1.4611,0.1563,0.4341,6.8962,0.1768,0.5101,0.5188,0.3291,openmesh 2024-01-16 04
openmesh,nearby idw,pws,,7854,0.0628,0.6181,0.5553,8.8373,0.5574,1.0026,15.9564,0.5475,0.9965,0.585,0.4144,openmesh 2024-01-16 04
openmesh,nearby line,pws,,7888,0.0629,0.5808,0.5179,8.2278,0.5197,0.9057,14.3892,0.5585,1.0,0.5835,0.4165,openmesh 2024-01-16 04
openmesh,nearby gmz,pws,,7888,0.0629,0.5916,0.5287,8.3996,0.5312,0.9341,14.8408,0.5463,0.9965,0.5854,0.414,openmesh 2024-01-16 04
openmesh,rnn idw,pws,,7854,0.0628,1.2851,1.2223,19.4525,1.2223,2.1268,33.8478,0.5647,1.0,0.562,0.438,openmesh 2024-01-16 04
openmesh,rnn line,pws,,7888,0.0629,1.2755,1.2126,19.2647,1.2126,2.1118,33.5511,0.5641,1.0,0.5604,0.4396,openmesh 2024-01-16 04
openmesh,rnn gmz,pws,,7888,0.0629,1.2748,1.2119,19.2538,1.2119,2.1137,33.5819,0.5671,1.0,0.561,0.439,openmesh 2024-01-16 04
openmesh,pws,radar,2.0,1359,2.4805,2.0239,-0.4566,-0.1841,0.5833,0.9124,0.3678,0.7468,0.9793,0.0023,0.9771,openmesh 2024-01-28 06
openmesh,dynamic idw,radar,2.0,1359,2.4805,3.1047,0.6242,0.2516,1.4413,2.1153,0.8528,0.2177,0.9985,0.0044,0.9941,openmesh 2024-01-28 06
openmesh,dynamic line,radar,2.0,1359,2.4805,2.9551,0.4746,0.1913,1.3571,1.9891,0.8019,0.2462,0.9978,0.0044,0.9934,openmesh 2024-01-28 06
openmesh,dynamic gmz,radar,2.0,1359,2.4805,2.9997,0.5192,0.2093,1.4575,2.1209,0.855,0.2226,0.9956,0.0044,0.9912,openmesh 2024-01-28 06
openmesh,constant idw,radar,2.0,1359,2.4805,0.8971,-1.5834,-0.6383,1.9638,2.2245,0.8968,0.3348,0.6075,0.0,0.6075,openmesh 2024-01-28 06
openmesh,constant line,radar,2.0,1359,2.4805,0.9692,-1.5113,-0.6093,1.8972,2.1691,0.8745,0.3489,0.6475,0.0,0.6475,openmesh 2024-01-28 06
openmesh,constant gmz,radar,2.0,1359,2.4805,1.0191,-1.4614,-0.5891,1.8693,2.1479,0.8659,0.3542,0.6452,0.0,0.6452,openmesh 2024-01-28 06
openmesh,pycomlink idw,radar,2.0,1359,2.4805,1.471,-1.0095,-0.407,1.5419,1.7411,0.7019,0.4893,0.9727,0.0045,0.9684,openmesh 2024-01-28 06
openmesh,pycomlink line,radar,2.0,1359,2.4805,1.5461,-0.9344,-0.3767,1.4685,1.6662,0.6717,0.5166,0.9867,0.0045,0.9823,openmesh 2024-01-28 06
openmesh,pycomlink gmz,radar,2.0,1359,2.4805,1.6025,-0.878,-0.354,1.4458,1.648,0.6644,0.5233,0.983,0.0045,0.9787,openmesh 2024-01-28 06
openmesh,nearby idw,radar,2.0,1359,2.4805,1.3899,-1.0906,-0.4397,1.5434,1.7289,0.697,0.5322,0.9172,0.0,0.9172,openmesh 2024-01-28 06
openmesh,nearby line,radar,2.0,1359,2.4805,1.4287,-1.0518,-0.424,1.505,1.6877,0.6804,0.549,0.9239,0.0,0.9239,openmesh 2024-01-28 06
openmesh,nearby gmz,radar,2.0,1359,2.4805,1.4741,-1.0064,-0.4057,1.4771,1.677,0.6761,0.5504,0.9202,0.0,0.9202,openmesh 2024-01-28 06
openmesh,rnn idw,radar,2.0,1359,2.4805,2.5841,0.1036,0.0418,0.3646,0.5042,0.2033,0.8974,1.0,0.0044,0.9956,openmesh 2024-01-28 06
openmesh,rnn line,radar,2.0,1359,2.4805,2.6132,0.1327,0.0535,0.3749,0.5189,0.2092,0.8954,0.9993,0.0044,0.9948,openmesh 2024-01-28 06
openmesh,rnn gmz,radar,2.0,1359,2.4805,2.6084,0.1279,0.0516,0.3904,0.5413,0.2182,0.8868,0.9985,0.0044,0.9941,openmesh 2024-01-28 06
openmesh,dynamic idw,pws,2.0,1359,2.0239,3.1047,1.0808,0.534,1.5972,2.3903,1.181,0.144,0.9985,0.0228,0.9757,openmesh 2024-01-28 06
openmesh,dynamic line,pws,2.0,1359,2.0239,2.9551,0.9312,0.4601,1.4657,2.2441,1.1088,0.1734,0.9977,0.0229,0.975,openmesh 2024-01-28 06
openmesh,dynamic gmz,pws,2.0,1359,2.0239,2.9997,0.9758,0.4821,1.5752,2.3711,1.1716,0.1538,0.9955,0.0229,0.9728,openmesh 2024-01-28 06
openmesh,constant idw,pws,2.0,1359,2.0239,0.8971,-1.1268,-0.5567,1.6782,2.0835,1.0294,0.1894,0.6182,0.0012,0.6178,openmesh 2024-01-28 06
openmesh,constant line,pws,2.0,1359,2.0239,0.9692,-1.0547,-0.5211,1.6138,2.0319,1.004,0.2129,0.6589,0.0011,0.6584,openmesh 2024-01-28 06
openmesh,constant gmz,pws,2.0,1359,2.0239,1.0191,-1.0048,-0.4965,1.5938,2.0222,0.9991,0.218,0.6566,0.0011,0.6561,openmesh 2024-01-28 06
openmesh,pycomlink idw,pws,2.0,1359,2.0239,1.471,-0.5529,-0.2732,1.3675,1.8123,0.8955,0.2424,0.9744,0.0212,0.9543,openmesh 2024-01-28 06
openmesh,pycomlink line,pws,2.0,1359,2.0239,1.5461,-0.4778,-0.2361,1.2948,1.7514,0.8653,0.2749,0.9887,0.0209,0.9683,openmesh 2024-01-28 06
openmesh,pycomlink gmz,pws,2.0,1359,2.0239,1.6025,-0.4214,-0.2082,1.2863,1.7526,0.8659,0.2813,0.9849,0.021,0.9646,openmesh 2024-01-28 06
openmesh,nearby idw,pws,2.0,1359,2.0239,1.3899,-0.634,-0.3133,1.3457,1.7706,0.8749,0.2866,0.9285,0.0064,0.9229,openmesh 2024-01-28 06
openmesh,nearby line,pws,2.0,1359,2.0239,1.4287,-0.5952,-0.2941,1.3019,1.7304,0.855,0.3118,0.9352,0.0064,0.9296,openmesh 2024-01-28 06
openmesh,nearby gmz,pws,2.0,1359,2.0239,1.4741,-0.5498,-0.2717,1.2927,1.7334,0.8565,0.3156,0.9307,0.0072,0.9245,openmesh 2024-01-28 06
openmesh,rnn idw,pws,2.0,1359,2.0239,2.5841,0.5602,0.2768,0.7163,1.019,0.5035,0.717,1.0,0.0228,0.9772,openmesh 2024-01-28 06
openmesh,rnn line,pws,2.0,1359,2.0239,2.6132,0.5893,0.2912,0.7364,1.0345,0.5111,0.7199,0.9992,0.0228,0.9765,openmesh 2024-01-28 06
openmesh,rnn gmz,pws,2.0,1359,2.0239,2.6084,0.5846,0.2888,0.7429,1.0452,0.5164,0.7119,0.9985,0.0228,0.9757,openmesh 2024-01-28 06
openmesh,pws,radar,,4176,2.5368,2.03,-0.5068,-0.1998,0.7006,1.0508,0.4142,0.698,0.9778,0.0027,0.9752,openmesh 2024-01-28 06
openmesh,dynamic idw,radar,,4158,2.5378,3.3704,0.8326,0.3281,1.6461,2.3151,0.9122,0.2558,0.9937,0.0097,0.9841,openmesh 2024-01-28 06
openmesh,dynamic line,radar,,4176,2.5368,3.2553,0.7185,0.2832,1.5802,2.2318,0.8798,0.2741,0.9954,0.0096,0.9859,openmesh 2024-01-28 06
openmesh,dynamic gmz,radar,,4176,2.5368,3.2796,0.7429,0.2928,1.6646,2.3228,0.9157,0.2562,0.9857,0.0097,0.9763,openmesh 2024-01-28 06
openmesh,constant idw,radar,,4158,2.5378,1.2139,-1.3239,-0.5217,1.905,2.2315,0.8793,0.3839,0.6345,0.0,0.6345,openmesh 2024-01-28 06
openmesh,constant line,radar,,4176,2.5368,1.2579,-1.2788,-0.5041,1.8602,2.1927,0.8644,0.391,0.6586,0.0,0.6586,openmesh 2024-01-28 06
openmesh,constant gmz,radar,,4176,2.5368,1.2992,-1.2376,-0.4879,1.8287,2.169,0.855,0.396,0.6567,0.0,0.6567,openmesh 2024-01-28 06
openmesh,pycomlink idw,radar,,4158,2.5378,1.883,-0.6548,-0.258,1.4771,1.7026,0.6709,0.5374,0.9832,0.0098,0.9738,openmesh 2024-01-28 06
openmesh,pycomlink line,radar,,4176,2.5368,1.923,-0.6138,-0.242,1.4323,1.6515,0.651,0.5548,0.9915,0.0097,0.982,openmesh 2024-01-28 06
openmesh,pycomlink gmz,radar,,4176,2.5368,1.9654,-0.5713,-0.2252,1.4036,1.6257,0.6408,0.5645,0.9845,0.0097,0.9751,openmesh 2024-01-28 06
openmesh,nearby idw,radar,,4158,2.5378,1.8156,-0.7222,-0.2846,1.4729,1.6996,0.6697,0.5825,0.9172,0.0026,0.915,openmesh 2024-01-28 06
openmesh,nearby line,radar,,4176,2.5368,1.8302,-0.7065,-0.2785,1.4504,1.6715,0.6589,0.5915,0.9282,0.0029,0.9257,openmesh 2024-01-28 06
openmesh,nearby gmz,radar,,4176,2.5368,1.8615,-0.6753,-0.2662,1.4344,1.6643,0.6561,0.595,0.9214,0.0029,0.919,openmesh 2024-01-28 06
openmesh,rnn idw,radar,,4158,2.5378,2.5845,0.0467,0.0184,0.4408,0.6029,0.2376,0.8631,1.0,0.0096,0.9904,openmesh 2024-01-28 06
openmesh,rnn line,radar,,4176,2.5368,2.6055,0.0687,0.0271,0.4466,0.6119,0.2412,0.8602,0.9998,0.0096,0.9902,openmesh 2024-01-28 06
openmesh,rnn gmz,radar,,4176,2.5368,2.5975,0.0608,0.0239,0.4552,0.6221,0.2452,0.8559,0.9995,0.0096,0.9899,openmesh 2024-01-28 06
openmesh,dynamic idw,pws,,4158,2.0342,3.3704,1.3361,0.6568,1.8595,2.6525,1.3039,0.1536,0.9943,0.0281,0.9665,openmesh 2024-01-28 06
openmesh,dynamic line,pws,,4176,2.03,3.2553,1.2253,0.6036,1.7571,2.5544,1.2583,0.175,0.9965,0.0279,0.9688,openmesh 2024-01-28 06
openmesh,dynamic gmz,pws,,4176,2.03,3.2796,1.2497,0.6156,1.848,2.6406,1.3008,0.1593,0.9867,0.0282,0.9592,openmesh 2024-01-28 06
openmesh,constant idw,pws,,4158,2.0342,1.2139,-0.8203,-0.4033,1.6748,2.145,1.0544,0.2387,0.6467,0.0004,0.6465,openmesh 2024-01-28 06
openmesh,constant line,pws,,4176,2.03,1.2579,-0.772,-0.3803,1.6287,2.1032,1.0361,0.2554,0.6715,0.0004,0.6714,openmesh 2024-01-28 06
openmesh,constant gmz,pws,,4176,2.03,1.2992,-0.7308,-0.36,1.6041,2.0888,1.029,0.2603,0.6695,0.0004,0.6694,openmesh 2024-01-28 06
openmesh,pycomlink idw,pws,,4158,2.0342,1.883,-0.1513,-0.0744,1.3891,1.8808,0.9246,0.3074,0.9846,0.0274,0.9581,openmesh 2024-01-28 06
openmesh,pycomlink line,pws,,4176,2.03,1.923,-0.107,-0.0527,1.3432,1.8364,0.9046,0.3298,0.9933,0.0273,0.9664,openmesh 2024-01-28 06
openmesh,pycomlink gmz,pws,,4176,2.03,1.9654,-0.0645,-0.0318,1.3254,1.8294,0.9012,0.3359,0.9862,0.0275,0.9595,openmesh 2024-01-28 06
openmesh,nearby idw,pws,,4158,2.0342,1.8156,-0.2187,-0.1075,1.4017,1.8772,0.9228,0.3409,0.9289,0.0092,0.921,openmesh 2024-01-28 06
openmesh,nearby line,pws,,4176,2.03,1.8302,-0.1997,-0.0984,1.3723,1.8452,0.909,0.3566,0.9406,0.0094,0.9323,openmesh 2024-01-28 06
openmesh,nearby gmz,pws,,4176,2.03,1.8615,-0.1685,-0.083,1.3671,1.8482,0.9105,0.3608,0.9334,0.0097,0.925,openmesh 2024-01-28 06
openmesh,rnn idw,pws,,4158,2.0342,2.5845,0.5502,0.2705,0.7636,1.0594,0.5208,0.702,1.0,0.0286,0.9714,openmesh 2024-01-28 06
openmesh,rnn line,pws,,4176,2.03,2.6055,0.5755,0.2835,0.7788,1.0721,0.5281,0.7032,0.9998,0.029,0.9708,openmesh 2024-01-28 06
openmesh,rnn gmz,pws,,4176,2.03,2.5975,0.5675,0.2796,0.7797,1.0752,0.5297,0.6992,0.9995,0.029,0.9705,openmesh 2024-01-28 06
openmesh,pws,radar,2.0,1800,1.2604,0.3835,-0.877,-0.6957,0.9918,1.295,1.0274,-0.1495,0.6759,0.0027,0.6747,openmesh 2024-02-13 06
openmesh,dynamic idw,radar,2.0,1800,1.2604,4.9817,3.7213,2.9523,3.7535,4.9071,3.8932,0.2957,0.9994,0.0751,0.9244,openmesh 2024-02-13 06
openmesh,dynamic line,radar,2.0,1800,1.2604,4.5847,3.3243,2.6374,3.3627,4.4967,3.5676,0.303,1.0,0.0756,0.9244,openmesh 2024-02-13 06
openmesh,dynamic gmz,radar,2.0,1800,1.2604,4.7144,3.4539,2.7403,3.5155,4.7893,3.7997,0.2843,0.9976,0.0758,0.9222,openmesh 2024-02-13 06
openmesh,constant idw,radar,2.0,1800,1.2604,1.6952,0.4347,0.3449,1.4033,2.2729,1.8033,0.297,0.7805,0.0152,0.7712,openmesh 2024-02-13 06
openmesh,constant line,radar,2.0,1800,1.2604,1.7355,0.475,0.3769,1.3697,2.2031,1.7479,0.3201,0.7859,0.0151,0.7766,openmesh 2024-02-13 06
openmesh,constant gmz,radar,2.0,1800,1.2604,1.8566,0.5962,0.473,1.4806,2.5286,2.0061,0.2881,0.7865,0.0151,0.7772,openmesh 2024-02-13 06
openmesh,pycomlink idw,radar,2.0,1800,1.2604,2.6066,1.3462,1.068,1.8286,2.857,2.2666,0.1922,0.9705,0.0283,0.9439,openmesh 2024-02-13 06
openmesh,pycomlink line,radar,2.0,1800,1.2604,2.5604,1.3,1.0314,1.749,2.6576,2.1085,0.2275,0.9699,0.0306,0.9411,openmesh 2024-02-13 06
openmesh,pycomlink gmz,radar,2.0,1800,1.2604,2.6979,1.4375,1.1405,1.8951,2.9912,2.3731,0.2057,0.9687,0.033,0.9377,openmesh 2024-02-13 06
openmesh,nearby idw,radar,2.0,1784,1.2664,3.6525,2.3861,1.8841,2.7189,4.6162,3.6451,0.27,0.9872,0.031,0.957,openmesh 2024-02-13 06
openmesh,nearby line,radar,2.0,1787,1.2655,3.5156,2.2501,1.7781,2.5881,4.4865,3.5454,0.2645,0.9861,0.0298,0.9571,openmesh 2024-02-13 06
openmesh,nearby gmz,radar,2.0,1787,1.2655,3.6574,2.3919,1.8901,2.739,4.7341,3.7409,0.2603,0.9842,0.0304,0.9547,openmesh 2024-02-13 06
openmesh,rnn idw,radar,2.0,1800,1.2604,3.0275,1.767,1.4019,1.7988,2.2716,1.8022,0.4534,0.9958,0.0466,0.9495,openmesh 2024-02-13 06
openmesh,rnn line,radar,2.0,1800,1.2604,3.0244,1.764,1.3995,1.7894,2.2403,1.7774,0.4775,0.994,0.0505,0.944,openmesh 2024-02-13 06
openmesh,rnn gmz,radar,2.0,1800,1.2604,3.0331,1.7727,1.4064,1.8067,2.3136,1.8356,0.4563,0.994,0.0484,0.9462,openmesh 2024-02-13 06
openmesh,dynamic idw,pws,2.0,1800,0.3835,4.9817,4.5982,11.9904,4.6194,5.7079,14.8839,-0.0023,0.9991,0.3734,0.6263,openmesh 2024-02-13 06
openmesh,dynamic line,pws,2.0,1800,0.3835,4.5847,4.2012,10.9552,4.2286,5.2968,13.812,-0.0223,1.0,0.3735,0.6265,openmesh 2024-02-13 06
openmesh,dynamic gmz,pws,2.0,1800,0.3835,4.7144,4.3309,11.2933,4.3631,5.5623,14.5043,0.0034,0.9965,0.3744,0.6242,openmesh 2024-02-13 06
openmesh,constant idw,pws,2.0,1800,0.3835,1.6952,1.3117,3.4203,1.6803,2.7825,7.2557,-0.0993,0.7125,0.3907,0.489,openmesh 2024-02-13 06
openmesh,constant line,pws,2.0,1800,0.3835,1.7355,1.352,3.5255,1.7113,2.7533,7.1795,-0.1156,0.7161,0.3919,0.49,openmesh 2024-02-13 06
openmesh,constant gmz,pws,2.0,1800,0.3835,1.8566,1.4731,3.8414,1.8244,3.0613,7.9828,-0.1099,0.7161,0.3923,0.4897,openmesh 2024-02-13 06
openmesh,pycomlink idw,pws,2.0,1800,0.3835,2.6066,2.2231,5.7971,2.316,3.4115,8.896,0.0564,0.9796,0.3353,0.6556,openmesh 2024-02-13 06
openmesh,pycomlink line,pws,2.0,1800,0.3835,2.5604,2.1769,5.6766,2.2723,3.2554,8.4887,0.0335,0.9752,0.3395,0.6495,openmesh 2024-02-13 06
openmesh,pycomlink gmz,pws,2.0,1800,0.3835,2.6979,2.3145,6.0352,2.4107,3.5663,9.2997,0.036,0.9725,0.3421,0.6458,openmesh 2024-02-13 06
openmesh,nearby idw,pws,2.0,1784,0.3786,3.6525,3.2739,8.6476,3.3634,5.2307,13.8163,0.0733,0.9847,0.348,0.6454,openmesh 2024-02-13 06
openmesh,nearby line,pws,2.0,1787,0.3797,3.5156,3.1359,8.2582,3.2331,5.091,13.4069,0.063,0.982,0.3476,0.6447,openmesh 2024-02-13 06
openmesh,nearby gmz,pws,2.0,1787,0.3797,3.6574,3.2777,8.6316,3.3736,5.3379,14.0571,0.0619,0.9785,0.3493,0.6416,openmesh 2024-02-13 06
openmesh,rnn idw,pws,2.0,1800,0.3835,3.0275,2.644,6.8945,2.6884,3.1306,8.1633,0.0341,1.0,0.3512,0.6488,openmesh 2024-02-13 06
openmesh,rnn line,pws,2.0,1800,0.3835,3.0244,2.6409,6.8866,2.6829,3.1132,8.1182,0.0318,1.0,0.3527,0.6473,openmesh 2024-02-13 06
openmesh,rnn gmz,pws,2.0,1800,0.3835,3.0331,2.6496,6.9092,2.6935,3.1743,8.2773,0.0203,1.0,0.3512,0.6488,openmesh 2024-02-13 06
openmesh,pws,radar,,5568,1.3407,0.4172,-0.9235,-0.6888,1.0348,1.3121,0.9787,-0.0495,0.6831,0.0014,0.6824,openmesh 2024-02-13 06
openmesh,dynamic idw,radar,,5518,1.3314,4.8334,3.502,2.6303,3.5742,4.4794,3.3644,0.2319,0.999,0.0491,0.95,openmesh 2024-02-13 06
openmesh,dynamic line,radar,,5544,1.3334,4.5072,3.1738,2.3802,3.2475,4.1244,3.0932,0.2337,1.0,0.0492,0.9508,openmesh 2024-02-13 06
openmesh,dynamic gmz,radar,,5544,1.3334,4.5819,3.2485,2.4362,3.3588,4.2932,3.2197,0.2224,0.9878,0.0498,0.9392,openmesh 2024-02-13 06
openmesh,constant idw,radar,,5518,1.3314,1.5456,0.2142,0.1609,1.3157,1.9254,1.4461,0.2326,0.7472,0.0254,0.7329,openmesh 2024-02-13 06
openmesh,constant line,radar,,5544,1.3334,1.5847,0.2513,0.1885,1.2698,1.8613,1.3959,0.2712,0.7644,0.0245,0.75,openmesh 2024-02-13 06
openmesh,constant gmz,radar,,5544,1.3334,1.6644,0.3309,0.2482,1.3346,2.0343,1.5257,0.2497,0.7621,0.0246,0.7477,openmesh 2024-02-13 06
openmesh,pycomlink idw,radar,,5518,1.3314,2.2909,0.9595,0.7206,1.5617,2.3171,1.7404,0.1717,0.9295,0.0195,0.9126,openmesh 2024-02-13 06
openmesh,pycomlink line,radar,,5544,1.3334,2.2665,0.9331,0.6998,1.4722,2.1526,1.6144,0.2131,0.9365,0.0207,0.9183,openmesh 2024-02-13 06
openmesh,pycomlink gmz,radar,,5544,1.3334,2.348,1.0146,0.7609,1.5702,2.3521,1.7639,0.195,0.9357,0.0217,0.9167,openmesh 2024-02-13 06
openmesh,nearby idw,radar,,5456,1.3527,4.2309,2.8782,2.1277,3.2331,5.3999,3.9919,0.2479,0.9584,0.0316,0.9293,openmesh 2024-02-13 06
openmesh,nearby line,radar,,5492,1.3528,4.0802,2.7274,2.0161,3.0804,5.2761,3.9002,0.2366,0.9631,0.0309,0.9344,openmesh 2024-02-13 06
openmesh,nearby gmz,radar,,5492,1.3528,4.1785,2.8257,2.0888,3.1823,5.3905,3.9847,0.2361,0.9585,0.0313,0.9298,openmesh 2024-02-13 06
openmesh,rnn idw,radar,,5544,1.3392,2.919,1.5798,1.1796,1.6601,2.1032,1.5705,0.4557,0.9937,0.0347,0.9594,openmesh 2024-02-13 06
openmesh,rnn line,radar,,5568,1.3407,2.9177,1.577,1.1763,1.6484,2.0732,1.5463,0.4797,0.9947,0.0361,0.9589,openmesh 2024-02-13 06
openmesh,rnn gmz,radar,,5568,1.3407,2.9118,1.5711,1.1718,1.6515,2.1012,1.5672,0.4711,0.9939,0.0349,0.9594,openmesh 2024-02-13 06
openmesh,dynamic idw,pws,,5518,0.4187,4.8334,4.4147,10.5434,4.4526,5.2955,12.647,0.0086,0.9989,0.3481,0.6515,openmesh 2024-02-13 06
openmesh,dynamic line,pws,,5544,0.4188,4.5072,4.0884,9.7616,4.1317,4.954,11.8283,-0.0494,1.0,0.3477,0.6523,openmesh 2024-02-13 06
openmesh,dynamic gmz,pws,,5544,0.4188,4.5819,4.1631,9.9399,4.2163,5.1023,12.1825,-0.024,0.9823,0.3518,0.6407,openmesh 2024-02-13 06
openmesh,constant idw,pws,,5518,0.4187,1.5456,1.1269,2.6914,1.5535,2.3814,5.6874,-0.1116,0.6991,0.3748,0.4926,openmesh 2024-02-13 06
openmesh,constant line,pws,,5544,0.4188,1.5847,1.1659,2.7837,1.5752,2.37,5.6588,-0.1281,0.7208,0.3689,0.5071,openmesh 2024-02-13 06
openmesh,constant gmz,pws,,5544,0.4188,1.6644,1.2455,2.9739,1.6435,2.5384,6.0608,-0.122,0.7169,0.3705,0.5042,openmesh 2024-02-13 06
openmesh,pycomlink idw,pws,,5518,0.4187,2.2909,1.8721,4.4712,2.0149,2.8489,6.804,0.0804,0.9476,0.3146,0.6604,openmesh 2024-02-13 06
openmesh,pycomlink line,pws,,5544,0.4188,2.2665,1.8477,4.4116,1.9795,2.7411,6.5447,0.0438,0.9559,0.3142,0.6647,openmesh 2024-02-13 06
openmesh,pycomlink gmz,pws,,5544,0.4188,2.348,1.9292,4.6062,2.0672,2.9227,6.9784,0.0472,0.9512,0.3178,0.6592,openmesh 2024-02-13 06
openmesh,nearby idw,pws,,5456,0.4107,4.2309,3.8202,9.3007,3.961,6.0819,14.8071,-0.0085,0.9658,0.3385,0.6463,openmesh 2024-02-13 06
openmesh,nearby line,pws,,5492,0.4121,4.0802,3.6681,8.9017,3.8112,5.9453,14.4279,-0.0207,0.9717,0.3355,0.6519,openmesh 2024-02-13 06
openmesh,nearby gmz,pws,,5492,0.4121,4.1785,3.7664,9.1403,3.9084,6.0632,14.7142,-0.0186,0.9641,0.3378,0.6463,openmesh 2024-02-13 06
openmesh,rnn idw,pws,,5544,0.417,2.919,2.502,6.0004,2.5565,3.012,7.2236,-0.0234,1.0,0.3365,0.6635,openmesh 2024-02-13 06
openmesh,rnn line,pws,,5568,0.4172,2.9177,2.5005,5.9931,2.5486,2.9946,7.1775,-0.0161,1.0,0.3372,0.6628,openmesh 2024-02-13 06
openmesh,rnn gmz,pws,,5568,0.4172,2.9118,2.4945,5.9789,2.544,3.0175,7.2323,-0.0255,1.0,0.3358,0.6642,openmesh 2024-02-13 06
openmesh,pws,radar,2.0,755,2.6449,2.8878,0.2429,0.0918,0.7584,2.0548,0.7769,0.7524,0.9239,0.1617,0.7841,openmesh 2024-02-27 22
openmesh,dynamic idw,radar,2.0,755,2.6449,5.1715,2.5266,0.9553,2.6667,3.7804,1.4293,0.7423,1.0,0.2231,0.7769,openmesh 2024-02-27 22
openmesh,dynamic line,radar,2.0,755,2.6449,4.9087,2.2638,0.8559,2.4121,3.5375,1.3375,0.7404,0.9948,0.2251,0.7718,openmesh 2024-02-27 22
openmesh,dynamic gmz,radar,2.0,755,2.6449,4.9706,2.3257,0.8793,2.5611,3.7737,1.4268,0.7107,0.9931,0.2233,0.7725,openmesh 2024-02-27 22
openmesh,constant idw,radar,2.0,755,2.6449,1.0721,-1.5728,-0.5947,1.8389,2.5354,0.9586,0.6125,0.5398,0.0659,0.52,openmesh 2024-02-27 22
openmesh,constant line,radar,2.0,755,2.6449,1.087,-1.5579,-0.589,1.8318,2.5376,0.9594,0.605,0.5554,0.0723,0.5323,openmesh 2024-02-27 22
openmesh,constant gmz,radar,2.0,755,2.6449,1.1218,-1.5231,-0.5759,1.826,2.5547,0.9659,0.5934,0.5727,0.0728,0.548,openmesh 2024-02-27 22
openmesh,pycomlink idw,radar,2.0,755,2.6449,2.0,-0.6449,-0.2438,1.2849,1.8303,0.692,0.7304,0.9879,0.2178,0.7748,openmesh 2024-02-27 22
openmesh,pycomlink line,radar,2.0,755,2.6449,1.987,-0.6579,-0.2487,1.291,1.8435,0.697,0.7251,0.9931,0.2158,0.7799,openmesh 2024-02-27 22
openmesh,pycomlink gmz,radar,2.0,755,2.6449,2.024,-0.6209,-0.2348,1.3131,1.89,0.7146,0.7098,0.9913,0.214,0.7807,openmesh 2024-02-27 22
openmesh,nearby idw,radar,2.0,755,2.6449,1.5348,-1.1101,-0.4197,1.5397,2.1447,0.8109,0.668,0.9481,0.1329,0.8278,openmesh 2024-02-27 22
openmesh,nearby line,radar,2.0,755,2.6449,1.5393,-1.1056,-0.418,1.5362,2.1509,0.8132,0.6635,0.9567,0.1305,0.8366,openmesh 2024-02-27 22
openmesh,nearby gmz,radar,2.0,755,2.6449,1.5629,-1.082,-0.4091,1.5244,2.1521,0.8137,0.6573,0.9533,0.1364,0.8286,openmesh 2024-02-27 22
openmesh,rnn idw,radar,2.0,755,2.6449,3.387,0.7421,0.2806,0.7597,0.985,0.3724,0.9797,1.0,0.2334,0.7666,openmesh 2024-02-27 22
openmesh,rnn line,radar,2.0,755,2.6449,3.4014,0.7565,0.286,0.7694,0.99,0.3743,0.9781,1.0,0.2334,0.7666,openmesh 2024-02-27 22
openmesh,rnn gmz,radar,2.0,755,2.6449,3.4108,0.7659,0.2896,0.7959,1.0514,0.3975,0.9711,0.9983,0.2317,0.7673,openmesh 2024-02-27 22
openmesh,dynamic idw,pws,2.0,755,2.8878,5.1715,2.2837,0.7908,2.7723,3.9761,1.3769,0.6231,0.9843,0.1573,0.8316,openmesh 2024-02-27 22
openmesh,dynamic line,pws,2.0,755,2.8878,4.9087,2.0209,0.6998,2.5285,3.7551,1.3004,0.625,0.9796,0.159,0.8265,openmesh 2024-02-27 22
openmesh,dynamic gmz,pws,2.0,755,2.8878,4.9706,2.0828,0.7212,2.6261,3.9084,1.3534,0.6201,0.9765,0.1583,0.8249,openmesh 2024-02-27 22
openmesh,constant idw,pws,2.0,755,2.8878,1.0721,-1.8157,-0.6287,2.019,3.2631,1.13,0.4951,0.4835,0.0778,0.4646,openmesh 2024-02-27 22
openmesh,constant line,pws,2.0,755,2.8878,1.087,-1.8008,-0.6236,2.0024,3.254,1.1268,0.4947,0.4961,0.0867,0.4738,openmesh 2024-02-27 22
openmesh,constant gmz,pws,2.0,755,2.8878,1.1218,-1.766,-0.6115,2.001,3.2579,1.1282,0.4885,0.5102,0.0896,0.4858,openmesh 2024-02-27 22
openmesh,pycomlink idw,pws,2.0,755,2.8878,2.0,-0.8878,-0.3074,1.4622,2.5778,0.8926,0.6248,0.9749,0.1493,0.8324,openmesh 2024-02-27 22
openmesh,pycomlink line,pws,2.0,755,2.8878,1.987,-0.9008,-0.3119,1.455,2.5804,0.8936,0.6246,0.9733,0.153,0.8278,openmesh 2024-02-27 22
openmesh,pycomlink gmz,pws,2.0,755,2.8878,2.024,-0.8638,-0.2991,1.4621,2.5672,0.889,0.6272,0.9717,0.1509,0.8286,openmesh 2024-02-27 22
openmesh,nearby idw,pws,2.0,755,2.8878,1.5348,-1.3529,-0.4685,1.7373,2.9085,1.0072,0.5531,0.8462,0.1472,0.7384,openmesh 2024-02-27 22
openmesh,nearby line,pws,2.0,755,2.8878,1.5393,-1.3484,-0.4669,1.7253,2.8966,1.003,0.5587,0.854,0.1447,0.7462,openmesh 2024-02-27 22
openmesh,nearby gmz,pws,2.0,755,2.8878,1.5629,-1.3249,-0.4588,1.7137,2.8895,1.0006,0.5565,0.8571,0.1442,0.749,openmesh 2024-02-27 22
openmesh,rnn idw,pws,2.0,755,2.8878,3.387,0.4993,0.1729,1.0718,2.0263,0.7017,0.7835,1.0,0.1552,0.8448,openmesh 2024-02-27 22
openmesh,rnn line,pws,2.0,755,2.8878,3.4014,0.5136,0.1778,1.0894,2.0216,0.7,0.7836,1.0,0.1552,0.8448,openmesh 2024-02-27 22
openmesh,rnn gmz,pws,2.0,755,2.8878,3.4108,0.523,0.1811,1.0893,2.0125,0.6969,0.7871,0.9984,0.1531,0.8457,openmesh 2024-02-27 22
openmesh,pws,radar,,2320,2.4671,3.0712,0.6041,0.2449,1.0161,2.3165,0.939,0.716,0.9487,0.1597,0.8038,openmesh 2024-02-27 22
openmesh,dynamic idw,radar,,2310,2.4687,5.5065,3.0377,1.2305,3.1309,4.117,1.6677,0.7549,0.9948,0.2288,0.7681,openmesh 2024-02-27 22
openmesh,dynamic line,radar,,2320,2.4671,5.274,2.8069,1.1377,2.9105,3.9268,1.5917,0.7433,0.9919,0.2271,0.7681,openmesh 2024-02-27 22
openmesh,dynamic gmz,radar,,2320,2.4671,5.3087,2.8416,1.1518,3.0094,4.057,1.6445,0.7232,0.9914,0.2258,0.769,openmesh 2024-02-27 22
openmesh,constant idw,radar,,2310,2.4687,1.2725,-1.1962,-0.4845,1.6655,2.3395,0.9477,0.6036,0.5434,0.1289,0.5029,openmesh 2024-02-27 22
openmesh,constant line,radar,,2320,2.4671,1.2765,-1.1906,-0.4826,1.6635,2.3461,0.9509,0.596,0.5495,0.1319,0.5072,openmesh 2024-02-27 22
openmesh,constant gmz,radar,,2320,2.4671,1.2979,-1.1692,-0.4739,1.6627,2.3571,0.9554,0.5923,0.5662,0.1354,0.5201,openmesh 2024-02-27 22
openmesh,pycomlink idw,radar,,2310,2.4687,2.3157,-0.153,-0.062,1.2156,1.7565,0.7115,0.7134,0.9902,0.2459,0.7485,openmesh 2024-02-27 22
openmesh,pycomlink line,radar,,2320,2.4671,2.2838,-0.1833,-0.0743,1.2279,1.7813,0.722,0.7019,0.9914,0.2455,0.7496,openmesh 2024-02-27 22
openmesh,pycomlink gmz,radar,,2320,2.4671,2.3002,-0.1669,-0.0677,1.2465,1.8126,0.7347,0.6956,0.9908,0.2443,0.7504,openmesh 2024-02-27 22
openmesh,nearby idw,radar,,2310,2.4687,1.8239,-0.6449,-0.2612,1.3678,1.9399,0.7858,0.6438,0.956,0.1918,0.7792,openmesh 2024-02-27 22
openmesh,nearby line,radar,,2320,2.4671,1.8119,-0.6553,-0.2656,1.3755,1.9641,0.7961,0.6327,0.9579,0.1931,0.7793,openmesh 2024-02-27 22
openmesh,nearby gmz,radar,,2320,2.4671,1.8221,-0.645,-0.2614,1.3731,1.9721,0.7994,0.6291,0.9568,0.1941,0.7776,openmesh 2024-02-27 22
openmesh,rnn idw,radar,,2310,2.4687,3.3904,0.9217,0.3733,0.9496,1.2573,0.5093,0.9594,1.0,0.2516,0.7484,openmesh 2024-02-27 22
openmesh,rnn line,radar,,2320,2.4671,3.3863,0.9192,0.3726,0.9525,1.2449,0.5046,0.9578,1.0,0.2514,0.7486,openmesh 2024-02-27 22
openmesh,rnn gmz,radar,,2320,2.4671,3.402,0.9349,0.379,0.9695,1.2715,0.5154,0.9558,0.9983,0.2504,0.7486,openmesh 2024-02-27 22
openmesh,dynamic idw,pws,,2310,3.0798,5.5065,2.4266,0.7879,3.148,4.1177,1.337,0.6061,0.959,0.1602,0.8107,openmesh 2024-02-27 22
openmesh,dynamic line,pws,,2320,3.0712,5.274,2.2028,0.7173,2.9941,3.9991,1.3021,0.5887,0.9531,0.1616,0.8052,openmesh 2024-02-27 22
openmesh,dynamic gmz,pws,,2320,3.0712,5.3087,2.2375,0.7286,3.0537,4.0878,1.331,0.5836,0.952,0.1606,0.8054,openmesh 2024-02-27 22
openmesh,constant idw,pws,,2310,3.0798,1.2725,-1.8073,-0.5868,2.0778,3.36,1.091,0.5014,0.4764,0.1373,0.4429,openmesh 2024-02-27 22
openmesh,constant line,pws,,2320,3.0712,1.2765,-1.7946,-0.5843,2.0646,3.3552,1.0925,0.4978,0.4806,0.1429,0.445,openmesh 2024-02-27 22
openmesh,constant gmz,pws,,2320,3.0712,1.2979,-1.7733,-0.5774,2.0585,3.3549,1.0924,0.496,0.4959,0.1451,0.4574,openmesh 2024-02-27 22
openmesh,pycomlink idw,pws,,2310,3.0798,2.3157,-0.7641,-0.2481,1.5612,2.68,0.8702,0.6082,0.9836,0.1538,0.8344,openmesh 2024-02-27 22
openmesh,pycomlink line,pws,,2320,3.0712,2.2838,-0.7874,-0.2564,1.5753,2.7189,0.8853,0.5937,0.9832,0.1552,0.8328,openmesh 2024-02-27 22
openmesh,pycomlink gmz,pws,,2320,3.0712,2.3002,-0.771,-0.251,1.5791,2.7152,0.8841,0.5954,0.9816,0.1547,0.8322,openmesh 2024-02-27 22
openmesh,nearby idw,pws,,2310,3.0798,1.8239,-1.2559,-0.4078,1.8077,3.0077,0.9766,0.5278,0.8806,0.159,0.7549,openmesh 2024-02-27 22
openmesh,nearby line,pws,,2320,3.0712,1.8119,-1.2593,-0.41,1.8071,3.0161,0.9821,0.5225,0.8827,0.1606,0.7551,openmesh 2024-02-27 22
openmesh,nearby gmz,pws,,2320,3.0712,1.8221,-1.2491,-0.4067,1.8039,3.0215,0.9838,0.5183,0.8832,0.1601,0.7559,openmesh 2024-02-27 22
openmesh,rnn idw,pws,,2310,3.0798,3.3904,0.3106,0.1008,1.198,2.132,0.6922,0.7608,1.0,0.1546,0.8454,openmesh 2024-02-27 22
openmesh,rnn line,pws,,2320,3.0712,3.3863,0.3151,0.1026,1.2188,2.1514,0.7005,0.7541,1.0,0.1548,0.8452,openmesh 2024-02-27 22
openmesh,rnn gmz,pws,,2320,3.0712,3.402,0.3308,0.1077,1.2198,2.1378,0.6961,0.7584,0.9985,0.1535,0.8454,openmesh 2024-02-27 22
openmesh,pws,radar,2.0,1524,2.6473,2.9602,0.3129,0.1182,0.9408,1.8726,0.7074,0.7692,0.9951,0.0675,0.9282,openmesh 2024-03-02 12
openmesh,dynamic idw,radar,2.0,1524,2.6473,3.6458,0.9985,0.3772,1.7029,2.372,0.896,0.59,0.9972,0.0698,0.9278,openmesh 2024-03-02 12
openmesh,dynamic line,radar,2.0,1524,2.6473,3.453,0.8057,0.3044,1.5957,2.1801,0.8235,0.595,0.9965,0.0698,0.9271,openmesh 2024-03-02 12
openmesh,dynamic gmz,radar,2.0,1524,2.6473,3.5117,0.8644,0.3265,1.7606,2.4351,0.9198,0.5493,0.9929,0.0694,0.9244,openmesh 2024-03-02 12
openmesh,constant idw,radar,2.0,1524,2.6473,1.0123,-1.635,-0.6176,2.3408,2.9679,1.1211,0.3694,0.59,0.0,0.59,openmesh 2024-03-02 12
openmesh,constant line,radar,2.0,1524,2.6473,0.9877,-1.6596,-0.6269,2.3547,2.9776,1.1248,0.3613,0.578,0.0,0.578,openmesh 2024-03-02 12
openmesh,constant gmz,radar,2.0,1524,2.6473,1.0201,-1.6273,-0.6147,2.3408,2.9703,1.122,0.3692,0.59,0.0,0.59,openmesh 2024-03-02 12
openmesh,pycomlink idw,radar,2.0,1524,2.6473,0.9052,-1.7421,-0.6581,1.9292,2.5123,0.949,0.502,0.6676,0.0999,0.6216,openmesh 2024-03-02 12
openmesh,pycomlink line,radar,2.0,1524,2.6473,0.8921,-1.7552,-0.663,1.9296,2.5029,0.9454,0.5059,0.6606,0.0991,0.6158,openmesh 2024-03-02 12
openmesh,pycomlink gmz,radar,2.0,1524,2.6473,0.9191,-1.7283,-0.6528,1.9298,2.5096,0.948,0.4951,0.6641,0.0987,0.6191,openmesh 2024-03-02 12
openmesh,nearby idw,radar,2.0,1524,2.6473,1.2562,-1.3912,-0.5255,1.8836,2.3502,0.8878,0.4746,0.8172,0.0824,0.7613,openmesh 2024-03-02 12
openmesh,nearby line,radar,2.0,1524,2.6473,1.2008,-1.4465,-0.5464,1.9178,2.381,0.8994,0.4645,0.8144,0.0819,0.7592,openmesh 2024-03-02 12
openmesh,nearby gmz,radar,2.0,1524,2.6473,1.223,-1.4243,-0.538,1.929,2.4077,0.9095,0.4485,0.8109,0.0815,0.7564,openmesh 2024-03-02 12
openmesh,rnn idw,radar,2.0,1524,2.6473,2.3649,-0.2824,-0.1067,0.7089,0.9693,0.3662,0.8935,0.9986,0.0703,0.9285,openmesh 2024-03-02 12
openmesh,rnn line,radar,2.0,1524,2.6473,2.3582,-0.2891,-0.1092,0.7002,0.9643,0.3642,0.896,0.9965,0.0704,0.9265,openmesh 2024-03-02 12
openmesh,rnn gmz,radar,2.0,1524,2.6473,2.3569,-0.2904,-0.1097,0.7182,0.996,0.3762,0.8856,0.9908,0.0702,0.9219,openmesh 2024-03-02 12
openmesh,dynamic idw,pws,2.0,1524,2.9602,3.6458,0.6856,0.2316,1.7857,2.5769,0.8705,0.5917,0.9967,0.0079,0.9888,openmesh 2024-03-02 12
openmesh,dynamic line,pws,2.0,1524,2.9602,3.453,0.4928,0.1665,1.6611,2.4098,0.8141,0.6143,0.996,0.0079,0.9882,openmesh 2024-03-02 12
openmesh,dynamic gmz,pws,2.0,1524,2.9602,3.5117,0.5516,0.1863,1.7821,2.5971,0.8773,0.5789,0.9921,0.0079,0.9843,openmesh 2024-03-02 12
openmesh,constant idw,pws,2.0,1524,2.9602,1.0123,-1.9479,-0.658,2.2685,3.181,1.0746,0.5537,0.5489,0.0072,0.5468,openmesh 2024-03-02 12
openmesh,constant line,pws,2.0,1524,2.9602,0.9877,-1.9725,-0.6663,2.285,3.1967,1.0799,0.5499,0.5377,0.0073,0.5356,openmesh 2024-03-02 12
openmesh,constant gmz,pws,2.0,1524,2.9602,1.0201,-1.9401,-0.6554,2.2632,3.1753,1.0727,0.5555,0.5489,0.0072,0.5468,openmesh 2024-03-02 12
openmesh,pycomlink idw,pws,2.0,1524,2.9602,0.9052,-2.055,-0.6942,2.1632,3.0606,1.0339,0.622,0.6885,0.0095,0.684,openmesh 2024-03-02 12
openmesh,pycomlink line,pws,2.0,1524,2.9602,0.8921,-2.0681,-0.6986,2.1691,3.0553,1.0321,0.6388,0.6812,0.0087,0.6772,openmesh 2024-03-02 12
openmesh,pycomlink gmz,pws,2.0,1524,2.9602,0.9191,-2.0411,-0.6895,2.1576,3.0509,1.0306,0.6228,0.6845,0.0086,0.6805,openmesh 2024-03-02 12
openmesh,nearby idw,pws,2.0,1524,2.9602,1.2562,-1.704,-0.5756,1.9946,2.9985,1.0129,0.5149,0.8274,0.0087,0.8214,openmesh 2024-03-02 12
openmesh,nearby line,pws,2.0,1524,2.9602,1.2008,-1.7594,-0.5944,2.0258,3.0238,1.0215,0.5178,0.8241,0.0088,0.8181,openmesh 2024-03-02 12
openmesh,nearby gmz,pws,2.0,1524,2.9602,1.223,-1.7372,-0.5868,2.0264,3.0244,1.0217,0.5107,0.8201,0.0088,0.8142,openmesh 2024-03-02 12
openmesh,rnn idw,pws,2.0,1524,2.9602,2.3649,-0.5953,-0.2011,1.204,2.2025,0.744,0.6874,0.9987,0.0079,0.9908,openmesh 2024-03-02 12
openmesh,rnn line,pws,2.0,1524,2.9602,2.3582,-0.602,-0.2034,1.2013,2.1996,0.743,0.6902,0.9967,0.0079,0.9888,openmesh 2024-03-02 12
openmesh,rnn gmz,pws,2.0,1524,2.9602,2.3569,-0.6033,-0.2038,1.2195,2.2223,0.7507,0.6783,0.9907,0.0079,0.9829,openmesh 2024-03-02 12
openmesh,pws,radar,,5568,2.6326,2.9041,0.2716,0.1032,0.9292,1.6384,0.6224,0.7961,0.9981,0.0645,0.9338,openmesh 2024-03-02 12
openmesh,dynamic idw,radar,,5544,2.6319,3.78,1.1481,0.4362,1.807,2.2963,0.8725,0.6075,0.9915,0.0628,0.9298,openmesh 2024-03-02 12
openmesh,dynamic line,radar,,5568,2.6326,3.641,1.0084,0.3831,1.727,2.1834,0.8294,0.6047,0.9929,0.0629,0.9308,openmesh 2024-03-02 12
openmesh,dynamic gmz,radar,,5568,2.6326,3.672,1.0394,0.3948,1.8484,2.3548,0.8945,0.5637,0.9883,0.063,0.9267,openmesh 2024-03-02 12
openmesh,constant idw,radar,,5544,2.6319,1.4763,-1.1557,-0.4391,2.1893,2.8819,1.095,0.4251,0.6662,0.0,0.6662,openmesh 2024-03-02 12
openmesh,constant line,radar,,5568,2.6326,1.457,-1.1756,-0.4466,2.2039,2.8871,1.0967,0.4203,0.6635,0.0,0.6635,openmesh 2024-03-02 12
openmesh,constant gmz,radar,,5568,2.6326,1.4781,-1.1545,-0.4385,2.1948,2.8864,1.0964,0.4237,0.6693,0.0,0.6693,openmesh 2024-03-02 12
openmesh,pycomlink idw,radar,,5544,2.6319,1.0833,-1.5487,-0.5884,1.7544,2.3596,0.8965,0.5411,0.6696,0.0873,0.6293,openmesh 2024-03-02 12
openmesh,pycomlink line,radar,,5568,2.6326,1.0765,-1.5561,-0.5911,1.7614,2.3522,0.8935,0.5439,0.6679,0.0901,0.6265,openmesh 2024-03-02 12
openmesh,pycomlink gmz,radar,,5568,2.6326,1.091,-1.5416,-0.5856,1.7592,2.3603,0.8966,0.5355,0.6697,0.0898,0.6282,openmesh 2024-03-02 12
openmesh,nearby idw,radar,,5544,2.6319,1.3674,-1.2646,-0.4805,1.8768,2.3698,0.9004,0.4487,0.8466,0.0711,0.795,openmesh 2024-03-02 12
openmesh,nearby line,radar,,5568,2.6326,1.3148,-1.3177,-0.5006,1.9096,2.4003,0.9118,0.4381,0.8442,0.072,0.7922,openmesh 2024-03-02 12
openmesh,nearby gmz,radar,,5568,2.6326,1.3227,-1.3099,-0.4976,1.9199,2.4197,0.9191,0.4259,0.8442,0.0718,0.7924,openmesh 2024-03-02 12
openmesh,rnn idw,radar,,5544,2.6319,2.2822,-0.3497,-0.1329,0.7829,1.083,0.4115,0.8734,0.9942,0.0657,0.9293,openmesh 2024-03-02 12
openmesh,rnn line,radar,,5568,2.6326,2.2813,-0.3513,-0.1334,0.7739,1.0714,0.407,0.8778,0.9939,0.0658,0.9289,openmesh 2024-03-02 12
openmesh,rnn gmz,radar,,5568,2.6326,2.2744,-0.3581,-0.136,0.7829,1.0945,0.4158,0.8704,0.9914,0.0654,0.927,openmesh 2024-03-02 12
openmesh,dynamic idw,pws,,5544,2.9118,3.78,0.8682,0.2982,1.7273,2.3554,0.8089,0.6301,0.9888,0.0029,0.9859,openmesh 2024-03-02 12
openmesh,dynamic line,pws,,5568,2.9041,3.641,0.7369,0.2537,1.6276,2.2492,0.7745,0.6412,0.9903,0.0029,0.9874,openmesh 2024-03-02 12
openmesh,dynamic gmz,pws,,5568,2.9041,3.672,0.7679,0.2644,1.7302,2.3839,0.8209,0.6102,0.9858,0.0029,0.9829,openmesh 2024-03-02 12
openmesh,constant idw,pws,,5544,2.9118,1.4763,-1.4355,-0.493,2.0227,2.9247,1.0044,0.5581,0.6234,0.0017,0.6227,openmesh 2024-03-02 12
openmesh,constant line,pws,,5568,2.9041,1.457,-1.4472,-0.4983,2.0316,2.9277,1.0081,0.5557,0.6209,0.0017,0.6202,openmesh 2024-03-02 12
openmesh,constant gmz,pws,,5568,2.9041,1.4781,-1.4261,-0.491,2.02,2.919,1.0051,0.5588,0.6263,0.0017,0.6256,openmesh 2024-03-02 12
openmesh,pycomlink idw,pws,,5544,2.9118,1.0833,-1.8285,-0.628,1.8975,2.7136,0.9319,0.6653,0.6858,0.0029,0.6844,openmesh 2024-03-02 12
openmesh,pycomlink line,pws,,5568,2.9041,1.0765,-1.8277,-0.6293,1.8948,2.7,0.9297,0.676,0.6862,0.0026,0.685,openmesh 2024-03-02 12
openmesh,pycomlink gmz,pws,,5568,2.9041,1.091,-1.8132,-0.6243,1.888,2.699,0.9294,0.6677,0.6879,0.0026,0.6866,openmesh 2024-03-02 12
openmesh,nearby idw,pws,,5544,2.9118,1.3674,-1.5444,-0.5304,1.8737,2.8174,0.9676,0.4947,0.8522,0.0025,0.8504,openmesh 2024-03-02 12
openmesh,nearby line,pws,,5568,2.9041,1.3148,-1.5893,-0.5473,1.8999,2.8409,0.9782,0.4911,0.8505,0.0025,0.8487,openmesh 2024-03-02 12
openmesh,nearby gmz,pws,,5568,2.9041,1.3227,-1.5814,-0.5445,1.9046,2.8422,0.9787,0.4891,0.8503,0.0025,0.8485,openmesh 2024-03-02 12
openmesh,rnn idw,pws,,5544,2.9118,2.2822,-0.6296,-0.2162,1.1826,2.004,0.6882,0.7135,0.9946,0.0029,0.9917,openmesh 2024-03-02 12
openmesh,rnn line,pws,,5568,2.9041,2.2813,-0.6228,-0.2145,1.1783,1.991,0.6856,0.7183,0.9942,0.0029,0.9914,openmesh 2024-03-02 12
openmesh,rnn gmz,pws,,5568,2.9041,2.2744,-0.6297,-0.2168,1.192,2.0099,0.6921,0.7099,0.9914,0.0029,0.9885,openmesh 2024-03-02 12
openmesh,pws,radar,2.0,342,1.9357,1.8162,-0.1194,-0.0617,0.2739,0.3932,0.2031,0.989,0.9108,0.1343,0.798,openmesh 2024-03-06 17
openmesh,pws,radar,,8816,2.0979,2.0962,-0.0017,-0.0008,0.5896,1.4368,0.6848,0.8874,0.9248,0.0859,0.8508,openmesh 2024-03-06 17
openmesh,pws,radar,2.0,2416,2.6505,2.7199,0.0694,0.0262,0.5751,1.1531,0.4351,0.9508,0.9994,0.1128,0.8868,openmesh 2024-03-09 19
openmesh,dynamic idw,radar,2.0,2416,2.6505,4.3031,1.6525,0.6235,2.1975,3.4981,1.3198,0.7229,0.9988,0.3218,0.6776,openmesh 2024-03-09 19
openmesh,dynamic line,radar,2.0,2416,2.6505,4.0547,1.4041,0.5297,2.0616,3.3118,1.2495,0.7192,0.9988,0.3178,0.6816,openmesh 2024-03-09 19
openmesh,dynamic gmz,radar,2.0,2416,2.6505,4.1205,1.47,0.5546,2.215,3.5341,1.3333,0.6962,0.9969,0.3179,0.6806,openmesh 2024-03-09 19
openmesh,constant idw,radar,2.0,2416,2.6505,1.7775,-0.873,-0.3294,1.8715,2.8877,1.0895,0.6353,0.9139,0.1162,0.8158,openmesh 2024-03-09 19
openmesh,constant line,radar,2.0,2416,2.6505,1.8125,-0.838,-0.3162,1.8414,2.8899,1.0903,0.6298,0.9257,0.117,0.8245,openmesh 2024-03-09 19
openmesh,constant gmz,radar,2.0,2416,2.6505,1.8556,-0.7949,-0.2999,1.8386,2.9182,1.101,0.625,0.9269,0.1221,0.8211,openmesh 2024-03-09 19
openmesh,pycomlink idw,radar,2.0,2416,2.6505,1.2963,-1.3543,-0.5109,1.8082,2.766,1.0436,0.6987,0.6512,0.0122,0.646,openmesh 2024-03-09 19
openmesh,pycomlink line,radar,2.0,2416,2.6505,1.2634,-1.3871,-0.5233,1.8347,2.8163,1.0625,0.6863,0.6512,0.0131,0.6456,openmesh 2024-03-09 19
openmesh,pycomlink gmz,radar,2.0,2416,2.6505,1.2864,-1.3641,-0.5147,1.8365,2.8419,1.0722,0.6773,0.6506,0.015,0.6442,openmesh 2024-03-09 19
openmesh,nearby idw,radar,2.0,2416,2.6505,1.8525,-0.7981,-0.3011,1.6159,2.5521,0.9629,0.6959,0.9771,0.2568,0.7304,openmesh 2024-03-09 19
openmesh,nearby line,radar,2.0,2416,2.6505,1.7765,-0.8741,-0.3298,1.5763,2.4963,0.9418,0.7157,0.9796,0.2432,0.7451,openmesh 2024-03-09 19
openmesh,nearby gmz,radar,2.0,2416,2.6505,1.8539,-0.7966,-0.3006,1.6251,2.5802,0.9735,0.6862,0.974,0.2606,0.7251,openmesh 2024-03-09 19
openmesh,rnn idw,radar,2.0,2416,2.6505,2.2928,-0.3578,-0.135,1.0023,1.5774,0.5951,0.9224,0.9994,0.1276,0.8719,openmesh 2024-03-09 19
openmesh,rnn line,radar,2.0,2416,2.6505,2.3644,-0.2862,-0.108,1.067,1.6338,0.6164,0.9083,1.0,0.1209,0.8791,openmesh 2024-03-09 19
openmesh,rnn gmz,radar,2.0,2416,2.6505,2.3636,-0.2869,-0.1083,1.0893,1.6921,0.6384,0.8931,0.9994,0.1215,0.8781,openmesh 2024-03-09 19
openmesh,dynamic idw,pws,2.0,2416,2.7199,4.3031,1.5832,0.5821,2.3238,3.5837,1.3176,0.7036,0.9928,0.2406,0.7552,openmesh 2024-03-09 19
openmesh,dynamic line,pws,2.0,2416,2.7199,4.0547,1.3348,0.4907,2.1482,3.3657,1.2374,0.7107,0.9917,0.237,0.7582,openmesh 2024-03-09 19
openmesh,dynamic gmz,pws,2.0,2416,2.7199,4.1205,1.4006,0.515,2.2812,3.5601,1.3089,0.6928,0.9901,0.237,0.7573,openmesh 2024-03-09 19
openmesh,constant idw,pws,2.0,2416,2.7199,1.7775,-0.9424,-0.3465,1.7423,2.9896,1.0992,0.6607,0.8608,0.0623,0.8143,openmesh 2024-03-09 19
openmesh,constant line,pws,2.0,2416,2.7199,1.8125,-0.9074,-0.3336,1.7109,2.9932,1.1005,0.6557,0.8702,0.065,0.8205,openmesh 2024-03-09 19
openmesh,constant gmz,pws,2.0,2416,2.7199,1.8556,-0.8643,-0.3178,1.71,3.0037,1.1043,0.6537,0.8729,0.0687,0.8202,openmesh 2024-03-09 19
openmesh,pycomlink idw,pws,2.0,2416,2.7199,1.2963,-1.4236,-0.5234,1.7559,2.9908,1.0996,0.6999,0.5831,0.0038,0.5818,openmesh 2024-03-09 19
openmesh,pycomlink line,pws,2.0,2416,2.7199,1.2634,-1.4565,-0.5355,1.7805,3.0229,1.1114,0.6946,0.5842,0.0028,0.5832,openmesh 2024-03-09 19
openmesh,pycomlink gmz,pws,2.0,2416,2.7199,1.2864,-1.4335,-0.527,1.7813,3.0278,1.1132,0.6902,0.5847,0.0028,0.5837,openmesh 2024-03-09 19
openmesh,nearby idw,pws,2.0,2416,2.7199,1.8525,-0.8674,-0.3189,1.5856,2.8467,1.0466,0.6778,0.9571,0.18,0.7909,openmesh 2024-03-09 19
openmesh,nearby line,pws,2.0,2416,2.7199,1.7765,-0.9434,-0.3469,1.5365,2.7691,1.0181,0.7077,0.9576,0.1666,0.8038,openmesh 2024-03-09 19
openmesh,nearby gmz,pws,2.0,2416,2.7199,1.8539,-0.866,-0.3184,1.5897,2.8306,1.0407,0.6819,0.9499,0.1877,0.779,openmesh 2024-03-09 19
openmesh,rnn idw,pws,2.0,2416,2.7199,2.2928,-0.4271,-0.157,1.2344,2.1233,0.7807,0.8621,0.9763,0.04,0.9382,openmesh 2024-03-09 19
openmesh,rnn line,pws,2.0,2416,2.7199,2.3644,-0.3555,-0.1307,1.3101,2.1728,0.7989,0.8469,0.9708,0.0387,0.9344,openmesh 2024-03-09 19
openmesh,rnn gmz,pws,2.0,2416,2.7199,2.3636,-0.3563,-0.131,1.3288,2.2127,0.8135,0.834,0.9708,0.0387,0.9344,openmesh 2024-03-09 19
openmesh,pws,radar,,7424,2.5887,2.6502,0.0616,0.0238,0.6574,1.2191,0.4709,0.9383,0.9992,0.1286,0.8707,openmesh 2024-03-09 19
openmesh,dynamic idw,radar,,7392,2.5894,4.4369,1.8475,0.7135,2.3636,3.4601,1.3363,0.729,0.9981,0.3131,0.6861,openmesh 2024-03-09 19
openmesh,dynamic line,radar,,7424,2.5887,4.2589,1.6702,0.6452,2.2656,3.3403,1.2903,0.7216,0.9996,0.3101,0.6897,openmesh 2024-03-09 19
openmesh,dynamic gmz,radar,,7424,2.5887,4.2868,1.6982,0.656,2.3928,3.5049,1.3539,0.6979,0.9969,0.3107,0.6879,openmesh 2024-03-09 19
openmesh,constant idw,radar,,7392,2.5894,2.2868,-0.3026,-0.1169,1.9501,2.9474,1.1383,0.6183,0.9372,0.1661,0.7898,openmesh 2024-03-09 19
openmesh,constant line,radar,,7424,2.5887,2.3082,-0.2805,-0.1083,1.9249,2.934,1.1334,0.6179,0.9487,0.1658,0.7982,openmesh 2024-03-09 19
openmesh,constant gmz,radar,,7424,2.5887,2.333,-0.2557,-0.0988,1.9273,2.9667,1.146,0.6124,0.9491,0.1695,0.7951,openmesh 2024-03-09 19
openmesh,pycomlink idw,radar,,7392,2.5894,1.5035,-1.0859,-0.4194,1.7183,2.6788,1.0345,0.6764,0.7089,0.0038,0.707,openmesh 2024-03-09 19
openmesh,pycomlink line,radar,,7424,2.5887,1.4712,-1.1174,-0.4317,1.7442,2.7177,1.0498,0.666,0.7107,0.0049,0.7082,openmesh 2024-03-09 19
openmesh,pycomlink gmz,radar,,7424,2.5887,1.4767,-1.112,-0.4295,1.7527,2.7534,1.0636,0.6565,0.7099,0.0066,0.7066,openmesh 2024-03-09 19
openmesh,nearby idw,radar,,7392,2.5894,1.9845,-0.6049,-0.2336,1.6147,2.5403,0.981,0.6779,0.9683,0.2311,0.75,openmesh 2024-03-09 19
openmesh,nearby line,radar,,7424,2.5887,1.9258,-0.6629,-0.2561,1.6018,2.5292,0.977,0.6795,0.9721,0.2264,0.7567,openmesh 2024-03-09 19
openmesh,nearby gmz,radar,,7424,2.5887,1.9665,-0.6222,-0.2404,1.6429,2.5877,0.9996,0.6633,0.9625,0.2401,0.738,openmesh 2024-03-09 19
openmesh,rnn idw,radar,,7392,2.5894,2.2344,-0.355,-0.1371,1.0066,1.5567,0.6012,0.9181,0.9998,0.1365,0.8634,openmesh 2024-03-09 19
openmesh,rnn line,radar,,7424,2.5887,2.2887,-0.2999,-0.1159,1.0483,1.5886,0.6137,0.9091,1.0,0.1337,0.8663,openmesh 2024-03-09 19
openmesh,rnn gmz,radar,,7424,2.5887,2.2837,-0.3049,-0.1178,1.0636,1.6208,0.6261,0.9019,0.9998,0.1354,0.8645,openmesh 2024-03-09 19
openmesh,dynamic idw,pws,,7392,2.657,4.4369,1.7799,0.6699,2.4391,3.5263,1.3272,0.7105,0.9824,0.2252,0.7642,openmesh 2024-03-09 19
openmesh,dynamic line,pws,,7424,2.6502,4.2589,1.6086,0.607,2.3115,3.3844,1.277,0.7117,0.9828,0.2222,0.7674,openmesh 2024-03-09 19
openmesh,dynamic gmz,pws,,7424,2.6502,4.2868,1.6366,0.6175,2.4185,3.523,1.3293,0.6943,0.9792,0.2236,0.7639,openmesh 2024-03-09 19
openmesh,constant idw,pws,,7392,2.657,2.2868,-0.3702,-0.1393,1.7884,2.9576,1.1131,0.6466,0.874,0.1087,0.7898,openmesh 2024-03-09 19
openmesh,constant line,pws,,7424,2.6502,2.3082,-0.342,-0.1291,1.7576,2.9412,1.1098,0.6468,0.8837,0.109,0.7975,openmesh 2024-03-09 19
openmesh,constant gmz,pws,,7424,2.6502,2.333,-0.3172,-0.1197,1.7634,2.9599,1.1169,0.6444,0.8846,0.1124,0.7955,openmesh 2024-03-09 19
openmesh,pycomlink idw,pws,,7392,2.657,1.5035,-1.1535,-0.4341,1.6605,2.8599,1.0764,0.677,0.62,0.0014,0.6194,openmesh 2024-03-09 19
openmesh,pycomlink line,pws,,7424,2.6502,1.4712,-1.179,-0.4449,1.6802,2.8825,1.0876,0.6712,0.6221,0.0011,0.6217,openmesh 2024-03-09 19
openmesh,pycomlink gmz,pws,,7424,2.6502,1.4767,-1.1735,-0.4428,1.6882,2.8978,1.0934,0.6672,0.6225,0.0011,0.622,openmesh 2024-03-09 19
openmesh,nearby idw,pws,,7392,2.657,1.9845,-0.6725,-0.2531,1.5721,2.8008,1.0541,0.6539,0.9313,0.1525,0.7977,openmesh 2024-03-09 19
openmesh,nearby line,pws,,7424,2.6502,1.9258,-0.7244,-0.2733,1.5445,2.7705,1.0454,0.6613,0.9354,0.1464,0.806,openmesh 2024-03-09 19
openmesh,nearby gmz,pws,,7424,2.6502,1.9665,-0.6838,-0.258,1.5952,2.8077,1.0594,0.6501,0.9259,0.1617,0.7856,openmesh 2024-03-09 19
openmesh,rnn idw,pws,,7392,2.657,2.2344,-0.4226,-0.1591,1.194,2.0708,0.7794,0.851,0.9811,0.0288,0.9534,openmesh 2024-03-09 19
openmesh,rnn line,pws,,7424,2.6502,2.2887,-0.3615,-0.1364,1.2414,2.0983,0.7918,0.8401,0.9766,0.0299,0.9481,openmesh 2024-03-09 19
openmesh,rnn gmz,pws,,7424,2.6502,2.2837,-0.3665,-0.1383,1.2549,2.118,0.7992,0.8349,0.9784,0.0298,0.9498,openmesh 2024-03-09 19
openmesh,pws,radar,2.0,2416,4.6054,4.8808,0.2754,0.0598,1.0237,2.4527,0.5326,0.8634,0.9931,0.0868,0.9075,openmesh 2024-03-23 06
openmesh,dynamic idw,radar,2.0,2416,4.6054,4.9796,0.3741,0.0812,2.7579,3.9763,0.8634,0.5183,1.0,0.0953,0.9047,openmesh 2024-03-23 06
openmesh,dynamic line,radar,2.0,2416,4.6054,4.7213,0.1158,0.0252,2.7062,3.8841,0.8434,0.5172,1.0,0.0953,0.9047,openmesh 2024-03-23 06
openmesh,dynamic gmz,radar,2.0,2416,4.6054,4.7941,0.1887,0.041,2.84,4.0708,0.8839,0.4967,0.9977,0.0952,0.903,openmesh 2024-03-23 06
openmesh,constant idw,radar,2.0,2416,4.6054,2.3968,-2.2086,-0.4796,3.0268,4.0798,0.8859,0.5267,0.8546,0.0164,0.8426,openmesh 2024-03-23 06
openmesh,constant line,radar,2.0,2416,4.6054,2.4105,-2.1949,-0.4766,3.0083,4.0847,0.8869,0.5209,0.8578,0.0189,0.8438,openmesh 2024-03-23 06
openmesh,constant gmz,radar,2.0,2416,4.6054,2.4699,-2.1356,-0.4637,2.9856,4.0795,0.8858,0.5188,0.8587,0.0179,0.8455,openmesh 2024-03-23 06
openmesh,pycomlink idw,radar,2.0,2416,4.6054,3.2984,-1.307,-0.2838,2.3833,3.4713,0.7537,0.5921,0.9899,0.0943,0.8974,openmesh 2024-03-23 06
openmesh,pycomlink line,radar,2.0,2416,4.6054,3.2392,-1.3662,-0.2966,2.424,3.5285,0.7662,0.5791,0.9913,0.095,0.8979,openmesh 2024-03-23 06
openmesh,pycomlink gmz,radar,2.0,2416,4.6054,3.286,-1.3194,-0.2865,2.445,3.5696,0.7751,0.5696,0.988,0.0956,0.8946,openmesh 2024-03-23 06
openmesh,nearby idw,radar,2.0,2416,4.6054,2.6755,-1.9299,-0.4191,2.7118,3.913,0.8497,0.4911,0.9761,0.0523,0.9262,openmesh 2024-03-23 06
openmesh,nearby line,radar,2.0,2416,4.6054,2.6429,-1.9626,-0.4261,2.7409,3.9532,0.8584,0.4815,0.9784,0.0547,0.926,openmesh 2024-03-23 06
openmesh,nearby gmz,radar,2.0,2416,4.6054,2.6905,-1.9149,-0.4158,2.7487,3.9674,0.8615,0.4764,0.9761,0.0535,0.925,openmesh 2024-03-23 06
openmesh,rnn idw,radar,2.0,2416,4.6054,3.8598,-0.7457,-0.1619,1.7892,2.8769,0.6247,0.7184,0.9839,0.059,0.9267,openmesh 2024-03-23 06
openmesh,rnn line,radar,2.0,2416,4.6054,3.8861,-0.7193,-0.1562,1.8004,2.8807,0.6255,0.7134,0.9839,0.0606,0.9251,openmesh 2024-03-23 06
openmesh,rnn gmz,radar,2.0,2416,4.6054,3.8779,-0.7275,-0.158,1.8333,2.9167,0.6333,0.6956,0.9848,0.0606,0.926,openmesh 2024-03-23 06
openmesh,dynamic idw,pws,2.0,2416,4.8808,4.9796,0.0988,0.0202,2.9469,4.7778,0.9789,0.444,0.9949,0.0212,0.9739,openmesh 2024-03-23 06
openmesh,dynamic line,pws,2.0,2416,4.8808,4.7213,-0.1595,-0.0327,2.8594,4.676,0.958,0.454,0.9949,0.0212,0.9739,openmesh 2024-03-23 06
openmesh,dynamic gmz,pws,2.0,2416,4.8808,4.7941,-0.0867,-0.0178,2.9742,4.8044,0.9844,0.4415,0.9924,0.0213,0.9714,openmesh 2024-03-23 06
openmesh,constant idw,pws,2.0,2416,4.8808,2.3968,-2.484,-0.5089,2.9189,4.6438,0.9514,0.5783,0.7935,0.0069,0.7891,openmesh 2024-03-23 06
openmesh,constant line,pws,2.0,2416,4.8808,2.4105,-2.4703,-0.5061,2.8937,4.6328,0.9492,0.579,0.799,0.0063,0.7949,openmesh 2024-03-23 06
openmesh,constant gmz,pws,2.0,2416,4.8808,2.4699,-2.4109,-0.494,2.8636,4.6142,0.9454,0.577,0.7986,0.0068,0.7942,openmesh 2024-03-23 06
openmesh,pycomlink idw,pws,2.0,2416,4.8808,3.2984,-1.5824,-0.3242,2.2617,4.1622,0.8528,0.599,0.9835,0.0215,0.9627,openmesh 2024-03-23 06
openmesh,pycomlink line,pws,2.0,2416,4.8808,3.2392,-1.6415,-0.3363,2.2795,4.1749,0.8554,0.6009,0.986,0.021,0.9656,openmesh 2024-03-23 06
openmesh,pycomlink gmz,pws,2.0,2416,4.8808,3.286,-1.5948,-0.3268,2.2912,4.185,0.8574,0.5954,0.9835,0.0211,0.9631,openmesh 2024-03-23 06
openmesh,nearby idw,pws,2.0,2416,4.8808,2.6755,-2.2053,-0.4518,2.7211,4.7538,0.974,0.4809,0.934,0.0139,0.9219,openmesh 2024-03-23 06
openmesh,nearby line,pws,2.0,2416,4.8808,2.6429,-2.2379,-0.4585,2.7369,4.763,0.9759,0.483,0.9386,0.0138,0.9265,openmesh 2024-03-23 06
openmesh,nearby gmz,pws,2.0,2416,4.8808,2.6905,-2.1903,-0.4488,2.7329,4.7584,0.9749,0.4799,0.9357,0.0134,0.9239,openmesh 2024-03-23 06
openmesh,rnn idw,pws,2.0,2416,4.8808,3.8598,-1.021,-0.2092,2.1518,4.1993,0.8604,0.5475,0.9437,0.0185,0.9272,openmesh 2024-03-23 06
openmesh,rnn line,pws,2.0,2416,4.8808,3.8861,-0.9947,-0.2038,2.1411,4.19,0.8585,0.5483,0.9454,0.0185,0.9289,openmesh 2024-03-23 06
openmesh,rnn gmz,pws,2.0,2416,4.8808,3.8779,-1.0029,-0.2055,2.1739,4.2114,0.8628,0.5364,0.9463,0.0184,0.9297,openmesh 2024-03-23 06
openmesh,pws,radar,,7424,4.6574,4.9248,0.2674,0.0574,1.2632,2.4582,0.5278,0.8699,0.9961,0.0725,0.9242,openmesh 2024-03-23 06
openmesh,dynamic idw,radar,,7392,4.6584,5.1245,0.4662,0.1001,2.6999,3.6839,0.7908,0.5575,1.0,0.0872,0.9128,openmesh 2024-03-23 06
openmesh,dynamic line,radar,,7424,4.6574,4.9312,0.2737,0.0588,2.6753,3.6428,0.7822,0.553,1.0,0.0869,0.9131,openmesh 2024-03-23 06
openmesh,dynamic gmz,radar,,7424,4.6574,4.973,0.3155,0.0677,2.7926,3.7966,0.8152,0.5321,0.9985,0.086,0.9127,openmesh 2024-03-23 06
openmesh,constant idw,radar,,7392,4.6584,2.9656,-1.6927,-0.3634,2.9739,4.0745,0.8747,0.489,0.8645,0.0147,0.8535,openmesh 2024-03-23 06
openmesh,constant line,radar,,7424,4.6574,2.9556,-1.7018,-0.3654,2.98,4.0848,0.877,0.4844,0.8701,0.0161,0.8579,openmesh 2024-03-23 06
openmesh,constant gmz,radar,,7424,4.6574,2.9923,-1.6651,-0.3575,2.9642,4.0894,0.878,0.482,0.8715,0.0194,0.8567,openmesh 2024-03-23 06
openmesh,pycomlink idw,radar,,7392,4.6584,3.8458,-0.8125,-0.1744,2.4209,3.5196,0.7555,0.5559,0.9958,0.0949,0.9016,openmesh 2024-03-23 06
openmesh,pycomlink line,radar,,7424,4.6574,3.7634,-0.8941,-0.192,2.4807,3.5813,0.7689,0.5408,0.9966,0.0956,0.9016,openmesh 2024-03-23 06
openmesh,pycomlink gmz,radar,,7424,4.6574,3.7765,-0.881,-0.1892,2.5027,3.6191,0.7771,0.534,0.9946,0.0958,0.8998,openmesh 2024-03-23 06
openmesh,nearby idw,radar,,7392,4.6584,3.0829,-1.5755,-0.3382,2.9341,4.164,0.8939,0.3889,0.9782,0.0592,0.9215,openmesh 2024-03-23 06
openmesh,nearby line,radar,,7424,4.6574,3.0258,-1.6316,-0.3503,2.9714,4.1981,0.9014,0.3798,0.9799,0.0609,0.9214,openmesh 2024-03-23 06
openmesh,nearby gmz,radar,,7424,4.6574,3.0574,-1.6,-0.3435,2.9704,4.1902,0.8997,0.3845,0.9804,0.0605,0.9222,openmesh 2024-03-23 06
openmesh,rnn idw,radar,,7392,4.6584,3.812,-0.8464,-0.1817,1.8729,2.9866,0.6411,0.7066,0.9823,0.0575,0.9267,openmesh 2024-03-23 06
openmesh,rnn line,radar,,7424,4.6574,3.8213,-0.8362,-0.1795,1.8866,2.9927,0.6426,0.7022,0.9823,0.0582,0.9261,openmesh 2024-03-23 06
openmesh,rnn gmz,radar,,7424,4.6574,3.819,-0.8385,-0.18,1.9061,3.0108,0.6465,0.6928,0.9826,0.0584,0.9262,openmesh 2024-03-23 06
openmesh,dynamic idw,pws,,7392,4.939,5.1245,0.1855,0.0376,2.9053,4.5107,0.9133,0.4955,0.9877,0.0317,0.9568,openmesh 2024-03-23 06
openmesh,dynamic line,pws,,7424,4.9248,4.9312,0.0064,0.0013,2.8495,4.4495,0.9035,0.502,0.9873,0.0318,0.9563,openmesh 2024-03-23 06
openmesh,dynamic gmz,pws,,7424,4.9248,4.973,0.0482,0.0098,2.9455,4.5452,0.9229,0.4901,0.9858,0.031,0.9557,openmesh 2024-03-23 06
openmesh,constant idw,pws,,7392,4.939,2.9656,-1.9734,-0.3995,2.6713,4.5482,0.9209,0.5643,0.8126,0.0053,0.8091,openmesh 2024-03-23 06
openmesh,constant line,pws,,7424,4.9248,2.9556,-1.9692,-0.3999,2.6667,4.542,0.9223,0.5638,0.819,0.0054,0.8154,openmesh 2024-03-23 06
openmesh,constant gmz,pws,,7424,4.9248,2.9923,-1.9325,-0.3924,2.6474,4.5346,0.9208,0.5629,0.8207,0.0083,0.8151,openmesh 2024-03-23 06
openmesh,pycomlink idw,pws,,7392,4.939,3.8458,-1.0932,-0.2213,2.081,4.114,0.833,0.5928,0.9923,0.0313,0.9615,openmesh 2024-03-23 06
openmesh,pycomlink line,pws,,7424,4.9248,3.7634,-1.1614,-0.2358,2.1235,4.1335,0.8393,0.5907,0.9941,0.0311,0.9634,openmesh 2024-03-23 06
openmesh,pycomlink gmz,pws,,7424,4.9248,3.7765,-1.1483,-0.2332,2.1411,4.1422,0.8411,0.589,0.9923,0.0312,0.9617,openmesh 2024-03-23 06
openmesh,nearby idw,pws,,7392,4.939,3.0829,-1.8561,-0.3758,2.8001,4.952,1.0026,0.4055,0.9459,0.023,0.9253,openmesh 2024-03-23 06
openmesh,nearby line,pws,,7424,4.9248,3.0258,-1.899,-0.3856,2.8219,4.9529,1.0057,0.4072,0.9491,0.0232,0.9282,openmesh 2024-03-23 06
openmesh,nearby gmz,pws,,7424,4.9248,3.0574,-1.8674,-0.3792,2.8116,4.9331,1.0017,0.413,0.9496,0.0228,0.929,openmesh 2024-03-23 06
openmesh,rnn idw,pws,,7392,4.939,3.812,-1.127,-0.2282,2.2825,4.3648,0.8837,0.533,0.9396,0.0317,0.9115,openmesh 2024-03-23 06
openmesh,rnn line,pws,,7424,4.9248,3.8213,-1.1035,-0.2241,2.2848,4.3565,0.8846,0.532,0.9404,0.0318,0.9122,openmesh 2024-03-23 06
openmesh,rnn gmz,pws,,7424,4.9248,3.819,-1.1058,-0.2245,2.3037,4.3663,0.8866,0.5262,0.9408,0.0318,0.9126,openmesh 2024-03-23 06
openmesh,pws,radar,2.0,4530,0.7154,0.8007,0.0853,0.1192,0.2705,0.7695,1.0757,0.8588,0.9128,0.1307,0.8027,openmesh 2024-03-27 21
openmesh,dynamic idw,radar,2.0,4530,0.7154,2.2667,1.5513,2.1686,1.6141,2.3948,3.3476,0.5401,0.9943,0.3452,0.6523,openmesh 2024-03-27 21
openmesh,dynamic line,radar,2.0,4530,0.7154,2.0809,1.3656,1.9089,1.4368,2.1409,2.9927,0.5572,0.9932,0.3437,0.6534,openmesh 2024-03-27 21
openmesh,dynamic gmz,radar,2.0,4530,0.7154,2.1493,1.434,2.0045,1.5363,2.3189,3.2416,0.525,0.9872,0.3448,0.6497,openmesh 2024-03-27 21
openmesh,constant idw,radar,2.0,4530,0.7154,0.1614,-0.5539,-0.7743,0.5639,0.8897,1.2437,0.7707,0.2825,0.0165,0.2812,openmesh 2024-03-27 21
openmesh,constant line,radar,2.0,4530,0.7154,0.1831,-0.5323,-0.7441,0.5432,0.8558,1.1964,0.8019,0.3815,0.0183,0.3789,openmesh 2024-03-27 21
openmesh,constant gmz,radar,2.0,4530,0.7154,0.1964,-0.519,-0.7255,0.534,0.8434,1.179,0.793,0.4123,0.0185,0.4091,openmesh 2024-03-27 21
openmesh,pycomlink idw,radar,2.0,4530,0.7154,0.1835,-0.5319,-0.7435,0.5622,0.8562,1.1968,0.7472,0.2562,0.1124,0.2481,openmesh 2024-03-27 21
openmesh,pycomlink line,radar,2.0,4530,0.7154,0.1869,-0.5285,-0.7388,0.556,0.8441,1.18,0.763,0.2808,0.1131,0.2711,openmesh 2024-03-27 21
openmesh,pycomlink gmz,radar,2.0,4530,0.7154,0.1955,-0.5199,-0.7268,0.5541,0.8448,1.1809,0.747,0.292,0.112,0.2816,openmesh 2024-03-27 21
openmesh,nearby idw,radar,2.0,4430,0.719,0.274,-0.445,-0.6189,0.5155,0.8014,1.1146,0.7735,0.5755,0.1334,0.5287,openmesh 2024-03-27 21
openmesh,nearby line,radar,2.0,4432,0.719,0.2848,-0.4342,-0.6039,0.5002,0.7753,1.0783,0.7989,0.6198,0.122,0.5707,openmesh 2024-03-27 21
openmesh,nearby gmz,radar,2.0,4432,0.719,0.2959,-0.423,-0.5884,0.4961,0.7741,1.0767,0.782,0.634,0.1272,0.5804,openmesh 2024-03-27 21
openmesh,rnn idw,radar,2.0,4530,0.7154,0.8863,0.171,0.239,0.2796,0.4291,0.5998,0.9548,0.9743,0.1897,0.7933,openmesh 2024-03-27 21
openmesh,rnn line,radar,2.0,4530,0.7154,0.9196,0.2043,0.2855,0.2975,0.4609,0.6443,0.9562,0.9747,0.1899,0.7934,openmesh 2024-03-27 21
openmesh,rnn gmz,radar,2.0,4530,0.7154,0.9222,0.2069,0.2892,0.3059,0.4925,0.6884,0.9472,0.9733,0.1885,0.7938,openmesh 2024-03-27 21
openmesh,dynamic idw,pws,2.0,4530,0.8007,2.2667,1.466,1.8311,1.6569,2.4313,3.0366,0.4749,0.9945,0.3123,0.6851,openmesh 2024-03-27 21
openmesh,dynamic line,pws,2.0,4530,0.8007,2.0809,1.2803,1.5991,1.4949,2.2026,2.751,0.485,0.9939,0.3104,0.6867,openmesh 2024-03-27 21
openmesh,dynamic gmz,pws,2.0,4530,0.8007,2.1493,1.3487,1.6845,1.592,2.3685,2.9582,0.4595,0.9894,0.3105,0.6845,openmesh 2024-03-27 21
openmesh,constant idw,pws,2.0,4530,0.8007,0.1614,-0.6392,-0.7984,0.6475,1.3028,1.6272,0.7196,0.2687,0.0176,0.2675,openmesh 2024-03-27 21
openmesh,constant line,pws,2.0,4530,0.8007,0.1831,-0.6176,-0.7714,0.6262,1.2754,1.593,0.7427,0.3637,0.0174,0.3614,openmesh 2024-03-27 21
openmesh,constant gmz,pws,2.0,4530,0.8007,0.1964,-0.6043,-0.7547,0.6171,1.2654,1.5805,0.7284,0.393,0.0177,0.3902,openmesh 2024-03-27 21
openmesh,pycomlink idw,pws,2.0,4530,0.8007,0.1835,-0.6172,-0.7708,0.6392,1.2483,1.5591,0.707,0.2572,0.0644,0.2527,openmesh 2024-03-27 21
openmesh,pycomlink line,pws,2.0,4530,0.8007,0.1869,-0.6138,-0.7666,0.6334,1.2396,1.5482,0.7201,0.2852,0.0544,0.2806,openmesh 2024-03-27 21
openmesh,pycomlink gmz,pws,2.0,4530,0.8007,0.1955,-0.6052,-0.7559,0.6303,1.2341,1.5413,0.7064,0.2955,0.0565,0.2903,openmesh 2024-03-27 21
openmesh,nearby idw,pws,2.0,4430,0.8069,0.274,-0.5329,-0.6604,0.5847,1.2219,1.5143,0.7258,0.5787,0.0811,0.5506,openmesh 2024-03-27 21
openmesh,nearby line,pws,2.0,4432,0.8067,0.2848,-0.5219,-0.647,0.5698,1.2034,1.4918,0.7418,0.62,0.0738,0.5908,openmesh 2024-03-27 21
openmesh,nearby gmz,pws,2.0,4432,0.8067,0.2959,-0.5108,-0.6332,0.5647,1.2009,1.4887,0.7225,0.6345,0.0789,0.6018,openmesh 2024-03-27 21
openmesh,rnn idw,pws,2.0,4530,0.8007,0.8863,0.0857,0.107,0.2941,0.7086,0.885,0.8692,0.98,0.1442,0.8412,openmesh 2024-03-27 21
openmesh,rnn line,pws,2.0,4530,0.8007,0.9196,0.119,0.1486,0.3124,0.7204,0.8997,0.8661,0.9807,0.1441,0.8417,openmesh 2024-03-27 21
openmesh,rnn gmz,pws,2.0,4530,0.8007,0.9222,0.1216,0.1518,0.3217,0.7416,0.9262,0.8577,0.9784,0.1434,0.8407,openmesh 2024-03-27 21
openmesh,pws,radar,,13920,0.7476,0.8324,0.0848,0.1135,0.3292,0.8501,1.1371,0.8409,0.9157,0.1139,0.8193,openmesh 2024-03-27 21
openmesh,dynamic idw,radar,,13860,0.7462,2.3568,1.6106,2.1585,1.7291,2.3196,3.1086,0.5489,0.9826,0.3313,0.6609,openmesh 2024-03-27 21
openmesh,dynamic line,radar,,13920,0.7476,2.22,1.4723,1.9694,1.6051,2.1536,2.8807,0.5472,0.9863,0.3275,0.6663,openmesh 2024-03-27 21
openmesh,dynamic gmz,radar,,13920,0.7476,2.2731,1.5255,2.0405,1.6895,2.2785,3.0477,0.5194,0.978,0.329,0.661,openmesh 2024-03-27 21
openmesh,constant idw,radar,,13860,0.7462,0.1794,-0.5668,-0.7596,0.5762,0.9067,1.2152,0.7697,0.2919,0.0052,0.2915,openmesh 2024-03-27 21
openmesh,constant line,radar,,13920,0.7476,0.1937,-0.5539,-0.7409,0.5638,0.888,1.1877,0.7881,0.3791,0.0059,0.3782,openmesh 2024-03-27 21
openmesh,constant gmz,radar,,13920,0.7476,0.2042,-0.5434,-0.7268,0.5549,0.8747,1.17,0.7915,0.4079,0.006,0.4069,openmesh 2024-03-27 21
openmesh,pycomlink idw,radar,,13860,0.7462,0.1974,-0.5488,-0.7354,0.573,0.8608,1.1536,0.7738,0.2611,0.1134,0.2526,openmesh 2024-03-27 21
openmesh,pycomlink line,radar,,13920,0.7476,0.1972,-0.5504,-0.7362,0.5726,0.8611,1.1518,0.7796,0.2926,0.1052,0.2829,openmesh 2024-03-27 21
openmesh,pycomlink gmz,radar,,13920,0.7476,0.2051,-0.5426,-0.7257,0.5689,0.8541,1.1424,0.7761,0.3006,0.1079,0.29,openmesh 2024-03-27 21
openmesh,nearby idw,radar,,13254,0.7545,0.3157,-0.4389,-0.5816,0.5253,0.82,1.0867,0.7622,0.6153,0.1604,0.5506,openmesh 2024-03-27 21
openmesh,nearby line,radar,,13325,0.7558,0.3209,-0.4349,-0.5754,0.5175,0.8084,1.0695,0.7761,0.6499,0.1493,0.5834,openmesh 2024-03-27 21
openmesh,nearby gmz,radar,,13325,0.7558,0.3293,-0.4266,-0.5644,0.5132,0.8047,1.0646,0.7708,0.6642,0.1509,0.594,openmesh 2024-03-27 21
openmesh,rnn idw,radar,,13860,0.7462,0.8711,0.1249,0.1674,0.286,0.4506,0.6039,0.9333,0.9715,0.1707,0.8096,openmesh 2024-03-27 21
openmesh,rnn line,radar,,13920,0.7476,0.8953,0.1477,0.1976,0.2948,0.4647,0.6216,0.9353,0.9719,0.1707,0.8098,openmesh 2024-03-27 21
openmesh,rnn gmz,radar,,13920,0.7476,0.8982,0.1505,0.2014,0.2977,0.4737,0.6336,0.933,0.9714,0.1698,0.8104,openmesh 2024-03-27 21
openmesh,dynamic idw,pws,,13860,0.8309,2.3568,1.5259,1.8363,1.8091,2.4143,2.9055,0.4544,0.9827,0.3089,0.6827,openmesh 2024-03-27 21
openmesh,dynamic line,pws,,13920,0.8324,2.22,1.3875,1.6668,1.6939,2.2745,2.7323,0.4478,0.9843,0.3065,0.6859,openmesh 2024-03-27 21
openmesh,dynamic gmz,pws,,13920,0.8324,2.2731,1.4407,1.7306,1.7779,2.3928,2.8744,0.4237,0.9769,0.3074,0.6814,openmesh 2024-03-27 21
openmesh,constant idw,pws,,13860,0.8309,0.1794,-0.6516,-0.7842,0.6567,1.3656,1.6435,0.7026,0.2823,0.0059,0.2819,openmesh 2024-03-27 21
openmesh,constant line,pws,,13920,0.8324,0.1937,-0.6387,-0.7673,0.644,1.3509,1.6228,0.7211,0.3668,0.0062,0.3659,openmesh 2024-03-27 21
openmesh,constant gmz,pws,,13920,0.8324,0.2042,-0.6282,-0.7547,0.635,1.3411,1.6111,0.719,0.3946,0.0063,0.3936,openmesh 2024-03-27 21
openmesh,pycomlink idw,pws,,13860,0.8309,0.1974,-0.6335,-0.7624,0.6484,1.3043,1.5696,0.7124,0.2664,0.0651,0.2615,openmesh 2024-03-27 21
openmesh,pycomlink line,pws,,13920,0.8324,0.1972,-0.6352,-0.7631,0.6481,1.309,1.5725,0.7178,0.2989,0.0554,0.2938,openmesh 2024-03-27 21
openmesh,pycomlink gmz,pws,,13920,0.8324,0.2051,-0.6274,-0.7537,0.6433,1.3003,1.562,0.7138,0.3072,0.0579,0.3015,openmesh 2024-03-27 21
openmesh,nearby idw,pws,,13254,0.847,0.3157,-0.5313,-0.6273,0.5914,1.2997,1.5345,0.6944,0.6313,0.1017,0.5892,openmesh 2024-03-27 21
openmesh,nearby line,pws,,13325,0.8481,0.3209,-0.5271,-0.6216,0.5834,1.2945,1.5265,0.7044,0.6639,0.094,0.6211,openmesh 2024-03-27 21
openmesh,nearby gmz,pws,,13325,0.8481,0.3293,-0.5188,-0.6117,0.5792,1.2942,1.5261,0.6933,0.6779,0.0964,0.6321,openmesh 2024-03-27 21
openmesh,rnn idw,pws,,13860,0.8309,0.8711,0.0401,0.0483,0.3338,0.79,0.9507,0.8511,0.9801,0.1355,0.8495,openmesh 2024-03-27 21
openmesh,rnn line,pws,,13920,0.8324,0.8953,0.0629,0.0755,0.3419,0.7918,0.9511,0.8508,0.9807,0.1353,0.8502,openmesh 2024-03-27 21
openmesh,rnn gmz,pws,,13920,0.8324,0.8982,0.0657,0.0789,0.3471,0.8006,0.9618,0.8468,0.9795,0.1349,0.8497,openmesh 2024-03-27 21
openmesh,pws,radar,2.0,2265,1.6408,1.6407,-0.0001,-0.0001,0.4139,0.8891,0.5418,0.8746,0.9184,0.061,0.8667,openmesh 2024-04-02 10
openmesh,dynamic idw,radar,2.0,2265,1.6408,3.6719,2.0311,1.2378,2.2635,3.7907,2.3102,0.5952,0.995,0.1126,0.8834,openmesh 2024-04-02 10
openmesh,dynamic line,radar,2.0,2265,1.6408,3.4636,1.8227,1.1108,2.0753,3.58,2.1818,0.5957,0.9945,0.1119,0.8838,openmesh 2024-04-02 10
openmesh,dynamic gmz,radar,2.0,2265,1.6408,3.5381,1.8973,1.1563,2.2189,3.7378,2.278,0.5794,0.9925,0.1117,0.8824,openmesh 2024-04-02 10
openmesh,constant idw,radar,2.0,2265,1.6408,1.0837,-0.5572,-0.3396,1.5155,2.4136,1.4709,0.4762,0.5395,0.0225,0.5329,openmesh 2024-04-02 10
openmesh,constant line,radar,2.0,2265,1.6408,1.1321,-0.5087,-0.31,1.4704,2.3978,1.4613,0.4785,0.5838,0.0273,0.5744,openmesh 2024-04-02 10
openmesh,constant gmz,radar,2.0,2265,1.6408,1.162,-0.4788,-0.2918,1.458,2.3955,1.4599,0.4824,0.6032,0.0265,0.5934,openmesh 2024-04-02 10
openmesh,pycomlink idw,radar,2.0,2265,1.6408,1.1036,-0.5372,-0.3274,1.5295,2.6894,1.639,0.4598,0.5515,0.0649,0.5311,openmesh 2024-04-02 10
openmesh,pycomlink line,radar,2.0,2265,1.6408,1.1399,-0.5009,-0.3053,1.4981,2.6827,1.6349,0.462,0.5709,0.0697,0.5474,openmesh 2024-04-02 10
openmesh,pycomlink gmz,radar,2.0,2265,1.6408,1.1663,-0.4745,-0.2892,1.4833,2.6812,1.634,0.4657,0.5738,0.0701,0.55,openmesh 2024-04-02 10
openmesh,nearby idw,radar,2.0,2221,1.6446,1.0779,-0.5667,-0.3446,1.2502,2.0591,1.252,0.5413,0.8246,0.0164,0.8134,openmesh 2024-04-02 10
openmesh,nearby line,radar,2.0,2221,1.6446,1.1371,-0.5075,-0.3086,1.1962,2.0241,1.2308,0.5572,0.8648,0.0151,0.8535,openmesh 2024-04-02 10
openmesh,nearby gmz,radar,2.0,2221,1.6446,1.1629,-0.4817,-0.2929,1.1874,2.0303,1.2345,0.561,0.8653,0.0179,0.8519,openmesh 2024-04-02 10
openmesh,rnn idw,radar,2.0,2265,1.6408,1.9755,0.3346,0.2039,0.5369,0.7535,0.4592,0.9418,0.9557,0.0755,0.8865,openmesh 2024-04-02 10
openmesh,rnn line,radar,2.0,2265,1.6408,2.099,0.4582,0.2793,0.6268,0.8702,0.5303,0.9349,0.9637,0.0824,0.887,openmesh 2024-04-02 10
openmesh,rnn gmz,radar,2.0,2265,1.6408,2.1103,0.4694,0.2861,0.6569,0.9753,0.5944,0.9116,0.9622,0.0847,0.8836,openmesh 2024-04-02 10
openmesh,dynamic idw,pws,2.0,2265,1.6407,3.6719,2.0312,1.238,2.3459,3.7204,2.2675,0.604,0.9975,0.1299,0.8681,openmesh 2024-04-02 10
openmesh,dynamic line,pws,2.0,2265,1.6407,3.4636,1.8228,1.111,2.1274,3.4929,2.1289,0.6148,0.9969,0.1292,0.8685,openmesh 2024-04-02 10
openmesh,dynamic gmz,pws,2.0,2265,1.6407,3.5381,1.8974,1.1564,2.256,3.6538,2.2269,0.5978,0.9944,0.1295,0.8663,openmesh 2024-04-02 10
openmesh,constant idw,pws,2.0,2265,1.6407,1.0837,-0.5571,-0.3395,1.3781,2.2905,1.396,0.5623,0.5602,0.0072,0.558,openmesh 2024-04-02 10
openmesh,constant line,pws,2.0,2265,1.6407,1.1321,-0.5086,-0.31,1.3294,2.2699,1.3835,0.5661,0.6096,0.0066,0.6071,openmesh 2024-04-02 10
openmesh,constant gmz,pws,2.0,2265,1.6407,1.162,-0.4787,-0.2918,1.3179,2.2639,1.3798,0.5702,0.6294,0.0064,0.6268,openmesh 2024-04-02 10
openmesh,pycomlink idw,pws,2.0,2265,1.6407,1.1036,-0.5371,-0.3274,1.4066,2.5486,1.5533,0.5459,0.5974,0.0093,0.594,openmesh 2024-04-02 10
openmesh,pycomlink line,pws,2.0,2265,1.6407,1.1399,-0.5008,-0.3052,1.3729,2.5404,1.5483,0.5479,0.6218,0.0089,0.6183,openmesh 2024-04-02 10
openmesh,pycomlink gmz,pws,2.0,2265,1.6407,1.1663,-0.4744,-0.2892,1.3609,2.5374,1.5465,0.551,0.6253,0.0089,0.6218,openmesh 2024-04-02 10
openmesh,nearby idw,pws,2.0,2221,1.6253,1.0779,-0.5474,-0.3368,1.1213,1.9843,1.2209,0.6042,0.8435,0.0164,0.8318,openmesh 2024-04-02 10
openmesh,nearby line,pws,2.0,2221,1.6253,1.1371,-0.4882,-0.3004,1.063,1.9375,1.1921,0.6217,0.8846,0.0151,0.8728,openmesh 2024-04-02 10
openmesh,nearby gmz,pws,2.0,2221,1.6253,1.1629,-0.4624,-0.2845,1.0567,1.9418,1.1947,0.6241,0.8866,0.0162,0.8739,openmesh 2024-04-02 10
openmesh,rnn idw,pws,2.0,2265,1.6407,1.9755,0.3348,0.204,0.68,1.1375,0.6933,0.8264,0.9888,0.0645,0.9257,openmesh 2024-04-02 10
openmesh,rnn line,pws,2.0,2265,1.6407,2.099,0.4583,0.2793,0.7648,1.218,0.7424,0.8194,0.9893,0.0786,0.9123,openmesh 2024-04-02 10
openmesh,rnn gmz,pws,2.0,2265,1.6407,2.1103,0.4695,0.2862,0.7978,1.3036,0.7945,0.796,0.9878,0.0809,0.9088,openmesh 2024-04-02 10
openmesh,pws,radar,,6960,1.6133,1.6766,0.0633,0.0392,0.4846,0.9617,0.5961,0.8586,0.9311,0.0634,0.8759,openmesh 2024-04-02 10
openmesh,dynamic idw,radar,,6930,1.6138,4.0797,2.466,1.5281,2.7072,4.3471,2.6938,0.6223,0.9878,0.113,0.8773,openmesh 2024-04-02 10
openmesh,dynamic line,radar,,6960,1.6133,3.929,2.3157,1.4354,2.5615,4.216,2.6132,0.6182,0.9935,0.1132,0.8817,openmesh 2024-04-02 10
openmesh,dynamic gmz,radar,,6960,1.6133,3.977,2.3637,1.4651,2.6875,4.33,2.6839,0.6014,0.9864,0.1123,0.877,openmesh 2024-04-02 10
openmesh,constant idw,radar,,6930,1.6138,1.4909,-0.1229,-0.0761,1.6531,2.7851,1.7259,0.4993,0.5454,0.0259,0.5376,openmesh 2024-04-02 10
openmesh,constant line,radar,,6960,1.6133,1.5203,-0.093,-0.0576,1.6193,2.7665,1.7148,0.5014,0.5798,0.0265,0.5708,openmesh 2024-04-02 10
openmesh,constant gmz,radar,,6960,1.6133,1.5362,-0.0771,-0.0478,1.6109,2.7721,1.7182,0.4996,0.6086,0.0285,0.5979,openmesh 2024-04-02 10
openmesh,pycomlink idw,radar,,6930,1.6138,1.5223,-0.0915,-0.0567,1.6926,3.1572,1.9564,0.4969,0.5722,0.066,0.5499,openmesh 2024-04-02 10
openmesh,pycomlink line,radar,,6960,1.6133,1.5428,-0.0705,-0.0437,1.6673,3.1426,1.9479,0.4983,0.5828,0.0678,0.5591,openmesh 2024-04-02 10
openmesh,pycomlink gmz,radar,,6960,1.6133,1.5565,-0.0568,-0.0352,1.6591,3.149,1.9519,0.4963,0.5816,0.0682,0.5579,openmesh 2024-04-02 10
openmesh,nearby idw,radar,,6646,1.6238,1.4371,-0.1867,-0.115,1.3751,2.4045,1.4807,0.5702,0.8468,0.0281,0.8266,openmesh 2024-04-02 10
openmesh,nearby line,radar,,6680,1.6232,1.47,-0.1532,-0.0944,1.3317,2.3676,1.4586,0.5802,0.8831,0.0266,0.8623,openmesh 2024-04-02 10
openmesh,nearby gmz,radar,,6680,1.6232,1.4857,-0.1376,-0.0847,1.3281,2.3769,1.4643,0.5806,0.8823,0.0296,0.8592,openmesh 2024-04-02 10
openmesh,rnn idw,radar,,6930,1.6138,1.9618,0.3481,0.2157,0.5192,0.702,0.435,0.9486,0.9645,0.065,0.9039,openmesh 2024-04-02 10
openmesh,rnn line,radar,,6960,1.6133,2.0539,0.4406,0.2731,0.5856,0.7868,0.4877,0.9448,0.9677,0.072,0.9001,openmesh 2024-04-02 10
openmesh,rnn gmz,radar,,6960,1.6133,2.0641,0.4508,0.2794,0.6045,0.8365,0.5185,0.9339,0.9693,0.0772,0.8966,openmesh 2024-04-02 10
openmesh,dynamic idw,pws,,6930,1.6805,4.0797,2.3992,1.4276,2.7427,4.2129,2.5069,0.6283,0.9928,0.1141,0.8803,openmesh 2024-04-02 10
openmesh,dynamic line,pws,,6960,1.6766,3.929,2.2524,1.3434,2.5832,4.0721,2.4288,0.6325,0.9964,0.1158,0.8814,openmesh 2024-04-02 10
openmesh,dynamic gmz,pws,,6960,1.6766,3.977,2.3004,1.372,2.6975,4.1893,2.4986,0.6165,0.9889,0.1152,0.8761,openmesh 2024-04-02 10
openmesh,constant idw,pws,,6930,1.6805,1.4909,-0.1896,-0.1128,1.5185,2.6288,1.5643,0.5767,0.5621,0.0023,0.5614,openmesh 2024-04-02 10
openmesh,constant line,pws,,6960,1.6766,1.5203,-0.1563,-0.0932,1.4814,2.6046,1.5535,0.5807,0.5978,0.0022,0.597,openmesh 2024-04-02 10
openmesh,constant gmz,pws,,6960,1.6766,1.5362,-0.1404,-0.0838,1.4744,2.6079,1.5554,0.5801,0.6288,0.0021,0.628,openmesh 2024-04-02 10
openmesh,pycomlink idw,pws,,6930,1.6805,1.5223,-0.1582,-0.0942,1.5798,2.9796,1.773,0.5726,0.6133,0.0051,0.6114,openmesh 2024-04-02 10
openmesh,pycomlink line,pws,,6960,1.6766,1.5428,-0.1338,-0.0798,1.5512,2.9629,1.7672,0.5748,0.6257,0.0049,0.6238,openmesh 2024-04-02 10
openmesh,pycomlink gmz,pws,,6960,1.6766,1.5565,-0.1201,-0.0717,1.5458,2.9687,1.7707,0.5733,0.6247,0.0049,0.6228,openmesh 2024-04-02 10
openmesh,nearby idw,pws,,6646,1.6619,1.4371,-0.2248,-0.1353,1.2547,2.2903,1.3781,0.6234,0.8597,0.0196,0.8452,openmesh 2024-04-02 10
openmesh,nearby line,pws,,6680,1.658,1.47,-0.188,-0.1134,1.2078,2.2433,1.353,0.6356,0.8973,0.0171,0.8835,openmesh 2024-04-02 10
openmesh,nearby gmz,pws,,6680,1.658,1.4857,-0.1723,-0.1039,1.2056,2.2518,1.3582,0.6356,0.8981,0.0182,0.8835,openmesh 2024-04-02 10
openmesh,rnn idw,pws,,6930,1.6805,1.9618,0.2813,0.1674,0.6685,1.1435,0.6805,0.8182,0.98,0.0558,0.9263,openmesh 2024-04-02 10
openmesh,rnn line,pws,,6960,1.6766,2.0539,0.3773,0.225,0.7274,1.1929,0.7115,0.8139,0.9802,0.0654,0.9173,openmesh 2024-04-02 10
openmesh,rnn gmz,pws,,6960,1.6766,2.0641,0.3875,0.2311,0.7494,1.2344,0.7363,0.8017,0.9797,0.0727,0.9099,openmesh 2024-04-02 10
openmesh,pws,radar,2.0,3926,1.8602,1.7242,-0.136,-0.0731,0.5358,0.8926,0.4798,0.9015,0.9842,0.059,0.927,openmesh 2024-04-03 07
openmesh,dynamic idw,radar,2.0,3926,1.8602,4.2629,2.4026,1.2916,2.7954,4.0266,2.1646,0.4235,0.9986,0.0972,0.9017,openmesh 2024-04-03 07
openmesh,dynamic line,radar,2.0,3926,1.8602,3.9947,2.1344,1.1474,2.5675,3.7595,2.021,0.4339,0.9994,0.0973,0.9022,openmesh 2024-04-03 07
openmesh,dynamic gmz,radar,2.0,3926,1.8602,4.074,2.2138,1.1901,2.6946,3.9365,2.1161,0.4135,0.9963,0.0967,0.9003,openmesh 2024-04-03 07
openmesh,constant idw,radar,2.0,3926,1.8602,1.1047,-0.7555,-0.4061,1.6069,2.4332,1.308,0.3719,0.7595,0.0352,0.7391,openmesh 2024-04-03 07
openmesh,constant line,radar,2.0,3926,1.8602,1.1708,-0.6894,-0.3706,1.556,2.3996,1.29,0.3808,0.7963,0.0538,0.7618,openmesh 2024-04-03 07
openmesh,constant gmz,radar,2.0,3926,1.8602,1.202,-0.6582,-0.3538,1.5448,2.395,1.2875,0.3825,0.8076,0.0624,0.7664,openmesh 2024-04-03 07
openmesh,pycomlink idw,radar,2.0,3926,1.8602,0.5285,-1.3318,-0.7159,1.3899,1.988,1.0687,0.7201,0.5926,0.0033,0.5915,openmesh 2024-04-03 07
openmesh,pycomlink line,radar,2.0,3926,1.8602,0.5311,-1.3291,-0.7145,1.3837,1.9914,1.0705,0.7193,0.6006,0.0028,0.5995,openmesh 2024-04-03 07
openmesh,pycomlink gmz,radar,2.0,3926,1.8602,0.5454,-1.3149,-0.7068,1.3762,1.9887,1.069,0.7061,0.6008,0.0028,0.5998,openmesh 2024-04-03 07
openmesh,nearby idw,radar,2.0,1999,1.0285,0.3755,-0.653,-0.6349,0.694,0.9287,0.903,0.6521,0.6322,0.0114,0.6276,openmesh 2024-04-03 07
openmesh,nearby line,radar,2.0,2020,1.0335,0.3727,-0.6607,-0.6393,0.6964,0.9268,0.8968,0.6673,0.6146,0.0097,0.6109,openmesh 2024-04-03 07
openmesh,nearby gmz,radar,2.0,2020,1.0335,0.3925,-0.641,-0.6203,0.6875,0.9269,0.8969,0.6463,0.6206,0.0134,0.6154,openmesh 2024-04-03 07
openmesh,rnn idw,radar,2.0,3926,1.8602,1.3595,-0.5008,-0.2692,0.7871,1.4402,0.7742,0.7479,0.8888,0.0539,0.846,openmesh 2024-04-03 07
openmesh,rnn line,radar,2.0,3926,1.8602,1.3811,-0.4791,-0.2575,0.7764,1.4474,0.7781,0.7406,0.8917,0.0532,0.8491,openmesh 2024-04-03 07
openmesh,rnn gmz,radar,2.0,3926,1.8602,1.3852,-0.475,-0.2554,0.7881,1.4643,0.7871,0.7305,0.8902,0.0538,0.8473,openmesh 2024-04-03 07
openmesh,dynamic idw,pws,2.0,3926,1.7242,4.2629,2.5387,1.4724,2.781,3.9616,2.2977,0.5045,0.9962,0.0581,0.9386,openmesh 2024-04-03 07
openmesh,dynamic line,pws,2.0,3926,1.7242,3.9947,2.2705,1.3168,2.5391,3.6665,2.1265,0.5254,0.9973,0.058,0.9396,openmesh 2024-04-03 07
openmesh,dynamic gmz,pws,2.0,3926,1.7242,4.074,2.3499,1.3629,2.6549,3.8451,2.2301,0.5043,0.9935,0.058,0.9363,openmesh 2024-04-03 07
openmesh,constant idw,pws,2.0,3926,1.7242,1.1047,-0.6194,-0.3593,1.3671,2.1662,1.2563,0.4726,0.7425,0.0137,0.7349,openmesh 2024-04-03 07
openmesh,constant line,pws,2.0,3926,1.7242,1.1708,-0.5534,-0.321,1.3168,2.1369,1.2394,0.4795,0.7909,0.0171,0.7801,openmesh 2024-04-03 07
openmesh,constant gmz,pws,2.0,3926,1.7242,1.202,-0.5222,-0.3029,1.3075,2.1309,1.2359,0.4823,0.8036,0.0243,0.7879,openmesh 2024-04-03 07
openmesh,pycomlink idw,pws,2.0,3926,1.7242,0.5285,-1.1957,-0.6935,1.251,1.8264,1.0593,0.7297,0.5664,0.0038,0.5652,openmesh 2024-04-03 07
openmesh,pycomlink line,pws,2.0,3926,1.7242,0.5311,-1.193,-0.6919,1.2425,1.8224,1.057,0.7359,0.5737,0.0038,0.5725,openmesh 2024-04-03 07
openmesh,pycomlink gmz,pws,2.0,3926,1.7242,0.5454,-1.1788,-0.6837,1.2349,1.8173,1.054,0.7255,0.574,0.0038,0.5727,openmesh 2024-04-03 07
openmesh,nearby idw,pws,2.0,1999,0.9612,0.3755,-0.5856,-0.6093,0.6517,0.9483,0.9867,0.5059,0.5763,0.0076,0.5738,openmesh 2024-04-03 07
openmesh,nearby line,pws,2.0,2020,0.9732,0.3727,-0.6005,-0.617,0.653,0.9454,0.9714,0.5462,0.5604,0.0068,0.5583,openmesh 2024-04-03 07
openmesh,nearby gmz,pws,2.0,2020,0.9732,0.3925,-0.5808,-0.5968,0.6495,0.9466,0.9727,0.5335,0.5675,0.0076,0.5651,openmesh 2024-04-03 07
openmesh,rnn idw,pws,2.0,3926,1.7242,1.3595,-0.3647,-0.2115,0.7603,1.3233,0.7675,0.753,0.8815,0.0187,0.867,openmesh 2024-04-03 07
openmesh,rnn line,pws,2.0,3926,1.7242,1.3811,-0.343,-0.199,0.7646,1.3343,0.7739,0.7448,0.8834,0.0189,0.8686,openmesh 2024-04-03 07
openmesh,rnn gmz,pws,2.0,3926,1.7242,1.3852,-0.339,-0.1966,0.7785,1.3529,0.7846,0.7346,0.8826,0.0189,0.8678,openmesh 2024-04-03 07
openmesh,pws,radar,,12064,1.7342,1.7533,0.0192,0.0111,0.5344,0.8752,0.5047,0.882,0.9825,0.0728,0.9121,openmesh 2024-04-03 07
openmesh,dynamic idw,radar,,12012,1.7353,4.7291,2.9938,1.7253,3.2658,4.383,2.5259,0.4429,0.9971,0.1029,0.8948,openmesh 2024-04-03 07
openmesh,dynamic line,radar,,12064,1.7342,4.5096,2.7754,1.6004,3.0803,4.1933,2.4181,0.4412,0.9982,0.1037,0.8949,openmesh 2024-04-03 07
openmesh,dynamic gmz,radar,,12064,1.7342,4.5713,2.8371,1.636,3.1866,4.3202,2.4913,0.4238,0.9958,0.1024,0.8943,openmesh 2024-04-03 07
openmesh,constant idw,radar,,12012,1.7353,1.5177,-0.2175,-0.1254,1.6112,2.4921,1.4362,0.359,0.8087,0.0469,0.7778,openmesh 2024-04-03 07
openmesh,constant line,radar,,12064,1.7342,1.5585,-0.1756,-0.1013,1.5704,2.46,1.4186,0.3692,0.8334,0.0596,0.7916,openmesh 2024-04-03 07
openmesh,constant gmz,radar,,12064,1.7342,1.5798,-0.1544,-0.089,1.5589,2.458,1.4174,0.3692,0.8456,0.0707,0.7945,openmesh 2024-04-03 07
openmesh,pycomlink idw,radar,,12012,1.7353,0.5397,-1.1956,-0.689,1.2783,1.7596,1.014,0.7104,0.6244,0.0147,0.6187,openmesh 2024-04-03 07
openmesh,pycomlink line,radar,,12064,1.7342,0.5399,-1.1942,-0.6887,1.2725,1.7601,1.0149,0.7119,0.6323,0.0139,0.6267,openmesh 2024-04-03 07
openmesh,pycomlink gmz,radar,,12064,1.7342,0.5458,-1.1883,-0.6852,1.2705,1.7637,1.0171,0.7013,0.6314,0.0142,0.6257,openmesh 2024-04-03 07
openmesh,nearby idw,radar,,5218,1.0819,0.4193,-0.6626,-0.6124,0.7084,0.992,0.917,0.6347,0.6712,0.0145,0.6646,openmesh 2024-04-03 07
openmesh,nearby line,radar,,5353,1.0743,0.4038,-0.6705,-0.6241,0.7065,0.9819,0.914,0.66,0.6579,0.0134,0.6521,openmesh 2024-04-03 07
openmesh,nearby gmz,radar,,5353,1.0743,0.4199,-0.6544,-0.6092,0.7007,0.9875,0.9192,0.6325,0.6508,0.015,0.6444,openmesh 2024-04-03 07
openmesh,rnn idw,radar,,12012,1.7353,1.3742,-0.3611,-0.2081,0.7086,1.193,0.6875,0.7682,0.8788,0.0639,0.8291,openmesh 2024-04-03 07
openmesh,rnn line,radar,,12064,1.7342,1.3907,-0.3435,-0.1981,0.7009,1.1956,0.6895,0.7643,0.88,0.0641,0.83,openmesh 2024-04-03 07
openmesh,rnn gmz,radar,,12064,1.7342,1.3941,-0.3401,-0.1961,0.7043,1.2019,0.6931,0.7608,0.8799,0.0643,0.8298,openmesh 2024-04-03 07
openmesh,dynamic idw,pws,,12012,1.7558,4.7291,2.9733,1.6934,3.2045,4.2503,2.4207,0.5233,0.9919,0.0546,0.9382,openmesh 2024-04-03 07
openmesh,dynamic line,pws,,12064,1.7533,4.5096,2.7562,1.572,3.0125,4.0461,2.3077,0.53,0.9939,0.0544,0.9401,openmesh 2024-04-03 07
openmesh,dynamic gmz,pws,,12064,1.7533,4.5713,2.8179,1.6072,3.1145,4.1769,2.3822,0.5107,0.9902,0.0542,0.937,openmesh 2024-04-03 07
openmesh,constant idw,pws,,12012,1.7558,1.5177,-0.2381,-0.1356,1.4384,2.288,1.3031,0.4771,0.7944,0.0081,0.7893,openmesh 2024-04-03 07
openmesh,constant line,pws,,12064,1.7533,1.5585,-0.1948,-0.1111,1.3963,2.2568,1.2872,0.4855,0.8289,0.0088,0.8229,openmesh 2024-04-03 07
openmesh,constant gmz,pws,,12064,1.7533,1.5798,-0.1736,-0.099,1.3861,2.2553,1.2863,0.4852,0.8425,0.0189,0.829,openmesh 2024-04-03 07
openmesh,pycomlink idw,pws,,12012,1.7558,0.5397,-1.2161,-0.6926,1.2755,1.7884,1.0186,0.726,0.5967,0.0027,0.5957,openmesh 2024-04-03 07
openmesh,pycomlink line,pws,,12064,1.7533,0.5399,-1.2134,-0.6921,1.2687,1.7852,1.0182,0.7306,0.6036,0.0025,0.6027,openmesh 2024-04-03 07
openmesh,pycomlink gmz,pws,,12064,1.7533,0.5458,-1.2075,-0.6887,1.2668,1.789,1.0203,0.7196,0.6029,0.0025,0.6021,openmesh 2024-04-03 07
openmesh,nearby idw,pws,,5218,1.0298,0.4193,-0.6105,-0.5928,0.6748,0.9799,0.9516,0.5292,0.6095,0.0035,0.6082,openmesh 2024-04-03 07
openmesh,nearby line,pws,,5353,1.0286,0.4038,-0.6247,-0.6074,0.6724,0.9727,0.9457,0.5572,0.596,0.0031,0.5949,openmesh 2024-04-03 07
openmesh,nearby gmz,pws,,5353,1.0286,0.4199,-0.6087,-0.5918,0.6722,0.9746,0.9475,0.543,0.5902,0.0035,0.589,openmesh 2024-04-03 07
openmesh,rnn idw,pws,,12012,1.7558,1.3742,-0.3816,-0.2174,0.7571,1.2477,0.7106,0.7585,0.8698,0.0186,0.8557,openmesh 2024-04-03 07
openmesh,rnn line,pws,,12064,1.7533,1.3907,-0.3627,-0.2068,0.7571,1.2494,0.7126,0.7545,0.8705,0.019,0.856,openmesh 2024-04-03 07
openmesh,rnn gmz,pws,,12064,1.7533,1.3941,-0.3592,-0.2049,0.7619,1.2559,0.7163,0.7508,0.8705,0.0191,0.856,openmesh 2024-04-03 07
openmesh,pws,radar,2.0,296,4.7753,5.9435,1.1682,0.2446,1.7225,2.4478,0.5126,0.5432,1.0,0.0,1.0,openmesh 2024-05-23 13
openmesh,dynamic idw,radar,2.0,296,4.7753,5.6738,0.8985,0.1882,2.2037,2.9575,0.6193,0.3379,1.0,0.0,1.0,openmesh 2024-05-23 13
openmesh,dynamic line,radar,2.0,296,4.7753,5.3109,0.5356,0.1122,2.0044,2.6689,0.5589,0.3854,1.0,0.0,1.0,openmesh 2024-05-23 13
openmesh,dynamic gmz,radar,2.0,296,4.7753,5.4036,0.6283,0.1316,2.1409,2.8732,0.6017,0.3735,0.9966,0.0,0.9966,openmesh 2024-05-23 13
openmesh,constant idw,radar,2.0,296,4.7753,0.0,-4.7753,-1.0,4.7753,5.1866,1.0861,,0.0,,0.0,openmesh 2024-05-23 13
openmesh,constant line,radar,2.0,296,4.7753,0.0,-4.7753,-1.0,4.7753,5.1866,1.0861,,0.0,,0.0,openmesh 2024-05-23 13
openmesh,constant gmz,radar,2.0,296,4.7753,0.0,-4.7753,-1.0,4.7753,5.1866,1.0861,,0.0,,0.0,openmesh 2024-05-23 13
openmesh,pycomlink idw,radar,2.0,296,4.7753,2.1364,-2.6389,-0.5526,2.7396,3.2116,0.6725,0.4892,0.9966,0.0,0.9966,openmesh 2024-05-23 13
openmesh,pycomlink line,radar,2.0,296,4.7753,2.0767,-2.6986,-0.5651,2.7767,3.2354,0.6775,0.5132,1.0,0.0,1.0,openmesh 2024-05-23 13
openmesh,pycomlink gmz,radar,2.0,296,4.7753,2.0882,-2.6871,-0.5627,2.7879,3.2444,0.6794,0.5023,0.9899,0.0,0.9899,openmesh 2024-05-23 13
openmesh,nearby idw,radar,2.0,296,4.7753,2.8766,-1.8988,-0.3976,2.2713,2.6909,0.5635,0.4778,1.0,0.0,1.0,openmesh 2024-05-23 13
openmesh,nearby line,radar,2.0,296,4.7753,2.7525,-2.0228,-0.4236,2.3201,2.7266,0.571,0.516,1.0,0.0,1.0,openmesh 2024-05-23 13
openmesh,nearby gmz,radar,2.0,296,4.7753,2.7851,-1.9902,-0.4168,2.3501,2.7453,0.5749,0.4999,0.9966,0.0,0.9966,openmesh 2024-05-23 13
openmesh,rnn idw,radar,2.0,296,4.7753,6.4543,1.679,0.3516,2.1112,2.5039,0.5243,0.5386,1.0,0.0,1.0,openmesh 2024-05-23 13
openmesh,rnn line,radar,2.0,296,4.7753,6.4024,1.627,0.3407,2.0591,2.4547,0.514,0.5473,1.0,0.0,1.0,openmesh 2024-05-23 13
openmesh,rnn gmz,radar,2.0,296,4.7753,6.3839,1.6086,0.3369,2.0708,2.4656,0.5163,0.5483,1.0,0.0,1.0,openmesh 2024-05-23 13
openmesh,dynamic idw,pws,2.0,296,5.9435,5.6738,-0.2697,-0.0454,2.6692,3.6275,0.6103,0.0286,1.0,0.0,1.0,openmesh 2024-05-23 13
openmesh,dynamic line,pws,2.0,296,5.9435,5.3109,-0.6326,-0.1064,2.607,3.544,0.5963,0.0396,1.0,0.0,1.0,openmesh 2024-05-23 13
openmesh,dynamic gmz,pws,2.0,296,5.9435,5.4036,-0.5398,-0.0908,2.7321,3.7031,0.6231,0.0351,0.9966,0.0,0.9966,openmesh 2024-05-23 13
openmesh,constant idw,pws,2.0,296,5.9435,0.0,-5.9435,-1.0,5.9435,6.4167,1.0796,,0.0,,0.0,openmesh 2024-05-23 13
openmesh,constant line,pws,2.0,296,5.9435,0.0,-5.9435,-1.0,5.9435,6.4167,1.0796,,0.0,,0.0,openmesh 2024-05-23 13
openmesh,constant gmz,pws,2.0,296,5.9435,0.0,-5.9435,-1.0,5.9435,6.4167,1.0796,,0.0,,0.0,openmesh 2024-05-23 13
openmesh,pycomlink idw,pws,2.0,296,5.9435,2.1364,-3.8071,-0.6405,3.9408,4.6709,0.7859,0.0979,0.9966,0.0,0.9966,openmesh 2024-05-23 13
openmesh,pycomlink line,pws,2.0,296,5.9435,2.0767,-3.8668,-0.6506,3.986,4.7077,0.7921,0.1048,1.0,0.0,1.0,openmesh 2024-05-23 13
openmesh,pycomlink gmz,pws,2.0,296,5.9435,2.0882,-3.8553,-0.6487,3.9924,4.7194,0.7941,0.098,0.9899,0.0,0.9899,openmesh 2024-05-23 13
openmesh,nearby idw,pws,2.0,296,5.9435,2.8766,-3.0669,-0.516,3.3317,4.196,0.706,0.0485,1.0,0.0,1.0,openmesh 2024-05-23 13
openmesh,nearby line,pws,2.0,296,5.9435,2.7525,-3.191,-0.5369,3.4198,4.2681,0.7181,0.0577,1.0,0.0,1.0,openmesh 2024-05-23 13
openmesh,nearby gmz,pws,2.0,296,5.9435,2.7851,-3.1584,-0.5314,3.4485,4.2865,0.7212,0.0494,0.9966,0.0,0.9966,openmesh 2024-05-23 13
openmesh,rnn idw,pws,2.0,296,5.9435,6.4543,0.5108,0.0859,1.6191,2.1653,0.3643,0.5385,1.0,0.0,1.0,openmesh 2024-05-23 13
openmesh,rnn line,pws,2.0,296,5.9435,6.4024,0.4589,0.0772,1.588,2.153,0.3623,0.5381,1.0,0.0,1.0,openmesh 2024-05-23 13
openmesh,rnn gmz,pws,2.0,296,5.9435,6.3839,0.4404,0.0741,1.6213,2.1995,0.3701,0.5241,1.0,0.0,1.0,openmesh 2024-05-23 13
openmesh,pws,radar,,928,5.7856,6.5745,0.789,0.1364,2.2705,3.084,0.533,0.5646,1.0,0.0,1.0,openmesh 2024-05-23 13
openmesh,dynamic idw,radar,,924,5.7838,5.8345,0.0507,0.0088,2.9681,3.6777,0.6359,0.3192,1.0,0.0,1.0,openmesh 2024-05-23 13
openmesh,dynamic line,radar,,928,5.7856,5.5661,-0.2195,-0.0379,2.8819,3.592,0.6209,0.3431,1.0,0.0,1.0,openmesh 2024-05-23 13
openmesh,dynamic gmz,radar,,928,5.7856,5.6066,-0.179,-0.0309,3.0105,3.7359,0.6457,0.3188,0.9838,0.0,0.9838,openmesh 2024-05-23 13
openmesh,constant idw,radar,,924,5.7838,0.0,-5.7838,-1.0,5.7838,6.7878,1.1736,,0.0,,0.0,openmesh 2024-05-23 13
openmesh,constant line,radar,,928,5.7856,0.0,-5.7856,-1.0,5.7856,6.7865,1.173,,0.0,,0.0,openmesh 2024-05-23 13
openmesh,constant gmz,radar,,928,5.7856,0.0,-5.7856,-1.0,5.7856,6.7865,1.173,,0.0,,0.0,openmesh 2024-05-23 13
openmesh,pycomlink idw,radar,,924,5.7838,2.3333,-3.4505,-0.5966,3.6542,4.6085,0.7968,0.5225,0.9989,0.0,0.9989,openmesh 2024-05-23 13
openmesh,pycomlink line,radar,,928,5.7856,2.2733,-3.5123,-0.6071,3.7026,4.6465,0.8031,0.5282,1.0,0.0,1.0,openmesh 2024-05-23 13
openmesh,pycomlink gmz,radar,,928,5.7856,2.2699,-3.5156,-0.6077,3.7143,4.6562,0.8048,0.5196,0.9946,0.0,0.9946,openmesh 2024-05-23 13
openmesh,nearby idw,radar,,924,5.7838,3.0504,-2.7334,-0.4726,3.1831,4.1278,0.7137,0.4937,1.0,0.0,1.0,openmesh 2024-05-23 13
openmesh,nearby line,radar,,928,5.7856,2.9496,-2.8359,-0.4902,3.2351,4.1685,0.7205,0.512,1.0,0.0,1.0,openmesh 2024-05-23 13
openmesh,nearby gmz,radar,,928,5.7856,2.9484,-2.8372,-0.4904,3.2686,4.1954,0.7252,0.4913,0.986,0.0,0.986,openmesh 2024-05-23 13
openmesh,rnn idw,radar,,924,5.7838,6.8492,1.0655,0.1842,3.0677,3.9924,0.6903,0.1486,1.0,0.0,1.0,openmesh 2024-05-23 13
openmesh,rnn line,radar,,928,5.7856,6.8099,1.0243,0.177,3.0179,3.9639,0.6851,0.1521,1.0,0.0,1.0,openmesh 2024-05-23 13
openmesh,rnn gmz,radar,,928,5.7856,6.7755,0.9899,0.1711,3.0441,3.9775,0.6875,0.1558,1.0,0.0,1.0,openmesh 2024-05-23 13
openmesh,dynamic idw,pws,,924,6.5777,5.8345,-0.7432,-0.113,2.5823,3.407,0.518,0.1748,1.0,0.0,1.0,openmesh 2024-05-23 13
openmesh,dynamic line,pws,,928,6.5745,5.5661,-1.0085,-0.1534,2.5219,3.371,0.5127,0.206,1.0,0.0,1.0,openmesh 2024-05-23 13
openmesh,dynamic gmz,pws,,928,6.5745,5.6066,-0.968,-0.1472,2.6269,3.5,0.5323,0.2002,0.9838,0.0,0.9838,openmesh 2024-05-23 13
openmesh,constant idw,pws,,924,6.5777,0.0,-6.5777,-1.0,6.5777,7.0595,1.0732,,0.0,,0.0,openmesh 2024-05-23 13
openmesh,constant line,pws,,928,6.5745,0.0,-6.5745,-1.0,6.5745,7.057,1.0734,,0.0,,0.0,openmesh 2024-05-23 13
openmesh,constant gmz,pws,,928,6.5745,0.0,-6.5745,-1.0,6.5745,7.057,1.0734,,0.0,,0.0,openmesh 2024-05-23 13
openmesh,pycomlink idw,pws,,924,6.5777,2.3333,-4.2444,-0.6453,4.2902,4.947,0.7521,0.3,0.9989,0.0,0.9989,openmesh 2024-05-23 13
openmesh,pycomlink line,pws,,928,6.5745,2.2733,-4.3013,-0.6542,4.3415,4.9853,0.7583,0.3126,1.0,0.0,1.0,openmesh 2024-05-23 13
openmesh,pycomlink gmz,pws,,928,6.5745,2.2699,-4.3046,-0.6547,4.3506,4.993,0.7594,0.3112,0.9946,0.0,0.9946,openmesh 2024-05-23 13
openmesh,nearby idw,pws,,924,6.5777,3.0504,-3.5273,-0.5363,3.6628,4.4402,0.675,0.2282,1.0,0.0,1.0,openmesh 2024-05-23 13
openmesh,nearby line,pws,,928,6.5745,2.9496,-3.6249,-0.5514,3.735,4.4944,0.6836,0.252,1.0,0.0,1.0,openmesh 2024-05-23 13
openmesh,nearby gmz,pws,,928,6.5745,2.9484,-3.6262,-0.5516,3.7638,4.5138,0.6866,0.2491,0.986,0.0,0.986,openmesh 2024-05-23 13
openmesh,rnn idw,pws,,924,6.5777,6.8492,0.2715,0.0413,1.9054,2.4008,0.365,0.4908,1.0,0.0,1.0,openmesh 2024-05-23 13
openmesh,rnn line,pws,,928,6.5745,6.8099,0.2353,0.0358,1.8826,2.3796,0.3619,0.4963,1.0,0.0,1.0,openmesh 2024-05-23 13
openmesh,rnn gmz,pws,,928,6.5745,6.7755,0.201,0.0306,1.8874,2.4038,0.3656,0.4958,1.0,0.0,1.0,openmesh 2024-05-23 13
openmesh,pws,radar,2.0,2072,1.5825,1.5964,0.0139,0.0088,0.3361,0.895,0.5655,0.9763,0.8852,0.185,0.7371,openmesh 2024-05-27 10
openmesh,dynamic idw,radar,2.0,2072,1.5825,3.0927,1.5102,0.9543,2.0437,2.9857,1.8867,0.7686,0.9966,0.5692,0.4301,openmesh 2024-05-27 10
openmesh,dynamic line,radar,2.0,2072,1.5825,2.8313,1.2489,0.7892,1.8958,2.8255,1.7855,0.7679,1.0,0.5673,0.4327,openmesh 2024-05-27 10
openmesh,dynamic gmz,radar,2.0,2072,1.5825,2.9097,1.3272,0.8387,1.9798,2.9899,1.8894,0.746,0.9977,0.5664,0.4332,openmesh 2024-05-27 10
openmesh,constant idw,radar,2.0,2072,1.5825,0.6935,-0.889,-0.5618,1.0576,2.5994,1.6426,0.8777,0.7164,0.1691,0.6253,openmesh 2024-05-27 10
openmesh,constant line,radar,2.0,2072,1.5825,0.6648,-0.9177,-0.5799,1.0836,2.6857,1.6971,0.8706,0.7164,0.1568,0.6322,openmesh 2024-05-27 10
openmesh,constant gmz,radar,2.0,2072,1.5825,0.6759,-0.9066,-0.5729,1.0752,2.678,1.6922,0.861,0.7164,0.159,0.6309,openmesh 2024-05-27 10
openmesh,pycomlink idw,radar,2.0,2072,1.5825,0.8204,-0.762,-0.4815,0.993,2.4935,1.5757,0.8762,0.8806,0.2709,0.6635,openmesh 2024-05-27 10
openmesh,pycomlink line,radar,2.0,2072,1.5825,0.779,-0.8035,-0.5077,1.0232,2.5848,1.6334,0.8723,0.8898,0.2446,0.6907,openmesh 2024-05-27 10
openmesh,pycomlink gmz,radar,2.0,2072,1.5825,0.7933,-0.7892,-0.4987,1.0176,2.5816,1.6314,0.8598,0.8817,0.2594,0.6737,openmesh 2024-05-27 10
openmesh,nearby idw,radar,2.0,2072,1.5825,0.6346,-0.9478,-0.599,1.1235,2.9006,1.833,0.835,0.8083,0.2018,0.6711,openmesh 2024-05-27 10
openmesh,nearby line,radar,2.0,2072,1.5825,0.6031,-0.9793,-0.6189,1.1469,2.9907,1.8899,0.8132,0.8197,0.1868,0.6899,openmesh 2024-05-27 10
openmesh,nearby gmz,radar,2.0,2072,1.5825,0.6123,-0.9702,-0.6131,1.145,2.9902,1.8896,0.8006,0.8129,0.1909,0.6821,openmesh 2024-05-27 10
openmesh,rnn idw,radar,2.0,2072,1.5825,1.0479,-0.5346,-0.3378,1.0138,2.6161,1.6532,0.856,0.8909,0.309,0.6371,openmesh 2024-05-27 10
openmesh,rnn line,radar,2.0,2072,1.5825,1.0681,-0.5144,-0.325,1.022,2.6223,1.6571,0.852,0.8898,0.2948,0.6485,openmesh 2024-05-27 10
openmesh,rnn gmz,radar,2.0,2072,1.5825,1.0684,-0.514,-0.3248,1.0259,2.6382,1.6672,0.8432,0.8909,0.3003,0.6445,openmesh 2024-05-27 10
openmesh,dynamic idw,pws,2.0,2072,1.5964,3.0927,1.4963,0.9373,2.095,3.0149,1.8886,0.7779,0.9958,0.5325,0.4666,openmesh 2024-05-27 10
openmesh,dynamic line,pws,2.0,2072,1.5964,2.8313,1.235,0.7736,1.9651,2.9043,1.8193,0.7706,0.9937,0.533,0.4656,openmesh 2024-05-27 10
openmesh,dynamic gmz,pws,2.0,2072,1.5964,2.9097,1.3133,0.8227,2.0428,3.0556,1.9141,0.7499,0.9884,0.5334,0.464,openmesh 2024-05-27 10
openmesh,constant idw,pws,2.0,2072,1.5964,0.6935,-0.9029,-0.5656,1.0639,2.7598,1.7288,0.8875,0.6533,0.1771,0.5728,openmesh 2024-05-27 10
openmesh,constant line,pws,2.0,2072,1.5964,0.6648,-0.9316,-0.5836,1.0938,2.8706,1.7982,0.8721,0.6501,0.1689,0.5742,openmesh 2024-05-27 10
openmesh,constant gmz,pws,2.0,2072,1.5964,0.6759,-0.9205,-0.5766,1.0864,2.8553,1.7886,0.8648,0.6512,0.1698,0.5746,openmesh 2024-05-27 10
openmesh,pycomlink idw,pws,2.0,2072,1.5964,0.8204,-0.7759,-0.4861,0.9955,2.6446,1.6566,0.8878,0.8309,0.2529,0.6485,openmesh 2024-05-27 10
openmesh,pycomlink line,pws,2.0,2072,1.5964,0.779,-0.8174,-0.512,1.0298,2.7633,1.731,0.8759,0.8288,0.2359,0.6599,openmesh 2024-05-27 10
openmesh,pycomlink gmz,pws,2.0,2072,1.5964,0.7933,-0.8031,-0.5031,1.0237,2.7517,1.7237,0.8656,0.8277,0.2449,0.6525,openmesh 2024-05-27 10
openmesh,nearby idw,pws,2.0,2072,1.5964,0.6346,-0.9617,-0.6025,1.1454,3.1709,1.9863,0.7959,0.7326,0.2143,0.6106,openmesh 2024-05-27 10
openmesh,nearby line,pws,2.0,2072,1.5964,0.6031,-0.9932,-0.6222,1.1697,3.2573,2.0404,0.7733,0.741,0.2016,0.6242,openmesh 2024-05-27 10
openmesh,nearby gmz,pws,2.0,2072,1.5964,0.6123,-0.9841,-0.6165,1.1681,3.2582,2.041,0.7606,0.7368,0.2034,0.6201,openmesh 2024-05-27 10
openmesh,rnn idw,pws,2.0,2072,1.5964,1.0479,-0.5485,-0.3436,1.0679,2.8153,1.7635,0.8536,0.8488,0.285,0.6343,openmesh 2024-05-27 10
openmesh,rnn line,pws,2.0,2072,1.5964,1.0681,-0.5283,-0.3309,1.0792,2.833,1.7746,0.845,0.8446,0.273,0.6413,openmesh 2024-05-27 10
openmesh,rnn gmz,pws,2.0,2072,1.5964,1.0684,-0.5279,-0.3307,1.0845,2.8463,1.783,0.837,0.8457,0.2786,0.6375,openmesh 2024-05-27 10
openmesh,pws,radar,,6496,1.4927,1.5723,0.0795,0.0533,0.4429,1.0512,0.7042,0.9663,0.8793,0.1914,0.7278,openmesh 2024-05-27 10
openmesh,dynamic idw,radar,,6468,1.4951,3.225,1.73,1.1571,2.0797,2.8793,1.9259,0.7941,0.9822,0.5432,0.4531,openmesh 2024-05-27 10
openmesh,dynamic line,radar,,6496,1.4927,3.0281,1.5354,1.0286,1.955,2.7456,1.8393,0.7898,0.9865,0.5456,0.4516,openmesh 2024-05-27 10
openmesh,dynamic gmz,radar,,6496,1.4927,3.0925,1.5998,1.0717,2.0432,2.886,1.9333,0.7714,0.9844,0.543,0.4537,openmesh 2024-05-27 10
openmesh,constant idw,radar,,6468,1.4951,0.7779,-0.7172,-0.4797,0.9264,2.18,1.4582,0.8819,0.6778,0.1995,0.5799,openmesh 2024-05-27 10
openmesh,constant line,radar,,6496,1.4927,0.7518,-0.7409,-0.4963,0.9471,2.2465,1.505,0.8746,0.6808,0.1949,0.5845,openmesh 2024-05-27 10
openmesh,constant gmz,radar,,6496,1.4927,0.7549,-0.7378,-0.4943,0.9462,2.2539,1.5099,0.8682,0.6754,0.1975,0.5792,openmesh 2024-05-27 10
openmesh,pycomlink idw,radar,,6468,1.4951,0.9064,-0.5887,-0.3938,0.8694,2.0755,1.3882,0.8892,0.8493,0.3018,0.6212,openmesh 2024-05-27 10
openmesh,pycomlink line,radar,,6496,1.4927,0.8676,-0.6252,-0.4188,0.8963,2.149,1.4397,0.8845,0.8509,0.2875,0.6334,openmesh 2024-05-27 10
openmesh,pycomlink gmz,radar,,6496,1.4927,0.8733,-0.6195,-0.415,0.8963,2.1586,1.4461,0.8768,0.8416,0.2976,0.6204,openmesh 2024-05-27 10
openmesh,nearby idw,radar,,6468,1.4951,0.7432,-0.7519,-0.5029,0.9785,2.4054,1.6089,0.8391,0.7716,0.2464,0.6161,openmesh 2024-05-27 10
openmesh,nearby line,radar,,6496,1.4927,0.7122,-0.7806,-0.5229,0.9987,2.4849,1.6646,0.8206,0.7773,0.2373,0.626,openmesh 2024-05-27 10
openmesh,nearby gmz,radar,,6496,1.4927,0.7158,-0.7769,-0.5205,1.0013,2.4881,1.6668,0.8161,0.7727,0.2421,0.6198,openmesh 2024-05-27 10
openmesh,rnn idw,radar,,6468,1.4951,1.093,-0.4021,-0.2689,0.9718,2.2791,1.5244,0.841,0.8496,0.3467,0.5856,openmesh 2024-05-27 10
openmesh,rnn line,radar,,6496,1.4927,1.1055,-0.3872,-0.2594,0.9803,2.2852,1.5309,0.8374,0.8391,0.3401,0.5858,openmesh 2024-05-27 10
openmesh,rnn gmz,radar,,6496,1.4927,1.0987,-0.394,-0.2639,0.986,2.303,1.5428,0.833,0.8441,0.3477,0.5822,openmesh 2024-05-27 10
openmesh,dynamic idw,pws,,6468,1.5746,3.225,1.6505,1.0482,2.142,2.9809,1.8932,0.7879,0.9738,0.508,0.4855,openmesh 2024-05-27 10
openmesh,dynamic line,pws,,6496,1.5723,3.0281,1.4558,0.9259,2.0419,2.8951,1.8414,0.7791,0.9856,0.5064,0.4901,openmesh 2024-05-27 10
openmesh,dynamic gmz,pws,,6496,1.5723,3.0925,1.5202,0.9669,2.1259,3.0327,1.9289,0.7597,0.9719,0.5094,0.4837,openmesh 2024-05-27 10
openmesh,constant idw,pws,,6468,1.5746,0.7779,-0.7967,-0.506,1.0232,2.5674,1.6305,0.8786,0.6348,0.1856,0.5546,openmesh 2024-05-27 10
openmesh,constant line,pws,,6496,1.5723,0.7518,-0.8204,-0.5218,1.0455,2.651,1.6861,0.8659,0.6365,0.1814,0.5578,openmesh 2024-05-27 10
openmesh,constant gmz,pws,,6496,1.5723,0.7549,-0.8173,-0.5198,1.0457,2.6581,1.6906,0.859,0.6319,0.1835,0.5533,openmesh 2024-05-27 10
openmesh,pycomlink idw,pws,,6468,1.5746,0.9064,-0.6682,-0.4244,0.9663,2.4553,1.5594,0.8882,0.8074,0.2789,0.6152,openmesh 2024-05-27 10
openmesh,pycomlink line,pws,,6496,1.5723,0.8676,-0.7047,-0.4482,0.9954,2.5494,1.6215,0.8778,0.8021,0.2697,0.6188,openmesh 2024-05-27 10
openmesh,pycomlink gmz,pws,,6496,1.5723,0.8733,-0.699,-0.4446,0.9949,2.5574,1.6266,0.8698,0.7982,0.2756,0.6122,openmesh 2024-05-27 10
openmesh,nearby idw,pws,,6468,1.5746,0.7432,-0.8314,-0.528,1.0714,2.851,1.8107,0.8126,0.7251,0.2308,0.5955,openmesh 2024-05-27 10
openmesh,nearby line,pws,,6496,1.5723,0.7122,-0.8601,-0.547,1.0923,2.933,1.8655,0.7917,0.728,0.2233,0.6019,openmesh 2024-05-27 10
openmesh,nearby gmz,pws,,6496,1.5723,0.7158,-0.8565,-0.5447,1.096,2.9389,1.8692,0.7858,0.7237,0.2281,0.5962,openmesh 2024-05-27 10
openmesh,rnn idw,pws,,6468,1.5746,1.093,-0.4816,-0.3058,1.0647,2.6527,1.6847,0.8435,0.8317,0.3053,0.6091,openmesh 2024-05-27 10
openmesh,rnn line,pws,,6496,1.5723,1.1055,-0.4667,-0.2968,1.0721,2.6634,1.694,0.8382,0.8272,0.2927,0.6163,openmesh 2024-05-27 10
openmesh,rnn gmz,pws,,6496,1.5723,1.0987,-0.4735,-0.3012,1.0765,2.6866,1.7087,0.8317,0.8292,0.3032,0.6093,openmesh 2024-05-27 10
openmesh,pws,radar,2.0,1510,0.9597,1.1109,0.1512,0.1575,0.4137,0.9661,1.0066,0.8446,0.9816,0.2697,0.7204,openmesh 2024-05-30 00
openmesh,dynamic idw,radar,2.0,1510,0.9597,3.2197,2.26,2.3548,2.3698,3.4491,3.5939,0.6878,0.9957,0.3724,0.6259,openmesh 2024-05-30 00
openmesh,dynamic line,radar,2.0,1510,0.9597,2.9637,2.0039,2.088,2.1279,3.1729,3.306,0.7032,0.9989,0.3691,0.6305,openmesh 2024-05-30 00
openmesh,dynamic gmz,radar,2.0,1510,0.9597,3.0486,2.0889,2.1765,2.2355,3.3226,3.462,0.6856,0.9924,0.3711,0.6259,openmesh 2024-05-30 00
openmesh,constant idw,radar,2.0,1510,0.9597,0.5935,-0.3663,-0.3816,0.7349,1.4498,1.5106,0.6911,0.5271,0.1589,0.4793,openmesh 2024-05-30 00
openmesh,constant line,radar,2.0,1510,0.9597,0.5934,-0.3663,-0.3817,0.7295,1.4423,1.5028,0.6967,0.5162,0.1374,0.477,openmesh 2024-05-30 00
openmesh,constant gmz,radar,2.0,1510,0.9597,0.6084,-0.3513,-0.3661,0.7243,1.4429,1.5034,0.698,0.5249,0.1476,0.4812,openmesh 2024-05-30 00
openmesh,pycomlink idw,radar,2.0,1510,0.9597,0.7228,-0.2369,-0.2469,0.7252,1.4194,1.479,0.7102,0.6234,0.1233,0.5731,openmesh 2024-05-30 00
openmesh,pycomlink line,radar,2.0,1510,0.9597,0.73,-0.2298,-0.2394,0.7213,1.4138,1.4731,0.7137,0.6277,0.1199,0.5783,openmesh 2024-05-30 00
openmesh,pycomlink gmz,radar,2.0,1510,0.9597,0.7421,-0.2176,-0.2268,0.7172,1.4144,1.4737,0.7163,0.6277,0.1212,0.5777,openmesh 2024-05-30 00
openmesh,nearby idw,radar,2.0,1510,0.9597,0.745,-0.2148,-0.2238,0.7048,1.3553,1.4121,0.7001,0.7348,0.1689,0.6394,openmesh 2024-05-30 00
openmesh,nearby line,radar,2.0,1510,0.9597,0.735,-0.2247,-0.2342,0.7062,1.3555,1.4124,0.7015,0.7413,0.1616,0.6487,openmesh 2024-05-30 00
openmesh,nearby gmz,radar,2.0,1510,0.9597,0.7523,-0.2074,-0.2161,0.7034,1.3575,1.4144,0.7014,0.7446,0.1681,0.6472,openmesh 2024-05-30 00
openmesh,rnn idw,radar,2.0,1510,0.9597,1.3727,0.4129,0.4303,0.7296,1.1485,1.1966,0.7984,0.9632,0.3606,0.6241,openmesh 2024-05-30 00
openmesh,rnn line,radar,2.0,1510,0.9597,1.412,0.4523,0.4713,0.7593,1.1815,1.2311,0.7987,0.9708,0.3625,0.6255,openmesh 2024-05-30 00
openmesh,rnn gmz,radar,2.0,1510,0.9597,1.4109,0.4512,0.4701,0.7635,1.205,1.2556,0.7906,0.9654,0.3606,0.6251,openmesh 2024-05-30 00
openmesh,dynamic idw,pws,2.0,1510,1.1109,3.2197,2.1088,1.8983,2.2491,3.3675,3.0313,0.6653,0.9968,0.1555,0.8422,openmesh 2024-05-30 00
openmesh,dynamic line,pws,2.0,1510,1.1109,2.9637,1.8527,1.6678,2.028,3.124,2.8121,0.666,0.996,0.1545,0.8426,openmesh 2024-05-30 00
openmesh,dynamic gmz,pws,2.0,1510,1.1109,3.0486,1.9377,1.7442,2.1467,3.2802,2.9527,0.6448,0.9911,0.1557,0.838,openmesh 2024-05-30 00
openmesh,constant idw,pws,2.0,1510,1.1109,0.5935,-0.5175,-0.4658,0.8877,1.7162,1.5448,0.5991,0.4356,0.0656,0.4227,openmesh 2024-05-30 00
openmesh,constant line,pws,2.0,1510,1.1109,0.5934,-0.5175,-0.4659,0.8863,1.7114,1.5405,0.6037,0.4187,0.0597,0.4078,openmesh 2024-05-30 00
openmesh,constant gmz,pws,2.0,1510,1.1109,0.6084,-0.5025,-0.4524,0.8775,1.7174,1.5459,0.6017,0.4291,0.0633,0.4171,openmesh 2024-05-30 00
openmesh,pycomlink idw,pws,2.0,1510,1.1109,0.7228,-0.3881,-0.3494,0.8999,1.6759,1.5086,0.6199,0.4879,0.0776,0.4687,openmesh 2024-05-30 00
openmesh,pycomlink line,pws,2.0,1510,1.1109,0.73,-0.381,-0.3429,0.8952,1.6728,1.5058,0.6222,0.4855,0.085,0.4646,openmesh 2024-05-30 00
openmesh,pycomlink gmz,pws,2.0,1510,1.1109,0.7421,-0.3688,-0.332,0.8893,1.6752,1.508,0.6234,0.4903,0.0773,0.471,openmesh 2024-05-30 00
openmesh,nearby idw,pws,2.0,1510,1.1109,0.745,-0.3659,-0.3294,0.8371,1.6008,1.441,0.6167,0.6167,0.0624,0.5924,openmesh 2024-05-30 00
openmesh,nearby line,pws,2.0,1510,1.1109,0.735,-0.3759,-0.3384,0.8441,1.6123,1.4513,0.6129,0.6159,0.0636,0.5912,openmesh 2024-05-30 00
openmesh,nearby gmz,pws,2.0,1510,1.1109,0.7523,-0.3586,-0.3228,0.8361,1.6192,1.4576,0.6095,0.6232,0.0641,0.5977,openmesh 2024-05-30 00
openmesh,rnn idw,pws,2.0,1510,1.1109,1.3727,0.2618,0.2356,0.5787,0.9417,0.8476,0.8657,0.9444,0.1573,0.8029,openmesh 2024-05-30 00
openmesh,rnn line,pws,2.0,1510,1.1109,1.412,0.3011,0.2711,0.5927,0.9541,0.8589,0.8691,0.9501,0.1613,0.8033,openmesh 2024-05-30 00
openmesh,rnn gmz,pws,2.0,1510,1.1109,1.4109,0.3,0.27,0.6094,0.9958,0.8964,0.857,0.942,0.1613,0.7975,openmesh 2024-05-30 00
openmesh,pws,radar,,4640,1.3647,1.2742,-0.0905,-0.0663,0.5463,1.4229,1.0426,0.8268,0.9867,0.2406,0.7517,openmesh 2024-05-30 00
openmesh,dynamic idw,radar,,4620,1.364,3.5661,2.2021,1.6144,2.4822,3.4651,2.5403,0.7157,0.9863,0.3322,0.6617,openmesh 2024-05-30 00
openmesh,dynamic line,radar,,4640,1.3647,3.3696,2.0049,1.4691,2.3239,3.2961,2.4152,0.7174,0.9891,0.3345,0.6607,openmesh 2024-05-30 00
openmesh,dynamic gmz,radar,,4640,1.3647,3.4376,2.0728,1.5189,2.4209,3.4123,2.5004,0.703,0.9793,0.3341,0.6566,openmesh 2024-05-30 00
openmesh,constant idw,radar,,4620,1.364,0.8131,-0.5509,-0.4039,0.9657,1.9223,1.4093,0.7143,0.52,0.2129,0.4559,openmesh 2024-05-30 00
openmesh,constant line,radar,,4640,1.3647,0.8099,-0.5549,-0.4066,0.9634,1.9141,1.4026,0.7169,0.5151,0.1996,0.4565,openmesh 2024-05-30 00
openmesh,constant gmz,radar,,4640,1.3647,0.8199,-0.5448,-0.3992,0.9606,1.9185,1.4058,0.7153,0.5199,0.2105,0.4566,openmesh 2024-05-30 00
openmesh,pycomlink idw,radar,,4620,1.364,1.041,-0.323,-0.2368,0.9248,1.8089,1.3262,0.7383,0.7002,0.1507,0.6228,openmesh 2024-05-30 00
openmesh,pycomlink line,radar,,4640,1.3647,1.034,-0.3307,-0.2423,0.9277,1.8186,1.3325,0.735,0.7,0.1498,0.6231,openmesh 2024-05-30 00
openmesh,pycomlink gmz,radar,,4640,1.3647,1.0444,-0.3203,-0.2347,0.9214,1.8098,1.3261,0.7378,0.7044,0.149,0.627,openmesh 2024-05-30 00
openmesh,nearby idw,radar,,4620,1.364,1.0303,-0.3338,-0.2447,0.9066,1.8395,1.3485,0.7137,0.7555,0.163,0.6586,openmesh 2024-05-30 00
openmesh,nearby line,radar,,4640,1.3647,1.0172,-0.3475,-0.2546,0.9105,1.8421,1.3498,0.7133,0.7581,0.1632,0.6604,openmesh 2024-05-30 00
openmesh,nearby gmz,radar,,4640,1.3647,1.0278,-0.3369,-0.2469,0.9092,1.8493,1.3551,0.7105,0.7625,0.1652,0.6625,openmesh 2024-05-30 00
openmesh,rnn idw,radar,,4620,1.364,1.4934,0.1294,0.0948,0.8581,1.6658,1.2212,0.7541,0.9754,0.3347,0.6544,openmesh 2024-05-30 00
openmesh,rnn line,radar,,4640,1.3647,1.5195,0.1548,0.1134,0.8693,1.6653,1.2203,0.7542,0.9789,0.3388,0.652,openmesh 2024-05-30 00
openmesh,rnn gmz,radar,,4640,1.3647,1.5122,0.1474,0.108,0.8715,1.6704,1.224,0.7522,0.9745,0.3389,0.6499,openmesh 2024-05-30 00
openmesh,dynamic idw,pws,,4620,1.2739,3.5661,2.2922,1.7994,2.4793,3.5698,2.8022,0.7252,0.9777,0.1403,0.8431,openmesh 2024-05-30 00
openmesh,dynamic line,pws,,4640,1.2742,3.3696,2.0954,1.6445,2.3231,3.4149,2.6801,0.7177,0.9814,0.142,0.8443,openmesh 2024-05-30 00
openmesh,dynamic gmz,pws,,4640,1.2742,3.4376,2.1634,1.6978,2.4301,3.5324,2.7722,0.7008,0.9697,0.1433,0.8344,openmesh 2024-05-30 00
openmesh,constant idw,pws,,4620,1.2739,0.8131,-0.4608,-0.3617,1.0228,1.9352,1.5191,0.6334,0.4614,0.093,0.4405,openmesh 2024-05-30 00
openmesh,constant line,pws,,4640,1.2742,0.8099,-0.4643,-0.3644,1.0214,1.9251,1.5108,0.6371,0.4503,0.0908,0.4309,openmesh 2024-05-30 00
openmesh,constant gmz,pws,,4640,1.2742,0.8199,-0.4543,-0.3565,1.0169,1.9349,1.5185,0.6339,0.4589,0.0944,0.438,openmesh 2024-05-30 00
openmesh,pycomlink idw,pws,,4620,1.2739,1.041,-0.2329,-0.1828,1.0196,1.8566,1.4574,0.6613,0.5868,0.0758,0.5598,openmesh 2024-05-30 00
openmesh,pycomlink line,pws,,4640,1.2742,1.034,-0.2402,-0.1885,1.0214,1.8601,1.4598,0.6584,0.5839,0.0784,0.5563,openmesh 2024-05-30 00
openmesh,pycomlink gmz,pws,,4640,1.2742,1.0444,-0.2298,-0.1803,1.0149,1.8562,1.4568,0.6613,0.5892,0.0751,0.5623,openmesh 2024-05-30 00
openmesh,nearby idw,pws,,4620,1.2739,1.0303,-0.2436,-0.1912,0.9766,1.8228,1.4309,0.6332,0.6517,0.0624,0.6246,openmesh 2024-05-30 00
openmesh,nearby line,pws,,4640,1.2742,1.0172,-0.257,-0.2017,0.9821,1.8273,1.4341,0.6313,0.6538,0.0623,0.6266,openmesh 2024-05-30 00
openmesh,nearby gmz,pws,,4640,1.2742,1.0278,-0.2464,-0.1934,0.9773,1.8402,1.4442,0.6263,0.6587,0.0629,0.6309,openmesh 2024-05-30 00
openmesh,rnn idw,pws,,4620,1.2739,1.4934,0.2195,0.1723,0.6545,1.0278,0.8068,0.8665,0.9656,0.1446,0.8301,openmesh 2024-05-30 00
openmesh,rnn line,pws,,4640,1.2742,1.5195,0.2453,0.1925,0.6513,1.0118,0.7941,0.8733,0.9715,0.1473,0.8318,openmesh 2024-05-30 00
openmesh,rnn gmz,pws,,4640,1.2742,1.5122,0.238,0.1868,0.6582,1.031,0.8091,0.8674,0.9665,0.148,0.8276,openmesh 2024-05-30 00
openmesh,pws,radar,2.0,906,2.3864,2.5108,0.1244,0.0521,0.7135,1.3711,0.5745,0.9382,0.9976,0.0602,0.9377,openmesh 2024-06-06 04
openmesh,dynamic idw,radar,2.0,906,2.3864,3.7838,1.3974,0.5856,2.537,3.7688,1.5792,0.4443,0.9964,0.0708,0.9261,openmesh 2024-06-06 04
openmesh,dynamic line,radar,2.0,906,2.3864,3.4924,1.106,0.4634,2.3613,3.5624,1.4928,0.4497,1.0,0.0705,0.9295,openmesh 2024-06-06 04
openmesh,dynamic gmz,radar,2.0,906,2.3864,3.5904,1.204,0.5045,2.5168,3.7911,1.5886,0.4082,0.9952,0.073,0.9229,openmesh 2024-06-06 04
openmesh,constant idw,radar,2.0,906,2.3864,0.373,-2.0134,-0.8437,2.152,4.1924,1.7568,-0.0125,0.5627,0.0127,0.5586,openmesh 2024-06-06 04
openmesh,constant line,radar,2.0,906,2.3864,0.3788,-2.0076,-0.8413,2.1473,4.1918,1.7565,-0.0142,0.5639,0.0127,0.5598,openmesh 2024-06-06 04
openmesh,constant gmz,radar,2.0,906,2.3864,0.3864,-2.0001,-0.8381,2.1437,4.1916,1.7564,-0.0173,0.5614,0.0127,0.5574,openmesh 2024-06-06 04
openmesh,pycomlink idw,radar,2.0,906,2.3864,1.0866,-1.2998,-0.5447,1.4937,2.9479,1.2353,0.7304,0.9446,0.0656,0.8859,openmesh 2024-06-06 04
openmesh,pycomlink line,radar,2.0,906,2.3864,1.0605,-1.3259,-0.5556,1.5128,3.024,1.2672,0.7092,0.9627,0.0644,0.9028,openmesh 2024-06-06 04
openmesh,pycomlink gmz,radar,2.0,906,2.3864,1.0792,-1.3072,-0.5478,1.5047,3.0368,1.2725,0.6888,0.959,0.0624,0.9015,openmesh 2024-06-06 04
openmesh,nearby idw,radar,2.0,906,2.3864,1.2898,-1.0967,-0.4595,1.4463,2.8352,1.1881,0.7175,0.9687,0.0585,0.9136,openmesh 2024-06-06 04
openmesh,nearby line,radar,2.0,906,2.3864,1.2193,-1.1671,-0.4891,1.4984,2.9497,1.236,0.6957,0.9723,0.0528,0.9223,openmesh 2024-06-06 04
openmesh,nearby gmz,radar,2.0,906,2.3864,1.2468,-1.1397,-0.4776,1.4902,2.9669,1.2433,0.6683,0.9566,0.0548,0.9064,openmesh 2024-06-06 04
openmesh,rnn idw,radar,2.0,906,2.3864,2.4461,0.0597,0.025,1.4847,2.6261,1.1004,0.6826,0.9988,0.0727,0.9263,openmesh 2024-06-06 04
openmesh,rnn line,radar,2.0,906,2.3864,2.5364,0.1499,0.0628,1.5671,2.6722,1.1197,0.6683,0.9988,0.0717,0.9273,openmesh 2024-06-06 04
openmesh,rnn gmz,radar,2.0,906,2.3864,2.5456,0.1592,0.0667,1.6007,2.7417,1.1489,0.6408,0.9988,0.0717,0.9273,openmesh 2024-06-06 04
openmesh,dynamic idw,pws,2.0,906,2.5108,3.7838,1.273,0.507,2.609,3.8242,1.5231,0.4876,0.9966,0.0135,0.9832,openmesh 2024-06-06 04
openmesh,dynamic line,pws,2.0,906,2.5108,3.4924,0.9816,0.3909,2.4461,3.6441,1.4514,0.4959,1.0,0.0134,0.9866,openmesh 2024-06-06 04
openmesh,dynamic gmz,pws,2.0,906,2.5108,3.5904,1.0796,0.43,2.5783,3.8389,1.529,0.4603,0.9955,0.0157,0.9799,openmesh 2024-06-06 04
openmesh,constant idw,pws,2.0,906,2.5108,0.373,-2.1378,-0.8514,2.3111,4.5937,1.8296,-0.0422,0.5323,0.0085,0.5299,openmesh 2024-06-06 04
openmesh,constant line,pws,2.0,906,2.5108,0.3788,-2.132,-0.8491,2.307,4.5936,1.8295,-0.0442,0.5335,0.0084,0.5311,openmesh 2024-06-06 04
openmesh,constant gmz,pws,2.0,906,2.5108,0.3864,-2.1244,-0.8461,2.303,4.5929,1.8293,-0.0466,0.5312,0.0085,0.5288,openmesh 2024-06-06 04
openmesh,pycomlink idw,pws,2.0,906,2.5108,1.0866,-1.4242,-0.5672,1.6393,3.2578,1.2975,0.7607,0.9467,0.006,0.9413,openmesh 2024-06-06 04
openmesh,pycomlink line,pws,2.0,906,2.5108,1.0605,-1.4503,-0.5776,1.6666,3.3324,1.3272,0.744,0.9637,0.0059,0.9582,openmesh 2024-06-06 04
openmesh,pycomlink gmz,pws,2.0,906,2.5108,1.0792,-1.4316,-0.5702,1.6555,3.325,1.3243,0.7328,0.958,0.0059,0.9526,openmesh 2024-06-06 04
openmesh,nearby idw,pws,2.0,906,2.5108,1.2898,-1.2211,-0.4863,1.6126,3.1463,1.2531,0.7403,0.9591,0.0105,0.9494,openmesh 2024-06-06 04
openmesh,nearby line,pws,2.0,906,2.5108,1.2193,-1.2915,-0.5144,1.6696,3.2692,1.3021,0.72,0.958,0.0094,0.9494,openmesh 2024-06-06 04
openmesh,nearby gmz,pws,2.0,906,2.5108,1.2468,-1.264,-0.5034,1.6549,3.2676,1.3014,0.6984,0.9432,0.0107,0.9337,openmesh 2024-06-06 04
openmesh,rnn idw,pws,2.0,906,2.5108,2.4461,-0.0647,-0.0258,1.6429,2.8645,1.1409,0.7105,0.9977,0.0168,0.981,openmesh 2024-06-06 04
openmesh,rnn line,pws,2.0,906,2.5108,2.5364,0.0256,0.0102,1.7283,2.9055,1.1572,0.6978,0.9955,0.0179,0.9777,openmesh 2024-06-06 04
openmesh,rnn gmz,pws,2.0,906,2.5108,2.5456,0.0348,0.0139,1.7608,2.9707,1.1832,0.6705,0.9955,0.0179,0.9777,openmesh 2024-06-06 04
openmesh,pws,radar,,2784,2.432,2.3985,-0.0335,-0.0138,1.068,1.8878,0.7762,0.8516,0.9976,0.0779,0.92,openmesh 2024-06-06 04
openmesh,dynamic idw,radar,,2772,2.4291,4.0267,1.5976,0.6577,2.73,3.6881,1.5183,0.3683,0.9988,0.088,0.9109,openmesh 2024-06-06 04
openmesh,dynamic line,radar,,2784,2.432,3.8108,1.3788,0.5669,2.6276,3.5705,1.4681,0.3554,1.0,0.09,0.91,openmesh 2024-06-06 04
openmesh,dynamic gmz,radar,,2784,2.432,3.8887,1.4567,0.599,2.7772,3.7627,1.5472,0.3159,0.9968,0.0889,0.9084,openmesh 2024-06-06 04
openmesh,constant idw,radar,,2772,2.4291,0.509,-1.9201,-0.7905,2.1885,3.8438,1.5824,-0.0153,0.5696,0.0424,0.5556,openmesh 2024-06-06 04
openmesh,constant line,radar,,2784,2.432,0.5093,-1.9226,-0.7906,2.1904,3.8451,1.5811,-0.017,0.566,0.0451,0.5513,openmesh 2024-06-06 04
openmesh,constant gmz,radar,,2784,2.432,0.5139,-1.9181,-0.7887,2.188,3.8439,1.5806,-0.0174,0.5669,0.0431,0.5527,openmesh 2024-06-06 04
openmesh,pycomlink idw,radar,,2772,2.4291,1.2279,-1.2011,-0.4945,1.513,2.758,1.1354,0.6192,0.978,0.0817,0.8997,openmesh 2024-06-06 04
openmesh,pycomlink line,radar,,2784,2.432,1.1969,-1.2351,-0.5079,1.5388,2.8195,1.1594,0.5962,0.9862,0.0843,0.9042,openmesh 2024-06-06 04
openmesh,pycomlink gmz,radar,,2784,2.432,1.2017,-1.2302,-0.5059,1.5386,2.8361,1.1662,0.5839,0.9818,0.0815,0.9031,openmesh 2024-06-06 04
openmesh,nearby idw,radar,,2772,2.4291,1.4727,-0.9564,-0.3937,1.4737,2.6402,1.0869,0.6211,0.9866,0.0828,0.9059,openmesh 2024-06-06 04
openmesh,nearby line,radar,,2784,2.432,1.4116,-1.0203,-0.4196,1.5217,2.7341,1.1243,0.5886,0.987,0.0828,0.9062,openmesh 2024-06-06 04
openmesh,nearby gmz,radar,,2784,2.432,1.4159,-1.016,-0.4178,1.5317,2.7579,1.134,0.5729,0.9684,0.0822,0.8911,openmesh 2024-06-06 04
openmesh,rnn idw,radar,,2772,2.4291,2.6181,0.1891,0.0778,1.6856,2.6418,1.0876,0.5473,0.9996,0.0886,0.911,openmesh 2024-06-06 04
openmesh,rnn line,radar,,2784,2.432,2.6872,0.2553,0.105,1.7155,2.6474,1.0886,0.5459,0.9996,0.0897,0.91,openmesh 2024-06-06 04
openmesh,rnn gmz,radar,,2784,2.432,2.6888,0.2568,0.1056,1.741,2.6842,1.1037,0.5307,0.9996,0.0897,0.91,openmesh 2024-06-06 04
openmesh,dynamic idw,pws,,2772,2.3987,4.0267,1.628,0.6787,2.7506,3.71,1.5467,0.478,0.9955,0.0163,0.9793,openmesh 2024-06-06 04
openmesh,dynamic line,pws,,2784,2.3985,3.8108,1.4123,0.5888,2.6415,3.6217,1.51,0.4632,0.9978,0.0177,0.9801,openmesh 2024-06-06 04
openmesh,dynamic gmz,pws,,2784,2.3985,3.8887,1.4902,0.6213,2.7815,3.8119,1.5893,0.4204,0.9936,0.0174,0.9764,openmesh 2024-06-06 04
openmesh,constant idw,pws,,2772,2.3987,0.509,-1.8897,-0.7878,2.1564,4.2154,1.7574,0.0027,0.5414,0.015,0.5369,openmesh 2024-06-06 04
openmesh,constant line,pws,,2784,2.3985,0.5093,-1.8892,-0.7876,2.1547,4.2136,1.7568,0.0012,0.5382,0.0178,0.533,openmesh 2024-06-06 04
openmesh,constant gmz,pws,,2784,2.3985,0.5139,-1.8846,-0.7857,2.152,4.2125,1.7563,0.0008,0.539,0.0157,0.5343,openmesh 2024-06-06 04
openmesh,pycomlink idw,pws,,2772,2.3987,1.2279,-1.1707,-0.4881,1.5039,2.974,1.2398,0.7117,0.9752,0.0092,0.9665,openmesh 2024-06-06 04
openmesh,pycomlink line,pws,,2784,2.3985,1.1969,-1.2016,-0.501,1.5331,3.0439,1.2691,0.6895,0.9843,0.0113,0.9733,openmesh 2024-06-06 04
openmesh,pycomlink gmz,pws,,2784,2.3985,1.2017,-1.1968,-0.499,1.5317,3.0683,1.2793,0.6725,0.9779,0.0102,0.9681,openmesh 2024-06-06 04
openmesh,nearby idw,pws,,2772,2.3987,1.4727,-0.926,-0.386,1.5301,2.8889,1.2044,0.6892,0.9801,0.014,0.9666,openmesh 2024-06-06 04
openmesh,nearby line,pws,,2784,2.3985,1.4116,-0.9869,-0.4115,1.5774,3.0016,1.2514,0.6545,0.9801,0.0147,0.966,openmesh 2024-06-06 04
openmesh,nearby gmz,pws,,2784,2.3985,1.4159,-0.9826,-0.4097,1.5824,3.044,1.2691,0.6271,0.9614,0.0142,0.9483,openmesh 2024-06-06 04
openmesh,rnn idw,pws,,2772,2.3987,2.6181,0.2195,0.0915,1.7287,2.8662,1.1949,0.6098,0.9959,0.0174,0.9786,openmesh 2024-06-06 04
openmesh,rnn line,pws,,2784,2.3985,2.6872,0.2887,0.1204,1.7746,2.8689,1.1961,0.6108,0.9955,0.0192,0.9765,openmesh 2024-06-06 04
openmesh,rnn gmz,pws,,2784,2.3985,2.6888,0.2903,0.121,1.8033,2.9323,1.2226,0.5858,0.9955,0.0192,0.9765,openmesh 2024-06-06 04
openmesh,pws,radar,2.0,588,3.3075,3.0005,-0.307,-0.0928,1.582,2.4256,0.7334,0.8091,0.7769,0.0776,0.7292,openmesh 2024-06-14 22
openmesh,dynamic idw,radar,2.0,588,3.3075,3.8908,0.5833,0.1764,2.9789,4.1912,1.2672,0.3818,0.9981,0.0942,0.9042,openmesh 2024-06-14 22
openmesh,dynamic line,radar,2.0,588,3.3075,3.4651,0.1576,0.0476,2.846,4.0793,1.2334,0.3685,0.9981,0.0942,0.9042,openmesh 2024-06-14 22
openmesh,dynamic gmz,radar,2.0,588,3.3075,3.6779,0.3704,0.112,2.9498,4.1912,1.2672,0.3674,0.9962,0.096,0.9009,openmesh 2024-06-14 22
openmesh,constant idw,radar,2.0,588,3.3075,1.0654,-2.2421,-0.6779,2.4422,4.11,1.2426,0.5697,0.5423,0.0309,0.5331,openmesh 2024-06-14 22
openmesh,constant line,radar,2.0,588,3.3075,0.972,-2.3355,-0.7061,2.5151,4.2122,1.2735,0.556,0.5423,0.0309,0.5331,openmesh 2024-06-14 22
openmesh,constant gmz,radar,2.0,588,3.3075,1.0431,-2.2644,-0.6846,2.4684,4.1424,1.2524,0.5574,0.5365,0.0312,0.5274,openmesh 2024-06-14 22
openmesh,pycomlink idw,radar,2.0,588,3.3075,1.1521,-2.1553,-0.6517,2.3765,4.0809,1.2338,0.5527,0.7288,0.0501,0.7019,openmesh 2024-06-14 22
openmesh,pycomlink line,radar,2.0,588,3.3075,1.0361,-2.2714,-0.6867,2.4537,4.1872,1.266,0.5425,0.7173,0.0533,0.6895,openmesh 2024-06-14 22
openmesh,pycomlink gmz,radar,2.0,588,3.3075,1.1284,-2.1791,-0.6588,2.3993,4.1134,1.2437,0.5414,0.725,0.0528,0.6969,openmesh 2024-06-14 22
openmesh,nearby idw,radar,2.0,588,3.3075,1.0156,-2.2918,-0.6929,2.462,4.1668,1.2598,0.5663,0.6154,0.0883,0.5808,openmesh 2024-06-14 22
openmesh,nearby line,radar,2.0,588,3.3075,0.9156,-2.3918,-0.7232,2.5521,4.2823,1.2947,0.5463,0.5962,0.0882,0.5636,openmesh 2024-06-14 22
openmesh,nearby gmz,radar,2.0,588,3.3075,0.9599,-2.3476,-0.7098,2.5292,4.2447,1.2834,0.5344,0.6058,0.087,0.5727,openmesh 2024-06-14 22
openmesh,rnn idw,radar,2.0,588,3.3075,4.035,0.7275,0.22,1.4812,2.2432,0.6782,0.8587,0.9635,0.1195,0.852,openmesh 2024-06-14 22
openmesh,rnn line,radar,2.0,588,3.3075,4.0284,0.7209,0.218,1.4851,2.2586,0.6829,0.8554,0.9615,0.1166,0.8532,openmesh 2024-06-14 22
openmesh,rnn gmz,radar,2.0,588,3.3075,4.0187,0.7112,0.215,1.4817,2.2323,0.6749,0.8593,0.9615,0.1166,0.8532,openmesh 2024-06-14 22
openmesh,dynamic idw,pws,2.0,588,3.0005,3.8908,0.8903,0.2967,2.7501,3.9729,1.3241,0.3222,0.9977,0.2373,0.7613,openmesh 2024-06-14 22
openmesh,dynamic line,pws,2.0,588,3.0005,3.4651,0.4645,0.1548,2.5772,3.7272,1.2422,0.3271,1.0,0.2356,0.7644,openmesh 2024-06-14 22
openmesh,dynamic gmz,pws,2.0,588,3.0005,3.6779,0.6774,0.2258,2.6935,3.8887,1.296,0.3269,0.9977,0.2373,0.7613,openmesh 2024-06-14 22
openmesh,constant idw,pws,2.0,588,3.0005,1.0654,-1.9351,-0.6449,2.0415,3.3209,1.1068,0.62,0.6644,0.0,0.6644,openmesh 2024-06-14 22
openmesh,constant line,pws,2.0,588,3.0005,0.972,-2.0286,-0.6761,2.1134,3.4074,1.1356,0.6174,0.6644,0.0,0.6644,openmesh 2024-06-14 22
openmesh,constant gmz,pws,2.0,588,3.0005,1.0431,-1.9574,-0.6524,2.0653,3.3438,1.1144,0.6143,0.6575,0.0,0.6575,openmesh 2024-06-14 22
openmesh,pycomlink idw,pws,2.0,588,3.0005,1.1521,-1.8484,-0.616,2.1013,3.3148,1.1047,0.589,0.7078,0.2231,0.5882,openmesh 2024-06-14 22
openmesh,pycomlink line,pws,2.0,588,3.0005,1.0361,-1.9644,-0.6547,2.1633,3.3988,1.1327,0.5916,0.7032,0.2183,0.5878,openmesh 2024-06-14 22
openmesh,pycomlink gmz,pws,2.0,588,3.0005,1.1284,-1.8722,-0.6239,2.1231,3.3354,1.1116,0.5852,0.6986,0.2312,0.5774,openmesh 2024-06-14 22
openmesh,nearby idw,pws,2.0,588,3.0005,1.0156,-1.9849,-0.6615,2.1075,3.4031,1.1342,0.5983,0.7854,0.0199,0.773,openmesh 2024-06-14 22
openmesh,nearby line,pws,2.0,588,3.0005,0.9156,-2.0849,-0.6948,2.1912,3.5045,1.168,0.5878,0.7671,0.0118,0.7602,openmesh 2024-06-14 22
openmesh,nearby gmz,pws,2.0,588,3.0005,0.9599,-2.0406,-0.6801,2.1719,3.4765,1.1586,0.5709,0.774,0.0174,0.7635,openmesh 2024-06-14 22
openmesh,rnn idw,pws,2.0,588,3.0005,4.035,1.0345,0.3448,1.4752,2.1869,0.7288,0.8648,0.9977,0.232,0.7667,openmesh 2024-06-14 22
openmesh,rnn line,pws,2.0,588,3.0005,4.0284,1.0279,0.3426,1.4637,2.1641,0.7212,0.8652,1.0,0.2261,0.7739,openmesh 2024-06-14 22
openmesh,rnn gmz,pws,2.0,588,3.0005,4.0187,1.0182,0.3393,1.4927,2.1917,0.7304,0.8621,1.0,0.2261,0.7739,openmesh 2024-06-14 22
openmesh,pws,radar,,1856,2.9499,2.6653,-0.2846,-0.0965,1.5991,2.689,0.9115,0.7618,0.7755,0.129,0.6956,openmesh 2024-06-14 22
openmesh,dynamic idw,radar,,1848,2.9282,3.8106,0.8824,0.3014,3.1598,4.3507,1.4858,0.2976,0.9889,0.1381,0.8536,openmesh 2024-06-14 22
openmesh,dynamic line,radar,,1856,2.9499,3.4991,0.5492,0.1862,3.07,4.3494,1.4744,0.2668,0.9903,0.1374,0.8554,openmesh 2024-06-14 22
openmesh,dynamic gmz,radar,,1856,2.9499,3.6791,0.7292,0.2472,3.177,4.4457,1.507,0.265,0.9624,0.1413,0.8308,openmesh 2024-06-14 22
openmesh,constant idw,radar,,1848,2.9282,1.0637,-1.8644,-0.6367,2.2665,3.9758,1.3578,0.5331,0.5486,0.0799,0.5237,openmesh 2024-06-14 22
openmesh,constant line,radar,,1856,2.9499,0.9883,-1.9616,-0.665,2.3381,4.138,1.4027,0.5034,0.5509,0.0792,0.526,openmesh 2024-06-14 22
openmesh,constant gmz,radar,,1856,2.9499,1.0398,-1.9102,-0.6475,2.3086,4.086,1.3851,0.5123,0.5243,0.0818,0.5009,openmesh 2024-06-14 22
openmesh,pycomlink idw,radar,,1848,2.9282,1.1191,-1.8091,-0.6178,2.2079,3.9438,1.3468,0.5349,0.6928,0.0868,0.6499,openmesh 2024-06-14 22
openmesh,pycomlink line,radar,,1856,2.9499,1.0288,-1.9211,-0.6512,2.2848,4.1094,1.3931,0.5096,0.6957,0.0869,0.6525,openmesh 2024-06-14 22
openmesh,pycomlink gmz,radar,,1856,2.9499,1.0967,-1.8532,-0.6282,2.2482,4.0547,1.3745,0.5139,0.6736,0.0887,0.6322,openmesh 2024-06-14 22
openmesh,nearby idw,radar,,1848,2.9282,1.0293,-1.8989,-0.6485,2.2687,3.9988,1.3656,0.5376,0.5962,0.1743,0.5295,openmesh 2024-06-14 22
openmesh,nearby line,radar,,1856,2.9499,0.9437,-2.0062,-0.6801,2.3548,4.1793,1.4167,0.5024,0.5892,0.1745,0.5239,openmesh 2024-06-14 22
openmesh,nearby gmz,radar,,1856,2.9499,0.9723,-1.9777,-0.6704,2.3414,4.1531,1.4078,0.5001,0.5788,0.1764,0.515,openmesh 2024-06-14 22
openmesh,rnn idw,radar,,1848,2.9282,3.8304,0.9022,0.3081,1.9299,2.9056,0.9923,0.7487,0.9465,0.1784,0.7852,openmesh 2024-06-14 22
openmesh,rnn line,radar,,1856,2.9499,3.8289,0.8789,0.298,1.959,2.9889,1.0132,0.735,0.9455,0.1768,0.7859,openmesh 2024-06-14 22
openmesh,rnn gmz,radar,,1856,2.9499,3.7968,0.8468,0.2871,1.9579,3.0006,1.0172,0.7305,0.9461,0.1767,0.7864,openmesh 2024-06-14 22
openmesh,dynamic idw,pws,,1848,2.6744,3.8106,1.1363,0.4249,2.7408,3.6942,1.3813,0.3183,0.9978,0.224,0.7747,openmesh 2024-06-14 22
openmesh,dynamic line,pws,,1856,2.6653,3.4991,0.8338,0.3129,2.6149,3.5331,1.3256,0.3077,1.0,0.2244,0.7756,openmesh 2024-06-14 22
openmesh,dynamic gmz,pws,,1856,2.6653,3.6791,1.0138,0.3804,2.7192,3.6654,1.3752,0.3081,0.9723,0.2276,0.7558,openmesh 2024-06-14 22
openmesh,constant idw,pws,,1848,2.6744,1.0637,-1.6106,-0.6022,1.6975,2.879,1.0765,0.6453,0.6659,0.0033,0.6645,openmesh 2024-06-14 22
openmesh,constant line,pws,,1856,2.6653,0.9883,-1.677,-0.6292,1.7494,2.9541,1.1084,0.6352,0.6684,0.0054,0.6659,openmesh 2024-06-14 22
openmesh,constant gmz,pws,,1856,2.6653,1.0398,-1.6255,-0.6099,1.7075,2.8898,1.0842,0.6476,0.6414,0.0,0.6414,openmesh 2024-06-14 22
openmesh,pycomlink idw,pws,,1848,2.6744,1.1191,-1.5553,-0.5816,1.7508,2.8659,1.0716,0.6318,0.723,0.1496,0.6414,openmesh 2024-06-14 22
openmesh,pycomlink line,pws,,1856,2.6653,1.0288,-1.6365,-0.614,1.7957,2.9408,1.1033,0.6272,0.7259,0.1516,0.6426,openmesh 2024-06-14 22
openmesh,pycomlink gmz,pws,,1856,2.6653,1.0967,-1.5686,-0.5885,1.7614,2.876,1.0791,0.6337,0.6983,0.1589,0.6169,openmesh 2024-06-14 22
openmesh,nearby idw,pws,,1848,2.6744,1.0293,-1.6451,-0.6151,1.7618,2.9506,1.1033,0.6181,0.788,0.0262,0.7717,openmesh 2024-06-14 22
openmesh,nearby line,pws,,1856,2.6653,0.9437,-1.7216,-0.6459,1.8182,3.0359,1.139,0.607,0.7813,0.0255,0.7657,openmesh 2024-06-14 22
openmesh,nearby gmz,pws,,1856,2.6653,0.9723,-1.693,-0.6352,1.8011,3.0105,1.1295,0.6023,0.7711,0.0231,0.7573,openmesh 2024-06-14 22
openmesh,rnn idw,pws,,1848,2.6744,3.8304,1.1561,0.4323,1.4347,2.1025,0.7862,0.878,0.9993,0.2259,0.7736,openmesh 2024-06-14 22
openmesh,rnn line,pws,,1856,2.6653,3.8289,1.1636,0.4366,1.4214,2.0991,0.7876,0.8759,1.0,0.2249,0.7751,openmesh 2024-06-14 22
openmesh,rnn gmz,pws,,1856,2.6653,3.7968,1.1315,0.4245,1.4391,2.1036,0.7893,0.8711,1.0,0.2253,0.7747,openmesh 2024-06-14 22
openmesh,pws,radar,2.0,1017,2.0007,2.3808,0.3802,0.19,0.6288,1.6234,0.8114,0.9313,0.9747,0.1926,0.7908,openmesh 2024-06-27 00
openmesh,dynamic idw,radar,2.0,1017,2.0007,2.3436,0.3429,0.1714,1.4938,2.5069,1.253,0.672,0.9717,0.3285,0.6586,openmesh 2024-06-27 00
openmesh,dynamic line,radar,2.0,1017,2.0007,2.1935,0.1929,0.0964,1.4893,2.5445,1.2718,0.647,0.9747,0.3265,0.6619,openmesh 2024-06-27 00
openmesh,dynamic gmz,radar,2.0,1017,2.0007,2.217,0.2163,0.1081,1.5378,2.6042,1.3016,0.6368,0.9702,0.3254,0.6609,openmesh 2024-06-27 00
openmesh,constant idw,radar,2.0,1017,2.0007,0.807,-1.1937,-0.5966,1.6331,2.8878,1.4434,0.537,0.5931,0.01,0.5896,openmesh 2024-06-27 00
openmesh,constant line,radar,2.0,1017,2.0007,0.7888,-1.2119,-0.6057,1.6493,2.9324,1.4657,0.5169,0.6393,0.0092,0.6356,openmesh 2024-06-27 00
openmesh,constant gmz,radar,2.0,1017,2.0007,0.7959,-1.2048,-0.6022,1.6448,2.9378,1.4684,0.5132,0.6453,0.0137,0.6396,openmesh 2024-06-27 00
openmesh,pycomlink idw,radar,2.0,1017,2.0007,0.9935,-1.0072,-0.5034,1.5656,2.8169,1.408,0.541,0.8554,0.1741,0.7247,openmesh 2024-06-27 00
openmesh,pycomlink line,radar,2.0,1017,2.0007,0.9583,-1.0424,-0.521,1.5893,2.8722,1.4356,0.5193,0.8525,0.1576,0.7352,openmesh 2024-06-27 00
openmesh,pycomlink gmz,radar,2.0,1017,2.0007,0.9649,-1.0358,-0.5177,1.5906,2.8777,1.4384,0.5162,0.8435,0.1676,0.721,openmesh 2024-06-27 00
openmesh,nearby idw,radar,2.0,837,2.1873,0.6626,-1.5247,-0.6971,1.6376,3.0184,1.38,0.8367,0.8667,0.1735,0.7332,openmesh 2024-06-27 00
openmesh,nearby line,radar,2.0,837,2.1873,0.6145,-1.5729,-0.7191,1.6657,3.0816,1.4089,0.8566,0.8703,0.1406,0.7618,openmesh 2024-06-27 00
openmesh,nearby gmz,radar,2.0,837,2.1873,0.626,-1.5614,-0.7138,1.6593,3.0777,1.4071,0.8295,0.8613,0.1716,0.7309,openmesh 2024-06-27 00
openmesh,rnn idw,radar,2.0,1017,2.0007,2.8795,0.8788,0.4393,1.8836,2.8661,1.4326,0.5896,1.0,0.3402,0.6598,openmesh 2024-06-27 00
openmesh,rnn line,radar,2.0,1017,2.0007,2.9408,0.9401,0.4699,1.9204,2.861,1.43,0.5962,0.9985,0.3399,0.6594,openmesh 2024-06-27 00
openmesh,rnn gmz,radar,2.0,1017,2.0007,2.9431,0.9424,0.471,1.9205,2.8749,1.4369,0.5946,0.997,0.3396,0.6591,openmesh 2024-06-27 00
openmesh,dynamic idw,pws,2.0,1017,2.3808,2.3436,-0.0373,-0.0157,1.7524,3.2673,1.3723,0.5971,0.9926,0.172,0.8229,openmesh 2024-06-27 00
openmesh,dynamic line,pws,2.0,1017,2.3808,2.1935,-0.1873,-0.0787,1.7684,3.3859,1.4221,0.5595,0.9926,0.172,0.8229,openmesh 2024-06-27 00
openmesh,dynamic gmz,pws,2.0,1017,2.3808,2.217,-0.1638,-0.0688,1.8114,3.4661,1.4558,0.5395,0.9864,0.172,0.8186,openmesh 2024-06-27 00
openmesh,constant idw,pws,2.0,1017,2.3808,0.807,-1.5739,-0.661,2.0258,3.8784,1.629,0.4616,0.4926,0.0075,0.4908,openmesh 2024-06-27 00
openmesh,constant line,pws,2.0,1017,2.3808,0.7888,-1.592,-0.6687,2.0443,3.9404,1.655,0.4321,0.5321,0.0046,0.5308,openmesh 2024-06-27 00
openmesh,constant gmz,pws,2.0,1017,2.3808,0.7959,-1.585,-0.6657,2.0391,3.9621,1.6642,0.419,0.5383,0.0068,0.5363,openmesh 2024-06-27 00
openmesh,pycomlink idw,pws,2.0,1017,2.3808,0.9935,-1.3874,-0.5827,1.9414,3.7974,1.595,0.4669,0.8,0.0676,0.7561,openmesh 2024-06-27 00
openmesh,pycomlink line,pws,2.0,1017,2.3808,0.9583,-1.4226,-0.5975,1.9693,3.871,1.6259,0.4363,0.7926,0.0545,0.758,openmesh 2024-06-27 00
openmesh,pycomlink gmz,pws,2.0,1017,2.3808,0.9649,-1.416,-0.5947,1.9707,3.895,1.636,0.4234,0.784,0.0662,0.7427,openmesh 2024-06-27 00
openmesh,nearby idw,pws,2.0,837,2.7031,0.6626,-2.0405,-0.7549,2.0752,4.1357,1.53,0.8038,0.7755,0.0739,0.7304,openmesh 2024-06-27 00
openmesh,nearby line,pws,2.0,837,2.7031,0.6145,-2.0887,-0.7727,2.1153,4.2074,1.5565,0.813,0.7669,0.0516,0.7362,openmesh 2024-06-27 00
openmesh,nearby gmz,pws,2.0,837,2.7031,0.626,-2.0772,-0.7684,2.1091,4.2146,1.5591,0.7725,0.7655,0.078,0.7189,openmesh 2024-06-27 00
openmesh,rnn idw,pws,2.0,1017,2.3808,2.8795,0.4987,0.2094,2.0351,3.5021,1.471,0.5332,1.0,0.2035,0.7965,openmesh 2024-06-27 00
openmesh,rnn line,pws,2.0,1017,2.3808,2.9408,0.5599,0.2352,2.0707,3.4829,1.4629,0.5411,0.9975,0.2039,0.7945,openmesh 2024-06-27 00
openmesh,rnn gmz,pws,2.0,1017,2.3808,2.9431,0.5622,0.2362,2.0783,3.4778,1.4607,0.5442,0.9951,0.2043,0.7925,openmesh 2024-06-27 00
openmesh,pws,radar,,4176,1.8721,2.0527,0.1805,0.0964,0.6611,1.4548,0.7771,0.9211,0.9496,0.2187,0.7502,openmesh 2024-06-27 00
openmesh,dynamic idw,radar,,4149,1.8732,2.5409,0.6677,0.3565,1.7824,2.975,1.5882,0.5871,0.9505,0.3703,0.6097,openmesh 2024-06-27 00
openmesh,dynamic line,radar,,4176,1.8721,2.4177,0.5456,0.2914,1.7727,2.9966,1.6007,0.5616,0.9481,0.3737,0.6055,openmesh 2024-06-27 00
openmesh,dynamic gmz,radar,,4176,1.8721,2.4258,0.5537,0.2958,1.815,3.0517,1.6301,0.5482,0.9442,0.3711,0.6064,openmesh 2024-06-27 00
openmesh,constant idw,radar,,4149,1.8732,1.0024,-0.8708,-0.4649,1.546,2.8781,1.5365,0.4753,0.6186,0.0598,0.5952,openmesh 2024-06-27 00
openmesh,constant line,radar,,4176,1.8721,0.9868,-0.8853,-0.4729,1.5495,2.9043,1.5514,0.4631,0.6621,0.0553,0.6374,openmesh 2024-06-27 00
openmesh,constant gmz,radar,,4176,1.8721,0.9896,-0.8825,-0.4714,1.5497,2.9264,1.5632,0.4534,0.6621,0.0558,0.6372,openmesh 2024-06-27 00
openmesh,pycomlink idw,radar,,4149,1.8732,1.1968,-0.6764,-0.3611,1.5131,2.8383,1.5153,0.4842,0.8656,0.2266,0.6905,openmesh 2024-06-27 00
openmesh,pycomlink line,radar,,4176,1.8721,1.1679,-0.7042,-0.3762,1.5225,2.874,1.5352,0.4691,0.8667,0.2178,0.6982,openmesh 2024-06-27 00
openmesh,pycomlink gmz,radar,,4176,1.8721,1.1694,-0.7027,-0.3754,1.5303,2.9,1.5491,0.4585,0.8609,0.2233,0.6901,openmesh 2024-06-27 00
openmesh,nearby idw,radar,,3132,2.0228,0.6301,-1.3927,-0.6885,1.5312,2.9524,1.4596,0.8286,0.8511,0.2703,0.6471,openmesh 2024-06-27 00
openmesh,nearby line,radar,,3204,2.0048,0.594,-1.4108,-0.7037,1.5351,2.9883,1.4906,0.837,0.8696,0.24,0.6823,openmesh 2024-06-27 00
openmesh,nearby gmz,radar,,3204,2.0048,0.6019,-1.4029,-0.6998,1.5348,2.9985,1.4957,0.8058,0.8625,0.2665,0.6567,openmesh 2024-06-27 00
openmesh,rnn idw,radar,,4149,1.8732,3.1772,1.304,0.6961,2.183,3.2793,1.7507,0.5427,0.9977,0.3818,0.6173,openmesh 2024-06-27 00
openmesh,rnn line,radar,,4176,1.8721,3.2198,1.3477,0.7199,2.2046,3.2626,1.7427,0.55,0.9965,0.3826,0.616,openmesh 2024-06-27 00
openmesh,rnn gmz,radar,,4176,1.8721,3.2218,1.3497,0.721,2.2044,3.2585,1.7406,0.5529,0.9942,0.383,0.6148,openmesh 2024-06-27 00
openmesh,dynamic idw,pws,,4149,2.0517,2.5409,0.4892,0.2384,1.7732,3.2959,1.6065,0.5628,0.983,0.2088,0.7805,openmesh 2024-06-27 00
openmesh,dynamic line,pws,,4176,2.0527,2.4177,0.365,0.1778,1.7773,3.3664,1.64,0.5309,0.9818,0.2117,0.777,openmesh 2024-06-27 00
openmesh,dynamic gmz,pws,,4176,2.0527,2.4258,0.3732,0.1818,1.8193,3.4345,1.6732,0.5138,0.9761,0.2098,0.7752,openmesh 2024-06-27 00
openmesh,constant idw,pws,,4149,2.0517,1.0024,-1.0493,-0.5114,1.7067,3.471,1.6918,0.4332,0.5293,0.0225,0.523,openmesh 2024-06-27 00
openmesh,constant line,pws,,4176,2.0527,0.9868,-1.0658,-0.5192,1.7124,3.5078,1.7089,0.4179,0.5658,0.0188,0.5598,openmesh 2024-06-27 00
openmesh,constant gmz,pws,,4176,2.0527,0.9896,-1.0631,-0.5179,1.7114,3.5373,1.7233,0.4045,0.5658,0.0193,0.5596,openmesh 2024-06-27 00
openmesh,pycomlink idw,pws,,4149,2.0517,1.1968,-0.8549,-0.4167,1.6538,3.4137,1.6639,0.4444,0.84,0.0881,0.777,openmesh 2024-06-27 00
openmesh,pycomlink line,pws,,4176,2.0527,1.1679,-0.8848,-0.431,1.667,3.4624,1.6868,0.4258,0.8368,0.0822,0.7785,openmesh 2024-06-27 00
openmesh,pycomlink gmz,pws,,4176,2.0527,1.1694,-0.8833,-0.4303,1.673,3.4962,1.7033,0.4116,0.8317,0.0881,0.7698,openmesh 2024-06-27 00
openmesh,nearby idw,pws,,3132,2.3991,0.6301,-1.769,-0.7374,1.8272,3.797,1.5827,0.8168,0.8036,0.1249,0.7209,openmesh 2024-06-27 00
openmesh,nearby line,pws,,3204,2.3787,0.594,-1.7847,-0.7503,1.8359,3.8306,1.6104,0.8213,0.8006,0.1118,0.7273,openmesh 2024-06-27 00
openmesh,nearby gmz,pws,,3204,2.3787,0.6019,-1.7768,-0.747,1.836,3.8453,1.6166,0.7831,0.8094,0.1261,0.7248,openmesh 2024-06-27 00
openmesh,rnn idw,pws,,4149,2.0517,3.1772,1.1255,0.5486,2.222,3.6389,1.7736,0.4977,0.9981,0.2486,0.7503,openmesh 2024-06-27 00
openmesh,rnn line,pws,,4176,2.0527,3.2198,1.1671,0.5686,2.2407,3.6123,1.7598,0.5072,0.9968,0.2494,0.7488,openmesh 2024-06-27 00
openmesh,rnn gmz,pws,,4176,2.0527,3.2218,1.1692,0.5696,2.2442,3.6015,1.7545,0.5117,0.9946,0.2498,0.7471,openmesh 2024-06-27 00
