network,method,reference,n,mean_ref,mean_est,bias,rel_bias,mae,rmse,nrmse,corr,pod,far,csi,event
openmrg,dynamic,radar,10470.0,0.5418,1.8195,1.2777,2.358,1.3692,3.5744,6.5968,0.5572,0.885,0.0951,0.8097,openmrg 2015-06-02 04
openmrg,dynamic,pws,6240.0,0.5169,1.9663,1.4494,2.8042,1.4824,3.96,7.6614,0.5521,0.9365,0.163,0.7921,openmrg 2015-06-02 04
openmrg,dynamic,city,4470.0,0.6542,2.2198,1.5656,2.3931,1.713,3.9861,6.093,0.5566,0.9228,0.1489,0.7945,openmrg 2015-06-02 04
openmrg,dynamic,smhi,1620.0,0.61,2.4855,1.8755,3.0746,1.893,4.0837,6.6947,0.7895,0.956,0.1631,0.8059,openmrg 2015-06-02 04
openmrg,constant,radar,10470.0,0.5418,0.2408,-0.3011,-0.5557,0.5004,1.4938,2.7569,0.2545,0.2703,0.0132,0.2693,openmrg 2015-06-02 04
openmrg,constant,pws,6240.0,0.5169,0.2183,-0.2986,-0.5777,0.4722,1.8102,3.5022,0.2107,0.2537,0.0288,0.2518,openmrg 2015-06-02 04
openmrg,constant,city,4470.0,0.6542,0.1682,-0.486,-0.743,0.5838,1.2339,1.8862,0.3015,0.2092,0.0229,0.2082,openmrg 2015-06-02 04
openmrg,constant,smhi,1620.0,0.61,0.0844,-0.5256,-0.8616,0.5352,0.9947,1.6306,0.4348,0.1586,0.0214,0.158,openmrg 2015-06-02 04
openmrg,pycomlink,radar,10470.0,0.5418,0.1363,-0.4056,-0.7485,0.5167,1.1356,2.0959,0.2689,0.1317,0.0153,0.1314,openmrg 2015-06-02 04
openmrg,pycomlink,pws,6240.0,0.5169,0.1258,-0.391,-0.7566,0.4858,1.2989,2.5129,0.1986,0.1502,0.0292,0.1495,openmrg 2015-06-02 04
openmrg,pycomlink,city,4470.0,0.6542,0.1134,-0.5408,-0.8267,0.5801,1.1621,1.7763,0.326,0.1598,0.0151,0.1594,openmrg 2015-06-02 04
openmrg,pycomlink,smhi,1620.0,0.61,0.0881,-0.5219,-0.8556,0.5396,0.988,1.6197,0.4462,0.1424,0.0081,0.1422,openmrg 2015-06-02 04
openmrg,nearby,radar,9575.0,0.5524,0.521,-0.0314,-0.0568,0.4195,0.9262,1.6767,0.6181,0.6227,0.0223,0.614,openmrg 2015-06-02 04
openmrg,nearby,pws,5527.0,0.5411,0.5248,-0.0163,-0.0301,0.3436,0.9412,1.7395,0.6479,0.6775,0.0482,0.6551,openmrg 2015-06-02 04
openmrg,nearby,city,3746.0,0.6968,0.5347,-0.1622,-0.2327,0.4139,1.0659,1.5296,0.5949,0.6682,0.0112,0.6632,openmrg 2015-06-02 04
openmrg,nearby,smhi,1218.0,0.6603,0.6088,-0.0515,-0.078,0.2982,0.6132,0.9287,0.8596,0.7368,0.004,0.7346,openmrg 2015-06-02 04
openmrg,rnn,radar,10590.0,0.5411,0.7709,0.2297,0.4245,0.4142,0.8081,1.4933,0.7514,0.85,0.0454,0.817,openmrg 2015-06-02 04
openmrg,rnn,pws,6270.0,0.5182,0.7332,0.215,0.4149,0.3346,0.6799,1.312,0.8029,0.8928,0.1066,0.8069,openmrg 2015-06-02 04
openmrg,rnn,city,4470.0,0.6542,0.694,0.0398,0.0608,0.3016,0.6951,1.0626,0.7753,0.8696,0.0768,0.811,openmrg 2015-06-02 04
openmrg,rnn,smhi,1620.0,0.61,0.6966,0.0866,0.1419,0.2083,0.37,0.6065,0.9325,0.875,0.1,0.7975,openmrg 2015-06-02 04
openmrg,dynamic,radar,5584.0,0.2266,0.1932,-0.0334,-0.1473,0.2517,0.6543,2.8876,0.3719,0.2919,0.1424,0.2784,openmrg 2015-06-05 17
openmrg,dynamic,pws,3328.0,0.0344,0.1813,0.147,4.2743,0.1592,0.6975,20.2866,0.3437,0.7973,0.426,0.5009,openmrg 2015-06-05 17
openmrg,dynamic,city,2448.0,0.0449,0.2284,0.1834,4.0839,0.2009,0.8037,17.8926,0.3906,0.7595,0.3088,0.5671,openmrg 2015-06-05 17
openmrg,dynamic,smhi,864.0,0.025,0.2007,0.1757,7.0298,0.1775,0.7024,28.0956,0.4434,0.9352,0.2519,0.7113,openmrg 2015-06-05 17
openmrg,constant,radar,5584.0,0.2266,0.0068,-0.2198,-0.9701,0.2251,0.4152,1.8325,0.164,0.0146,0.125,0.0146,openmrg 2015-06-05 17
openmrg,constant,pws,3328.0,0.0344,0.0013,-0.0331,-0.9635,0.0339,0.1207,3.5119,0.2981,0.011,0.3333,0.0109,openmrg 2015-06-05 17
openmrg,constant,city,2448.0,0.0449,0.0003,-0.0447,-0.9941,0.0451,0.1272,2.8315,0.005,0.0,1.0,0.0,openmrg 2015-06-05 17
openmrg,constant,smhi,864.0,0.025,0.0006,-0.0244,-0.9746,0.0256,0.0802,3.2065,-0.0159,0.0,1.0,0.0,openmrg 2015-06-05 17
openmrg,pycomlink,radar,5584.0,0.2266,0.0245,-0.2021,-0.8918,0.2174,0.4089,1.8048,0.2817,0.0572,0.0734,0.0569,openmrg 2015-06-05 17
openmrg,pycomlink,pws,3328.0,0.0344,0.0141,-0.0203,-0.5912,0.0402,0.1766,5.1367,0.2466,0.1068,0.339,0.1013,openmrg 2015-06-05 17
openmrg,pycomlink,city,2448.0,0.0449,0.0187,-0.0262,-0.5836,0.0455,0.1775,3.9525,0.3792,0.1468,0.0,0.1468,openmrg 2015-06-05 17
openmrg,pycomlink,smhi,864.0,0.025,0.0083,-0.0167,-0.6678,0.0309,0.1104,4.415,0.0957,0.0926,0.0,0.0926,openmrg 2015-06-05 17
openmrg,nearby,radar,5547.0,0.2251,0.0598,-0.1653,-0.7345,0.2122,0.4093,1.8183,0.3326,0.1421,0.0778,0.1404,openmrg 2015-06-05 17
openmrg,nearby,pws,3291.0,0.034,0.0543,0.0202,0.5945,0.0581,0.2948,8.6615,0.2634,0.5197,0.2128,0.4557,openmrg 2015-06-05 17
openmrg,nearby,city,2411.0,0.0444,0.0692,0.0249,0.5602,0.0636,0.3187,7.183,0.5656,0.47,0.0526,0.458,openmrg 2015-06-05 17
openmrg,nearby,smhi,850.0,0.024,0.0675,0.0435,1.8133,0.0635,0.3148,13.1158,0.3691,0.598,0.0,0.598,openmrg 2015-06-05 17
openmrg,rnn,radar,5648.0,0.2261,0.0966,-0.1295,-0.5728,0.1889,0.3367,1.4892,0.5735,0.2861,0.0461,0.2822,openmrg 2015-06-05 17
openmrg,rnn,pws,3344.0,0.0343,0.0792,0.0449,1.3108,0.0617,0.2286,6.6695,0.6568,0.7787,0.3182,0.5711,openmrg 2015-06-05 17
openmrg,rnn,city,2448.0,0.0449,0.0888,0.0439,0.9771,0.0696,0.2308,5.1393,0.7627,0.7089,0.2265,0.587,openmrg 2015-06-05 17
openmrg,rnn,smhi,864.0,0.025,0.0682,0.0432,1.7266,0.0455,0.1618,6.4724,0.8624,0.8611,0.2051,0.7045,openmrg 2015-06-05 17
openmrg,dynamic,radar,3828.0,0.6279,1.1642,0.5364,0.8542,0.9043,2.4264,3.8646,0.4978,0.636,0.0463,0.617,openmrg 2015-06-13 14
openmrg,dynamic,pws,2277.0,0.4455,1.2316,0.7861,1.7647,0.9381,2.7736,6.2263,0.4658,0.6945,0.1525,0.6174,openmrg 2015-06-13 14
openmrg,dynamic,city,1672.0,0.5984,1.3523,0.7539,1.2599,0.971,3.0466,5.0914,0.5693,0.658,0.1354,0.5965,openmrg 2015-06-13 14
openmrg,dynamic,smhi,583.0,0.5636,1.4359,0.8723,1.5476,1.079,2.6852,4.7641,0.6536,0.6887,0.2036,0.5856,openmrg 2015-06-13 14
openmrg,constant,radar,3828.0,0.6279,0.0788,-0.5491,-0.8745,0.5921,1.0704,1.7048,0.2103,0.0883,0.0,0.0883,openmrg 2015-06-13 14
openmrg,constant,pws,2277.0,0.4455,0.0726,-0.3729,-0.8371,0.4411,1.0905,2.448,0.1557,0.0917,0.0312,0.0914,openmrg 2015-06-13 14
openmrg,constant,city,1672.0,0.5984,0.0622,-0.5362,-0.8961,0.602,1.3132,2.1947,0.1139,0.0655,0.0145,0.0654,openmrg 2015-06-13 14
openmrg,constant,smhi,583.0,0.5636,0.0087,-0.5549,-0.9845,0.5562,0.9809,1.7403,0.1741,0.0252,0.1111,0.0251,openmrg 2015-06-13 14
openmrg,pycomlink,radar,3828.0,0.6279,0.5789,-0.049,-0.078,0.5207,1.2334,1.9644,0.4762,0.5552,0.0567,0.5372,openmrg 2015-06-13 14
openmrg,pycomlink,pws,2277.0,0.4455,0.6156,0.1701,0.3818,0.457,1.448,3.2504,0.4535,0.6272,0.1338,0.5718,openmrg 2015-06-13 14
openmrg,pycomlink,city,1672.0,0.5984,0.6336,0.0352,0.0589,0.445,1.5277,2.5532,0.5237,0.5992,0.0893,0.566,openmrg 2015-06-13 14
openmrg,pycomlink,smhi,583.0,0.5636,0.6407,0.0771,0.1368,0.3932,0.9802,1.739,0.715,0.6164,0.1765,0.5444,openmrg 2015-06-13 14
openmrg,nearby,radar,3737.0,0.6305,0.1468,-0.4837,-0.7672,0.5183,0.8292,1.3151,0.4775,0.2612,0.0,0.2612,openmrg 2015-06-13 14
openmrg,nearby,pws,2198.0,0.4465,0.1354,-0.3111,-0.6968,0.3696,0.7116,1.5939,0.4984,0.2938,0.0303,0.2911,openmrg 2015-06-13 14
openmrg,nearby,city,1585.0,0.5874,0.1098,-0.4777,-0.8131,0.5019,0.8916,1.5177,0.4551,0.2554,0.0,0.2554,openmrg 2015-06-13 14
openmrg,nearby,smhi,535.0,0.5335,0.0842,-0.4493,-0.8422,0.4494,0.8081,1.5148,0.6008,0.2587,0.0,0.2587,openmrg 2015-06-13 14
openmrg,rnn,radar,3883.0,0.6279,0.4668,-0.1611,-0.2566,0.2836,0.4588,0.7307,0.8211,0.7142,0.0267,0.7005,openmrg 2015-06-13 14
openmrg,rnn,pws,2299.0,0.4467,0.4579,0.0111,0.0249,0.2472,0.446,0.9984,0.7873,0.7498,0.1813,0.643,openmrg 2015-06-13 14
openmrg,rnn,city,1683.0,0.598,0.431,-0.167,-0.2792,0.2743,0.4669,0.7808,0.8863,0.7232,0.1639,0.6334,openmrg 2015-06-13 14
openmrg,rnn,smhi,594.0,0.5636,0.4359,-0.1278,-0.2267,0.2594,0.4167,0.7393,0.9015,0.787,0.2081,0.6522,openmrg 2015-06-13 14
openmrg,dynamic,radar,1392.0,0.6869,1.0828,0.396,0.5765,0.8487,1.8217,2.6522,0.5221,0.6822,0.0011,0.6816,openmrg 2015-06-17 15
openmrg,dynamic,pws,828.0,1.6474,1.1546,-0.4928,-0.2991,1.069,2.0047,1.2168,0.4873,0.6719,0.0409,0.6532,openmrg 2015-06-17 15
openmrg,dynamic,city,608.0,2.2291,1.2966,-0.9325,-0.4183,1.3837,2.265,1.0161,0.5585,0.7138,0.0,0.7138,openmrg 2015-06-17 15
openmrg,dynamic,smhi,212.0,2.325,1.3991,-0.9259,-0.3982,1.2774,1.6686,0.7177,0.7519,0.7358,0.0,0.7358,openmrg 2015-06-17 15
openmrg,constant,radar,1392.0,0.6869,0.5003,-0.1865,-0.2716,0.9401,3.407,4.9603,0.1813,0.1327,0.0,0.1327,openmrg 2015-06-17 15
openmrg,constant,pws,828.0,1.6474,0.5498,-1.0976,-0.6662,1.6757,4.558,2.7667,0.1066,0.1133,0.0543,0.1125,openmrg 2015-06-17 15
openmrg,constant,city,608.0,2.2291,0.5492,-1.6799,-0.7536,2.2391,5.3097,2.382,0.1342,0.0954,0.0,0.0954,openmrg 2015-06-17 15
openmrg,constant,smhi,212.0,2.325,0.1914,-2.1336,-0.9177,2.1683,2.8269,1.2159,0.2835,0.0566,0.0,0.0566,openmrg 2015-06-17 15
openmrg,pycomlink,radar,1392.0,0.6869,3.0863,2.3995,3.4934,2.5686,4.1011,5.9708,0.5811,0.8636,0.0052,0.8597,openmrg 2015-06-17 15
openmrg,pycomlink,pws,828.0,1.6474,3.4965,1.8491,1.1224,2.2616,3.7503,2.2765,0.567,0.8802,0.0452,0.845,openmrg 2015-06-17 15
openmrg,pycomlink,city,608.0,2.2291,3.8542,1.6251,0.729,2.2094,3.7047,1.6619,0.6738,0.8882,0.0,0.8882,openmrg 2015-06-17 15
openmrg,pycomlink,smhi,212.0,2.325,4.7785,2.4535,1.0553,2.9012,4.5215,1.9447,0.7312,0.9198,0.0,0.9198,openmrg 2015-06-17 15
openmrg,nearby,radar,1392.0,0.6869,2.2198,1.5329,2.2317,1.7696,4.2132,6.1339,0.4775,0.7699,0.001,0.7693,openmrg 2015-06-17 15
openmrg,nearby,pws,828.0,1.6474,2.5057,0.8583,0.521,1.5482,4.4337,2.6913,0.4485,0.7695,0.0231,0.7558,openmrg 2015-06-17 15
openmrg,nearby,city,608.0,2.2291,2.8106,0.5815,0.2609,1.6339,4.8528,2.177,0.5463,0.7352,0.0,0.7352,openmrg 2015-06-17 15
openmrg,nearby,smhi,212.0,2.325,2.8304,0.5054,0.2174,1.455,2.7081,1.1648,0.8202,0.7453,0.0,0.7453,openmrg 2015-06-17 15
openmrg,rnn,radar,1412.0,0.6857,1.207,0.5213,0.7601,0.6362,0.914,1.3329,0.8186,0.8455,0.0035,0.843,openmrg 2015-06-17 15
openmrg,rnn,pws,836.0,1.6465,1.2765,-0.37,-0.2247,0.6445,0.92,0.5588,0.8239,0.8363,0.0299,0.8153,openmrg 2015-06-17 15
openmrg,rnn,city,612.0,2.2284,1.3525,-0.876,-0.3931,0.8962,1.1638,0.5223,0.9534,0.8088,0.0,0.8088,openmrg 2015-06-17 15
openmrg,rnn,smhi,216.0,2.325,1.3613,-0.9637,-0.4145,0.9652,1.2802,0.5506,0.9846,0.8287,0.0,0.8287,openmrg 2015-06-17 15
openmrg,dynamic,radar,7308.0,0.1688,0.3173,0.1485,0.8795,0.3085,1.5885,9.4087,0.2654,0.4397,0.3038,0.3689,openmrg 2015-06-18 08
openmrg,dynamic,pws,4347.0,0.0856,0.3672,0.2816,3.2901,0.3526,2.0176,23.5714,0.177,0.4402,0.5568,0.2835,openmrg 2015-06-18 08
openmrg,dynamic,city,3192.0,0.0791,0.4203,0.3412,4.3158,0.3939,2.32,29.3438,0.2119,0.4668,0.5093,0.3144,openmrg 2015-06-18 08
openmrg,dynamic,smhi,1113.0,0.0714,0.4952,0.4238,5.9329,0.4592,1.5631,21.8841,0.4571,0.5896,0.4919,0.3754,openmrg 2015-06-18 08
openmrg,constant,radar,7308.0,0.1688,0.0341,-0.1347,-0.7981,0.167,0.4419,2.6171,0.2401,0.0753,0.1038,0.0747,openmrg 2015-06-18 08
openmrg,constant,pws,4347.0,0.0856,0.0391,-0.0465,-0.5435,0.0924,0.4229,4.9402,0.2351,0.1263,0.1871,0.1227,openmrg 2015-06-18 08
openmrg,constant,city,3192.0,0.0791,0.031,-0.0481,-0.6083,0.0849,0.4213,5.328,0.1741,0.0857,0.1343,0.0845,openmrg 2015-06-18 08
openmrg,constant,smhi,1113.0,0.0714,0.0445,-0.0269,-0.3768,0.081,0.2624,3.674,0.4254,0.1698,0.0526,0.1682,openmrg 2015-06-18 08
openmrg,pycomlink,radar,7308.0,0.1688,0.0888,-0.08,-0.4741,0.1597,0.4555,2.6981,0.4595,0.2082,0.1279,0.202,openmrg 2015-06-18 08
openmrg,pycomlink,pws,4347.0,0.0856,0.1034,0.0178,0.2083,0.1217,0.5323,6.2187,0.369,0.267,0.347,0.2339,openmrg 2015-06-18 08
openmrg,pycomlink,city,3192.0,0.0791,0.0972,0.0182,0.2297,0.1018,0.5295,6.6966,0.4365,0.288,0.1942,0.2693,openmrg 2015-06-18 08
openmrg,pycomlink,smhi,1113.0,0.0714,0.155,0.0836,1.1704,0.1362,0.5145,7.2035,0.6428,0.4575,0.224,0.4042,openmrg 2015-06-18 08
openmrg,nearby,radar,7155.0,0.167,0.0309,-0.1361,-0.8149,0.1543,0.337,2.0181,0.5033,0.0761,0.0457,0.0758,openmrg 2015-06-18 08
openmrg,nearby,pws,4223.0,0.0847,0.045,-0.0396,-0.4679,0.0879,0.3102,3.6648,0.4481,0.1588,0.098,0.1561,openmrg 2015-06-18 08
openmrg,nearby,city,3042.0,0.0769,0.0527,-0.0241,-0.3138,0.0766,0.2659,3.4594,0.5952,0.1852,0.0167,0.1847,openmrg 2015-06-18 08
openmrg,nearby,smhi,1049.0,0.0687,0.0992,0.0305,0.4434,0.0979,0.3734,5.4324,0.6554,0.3367,0.0,0.3367,openmrg 2015-06-18 08
openmrg,rnn,radar,7413.0,0.1697,0.1947,0.025,0.1475,0.1452,0.2952,1.7396,0.6603,0.7984,0.3915,0.5275,openmrg 2015-06-18 08
openmrg,rnn,pws,4389.0,0.0864,0.1959,0.1095,1.2673,0.1581,0.3293,3.8117,0.56,0.8037,0.6377,0.3329,openmrg 2015-06-18 08
openmrg,rnn,city,3213.0,0.0791,0.1693,0.0902,1.1395,0.1194,0.2155,2.723,0.7722,0.746,0.6402,0.3205,openmrg 2015-06-18 08
openmrg,rnn,smhi,1134.0,0.0714,0.1873,0.1159,1.622,0.1305,0.2458,3.4408,0.8399,0.875,0.619,0.3614,openmrg 2015-06-18 08
openmrg,dynamic,radar,2040.0,0.1093,0.266,0.1567,1.4336,0.269,1.652,15.1122,0.1128,0.5391,0.3408,0.4216,openmrg 2015-06-19 13
openmrg,dynamic,pws,1206.0,0.0443,0.3375,0.2932,6.6209,0.3339,2.0766,46.8972,0.0467,0.5702,0.6448,0.2802,openmrg 2015-06-19 13
openmrg,dynamic,city,882.0,0.014,0.4003,0.3863,27.5278,0.3997,2.4169,172.2341,-0.0091,0.6176,0.8264,0.1567,openmrg 2015-06-19 13
openmrg,dynamic,smhi,294.0,0.0,0.294,0.294,,0.294,1.7504,,,,1.0,0.0,openmrg 2015-06-19 13
openmrg,constant,radar,2040.0,0.1093,0.0183,-0.091,-0.8327,0.1162,0.4052,3.7065,0.0897,0.0521,0.1667,0.0515,openmrg 2015-06-19 13
openmrg,constant,pws,1206.0,0.0443,0.0146,-0.0297,-0.6701,0.0515,0.2662,6.0111,0.1046,0.0526,0.3333,0.0513,openmrg 2015-06-19 13
openmrg,constant,city,882.0,0.014,0.0139,-0.0002,-0.0117,0.0279,0.2531,18.0348,-0.0142,0.0,1.0,0.0,openmrg 2015-06-19 13
openmrg,constant,smhi,294.0,0.0,0.0,0.0,,0.0,0.0,,,,,,openmrg 2015-06-19 13
openmrg,pycomlink,radar,2040.0,0.1093,0.0298,-0.0795,-0.7274,0.0959,0.2937,2.6866,0.5515,0.2188,0.125,0.2121,openmrg 2015-06-19 13
openmrg,pycomlink,pws,1206.0,0.0443,0.0216,-0.0227,-0.5115,0.0446,0.1676,3.7861,0.443,0.2456,0.3636,0.2154,openmrg 2015-06-19 13
openmrg,pycomlink,city,882.0,0.014,0.0066,-0.0074,-0.5279,0.0172,0.0683,4.8677,0.1882,0.2059,0.5882,0.1591,openmrg 2015-06-19 13
openmrg,pycomlink,smhi,294.0,0.0,0.0088,0.0088,,0.0088,0.0591,,,,1.0,0.0,openmrg 2015-06-19 13
openmrg,nearby,radar,2036.0,0.1095,0.0033,-0.1063,-0.9703,0.1074,0.3435,3.1364,0.3205,0.026,0.0909,0.026,openmrg 2015-06-19 13
openmrg,nearby,pws,1202.0,0.0444,0.002,-0.0424,-0.9548,0.0426,0.1669,3.7564,0.2909,0.0263,0.0,0.0263,openmrg 2015-06-19 13
openmrg,nearby,city,878.0,0.0141,0.0,-0.0141,-1.0,0.0141,0.0575,4.081,,0.0,,0.0,openmrg 2015-06-19 13
openmrg,nearby,smhi,292.0,0.0,0.0,0.0,,0.0,0.0,,,,,,openmrg 2015-06-19 13
openmrg,rnn,radar,2070.0,0.1091,0.0349,-0.0742,-0.6802,0.0894,0.2806,2.5711,0.6022,0.3316,0.0515,0.3258,openmrg 2015-06-19 13
openmrg,rnn,pws,1218.0,0.0438,0.0236,-0.0202,-0.461,0.0419,0.1645,3.7513,0.4864,0.2982,0.4237,0.2446,openmrg 2015-06-19 13
openmrg,rnn,city,888.0,0.014,0.0046,-0.0094,-0.6698,0.0139,0.0557,3.9895,0.3027,0.2353,0.5294,0.186,openmrg 2015-06-19 13
openmrg,rnn,smhi,300.0,0.0,0.0051,0.0051,,0.0051,0.0358,,,,1.0,0.0,openmrg 2015-06-19 13
openmrg,dynamic,radar,2783.0,0.3055,0.5914,0.286,0.9362,0.4637,1.433,4.6911,0.4685,0.6655,0.1362,0.6022,openmrg 2015-06-22 11
openmrg,dynamic,pws,1656.0,0.2108,0.6739,0.4631,2.1971,0.5328,1.7103,8.1144,0.4365,0.8234,0.3086,0.6021,openmrg 2015-06-22 11
openmrg,dynamic,city,1215.0,0.2177,0.7624,0.5447,2.5025,0.6372,1.9783,9.0887,0.3782,0.8418,0.3111,0.61,openmrg 2015-06-22 11
openmrg,dynamic,smhi,424.0,0.1875,0.7897,0.6022,3.2115,0.6744,1.9864,10.5943,0.4882,0.6541,0.3067,0.5073,openmrg 2015-06-22 11
openmrg,constant,radar,2783.0,0.3055,0.0961,-0.2094,-0.6854,0.2921,0.669,2.19,0.3969,0.1181,0.0414,0.1175,openmrg 2015-06-22 11
openmrg,constant,pws,1656.0,0.2108,0.0894,-0.1214,-0.576,0.1979,0.5957,2.8265,0.4967,0.1261,0.2308,0.1215,openmrg 2015-06-22 11
openmrg,constant,city,1215.0,0.2177,0.0664,-0.1513,-0.695,0.1974,0.6275,2.883,0.4425,0.1097,0.1042,0.1083,openmrg 2015-06-22 11
openmrg,constant,smhi,424.0,0.1875,0.0092,-0.1783,-0.9512,0.1822,0.3949,2.1059,0.2108,0.0252,0.0,0.0252,openmrg 2015-06-22 11
openmrg,pycomlink,radar,2783.0,0.3055,0.1943,-0.1111,-0.3638,0.2699,0.6783,2.2206,0.5097,0.3309,0.0697,0.3229,openmrg 2015-06-22 11
openmrg,pycomlink,pws,1656.0,0.2108,0.2233,0.0125,0.0593,0.2233,0.7399,3.5102,0.5311,0.4396,0.2179,0.3917,openmrg 2015-06-22 11
openmrg,pycomlink,city,1215.0,0.2177,0.2264,0.0087,0.0401,0.2288,0.8102,3.7221,0.4682,0.4898,0.183,0.4414,openmrg 2015-06-22 11
openmrg,pycomlink,smhi,424.0,0.1875,0.2127,0.0252,0.1343,0.2156,0.5909,3.1514,0.518,0.4277,0.1905,0.3886,openmrg 2015-06-22 11
openmrg,nearby,radar,2765.0,0.3047,0.1051,-0.1995,-0.6549,0.2736,0.6281,2.0615,0.4309,0.2097,0.0205,0.2088,openmrg 2015-06-22 11
openmrg,nearby,pws,1638.0,0.2119,0.1167,-0.0952,-0.4491,0.1853,0.56,2.6431,0.5671,0.3102,0.1414,0.2951,openmrg 2015-06-22 11
openmrg,nearby,city,1197.0,0.2182,0.1076,-0.1105,-0.5067,0.187,0.6005,2.7523,0.4736,0.3646,0.085,0.3526,openmrg 2015-06-22 11
openmrg,nearby,smhi,416.0,0.1882,0.0807,-0.1075,-0.571,0.1548,0.3746,1.9904,0.4867,0.3007,0.0,0.3007,openmrg 2015-06-22 11
openmrg,rnn,radar,2824.0,0.3034,0.3546,0.0512,0.1686,0.2545,0.613,2.0201,0.649,0.7128,0.1318,0.6432,openmrg 2015-06-22 11
openmrg,rnn,pws,1672.0,0.2096,0.366,0.1564,0.7462,0.2506,0.5987,2.8564,0.7089,0.8444,0.3149,0.6082,openmrg 2015-06-22 11
openmrg,rnn,city,1224.0,0.2169,0.3158,0.0989,0.456,0.2137,0.4914,2.2658,0.7033,0.8249,0.3056,0.6052,openmrg 2015-06-22 11
openmrg,rnn,smhi,432.0,0.1875,0.271,0.0835,0.4453,0.1459,0.3095,1.6504,0.8346,0.6605,0.3515,0.4864,openmrg 2015-06-22 11
openmrg,dynamic,radar,1392.0,0.4723,2.4102,1.9379,4.1032,1.9834,4.4217,9.3624,0.3716,0.9315,0.0949,0.8486,openmrg 2015-06-28 22
openmrg,dynamic,pws,828.0,0.7595,2.9854,2.2259,2.9308,2.303,5.2433,6.9036,0.3061,0.9581,0.1453,0.8239,openmrg 2015-06-28 22
openmrg,dynamic,city,608.0,1.0162,3.6441,2.6279,2.5861,2.7076,6.0473,5.951,0.2888,1.0,0.1386,0.8614,openmrg 2015-06-28 22
openmrg,dynamic,smhi,212.0,0.95,4.1064,3.1564,3.3225,3.1737,4.5593,4.7993,0.4625,1.0,0.1675,0.8325,openmrg 2015-06-28 22
openmrg,constant,radar,1392.0,0.4723,0.0513,-0.421,-0.8914,0.4908,1.1358,2.4048,0.0441,0.053,0.0,0.053,openmrg 2015-06-28 22
openmrg,constant,pws,828.0,0.7595,0.0739,-0.6856,-0.9028,0.7986,1.647,2.1685,-0.0107,0.0565,0.0789,0.0562,openmrg 2015-06-28 22
openmrg,constant,city,608.0,1.0162,0.0922,-0.924,-0.9093,1.072,1.9673,1.936,-0.0046,0.0579,0.0,0.0579,openmrg 2015-06-28 22
openmrg,constant,smhi,212.0,0.95,0.0054,-0.9446,-0.9943,0.9446,1.234,1.299,-0.0269,0.0126,0.0,0.0126,openmrg 2015-06-28 22
openmrg,pycomlink,radar,1392.0,0.4723,1.2486,0.7763,1.6438,0.8813,2.7862,5.8993,0.3102,0.8995,0.0699,0.8426,openmrg 2015-06-28 22
openmrg,pycomlink,pws,828.0,0.7595,1.58,0.8205,1.0803,1.0369,3.4545,4.5484,0.2517,0.9306,0.1137,0.8314,openmrg 2015-06-28 22
openmrg,pycomlink,city,608.0,1.0162,1.8632,0.847,0.8335,1.1382,3.9131,3.8508,0.2676,0.9828,0.102,0.8842,openmrg 2015-06-28 22
openmrg,pycomlink,smhi,212.0,0.95,1.9577,1.0077,1.0608,1.0569,1.5683,1.6508,0.713,1.0,0.1311,0.8689,openmrg 2015-06-28 22
openmrg,nearby,radar,1392.0,0.4723,0.6649,0.1926,0.4079,0.6523,2.5217,5.3392,0.1887,0.5744,0.0484,0.5581,openmrg 2015-06-28 22
openmrg,nearby,pws,828.0,0.7595,0.8935,0.134,0.1765,0.7935,3.1834,4.1914,0.1974,0.6919,0.0316,0.6767,openmrg 2015-06-28 22
openmrg,nearby,city,608.0,1.0162,1.0859,0.0698,0.0686,0.8762,3.6075,3.55,0.2741,0.7575,0.0028,0.7559,openmrg 2015-06-28 22
openmrg,nearby,smhi,212.0,0.95,0.938,-0.012,-0.0126,0.5592,0.8644,0.9098,0.8271,0.7358,0.0,0.7358,openmrg 2015-06-28 22
openmrg,rnn,radar,1412.0,0.4715,0.7069,0.2355,0.4994,0.3013,0.4643,0.9848,0.6946,0.9829,0.1223,0.8645,openmrg 2015-06-28 22
openmrg,rnn,pws,836.0,0.7595,0.7411,-0.0184,-0.0242,0.3674,0.5633,0.7417,0.6618,0.9872,0.1974,0.7943,openmrg 2015-06-28 22
openmrg,rnn,city,612.0,1.016,0.7751,-0.2409,-0.2371,0.4571,0.6935,0.6826,0.6726,1.0,0.2064,0.7936,openmrg 2015-06-28 22
openmrg,rnn,smhi,216.0,0.95,0.7415,-0.2085,-0.2195,0.4085,0.6195,0.6521,0.6953,1.0,0.2212,0.7788,openmrg 2015-06-28 22
openmrg,dynamic,radar,3141.0,0.4048,0.7795,0.3747,0.9257,0.6106,1.4205,3.5091,0.4652,0.7601,0.1055,0.6976,openmrg 2015-07-05 19
openmrg,dynamic,pws,1872.0,0.1971,0.6569,0.4598,2.3329,0.5274,1.491,7.5648,0.3456,0.7976,0.2654,0.6192,openmrg 2015-07-05 19
openmrg,dynamic,city,1377.0,0.1216,0.6211,0.4996,4.1086,0.5498,1.6598,13.6514,0.3067,0.8404,0.309,0.6109,openmrg 2015-07-05 19
openmrg,dynamic,smhi,477.0,0.0778,0.5024,0.4246,5.4593,0.4507,1.4378,18.4856,0.3785,0.8428,0.2118,0.6872,openmrg 2015-07-05 19
openmrg,constant,radar,3141.0,0.4048,0.056,-0.3488,-0.8616,0.391,0.6101,1.5072,0.2903,0.0751,0.0268,0.075,openmrg 2015-07-05 19
openmrg,constant,pws,1872.0,0.1971,0.0261,-0.171,-0.8674,0.1854,0.3877,1.9669,0.4635,0.0512,0.0652,0.051,openmrg 2015-07-05 19
openmrg,constant,city,1377.0,0.1216,0.0083,-0.1133,-0.9317,0.1221,0.2499,2.0551,0.1582,0.0283,0.1765,0.0281,openmrg 2015-07-05 19
openmrg,constant,smhi,477.0,0.0778,0.0025,-0.0753,-0.9676,0.0777,0.1378,1.7719,0.1013,0.0189,0.0,0.0189,openmrg 2015-07-05 19
openmrg,pycomlink,radar,3141.0,0.4048,0.2542,-0.1506,-0.3721,0.3361,0.5587,1.3802,0.4912,0.5124,0.0652,0.4947,openmrg 2015-07-05 19
openmrg,pycomlink,pws,1872.0,0.1971,0.1813,-0.0158,-0.0803,0.1638,0.3775,1.9152,0.6072,0.5202,0.1967,0.4615,openmrg 2015-07-05 19
openmrg,pycomlink,city,1377.0,0.1216,0.1286,0.0071,0.058,0.1344,0.3508,2.8853,0.3794,0.5192,0.2374,0.447,openmrg 2015-07-05 19
openmrg,pycomlink,smhi,477.0,0.0778,0.1117,0.0339,0.4364,0.1118,0.3313,4.2597,0.3675,0.5157,0.1717,0.4659,openmrg 2015-07-05 19
openmrg,nearby,radar,3108.0,0.4085,0.1571,-0.2514,-0.6155,0.3872,0.6446,1.5781,0.3788,0.2415,0.0472,0.2387,openmrg 2015-07-05 19
openmrg,nearby,pws,1839.0,0.1998,0.0985,-0.1014,-0.5073,0.1832,0.442,2.2117,0.4966,0.2146,0.0725,0.2111,openmrg 2015-07-05 19
openmrg,nearby,city,1344.0,0.1237,0.0568,-0.0669,-0.5406,0.1359,0.378,3.0557,0.2183,0.1828,0.11,0.1787,openmrg 2015-07-05 19
openmrg,nearby,smhi,469.0,0.0778,0.0453,-0.0326,-0.4184,0.1003,0.2823,3.6278,0.2244,0.1346,0.125,0.1321,openmrg 2015-07-05 19
openmrg,rnn,radar,3186.0,0.4056,0.3154,-0.0902,-0.2223,0.2977,0.497,1.2255,0.5995,0.6971,0.0381,0.6784,openmrg 2015-07-05 19
openmrg,rnn,pws,1890.0,0.1977,0.2352,0.0375,0.1897,0.1621,0.355,1.7958,0.6735,0.7415,0.1972,0.6272,openmrg 2015-07-05 19
openmrg,rnn,city,1386.0,0.1215,0.1488,0.0273,0.2251,0.1275,0.2591,2.1322,0.4724,0.7149,0.3141,0.5386,openmrg 2015-07-05 19
openmrg,rnn,smhi,486.0,0.0778,0.117,0.0393,0.5047,0.095,0.2176,2.7976,0.4208,0.7222,0.2548,0.5792,openmrg 2015-07-05 19
openmrg,dynamic,radar,13957.0,0.3715,1.2657,0.8941,2.4067,0.9769,3.7059,9.9751,0.4772,0.8625,0.2291,0.6865,openmrg 2015-07-07 17
openmrg,dynamic,pws,8319.0,0.3884,1.4174,1.029,2.6493,1.102,4.4722,11.5142,0.3722,0.8703,0.2838,0.6471,openmrg 2015-07-07 17
openmrg,dynamic,city,6119.0,0.4745,1.7239,1.2494,2.6333,1.2972,5.1226,10.7966,0.4681,0.893,0.2051,0.7258,openmrg 2015-07-07 17
openmrg,dynamic,smhi,2119.0,0.5753,1.7607,1.1854,2.0606,1.2347,2.9764,5.174,0.7965,0.859,0.1092,0.7772,openmrg 2015-07-07 17
openmrg,constant,radar,13957.0,0.3715,0.3584,-0.0131,-0.0354,0.4087,1.9103,5.1418,0.3885,0.3578,0.0839,0.3464,openmrg 2015-07-07 17
openmrg,constant,pws,8319.0,0.3884,0.3915,0.0031,0.008,0.3797,2.3614,6.0796,0.3529,0.3716,0.0843,0.3593,openmrg 2015-07-07 17
openmrg,constant,city,6119.0,0.4745,0.4649,-0.0096,-0.0202,0.44,2.672,5.6317,0.3588,0.3743,0.0431,0.3681,openmrg 2015-07-07 17
openmrg,constant,smhi,2119.0,0.5753,0.4117,-0.1636,-0.2844,0.3255,0.7252,1.2605,0.8657,0.3515,0.0,0.3515,openmrg 2015-07-07 17
openmrg,pycomlink,radar,13957.0,0.3715,0.5341,0.1626,0.4376,0.4205,1.337,3.5988,0.6616,0.577,0.1027,0.5413,openmrg 2015-07-07 17
openmrg,pycomlink,pws,8319.0,0.3884,0.5663,0.1779,0.458,0.4035,1.4212,3.6591,0.6407,0.6069,0.1287,0.557,openmrg 2015-07-07 17
openmrg,pycomlink,city,6119.0,0.4745,0.6637,0.1892,0.3989,0.4081,1.4626,3.0826,0.7356,0.61,0.0655,0.585,openmrg 2015-07-07 17
openmrg,pycomlink,smhi,2119.0,0.5753,0.7691,0.1939,0.337,0.4203,1.1818,2.0543,0.8735,0.5849,0.0051,0.5832,openmrg 2015-07-07 17
openmrg,nearby,radar,13062.0,0.3695,0.4492,0.0798,0.2159,0.3891,1.0599,2.8687,0.655,0.5138,0.0856,0.4902,openmrg 2015-07-07 17
openmrg,nearby,pws,7534.0,0.3922,0.4746,0.0824,0.2102,0.3537,1.0727,2.7353,0.6898,0.5438,0.1164,0.5074,openmrg 2015-07-07 17
openmrg,nearby,city,5245.0,0.4626,0.545,0.0823,0.178,0.3332,0.9884,2.1366,0.7886,0.5846,0.0312,0.5738,openmrg 2015-07-07 17
openmrg,nearby,smhi,1659.0,0.5591,0.699,0.1399,0.2502,0.3887,0.9975,1.784,0.8731,0.5478,0.0069,0.5457,openmrg 2015-07-07 17
openmrg,rnn,radar,14160.0,0.3729,0.5835,0.2105,0.5646,0.3194,0.7339,1.968,0.8269,0.867,0.1789,0.7292,openmrg 2015-07-07 17
openmrg,rnn,pws,8400.0,0.3879,0.5377,0.1499,0.3864,0.3064,0.7107,1.8323,0.8027,0.8431,0.2344,0.6701,openmrg 2015-07-07 17
openmrg,rnn,city,6160.0,0.4744,0.5535,0.0791,0.1667,0.2261,0.514,1.0835,0.8967,0.8615,0.1275,0.7652,openmrg 2015-07-07 17
openmrg,rnn,smhi,2160.0,0.575,0.5935,0.0185,0.0322,0.2126,0.4115,0.7156,0.9393,0.7924,0.0623,0.7528,openmrg 2015-07-07 17
openmrg,dynamic,radar,4176.0,0.5032,0.7609,0.2578,0.5123,0.5848,1.6439,3.267,0.5016,0.6615,0.1411,0.5966,openmrg 2015-07-09 18
openmrg,dynamic,pws,2484.0,0.2177,0.8349,0.6172,2.8346,0.7016,2.0331,9.3378,0.3818,0.757,0.3253,0.5546,openmrg 2015-07-09 18
openmrg,dynamic,city,1824.0,0.2703,0.9493,0.6791,2.5125,0.724,2.1933,8.115,0.5634,0.7557,0.3284,0.5518,openmrg 2015-07-09 18
openmrg,dynamic,smhi,624.0,0.2167,0.8354,0.6188,2.8559,0.6552,1.6174,7.4648,0.6824,0.6154,0.3756,0.4491,openmrg 2015-07-09 18
openmrg,constant,radar,4176.0,0.5032,0.0882,-0.415,-0.8248,0.4681,0.9387,1.8656,0.449,0.1158,0.0712,0.1148,openmrg 2015-07-09 18
openmrg,constant,pws,2484.0,0.2177,0.0717,-0.146,-0.6706,0.2038,0.6309,2.8974,0.6224,0.1389,0.0949,0.1369,openmrg 2015-07-09 18
openmrg,constant,city,1824.0,0.2703,0.0471,-0.2232,-0.8259,0.2642,0.652,2.4122,0.1693,0.113,0.0633,0.1121,openmrg 2015-07-09 18
openmrg,constant,smhi,624.0,0.2167,0.008,-0.2087,-0.9631,0.2115,0.5125,2.3653,0.1134,0.0337,0.125,0.0335,openmrg 2015-07-09 18
openmrg,pycomlink,radar,4176.0,0.5032,0.209,-0.2941,-0.5846,0.4137,0.8302,1.65,0.5813,0.2551,0.0741,0.25,openmrg 2015-07-09 18
openmrg,pycomlink,pws,2484.0,0.2177,0.2312,0.0135,0.0619,0.2353,0.6365,2.9233,0.6491,0.4009,0.1095,0.3821,openmrg 2015-07-09 18
openmrg,pycomlink,city,1824.0,0.2703,0.2259,-0.0444,-0.1642,0.1897,0.4582,1.6954,0.7386,0.3756,0.0717,0.365,openmrg 2015-07-09 18
openmrg,pycomlink,smhi,624.0,0.2167,0.2333,0.0166,0.0766,0.1555,0.4278,1.9743,0.7896,0.3558,0.0263,0.3524,openmrg 2015-07-09 18
openmrg,nearby,radar,4096.0,0.5012,0.1836,-0.3175,-0.6336,0.4254,0.8595,1.7149,0.5422,0.2737,0.0365,0.2709,openmrg 2015-07-09 18
openmrg,nearby,pws,2432.0,0.2178,0.2019,-0.0159,-0.0731,0.2098,0.6252,2.8706,0.6522,0.4172,0.0522,0.4079,openmrg 2015-07-09 18
openmrg,nearby,city,1751.0,0.2606,0.1897,-0.0709,-0.272,0.1776,0.455,1.7458,0.7157,0.4106,0.0154,0.408,openmrg 2015-07-09 18
openmrg,nearby,smhi,600.0,0.2022,0.2275,0.0253,0.1254,0.1333,0.4413,2.1826,0.8265,0.4462,0.0225,0.4416,openmrg 2015-07-09 18
openmrg,rnn,radar,4236.0,0.5059,0.2945,-0.2114,-0.418,0.3529,0.7367,1.4562,0.6695,0.527,0.0632,0.5089,openmrg 2015-07-09 18
openmrg,rnn,pws,2508.0,0.2196,0.3053,0.0857,0.39,0.2504,0.6481,2.9507,0.6423,0.6011,0.2528,0.4995,openmrg 2015-07-09 18
openmrg,rnn,city,1836.0,0.2704,0.3004,0.03,0.1111,0.1488,0.3506,1.2968,0.865,0.5942,0.1768,0.527,openmrg 2015-07-09 18
openmrg,rnn,smhi,636.0,0.2167,0.273,0.0564,0.2602,0.109,0.2505,1.1564,0.9446,0.5047,0.2246,0.4403,openmrg 2015-07-09 18
openmrg,dynamic,radar,1041.0,0.6705,0.4541,-0.2164,-0.3227,0.606,1.5267,2.2769,0.2598,0.4751,0.0423,0.4653,openmrg 2015-07-17 16
openmrg,dynamic,pws,621.0,0.1243,0.4507,0.3265,2.6273,0.3922,1.7542,14.1178,0.1766,0.7523,0.2222,0.6192,openmrg 2015-07-17 16
openmrg,dynamic,city,456.0,0.1712,0.5727,0.4015,2.3457,0.498,2.0383,11.9082,0.1893,0.7188,0.2203,0.5974,openmrg 2015-07-17 16
openmrg,dynamic,smhi,156.0,0.1667,0.5543,0.3876,2.3256,0.502,1.5217,9.1304,0.2885,0.6154,0.0448,0.5981,openmrg 2015-07-17 16
openmrg,constant,radar,1041.0,0.6705,0.0376,-0.6329,-0.9439,0.7071,1.3962,2.0823,-0.0157,0.0013,0.5,0.0013,openmrg 2015-07-17 16
openmrg,constant,pws,621.0,0.1243,0.0442,-0.0801,-0.6444,0.1684,1.1311,9.103,-0.0219,0.0,1.0,0.0,openmrg 2015-07-17 16
openmrg,constant,city,456.0,0.1712,0.0602,-0.111,-0.6485,0.2313,1.3173,7.6961,-0.0342,0.0,1.0,0.0,openmrg 2015-07-17 16
openmrg,constant,smhi,156.0,0.1667,0.0,-0.1667,-1.0,0.1667,0.238,1.4283,,0.0,,0.0,openmrg 2015-07-17 16
openmrg,pycomlink,radar,1041.0,0.6705,0.0172,-0.6533,-0.9743,0.6601,1.0429,1.5553,0.1322,0.0262,0.1304,0.0261,openmrg 2015-07-17 16
openmrg,pycomlink,pws,621.0,0.1243,0.0115,-0.1128,-0.9076,0.1309,0.2883,2.3198,0.0657,0.0187,0.0,0.0187,openmrg 2015-07-17 16
openmrg,pycomlink,city,456.0,0.1712,0.0209,-0.1502,-0.8777,0.1761,0.3225,1.8844,0.0938,0.0365,0.125,0.0363,openmrg 2015-07-17 16
openmrg,pycomlink,smhi,156.0,0.1667,0.0401,-0.1266,-0.7595,0.1952,0.3513,2.1077,0.0821,0.0288,0.0,0.0288,openmrg 2015-07-17 16
openmrg,nearby,radar,1041.0,0.6705,0.0141,-0.6564,-0.979,0.6571,1.0309,1.5375,0.4606,0.0643,0.02,0.0642,openmrg 2015-07-17 16
openmrg,nearby,pws,621.0,0.1243,0.0062,-0.1181,-0.9503,0.1201,0.2495,2.0078,0.2818,0.0514,0.0,0.0514,openmrg 2015-07-17 16
openmrg,nearby,city,456.0,0.1712,0.0071,-0.1641,-0.9588,0.167,0.2839,1.6587,0.1665,0.0469,0.1,0.0466,openmrg 2015-07-17 16
openmrg,nearby,smhi,156.0,0.1667,0.0078,-0.1588,-0.9531,0.1653,0.2375,1.4247,0.0493,0.0288,0.0,0.0288,openmrg 2015-07-17 16
openmrg,rnn,radar,1056.0,0.6722,0.282,-0.3902,-0.5804,0.4146,0.636,0.9461,0.8568,0.5155,0.0501,0.5019,openmrg 2015-07-17 16
openmrg,rnn,pws,627.0,0.1242,0.2309,0.1067,0.8593,0.1332,0.2436,1.9617,0.7564,0.8111,0.2697,0.6241,openmrg 2015-07-17 16
openmrg,rnn,city,459.0,0.1709,0.2639,0.093,0.5442,0.1613,0.2821,1.6504,0.6763,0.7772,0.2228,0.6356,openmrg 2015-07-17 16
openmrg,rnn,smhi,159.0,0.1667,0.2527,0.086,0.5162,0.1163,0.217,1.3023,0.9037,0.5943,0.0,0.5943,openmrg 2015-07-17 16
openmrg,dynamic,radar,3828.0,0.8901,1.0262,0.136,0.1528,0.8671,2.06,2.3143,0.4982,0.6697,0.0288,0.6566,openmrg 2015-07-19 14
openmrg,dynamic,pws,2277.0,0.4142,1.0548,0.6406,1.5467,0.8911,2.4467,5.9072,0.3608,0.6819,0.1149,0.6264,openmrg 2015-07-19 14
openmrg,dynamic,city,1672.0,0.5039,1.1911,0.6872,1.3639,0.9651,2.7044,5.3672,0.5038,0.6735,0.0685,0.6417,openmrg 2015-07-19 14
openmrg,dynamic,smhi,572.0,0.6545,1.2084,0.5539,0.8462,0.9013,2.1523,3.2883,0.6096,0.6322,0.0187,0.6247,openmrg 2015-07-19 14
openmrg,constant,radar,3828.0,0.8901,0.1899,-0.7003,-0.7867,0.811,1.2973,1.4574,0.4219,0.1295,0.0055,0.1294,openmrg 2015-07-19 14
openmrg,constant,pws,2277.0,0.4142,0.1453,-0.2689,-0.6493,0.4129,0.9256,2.2348,0.3904,0.1117,0.052,0.111,openmrg 2015-07-19 14
openmrg,constant,city,1672.0,0.5039,0.14,-0.3638,-0.7221,0.4802,0.9787,1.9424,0.3757,0.092,0.0189,0.0919,openmrg 2015-07-19 14
openmrg,constant,smhi,572.0,0.6545,0.1186,-0.536,-0.8188,0.5417,0.9955,1.5209,0.6123,0.0745,0.0,0.0745,openmrg 2015-07-19 14
openmrg,pycomlink,radar,3828.0,0.8901,0.4752,-0.4149,-0.4661,0.688,1.1544,1.2969,0.5763,0.4876,0.0059,0.4862,openmrg 2015-07-19 14
openmrg,pycomlink,pws,2277.0,0.4142,0.4221,0.0079,0.0191,0.4411,1.0074,2.4322,0.4843,0.4673,0.0878,0.4472,openmrg 2015-07-19 14
openmrg,pycomlink,city,1672.0,0.5039,0.4418,-0.0621,-0.1232,0.4505,0.9343,1.8542,0.6688,0.4442,0.0456,0.435,openmrg 2015-07-19 14
openmrg,pycomlink,smhi,572.0,0.6545,0.4555,-0.199,-0.3041,0.4607,0.8473,1.2944,0.7364,0.4183,0.0057,0.4173,openmrg 2015-07-19 14
openmrg,nearby,radar,3729.0,0.8919,0.3269,-0.5649,-0.6334,0.8106,1.4007,1.5706,0.4327,0.2562,0.0029,0.256,openmrg 2015-07-19 14
openmrg,nearby,pws,2189.0,0.4198,0.3192,-0.1006,-0.2396,0.4864,1.3172,3.1376,0.3559,0.2627,0.0588,0.2584,openmrg 2015-07-19 14
openmrg,nearby,city,1576.0,0.5109,0.3872,-0.1237,-0.2421,0.5312,1.3838,2.7086,0.5198,0.2657,0.0175,0.2644,openmrg 2015-07-19 14
openmrg,nearby,smhi,520.0,0.6808,0.5233,-0.1575,-0.2313,0.636,1.4288,2.0987,0.6609,0.2547,0.0104,0.254,openmrg 2015-07-19 14
openmrg,rnn,radar,3883.0,0.888,0.6945,-0.1934,-0.2178,0.5051,0.8843,0.9959,0.6867,0.8399,0.0399,0.8116,openmrg 2015-07-19 14
openmrg,rnn,pws,2299.0,0.4137,0.6158,0.202,0.4883,0.4129,0.8013,1.9368,0.5766,0.8665,0.0989,0.7913,openmrg 2015-07-19 14
openmrg,rnn,city,1683.0,0.5036,0.6284,0.1247,0.2477,0.323,0.5769,1.1454,0.7895,0.8505,0.0702,0.7992,openmrg 2015-07-19 14
openmrg,rnn,smhi,583.0,0.6545,0.6202,-0.0344,-0.0525,0.374,0.6347,0.9697,0.8009,0.7759,0.0436,0.7494,openmrg 2015-07-19 14
openmrg,dynamic,radar,2088.0,0.5198,1.2948,0.7749,1.4907,1.0801,2.298,4.4205,0.1982,0.8301,0.1423,0.7296,openmrg 2015-07-21 04
openmrg,dynamic,pws,1242.0,0.3951,1.2567,0.8617,2.181,0.9551,2.4762,6.2676,0.3374,0.878,0.074,0.8204,openmrg 2015-07-21 04
openmrg,dynamic,city,912.0,0.365,1.4955,1.1305,3.0977,1.1934,2.9121,7.9791,0.412,0.8912,0.0391,0.86,openmrg 2015-07-21 04
openmrg,dynamic,smhi,312.0,0.3167,1.3599,1.0433,3.2945,1.12,2.2147,6.9939,0.5421,0.8577,0.0089,0.8511,openmrg 2015-07-21 04
openmrg,constant,radar,2088.0,0.5198,0.0566,-0.4633,-0.8912,0.4941,0.7995,1.538,0.2139,0.103,0.0062,0.1029,openmrg 2015-07-21 04
openmrg,constant,pws,1242.0,0.3951,0.0404,-0.3546,-0.8976,0.4015,0.7426,1.8796,0.0328,0.0572,0.0185,0.0572,openmrg 2015-07-21 04
openmrg,constant,city,912.0,0.365,0.0424,-0.3226,-0.8839,0.3769,0.6583,1.8037,0.0463,0.0502,0.027,0.0501,openmrg 2015-07-21 04
openmrg,constant,smhi,312.0,0.3167,0.009,-0.3076,-0.9715,0.3164,0.3936,1.243,-0.0037,0.0192,0.1667,0.0192,openmrg 2015-07-21 04
openmrg,pycomlink,radar,2088.0,0.5198,0.618,0.0982,0.1888,0.6223,1.0526,2.0249,0.2619,0.6763,0.1455,0.6065,openmrg 2015-07-21 04
openmrg,pycomlink,pws,1242.0,0.3951,0.5116,0.1166,0.295,0.3677,0.8134,2.0589,0.506,0.6803,0.0555,0.6542,openmrg 2015-07-21 04
openmrg,pycomlink,city,912.0,0.365,0.581,0.216,0.5918,0.4144,0.9267,2.539,0.5278,0.6974,0.0329,0.6812,openmrg 2015-07-21 04
openmrg,pycomlink,smhi,312.0,0.3167,0.483,0.1663,0.5252,0.3799,0.7189,2.2703,0.6001,0.5885,0.0,0.5885,openmrg 2015-07-21 04
openmrg,nearby,radar,2077.0,0.5214,0.4442,-0.0772,-0.1481,0.6133,1.1098,2.1284,0.1796,0.4964,0.0988,0.4708,openmrg 2015-07-21 04
openmrg,nearby,pws,1233.0,0.3922,0.3834,-0.0088,-0.0225,0.3642,0.9193,2.3439,0.4387,0.4896,0.0281,0.4828,openmrg 2015-07-21 04
openmrg,nearby,city,902.0,0.3582,0.4571,0.0988,0.2759,0.4117,1.055,2.9451,0.4377,0.4965,0.0113,0.4937,openmrg 2015-07-21 04
openmrg,nearby,smhi,308.0,0.3117,0.4931,0.1814,0.582,0.4635,1.0735,3.4441,0.5014,0.4258,0.0091,0.4241,openmrg 2015-07-21 04
openmrg,rnn,radar,2118.0,0.5227,0.7306,0.2079,0.3977,0.5369,0.8424,1.6117,0.41,0.8421,0.1217,0.7541,openmrg 2015-07-21 04
openmrg,rnn,pws,1254.0,0.3944,0.5994,0.205,0.5196,0.3394,0.5307,1.3454,0.6796,0.861,0.0704,0.8082,openmrg 2015-07-21 04
openmrg,rnn,city,918.0,0.365,0.5596,0.1946,0.5331,0.3073,0.4697,1.2869,0.7534,0.8269,0.0417,0.7981,openmrg 2015-07-21 04
openmrg,rnn,smhi,318.0,0.3167,0.5174,0.2008,0.634,0.3571,0.5301,1.6739,0.6778,0.7925,0.0,0.7925,openmrg 2015-07-21 04
openmrg,dynamic,radar,1041.0,0.7334,1.9246,1.1913,1.6244,1.2992,3.2186,4.3888,0.6477,0.8632,0.2319,0.6847,openmrg 2015-07-23 00
openmrg,dynamic,pws,618.0,0.8569,2.2111,1.3542,1.5804,1.4886,3.6478,4.257,0.6196,0.8889,0.2267,0.7052,openmrg 2015-07-23 00
openmrg,dynamic,city,453.0,0.9407,2.6076,1.667,1.7721,1.7043,4.1006,4.3593,0.7271,0.988,0.218,0.7746,openmrg 2015-07-23 00
openmrg,dynamic,smhi,156.0,0.7333,2.6176,1.8843,2.5694,1.8843,3.798,5.179,0.8405,1.0,0.3247,0.6753,openmrg 2015-07-23 00
openmrg,constant,radar,1041.0,0.7334,0.0083,-0.7251,-0.9887,0.7358,1.3726,1.8716,-0.0184,0.0128,0.4545,0.0127,openmrg 2015-07-23 00
openmrg,constant,pws,618.0,0.8569,0.0077,-0.8492,-0.991,0.8627,1.6731,1.9525,-0.0369,0.0077,0.6667,0.0075,openmrg 2015-07-23 00
openmrg,constant,city,453.0,0.9407,0.0,-0.9407,-1.0,0.9407,1.6938,1.8007,,0.0,,0.0,openmrg 2015-07-23 00
openmrg,constant,smhi,156.0,0.7333,0.0,-0.7333,-1.0,0.7333,1.2702,1.7321,,0.0,,0.0,openmrg 2015-07-23 00
openmrg,pycomlink,radar,1041.0,0.7334,1.2224,0.4891,0.6669,0.6895,1.6534,2.2546,0.7239,0.8248,0.1663,0.7083,openmrg 2015-07-23 00
openmrg,pycomlink,pws,618.0,0.8569,1.3949,0.538,0.6278,0.7856,1.79,2.089,0.7154,0.8467,0.1533,0.7342,openmrg 2015-07-23 00
openmrg,pycomlink,city,453.0,0.9407,1.6094,0.6687,0.7109,0.7685,1.8689,1.9868,0.8184,0.9641,0.1105,0.861,openmrg 2015-07-23 00
openmrg,pycomlink,smhi,156.0,0.7333,1.5055,0.7722,1.053,0.7772,1.6869,2.3003,0.8749,1.0,0.1746,0.8254,openmrg 2015-07-23 00
openmrg,nearby,radar,1041.0,0.7334,1.265,0.5316,0.7249,0.7728,2.0576,2.8057,0.6595,0.765,0.1005,0.7047,openmrg 2015-07-23 00
openmrg,nearby,pws,618.0,0.8569,1.4921,0.6352,0.7413,0.8704,2.3245,2.7127,0.6543,0.7778,0.0897,0.7224,openmrg 2015-07-23 00
openmrg,nearby,city,453.0,0.9407,1.7226,0.7819,0.8313,0.903,2.4356,2.5893,0.7671,0.9581,0.0244,0.9357,openmrg 2015-07-23 00
openmrg,nearby,smhi,156.0,0.7333,1.3658,0.6324,0.8624,0.6419,1.4429,1.9676,0.8898,1.0,0.037,0.963,openmrg 2015-07-23 00
openmrg,rnn,radar,1056.0,0.7329,1.8163,1.0834,1.4782,1.1424,2.1607,2.9482,0.8106,0.9057,0.194,0.7435,openmrg 2015-07-23 00
openmrg,rnn,pws,624.0,0.8574,1.9082,1.0508,1.2256,1.1514,2.241,2.6137,0.7701,0.8642,0.2184,0.696,openmrg 2015-07-23 00
openmrg,rnn,city,456.0,0.9393,2.1073,1.168,1.2435,1.1761,2.1858,2.3271,0.9229,0.9643,0.1777,0.798,openmrg 2015-07-23 00
openmrg,rnn,smhi,159.0,0.7333,1.966,1.2327,1.681,1.2327,2.17,2.9591,0.9538,1.0,0.2933,0.7067,openmrg 2015-07-23 00
openmrg,dynamic,radar,3480.0,0.9132,2.3146,1.4014,1.5347,1.9783,5.1336,5.6219,0.1718,0.8132,0.1229,0.73,openmrg 2015-07-25 05
openmrg,dynamic,pws,2070.0,0.5871,2.554,1.9669,3.3501,2.061,5.9009,10.0508,0.4281,0.889,0.0766,0.8279,openmrg 2015-07-25 05
openmrg,dynamic,city,1520.0,0.7943,3.0476,2.2533,2.8366,2.3714,6.8,8.5606,0.5307,0.9123,0.0422,0.8771,openmrg 2015-07-25 05
openmrg,dynamic,smhi,520.0,0.85,3.0207,2.1707,2.5537,2.3137,5.0093,5.8933,0.7858,0.851,0.0056,0.8469,openmrg 2015-07-25 05
openmrg,constant,radar,3480.0,0.9132,0.1302,-0.783,-0.8575,0.985,2.5926,2.8392,0.0267,0.0534,0.0074,0.0534,openmrg 2015-07-25 05
openmrg,constant,pws,2070.0,0.5871,0.1786,-0.4085,-0.6958,0.7269,3.0716,5.2317,-0.0036,0.0359,0.0877,0.0357,openmrg 2015-07-25 05
openmrg,constant,city,1520.0,0.7943,0.2213,-0.5731,-0.7215,0.9989,3.6471,4.5913,-0.0032,0.0237,0.037,0.0237,openmrg 2015-07-25 05
openmrg,constant,smhi,520.0,0.85,0.0034,-0.8466,-0.996,0.8516,1.4998,1.7645,-0.0293,0.0048,0.0,0.0048,openmrg 2015-07-25 05
openmrg,pycomlink,radar,3480.0,0.9132,0.6892,-0.224,-0.2453,1.0265,2.0721,2.2692,0.1961,0.4749,0.1471,0.4389,openmrg 2015-07-25 05
openmrg,pycomlink,pws,2070.0,0.5871,0.687,0.0999,0.1702,0.5862,2.0504,3.4924,0.4354,0.5414,0.0666,0.5212,openmrg 2015-07-25 05
openmrg,pycomlink,city,1520.0,0.7943,0.7794,-0.015,-0.0188,0.624,2.288,2.8803,0.5162,0.5361,0.0265,0.5284,openmrg 2015-07-25 05
openmrg,pycomlink,smhi,520.0,0.85,0.7555,-0.0945,-0.1112,0.5615,1.0393,1.2226,0.8631,0.4639,0.0,0.4639,openmrg 2015-07-25 05
openmrg,nearby,radar,3416.0,0.9203,0.5044,-0.4159,-0.4519,1.0134,2.4184,2.6278,0.1297,0.3751,0.1189,0.357,openmrg 2015-07-25 05
openmrg,nearby,pws,2012.0,0.5821,0.5444,-0.0377,-0.0648,0.5781,2.6603,4.5699,0.2984,0.4173,0.0472,0.4088,openmrg 2015-07-25 05
openmrg,nearby,city,1457.0,0.7754,0.6482,-0.1272,-0.1641,0.6616,3.0623,3.9493,0.3722,0.4146,0.0069,0.4134,openmrg 2015-07-25 05
openmrg,nearby,smhi,485.0,0.7988,0.5037,-0.2951,-0.3694,0.4782,0.7937,0.9937,0.8682,0.3394,0.0,0.3394,openmrg 2015-07-25 05
openmrg,rnn,radar,3530.0,0.915,0.8841,-0.0309,-0.0338,0.9188,1.3372,1.4614,0.2931,0.8389,0.1189,0.7536,openmrg 2015-07-25 05
openmrg,rnn,pws,2090.0,0.5885,0.8563,0.2678,0.4551,0.4624,0.7585,1.2891,0.7924,0.8683,0.1209,0.7756,openmrg 2015-07-25 05
openmrg,rnn,city,1530.0,0.7942,0.8506,0.0563,0.0709,0.3994,0.5668,0.7136,0.8816,0.8548,0.1155,0.769,openmrg 2015-07-25 05
openmrg,rnn,smhi,530.0,0.85,0.8723,0.0223,0.0263,0.3739,0.5409,0.6363,0.9056,0.8396,0.0,0.8396,openmrg 2015-07-25 05
openmrg,dynamic,radar,3478.0,0.8616,2.7374,1.8758,2.1772,2.0519,4.9288,5.7206,0.6415,0.8366,0.0917,0.7714,openmrg 2015-07-25 21
openmrg,dynamic,pws,2068.0,1.091,2.8662,1.7751,1.627,1.9961,5.0785,4.6547,0.6639,0.8186,0.0923,0.7556,openmrg 2015-07-25 21
openmrg,dynamic,city,1520.0,1.3449,3.2192,1.8743,1.3936,2.1033,5.3436,3.9733,0.7811,0.7923,0.0376,0.7685,openmrg 2015-07-25 21
openmrg,dynamic,smhi,520.0,1.9,4.3064,2.4064,1.2665,2.6645,6.3152,3.3238,0.8281,0.9551,0.1437,0.8232,openmrg 2015-07-25 21
openmrg,constant,radar,3478.0,0.8616,0.9808,0.1192,0.1383,0.8898,2.1921,2.5442,0.5934,0.4116,0.0332,0.4059,openmrg 2015-07-25 21
openmrg,constant,pws,2068.0,1.091,0.9739,-0.1172,-0.1074,0.8421,2.1847,2.0024,0.6568,0.3758,0.0263,0.372,openmrg 2015-07-25 21
openmrg,constant,city,1520.0,1.3449,0.9903,-0.3546,-0.2636,0.8644,2.2058,1.6401,0.7262,0.3392,0.0025,0.3389,openmrg 2015-07-25 21
openmrg,constant,smhi,520.0,1.9,1.3368,-0.5632,-0.2964,1.0922,2.0441,1.0759,0.819,0.4904,0.0255,0.4842,openmrg 2015-07-25 21
openmrg,pycomlink,radar,3478.0,0.8616,1.4048,0.5432,0.6305,0.9936,2.475,2.8726,0.6857,0.6142,0.0623,0.5901,openmrg 2015-07-25 21
openmrg,pycomlink,pws,2068.0,1.091,1.4198,0.3288,0.3014,0.9217,2.4474,2.2432,0.7119,0.5931,0.0468,0.5763,openmrg 2015-07-25 21
openmrg,pycomlink,city,1520.0,1.3449,1.4449,0.1,0.0744,0.843,2.2192,1.6501,0.8144,0.5285,0.0047,0.5272,openmrg 2015-07-25 21
openmrg,pycomlink,smhi,520.0,1.9,2.0042,0.1042,0.0548,1.0829,2.6601,1.4,0.8332,0.7244,0.0622,0.6911,openmrg 2015-07-25 21
openmrg,nearby,radar,3296.0,0.8395,1.1816,0.3421,0.4076,0.9243,1.9612,2.3363,0.6687,0.5423,0.0408,0.5301,openmrg 2015-07-25 21
openmrg,nearby,pws,1919.0,1.065,1.2039,0.1389,0.1304,0.8116,1.864,1.7502,0.7286,0.5169,0.037,0.5069,openmrg 2015-07-25 21
openmrg,nearby,city,1346.0,1.1848,1.1916,0.0069,0.0058,0.7379,1.7039,1.4382,0.7882,0.4736,0.004,0.4727,openmrg 2015-07-25 21
openmrg,nearby,smhi,436.0,1.7257,1.6347,-0.091,-0.0527,0.7601,1.5475,0.8967,0.8822,0.7114,0.0437,0.689,openmrg 2015-07-25 21
openmrg,rnn,radar,3530.0,0.8676,1.2563,0.3887,0.448,0.6814,1.2385,1.4275,0.7801,0.8616,0.0996,0.7867,openmrg 2015-07-25 21
openmrg,rnn,pws,2090.0,1.0949,1.1656,0.0707,0.0646,0.5875,1.1354,1.037,0.8243,0.8369,0.134,0.7409,openmrg 2015-07-25 21
openmrg,rnn,city,1530.0,1.3477,1.0176,-0.3301,-0.2449,0.7073,1.5997,1.187,0.8181,0.7785,0.0788,0.7299,openmrg 2015-07-25 21
openmrg,rnn,smhi,530.0,1.9,1.1438,-0.7562,-0.398,0.9754,1.7223,0.9065,0.901,0.8145,0.2825,0.6167,openmrg 2015-07-25 21
openmrg,dynamic,radar,11069.0,0.6441,1.4522,0.8081,1.2546,1.0867,3.6306,5.6364,0.4992,0.7996,0.1502,0.7006,openmrg 2015-07-28 03
openmrg,dynamic,pws,6574.0,0.5026,1.5654,1.0627,2.1145,1.2413,4.3243,8.6038,0.3998,0.8095,0.1914,0.6794,openmrg 2015-07-28 03
openmrg,dynamic,city,4851.0,0.6705,1.8907,1.2202,1.8198,1.4067,4.7787,7.1268,0.5245,0.818,0.1099,0.743,openmrg 2015-07-28 03
openmrg,dynamic,smhi,1658.0,0.8133,1.7111,0.8977,1.1038,1.1282,2.8701,3.5288,0.7435,0.7472,0.0493,0.7193,openmrg 2015-07-28 03
openmrg,constant,radar,11069.0,0.6441,0.4945,-0.1496,-0.2323,0.6373,2.1654,3.3618,0.3874,0.3658,0.0465,0.3594,openmrg 2015-07-28 03
openmrg,constant,pws,6574.0,0.5026,0.531,0.0284,0.0565,0.6298,2.6119,5.1967,0.2945,0.356,0.1131,0.3406,openmrg 2015-07-28 03
openmrg,constant,city,4851.0,0.6705,0.64,-0.0306,-0.0456,0.6667,2.7694,4.1301,0.4244,0.369,0.0368,0.3638,openmrg 2015-07-28 03
openmrg,constant,smhi,1658.0,0.8133,0.4281,-0.3852,-0.4737,0.5741,1.5249,1.8749,0.6932,0.2927,0.0,0.2927,openmrg 2015-07-28 03
openmrg,pycomlink,radar,11069.0,0.6441,0.616,-0.0281,-0.0436,0.6521,1.8454,2.8649,0.5165,0.4218,0.0787,0.4071,openmrg 2015-07-28 03
openmrg,pycomlink,pws,6574.0,0.5026,0.6451,0.1425,0.2834,0.6456,2.0998,4.1778,0.4485,0.426,0.1353,0.3994,openmrg 2015-07-28 03
openmrg,pycomlink,city,4851.0,0.6705,0.7587,0.0882,0.1315,0.6616,2.0408,3.0435,0.6194,0.4368,0.0486,0.4272,openmrg 2015-07-28 03
openmrg,pycomlink,smhi,1658.0,0.8133,0.7144,-0.099,-0.1217,0.615,1.5408,1.8944,0.7398,0.3827,0.0,0.3827,openmrg 2015-07-28 03
openmrg,nearby,radar,10562.0,0.6314,0.5444,-0.087,-0.1378,0.5721,1.6081,2.5468,0.5478,0.4914,0.0336,0.4831,openmrg 2015-07-28 03
openmrg,nearby,pws,6119.0,0.4983,0.5784,0.0801,0.1608,0.5634,1.8722,3.7575,0.4538,0.5032,0.0988,0.4769,openmrg 2015-07-28 03
openmrg,nearby,city,4340.0,0.6615,0.6719,0.0104,0.0157,0.5509,1.7422,2.6336,0.6243,0.5173,0.0147,0.5133,openmrg 2015-07-28 03
openmrg,nearby,smhi,1407.0,0.7838,0.6585,-0.1253,-0.1598,0.5609,1.7209,2.1956,0.6637,0.4432,0.0,0.4432,openmrg 2015-07-28 03
openmrg,rnn,radar,11264.0,0.6498,0.716,0.0662,0.1019,0.4937,1.1952,1.8394,0.6473,0.839,0.1336,0.7429,openmrg 2015-07-28 03
openmrg,rnn,pws,6656.0,0.5049,0.6997,0.1948,0.3858,0.5211,1.2936,2.5623,0.5705,0.8006,0.2099,0.6602,openmrg 2015-07-28 03
openmrg,rnn,city,4896.0,0.6781,0.7247,0.0466,0.0688,0.4506,1.1162,1.646,0.7392,0.7857,0.1215,0.7087,openmrg 2015-07-28 03
openmrg,rnn,smhi,1696.0,0.825,0.6822,-0.1428,-0.173,0.4438,1.1089,1.3441,0.8607,0.7003,0.061,0.6699,openmrg 2015-07-28 03
openmrg,dynamic,radar,2088.0,1.4304,3.7687,2.3383,1.6347,2.4158,5.0252,3.5131,0.6324,0.9544,0.0855,0.8762,openmrg 2015-08-04 19
openmrg,dynamic,pws,1242.0,1.3068,4.1028,2.7961,2.1396,2.8922,5.7554,4.4042,0.5804,0.96,0.1519,0.8192,openmrg 2015-08-04 19
openmrg,dynamic,city,912.0,1.4417,4.861,3.4193,2.3716,3.4707,6.8521,4.7526,0.5946,0.9631,0.1119,0.8589,openmrg 2015-08-04 19
openmrg,dynamic,smhi,312.0,1.35,4.7443,3.3943,2.5143,3.4884,5.8971,4.3683,0.7354,0.8731,0.0216,0.8566,openmrg 2015-08-04 19
openmrg,constant,radar,2088.0,1.4304,0.8951,-0.5353,-0.3742,0.8741,1.7135,1.1979,0.6319,0.4554,0.0029,0.4548,openmrg 2015-08-04 19
openmrg,constant,pws,1242.0,1.3068,0.9212,-0.3856,-0.2951,0.8793,1.9745,1.5109,0.5687,0.4443,0.059,0.4323,openmrg 2015-08-04 19
openmrg,constant,city,912.0,1.4417,0.9986,-0.4432,-0.3074,1.0026,2.2047,1.5292,0.5386,0.4501,0.0201,0.446,openmrg 2015-08-04 19
openmrg,constant,smhi,312.0,1.35,0.7321,-0.6179,-0.4577,0.9192,1.3215,0.9789,0.6434,0.3462,0.011,0.3448,openmrg 2015-08-04 19
openmrg,pycomlink,radar,2088.0,1.4304,1.8836,0.4531,0.3168,0.8852,2.0071,1.4031,0.7286,0.8343,0.0533,0.7969,openmrg 2015-08-04 19
openmrg,pycomlink,pws,1242.0,1.3068,2.0051,0.6983,0.5344,1.0587,2.3955,1.8331,0.6761,0.8341,0.1155,0.7522,openmrg 2015-08-04 19
openmrg,pycomlink,city,912.0,1.4417,2.2616,0.8198,0.5686,1.1937,2.7134,1.882,0.6851,0.828,0.0723,0.7778,openmrg 2015-08-04 19
openmrg,pycomlink,smhi,312.0,1.35,2.0825,0.7325,0.5426,1.185,2.1633,1.6024,0.7723,0.6885,0.0,0.6885,openmrg 2015-08-04 19
openmrg,nearby,radar,2074.0,1.4387,1.2109,-0.2278,-0.1584,0.7765,1.6831,1.1699,0.6692,0.7152,0.0084,0.7108,openmrg 2015-08-04 19
openmrg,nearby,pws,1230.0,1.3157,1.2796,-0.036,-0.0274,0.8397,2.0019,1.5216,0.6063,0.7064,0.0417,0.6853,openmrg 2015-08-04 19
openmrg,nearby,city,898.0,1.4564,1.474,0.0176,0.0121,0.9636,2.2842,1.5684,0.5924,0.7284,0.0022,0.7273,openmrg 2015-08-04 19
openmrg,nearby,smhi,306.0,1.3647,1.252,-0.1127,-0.0826,0.894,1.5389,1.1277,0.6875,0.5669,0.0,0.5669,openmrg 2015-08-04 19
openmrg,rnn,radar,2118.0,1.4307,2.2451,0.8144,0.5692,0.9169,1.3878,0.97,0.8756,0.9709,0.1114,0.8655,openmrg 2015-08-04 19
openmrg,rnn,pws,1254.0,1.3001,2.2505,0.9504,0.731,1.0879,1.635,1.2576,0.7912,0.9831,0.1832,0.8055,openmrg 2015-08-04 19
openmrg,rnn,city,918.0,1.4407,2.3699,0.9292,0.6449,0.9986,1.4445,1.0026,0.863,0.9908,0.1312,0.8619,openmrg 2015-08-04 19
openmrg,rnn,smhi,318.0,1.35,2.2944,0.9444,0.6995,0.9661,1.4189,1.051,0.9097,0.9774,0.0,0.9774,openmrg 2015-08-04 19
openmrg,dynamic,radar,4176.0,0.368,0.4277,0.0597,0.1622,0.4607,2.1898,5.9501,0.2247,0.4316,0.0693,0.4182,openmrg 2015-08-10 22
openmrg,dynamic,pws,2484.0,0.1608,0.4766,0.3158,1.9637,0.4279,2.7546,17.1282,0.2103,0.6692,0.1721,0.5875,openmrg 2015-08-10 22
openmrg,dynamic,city,1824.0,0.1786,0.631,0.4524,2.5324,0.5432,3.2211,18.0315,0.2978,0.7176,0.1233,0.6518,openmrg 2015-08-10 22
openmrg,dynamic,smhi,624.0,0.1667,0.4148,0.2481,1.4885,0.3532,1.1074,6.6445,0.5963,0.5449,0.0556,0.528,openmrg 2015-08-10 22
openmrg,constant,radar,4176.0,0.368,0.0232,-0.3449,-0.9371,0.386,0.7006,1.9038,0.0114,0.0063,0.32,0.0063,openmrg 2015-08-10 22
openmrg,constant,pws,2484.0,0.1608,0.0209,-0.1399,-0.87,0.1806,0.5794,3.6027,-0.0026,0.0055,0.5,0.0054,openmrg 2015-08-10 22
openmrg,constant,city,1824.0,0.1786,0.0276,-0.1511,-0.8457,0.2028,0.622,3.4819,0.0135,0.0068,0.4444,0.0068,openmrg 2015-08-10 22
openmrg,constant,smhi,624.0,0.1667,0.0,-0.1667,-1.0,0.1667,0.2944,1.7664,,0.0,,0.0,openmrg 2015-08-10 22
openmrg,pycomlink,radar,4176.0,0.368,0.1295,-0.2385,-0.6481,0.329,0.9038,2.4559,0.2176,0.2897,0.0212,0.2879,openmrg 2015-08-10 22
openmrg,pycomlink,pws,2484.0,0.1608,0.1534,-0.0074,-0.0463,0.1737,1.0566,6.57,0.2111,0.5093,0.0719,0.49,openmrg 2015-08-10 22
openmrg,pycomlink,city,1824.0,0.1786,0.2028,0.0242,0.1352,0.1975,1.2041,6.7405,0.294,0.5689,0.065,0.5472,openmrg 2015-08-10 22
openmrg,pycomlink,smhi,624.0,0.1667,0.1193,-0.0474,-0.2843,0.1303,0.2865,1.7191,0.5892,0.4263,0.05,0.4169,openmrg 2015-08-10 22
openmrg,nearby,radar,4112.0,0.3672,0.0192,-0.348,-0.9478,0.3694,0.6335,1.7254,0.0879,0.0377,0.0196,0.0376,openmrg 2015-08-10 22
openmrg,nearby,pws,2432.0,0.1584,0.0283,-0.1301,-0.8213,0.1698,0.5207,3.2867,0.0845,0.0756,0.0147,0.0755,openmrg 2015-08-10 22
openmrg,nearby,city,1767.0,0.1758,0.0382,-0.1376,-0.7827,0.1888,0.5411,3.0784,0.1692,0.0956,0.0147,0.0954,openmrg 2015-08-10 22
openmrg,nearby,smhi,594.0,0.1626,0.0034,-0.1592,-0.9792,0.1592,0.2829,1.7394,0.2253,0.0203,0.0,0.0203,openmrg 2015-08-10 22
openmrg,rnn,radar,4236.0,0.3679,0.1498,-0.2181,-0.5929,0.2352,0.3629,0.9865,0.7732,0.5432,0.0204,0.5371,openmrg 2015-08-10 22
openmrg,rnn,pws,2508.0,0.1601,0.1511,-0.009,-0.0561,0.1047,0.2634,1.6451,0.5894,0.7397,0.2715,0.5798,openmrg 2015-08-10 22
openmrg,rnn,city,1836.0,0.1786,0.1694,-0.0092,-0.0517,0.0955,0.172,0.9629,0.7984,0.7693,0.2569,0.6077,openmrg 2015-08-10 22
openmrg,rnn,smhi,636.0,0.1667,0.163,-0.0036,-0.0218,0.0782,0.14,0.8402,0.8426,0.7138,0.1434,0.6376,openmrg 2015-08-10 22
openmrg,dynamic,radar,4176.0,0.6087,1.5965,0.9878,1.623,1.1515,3.5469,5.8274,0.5569,0.8064,0.1213,0.7256,openmrg 2015-08-15 13
openmrg,dynamic,pws,2484.0,0.7074,1.9941,1.2866,1.8187,1.413,4.1655,5.8882,0.5764,0.8943,0.1756,0.7512,openmrg 2015-08-15 13
openmrg,dynamic,city,1824.0,0.8159,2.4454,1.6296,1.9973,1.705,4.7626,5.8376,0.6279,0.9191,0.1042,0.8304,openmrg 2015-08-15 13
openmrg,dynamic,smhi,624.0,1.0583,2.6411,1.5828,1.4955,1.7467,3.8847,3.6705,0.7412,0.9011,0.1063,0.8139,openmrg 2015-08-15 13
openmrg,constant,radar,4176.0,0.6087,0.43,-0.1787,-0.2935,0.5253,1.8191,2.9888,0.3957,0.371,0.034,0.3663,openmrg 2015-08-15 13
openmrg,constant,pws,2484.0,0.7074,0.5681,-0.1394,-0.197,0.5631,2.2372,3.1625,0.4277,0.47,0.0329,0.4626,openmrg 2015-08-15 13
openmrg,constant,city,1824.0,0.8159,0.689,-0.1268,-0.1554,0.6159,2.4958,3.0591,0.4747,0.4442,0.0402,0.4361,openmrg 2015-08-15 13
openmrg,constant,smhi,624.0,1.0583,0.6455,-0.4129,-0.3901,0.6478,1.1897,1.1241,0.7817,0.4313,0.0542,0.4209,openmrg 2015-08-15 13
openmrg,pycomlink,radar,4176.0,0.6087,0.8389,0.2303,0.3783,0.5591,1.6633,2.7328,0.615,0.7312,0.0864,0.6839,openmrg 2015-08-15 13
openmrg,pycomlink,pws,2484.0,0.7074,1.0629,0.3555,0.5025,0.6488,1.9525,2.76,0.6339,0.8359,0.1271,0.7452,openmrg 2015-08-15 13
openmrg,pycomlink,city,1824.0,0.8159,1.2836,0.4677,0.5733,0.6999,2.098,2.5715,0.7005,0.8504,0.0767,0.7943,openmrg 2015-08-15 13
openmrg,pycomlink,smhi,624.0,1.0583,1.4564,0.3981,0.3762,0.7854,1.8454,1.7437,0.7692,0.8462,0.0778,0.7897,openmrg 2015-08-15 13
openmrg,nearby,radar,4067.0,0.6,0.5691,-0.0309,-0.0514,0.4557,1.2177,2.0294,0.5943,0.5845,0.0473,0.568,openmrg 2015-08-15 13
openmrg,nearby,pws,2381.0,0.6955,0.7346,0.0391,0.0562,0.4933,1.4512,2.0866,0.6085,0.7019,0.0721,0.6656,openmrg 2015-08-15 13
openmrg,nearby,city,1717.0,0.799,0.8691,0.0701,0.0877,0.5066,1.5336,1.9193,0.6578,0.6945,0.0429,0.6735,openmrg 2015-08-15 13
openmrg,nearby,smhi,569.0,1.0158,0.9423,-0.0735,-0.0724,0.563,1.1265,1.109,0.7945,0.709,0.0537,0.6815,openmrg 2015-08-15 13
openmrg,rnn,radar,4236.0,0.6054,0.6789,0.0735,0.1213,0.3156,0.6308,1.0419,0.823,0.848,0.1062,0.7704,openmrg 2015-08-15 13
openmrg,rnn,pws,2508.0,0.7079,0.7299,0.0221,0.0312,0.3579,0.73,1.0312,0.8142,0.8565,0.1886,0.7143,openmrg 2015-08-15 13
openmrg,rnn,city,1836.0,0.8161,0.7714,-0.0447,-0.0547,0.4438,0.7862,0.9635,0.8236,0.805,0.1593,0.6985,openmrg 2015-08-15 13
openmrg,rnn,smhi,636.0,1.0583,0.735,-0.3234,-0.3056,0.6505,1.2013,1.1351,0.7398,0.7628,0.1937,0.6446,openmrg 2015-08-15 13
openmrg,dynamic,radar,4174.0,0.5158,0.9238,0.408,0.7909,0.6313,3.1146,6.0381,0.3557,0.8322,0.1468,0.728,openmrg 2015-08-24 07
openmrg,dynamic,pws,2482.0,0.2381,1.0653,0.8272,3.4748,0.8777,4.032,16.9369,0.3013,0.8543,0.2184,0.6897,openmrg 2015-08-24 07
openmrg,dynamic,city,1824.0,0.2398,1.3316,1.0918,4.5537,1.1167,4.7497,19.8094,0.335,0.8469,0.3053,0.6172,openmrg 2015-08-24 07
openmrg,dynamic,smhi,624.0,0.25,1.0279,0.7779,3.1118,0.7951,1.8721,7.4883,0.6762,0.9038,0.0927,0.8275,openmrg 2015-08-24 07
openmrg,constant,radar,4174.0,0.5158,0.2166,-0.2992,-0.58,0.5116,2.2819,4.4239,0.1492,0.2433,0.0605,0.2395,openmrg 2015-08-24 07
openmrg,constant,pws,2482.0,0.2381,0.2672,0.0292,0.1225,0.3615,2.7846,11.697,0.1351,0.2218,0.1176,0.2154,openmrg 2015-08-24 07
openmrg,constant,city,1824.0,0.2398,0.3247,0.0849,0.3541,0.4034,3.2383,13.5058,0.1265,0.2266,0.075,0.2226,openmrg 2015-08-24 07
openmrg,constant,smhi,624.0,0.25,0.0547,-0.1953,-0.7813,0.2312,0.4921,1.9685,0.3623,0.1269,0.0,0.1269,openmrg 2015-08-24 07
openmrg,pycomlink,radar,4174.0,0.5158,0.3891,-0.1267,-0.2456,0.3361,1.0666,2.0677,0.5352,0.7187,0.0496,0.6927,openmrg 2015-08-24 07
openmrg,pycomlink,pws,2482.0,0.2381,0.4229,0.1848,0.7765,0.2992,1.2634,5.307,0.4604,0.7434,0.1156,0.6776,openmrg 2015-08-24 07
openmrg,pycomlink,city,1824.0,0.2398,0.497,0.2572,1.0728,0.3282,1.4567,6.0754,0.5087,0.7611,0.1826,0.6505,openmrg 2015-08-24 07
openmrg,pycomlink,smhi,624.0,0.25,0.4156,0.1656,0.6622,0.248,0.6217,2.4866,0.7183,0.8308,0.0046,0.8276,openmrg 2015-08-24 07
openmrg,nearby,radar,4060.0,0.5126,0.3278,-0.1848,-0.3606,0.3509,1.0169,1.9838,0.5556,0.5759,0.0285,0.5664,openmrg 2015-08-24 07
openmrg,nearby,pws,2379.0,0.231,0.3548,0.1237,0.5355,0.2766,1.197,5.1812,0.4565,0.622,0.0627,0.5972,openmrg 2015-08-24 07
openmrg,nearby,city,1715.0,0.2374,0.3959,0.1585,0.6679,0.2653,1.2592,5.3042,0.5391,0.6705,0.0579,0.644,openmrg 2015-08-24 07
openmrg,nearby,smhi,568.0,0.2563,0.3333,0.077,0.3004,0.2615,0.672,2.6217,0.5253,0.6754,0.0,0.6754,openmrg 2015-08-24 07
openmrg,rnn,radar,4236.0,0.518,0.4462,-0.0718,-0.1385,0.2632,0.5987,1.1559,0.8084,0.8076,0.0667,0.7635,openmrg 2015-08-24 07
openmrg,rnn,pws,2508.0,0.239,0.4318,0.1928,0.8067,0.2915,0.7316,3.0616,0.6436,0.8192,0.1299,0.73,openmrg 2015-08-24 07
openmrg,rnn,city,1836.0,0.2399,0.4467,0.2068,0.8618,0.2672,0.6506,2.7115,0.8605,0.6991,0.2616,0.5603,openmrg 2015-08-24 07
openmrg,rnn,smhi,636.0,0.25,0.4222,0.1722,0.6888,0.2258,0.5837,2.3346,0.8879,0.8038,0.0093,0.7978,openmrg 2015-08-24 07
openmrg,dynamic,radar,7308.0,1.3321,2.2713,0.9392,0.7051,1.2076,4.4033,3.3056,0.6891,0.8593,0.1325,0.7597,openmrg 2015-08-25 02
openmrg,dynamic,pws,4347.0,0.9181,2.5537,1.6356,1.7816,1.7106,5.7698,6.2845,0.6527,0.9135,0.2011,0.7427,openmrg 2015-08-25 02
openmrg,dynamic,city,3192.0,1.0783,2.9712,1.8929,1.7554,1.9777,6.7051,6.218,0.6466,0.9188,0.1611,0.781,openmrg 2015-08-25 02
openmrg,dynamic,smhi,1092.0,1.019,2.7797,1.7606,1.7277,1.8226,4.4133,4.3308,0.8464,0.9918,0.34,0.6564,openmrg 2015-08-25 02
openmrg,constant,radar,7308.0,1.3321,0.9436,-0.3885,-0.2917,0.8529,3.3285,2.4987,0.526,0.5348,0.0293,0.5263,openmrg 2015-08-25 02
openmrg,constant,pws,4347.0,0.9181,1.0645,0.1464,0.1595,0.7041,4.0143,4.3724,0.4674,0.6484,0.0436,0.6298,openmrg 2015-08-25 02
openmrg,constant,city,3192.0,1.0783,1.1816,0.1032,0.0957,0.8108,4.6545,4.3164,0.444,0.6317,0.012,0.6268,openmrg 2015-08-25 02
openmrg,constant,smhi,1092.0,1.019,0.73,-0.289,-0.2836,0.4747,1.1242,1.1032,0.8431,0.7995,0.0583,0.7618,openmrg 2015-08-25 02
openmrg,pycomlink,radar,7308.0,1.3321,1.4365,0.1044,0.0784,0.769,3.3633,2.5248,0.63,0.7,0.0542,0.673,openmrg 2015-08-25 02
openmrg,pycomlink,pws,4347.0,0.9181,1.608,0.6899,0.7514,0.8865,4.3707,4.7606,0.583,0.7804,0.0789,0.7315,openmrg 2015-08-25 02
openmrg,pycomlink,city,3192.0,1.0783,1.8321,0.7538,0.699,0.9727,5.0283,4.6631,0.5761,0.7696,0.0283,0.7527,openmrg 2015-08-25 02
openmrg,pycomlink,smhi,1092.0,1.019,1.5897,0.5707,0.56,0.7655,1.8809,1.8457,0.8859,0.9533,0.1193,0.8443,openmrg 2015-08-25 02
openmrg,nearby,radar,6817.0,1.3489,0.9775,-0.3713,-0.2753,0.7378,2.2795,1.6899,0.6888,0.6544,0.0201,0.6458,openmrg 2015-08-25 02
openmrg,nearby,pws,3931.0,0.9277,1.0672,0.1395,0.1504,0.5623,2.5601,2.7597,0.6362,0.7545,0.0411,0.7309,openmrg 2015-08-25 02
openmrg,nearby,city,2746.0,1.0987,1.1666,0.0679,0.0618,0.591,2.9816,2.7139,0.6173,0.7535,0.0011,0.7528,openmrg 2015-08-25 02
openmrg,nearby,smhi,858.0,1.023,0.9756,-0.0474,-0.0463,0.4882,1.1442,1.1185,0.8534,0.9525,0.0507,0.9065,openmrg 2015-08-25 02
openmrg,rnn,radar,7413.0,1.3283,1.0214,-0.3069,-0.231,0.6657,1.5203,1.1445,0.8641,0.8681,0.0847,0.8036,openmrg 2015-08-25 02
openmrg,rnn,pws,4389.0,0.9181,1.0389,0.1208,0.1316,0.418,0.894,0.9738,0.8853,0.9134,0.1573,0.7804,openmrg 2015-08-25 02
openmrg,rnn,city,3213.0,1.0778,1.0375,-0.0404,-0.0375,0.3383,0.7412,0.6876,0.9298,0.8969,0.098,0.8173,openmrg 2015-08-25 02
openmrg,rnn,smhi,1113.0,1.019,0.9221,-0.097,-0.0952,0.3266,0.767,0.7527,0.9356,1.0,0.2668,0.7332,openmrg 2015-08-25 02
openmrg,dynamic,radar,8216.0,1.0384,2.2211,1.1826,1.1389,1.4017,4.8761,4.6957,0.5568,0.8146,0.1075,0.7418,openmrg 2015-08-27 01
openmrg,dynamic,pws,4943.0,0.7779,2.3505,1.5726,2.0214,1.674,5.8526,7.5232,0.5138,0.8465,0.237,0.6703,openmrg 2015-08-27 01
openmrg,dynamic,city,3648.0,1.0222,2.7511,1.7289,1.6914,1.8249,6.668,6.5234,0.5269,0.8642,0.1068,0.7833,openmrg 2015-08-27 01
openmrg,dynamic,smhi,1248.0,0.85,2.5583,1.7083,2.0097,1.7947,4.2481,4.9977,0.802,0.8136,0.0954,0.7493,openmrg 2015-08-27 01
openmrg,constant,radar,8216.0,1.0384,0.9664,-0.072,-0.0693,0.8721,4.1025,3.9507,0.3794,0.5333,0.0312,0.5243,openmrg 2015-08-27 01
openmrg,constant,pws,4943.0,0.7779,0.9675,0.1896,0.2437,0.8493,5.0408,6.4796,0.3138,0.555,0.1533,0.5043,openmrg 2015-08-27 01
openmrg,constant,city,3648.0,1.0222,1.1133,0.0911,0.0891,0.9296,5.7669,5.6419,0.3303,0.5575,0.0132,0.5534,openmrg 2015-08-27 01
openmrg,constant,smhi,1248.0,0.85,0.624,-0.226,-0.2658,0.6175,1.2933,1.5215,0.6487,0.5118,0.0,0.5118,openmrg 2015-08-27 01
openmrg,pycomlink,radar,8216.0,1.0384,1.2277,0.1893,0.1823,0.8506,4.0606,3.9103,0.463,0.6305,0.0328,0.6173,openmrg 2015-08-27 01
openmrg,pycomlink,pws,4943.0,0.7779,1.2274,0.4495,0.5778,0.8631,4.9561,6.3707,0.4093,0.66,0.1592,0.5867,openmrg 2015-08-27 01
openmrg,pycomlink,city,3648.0,1.0222,1.4484,0.4262,0.417,0.8046,5.6089,5.4872,0.441,0.7093,0.0052,0.7066,openmrg 2015-08-27 01
openmrg,pycomlink,smhi,1248.0,0.85,1.1766,0.3266,0.3842,0.6741,1.66,1.9529,0.7893,0.6953,0.0,0.6953,openmrg 2015-08-27 01
openmrg,nearby,radar,7663.0,1.0514,1.1628,0.1114,0.1059,0.7593,1.7089,1.6254,0.7539,0.6173,0.0398,0.6019,openmrg 2015-08-27 01
openmrg,nearby,pws,4382.0,0.7598,1.1088,0.349,0.4594,0.6848,1.5613,2.0549,0.7751,0.6565,0.146,0.5902,openmrg 2015-08-27 01
openmrg,nearby,city,3017.0,1.0443,1.2882,0.244,0.2336,0.6001,1.3904,1.3314,0.8735,0.6844,0.0036,0.6827,openmrg 2015-08-27 01
openmrg,nearby,smhi,929.0,0.8561,1.2742,0.4181,0.4884,0.6983,1.6424,1.9185,0.8026,0.6635,0.0029,0.6622,openmrg 2015-08-27 01
openmrg,rnn,radar,8472.0,1.0332,1.1355,0.1023,0.099,0.472,0.9431,0.9128,0.8713,0.7947,0.0551,0.7595,openmrg 2015-08-27 01
openmrg,rnn,pws,5016.0,0.7762,1.0962,0.3199,0.4121,0.5452,1.1229,1.4466,0.7979,0.8393,0.1913,0.7003,openmrg 2015-08-27 01
openmrg,rnn,city,3672.0,1.0215,1.1608,0.1392,0.1363,0.3829,0.8005,0.7836,0.9088,0.8391,0.052,0.8021,openmrg 2015-08-27 01
openmrg,rnn,smhi,1272.0,0.85,1.1384,0.2884,0.3393,0.3896,0.7562,0.8897,0.9365,0.8186,0.0441,0.7888,openmrg 2015-08-27 01
openmrg,dynamic,radar,2436.0,1.5558,3.6633,2.1075,1.3546,2.3699,6.0987,3.92,0.4011,0.9258,0.0,0.9258,openmrg 2015-08-31 17
openmrg,dynamic,pws,1449.0,1.4454,3.9844,2.539,1.7566,2.9107,7.4601,5.1613,0.2273,0.9357,0.1464,0.8063,openmrg 2015-08-31 17
openmrg,dynamic,city,1064.0,2.0834,4.7534,2.6699,1.2815,3.2009,8.5163,4.0876,0.3189,0.9566,0.0039,0.953,openmrg 2015-08-31 17
openmrg,dynamic,smhi,364.0,2.1429,4.9339,2.7911,1.3025,3.3066,5.0995,2.3798,0.5592,0.9698,0.0,0.9698,openmrg 2015-08-31 17
openmrg,constant,radar,2436.0,1.5558,0.3587,-1.1971,-0.7694,1.5306,4.1437,2.6634,0.0923,0.1648,0.0,0.1648,openmrg 2015-08-31 17
openmrg,constant,pws,1449.0,1.4454,0.412,-1.0333,-0.7149,1.5842,5.2303,3.6186,0.0679,0.1515,0.1696,0.1469,openmrg 2015-08-31 17
openmrg,constant,city,1064.0,2.0834,0.4429,-1.6405,-0.7874,2.2611,6.1718,2.9623,0.0759,0.1245,0.0,0.1245,openmrg 2015-08-31 17
openmrg,constant,smhi,364.0,2.1429,0.0905,-2.0523,-0.9578,2.0738,2.4475,1.1422,0.1483,0.0659,0.0,0.0659,openmrg 2015-08-31 17
openmrg,pycomlink,radar,2436.0,1.5558,0.2093,-1.3464,-0.8654,1.4928,2.6102,1.6778,0.1029,0.1323,0.0,0.1323,openmrg 2015-08-31 17
openmrg,pycomlink,pws,1449.0,1.4454,0.2436,-1.2018,-0.8315,1.5237,3.1979,2.2125,0.0187,0.1091,0.2757,0.1048,openmrg 2015-08-31 17
openmrg,pycomlink,city,1064.0,2.0834,0.2813,-1.8021,-0.865,2.0873,3.837,1.8417,0.0568,0.133,0.0,0.133,openmrg 2015-08-31 17
openmrg,pycomlink,smhi,364.0,2.1429,0.2193,-1.9235,-0.8977,2.0015,2.405,1.1224,0.0883,0.1676,0.0,0.1676,openmrg 2015-08-31 17
openmrg,nearby,radar,2397.0,1.5585,1.4422,-0.1164,-0.0747,1.0975,2.0917,1.3421,0.44,0.6625,0.0,0.6625,openmrg 2015-08-31 17
openmrg,nearby,pws,1413.0,1.435,1.471,0.036,0.0251,1.1865,2.479,1.7275,0.3118,0.6848,0.1361,0.6181,openmrg 2015-08-31 17
openmrg,nearby,city,1026.0,2.0576,1.6932,-0.3644,-0.1771,1.3076,2.7516,1.3372,0.4619,0.6879,0.0,0.6879,openmrg 2015-08-31 17
openmrg,nearby,smhi,342.0,2.0877,1.6576,-0.4302,-0.206,1.151,1.8487,0.8855,0.6032,0.6901,0.0,0.6901,openmrg 2015-08-31 17
openmrg,rnn,radar,2471.0,1.5558,1.4489,-0.1068,-0.0687,0.5338,0.7107,0.4568,0.6875,0.9821,0.0,0.9821,openmrg 2015-08-31 17
openmrg,rnn,pws,1463.0,1.4512,1.4482,-0.003,-0.0021,0.6772,0.964,0.6643,0.5684,0.9911,0.1494,0.8442,openmrg 2015-08-31 17
openmrg,rnn,city,1071.0,2.0835,1.4964,-0.5871,-0.2818,0.7143,0.9039,0.4339,0.8617,0.9897,0.0038,0.986,openmrg 2015-08-31 17
openmrg,rnn,smhi,371.0,2.1429,1.5565,-0.5864,-0.2737,0.7155,0.887,0.4139,0.8852,0.9892,0.0,0.9892,openmrg 2015-08-31 17
openrainer,dynamic,radar,3420.0,0.6511,1.067,0.4159,0.6387,0.8589,3.2447,4.9831,0.3929,0.6769,0.2131,0.572,openrainer 2021-05-11 00
openrainer,dynamic,gauges,2481.0,0.4641,0.9204,0.4563,0.9831,0.679,2.1834,4.7042,0.5283,0.7283,0.313,0.5468,openrainer 2021-05-11 00
openrainer,constant,radar,3420.0,0.6511,0.2502,-0.401,-0.6158,0.5872,1.9531,2.9995,0.309,0.2487,0.0673,0.2443,openrainer 2021-05-11 00
openrainer,constant,gauges,2481.0,0.4641,0.1805,-0.2836,-0.6111,0.3633,0.9359,2.0163,0.6217,0.2873,0.0652,0.2817,openrainer 2021-05-11 00
openrainer,pycomlink,radar,3420.0,0.6511,0.4172,-0.2339,-0.3593,0.4747,1.9125,2.9372,0.4136,0.5173,0.0649,0.4994,openrainer 2021-05-11 00
openrainer,pycomlink,gauges,2481.0,0.4641,0.329,-0.1351,-0.2912,0.2905,0.7969,1.7169,0.7407,0.5579,0.1362,0.5128,openrainer 2021-05-11 00
openrainer,nearby,radar,2226.0,0.6215,0.219,-0.4025,-0.6476,0.4683,0.9934,1.5985,0.6316,0.2999,0.0195,0.2981,openrainer 2021-05-11 00
openrainer,nearby,gauges,1531.0,0.4953,0.2061,-0.2892,-0.5838,0.3456,0.7904,1.5956,0.7612,0.3438,0.0294,0.3402,openrainer 2021-05-11 00
openrainer,rnn,radar,3429.0,0.6551,0.7105,0.0554,0.0845,0.4226,0.9179,1.4011,0.7979,0.7492,0.1638,0.6533,openrainer 2021-05-11 00
openrainer,rnn,gauges,2483.0,0.4644,0.6789,0.2145,0.4618,0.3698,0.863,1.8583,0.8302,0.8276,0.2604,0.6408,openrainer 2021-05-11 00
openrainer,dynamic,radar,2531.0,1.3203,1.8786,0.5583,0.4229,1.1997,3.3177,2.5128,0.5303,0.8502,0.1051,0.773,openrainer 2021-05-23 23
openrainer,dynamic,gauges,1895.0,1.0045,1.8264,0.8219,0.8182,1.0411,3.4058,3.3905,0.5754,0.9131,0.1112,0.8195,openrainer 2021-05-23 23
openrainer,constant,radar,2531.0,1.3203,0.7124,-0.6079,-0.4604,1.0556,2.6396,1.9993,0.3555,0.4864,0.0425,0.4761,openrainer 2021-05-23 23
openrainer,constant,gauges,1895.0,1.0045,0.7553,-0.2492,-0.2481,0.7801,2.7933,2.7808,0.3658,0.5505,0.0192,0.5446,openrainer 2021-05-23 23
openrainer,pycomlink,radar,2531.0,1.3203,0.9315,-0.3888,-0.2945,0.8553,2.2568,1.7093,0.4797,0.681,0.0769,0.6445,openrainer 2021-05-23 23
openrainer,pycomlink,gauges,1895.0,1.0045,0.9255,-0.0791,-0.0787,0.5155,2.2494,2.2393,0.5323,0.7666,0.058,0.732,openrainer 2021-05-23 23
openrainer,nearby,radar,1682.0,1.2485,0.6688,-0.5798,-0.4644,0.8153,1.4763,1.1824,0.6469,0.5937,0.0426,0.5784,openrainer 2021-05-23 23
openrainer,nearby,gauges,1150.0,1.0263,0.6866,-0.3396,-0.3309,0.516,1.0663,1.039,0.807,0.6971,0.0079,0.6933,openrainer 2021-05-23 23
openrainer,rnn,radar,2540.0,1.3248,1.7218,0.397,0.2997,0.8923,1.4509,1.0952,0.7777,0.8892,0.1305,0.7845,openrainer 2021-05-23 23
openrainer,rnn,gauges,1900.0,1.0083,1.7122,0.7039,0.6982,0.822,1.4,1.3885,0.8598,0.9554,0.1359,0.8306,openrainer 2021-05-23 23
openrainer,dynamic,radar,2250.0,1.0396,1.2275,0.1878,0.1807,1.1307,7.1697,6.8964,0.2408,0.5901,0.1781,0.5232,openrainer 2021-07-16 02
openrainer,dynamic,gauges,1656.0,0.5453,0.9047,0.3594,0.6591,0.7007,2.184,4.0052,0.5572,0.6981,0.3207,0.5251,openrainer 2021-07-16 02
openrainer,constant,radar,2250.0,1.0396,0.645,-0.3947,-0.3796,1.154,7.2745,6.9972,0.1476,0.2403,0.057,0.2369,openrainer 2021-07-16 02
openrainer,constant,gauges,1656.0,0.5453,0.2899,-0.2554,-0.4684,0.443,1.2804,2.3481,0.7144,0.2944,0.205,0.2737,openrainer 2021-07-16 02
openrainer,pycomlink,radar,2250.0,1.0396,0.8016,-0.238,-0.2289,1.0567,7.6943,7.4009,0.1618,0.5058,0.0561,0.4911,openrainer 2021-07-16 02
openrainer,pycomlink,gauges,1656.0,0.5453,0.4125,-0.1328,-0.2435,0.3761,1.1639,2.1345,0.7633,0.6019,0.1955,0.525,openrainer 2021-07-16 02
openrainer,nearby,radar,1453.0,1.0836,0.387,-0.6966,-0.6428,0.9331,4.4799,4.1343,0.2615,0.2296,0.0062,0.2292,openrainer 2021-07-16 02
openrainer,nearby,gauges,977.0,0.5832,0.2738,-0.3095,-0.5306,0.43,1.297,2.2238,0.7255,0.2997,0.1062,0.2894,openrainer 2021-07-16 02
openrainer,rnn,radar,2250.0,1.0396,0.8688,-0.1708,-0.1643,0.5613,1.3036,1.2539,0.8368,0.7374,0.1573,0.6482,openrainer 2021-07-16 02
openrainer,rnn,gauges,1656.0,0.5453,0.9256,0.3803,0.6975,0.6069,1.6719,3.0661,0.7025,0.8519,0.3372,0.5943,openrainer 2021-07-16 02
openrainer,dynamic,radar,4871.0,0.7266,0.9858,0.2592,0.3567,0.6662,2.3597,3.2478,0.675,0.6606,0.2138,0.56,openrainer 2021-09-16 03
openrainer,dynamic,gauges,3494.0,0.6861,1.0677,0.3815,0.5561,0.6576,2.5374,3.6981,0.6837,0.7852,0.2907,0.594,openrainer 2021-09-16 03
openrainer,constant,radar,4871.0,0.7266,0.4523,-0.2742,-0.3774,0.4994,1.6551,2.278,0.6671,0.3446,0.0236,0.3418,openrainer 2021-09-16 03
openrainer,constant,gauges,3494.0,0.6861,0.5371,-0.149,-0.2172,0.4028,1.8156,2.6461,0.71,0.4836,0.0599,0.4692,openrainer 2021-09-16 03
openrainer,pycomlink,radar,4871.0,0.7266,0.5972,-0.1294,-0.1781,0.4755,1.8284,2.5165,0.6639,0.558,0.1014,0.525,openrainer 2021-09-16 03
openrainer,pycomlink,gauges,3494.0,0.6861,0.6965,0.0103,0.015,0.4078,2.0324,2.9621,0.687,0.7245,0.1745,0.6282,openrainer 2021-09-16 03
openrainer,nearby,radar,2882.0,0.7668,0.4875,-0.2793,-0.3643,0.4889,1.2972,1.6917,0.7547,0.3944,0.0454,0.3871,openrainer 2021-09-16 03
openrainer,nearby,gauges,2119.0,0.6807,0.5235,-0.1572,-0.2309,0.3878,1.3511,1.9848,0.8013,0.5287,0.0954,0.5008,openrainer 2021-09-16 03
openrainer,rnn,radar,4912.0,0.7336,0.9597,0.2261,0.3082,0.5163,1.2909,1.7597,0.8682,0.743,0.1988,0.6274,openrainer 2021-09-16 03
openrainer,rnn,gauges,3528.0,0.6978,1.0544,0.3566,0.511,0.5427,1.3723,1.9666,0.8624,0.8452,0.3201,0.6046,openrainer 2021-09-16 03
openrainer,dynamic,radar,1631.0,2.4405,4.4478,2.0073,0.8225,2.5998,9.3087,3.8143,0.527,0.8926,0.1043,0.8086,openrainer 2021-09-26 06
openrainer,dynamic,gauges,1185.0,3.1035,4.8721,1.7686,0.5699,2.8405,10.2266,3.2952,0.5077,0.9164,0.1315,0.8047,openrainer 2021-09-26 06
openrainer,constant,radar,1631.0,2.4405,2.8179,0.3774,0.1546,1.7473,6.4879,2.6585,0.5714,0.724,0.0048,0.7215,openrainer 2021-09-26 06
openrainer,constant,gauges,1185.0,3.1035,3.1683,0.0648,0.0209,1.8563,7.1803,2.3137,0.579,0.7793,0.0189,0.7677,openrainer 2021-09-26 06
openrainer,pycomlink,radar,1631.0,2.4405,3.2817,0.8413,0.3447,1.8058,7.1341,2.9232,0.558,0.888,0.0553,0.8441,openrainer 2021-09-26 06
openrainer,pycomlink,gauges,1185.0,3.1035,3.6164,0.5129,0.1653,1.9932,7.8916,2.5429,0.5571,0.9047,0.0799,0.8388,openrainer 2021-09-26 06
openrainer,nearby,radar,922.0,2.2932,2.76,0.4668,0.2036,1.6855,6.2695,2.7339,0.5081,0.8184,0.0205,0.8046,openrainer 2021-09-26 06
openrainer,nearby,gauges,670.0,2.7355,3.0385,0.3029,0.1107,1.7946,6.729,2.4598,0.571,0.8629,0.0382,0.8343,openrainer 2021-09-26 06
openrainer,rnn,radar,1644.0,2.5111,3.7091,1.198,0.4771,1.6473,3.0469,1.2134,0.8411,0.9147,0.0832,0.8445,openrainer 2021-09-26 06
openrainer,rnn,gauges,1196.0,3.2405,3.888,0.6476,0.1998,1.9134,3.6972,1.1409,0.8017,0.9392,0.1132,0.8387,openrainer 2021-09-26 06
openrainer,dynamic,radar,2373.0,1.3021,1.5099,0.2078,0.1596,0.9641,2.27,1.7433,0.6872,0.8046,0.1993,0.6703,openrainer 2021-10-04 08
openrainer,dynamic,gauges,1686.0,0.8102,1.4823,0.672,0.8294,0.9065,2.3987,2.9605,0.6803,0.8614,0.2382,0.6787,openrainer 2021-10-04 08
openrainer,constant,radar,2373.0,1.3021,0.5466,-0.7555,-0.5802,0.9443,1.8992,1.4585,0.6263,0.4503,0.0233,0.4455,openrainer 2021-10-04 08
openrainer,constant,gauges,1686.0,0.8102,0.5824,-0.2279,-0.2812,0.5511,1.3516,1.6682,0.689,0.4954,0.0429,0.4847,openrainer 2021-10-04 08
openrainer,pycomlink,radar,2373.0,1.3021,0.6745,-0.6276,-0.482,0.8049,1.5909,1.2217,0.7521,0.6076,0.0529,0.5877,openrainer 2021-10-04 08
openrainer,pycomlink,gauges,1686.0,0.8102,0.6695,-0.1407,-0.1737,0.4711,1.1757,1.4511,0.7533,0.6562,0.0839,0.619,openrainer 2021-10-04 08
openrainer,nearby,radar,1363.0,1.3924,0.6834,-0.7091,-0.5092,0.9185,1.8097,1.2997,0.6929,0.5672,0.0172,0.5616,openrainer 2021-10-04 08
openrainer,nearby,gauges,998.0,0.806,0.6743,-0.1316,-0.1633,0.5058,1.3067,1.6213,0.7403,0.6198,0.0441,0.6026,openrainer 2021-10-04 08
openrainer,rnn,radar,2376.0,1.3039,1.499,0.195,0.1496,0.7418,1.4723,1.1291,0.8266,0.8448,0.1552,0.7312,openrainer 2021-10-04 08
openrainer,rnn,gauges,1687.0,0.8099,1.5327,0.7229,0.8926,0.8188,1.6913,2.0884,0.8511,0.8969,0.2149,0.7201,openrainer 2021-10-04 08
openrainer,dynamic,radar,8085.0,0.8332,1.1835,0.3503,0.4204,0.9679,2.6213,3.146,0.5045,0.7176,0.2303,0.5907,openrainer 2021-10-05 19
openrainer,dynamic,gauges,5788.0,0.6421,1.1315,0.4894,0.7622,0.8306,2.2567,3.5147,0.5412,0.8025,0.2716,0.6177,openrainer 2021-10-05 19
openrainer,constant,radar,8085.0,0.8332,0.3863,-0.4469,-0.5364,0.7259,1.8434,2.2124,0.4855,0.2832,0.0854,0.2759,openrainer 2021-10-05 19
openrainer,constant,gauges,5788.0,0.6421,0.376,-0.2661,-0.4145,0.4859,1.2055,1.8775,0.6595,0.3577,0.0737,0.3478,openrainer 2021-10-05 19
openrainer,pycomlink,radar,8085.0,0.8332,0.3405,-0.4928,-0.5914,0.7385,2.2357,2.6832,0.3832,0.23,0.0865,0.2251,openrainer 2021-10-05 19
openrainer,pycomlink,gauges,5788.0,0.6421,0.2715,-0.3706,-0.5771,0.5348,1.2913,2.0112,0.5822,0.2556,0.1119,0.2477,openrainer 2021-10-05 19
openrainer,nearby,radar,4577.0,0.8673,0.5096,-0.3577,-0.4124,0.6866,1.4844,1.7114,0.6381,0.407,0.0419,0.3999,openrainer 2021-10-05 19
openrainer,nearby,gauges,3312.0,0.6907,0.4951,-0.1956,-0.2832,0.4128,1.0331,1.4958,0.7814,0.4831,0.0358,0.4746,openrainer 2021-10-05 19
openrainer,rnn,radar,8160.0,0.8275,0.8121,-0.0154,-0.0186,0.6476,1.3728,1.659,0.7065,0.683,0.1645,0.602,openrainer 2021-10-05 19
openrainer,rnn,gauges,5846.0,0.6392,0.7985,0.1592,0.2491,0.4799,1.1056,1.7296,0.7816,0.7719,0.1941,0.6509,openrainer 2021-10-05 19
openrainer,dynamic,radar,2142.0,0.8558,1.6846,0.8288,0.9684,1.0269,2.8219,3.2973,0.747,0.849,0.3253,0.6024,openrainer 2021-11-01 03
openrainer,dynamic,gauges,1649.0,1.3816,1.5956,0.214,0.1549,0.8644,2.0704,1.4985,0.8074,0.6673,0.0999,0.6213,openrainer 2021-11-01 03
openrainer,constant,radar,2142.0,0.8558,0.5663,-0.2895,-0.3383,0.5769,1.5365,1.7953,0.6709,0.4153,0.0285,0.4103,openrainer 2021-11-01 03
openrainer,constant,gauges,1649.0,1.3816,0.5609,-0.8207,-0.594,0.9203,1.9475,1.4096,0.7314,0.2587,0.0,0.2587,openrainer 2021-11-01 03
openrainer,pycomlink,radar,2142.0,0.8558,1.0122,0.1564,0.1827,0.6078,1.732,2.0238,0.7457,0.7686,0.2142,0.6354,openrainer 2021-11-01 03
openrainer,pycomlink,gauges,1649.0,1.3816,0.9757,-0.4059,-0.2938,0.7057,1.5599,1.129,0.825,0.5455,0.0598,0.5272,openrainer 2021-11-01 03
openrainer,nearby,radar,1392.0,0.687,0.8209,0.1338,0.1948,0.4756,1.3364,1.9451,0.8206,0.6393,0.0714,0.6094,openrainer 2021-11-01 03
openrainer,nearby,gauges,1023.0,1.2985,0.8232,-0.4753,-0.3661,0.6448,1.3206,1.017,0.8823,0.375,0.012,0.3733,openrainer 2021-11-01 03
openrainer,rnn,radar,2142.0,0.8558,1.5948,0.739,0.8635,0.8382,1.7775,2.0769,0.8741,0.9099,0.4104,0.557,openrainer 2021-11-01 03
openrainer,rnn,gauges,1649.0,1.3816,1.5586,0.177,0.1281,0.612,1.1219,0.8121,0.9234,0.7938,0.1168,0.7184,openrainer 2021-11-01 03
openrainer,dynamic,radar,4785.0,0.8069,1.0856,0.2787,0.3454,0.7864,4.4312,5.4914,0.3251,0.809,0.2444,0.6412,openrainer 2021-11-03 02
openrainer,dynamic,gauges,3385.0,0.6435,1.0925,0.449,0.6978,0.6831,5.0595,7.8625,0.3218,0.8447,0.2464,0.6619,openrainer 2021-11-03 02
openrainer,constant,radar,4785.0,0.8069,0.3882,-0.4187,-0.5189,0.6859,3.1862,3.9485,0.2386,0.4097,0.0712,0.3973,openrainer 2021-11-03 02
openrainer,constant,gauges,3385.0,0.6435,0.4278,-0.2157,-0.3352,0.494,3.4934,5.4288,0.2835,0.4551,0.0417,0.4463,openrainer 2021-11-03 02
openrainer,pycomlink,radar,4785.0,0.8069,0.5462,-0.2607,-0.3231,0.6134,3.4919,4.3274,0.2788,0.6018,0.0959,0.5657,openrainer 2021-11-03 02
openrainer,pycomlink,gauges,3385.0,0.6435,0.576,-0.0675,-0.1049,0.4595,3.9475,6.1344,0.2922,0.6301,0.1,0.5889,openrainer 2021-11-03 02
openrainer,nearby,radar,2816.0,0.7561,0.3441,-0.412,-0.5449,0.516,1.1937,1.5787,0.6899,0.5123,0.0327,0.5036,openrainer 2021-11-03 02
openrainer,nearby,gauges,2074.0,0.6122,0.3455,-0.2667,-0.4356,0.3564,0.9225,1.5068,0.8255,0.5308,0.0282,0.5228,openrainer 2021-11-03 02
openrainer,rnn,radar,4795.0,0.8054,0.9032,0.0978,0.1214,0.4635,1.0405,1.2919,0.835,0.8845,0.2224,0.7059,openrainer 2021-11-03 02
openrainer,rnn,gauges,3391.0,0.6424,0.9333,0.291,0.453,0.4377,0.9469,1.4741,0.8874,0.9049,0.2373,0.7061,openrainer 2021-11-03 02
openrainer,dynamic,radar,7203.0,1.2263,0.9553,-0.2711,-0.221,0.8726,1.9003,1.5495,0.6612,0.6864,0.1421,0.6163,openrainer 2021-11-13 11
openrainer,dynamic,gauges,5081.0,0.7675,0.9269,0.1594,0.2076,0.5808,1.4572,1.8986,0.7063,0.7483,0.1507,0.6606,openrainer 2021-11-13 11
openrainer,constant,radar,7203.0,1.2263,0.3414,-0.8849,-0.7216,0.9645,1.9672,1.6041,0.6459,0.2826,0.0223,0.2808,openrainer 2021-11-13 11
openrainer,constant,gauges,5081.0,0.7675,0.359,-0.4085,-0.5323,0.5473,1.2087,1.5748,0.6405,0.323,0.0326,0.3195,openrainer 2021-11-13 11
openrainer,pycomlink,radar,7203.0,1.2263,0.3648,-0.8616,-0.7026,0.946,1.918,1.564,0.6651,0.2878,0.0169,0.2864,openrainer 2021-11-13 11
openrainer,pycomlink,gauges,5081.0,0.7675,0.3591,-0.4084,-0.5321,0.5514,1.215,1.5831,0.6452,0.3035,0.0494,0.2987,openrainer 2021-11-13 11
openrainer,nearby,radar,4312.0,1.2986,0.3597,-0.9389,-0.723,0.9865,2.0335,1.5659,0.7013,0.3455,0.0113,0.3441,openrainer 2021-11-13 11
openrainer,nearby,gauges,3189.0,0.7781,0.3707,-0.4074,-0.5236,0.5116,1.1566,1.4865,0.6764,0.3852,0.0135,0.3831,openrainer 2021-11-13 11
openrainer,rnn,radar,7208.0,1.2314,0.9792,-0.2523,-0.2048,0.6734,1.3542,1.0997,0.8165,0.7755,0.1841,0.66,openrainer 2021-11-13 11
openrainer,rnn,gauges,5086.0,0.7701,1.034,0.2639,0.3427,0.5188,1.0546,1.3695,0.8388,0.851,0.194,0.7063,openrainer 2021-11-13 11
openrainer,dynamic,radar,4216.0,0.5221,0.7278,0.2057,0.394,0.7088,1.9851,3.802,0.3743,0.5891,0.2872,0.4761,openrainer 2021-11-27 12
openrainer,dynamic,gauges,2941.0,0.2723,0.68,0.4077,1.4974,0.5664,1.8456,6.7778,0.4824,0.6591,0.2994,0.5143,openrainer 2021-11-27 12
openrainer,constant,radar,4216.0,0.5221,0.2207,-0.3014,-0.5773,0.5516,1.4201,2.7199,0.238,0.2475,0.0879,0.2417,openrainer 2021-11-27 12
openrainer,constant,gauges,2941.0,0.2723,0.2392,-0.0331,-0.1217,0.3442,1.1566,4.2474,0.2922,0.2816,0.1311,0.2701,openrainer 2021-11-27 12
openrainer,pycomlink,radar,4216.0,0.5221,0.3103,-0.2119,-0.4058,0.5011,1.3057,2.5008,0.3883,0.3888,0.1387,0.3659,openrainer 2021-11-27 12
openrainer,pycomlink,gauges,2941.0,0.2723,0.3057,0.0334,0.1226,0.3073,1.0335,3.7955,0.503,0.4219,0.1594,0.3907,openrainer 2021-11-27 12
openrainer,nearby,radar,2508.0,0.5268,0.192,-0.3348,-0.6355,0.4877,1.2187,2.3132,0.3681,0.2786,0.0682,0.2731,openrainer 2021-11-27 12
openrainer,nearby,gauges,1836.0,0.2543,0.1613,-0.093,-0.3656,0.2496,0.7357,2.8934,0.4647,0.2713,0.1188,0.2618,openrainer 2021-11-27 12
openrainer,rnn,radar,4216.0,0.5221,0.5418,0.0197,0.0378,0.4773,1.0981,2.1032,0.604,0.6398,0.2837,0.5105,openrainer 2021-11-27 12
openrainer,rnn,gauges,2941.0,0.2723,0.5262,0.2539,0.9325,0.3833,1.0073,3.6994,0.6709,0.7302,0.2955,0.559,openrainer 2021-11-27 12
openrainer,dynamic,radar,5240.0,1.2714,1.0095,-0.2618,-0.206,1.2368,2.3435,1.8433,0.2564,0.6913,0.177,0.6019,openrainer 2022-05-05 09
openrainer,dynamic,gauges,3520.0,0.9506,1.0311,0.0805,0.0847,0.9586,2.2453,2.362,0.3125,0.6868,0.0763,0.65,openrainer 2022-05-05 09
openrainer,constant,radar,5240.0,1.2714,0.0866,-1.1848,-0.9319,1.2227,1.9683,1.5482,0.2267,0.0994,0.065,0.0988,openrainer 2022-05-05 09
openrainer,constant,gauges,3520.0,0.9506,0.0757,-0.8749,-0.9204,0.8963,1.3059,1.3738,0.3031,0.0919,0.0,0.0919,openrainer 2022-05-05 09
openrainer,pycomlink,radar,5240.0,1.2714,0.2652,-1.0062,-0.7914,1.1641,1.9106,1.5028,0.2822,0.306,0.0872,0.2973,openrainer 2022-05-05 09
openrainer,pycomlink,gauges,3520.0,0.9506,0.2754,-0.6752,-0.7103,0.8598,1.3699,1.4412,0.3505,0.2787,0.0208,0.2771,openrainer 2022-05-05 09
openrainer,nearby,radar,3136.0,1.3568,0.3283,-1.0285,-0.7581,1.2699,2.1027,1.5498,0.1692,0.3175,0.096,0.3072,openrainer 2022-05-05 09
openrainer,nearby,gauges,2124.0,0.9701,0.2994,-0.6706,-0.6913,0.7721,1.1005,1.1344,0.5259,0.3071,0.0091,0.3063,openrainer 2022-05-05 09
openrainer,rnn,radar,5240.0,1.2714,0.8649,-0.4065,-0.3197,0.9034,1.4207,1.1174,0.563,0.7793,0.1827,0.6637,openrainer 2022-05-05 09
openrainer,rnn,gauges,3520.0,0.9506,0.8737,-0.0769,-0.0809,0.566,0.8593,0.904,0.703,0.8034,0.056,0.7669,openrainer 2022-05-05 09
openrainer,dynamic,radar,2412.0,1.7153,2.1232,0.4079,0.2378,1.9317,6.0787,3.5438,0.3271,0.8044,0.3327,0.5741,openrainer 2022-05-28 10
openrainer,dynamic,gauges,1670.0,0.8442,2.2775,1.4333,1.6977,1.7417,6.9023,8.1756,0.2918,0.8446,0.379,0.5573,openrainer 2022-05-28 10
openrainer,constant,radar,2412.0,1.7153,0.6654,-1.0498,-0.6121,1.3862,3.5483,2.0687,0.4842,0.3888,0.0587,0.3796,openrainer 2022-05-28 10
openrainer,constant,gauges,1670.0,0.8442,0.6862,-0.1581,-0.1873,0.6786,3.1056,3.6785,0.4439,0.4262,0.0912,0.4087,openrainer 2022-05-28 10
openrainer,pycomlink,radar,2412.0,1.7153,1.1058,-0.6095,-0.3553,1.357,3.7149,2.1658,0.4694,0.7041,0.2433,0.5742,openrainer 2022-05-28 10
openrainer,pycomlink,gauges,1670.0,0.8442,1.1683,0.324,0.3838,0.8055,3.6536,4.3277,0.431,0.7863,0.2642,0.6131,openrainer 2022-05-28 10
openrainer,nearby,radar,1480.0,1.6875,0.6904,-0.9971,-0.5909,1.367,3.7657,2.2316,0.4221,0.5364,0.0541,0.5204,openrainer 2022-05-28 10
openrainer,nearby,gauges,1055.0,0.7518,0.7052,-0.0467,-0.0621,0.6143,3.4108,4.5365,0.3968,0.5988,0.0631,0.5756,openrainer 2022-05-28 10
openrainer,rnn,radar,2413.0,1.7253,1.6977,-0.0276,-0.016,1.0569,2.1506,1.2465,0.7953,0.8554,0.3212,0.609,openrainer 2022-05-28 10
openrainer,rnn,gauges,1670.0,0.8442,1.8224,0.9782,1.1586,1.1158,2.2514,2.6667,0.7406,0.9391,0.3567,0.6175,openrainer 2022-05-28 10
openrainer,dynamic,radar,3640.0,0.3709,0.7407,0.3698,0.997,0.6934,2.6879,7.2473,0.4003,0.5661,0.458,0.3829,openrainer 2022-06-08 15
openrainer,dynamic,gauges,2341.0,0.1772,0.7919,0.6147,3.4689,0.6891,3.1025,17.5075,0.3373,0.7884,0.5777,0.3793,openrainer 2022-06-08 15
openrainer,constant,radar,3640.0,0.3709,0.2265,-0.1444,-0.3894,0.3668,1.3057,3.5205,0.5497,0.2596,0.2164,0.2422,openrainer 2022-06-08 15
openrainer,constant,gauges,2341.0,0.1772,0.2162,0.039,0.2198,0.2096,1.2911,7.2856,0.494,0.3754,0.2903,0.3254,openrainer 2022-06-08 15
openrainer,pycomlink,radar,3640.0,0.3709,0.2053,-0.1656,-0.4464,0.2899,0.9911,2.6722,0.7079,0.4005,0.2212,0.3596,openrainer 2022-06-08 15
openrainer,pycomlink,gauges,2341.0,0.1772,0.2206,0.0434,0.2449,0.1669,1.0096,5.697,0.6386,0.6314,0.3097,0.492,openrainer 2022-06-08 15
openrainer,nearby,radar,2239.0,0.2616,0.0587,-0.2029,-0.7758,0.2211,0.7923,3.0286,0.6969,0.1976,0.1064,0.1931,openrainer 2022-06-08 15
openrainer,nearby,gauges,1422.0,0.0926,0.0722,-0.0204,-0.2204,0.0841,0.5623,6.0727,0.4797,0.4186,0.2059,0.3776,openrainer 2022-06-08 15
openrainer,rnn,radar,3640.0,0.3709,0.3247,-0.0461,-0.1244,0.2528,0.7893,2.1281,0.8173,0.5686,0.3566,0.4323,openrainer 2022-06-08 15
openrainer,rnn,gauges,2341.0,0.1772,0.3462,0.169,0.9539,0.2389,0.9889,5.5805,0.6668,0.7884,0.5167,0.4278,openrainer 2022-06-08 15
openrainer,dynamic,radar,8824.0,0.4865,0.706,0.2195,0.4512,0.7552,4.4311,9.1086,0.3825,0.5985,0.5355,0.3541,openrainer 2022-08-06 09
openrainer,dynamic,gauges,6133.0,0.1634,0.8482,0.6848,4.1899,0.7603,5.3444,32.7013,0.3573,0.7681,0.644,0.3214,openrainer 2022-08-06 09
openrainer,constant,radar,8824.0,0.4865,0.3466,-0.1398,-0.2874,0.6087,3.5891,7.3778,0.3314,0.2677,0.1907,0.2518,openrainer 2022-08-06 09
openrainer,constant,gauges,6133.0,0.1634,0.445,0.2815,1.7227,0.4441,4.0942,25.0514,0.3428,0.423,0.3194,0.3529,openrainer 2022-08-06 09
openrainer,pycomlink,radar,8824.0,0.4865,0.2671,-0.2193,-0.4509,0.4667,3.3993,6.9877,0.3873,0.4454,0.1597,0.4106,openrainer 2022-08-06 09
openrainer,pycomlink,gauges,6133.0,0.1634,0.3109,0.1475,0.9024,0.2668,3.9175,23.9705,0.3969,0.6271,0.2973,0.4956,openrainer 2022-08-06 09
openrainer,nearby,radar,5442.0,0.44,0.1256,-0.3144,-0.7146,0.3869,1.8676,4.2448,0.4907,0.252,0.0547,0.2484,openrainer 2022-08-06 09
openrainer,nearby,gauges,3855.0,0.1482,0.1246,-0.0237,-0.1596,0.1492,1.3555,9.1433,0.5241,0.3894,0.1883,0.3571,openrainer 2022-08-06 09
openrainer,rnn,radar,8832.0,0.498,0.2837,-0.2143,-0.4303,0.3036,1.3195,2.6495,0.8301,0.6616,0.2474,0.5434,openrainer 2022-08-06 09
openrainer,rnn,gauges,6141.0,0.174,0.3013,0.1274,0.7322,0.2083,1.0418,5.9885,0.6919,0.8077,0.4642,0.4752,openrainer 2022-08-06 09
openrainer,dynamic,radar,3864.0,0.6636,0.778,0.1144,0.1724,0.7786,3.0309,4.5671,0.3813,0.5961,0.3396,0.4562,openrainer 2022-08-11 22
openrainer,dynamic,gauges,2670.0,0.2452,0.8558,0.6107,2.4908,0.7062,3.5871,14.6316,0.2924,0.786,0.4421,0.4843,openrainer 2022-08-11 22
openrainer,constant,radar,3864.0,0.6636,0.2369,-0.4268,-0.6431,0.5857,2.219,3.3437,0.3554,0.2994,0.0642,0.2933,openrainer 2022-08-11 22
openrainer,constant,gauges,2670.0,0.2452,0.2757,0.0305,0.1245,0.2541,2.2746,9.278,0.3223,0.4682,0.1434,0.4342,openrainer 2022-08-11 22
openrainer,pycomlink,radar,3864.0,0.6636,0.3318,-0.3318,-0.5,0.567,2.5326,3.8163,0.3495,0.4459,0.0993,0.425,openrainer 2022-08-11 22
openrainer,pycomlink,gauges,2670.0,0.2452,0.3813,0.1362,0.5554,0.2943,2.8084,11.4553,0.2972,0.6547,0.1974,0.5639,openrainer 2022-08-11 22
openrainer,nearby,radar,2264.0,0.6787,0.1727,-0.506,-0.7455,0.5193,1.3945,2.0546,0.796,0.325,0.0096,0.3239,openrainer 2022-08-11 22
openrainer,nearby,gauges,1574.0,0.2591,0.1731,-0.0859,-0.3317,0.1666,0.6667,2.5734,0.7588,0.4801,0.0764,0.4618,openrainer 2022-08-11 22
openrainer,rnn,radar,3870.0,0.663,0.4918,-0.1712,-0.2582,0.3244,0.8579,1.2939,0.8821,0.6304,0.1422,0.5707,openrainer 2022-08-11 22
openrainer,rnn,gauges,2670.0,0.2452,0.512,0.2668,1.0884,0.3104,1.0506,4.2852,0.8358,0.8284,0.2993,0.6119,openrainer 2022-08-11 22
openrainer,dynamic,radar,6600.0,1.1926,1.5596,0.3669,0.3077,1.0751,3.868,3.2433,0.654,0.7303,0.3272,0.5389,openrainer 2022-08-17 10
openrainer,dynamic,gauges,4560.0,0.9075,1.6604,0.7529,0.8297,1.057,3.886,4.2821,0.6816,0.847,0.4115,0.5319,openrainer 2022-08-17 10
openrainer,constant,radar,6600.0,1.1926,0.8454,-0.3472,-0.2912,0.824,2.9148,2.444,0.6651,0.4553,0.0439,0.446,openrainer 2022-08-17 10
openrainer,constant,gauges,4560.0,0.9075,0.8706,-0.0369,-0.0406,0.5311,2.55,2.8099,0.7391,0.5915,0.0786,0.5631,openrainer 2022-08-17 10
openrainer,pycomlink,radar,6600.0,1.1926,0.925,-0.2676,-0.2244,0.7811,2.8927,2.4255,0.6928,0.5442,0.0816,0.5191,openrainer 2022-08-17 10
openrainer,pycomlink,gauges,4560.0,0.9075,0.9414,0.0339,0.0373,0.5219,2.4159,2.6622,0.7781,0.6802,0.1181,0.6234,openrainer 2022-08-17 10
openrainer,nearby,radar,4304.0,1.2432,0.7424,-0.5008,-0.4028,0.8423,2.5825,2.0773,0.6846,0.4231,0.0404,0.4157,openrainer 2022-08-17 10
openrainer,nearby,gauges,3023.0,0.9209,0.7411,-0.1799,-0.1953,0.5383,2.4298,2.6384,0.7145,0.5903,0.0479,0.5732,openrainer 2022-08-17 10
openrainer,rnn,radar,7020.0,1.2209,1.2046,-0.0164,-0.0134,0.6322,1.5793,1.2935,0.8586,0.7353,0.2262,0.6052,openrainer 2022-08-17 10
openrainer,rnn,gauges,4860.0,0.9288,1.2675,0.3387,0.3647,0.7269,2.0884,2.2484,0.786,0.8613,0.3434,0.5938,openrainer 2022-08-17 10
openrainer,dynamic,radar,6136.0,0.6744,0.7919,0.1175,0.1742,0.691,2.8902,4.2854,0.5703,0.6445,0.4194,0.4397,openrainer 2022-08-30 11
openrainer,dynamic,gauges,4510.0,0.3572,0.8764,0.5193,1.4538,0.716,3.2588,9.1236,0.4655,0.7659,0.5607,0.3873,openrainer 2022-08-30 11
openrainer,constant,radar,6136.0,0.6744,0.4235,-0.251,-0.3721,0.6178,3.2662,4.8429,0.4279,0.3143,0.1088,0.3026,openrainer 2022-08-30 11
openrainer,constant,gauges,4510.0,0.3572,0.4802,0.123,0.3445,0.4597,3.5322,9.8892,0.3618,0.4275,0.2706,0.369,openrainer 2022-08-30 11
openrainer,pycomlink,radar,6136.0,0.6744,0.4098,-0.2646,-0.3923,0.5321,2.7627,4.0963,0.5192,0.4547,0.113,0.4298,openrainer 2022-08-30 11
openrainer,pycomlink,gauges,4510.0,0.3572,0.4418,0.0847,0.237,0.3795,2.9362,8.2206,0.4402,0.5921,0.2821,0.4804,openrainer 2022-08-30 11
openrainer,nearby,radar,3397.0,0.7446,0.2618,-0.4827,-0.6483,0.5367,1.747,2.3464,0.7539,0.2929,0.0333,0.29,openrainer 2022-08-30 11
openrainer,nearby,gauges,2682.0,0.3941,0.2613,-0.1329,-0.3372,0.2829,1.284,3.2579,0.7432,0.3967,0.1914,0.3627,openrainer 2022-08-30 11
openrainer,rnn,radar,6171.0,0.6904,0.5185,-0.172,-0.2491,0.3698,1.2961,1.8772,0.8529,0.7,0.2719,0.5549,openrainer 2022-08-30 11
openrainer,rnn,gauges,4524.0,0.3647,0.5434,0.1787,0.4899,0.3568,1.3184,3.6145,0.7629,0.7976,0.4709,0.4665,openrainer 2022-08-30 11
openrainer,dynamic,radar,2458.0,1.2529,1.4209,0.1681,0.1342,0.8236,2.8392,2.2662,0.7861,0.74,0.2647,0.5843,openrainer 2022-09-14 23
openrainer,dynamic,gauges,1740.0,1.0983,1.5956,0.4974,0.4529,1.0625,3.688,3.358,0.7232,0.8693,0.3847,0.5632,openrainer 2022-09-14 23
openrainer,constant,radar,2458.0,1.2529,0.748,-0.5049,-0.403,0.6661,2.0546,1.6399,0.8359,0.4619,0.0224,0.4571,openrainer 2022-09-14 23
openrainer,constant,gauges,1740.0,1.0983,0.8299,-0.2684,-0.2444,0.6179,2.9158,2.6549,0.7945,0.6141,0.1138,0.5692,openrainer 2022-09-14 23
openrainer,pycomlink,radar,2458.0,1.2529,0.8883,-0.3646,-0.291,0.6151,2.1059,1.6808,0.8389,0.6247,0.0991,0.5846,openrainer 2022-09-14 23
openrainer,pycomlink,gauges,1740.0,1.0983,0.9906,-0.1077,-0.0981,0.6169,2.9174,2.6564,0.7957,0.7988,0.2045,0.6627,openrainer 2022-09-14 23
openrainer,nearby,radar,1514.0,1.4501,0.8974,-0.5527,-0.3811,0.7084,1.7574,1.2119,0.8846,0.5477,0.0331,0.5376,openrainer 2022-09-14 23
openrainer,nearby,gauges,1115.0,1.2274,0.9591,-0.2684,-0.2186,0.7343,3.3276,2.711,0.7515,0.7135,0.1107,0.6553,openrainer 2022-09-14 23
openrainer,rnn,radar,2470.0,1.296,1.3813,0.0853,0.0658,0.5577,1.4837,1.1448,0.906,0.7871,0.1632,0.6824,openrainer 2022-09-14 23
openrainer,rnn,gauges,1748.0,1.1369,1.5359,0.399,0.351,0.9885,3.4899,3.0698,0.6964,0.8996,0.3467,0.6089,openrainer 2022-09-14 23
openrainer,dynamic,radar,1803.0,1.6379,2.682,1.0441,0.6375,1.7437,5.3348,3.2571,0.5977,0.8697,0.2228,0.6961,openrainer 2022-09-17 01
openrainer,dynamic,gauges,1258.0,1.3998,2.7378,1.3381,0.9559,1.6203,5.6432,4.0316,0.627,0.8861,0.2411,0.6914,openrainer 2022-09-17 01
openrainer,constant,radar,1803.0,1.6379,1.4026,-0.2353,-0.1437,0.9907,2.8835,1.7605,0.6721,0.7252,0.0173,0.7161,openrainer 2022-09-17 01
openrainer,constant,gauges,1258.0,1.3998,1.4017,0.0019,0.0014,0.6967,2.3618,1.6873,0.805,0.735,0.0247,0.7215,openrainer 2022-09-17 01
openrainer,pycomlink,radar,1803.0,1.6379,1.748,0.1101,0.0672,0.9827,3.0223,1.8452,0.6889,0.8895,0.1029,0.8072,openrainer 2022-09-17 01
openrainer,pycomlink,gauges,1258.0,1.3998,1.7121,0.3124,0.2232,0.7346,2.704,1.9318,0.7843,0.8923,0.0869,0.8225,openrainer 2022-09-17 01
openrainer,nearby,radar,1101.0,1.6566,1.5843,-0.0723,-0.0436,0.9978,3.1288,1.8887,0.688,0.7464,0.028,0.7307,openrainer 2022-09-17 01
openrainer,nearby,gauges,793.0,1.5639,1.6569,0.093,0.0595,0.7602,2.7085,1.7319,0.8043,0.755,0.0339,0.7355,openrainer 2022-09-17 01
openrainer,rnn,radar,1806.0,1.6437,2.397,0.7533,0.4583,1.154,2.3806,1.4484,0.8295,0.9337,0.1837,0.7716,openrainer 2022-09-17 01
openrainer,rnn,gauges,1260.0,1.4134,2.4352,1.0218,0.7229,1.134,2.2977,1.6256,0.8746,0.9567,0.1714,0.7986,openrainer 2022-09-17 01
openrainer,dynamic,radar,2358.0,1.0375,0.9179,-0.1196,-0.1153,0.7906,1.9557,1.8849,0.5121,0.74,0.1922,0.6292,openrainer 2022-09-24 09
openrainer,dynamic,gauges,1656.0,0.6388,0.9653,0.3265,0.5112,0.6503,1.9661,3.0779,0.5195,0.7398,0.1665,0.6446,openrainer 2022-09-24 09
openrainer,constant,radar,2358.0,1.0375,0.2002,-0.8373,-0.807,0.8963,1.8076,1.7422,0.4928,0.2266,0.0211,0.2255,openrainer 2022-09-24 09
openrainer,constant,gauges,1656.0,0.6388,0.2363,-0.4024,-0.63,0.5402,1.1441,1.791,0.5075,0.2271,0.0374,0.2251,openrainer 2022-09-24 09
openrainer,pycomlink,radar,2358.0,1.0375,0.2917,-0.7458,-0.7188,0.9108,1.9328,1.8628,0.3287,0.3912,0.1209,0.3712,openrainer 2022-09-24 09
openrainer,pycomlink,gauges,1656.0,0.6388,0.2968,-0.342,-0.5354,0.5526,1.2049,1.8862,0.4327,0.3693,0.0797,0.3579,openrainer 2022-09-24 09
openrainer,nearby,radar,1441.0,0.9708,0.3215,-0.6493,-0.6688,0.7893,1.5121,1.5576,0.5905,0.4121,0.1201,0.3901,openrainer 2022-09-24 09
openrainer,nearby,gauges,1045.0,0.6043,0.3172,-0.2871,-0.4751,0.44,0.8569,1.4179,0.6537,0.4301,0.0287,0.4247,openrainer 2022-09-24 09
openrainer,rnn,radar,2358.0,1.0375,0.9804,-0.0571,-0.055,0.6827,1.2142,1.1703,0.7522,0.8411,0.3389,0.5877,openrainer 2022-09-24 09
openrainer,rnn,gauges,1656.0,0.6388,1.0296,0.3908,0.6118,0.5448,0.9374,1.4674,0.8194,0.8975,0.2607,0.6817,openrainer 2022-09-24 09
openrainer,dynamic,radar,4454.0,1.2264,0.863,-0.3633,-0.2963,0.9926,2.9262,2.386,0.4524,0.6419,0.1931,0.5564,openrainer 2022-09-29 10
openrainer,dynamic,gauges,3128.0,0.4388,0.9318,0.493,1.1235,0.6378,2.8342,6.4591,0.4692,0.7594,0.2767,0.5885,openrainer 2022-09-29 10
openrainer,constant,radar,4454.0,1.2264,0.2465,-0.9799,-0.799,1.1002,3.0645,2.4988,0.2891,0.2528,0.0236,0.2513,openrainer 2022-09-29 10
openrainer,constant,gauges,3128.0,0.4388,0.2877,-0.1511,-0.3443,0.3569,2.2506,5.1291,0.3074,0.3349,0.0483,0.3293,openrainer 2022-09-29 10
openrainer,pycomlink,radar,4454.0,1.2264,0.3775,-0.8489,-0.6922,0.9944,2.9614,2.4148,0.3565,0.4359,0.0644,0.4232,openrainer 2022-09-29 10
openrainer,pycomlink,gauges,3128.0,0.4388,0.4203,-0.0185,-0.0422,0.3284,2.3284,5.3064,0.3785,0.5491,0.1019,0.5169,openrainer 2022-09-29 10
openrainer,nearby,radar,2693.0,1.309,0.1991,-1.1099,-0.8479,1.1294,2.7037,2.0655,0.72,0.2616,0.033,0.2593,openrainer 2022-09-29 10
openrainer,nearby,gauges,1945.0,0.4506,0.2334,-0.2172,-0.482,0.2893,0.7302,1.6207,0.7719,0.3737,0.038,0.3683,openrainer 2022-09-29 10
openrainer,rnn,radar,4454.0,1.2264,0.649,-0.5774,-0.4708,0.7605,1.8957,1.5458,0.7967,0.7121,0.1299,0.6437,openrainer 2022-09-29 10
openrainer,rnn,gauges,3128.0,0.4388,0.6992,0.2604,0.5934,0.3663,0.8867,2.0208,0.87,0.8575,0.2316,0.6814,openrainer 2022-09-29 10
openrainer,dynamic,radar,4030.0,0.4048,0.3936,-0.0112,-0.0277,0.4791,1.5189,3.7524,0.2112,0.5262,0.3462,0.4115,openrainer 2022-11-15 05
openrainer,dynamic,gauges,3019.0,0.3316,0.407,0.0755,0.2276,0.4001,1.6209,4.8887,0.2258,0.5237,0.1961,0.4644,openrainer 2022-11-15 05
openrainer,constant,radar,4030.0,0.4048,0.2525,-0.1523,-0.3763,0.6325,5.9534,14.7074,-0.0162,0.0541,0.2,0.0534,openrainer 2022-11-15 05
openrainer,constant,gauges,3019.0,0.3316,0.3324,0.0008,0.0024,0.6336,6.84,20.6292,-0.0167,0.0506,0.1111,0.0503,openrainer 2022-11-15 05
openrainer,pycomlink,radar,4030.0,0.4048,0.0776,-0.3272,-0.8083,0.3802,0.7612,1.8805,0.378,0.2352,0.2424,0.2187,openrainer 2022-11-15 05
openrainer,pycomlink,gauges,3019.0,0.3316,0.0747,-0.2568,-0.7746,0.2885,0.5497,1.658,0.5337,0.2157,0.1189,0.2096,openrainer 2022-11-15 05
openrainer,nearby,radar,2468.0,0.3911,0.0368,-0.3544,-0.906,0.3757,0.7945,2.0312,0.4147,0.1036,0.2681,0.0998,openrainer 2022-11-15 05
openrainer,nearby,gauges,1925.0,0.2875,0.0351,-0.2524,-0.8779,0.2565,0.4824,1.6781,0.6239,0.1124,0.0093,0.1123,openrainer 2022-11-15 05
openrainer,rnn,radar,4030.0,0.4048,0.3506,-0.0542,-0.1339,0.4361,0.8664,2.1405,0.34,0.6567,0.4014,0.4559,openrainer 2022-11-15 05
openrainer,rnn,gauges,3019.0,0.3316,0.362,0.0305,0.0918,0.2968,0.713,2.1505,0.523,0.697,0.2184,0.5834,openrainer 2022-11-15 05
openrainer,dynamic,radar,2159.0,1.8021,0.967,-0.8351,-0.4634,1.214,2.2241,1.2342,0.6445,0.7259,0.1015,0.6709,openrainer 2022-11-19 08
openrainer,dynamic,gauges,1632.0,0.8166,0.9918,0.1752,0.2146,0.6115,1.1999,1.4695,0.7374,0.7834,0.1173,0.7095,openrainer 2022-11-19 08
openrainer,constant,radar,2159.0,1.8021,0.2558,-1.5463,-0.8581,1.5939,2.8215,1.5657,0.5144,0.2946,0.0102,0.2937,openrainer 2022-11-19 08
openrainer,constant,gauges,1632.0,0.8166,0.2839,-0.5327,-0.6523,0.6189,1.1438,1.4008,0.6017,0.3302,0.0218,0.3278,openrainer 2022-11-19 08
openrainer,pycomlink,radar,2159.0,1.8021,0.5123,-1.2898,-0.7157,1.3588,2.4229,1.3445,0.6989,0.5049,0.0177,0.5004,openrainer 2022-11-19 08
openrainer,pycomlink,gauges,1632.0,0.8166,0.5444,-0.2722,-0.3334,0.5009,0.9709,1.189,0.7103,0.5426,0.0444,0.5292,openrainer 2022-11-19 08
openrainer,nearby,radar,1195.0,2.2478,0.493,-1.7548,-0.7807,1.8511,2.9678,1.3203,0.6134,0.4266,0.008,0.4251,openrainer 2022-11-19 08
openrainer,nearby,gauges,957.0,0.956,0.5341,-0.422,-0.4414,0.6124,1.0587,1.1074,0.6969,0.4817,0.0094,0.4795,openrainer 2022-11-19 08
openrainer,rnn,radar,2159.0,1.8021,1.079,-0.7231,-0.4013,1.0445,1.989,1.1037,0.7364,0.858,0.0953,0.7869,openrainer 2022-11-19 08
openrainer,rnn,gauges,1632.0,0.8166,1.1606,0.344,0.4212,0.544,1.0352,1.2677,0.8358,0.9138,0.1105,0.8206,openrainer 2022-11-19 08
openrainer,dynamic,radar,4212.0,2.0103,1.7219,-0.2885,-0.1435,1.7872,3.8014,1.8909,0.3398,0.729,0.0904,0.6798,openrainer 2022-11-21 17
openrainer,dynamic,gauges,3196.0,1.2844,1.7985,0.5142,0.4003,1.4123,3.8418,2.9912,0.3637,0.7615,0.0896,0.7084,openrainer 2022-11-21 17
openrainer,constant,radar,4212.0,2.0103,0.878,-1.1323,-0.5633,1.9993,3.7974,1.8889,0.2185,0.3198,0.0497,0.3145,openrainer 2022-11-21 17
openrainer,constant,gauges,3196.0,1.2844,1.0099,-0.2744,-0.2137,1.4026,3.4391,2.6776,0.2825,0.3611,0.0296,0.3572,openrainer 2022-11-21 17
openrainer,pycomlink,radar,4212.0,2.0103,0.9059,-1.1045,-0.5494,1.9073,3.7721,1.8763,0.2385,0.3984,0.0403,0.3919,openrainer 2022-11-21 17
openrainer,pycomlink,gauges,3196.0,1.2844,0.9813,-0.303,-0.236,1.3658,3.4857,2.714,0.2669,0.4096,0.0293,0.4046,openrainer 2022-11-21 17
openrainer,nearby,radar,2505.0,2.0988,1.3677,-0.7311,-0.3483,1.7652,3.1313,1.4919,0.3956,0.5836,0.0385,0.5703,openrainer 2022-11-21 17
openrainer,nearby,gauges,1954.0,1.27,1.3871,0.1171,0.0922,1.0775,2.5814,2.0326,0.4817,0.6182,0.0124,0.6134,openrainer 2022-11-21 17
openrainer,rnn,radar,4224.0,2.0084,1.6345,-0.3739,-0.1861,1.4766,2.5236,1.2565,0.4617,0.8368,0.0873,0.7748,openrainer 2022-11-21 17
openrainer,rnn,gauges,3201.0,1.2877,1.7195,0.4318,0.3354,1.0069,1.8834,1.4626,0.6079,0.8742,0.0809,0.8117,openrainer 2022-11-21 17
openmesh,dynamic,radar,406.0,2.5409,3.8602,1.3193,0.5192,2.5843,4.5657,1.7969,0.2967,0.9602,0.0077,0.9531,openmesh 2023-11-21 18
openmesh,dynamic,pws,406.0,2.8005,3.8602,1.0597,0.3784,2.6742,4.4924,1.6041,0.365,0.9614,0.0386,0.9257,openmesh 2023-11-21 18
openmesh,dynamic,asos,0.0,,,,,,,,,,,,openmesh 2023-11-21 18
openmesh,constant,radar,406.0,2.5409,1.0419,-1.4989,-0.5899,2.1767,3.2604,1.2832,0.3521,0.3781,0.013,0.3762,openmesh 2023-11-21 18
openmesh,constant,pws,406.0,2.8005,1.0419,-1.7586,-0.628,2.5081,4.1254,1.4731,0.1451,0.383,0.0325,0.3782,openmesh 2023-11-21 18
openmesh,constant,asos,0.0,,,,,,,,,,,,openmesh 2023-11-21 18
openmesh,pycomlink,radar,406.0,2.5409,1.6255,-0.9154,-0.3603,1.9862,3.5022,1.3783,0.3567,0.5846,0.0084,0.5817,openmesh 2023-11-21 18
openmesh,pycomlink,pws,406.0,2.8005,1.6255,-1.175,-0.4196,2.2468,3.9613,1.4145,0.3011,0.599,0.0169,0.5929,openmesh 2023-11-21 18
openmesh,pycomlink,asos,0.0,,,,,,,,,,,,openmesh 2023-11-21 18
openmesh,nearby,radar,359.0,2.3963,1.9126,-0.4837,-0.2018,1.7446,3.0685,1.2805,0.4111,0.693,0.0081,0.6891,openmesh 2023-11-21 18
openmesh,nearby,pws,359.0,2.8806,1.9126,-0.968,-0.336,2.0492,3.6058,1.2517,0.4103,0.7105,0.0202,0.7003,openmesh 2023-11-21 18
openmesh,nearby,asos,0.0,,,,,,,,,,,,openmesh 2023-11-21 18
openmesh,rnn,radar,425.0,2.6396,2.8241,0.1845,0.0699,0.9266,1.3291,0.5035,0.7796,0.9382,0.005,0.9338,openmesh 2023-11-21 18
openmesh,rnn,pws,425.0,3.0842,2.8241,-0.2601,-0.0843,1.3661,2.5065,0.8127,0.587,0.9559,0.0176,0.9398,openmesh 2023-11-21 18
openmesh,rnn,asos,0.0,,,,,,,,,,,,openmesh 2023-11-21 18
openmesh,dynamic,radar,449.0,0.9288,2.5163,1.5876,1.7094,1.9054,3.5716,3.8456,0.3311,0.9492,0.2412,0.7292,openmesh 2023-12-03 09
openmesh,dynamic,pws,449.0,0.9629,2.5163,1.5535,1.6134,1.91,3.561,3.6983,0.3284,0.8509,0.0569,0.8093,openmesh 2023-12-03 09
openmesh,dynamic,asos,0.0,,,,,,,,,,,,openmesh 2023-12-03 09
openmesh,constant,radar,449.0,0.9288,0.4945,-0.4342,-0.4675,0.9484,1.8085,1.9472,0.2803,0.3458,0.1282,0.329,openmesh 2023-12-03 09
openmesh,constant,pws,449.0,0.9629,0.4945,-0.4683,-0.4864,0.9866,1.8188,1.889,0.263,0.2787,0.0256,0.2767,openmesh 2023-12-03 09
openmesh,constant,asos,0.0,,,,,,,,,,,,openmesh 2023-12-03 09
openmesh,pycomlink,radar,449.0,0.9288,0.3869,-0.5419,-0.5834,0.8962,1.6861,1.8155,0.288,0.3797,0.0667,0.3696,openmesh 2023-12-03 09
openmesh,pycomlink,pws,449.0,0.9629,0.3869,-0.576,-0.5982,0.9323,1.6994,1.7649,0.2673,0.291,0.0083,0.2902,openmesh 2023-12-03 09
openmesh,pycomlink,asos,0.0,,,,,,,,,,,,openmesh 2023-12-03 09
openmesh,nearby,radar,364.0,1.0114,0.7377,-0.2737,-0.2706,0.9052,1.674,1.6551,0.3394,0.7205,0.1794,0.6224,openmesh 2023-12-03 09
openmesh,nearby,pws,364.0,1.0282,0.7377,-0.2905,-0.2825,0.9042,1.6964,1.6498,0.3091,0.6418,0.0359,0.6268,openmesh 2023-12-03 09
openmesh,nearby,asos,0.0,,,,,,,,,,,,openmesh 2023-12-03 09
openmesh,rnn,radar,450.0,0.9359,1.1725,0.2367,0.2529,0.3778,0.565,0.6038,0.9047,0.9966,0.1918,0.806,openmesh 2023-12-03 09
openmesh,rnn,pws,450.0,0.9699,1.1725,0.2027,0.209,0.3699,0.5623,0.5798,0.9032,0.8829,0.0082,0.8765,openmesh 2023-12-03 09
openmesh,rnn,asos,0.0,,,,,,,,,,,,openmesh 2023-12-03 09
openmesh,dynamic,radar,569.0,2.0848,3.4332,1.3484,0.6468,2.3909,4.121,1.9767,0.4552,0.8759,0.0392,0.8457,openmesh 2023-12-10 16
openmesh,dynamic,pws,569.0,2.1358,3.4332,1.2974,0.6074,2.4279,4.1927,1.963,0.4143,0.8887,0.0619,0.8395,openmesh 2023-12-10 16
openmesh,dynamic,asos,0.0,,,,,,,,,,,,openmesh 2023-12-10 16
openmesh,constant,radar,569.0,2.0848,1.2305,-0.8543,-0.4098,1.7129,2.9598,1.4197,0.3685,0.4643,0.012,0.4617,openmesh 2023-12-10 16
openmesh,constant,pws,569.0,2.1358,1.2305,-0.9053,-0.4239,1.7903,3.1287,1.4649,0.3192,0.4805,0.016,0.4767,openmesh 2023-12-10 16
openmesh,constant,asos,0.0,,,,,,,,,,,,openmesh 2023-12-10 16
openmesh,pycomlink,radar,569.0,2.0848,1.0354,-1.0494,-0.5034,1.4679,2.1897,1.0503,0.5103,0.4643,0.0198,0.46,openmesh 2023-12-10 16
openmesh,pycomlink,pws,569.0,2.1358,1.0354,-1.1004,-0.5152,1.5252,2.3563,1.1032,0.476,0.4824,0.0198,0.4778,openmesh 2023-12-10 16
openmesh,pycomlink,asos,0.0,,,,,,,,,,,,openmesh 2023-12-10 16
openmesh,nearby,radar,453.0,2.2901,1.5517,-0.7384,-0.3224,1.789,3.2236,1.4076,0.3213,0.7069,0.0164,0.6986,openmesh 2023-12-10 16
openmesh,nearby,pws,453.0,2.3684,1.5517,-0.8167,-0.3448,1.8808,3.3539,1.4161,0.2949,0.7205,0.0164,0.7119,openmesh 2023-12-10 16
openmesh,nearby,asos,0.0,,,,,,,,,,,,openmesh 2023-12-10 16
openmesh,rnn,radar,575.0,2.1056,2.4584,0.3528,0.1675,1.1609,1.8058,0.8576,0.7751,0.868,0.0331,0.843,openmesh 2023-12-10 16
openmesh,rnn,pws,575.0,2.1599,2.4584,0.2984,0.1382,1.2055,1.8346,0.8494,0.7573,0.8861,0.0497,0.8469,openmesh 2023-12-10 16
openmesh,rnn,asos,0.0,,,,,,,,,,,,openmesh 2023-12-10 16
openmesh,dynamic,radar,291.0,2.5749,3.9442,1.3693,0.5318,3.0037,4.7807,1.8567,0.5048,0.8893,0.1107,0.8007,openmesh 2023-12-17 18
openmesh,dynamic,pws,291.0,2.3309,3.9442,1.6133,0.6921,3.1883,5.0555,2.1689,0.4569,0.8903,0.1352,0.7815,openmesh 2023-12-17 18
openmesh,dynamic,asos,0.0,,,,,,,,,,,,openmesh 2023-12-17 18
openmesh,constant,radar,291.0,2.5749,2.0281,-0.5468,-0.2123,2.6016,4.8071,1.8669,0.4623,0.4467,0.0522,0.436,openmesh 2023-12-17 18
openmesh,constant,pws,291.0,2.3309,2.0281,-0.3028,-0.1299,2.6251,5.3116,2.2788,0.3256,0.4557,0.0609,0.4426,openmesh 2023-12-17 18
openmesh,constant,asos,0.0,,,,,,,,,,,,openmesh 2023-12-17 18
openmesh,pycomlink,radar,291.0,2.5749,1.0816,-1.4934,-0.58,1.936,3.1949,1.2408,0.5798,0.3893,0.0686,0.3785,openmesh 2023-12-17 18
openmesh,pycomlink,pws,291.0,2.3309,1.0816,-1.2493,-0.536,1.9016,3.3637,1.4431,0.5161,0.4008,0.0686,0.3893,openmesh 2023-12-17 18
openmesh,pycomlink,asos,0.0,,,,,,,,,,,,openmesh 2023-12-17 18
openmesh,nearby,radar,231.0,2.5656,1.1662,-1.3993,-0.5454,1.959,3.3879,1.3205,0.5023,0.6471,0.0547,0.6237,openmesh 2023-12-17 18
openmesh,nearby,pws,231.0,2.5023,1.1662,-1.3361,-0.5339,1.9455,3.6018,1.4394,0.4946,0.6519,0.0781,0.6178,openmesh 2023-12-17 18
openmesh,nearby,asos,0.0,,,,,,,,,,,,openmesh 2023-12-17 18
openmesh,rnn,radar,300.0,2.8089,2.2529,-0.556,-0.1979,1.4302,2.2991,0.8185,0.7795,0.9486,0.0698,0.8856,openmesh 2023-12-17 18
openmesh,rnn,pws,300.0,2.6396,2.2529,-0.3867,-0.1465,1.5344,2.695,1.021,0.7461,0.935,0.1085,0.8394,openmesh 2023-12-17 18
openmesh,rnn,asos,0.0,,,,,,,,,,,,openmesh 2023-12-17 18
openmesh,dynamic,radar,586.0,1.2187,2.9696,1.7509,1.4367,2.3981,4.3577,3.5756,0.4672,0.8813,0.3936,0.5606,openmesh 2023-12-27 15
openmesh,dynamic,pws,586.0,1.1411,2.9696,1.8285,1.6023,2.4323,4.4471,3.8971,0.4401,0.8626,0.3317,0.604,openmesh 2023-12-27 15
openmesh,dynamic,asos,0.0,,,,,,,,,,,,openmesh 2023-12-27 15
openmesh,constant,radar,586.0,1.2187,1.3439,0.1251,0.1027,1.3916,3.4973,2.8696,0.5356,0.464,0.2086,0.4135,openmesh 2023-12-27 15
openmesh,constant,pws,586.0,1.1411,1.3439,0.2027,0.1777,1.3956,3.6079,3.1617,0.4924,0.4377,0.1595,0.4041,openmesh 2023-12-27 15
openmesh,constant,asos,0.0,,,,,,,,,,,,openmesh 2023-12-27 15
openmesh,pycomlink,radar,586.0,1.2187,0.8932,-0.3256,-0.2671,1.1025,2.7651,2.2688,0.4954,0.4388,0.1095,0.4164,openmesh 2023-12-27 15
openmesh,pycomlink,pws,586.0,1.1411,0.8932,-0.248,-0.2173,1.0792,2.7995,2.4532,0.4706,0.4089,0.0657,0.3975,openmesh 2023-12-27 15
openmesh,pycomlink,asos,0.0,,,,,,,,,,,,openmesh 2023-12-27 15
openmesh,nearby,radar,486.0,1.2631,0.7491,-0.5141,-0.407,0.9077,2.2157,1.7541,0.5392,0.5826,0.0822,0.5537,openmesh 2023-12-27 15
openmesh,nearby,pws,486.0,1.2084,0.7491,-0.4593,-0.3801,0.912,2.3085,1.9104,0.4893,0.5373,0.0616,0.5189,openmesh 2023-12-27 15
openmesh,nearby,asos,0.0,,,,,,,,,,,,openmesh 2023-12-27 15
openmesh,rnn,radar,600.0,1.3525,1.4314,0.0789,0.0584,0.6863,1.3404,0.9911,0.8265,0.8664,0.1567,0.7463,openmesh 2023-12-27 15
openmesh,rnn,pws,600.0,1.2729,1.4314,0.1585,0.1245,0.7183,1.4136,1.1105,0.8021,0.8073,0.12,0.7273,openmesh 2023-12-27 15
openmesh,rnn,asos,0.0,,,,,,,,,,,,openmesh 2023-12-27 15
openmesh,dynamic,radar,212.0,1.3203,4.8616,3.5413,2.6822,4.1714,7.1523,5.4172,0.0205,0.8679,0.0,0.8679,openmesh 2024-01-06 19
openmesh,dynamic,pws,212.0,1.1314,4.8616,3.7302,3.2971,4.3177,7.3037,6.4558,-0.0111,0.908,0.1413,0.79,openmesh 2024-01-06 19
openmesh,dynamic,asos,0.0,,,,,,,,,,,,openmesh 2024-01-06 19
openmesh,constant,radar,212.0,1.3203,1.9505,0.6302,0.4773,2.1663,4.7154,3.5715,0.1812,0.4434,0.0,0.4434,openmesh 2024-01-06 19
openmesh,constant,pws,212.0,1.1314,1.9505,0.8192,0.724,2.1425,4.7937,4.2371,0.1454,0.5057,0.0638,0.4889,openmesh 2024-01-06 19
openmesh,constant,asos,0.0,,,,,,,,,,,,openmesh 2024-01-06 19
openmesh,pycomlink,radar,212.0,1.3203,2.1754,0.8551,0.6477,2.2874,4.8648,3.6846,0.1636,0.4906,0.0,0.4906,openmesh 2024-01-06 19
openmesh,pycomlink,pws,212.0,1.1314,2.1754,1.0441,0.9229,2.2669,4.9339,4.3611,0.1444,0.5402,0.0962,0.5109,openmesh 2024-01-06 19
openmesh,pycomlink,asos,0.0,,,,,,,,,,,,openmesh 2024-01-06 19
openmesh,nearby,radar,203.0,1.3343,2.7387,1.4044,1.0526,2.6138,6.4666,4.8465,0.2096,0.6798,0.0,0.6798,openmesh 2024-01-06 19
openmesh,nearby,pws,203.0,1.1252,2.7387,1.6135,1.434,2.5409,6.464,5.745,0.2459,0.7744,0.0797,0.7257,openmesh 2024-01-06 19
openmesh,nearby,asos,0.0,,,,,,,,,,,,openmesh 2024-01-06 19
openmesh,rnn,radar,220.0,1.3566,1.9413,0.5847,0.431,0.9185,1.3981,1.0305,0.5589,0.8545,0.0,0.8545,openmesh 2024-01-06 19
openmesh,rnn,pws,220.0,1.1774,1.9413,0.7639,0.6488,1.0481,1.6257,1.3808,0.4604,0.9503,0.0851,0.8731,openmesh 2024-01-06 19
openmesh,rnn,asos,0.0,,,,,,,,,,,,openmesh 2024-01-06 19
openmesh,dynamic,radar,459.0,2.9059,3.6838,0.7779,0.2677,2.729,4.2144,1.4503,0.3571,0.942,0.0775,0.8729,openmesh 2024-01-09 16
openmesh,dynamic,pws,459.0,2.7987,3.6838,0.8852,0.3163,2.8344,4.4107,1.576,0.3118,0.9474,0.0698,0.8845,openmesh 2024-01-09 16
openmesh,dynamic,asos,0.0,,,,,,,,,,,,openmesh 2024-01-09 16
openmesh,constant,radar,459.0,2.9059,1.8442,-1.0617,-0.3654,2.4566,4.2037,1.4466,0.3894,0.5541,0.0141,0.5497,openmesh 2024-01-09 16
openmesh,constant,pws,459.0,2.7987,1.8442,-0.9544,-0.341,2.4588,4.4032,1.5733,0.326,0.5579,0.0047,0.5564,openmesh 2024-01-09 16
openmesh,constant,asos,0.0,,,,,,,,,,,,openmesh 2024-01-09 16
openmesh,pycomlink,radar,459.0,2.9059,0.5387,-2.3672,-0.8146,2.4368,3.4672,1.1932,0.4397,0.3694,0.0,0.3694,openmesh 2024-01-09 16
openmesh,pycomlink,pws,459.0,2.7987,0.5387,-2.26,-0.8075,2.3559,3.5169,1.2566,0.4141,0.3684,0.0,0.3684,openmesh 2024-01-09 16
openmesh,pycomlink,asos,0.0,,,,,,,,,,,,openmesh 2024-01-09 16
openmesh,nearby,radar,407.0,2.914,1.8647,-1.0493,-0.3601,1.7657,2.8428,0.9756,0.5784,0.7749,0.0221,0.7615,openmesh 2024-01-09 16
openmesh,nearby,pws,407.0,2.8485,1.8647,-0.9838,-0.3454,1.7508,2.947,1.0346,0.5676,0.7857,0.0258,0.7697,openmesh 2024-01-09 16
openmesh,nearby,asos,0.0,,,,,,,,,,,,openmesh 2024-01-09 16
openmesh,rnn,radar,475.0,3.0362,2.4069,-0.6293,-0.2073,1.262,1.9364,0.6378,0.7743,0.9038,0.0028,0.9015,openmesh 2024-01-09 16
openmesh,rnn,pws,475.0,2.9432,2.4069,-0.5362,-0.1822,1.3471,2.132,0.7244,0.7355,0.8939,0.0112,0.885,openmesh 2024-01-09 16
openmesh,rnn,asos,0.0,,,,,,,,,,,,openmesh 2024-01-09 16
openmesh,dynamic,radar,335.0,1.6353,4.1083,2.473,1.5122,3.0694,5.7709,3.5289,0.6358,0.9213,0.3167,0.6457,openmesh 2024-01-13 03
openmesh,dynamic,pws,335.0,1.6591,4.1083,2.4492,1.4763,3.0783,5.8522,3.5274,0.6005,0.8645,0.2292,0.6877,openmesh 2024-01-13 03
openmesh,dynamic,asos,0.0,,,,,,,,,,,,openmesh 2024-01-13 03
openmesh,constant,radar,335.0,1.6353,1.8102,0.1749,0.107,1.684,4.0799,2.4949,0.5899,0.5618,0.115,0.5236,openmesh 2024-01-13 03
openmesh,constant,pws,335.0,1.6591,1.8102,0.1512,0.0911,1.722,4.2336,2.5518,0.5422,0.5093,0.0354,0.5,openmesh 2024-01-13 03
openmesh,constant,asos,0.0,,,,,,,,,,,,openmesh 2024-01-13 03
openmesh,pycomlink,radar,335.0,1.6353,1.6192,-0.0161,-0.0099,1.5175,3.6968,2.2606,0.5772,0.5506,0.1327,0.5078,openmesh 2024-01-13 03
openmesh,pycomlink,pws,335.0,1.6591,1.6192,-0.0399,-0.024,1.5469,3.8458,2.318,0.5326,0.4953,0.0619,0.4796,openmesh 2024-01-13 03
openmesh,pycomlink,asos,0.0,,,,,,,,,,,,openmesh 2024-01-13 03
openmesh,nearby,radar,295.0,2.0491,1.9464,-0.1027,-0.0501,1.5105,3.5565,1.7357,0.6196,0.8218,0.1437,0.7222,openmesh 2024-01-13 03
openmesh,nearby,pws,295.0,2.0634,1.9464,-0.117,-0.0567,1.549,3.7249,1.8052,0.5773,0.7684,0.1257,0.6919,openmesh 2024-01-13 03
openmesh,nearby,asos,0.0,,,,,,,,,,,,openmesh 2024-01-13 03
openmesh,rnn,radar,345.0,1.8228,2.4443,0.6214,0.3409,1.1376,1.8159,0.9962,0.824,1.0,0.3286,0.6714,openmesh 2024-01-13 03
openmesh,rnn,pws,345.0,1.8471,2.4443,0.5971,0.3233,1.2017,1.9329,1.0464,0.8011,0.9509,0.2393,0.732,openmesh 2024-01-13 03
openmesh,rnn,asos,0.0,,,,,,,,,,,,openmesh 2024-01-13 03
openmesh,dynamic,radar,423.0,0.7314,2.7411,2.0097,2.7476,2.4,4.3416,5.9357,0.298,0.7037,0.1483,0.6269,openmesh 2024-01-16 04
openmesh,dynamic,pws,423.0,0.0422,2.7411,2.6989,63.8828,2.7074,4.8145,113.9608,0.2005,0.9296,0.7724,0.2237,openmesh 2024-01-16 04
openmesh,dynamic,asos,0.0,,,,,,,,,,,,openmesh 2024-01-16 04
openmesh,constant,radar,423.0,0.7314,0.4498,-0.2816,-0.3851,0.7702,1.3017,1.7797,0.3618,0.2365,0.0349,0.2345,openmesh 2024-01-16 04
openmesh,constant,pws,423.0,0.0422,0.4498,0.4075,9.6466,0.4537,1.3685,32.3929,0.3006,0.5493,0.5465,0.3305,openmesh 2024-01-16 04
openmesh,constant,asos,0.0,,,,,,,,,,,,openmesh 2024-01-16 04
openmesh,pycomlink,radar,423.0,0.7314,0.1745,-0.5569,-0.7614,0.6981,1.1021,1.5067,0.3425,0.1111,0.0488,0.1105,openmesh 2024-01-16 04
openmesh,pycomlink,pws,423.0,0.0422,0.1745,0.1323,3.1307,0.2045,0.9081,21.4946,0.0049,0.169,0.7073,0.12,openmesh 2024-01-16 04
openmesh,pycomlink,asos,0.0,,,,,,,,,,,,openmesh 2024-01-16 04
openmesh,nearby,radar,374.0,0.7013,0.6661,-0.0352,-0.0502,0.9419,1.7638,2.515,0.1756,0.2605,0.1735,0.247,openmesh 2024-01-16 04
openmesh,nearby,pws,374.0,0.0422,0.6661,0.6239,14.7764,0.6446,1.8145,42.9752,0.3722,0.8167,0.5,0.4495,openmesh 2024-01-16 04
openmesh,nearby,asos,0.0,,,,,,,,,,,,openmesh 2024-01-16 04
openmesh,rnn,radar,425.0,0.7309,1.3876,0.6567,0.8985,1.1841,1.7607,2.409,0.6441,0.3909,0.2159,0.3529,openmesh 2024-01-16 04
openmesh,rnn,pws,425.0,0.0436,1.3876,1.344,30.8354,1.344,2.3762,54.5179,0.5636,1.0,0.5852,0.4148,openmesh 2024-01-16 04
openmesh,rnn,asos,0.0,,,,,,,,,,,,openmesh 2024-01-16 04
openmesh,dynamic,radar,216.0,2.4735,3.1171,0.6436,0.2602,2.0976,3.2518,1.3147,0.1261,0.9537,0.0,0.9537,openmesh 2024-01-28 06
openmesh,dynamic,pws,216.0,2.0304,3.1171,1.0867,0.5352,2.0758,3.3771,1.6633,0.1032,0.9577,0.0097,0.9488,openmesh 2024-01-28 06
openmesh,dynamic,asos,0.0,,,,,,,,,,,,openmesh 2024-01-28 06
openmesh,constant,radar,216.0,2.4735,0.7926,-1.681,-0.6796,2.2012,2.7064,1.0942,0.2189,0.2778,0.0,0.2778,openmesh 2024-01-28 06
openmesh,constant,pws,216.0,2.0304,0.7926,-1.2378,-0.6097,1.9114,2.5459,1.2539,0.09,0.277,0.0167,0.2757,openmesh 2024-01-28 06
openmesh,constant,asos,0.0,,,,,,,,,,,,openmesh 2024-01-28 06
openmesh,pycomlink,radar,216.0,2.4735,1.3381,-1.1354,-0.459,1.9026,2.5008,1.011,0.2977,0.5787,0.0,0.5787,openmesh 2024-01-28 06
openmesh,pycomlink,pws,216.0,2.0304,1.3381,-0.6922,-0.3409,1.7559,2.4973,1.23,0.1095,0.5775,0.016,0.5721,openmesh 2024-01-28 06
openmesh,pycomlink,asos,0.0,,,,,,,,,,,,openmesh 2024-01-28 06
openmesh,nearby,radar,200.0,2.4359,1.2677,-1.1682,-0.4796,1.8644,2.4211,0.9939,0.3386,0.61,0.0,0.61,openmesh 2024-01-28 06
openmesh,nearby,pws,200.0,1.9828,1.2677,-0.7151,-0.3607,1.6374,2.3875,1.2041,0.1676,0.6193,0.0,0.6193,openmesh 2024-01-28 06
openmesh,nearby,asos,0.0,,,,,,,,,,,,openmesh 2024-01-28 06
openmesh,rnn,radar,216.0,2.4735,2.5974,0.1239,0.0501,0.4781,0.6542,0.2645,0.8436,0.9954,0.0,0.9954,openmesh 2024-01-28 06
openmesh,rnn,pws,216.0,2.0304,2.5974,0.567,0.2793,0.6903,0.9365,0.4612,0.7822,0.9953,0.014,0.9815,openmesh 2024-01-28 06
openmesh,rnn,asos,0.0,,,,,,,,,,,,openmesh 2024-01-28 06
openmesh,dynamic,radar,206.0,1.2173,4.8905,3.6732,3.0174,4.1066,6.4239,5.277,0.1684,0.9202,0.0749,0.8564,openmesh 2024-02-13 06
openmesh,dynamic,pws,206.0,0.3394,4.8905,4.5512,13.4101,4.6813,7.0091,20.6526,0.0669,0.904,0.3957,0.5678,openmesh 2024-02-13 06
openmesh,dynamic,asos,0.0,,,,,,,,,,,,openmesh 2024-02-13 06
openmesh,constant,radar,206.0,1.2173,1.583,0.3657,0.3004,2.0207,3.5844,2.9444,0.1688,0.3936,0.039,0.3874,openmesh 2024-02-13 06
openmesh,constant,pws,206.0,0.3394,1.583,1.2437,3.6645,1.7316,3.8759,11.4206,-0.0697,0.376,0.3896,0.3032,openmesh 2024-02-13 06
openmesh,constant,asos,0.0,,,,,,,,,,,,openmesh 2024-02-13 06
openmesh,pycomlink,radar,206.0,1.2173,2.5523,1.335,1.0966,2.57,4.5418,3.7309,0.0977,0.5957,0.0508,0.5773,openmesh 2024-02-13 06
openmesh,pycomlink,pws,206.0,0.3394,2.5523,2.213,6.5205,2.4904,4.8848,14.3931,0.0475,0.64,0.322,0.4908,openmesh 2024-02-13 06
openmesh,pycomlink,asos,0.0,,,,,,,,,,,,openmesh 2024-02-13 06
openmesh,nearby,radar,193.0,1.2304,3.1901,1.9597,1.5927,3.0094,5.2381,4.2572,0.1957,0.7029,0.0315,0.6872,openmesh 2024-02-13 06
openmesh,nearby,pws,193.0,0.3124,3.1901,2.8777,9.2121,3.1131,5.7157,18.297,0.0616,0.6937,0.3937,0.4783,openmesh 2024-02-13 06
openmesh,nearby,asos,0.0,,,,,,,,,,,,openmesh 2024-02-13 06
openmesh,rnn,radar,216.0,1.2516,3.0653,1.8138,1.4492,1.8986,2.6061,2.0823,0.3648,1.0,0.0481,0.9519,openmesh 2024-02-13 06
openmesh,rnn,pws,216.0,0.3281,3.0653,2.7373,8.3438,2.7499,3.3987,10.3601,0.0925,1.0,0.3894,0.6106,openmesh 2024-02-13 06
openmesh,rnn,asos,0.0,,,,,,,,,,,,openmesh 2024-02-13 06
openmesh,dynamic,radar,120.0,2.6214,4.9877,2.3662,0.9027,3.262,5.3466,2.0396,0.5223,0.9891,0.1495,0.8426,openmesh 2024-02-27 22
openmesh,dynamic,pws,120.0,2.554,4.9877,2.4337,0.9529,3.3092,5.2733,2.0647,0.5619,0.9674,0.1682,0.8091,openmesh 2024-02-27 22
openmesh,dynamic,asos,0.0,,,,,,,,,,,,openmesh 2024-02-27 22
openmesh,constant,radar,120.0,2.6214,0.9449,-1.6766,-0.6396,2.0693,3.1294,1.1938,0.4408,0.3913,0.027,0.3871,openmesh 2024-02-27 22
openmesh,constant,pws,120.0,2.554,0.9449,-1.6091,-0.63,2.0428,3.1584,1.2367,0.4068,0.3804,0.0541,0.3723,openmesh 2024-02-27 22
openmesh,constant,asos,0.0,,,,,,,,,,,,openmesh 2024-02-27 22
openmesh,pycomlink,radar,120.0,2.6214,1.8064,-0.8151,-0.3109,1.6884,2.7775,1.0596,0.5223,0.7609,0.1463,0.6731,openmesh 2024-02-27 22
openmesh,pycomlink,pws,120.0,2.554,1.8064,-0.7476,-0.2927,1.6842,2.7568,1.0794,0.522,0.7609,0.1463,0.6731,openmesh 2024-02-27 22
openmesh,pycomlink,asos,0.0,,,,,,,,,,,,openmesh 2024-02-27 22
openmesh,nearby,radar,125.0,2.7686,1.4475,-1.3211,-0.4772,1.8398,2.8211,1.019,0.484,0.7835,0.0952,0.7238,openmesh 2024-02-27 22
openmesh,nearby,pws,125.0,2.7157,1.4475,-1.2682,-0.467,1.8063,2.8508,1.0497,0.4624,0.7629,0.119,0.6916,openmesh 2024-02-27 22
openmesh,nearby,asos,0.0,,,,,,,,,,,,openmesh 2024-02-27 22
openmesh,rnn,radar,125.0,2.7686,3.3816,0.613,0.2214,0.7978,1.1413,0.4122,0.9508,0.9897,0.1933,0.8,openmesh 2024-02-27 22
openmesh,rnn,pws,125.0,2.7157,3.3816,0.6658,0.2452,0.8759,1.3198,0.486,0.9259,0.9897,0.1933,0.8,openmesh 2024-02-27 22
openmesh,rnn,asos,0.0,,,,,,,,,,,,openmesh 2024-02-27 22
openmesh,dynamic,radar,150.0,2.6597,3.7237,1.064,0.4,2.6767,4.1908,1.5757,0.3387,0.8865,0.0458,0.8503,openmesh 2024-03-02 12
openmesh,dynamic,pws,150.0,2.9204,3.7237,0.8032,0.275,2.7312,4.079,1.3967,0.3949,0.8733,0.0,0.8733,openmesh 2024-03-02 12
openmesh,dynamic,asos,0.0,,,,,,,,,,,,openmesh 2024-03-02 12
openmesh,constant,radar,150.0,2.6597,1.0039,-1.6559,-0.6226,2.8535,4.0545,1.5244,0.2279,0.2624,0.0,0.2624,openmesh 2024-03-02 12
openmesh,constant,pws,150.0,2.9204,1.0039,-1.9166,-0.6563,2.9108,4.0426,1.3842,0.3603,0.2467,0.0,0.2467,openmesh 2024-03-02 12
openmesh,constant,asos,0.0,,,,,,,,,,,,openmesh 2024-03-02 12
openmesh,pycomlink,radar,150.0,2.6597,0.8742,-1.7856,-0.6713,2.3921,3.1235,1.1744,0.3057,0.3617,0.0727,0.3517,openmesh 2024-03-02 12
openmesh,pycomlink,pws,150.0,2.9204,0.8742,-2.0463,-0.7007,2.4488,3.2884,1.126,0.426,0.3667,0.0,0.3667,openmesh 2024-03-02 12
openmesh,pycomlink,asos,0.0,,,,,,,,,,,,openmesh 2024-03-02 12
openmesh,nearby,radar,137.0,2.5043,1.2381,-1.2663,-0.5056,2.0604,2.8706,1.1462,0.325,0.6484,0.0674,0.6194,openmesh 2024-03-02 12
openmesh,nearby,pws,137.0,2.7811,1.2381,-1.5431,-0.5548,2.1361,3.0313,1.0899,0.4308,0.6496,0.0,0.6496,openmesh 2024-03-02 12
openmesh,nearby,asos,0.0,,,,,,,,,,,,openmesh 2024-03-02 12
openmesh,rnn,radar,156.0,2.6708,2.3782,-0.2926,-0.1096,0.8545,1.1281,0.4224,0.8433,0.9448,0.0743,0.8782,openmesh 2024-03-02 12
openmesh,rnn,pws,156.0,2.9648,2.3782,-0.5865,-0.1978,1.1327,1.7058,0.5754,0.7792,0.9487,0.0,0.9487,openmesh 2024-03-02 12
openmesh,rnn,asos,0.0,,,,,,,,,,,,openmesh 2024-03-02 12
openmesh,dynamic,radar,361.0,2.2646,4.151,1.8864,0.833,3.1165,5.5179,2.4365,0.5055,0.9706,0.2196,0.7624,openmesh 2024-03-09 19
openmesh,dynamic,pws,361.0,2.2841,4.151,1.8669,0.8174,3.1769,5.5372,2.4243,0.4993,0.9442,0.1419,0.8167,openmesh 2024-03-09 19
openmesh,dynamic,asos,0.0,,,,,,,,,,,,openmesh 2024-03-09 19
openmesh,constant,radar,361.0,2.2646,1.4297,-0.8349,-0.3687,2.0239,3.8355,1.6937,0.4612,0.5714,0.0933,0.5397,openmesh 2024-03-09 19
openmesh,constant,pws,361.0,2.2841,1.4297,-0.8544,-0.3741,2.0049,3.9134,1.7133,0.463,0.5316,0.0467,0.5181,openmesh 2024-03-09 19
openmesh,constant,asos,0.0,,,,,,,,,,,,openmesh 2024-03-09 19
openmesh,pycomlink,radar,361.0,2.2646,1.0199,-1.2447,-0.5496,2.031,3.4911,1.5416,0.4963,0.3739,0.0111,0.3724,openmesh 2024-03-09 19
openmesh,pycomlink,pws,361.0,2.2841,1.0199,-1.2642,-0.5535,2.0128,3.5913,1.5723,0.4974,0.3346,0.0,0.3346,openmesh 2024-03-09 19
openmesh,pycomlink,asos,0.0,,,,,,,,,,,,openmesh 2024-03-09 19
openmesh,nearby,radar,319.0,2.5386,1.8252,-0.7134,-0.281,2.0463,3.9201,1.5442,0.4613,0.7556,0.1005,0.6967,openmesh 2024-03-09 19
openmesh,nearby,pws,319.0,2.5862,1.8252,-0.761,-0.2942,2.0781,4.0662,1.5723,0.4517,0.7276,0.0529,0.6992,openmesh 2024-03-09 19
openmesh,nearby,asos,0.0,,,,,,,,,,,,openmesh 2024-03-09 19
openmesh,rnn,radar,384.0,2.6885,2.3417,-0.3469,-0.129,1.1521,1.845,0.6862,0.8512,0.9923,0.0816,0.912,openmesh 2024-03-09 19
openmesh,rnn,pws,384.0,2.7555,2.3417,-0.4139,-0.1502,1.3209,2.1788,0.7907,0.8256,0.9452,0.0213,0.9262,openmesh 2024-03-09 19
openmesh,rnn,asos,0.0,,,,,,,,,,,,openmesh 2024-03-09 19
openmesh,dynamic,radar,327.0,4.3832,5.0326,0.6495,0.1482,3.8111,5.9179,1.3501,0.3598,0.9524,0.082,0.8777,openmesh 2024-03-23 06
openmesh,dynamic,pws,327.0,4.6076,5.0326,0.425,0.0922,3.848,6.0434,1.3116,0.3501,0.934,0.0262,0.911,openmesh 2024-03-23 06
openmesh,dynamic,asos,0.0,,,,,,,,,,,,openmesh 2024-03-23 06
openmesh,constant,radar,327.0,4.3832,2.2445,-2.1387,-0.4879,3.6057,5.2184,1.1905,0.3663,0.5442,0.0244,0.5369,openmesh 2024-03-23 06
openmesh,constant,pws,327.0,4.6076,2.2445,-2.3631,-0.5129,3.6988,5.3757,1.1667,0.393,0.5094,0.0122,0.5062,openmesh 2024-03-23 06
openmesh,constant,asos,0.0,,,,,,,,,,,,openmesh 2024-03-23 06
openmesh,pycomlink,radar,327.0,4.3832,3.1001,-1.283,-0.2927,3.1661,4.8701,1.1111,0.4096,0.7313,0.0652,0.6958,openmesh 2024-03-23 06
openmesh,pycomlink,pws,327.0,4.6076,3.1001,-1.5075,-0.3272,3.221,5.0519,1.0964,0.4166,0.7075,0.0217,0.6966,openmesh 2024-03-23 06
openmesh,pycomlink,asos,0.0,,,,,,,,,,,,openmesh 2024-03-23 06
openmesh,nearby,radar,291.0,4.361,2.578,-1.783,-0.4088,2.9258,4.5416,1.0414,0.3843,0.8308,0.0485,0.797,openmesh 2024-03-23 06
openmesh,nearby,pws,291.0,4.55,2.578,-1.972,-0.4334,2.9758,4.708,1.0347,0.4161,0.7908,0.0176,0.7797,openmesh 2024-03-23 06
openmesh,nearby,asos,0.0,,,,,,,,,,,,openmesh 2024-03-23 06
openmesh,rnn,radar,336.0,4.6211,3.909,-0.712,-0.1541,2.0632,3.1924,0.6908,0.5858,0.9802,0.0601,0.9224,openmesh 2024-03-23 06
openmesh,rnn,pws,336.0,4.8653,3.909,-0.9563,-0.1965,2.2783,3.8978,0.8011,0.4961,0.945,0.0222,0.9251,openmesh 2024-03-23 06
openmesh,rnn,asos,0.0,,,,,,,,,,,,openmesh 2024-03-23 06
openmesh,dynamic,radar,717.0,0.7,2.386,1.6859,2.4083,2.0365,3.8014,5.4303,0.3057,0.8291,0.2801,0.6268,openmesh 2024-03-27 21
openmesh,dynamic,pws,717.0,0.7254,2.386,1.6605,2.289,2.0349,3.7765,5.2058,0.3179,0.8293,0.2338,0.6619,openmesh 2024-03-27 21
openmesh,dynamic,asos,0.0,,,,,,,,,,,,openmesh 2024-03-27 21
openmesh,constant,radar,717.0,0.7,0.1528,-0.5472,-0.7817,0.5939,1.0024,1.4319,0.5482,0.1752,0.1087,0.1715,openmesh 2024-03-27 21
openmesh,constant,pws,717.0,0.7254,0.1528,-0.5726,-0.7893,0.6017,1.1433,1.5761,0.5594,0.1707,0.0761,0.1683,openmesh 2024-03-27 21
openmesh,constant,asos,0.0,,,,,,,,,,,,openmesh 2024-03-27 21
openmesh,pycomlink,radar,717.0,0.7,0.1729,-0.5271,-0.753,0.6027,1.0002,1.4287,0.562,0.1645,0.1348,0.1604,openmesh 2024-03-27 21
openmesh,pycomlink,pws,717.0,0.7254,0.1729,-0.5525,-0.7616,0.6081,1.108,1.5273,0.5954,0.1667,0.0674,0.1647,openmesh 2024-03-27 21
openmesh,pycomlink,asos,0.0,,,,,,,,,,,,openmesh 2024-03-27 21
openmesh,nearby,radar,613.0,0.7259,0.2774,-0.4485,-0.6178,0.5824,0.9732,1.3407,0.5854,0.3832,0.1564,0.3578,openmesh 2024-03-27 21
openmesh,nearby,pws,613.0,0.7629,0.2774,-0.4854,-0.6363,0.59,1.1183,1.466,0.5955,0.3897,0.0726,0.3781,openmesh 2024-03-27 21
openmesh,nearby,asos,0.0,,,,,,,,,,,,openmesh 2024-03-27 21
openmesh,rnn,radar,720.0,0.7125,0.8928,0.1803,0.2531,0.3203,0.5428,0.7618,0.9233,0.9597,0.1812,0.7916,openmesh 2024-03-27 21
openmesh,rnn,pws,720.0,0.7404,0.8928,0.1524,0.2059,0.3031,0.5221,0.7051,0.9201,0.9681,0.1214,0.8539,openmesh 2024-03-27 21
openmesh,rnn,asos,0.0,,,,,,,,,,,,openmesh 2024-03-27 21
openmesh,dynamic,radar,342.0,1.6479,3.5918,1.9439,1.1796,2.7488,4.9041,2.976,0.4195,0.8786,0.0803,0.816,openmesh 2024-04-02 10
openmesh,dynamic,pws,342.0,1.5861,3.5918,2.0057,1.2646,2.7358,4.9019,3.0906,0.429,0.9293,0.0769,0.8625,openmesh 2024-04-02 10
openmesh,dynamic,asos,0.0,,,,,,,,,,,,openmesh 2024-04-02 10
openmesh,constant,radar,342.0,1.6479,0.7227,-0.9252,-0.5614,1.4871,2.2059,1.3386,0.4533,0.2971,0.0312,0.2943,openmesh 2024-04-02 10
openmesh,constant,pws,342.0,1.5861,0.7227,-0.8634,-0.5443,1.394,2.1571,1.36,0.4853,0.3232,0.0,0.3232,openmesh 2024-04-02 10
openmesh,constant,asos,0.0,,,,,,,,,,,,openmesh 2024-04-02 10
openmesh,pycomlink,radar,342.0,1.6479,0.746,-0.9018,-0.5473,1.4287,2.2685,1.3766,0.4434,0.3131,0.0577,0.3072,openmesh 2024-04-02 10
openmesh,pycomlink,pws,342.0,1.5861,0.746,-0.84,-0.5296,1.3235,2.1991,1.3865,0.4877,0.3502,0.0,0.3502,openmesh 2024-04-02 10
openmesh,pycomlink,asos,0.0,,,,,,,,,,,,openmesh 2024-04-02 10
openmesh,nearby,radar,304.0,1.6118,0.8173,-0.7945,-0.4929,1.162,1.8289,1.1347,0.5354,0.5704,0.0307,0.5603,openmesh 2024-04-02 10
openmesh,nearby,pws,304.0,1.5333,0.8173,-0.716,-0.467,1.0658,1.7733,1.1565,0.569,0.6139,0.0245,0.6046,openmesh 2024-04-02 10
openmesh,nearby,asos,0.0,,,,,,,,,,,,openmesh 2024-04-02 10
openmesh,rnn,radar,345.0,1.673,2.0149,0.3419,0.2044,0.7505,1.2504,0.7474,0.8418,0.9367,0.0633,0.881,openmesh 2024-04-02 10
openmesh,rnn,pws,345.0,1.6106,2.0149,0.4043,0.251,0.7568,1.2918,0.8021,0.8254,0.99,0.0601,0.931,openmesh 2024-04-02 10
openmesh,rnn,asos,0.0,,,,,,,,,,,,openmesh 2024-04-02 10
openmesh,dynamic,radar,564.0,1.8281,4.05,2.2219,1.2154,3.0771,5.3633,2.9338,0.2671,0.9523,0.0655,0.8927,openmesh 2024-04-03 07
openmesh,dynamic,pws,564.0,1.6249,4.05,2.425,1.4924,3.0122,5.3661,3.3024,0.3115,0.9503,0.0337,0.9198,openmesh 2024-04-03 07
openmesh,dynamic,asos,0.0,,,,,,,,,,,,openmesh 2024-04-03 07
openmesh,constant,radar,564.0,1.8281,0.7481,-1.08,-0.5908,1.561,2.2986,1.2574,0.381,0.4332,0.0258,0.4283,openmesh 2024-04-03 07
openmesh,constant,pws,564.0,1.6249,0.7481,-0.8769,-0.5396,1.3777,2.0901,1.2863,0.4087,0.4236,0.0129,0.4212,openmesh 2024-04-03 07
openmesh,constant,asos,0.0,,,,,,,,,,,,openmesh 2024-04-03 07
openmesh,pycomlink,radar,564.0,1.8281,0.4939,-1.3342,-0.7298,1.4691,2.1084,1.1533,0.5286,0.3702,0.0051,0.3695,openmesh 2024-04-03 07
openmesh,pycomlink,pws,564.0,1.6249,0.4939,-1.1311,-0.6961,1.2778,1.8767,1.1549,0.5471,0.3591,0.0,0.3591,openmesh 2024-04-03 07
openmesh,pycomlink,asos,0.0,,,,,,,,,,,,openmesh 2024-04-03 07
openmesh,nearby,radar,131.0,1.2496,0.5327,-0.7169,-0.5737,0.9559,1.2851,1.0284,0.4135,0.4959,0.0,0.4959,openmesh 2024-04-03 07
openmesh,nearby,pws,131.0,1.0971,0.5327,-0.5644,-0.5145,0.8591,1.2043,1.0977,0.3773,0.48,0.0,0.48,openmesh 2024-04-03 07
openmesh,nearby,asos,0.0,,,,,,,,,,,,openmesh 2024-04-03 07
openmesh,rnn,radar,572.0,1.9465,1.3894,-0.557,-0.2862,0.9774,1.7258,0.8866,0.6536,0.8308,0.0286,0.811,openmesh 2024-04-03 07
openmesh,rnn,pws,572.0,1.7326,1.3894,-0.3432,-0.1981,0.8558,1.4757,0.8517,0.6891,0.8203,0.0066,0.8159,openmesh 2024-04-03 07
openmesh,rnn,asos,0.0,,,,,,,,,,,,openmesh 2024-04-03 07
openmesh,dynamic,radar,41.0,4.4335,5.8229,1.3893,0.3134,3.7318,5.0747,1.1446,0.2758,0.9756,0.0,0.9756,openmesh 2024-05-23 13
openmesh,dynamic,pws,41.0,5.5956,5.8229,0.2273,0.0406,3.959,5.19,0.9275,0.1202,0.9756,0.0,0.9756,openmesh 2024-05-23 13
openmesh,dynamic,asos,0.0,,,,,,,,,,,,openmesh 2024-05-23 13
openmesh,constant,radar,41.0,4.4335,0.0,-4.4335,-1.0,4.4335,4.6474,1.0482,,0.0,,0.0,openmesh 2024-05-23 13
openmesh,constant,pws,41.0,5.5956,0.0,-5.5956,-1.0,5.5956,5.8854,1.0518,,0.0,,0.0,openmesh 2024-05-23 13
openmesh,constant,asos,0.0,,,,,,,,,,,,openmesh 2024-05-23 13
openmesh,pycomlink,radar,41.0,4.4335,1.9537,-2.4798,-0.5593,2.9254,3.295,0.7432,0.2227,0.9268,0.0,0.9268,openmesh 2024-05-23 13
openmesh,pycomlink,pws,41.0,5.5956,1.9537,-3.6419,-0.6508,4.0442,4.6404,0.8293,-0.128,0.9268,0.0,0.9268,openmesh 2024-05-23 13
openmesh,pycomlink,asos,0.0,,,,,,,,,,,,openmesh 2024-05-23 13
openmesh,nearby,radar,42.0,4.419,2.8169,-1.6022,-0.3626,2.7107,3.2192,0.7285,0.243,0.9524,0.0,0.9524,openmesh 2024-05-23 13
openmesh,nearby,pws,42.0,5.5319,2.8169,-2.715,-0.4908,3.6076,4.3466,0.7857,-0.0337,0.9524,0.0,0.9524,openmesh 2024-05-23 13
openmesh,nearby,asos,0.0,,,,,,,,,,,,openmesh 2024-05-23 13
openmesh,rnn,radar,42.0,4.419,6.3251,1.906,0.4313,2.0894,2.4004,0.5432,0.6635,1.0,0.0,1.0,openmesh 2024-05-23 13
openmesh,rnn,pws,42.0,5.5319,6.3251,0.7932,0.1434,1.4561,1.8609,0.3364,0.6075,1.0,0.0,1.0,openmesh 2024-05-23 13
openmesh,rnn,asos,0.0,,,,,,,,,,,,openmesh 2024-05-23 13
openmesh,dynamic,radar,301.0,1.3463,3.0961,1.7498,1.2998,2.5761,4.7953,3.5619,0.498,0.9524,0.447,0.5381,openmesh 2024-05-27 10
openmesh,dynamic,pws,301.0,1.3518,3.0961,1.7443,1.2903,2.6306,4.8595,3.5948,0.4946,0.8939,0.4562,0.5108,openmesh 2024-05-27 10
openmesh,dynamic,asos,0.0,,,,,,,,,,,,openmesh 2024-05-27 10
openmesh,constant,radar,301.0,1.3463,0.5166,-0.8297,-0.6163,1.0023,2.7202,2.0205,0.6837,0.5317,0.1728,0.4786,openmesh 2024-05-27 10
openmesh,constant,pws,301.0,1.3518,0.5166,-0.8352,-0.6179,1.0061,2.9076,2.1508,0.6819,0.4697,0.2346,0.4106,openmesh 2024-05-27 10
openmesh,constant,asos,0.0,,,,,,,,,,,,openmesh 2024-05-27 10
openmesh,pycomlink,radar,301.0,1.3463,0.6458,-0.7005,-0.5203,0.9841,2.7061,2.0101,0.6687,0.7143,0.2174,0.596,openmesh 2024-05-27 10
openmesh,pycomlink,pws,301.0,1.3518,0.6458,-0.706,-0.5223,0.9944,2.8795,2.1301,0.6693,0.6591,0.2435,0.5438,openmesh 2024-05-27 10
openmesh,pycomlink,asos,0.0,,,,,,,,,,,,openmesh 2024-05-27 10
openmesh,nearby,radar,258.0,1.5309,0.5409,-0.99,-0.6467,1.1316,3.012,1.9675,0.7453,0.7075,0.1176,0.6466,openmesh 2024-05-27 10
openmesh,nearby,pws,258.0,1.5716,0.5409,-1.0308,-0.6559,1.1945,3.4055,2.1668,0.6935,0.6491,0.1294,0.592,openmesh 2024-05-27 10
openmesh,nearby,asos,0.0,,,,,,,,,,,,openmesh 2024-05-27 10
openmesh,rnn,radar,308.0,1.6336,1.0196,-0.614,-0.3758,1.0338,2.7829,1.7036,0.804,0.8947,0.2171,0.7169,openmesh 2024-05-27 10
openmesh,rnn,pws,308.0,1.6745,1.0196,-0.6549,-0.3911,1.1538,3.1186,1.8625,0.7906,0.8345,0.2368,0.6629,openmesh 2024-05-27 10
openmesh,rnn,asos,0.0,,,,,,,,,,,,openmesh 2024-05-27 10
openmesh,dynamic,radar,229.0,0.8217,3.2359,2.4142,2.9382,2.6673,4.9057,5.9704,0.4816,0.9032,0.235,0.7071,openmesh 2024-05-30 00
openmesh,dynamic,pws,229.0,0.973,3.2359,2.2628,2.3255,2.6197,4.841,4.9751,0.4368,0.8629,0.1749,0.7295,openmesh 2024-05-30 00
openmesh,dynamic,asos,0.0,,,,,,,,,,,,openmesh 2024-05-30 00
openmesh,constant,radar,229.0,0.8217,0.4356,-0.3861,-0.4699,0.7134,1.3244,1.6119,0.6053,0.2774,0.1731,0.2622,openmesh 2024-05-30 00
openmesh,constant,pws,229.0,0.973,0.4356,-0.5375,-0.5524,0.8582,1.6439,1.6894,0.5095,0.2686,0.0962,0.2611,openmesh 2024-05-30 00
openmesh,constant,asos,0.0,,,,,,,,,,,,openmesh 2024-05-30 00
openmesh,pycomlink,radar,229.0,0.8217,0.4845,-0.3371,-0.4103,0.6519,1.3686,1.6657,0.6231,0.3548,0.1129,0.3395,openmesh 2024-05-30 00
openmesh,pycomlink,pws,229.0,0.973,0.4845,-0.4885,-0.502,0.8132,1.6684,1.7147,0.5247,0.3314,0.0645,0.324,openmesh 2024-05-30 00
openmesh,pycomlink,asos,0.0,,,,,,,,,,,,openmesh 2024-05-30 00
openmesh,nearby,radar,208.0,0.8732,0.5816,-0.2915,-0.3339,0.7299,1.3221,1.5142,0.609,0.4722,0.1392,0.4387,openmesh 2024-05-30 00
openmesh,nearby,pws,208.0,1.0437,0.5816,-0.4621,-0.4428,0.8838,1.6526,1.5834,0.5163,0.4601,0.0506,0.4491,openmesh 2024-05-30 00
openmesh,nearby,asos,0.0,,,,,,,,,,,,openmesh 2024-05-30 00
openmesh,rnn,radar,230.0,0.8184,1.2746,0.4562,0.5574,0.6485,1.0787,1.318,0.8613,0.9419,0.2551,0.7122,openmesh 2024-05-30 00
openmesh,rnn,pws,230.0,0.9707,1.2746,0.304,0.3132,0.5892,1.013,1.0436,0.8472,0.9545,0.1429,0.8235,openmesh 2024-05-30 00
openmesh,rnn,asos,0.0,,,,,,,,,,,,openmesh 2024-05-30 00
openmesh,dynamic,radar,130.0,2.1511,3.7408,1.5897,0.739,3.1102,5.5932,2.6001,0.2932,0.9194,0.0339,0.8906,openmesh 2024-06-06 04
openmesh,dynamic,pws,130.0,2.2593,3.7408,1.4815,0.6557,3.2203,5.775,2.5561,0.2737,0.9147,0.0,0.9147,openmesh 2024-06-06 04
openmesh,dynamic,asos,0.0,,,,,,,,,,,,openmesh 2024-06-06 04
openmesh,constant,radar,130.0,2.1511,0.2818,-1.8693,-0.869,1.9862,3.9527,1.8375,-0.0688,0.3629,0.0,0.3629,openmesh 2024-06-06 04
openmesh,constant,pws,130.0,2.2593,0.2818,-1.9775,-0.8753,2.1282,4.3677,1.9332,-0.0928,0.3488,0.0,0.3488,openmesh 2024-06-06 04
openmesh,constant,asos,0.0,,,,,,,,,,,,openmesh 2024-06-06 04
openmesh,pycomlink,radar,130.0,2.1511,0.9286,-1.2225,-0.5683,1.421,2.7971,1.3003,0.6707,0.6048,0.0506,0.5859,openmesh 2024-06-06 04
openmesh,pycomlink,pws,130.0,2.2593,0.9286,-1.3307,-0.589,1.5373,3.1695,1.4029,0.6623,0.6124,0.0,0.6124,openmesh 2024-06-06 04
openmesh,pycomlink,asos,0.0,,,,,,,,,,,,openmesh 2024-06-06 04
openmesh,nearby,radar,127.0,2.3824,1.2195,-1.163,-0.4881,1.6738,3.2929,1.3822,0.5793,0.7073,0.0114,0.7016,openmesh 2024-06-06 04
openmesh,nearby,pws,127.0,2.4875,1.2195,-1.268,-0.5098,1.8065,3.6033,1.4486,0.5673,0.6984,0.0,0.6984,openmesh 2024-06-06 04
openmesh,nearby,asos,0.0,,,,,,,,,,,,openmesh 2024-06-06 04
openmesh,rnn,radar,132.0,2.3301,2.2993,-0.0308,-0.0132,1.5498,2.7067,1.1616,0.6743,0.9683,0.024,0.9457,openmesh 2024-06-06 04
openmesh,rnn,pws,132.0,2.4341,2.2993,-0.1349,-0.0554,1.7095,2.9336,1.2052,0.6908,0.9542,0.0,0.9542,openmesh 2024-06-06 04
openmesh,rnn,asos,0.0,,,,,,,,,,,,openmesh 2024-06-06 04
openmesh,dynamic,radar,83.0,3.3878,4.1814,0.7936,0.2343,4.4166,6.4743,1.9111,0.2234,0.8052,0.0312,0.7848,openmesh 2024-06-14 22
openmesh,dynamic,pws,83.0,3.1908,4.1814,0.9906,0.3105,4.3887,6.5559,2.0547,0.1741,0.8871,0.1406,0.7746,openmesh 2024-06-14 22
openmesh,dynamic,asos,0.0,,,,,,,,,,,,openmesh 2024-06-14 22
openmesh,constant,radar,83.0,3.3878,1.0472,-2.3406,-0.6909,2.8024,4.372,1.2905,0.3908,0.4286,0.0,0.4286,openmesh 2024-06-14 22
openmesh,constant,pws,83.0,3.1908,1.0472,-2.1435,-0.6718,2.609,3.9745,1.2456,0.4379,0.5323,0.0,0.5323,openmesh 2024-06-14 22
openmesh,constant,asos,0.0,,,,,,,,,,,,openmesh 2024-06-14 22
openmesh,pycomlink,radar,83.0,3.3878,1.1621,-2.2257,-0.657,2.9087,4.4435,1.3116,0.3663,0.4805,0.0,0.4805,openmesh 2024-06-14 22
openmesh,pycomlink,pws,83.0,3.1908,1.1621,-2.0286,-0.6358,2.7602,4.0887,1.2814,0.3985,0.5484,0.0811,0.5231,openmesh 2024-06-14 22
openmesh,pycomlink,asos,0.0,,,,,,,,,,,,openmesh 2024-06-14 22
openmesh,nearby,radar,84.0,3.4371,1.021,-2.4161,-0.703,2.7255,4.1741,1.2144,0.4402,0.5128,0.0244,0.5063,openmesh 2024-06-14 22
openmesh,nearby,pws,84.0,3.2517,1.021,-2.2308,-0.686,2.4737,3.8148,1.1732,0.473,0.619,0.0488,0.6,openmesh 2024-06-14 22
openmesh,nearby,asos,0.0,,,,,,,,,,,,openmesh 2024-06-14 22
openmesh,rnn,radar,84.0,3.4371,4.1845,0.7475,0.2175,1.2275,1.8721,0.5447,0.9153,0.9103,0.0658,0.8554,openmesh 2024-06-14 22
openmesh,rnn,pws,84.0,3.2517,4.1845,0.9328,0.2869,1.4734,2.1371,0.6572,0.8953,0.9683,0.1974,0.7821,openmesh 2024-06-14 22
openmesh,rnn,asos,0.0,,,,,,,,,,,,openmesh 2024-06-14 22
openmesh,dynamic,radar,122.0,1.9567,2.103,0.1462,0.0747,1.5211,2.5758,1.3164,0.6405,0.9294,0.233,0.7248,openmesh 2024-06-27 00
openmesh,dynamic,pws,122.0,2.1949,2.103,-0.0919,-0.0419,1.7123,2.966,1.3513,0.5846,0.9175,0.1359,0.8018,openmesh 2024-06-27 00
openmesh,dynamic,asos,0.0,,,,,,,,,,,,openmesh 2024-06-27 00
openmesh,constant,radar,122.0,1.9567,0.6194,-1.3373,-0.6834,1.516,2.7496,1.4052,0.5999,0.4588,0.025,0.4535,openmesh 2024-06-27 00
openmesh,constant,pws,122.0,2.1949,0.6194,-1.5755,-0.7178,1.7777,3.2818,1.4952,0.5371,0.4021,0.025,0.398,openmesh 2024-06-27 00
openmesh,constant,asos,0.0,,,,,,,,,,,,openmesh 2024-06-27 00
openmesh,pycomlink,radar,122.0,1.9567,0.8004,-1.1563,-0.5909,1.4186,2.6684,1.3637,0.5957,0.6471,0.0517,0.625,openmesh 2024-06-27 00
openmesh,pycomlink,pws,122.0,2.1949,0.8004,-1.3945,-0.6353,1.6872,3.2019,1.4588,0.5321,0.5773,0.0345,0.5657,openmesh 2024-06-27 00
openmesh,pycomlink,asos,0.0,,,,,,,,,,,,openmesh 2024-06-27 00
openmesh,nearby,radar,113.0,2.2169,0.6904,-1.5265,-0.6886,1.6568,3.0431,1.3727,0.6445,0.625,0.0741,0.5952,openmesh 2024-06-27 00
openmesh,nearby,pws,113.0,2.541,0.6904,-1.8506,-0.7283,1.9793,3.6744,1.4461,0.6088,0.5495,0.0741,0.5263,openmesh 2024-06-27 00
openmesh,nearby,asos,0.0,,,,,,,,,,,,openmesh 2024-06-27 00
openmesh,rnn,radar,126.0,2.1822,2.6884,0.5061,0.2319,1.6474,2.5274,1.1582,0.6593,0.9888,0.2846,0.7097,openmesh 2024-06-27 00
openmesh,rnn,pws,126.0,2.4629,2.6884,0.2254,0.0915,1.7583,2.8877,1.1725,0.6357,0.9703,0.2033,0.7778,openmesh 2024-06-27 00
openmesh,rnn,asos,0.0,,,,,,,,,,,,openmesh 2024-06-27 00
